Entry Time,Exit Time,Direction,Entry Price,Exit Price,PnL,Exit Reason,SL Price,Units,Cumulative PnL,Duration,MAE,MFE
2023-06-14 05:40:00,2023-06-14 07:25:00,Short,1947.71,1948.7224999999999,-1.012499999999818,SL Hit,1948.7224999999999,1,-1.012499999999818,105.0,1.5199999999999818,-2.910000000000082
2023-06-14 07:45:00,2023-06-14 10:35:00,Long,1950.1599999999999,1948.56,-4.799999999999727,SL Hit,1948.56,3,-5.812499999999545,170.0,-2.1399999999998727,2.6000000000001364
2023-06-14 10:40:00,2023-06-14 12:30:00,Short,1948.93,1949.005,-0.07500000000004547,SL Hit,1949.005,1,-5.887499999999591,110.0,2.6499999999998636,-3.630000000000109
2023-06-14 16:30:00,2023-06-14 23:30:00,Short,1947.72,1945.12,7.800000000000409,SL Hit,1945.12,3,1.9125000000008185,420.0,8.519999999999982,-8.059999999999945
2023-06-14 23:35:00,2023-06-14 23:40:00,Long,1944.28,1944.28,0.0,SL Hit,1944.28,1,1.9125000000008185,5.0,-0.37999999999988177,0.6200000000001182
2023-06-15 00:25:00,2023-06-15 05:25:00,Short,1937.8525,1935.36,9.970000000000255,SL Hit,1935.36,4,11.882500000001073,300.0,4.847500000000082,-7.092499999999973
2023-06-15 05:35:00,2023-06-15 07:00:00,Long,1935.93,1930.76,-10.340000000000146,SL Hit,1930.76,2,1.5425000000009277,85.0,-6.150000000000091,3.5499999999999545
2023-06-15 09:30:00,2023-06-15 11:05:00,Long,1934.52,1932.5700000000002,-1.949999999999818,SL Hit,1932.5700000000002,1,-0.4074999999988904,95.0,-2.0299999999999727,1.8900000000001
2023-06-15 12:20:00,2023-06-15 12:30:00,Short,1930.69,1931.1774999999996,-0.4874999999994998,SL Hit,1931.1774999999996,1,-0.8949999999983902,10.0,0.7599999999999909,-4.480000000000018
2023-06-15 16:35:00,2023-06-15 17:15:00,Long,1958.73,1958.4300000000003,-0.29999999999972715,SL Hit,1958.4300000000003,1,-1.1949999999981173,40.0,-0.32999999999992724,1.3299999999999272
2023-06-15 18:00:00,2023-06-15 18:05:00,Long,1958.75,1958.75,0.0,SL Hit,1958.75,1,-1.1949999999981173,5.0,-1.150000000000091,0.6099999999999
2023-06-16 00:15:00,2023-06-16 00:30:00,Long,1959.2,1955.9374999999995,-3.2625000000005002,SL Hit,1955.9374999999995,1,-4.457499999998618,15.0,-3.2999999999999545,0.0
2023-06-16 00:35:00,2023-06-16 01:40:00,Short,1956.5700000000002,1959.27,-5.399999999999636,SL Hit,1959.27,2,-9.857499999998254,65.0,4.2599999999997635,-0.7700000000002092
2023-06-16 02:50:00,2023-06-16 03:20:00,Short,1956.24,1956.5399999999997,-0.29999999999972715,SL Hit,1956.5399999999997,1,-10.157499999997981,30.0,0.9100000000000819,-1.6400000000001
2023-06-16 05:05:00,2023-06-16 05:20:00,Short,1955.18,1955.3674999999998,-0.18749999999977263,SL Hit,1955.3674999999998,1,-10.344999999997754,15.0,0.4600000000000364,-1.1800000000000637
2023-06-16 09:00:00,2023-06-16 13:00:00,Long,1963.52,1962.3575,-1.162499999999909,SL Hit,1962.3575,1,-11.507499999997663,240.0,-1.4400000000000546,4.279999999999973
2023-06-18 21:00:00,2023-06-18 22:05:00,Long,1957.45,1957.45,0.0,SL Hit,1957.45,1,-11.507499999997663,65.0,-0.11000000000012733,3.9500000000000455
2023-06-18 22:10:00,2023-06-18 23:35:00,Long,1960.7,1956.81,-7.7800000000002,SL Hit,1956.81,2,-19.287499999997863,85.0,-4.7999999999999545,0.5
2023-06-18 23:45:00,2023-06-18 23:50:00,Short,1956.95,1956.95,0.0,SL Hit,1956.95,1,-19.287499999997863,5.0,0.049999999999954525,-1.0499999999999545
2023-06-19 00:00:00,2023-06-19 08:15:00,Short,1956.3466666666666,1957.29,-2.8300000000001546,SL Hit,1957.29,3,-22.117499999998017,495.0,2.1333333333334394,-3.566666666666606
2023-06-19 08:20:00,2023-06-19 09:40:00,Long,1957.4650000000001,1952.78,-9.370000000000346,SL Hit,1952.78,2,-31.487499999998363,80.0,-4.795000000000073,1.0249999999998636
2023-06-19 09:45:00,2023-06-19 12:20:00,Short,1951.42,1950.94,0.9600000000000364,SL Hit,1950.94,2,-30.527499999998327,155.0,1.4600000000000364,-3.6200000000001182
2023-06-19 12:35:00,2023-06-19 15:55:00,Long,1951.3400000000001,1950.78,-1.6800000000005184,SL Hit,1950.78,3,-32.207499999998845,200.0,-1.3400000000001455,2.0199999999997544
2023-06-19 16:00:00,2023-06-19 22:05:00,Short,1950.25,1951.85,-3.199999999999818,SL Hit,1951.85,2,-35.40749999999866,365.0,1.8900000000001,-1.5499999999999545
2023-06-20 00:35:00,2023-06-20 00:40:00,Short,1950.53,1951.1675000000002,-0.6375000000002728,SL Hit,1951.1675000000002,1,-36.044999999998936,5.0,0.7000000000000455,-0.06999999999993634
2023-06-20 00:45:00,2023-06-20 04:25:00,Short,1950.02,1950.78,-3.0399999999999636,SL Hit,1950.78,4,-39.0849999999989,220.0,1.6100000000001273,-4.889999999999873
2023-06-20 04:35:00,2023-06-20 04:40:00,Long,1950.66,1950.5475000000001,-0.11249999999995453,SL Hit,1950.5475000000001,1,-39.197499999998854,5.0,-0.9600000000000364,0.38999999999987267
2023-06-20 06:30:00,2023-06-20 09:20:00,Long,1951.915,1952.1,0.36999999999989086,SL Hit,1952.1,2,-38.82749999999896,170.0,-1.1649999999999636,4.475000000000136
2023-06-20 09:25:00,2023-06-20 12:10:00,Short,1951.9099999999999,1953.47,-3.1200000000003456,SL Hit,1953.47,2,-41.94749999999931,165.0,1.9400000000000546,-1.8099999999999454
2023-06-20 16:45:00,2023-06-20 19:30:00,Long,1936.88,1935.8,-2.1600000000003092,SL Hit,1935.8,2,-44.10749999999962,165.0,-1.3800000000001091,1.2899999999999636
2023-06-20 19:35:00,2023-06-20 19:40:00,Short,1936.17,1937.6699999999996,-1.4999999999995453,SL Hit,1937.6699999999996,1,-45.60749999999916,5.0,1.509999999999991,-0.0
2023-06-20 20:15:00,2023-06-20 20:20:00,Short,1936.34,1936.34,0.0,SL Hit,1936.34,1,-45.60749999999916,5.0,0.09000000000014552,-0.9399999999998272
2023-06-20 20:45:00,2023-06-20 20:55:00,Short,1935.9,1935.9,0.0,SL Hit,1935.9,1,-45.60749999999916,10.0,0.09999999999990905,-0.5600000000001728
2023-06-21 02:05:00,2023-06-21 02:30:00,Short,1936.8600000000001,1938.29,-2.8599999999996726,SL Hit,1938.29,2,-48.467499999998836,25.0,2.2199999999998,-0.8800000000001091
2023-06-21 02:40:00,2023-06-21 04:10:00,Long,1937.955,1935.46,-4.989999999999782,SL Hit,1935.46,2,-53.45749999999862,90.0,-2.9549999999999272,0.3250000000000455
2023-06-21 04:15:00,2023-06-21 07:35:00,Short,1934.9,1936.68,-3.5599999999999454,SL Hit,1936.68,2,-57.01749999999856,200.0,2.4299999999998363,-3.6400000000001
2023-06-21 17:05:00,2023-06-21 19:50:00,Long,1934.6533333333334,1933.3,-4.0600000000004,SL Hit,1933.3,3,-61.07749999999896,165.0,-1.4833333333333485,2.7566666666666606
2023-06-21 19:55:00,2023-06-21 23:50:00,Short,1932.885,1934.27,-2.769999999999982,SL Hit,1934.27,2,-63.847499999998945,235.0,1.8550000000000182,-1.0550000000000637
2023-06-21 23:55:00,2023-06-22 00:25:00,Long,1934.025,1932.2,-3.650000000000091,SL Hit,1932.2,2,-67.49749999999904,30.0,-1.925000000000182,0.21499999999991815
2023-06-22 00:30:00,2023-06-22 08:10:00,Short,1931.85,1931.33,2.599999999999909,SL Hit,1931.33,5,-64.89749999999913,460.0,2.300000000000182,-4.709999999999809
2023-06-22 11:20:00,2023-06-22 12:05:00,Long,1929.3,1924.5375,-4.7625000000000455,SL Hit,1924.5375,1,-69.65999999999917,45.0,-5.0,0.12000000000011823
2023-06-22 12:10:00,2023-06-22 12:30:00,Short,1925.39,1927.0774999999994,-1.6874999999993179,SL Hit,1927.0774999999994,1,-71.34749999999849,20.0,4.819999999999936,-1.6300000000001091
2023-06-22 12:35:00,2023-06-22 12:45:00,Long,1928.81,1924.7975000000001,-4.012499999999818,SL Hit,1924.7975000000001,1,-75.35999999999831,10.0,-4.099999999999909,1.7300000000000182
2023-06-22 12:50:00,2023-06-23 00:50:00,Short,1917.5616666666665,1915.78,10.689999999999145,SL Hit,1915.78,6,-64.66999999999916,720.0,9.598333333333585,-5.161666666666406
2023-06-23 01:00:00,2023-06-23 01:30:00,Long,1915.35,1914.1125000000002,-1.2374999999997272,SL Hit,1914.1125000000002,1,-65.90749999999889,30.0,-1.7999999999999545,0.290000000000191
2023-06-23 01:45:00,2023-06-23 04:30:00,Short,1913.1,1913.2500000000007,-0.15000000000077307,SL Hit,1913.2500000000007,1,-66.05749999999966,165.0,1.6300000000001091,-2.8999999999998636
2023-06-23 07:35:00,2023-06-23 19:50:00,Long,1918.7816666666665,1918.6,-1.0899999999996908,SL Hit,1918.6,6,-67.14749999999935,735.0,-2.681666666666615,17.788333333333412
2023-06-23 21:00:00,2023-06-25 19:00:00,Long,1920.79,1920.79,0.0,SL Hit,1920.79,1,-67.14749999999935,2760.0,-0.2799999999999727,6.509999999999991
2023-06-25 20:00:00,2023-06-26 04:15:00,Long,1924.7299999999998,1924.3,-1.2899999999995089,SL Hit,1924.3,3,-68.43749999999886,495.0,-4.2199999999998,3.6000000000001364
2023-06-26 04:20:00,2023-06-26 05:45:00,Short,1924.3,1926.8875000000003,-2.5875000000003183,Bullish Trade Reversal,1926.8875000000003,1,-71.02499999999918,85.0,2.5,-0.7000000000000455
2023-06-26 05:45:00,2023-06-26 06:15:00,Long,1926.7,1925.2374999999997,-1.4625000000003183,SL Hit,1925.2374999999997,1,-72.4874999999995,30.0,-1.7100000000000364,0.7599999999999909
2023-06-26 10:45:00,2023-06-26 11:20:00,Long,1932.68,1931.1799999999998,-1.5000000000002274,SL Hit,1931.1799999999998,1,-73.98749999999973,35.0,-1.8800000000001091,0.34999999999990905
2023-06-26 18:40:00,2023-06-27 01:15:00,Short,1922.495,1924.6,-4.210000000000036,SL Hit,1924.6,2,-78.19749999999976,395.0,2.115000000000009,-2.0949999999998
2023-06-27 01:20:00,2023-06-27 05:35:00,Long,1926.905,1927.6,1.3899999999998727,SL Hit,1927.6,2,-76.80749999999989,255.0,-2.535000000000082,3.134999999999991
2023-06-27 07:10:00,2023-06-27 07:35:00,Long,1928.4,1927.5375,-0.8625000000001819,SL Hit,1927.5375,1,-77.67000000000007,25.0,-2.0,0.8599999999999
2023-06-27 09:35:00,2023-06-27 12:05:00,Short,1922.255,1924.38,-4.25,SL Hit,1924.38,2,-81.92000000000007,150.0,2.744999999999891,-2.3850000000002183
2023-06-27 17:45:00,2023-06-27 18:40:00,Short,1912.45,1913.6499999999999,-1.199999999999818,SL Hit,1913.6499999999999,1,-83.11999999999989,55.0,1.6099999999999,-1.8500000000001364
2023-06-28 05:45:00,2023-06-28 06:35:00,Long,1915.73,1911.4924999999996,-4.237500000000409,SL Hit,1911.4924999999996,1,-87.3575000000003,50.0,-4.430000000000064,0.44000000000005457
2023-06-28 07:35:00,2023-06-28 09:35:00,Short,1909.58,1911.8300000000004,-2.2500000000004547,SL Hit,1911.8300000000004,1,-89.60750000000075,120.0,2.2899999999999636,-1.7799999999999727
2023-06-28 10:10:00,2023-06-28 15:20:00,Short,1908.14,1910.7,-7.679999999999836,SL Hit,1910.7,3,-97.28750000000059,310.0,3.5299999999999727,-4.680000000000064
2023-06-28 17:15:00,2023-06-28 19:00:00,Long,1912.63,1911.3924999999995,-1.2375000000006366,SL Hit,1911.3924999999995,1,-98.52500000000123,105.0,-1.4300000000000637,0.6199999999998909
2023-06-28 20:05:00,2023-06-28 23:20:00,Short,1909.775,1910.27,-0.9899999999997817,SL Hit,1910.27,2,-99.51500000000101,195.0,0.625,-3.105000000000018
2023-06-28 23:30:00,2023-06-28 23:40:00,Long,1909.2,1909.2,0.0,SL Hit,1909.2,1,-99.51500000000101,10.0,-0.10000000000013642,0.7899999999999636
2023-06-29 01:10:00,2023-06-29 01:55:00,Long,1910.54,1910.2400000000002,-0.29999999999972715,SL Hit,1910.2400000000002,1,-99.81500000000074,45.0,-1.0599999999999454,2.1200000000001182
2023-06-29 02:35:00,2023-06-29 07:35:00,Short,1905.755,1905.8,-0.08999999999969077,SL Hit,1905.8,2,-99.90500000000043,300.0,1.334999999999809,-3.4550000000001546
2023-06-29 07:40:00,2023-06-29 12:30:00,Long,1906.2366666666667,1908.9,7.9900000000002365,SL Hit,1908.9,3,-91.91500000000019,290.0,-5.486666666666679,5.8333333333332575
2023-06-29 14:55:00,2023-06-29 18:00:00,Long,1910.255,1907.7,-5.110000000000127,SL Hit,1907.7,2,-97.02500000000032,185.0,-2.7950000000000728,2.2749999999998636
2023-06-29 18:05:00,2023-06-30 00:00:00,Short,1907.7766666666666,1908.77,-2.980000000000018,SL Hit,1908.77,3,-100.00500000000034,355.0,1.3633333333334576,-2.076666666666597
2023-06-30 00:05:00,2023-06-30 01:30:00,Long,1908.415,1907.3,-2.230000000000018,SL Hit,1907.3,2,-102.23500000000035,85.0,-1.7149999999999181,1.2049999999999272
2023-06-30 01:35:00,2023-06-30 05:30:00,Short,1907.53,1909.23,-6.800000000000182,SL Hit,1909.23,4,-109.03500000000054,235.0,2.0399999999999636,-1.2300000000000182
2023-06-30 12:25:00,2023-06-30 19:05:00,Long,1914.165,1917.4,12.94000000000051,SL Hit,1917.4,4,-96.09500000000003,400.0,-8.654999999999973,8.444999999999936
2023-06-30 19:10:00,2023-06-30 19:15:00,Short,1918.17,1918.8074999999994,-0.6374999999993634,SL Hit,1918.8074999999994,1,-96.73249999999939,5.0,1.0,-0.7699999999999818
2023-07-02 20:00:00,2023-07-02 23:15:00,Long,1919.375,1917.5,-3.75,SL Hit,1917.5,2,-100.48249999999939,195.0,-1.875,0.27500000000009095
2023-07-03 00:00:00,2023-07-03 01:35:00,Short,1917.23,1918.77,-3.0799999999999272,SL Hit,1918.77,2,-103.56249999999932,95.0,1.5499999999999545,-1.6300000000001091
2023-07-03 01:40:00,2023-07-03 02:40:00,Long,1917.47,1915.6,-3.7400000000002365,SL Hit,1915.6,2,-107.30249999999955,60.0,-2.4700000000000273,1.2000000000000455
2023-07-03 04:00:00,2023-07-03 05:55:00,Long,1918.18,1917.0925000000002,-1.0874999999998636,SL Hit,1917.0925000000002,1,-108.38999999999942,115.0,-1.5800000000001546,2.2899999999999636
2023-07-03 06:30:00,2023-07-03 11:00:00,Short,1913.815,1914.09,-0.5499999999997272,SL Hit,1914.09,2,-108.93999999999915,270.0,2.144999999999982,-3.7050000000001546
2023-07-03 11:05:00,2023-07-03 16:10:00,Long,1917.2475,1925.7,33.8100000000004,SL Hit,1925.7,4,-75.12999999999874,305.0,-5.5474999999999,13.252500000000055
2023-07-03 20:10:00,2023-07-04 00:10:00,Short,1921.145,1921.54,-0.7899999999999636,SL Hit,1921.54,2,-75.91999999999871,240.0,0.4149999999999636,-1.2449999999998909
2023-07-04 00:15:00,2023-07-04 01:05:00,Long,1921.08,1919.9,-2.3599999999996726,SL Hit,1919.9,2,-78.27999999999838,50.0,-1.5799999999999272,0.8800000000001091
2023-07-04 01:10:00,2023-07-04 01:20:00,Short,1920.29,1922.8025000000002,-2.512500000000273,SL Hit,1922.8025000000002,1,-80.79249999999865,10.0,2.630000000000109,-0.12999999999988177
2023-07-04 01:40:00,2023-07-04 16:05:00,Long,1925.32625,1926.3,7.789999999999054,SL Hit,1926.3,8,-73.0024999999996,865.0,-4.766250000000127,5.2037499999999
2023-07-05 01:10:00,2023-07-05 11:35:00,Short,1925.4,1926.91,-3.019999999999982,SL Hit,1926.91,2,-76.02249999999958,625.0,2.019999999999982,-4.3400000000001455
2023-07-05 12:05:00,2023-07-05 13:45:00,Long,1930.4450000000002,1925.17,-10.550000000000182,SL Hit,1925.17,2,-86.57249999999976,100.0,-6.425000000000182,4.3849999999997635
2023-07-05 17:35:00,2023-07-05 18:00:00,Short,1920.12,1920.12,0.0,SL Hit,1920.12,1,-86.57249999999976,25.0,1.0800000000001546,-1.0699999999999363
2023-07-05 20:55:00,2023-07-05 22:00:00,Short,1914.8,1915.4375000000002,-0.6375000000002728,SL Hit,1915.4375000000002,1,-87.21000000000004,65.0,1.2999999999999545,-0.5
2023-07-06 01:20:00,2023-07-06 12:15:00,Long,1920.02,1919.1,-3.680000000000291,SL Hit,1919.1,4,-90.89000000000033,655.0,-4.4500000000000455,7.2999999999999545
2023-07-06 14:40:00,2023-07-06 14:55:00,Short,1905.0,1908.1874999999995,-3.1874999999995453,SL Hit,1908.1874999999995,1,-94.07749999999987,15.0,3.769999999999982,-0.6199999999998909
2023-07-06 17:35:00,2023-07-06 23:00:00,Short,1910.0,1911.05,-3.1499999999998636,SL Hit,1911.05,3,-97.22749999999974,325.0,1.7000000000000455,-1.400000000000091
2023-07-07 04:15:00,2023-07-07 04:25:00,Short,1910.6,1911.1625000000004,-0.5625000000004547,SL Hit,1911.1625000000004,1,-97.79000000000019,10.0,0.7000000000000455,-1.199999999999818
2023-07-07 04:50:00,2023-07-07 12:15:00,Long,1913.986,1915.2,6.069999999999709,SL Hit,1915.2,5,-91.72000000000048,445.0,-2.186000000000149,4.383999999999787
2023-07-07 12:25:00,2023-07-07 12:30:00,Short,1915.65,1915.65,0.0,SL Hit,1915.65,1,-91.72000000000048,5.0,12.059999999999945,-0.540000000000191
2023-07-07 18:35:00,2023-07-10 09:25:00,Short,1924.9275,1925.62,-2.769999999999527,SL Hit,1925.62,4,-94.49000000000001,3770.0,3.0625,-6.127500000000055
2023-07-10 09:30:00,2023-07-10 12:15:00,Long,1924.4250000000002,1922.7,-3.450000000000273,SL Hit,1922.7,2,-97.94000000000028,165.0,-2.7950000000000728,1.184999999999718
2023-07-10 20:50:00,2023-07-11 00:15:00,Short,1925.29,1925.5149999999999,-0.22499999999990905,SL Hit,1925.5149999999999,1,-98.16500000000019,205.0,0.8800000000001091,-1.5899999999999181
2023-07-11 00:35:00,2023-07-11 02:10:00,Long,1924.9,1924.9,0.0,SL Hit,1924.9,1,-98.16500000000019,95.0,-0.07000000000016371,2.709999999999809
2023-07-11 04:40:00,2023-07-11 04:50:00,Long,1928.34,1928.34,0.0,SL Hit,1928.34,1,-98.16500000000019,10.0,-0.03999999999996362,0.8500000000001364
2023-07-11 04:55:00,2023-07-11 05:25:00,Long,1928.63,1928.3674999999994,-0.2625000000007276,SL Hit,1928.3674999999994,1,-98.42750000000092,30.0,-0.4900000000000091,1.2899999999999636
2023-07-11 16:10:00,2023-07-11 22:15:00,Short,1930.7849999999999,1932.43,-6.580000000000837,SL Hit,1932.43,4,-105.00750000000176,365.0,2.005000000000109,-1.334999999999809
2023-07-11 22:20:00,2023-07-11 22:40:00,Long,1932.24,1932.24,0.0,SL Hit,1932.24,1,-105.00750000000176,20.0,-0.2400000000000091,1.4300000000000637
2023-07-12 06:25:00,2023-07-12 08:40:00,Short,1935.9099999999999,1935.99,-0.16000000000030923,SL Hit,1935.99,2,-105.16750000000206,135.0,2.040000000000191,-2.709999999999809
2023-07-12 08:45:00,2023-07-12 09:05:00,Long,1935.28,1934.1175000000003,-1.1624999999996817,SL Hit,1934.1175000000003,1,-106.33000000000175,20.0,-1.2799999999999727,1.0499999999999545
2023-07-12 10:20:00,2023-07-12 11:35:00,Short,1934.21,1935.26,-1.0499999999999545,SL Hit,1935.26,1,-107.3800000000017,75.0,2.019999999999982,-1.1100000000001273
2023-07-12 13:30:00,2023-07-12 22:00:00,Long,1955.545,1956.9,5.420000000000073,SL Hit,1956.9,4,-101.96000000000163,510.0,-5.065000000000055,4.0349999999998545
2023-07-12 22:05:00,2023-07-12 22:25:00,Short,1957.75,1957.8999999999999,-0.14999999999986358,SL Hit,1957.8999999999999,1,-102.11000000000149,20.0,0.2300000000000182,-1.25
2023-07-13 00:20:00,2023-07-13 00:35:00,Long,1958.27,1956.7,-3.1399999999998727,SL Hit,1956.7,2,-105.25000000000136,15.0,-1.7699999999999818,0.32999999999992724
2023-07-13 00:40:00,2023-07-13 01:10:00,Short,1957.605,1958.79,-2.369999999999891,SL Hit,1958.79,2,-107.62000000000126,30.0,1.3450000000000273,-1.4049999999999727
2023-07-13 01:15:00,2023-07-13 04:55:00,Long,1958.9333333333334,1958.97,0.10999999999989996,SL Hit,1958.97,3,-107.51000000000136,220.0,-2.583333333333485,3.1466666666665333
2023-07-13 06:00:00,2023-07-13 06:05:00,Short,1955.72,1958.42,-2.7000000000000455,SL Hit,1958.42,1,-110.2100000000014,5.0,2.980000000000018,-0.029999999999972715
2023-07-13 06:30:00,2023-07-13 09:10:00,Long,1961.5433333333333,1959.54,-6.009999999999991,SL Hit,1959.54,3,-116.22000000000139,160.0,-2.443333333333385,1.6666666666667425
2023-07-13 09:15:00,2023-07-13 12:20:00,Short,1959.625,1960.61,-1.9699999999998,SL Hit,1960.61,2,-118.19000000000119,185.0,2.2650000000001,-2.3250000000000455
2023-07-13 12:25:00,2023-07-13 12:30:00,Long,1959.43,1956.0174999999997,-3.412500000000364,SL Hit,1956.0174999999997,1,-121.60250000000156,5.0,-4.320000000000164,3.25
2023-07-13 12:35:00,2023-07-13 15:50:00,Long,1958.6899999999998,1956.95,-5.219999999999345,SL Hit,1956.95,3,-126.8225000000009,195.0,-5.769999999999754,3.0000000000002274
2023-07-13 22:15:00,2023-07-13 22:20:00,Long,1960.58,1960.5425,-0.03749999999990905,SL Hit,1960.5425,1,-126.86000000000081,5.0,-0.7799999999999727,0.14000000000010004
2023-07-13 22:25:00,2023-07-13 22:45:00,Long,1960.36,1959.5350000000008,-0.824999999999136,SL Hit,1959.5350000000008,1,-127.68499999999995,20.0,-0.959999999999809,0.0
2023-07-13 22:55:00,2023-07-13 23:00:00,Short,1959.85,1960.6375,-0.7875000000001364,SL Hit,1960.6375,1,-128.47250000000008,5.0,1.490000000000009,-0.6499999999998636
2023-07-14 00:05:00,2023-07-14 00:10:00,Short,1959.69,1959.69,0.0,SL Hit,1959.69,1,-128.47250000000008,5.0,0.34999999999990905,-0.8900000000001
2023-07-14 04:10:00,2023-07-14 11:05:00,Short,1958.79,1957.11,6.720000000000255,SL Hit,1957.11,4,-121.75249999999983,415.0,2.9400000000000546,-4.509999999999991
2023-07-14 11:10:00,2023-07-14 13:00:00,Long,1956.64,1956.64,0.0,SL Hit,1956.64,1,-121.75249999999983,110.0,-1.3700000000001182,5.939999999999827
2023-07-14 13:10:00,2023-07-14 15:00:00,Short,1955.9899999999998,1960.44,-13.350000000000819,SL Hit,1960.44,3,-135.10250000000065,110.0,5.830000000000155,-4.889999999999873
2023-07-14 15:05:00,2023-07-14 15:15:00,Long,1958.46,1958.0099999999995,-0.4500000000005002,SL Hit,1958.0099999999995,1,-135.55250000000115,10.0,-0.6600000000000819,1.509999999999991
2023-07-14 19:05:00,2023-07-17 05:00:00,Short,1955.8975,1953.69,8.829999999999927,SL Hit,1953.69,4,-126.72250000000122,3475.0,2.932499999999891,-4.897500000000036
2023-07-17 05:10:00,2023-07-17 06:35:00,Long,1953.71,1953.1849999999997,-0.5250000000003183,SL Hit,1953.1849999999997,1,-127.24750000000154,85.0,-0.5900000000001455,3.0499999999999545
2023-07-17 07:20:00,2023-07-17 07:25:00,Short,1951.73,1952.1424999999997,-0.4124999999996817,SL Hit,1952.1424999999997,1,-127.66000000000122,5.0,0.4700000000000273,-0.9400000000000546
2023-07-17 08:40:00,2023-07-17 12:20:00,Long,1957.5,1956.1,-4.200000000000273,SL Hit,1956.1,3,-131.8600000000015,220.0,-3.9600000000000364,2.160000000000082
2023-07-17 20:15:00,2023-07-17 20:20:00,Short,1954.74,1954.74,0.0,SL Hit,1954.74,1,-131.8600000000015,5.0,0.08999999999991815,-0.2300000000000182
2023-07-17 20:30:00,2023-07-17 23:05:00,Short,1954.8,1955.3625000000002,-0.5625000000002274,SL Hit,1955.3625000000002,1,-132.42250000000172,155.0,0.7200000000000273,-1.2000000000000455
2023-07-18 00:45:00,2023-07-18 06:00:00,Long,1957.9366666666665,1958.7,2.2900000000006457,SL Hit,1958.7,3,-130.13250000000107,315.0,-3.036666666666406,3.683333333333394
2023-07-18 06:05:00,2023-07-18 06:55:00,Short,1959.0,1961.62,-5.239999999999782,SL Hit,1961.62,2,-135.37250000000085,50.0,2.9200000000000728,-1.150000000000091
2023-07-18 07:05:00,2023-07-18 12:40:00,Long,1962.6825000000001,1961.23,-5.8100000000004,SL Hit,1961.23,4,-141.18250000000126,335.0,-2.1825000000001182,8.437499999999773
2023-07-18 12:45:00,2023-07-18 13:20:00,Short,1961.2,1972.4125000000001,-11.212500000000091,Bullish Trade Reversal,1972.4125000000001,1,-152.39500000000135,35.0,10.740000000000009,-0.0
2023-07-18 13:20:00,2023-07-19 02:00:00,Long,1974.5079999999998,1976.2,8.460000000001173,SL Hit,1976.2,5,-143.93500000000017,760.0,-11.407999999999902,9.592000000000098
2023-07-19 04:25:00,2023-07-19 05:10:00,Short,1974.73,1975.1049999999996,-0.37499999999954525,SL Hit,1975.1049999999996,1,-144.30999999999972,45.0,0.44000000000005457,-1.0299999999999727
2023-07-19 05:50:00,2023-07-19 06:35:00,Long,1977.04,1974.19,-2.849999999999909,SL Hit,1974.19,1,-147.15999999999963,45.0,-3.089999999999918,2.6200000000001182
2023-07-19 06:50:00,2023-07-19 07:10:00,Short,1974.65,1979.1499999999994,-4.499999999999318,SL Hit,1979.1499999999994,1,-151.65999999999894,20.0,4.8599999999999,-0.10000000000013642
2023-07-19 07:20:00,2023-07-19 07:30:00,Long,1979.86,1979.0725000000007,-0.7874999999992269,SL Hit,1979.0725000000007,1,-152.44749999999817,10.0,-1.2299999999997908,0.9300000000000637
2023-07-19 12:50:00,2023-07-19 14:10:00,Long,1977.77,1975.4450000000004,-2.3249999999995907,SL Hit,1975.4450000000004,1,-154.77249999999776,80.0,-4.0,1.9100000000000819
2023-07-19 22:10:00,2023-07-20 07:40:00,Long,1979.1233333333332,1979.14,0.050000000000636646,SL Hit,1979.14,3,-154.72249999999713,570.0,-2.8233333333332666,8.196666666666715
2023-07-20 11:00:00,2023-07-20 19:40:00,Short,1974.3274999999999,1971.18,12.589999999999236,SL Hit,1971.18,4,-142.1324999999979,520.0,7.892500000000155,-8.897499999999809
2023-07-21 00:55:00,2023-07-21 02:05:00,Long,1972.7350000000001,1971.48,-2.5100000000002183,SL Hit,1971.48,2,-144.6424999999981,70.0,-1.4950000000001182,0.9449999999999363
2023-07-21 02:10:00,2023-07-21 06:10:00,Short,1971.1666666666667,1970.87,0.8900000000005548,SL Hit,1970.87,3,-143.75249999999755,240.0,1.2033333333331484,-3.116666666666788
2023-07-21 06:25:00,2023-07-21 07:35:00,Long,1971.385,1968.05,-6.670000000000073,SL Hit,1968.05,2,-150.42249999999763,70.0,-4.295000000000073,0.6749999999999545
2023-07-21 11:40:00,2023-07-21 12:40:00,Long,1964.38,1963.4049999999993,-0.9750000000008185,SL Hit,1963.4049999999993,1,-151.39749999999844,60.0,-1.9800000000000182,3.5699999999999363
2023-07-21 13:00:00,2023-07-21 14:35:00,Short,1961.6266666666668,1963.89,-6.789999999999964,SL Hit,1963.89,3,-158.1874999999984,95.0,3.293333333333294,-3.52666666666687
2023-07-21 15:45:00,2023-07-21 16:45:00,Short,1962.005,1962.78,-1.5499999999997272,SL Hit,1962.78,2,-159.73749999999814,60.0,0.9049999999999727,-1.7250000000001364
2023-07-21 16:50:00,2023-07-21 17:00:00,Short,1963.03,1963.9675,-0.9375,SL Hit,1963.9675,1,-160.67499999999814,10.0,1.0299999999999727,-0.32999999999992724
2023-07-21 18:00:00,2023-07-24 06:55:00,Short,1961.8399999999997,1961.74,0.4999999999984084,SL Hit,1961.74,5,-160.17499999999973,3655.0,2.3100000000004,-3.8399999999996908
2023-07-24 07:00:00,2023-07-24 08:20:00,Long,1961.94,1961.7525000000003,-0.18749999999977263,SL Hit,1961.7525000000003,1,-160.3624999999995,80.0,-0.22000000000002728,3.3299999999999272
2023-07-24 09:40:00,2023-07-24 13:20:00,Long,1965.365,1964.1,-5.0600000000004,SL Hit,1964.1,4,-165.4224999999999,220.0,-2.894999999999982,2.3150000000000546
2023-07-25 00:50:00,2023-07-25 07:20:00,Long,1958.3775000000003,1960.4,8.089999999999236,SL Hit,1960.4,4,-157.33250000000066,390.0,-4.087500000000318,5.232499999999618
2023-07-25 07:25:00,2023-07-25 14:55:00,Short,1959.7124999999999,1960.89,-4.710000000000946,SL Hit,1960.89,4,-162.0425000000016,450.0,3.847500000000082,-7.752499999999827
2023-07-25 16:20:00,2023-07-25 17:05:00,Long,1964.65,1961.6874999999993,-2.962500000000773,SL Hit,1961.6874999999993,1,-165.00500000000238,45.0,-3.0700000000001637,0.3999999999998636
2023-07-25 18:55:00,2023-07-26 01:20:00,Long,1964.3899999999999,1963.9,-1.9599999999991269,SL Hit,1963.9,4,-166.9650000000015,385.0,-1.5899999999999181,1.7400000000002365
2023-07-26 05:20:00,2023-07-26 05:35:00,Short,1962.52,1963.7199999999998,-1.199999999999818,SL Hit,1963.7199999999998,1,-168.16500000000133,15.0,1.5499999999999545,-0.5199999999999818
2023-07-26 05:55:00,2023-07-26 10:10:00,Long,1967.9199999999998,1971.07,12.600000000000364,SL Hit,1971.07,4,-155.56500000000096,255.0,-3.8199999999999363,4.4500000000000455
2023-07-26 10:15:00,2023-07-26 10:50:00,Short,1971.18,1971.2175,-0.03749999999990905,SL Hit,1971.2175,1,-155.60250000000087,35.0,0.5199999999999818,-1.509999999999991
2023-07-26 11:25:00,2023-07-26 11:50:00,Long,1971.72,1971.72,0.0,SL Hit,1971.72,1,-155.60250000000087,25.0,-0.36000000000012733,2.0
2023-07-26 12:00:00,2023-07-26 13:00:00,Long,1972.05,1971.2999999999997,-0.7500000000002274,SL Hit,1971.2999999999997,1,-156.3525000000011,60.0,-1.9199999999998454,1.8300000000001546
2023-07-26 13:10:00,2023-07-26 15:00:00,Short,1969.2633333333333,1969.16,0.30999999999971806,SL Hit,1969.16,3,-156.04250000000138,110.0,1.5166666666666515,-5.273333333333312
2023-07-26 18:35:00,2023-07-27 01:10:00,Short,1972.2633333333333,1975.19,-8.7800000000002,SL Hit,1975.19,3,-164.82250000000158,395.0,5.456666666666706,-3.6533333333334213
2023-07-27 06:25:00,2023-07-27 06:35:00,Short,1974.24,1976.1525,-1.912499999999909,SL Hit,1976.1525,1,-166.7350000000015,10.0,2.6700000000000728,-0.20000000000004547
2023-07-27 07:30:00,2023-07-27 08:25:00,Long,1977.88,1977.8049999999994,-0.0750000000007276,SL Hit,1977.8049999999994,1,-166.81000000000222,55.0,-0.5200000000002092,3.939999999999827
2023-07-27 09:55:00,2023-07-27 11:10:00,Short,1975.4066666666668,1976.74,-3.9999999999997726,SL Hit,1976.74,3,-170.810000000002,75.0,1.533333333333303,-1.616666666666788
2023-07-27 11:30:00,2023-07-27 12:25:00,Long,1976.7,1974.8625,-1.837500000000091,SL Hit,1974.8625,1,-172.64750000000208,55.0,-3.5800000000001546,2.3799999999998818
2023-07-27 12:30:00,2023-07-27 17:10:00,Short,1955.63,1947.12,34.04000000000087,SL Hit,1947.12,4,-138.6075000000012,280.0,18.169999999999845,-13.5300000000002
2023-07-27 22:25:00,2023-07-27 23:10:00,Long,1946.9,1945.1,-1.800000000000182,SL Hit,1945.1,1,-140.4075000000014,45.0,-2.2000000000000455,0.5299999999999727
2023-07-28 00:00:00,2023-07-28 06:25:00,Long,1950.055,1950.7,2.5799999999999272,SL Hit,1950.7,4,-137.82750000000146,385.0,-4.055000000000064,6.554999999999836
2023-07-28 07:35:00,2023-07-28 09:50:00,Short,1949.87,1953.06,-6.380000000000109,SL Hit,1953.06,2,-144.20750000000157,135.0,3.490000000000009,-1.8099999999999454
2023-07-28 11:00:00,2023-07-28 13:05:00,Long,1953.07,1952.6950000000002,-0.3749999999997726,SL Hit,1952.6950000000002,1,-144.58250000000135,125.0,-1.0699999999999363,7.009999999999991
2023-07-28 14:20:00,2023-07-28 19:00:00,Long,1959.44,1958.81,-1.2600000000002183,SL Hit,1958.81,2,-145.84250000000156,280.0,-1.7699999999999818,4.019999999999982
2023-07-30 20:00:00,2023-07-30 21:00:00,Long,1959.1,1959.1,0.0,SL Hit,1959.1,1,-145.84250000000156,60.0,0.0,0.0
2023-07-30 23:15:00,2023-07-30 23:20:00,Short,1958.7,1958.7,0.0,SL Hit,1958.7,1,-145.84250000000156,5.0,0.12999999999988177,-1.0
2023-07-31 00:40:00,2023-07-31 00:55:00,Short,1957.16,1958.1725000000001,-1.0125000000000455,SL Hit,1958.1725000000001,1,-146.8550000000016,15.0,1.1799999999998363,-0.9600000000000364
2023-07-31 01:00:00,2023-07-31 06:15:00,Short,1956.2733333333333,1955.29,2.9500000000000455,SL Hit,1955.29,3,-143.90500000000156,315.0,2.116666666666788,-3.373333333333221
2023-07-31 08:40:00,2023-07-31 09:00:00,Short,1953.98,1954.3174999999997,-0.3374999999996362,SL Hit,1954.3174999999997,1,-144.2425000000012,20.0,0.8399999999999181,-1.1900000000000546
2023-07-31 10:05:00,2023-07-31 19:10:00,Long,1965.605,1965.61,0.019999999999527063,SL Hit,1965.61,4,-144.22250000000167,545.0,-9.275000000000091,6.625
2023-07-31 19:15:00,2023-08-01 18:05:00,Short,1957.2516666666668,1943.43,82.93000000000029,SL Hit,1943.43,6,-61.29250000000138,1370.0,9.388333333333321,-15.961666666666815
2023-08-01 18:10:00,2023-08-01 20:50:00,Long,1944.1866666666667,1943.9,-0.8599999999999,SL Hit,1943.9,3,-62.15250000000128,160.0,-1.5866666666668152,1.2433333333333394
2023-08-01 20:55:00,2023-08-01 22:00:00,Short,1944.06,1944.06,0.0,SL Hit,1944.06,1,-62.15250000000128,65.0,7.240000000000009,-0.10999999999989996
2023-08-01 23:10:00,2023-08-01 23:15:00,Long,1950.63,1950.5174999999995,-0.11250000000063665,SL Hit,1950.5174999999995,1,-62.26500000000192,5.0,-0.6300000000001091,0.459999999999809
2023-08-02 00:05:00,2023-08-02 03:05:00,Long,1949.8600000000001,1947.07,-5.580000000000382,SL Hit,1947.07,2,-67.8450000000023,180.0,-2.910000000000082,1.3199999999999363
2023-08-02 04:35:00,2023-08-02 05:15:00,Short,1947.13,1949.1924999999999,-2.0624999999997726,SL Hit,1949.1924999999999,1,-69.90750000000207,40.0,2.439999999999827,-2.230000000000018
2023-08-02 05:55:00,2023-08-02 07:50:00,Long,1949.055,1947.7,-2.7100000000000364,SL Hit,1947.7,2,-72.61750000000211,115.0,-1.9550000000001546,1.2149999999999181
2023-08-02 07:55:00,2023-08-02 08:00:00,Short,1948.86,1949.6100000000001,-0.7500000000002274,SL Hit,1949.6100000000001,1,-73.36750000000234,5.0,1.0300000000002,-1.259999999999991
2023-08-02 12:20:00,2023-08-02 12:25:00,Short,1947.61,1947.61,0.0,SL Hit,1947.61,1,-73.36750000000234,5.0,0.5,-1.6699999999998454
2023-08-02 12:35:00,2023-08-02 12:45:00,Short,1947.66,1947.66,0.0,SL Hit,1947.66,1,-73.36750000000234,10.0,0.459999999999809,-3.660000000000082
2023-08-02 14:05:00,2023-08-02 17:25:00,Short,1938.4733333333334,1938.4,0.2199999999997999,SL Hit,1938.4,3,-73.14750000000254,200.0,5.716666666666697,-5.033333333333303
2023-08-02 17:35:00,2023-08-02 18:05:00,Long,1937.28,1935.6299999999997,-1.6500000000003183,SL Hit,1935.6299999999997,1,-74.79750000000286,30.0,-2.2799999999999727,0.8199999999999363
2023-08-02 18:10:00,2023-08-02 22:50:00,Short,1935.7866666666669,1936.74,-2.859999999999445,SL Hit,1936.74,3,-77.6575000000023,280.0,1.0233333333330847,-2.1866666666669516
2023-08-02 22:55:00,2023-08-03 03:05:00,Long,1937.23,1934.5,-5.460000000000036,SL Hit,1934.5,2,-83.11750000000234,250.0,-3.160000000000082,1.5599999999999454
2023-08-03 06:55:00,2023-08-03 07:30:00,Short,1933.16,1935.2975,-2.137499999999818,SL Hit,1935.2975,1,-85.25500000000216,35.0,3.709999999999809,-2.160000000000082
2023-08-03 07:50:00,2023-08-03 09:50:00,Long,1936.43,1935.02,-4.230000000000246,SL Hit,1935.02,3,-89.4850000000024,120.0,-1.6300000000001091,1.7699999999999818
2023-08-03 09:55:00,2023-08-03 10:20:00,Short,1936.06,1936.9975,-0.9375,SL Hit,1936.9975,1,-90.4225000000024,25.0,1.2799999999999727,-0.9700000000000273
2023-08-03 10:35:00,2023-08-03 12:40:00,Short,1934.0133333333333,1937.04,-9.079999999999927,SL Hit,1937.04,3,-99.50250000000233,125.0,4.10666666666657,-4.263333333333321
2023-08-03 14:35:00,2023-08-03 14:45:00,Long,1936.29,1936.29,0.0,SL Hit,1936.29,1,-99.50250000000233,10.0,-1.7899999999999636,1.3700000000001182
2023-08-03 15:20:00,2023-08-03 18:45:00,Long,1936.0666666666666,1933.3,-8.299999999999955,SL Hit,1933.3,3,-107.80250000000228,205.0,-4.066666666666606,2.1133333333334576
2023-08-03 22:15:00,2023-08-03 23:00:00,Long,1934.61,1934.4225000000001,-0.18749999999977263,SL Hit,1934.4225000000001,1,-107.99000000000206,45.0,-0.5099999999999909,2.1900000000000546
2023-08-04 01:10:00,2023-08-04 01:15:00,Long,1936.39,1935.8649999999998,-0.5250000000003183,SL Hit,1935.8649999999998,1,-108.51500000000237,5.0,-0.8000000000001819,0.6999999999998181
2023-08-04 01:35:00,2023-08-04 02:10:00,Long,1936.09,1935.5275000000004,-0.5624999999995453,SL Hit,1935.5275000000004,1,-109.07750000000192,35.0,-0.9099999999998545,1.1700000000000728
2023-08-04 04:25:00,2023-08-04 05:35:00,Short,1933.7,1938.0874999999994,-4.387499999999363,Bullish Trade Reversal,1938.0874999999994,1,-113.46500000000128,70.0,3.1399999999998727,-0.4700000000000273
2023-08-04 05:35:00,2023-08-04 06:15:00,Long,1936.51,1931.9724999999999,-4.537500000000136,Bearish Trade Reversal,1931.9724999999999,1,-118.00250000000142,40.0,-3.7000000000000455,0.849999999999909
2023-08-04 06:15:00,2023-08-04 12:30:00,Short,1932.9625,1933.28,-1.269999999999527,SL Hit,1933.28,4,-119.27250000000095,375.0,3.8574999999998454,-2.552500000000009
2023-08-04 18:20:00,2023-08-04 19:00:00,Short,1940.62,1941.5575,-0.9375,SL Hit,1941.5575,1,-120.21000000000095,40.0,1.050000000000182,-1.2199999999998
2023-08-04 20:45:00,2023-08-07 02:25:00,Long,1942.33,1940.3425,-1.9874999999999545,SL Hit,1940.3425,1,-122.1975000000009,3220.0,-2.5299999999999727,2.4500000000000455
2023-08-07 08:15:00,2023-08-07 12:55:00,Short,1934.87,1937.9450000000006,-3.0750000000007276,SL Hit,1937.9450000000006,1,-125.27250000000163,280.0,3.240000000000009,-1.5699999999999363
2023-08-07 14:10:00,2023-08-07 18:30:00,Short,1935.15,1936.94,-3.5799999999999272,SL Hit,1936.94,2,-128.85250000000156,260.0,1.7999999999999545,-3.2200000000000273
2023-08-07 18:35:00,2023-08-07 19:40:00,Long,1936.49,1935.3,-2.380000000000109,SL Hit,1935.3,2,-131.23250000000166,65.0,-1.1900000000000546,1.1199999999998909
2023-08-07 20:30:00,2023-08-07 20:45:00,Short,1935.86,1936.3475000000003,-0.4875000000004093,SL Hit,1936.3475000000003,1,-131.72000000000207,15.0,0.5099999999999909,-0.1799999999998363
2023-08-08 00:20:00,2023-08-08 08:50:00,Short,1933.6625000000001,1934.14,-1.9099999999998545,SL Hit,1934.14,4,-133.63000000000193,510.0,2.3374999999998636,-3.442500000000109
2023-08-08 11:05:00,2023-08-09 01:15:00,Short,1926.5760000000002,1926.53,0.23000000000138243,SL Hit,1926.53,5,-133.40000000000055,850.0,6.593999999999824,-3.7660000000003038
2023-08-09 01:25:00,2023-08-09 06:20:00,Long,1928.3466666666666,1929.2,2.5600000000004,SL Hit,1929.2,3,-130.84000000000015,295.0,-1.9566666666664787,3.8833333333334394
2023-08-09 06:25:00,2023-08-09 14:05:00,Short,1928.1875,1926.26,7.710000000000036,SL Hit,1926.26,4,-123.13000000000011,460.0,2.8524999999999636,-7.587500000000091
2023-08-09 14:10:00,2023-08-09 14:45:00,Long,1923.755,1920.6,-6.3100000000004,SL Hit,1920.6,2,-129.4400000000005,35.0,-3.395000000000209,3.634999999999991
2023-08-09 17:45:00,2023-08-09 17:50:00,Short,1916.46,1916.4975,-0.03749999999990905,SL Hit,1916.4975,1,-129.47750000000042,5.0,0.13999999999987267,-1.3600000000001273
2023-08-09 17:55:00,2023-08-09 23:25:00,Short,1916.1233333333337,1916.77,-1.9399999999989177,SL Hit,1916.77,3,-131.41749999999934,330.0,0.736666666666224,-2.723333333333585
2023-08-09 23:30:00,2023-08-10 04:35:00,Long,1917.7333333333333,1916.95,-2.349999999999909,SL Hit,1916.95,3,-133.76749999999925,305.0,-2.933333333333394,1.2566666666666606
2023-08-10 04:40:00,2023-08-10 05:20:00,Short,1917.42,1917.645,-0.22499999999990905,SL Hit,1917.645,1,-133.99249999999915,40.0,0.3999999999998636,-1.4600000000000364
2023-08-10 06:15:00,2023-08-10 06:25:00,Short,1916.98,1916.98,0.0,SL Hit,1916.98,1,-133.99249999999915,10.0,0.4800000000000182,-0.6600000000000819
2023-08-10 08:35:00,2023-08-10 13:25:00,Long,1923.17,1920.8,-4.7400000000002365,SL Hit,1920.8,2,-138.7324999999994,290.0,-4.3400000000001455,6.349999999999909
2023-08-10 13:40:00,2023-08-11 01:00:00,Short,1918.6599999999999,1914.99,11.009999999999536,SL Hit,1914.99,3,-127.72249999999985,680.0,6.430000000000064,-7.7599999999997635
2023-08-11 01:15:00,2023-08-11 01:25:00,Long,1914.78,1913.8799999999999,-0.900000000000091,SL Hit,1913.8799999999999,1,-128.62249999999995,10.0,-1.0799999999999272,0.6300000000001091
2023-08-11 04:45:00,2023-08-11 04:50:00,Short,1912.77,1913.1825000000003,-0.4125000000003638,SL Hit,1913.1825000000003,1,-129.0350000000003,5.0,0.7999999999999545,-0.36999999999989086
2023-08-11 04:55:00,2023-08-11 05:25:00,Short,1913.18,1913.9675000000002,-0.7875000000001364,SL Hit,1913.9675000000002,1,-129.82250000000045,30.0,0.8299999999999272,-0.8800000000001091
2023-08-11 05:50:00,2023-08-11 07:20:00,Long,1915.57,1915.3075000000001,-0.2624999999998181,SL Hit,1915.3075000000001,1,-130.08500000000026,90.0,-0.2699999999999818,1.9200000000000728
2023-08-11 07:35:00,2023-08-11 10:55:00,Long,1917.4266666666665,1917.07,-1.069999999999709,SL Hit,1917.07,3,-131.15499999999997,200.0,-0.8266666666665969,2.233333333333576
2023-08-11 11:00:00,2023-08-11 11:35:00,Short,1917.6550000000002,1918.3,-1.2899999999995089,SL Hit,1918.3,2,-132.44499999999948,35.0,1.0249999999998636,-0.25500000000010914
2023-08-11 15:50:00,2023-08-11 19:50:00,Short,1913.1466666666668,1913.48,-0.9999999999997726,SL Hit,1913.48,3,-133.44499999999925,240.0,2.163333333333185,-1.0466666666668516
2023-08-11 19:55:00,2023-08-11 20:05:00,Long,1913.33,1913.33,0.0,SL Hit,1913.33,1,-133.44499999999925,10.0,-0.029999999999972715,0.5199999999999818
2023-08-13 21:00:00,2023-08-13 22:00:00,Long,1913.46,1913.46,0.0,SL Hit,1913.46,1,-133.44499999999925,60.0,-0.6600000000000819,1.490000000000009
2023-08-13 22:05:00,2023-08-13 23:00:00,Long,1913.63,1912.4299999999994,-1.2000000000007276,SL Hit,1912.4299999999994,1,-134.64499999999998,55.0,-2.0300000000002,1.4699999999998
2023-08-13 23:05:00,2023-08-13 23:15:00,Short,1913.03,1913.7800000000002,-0.7500000000002274,SL Hit,1913.7800000000002,1,-135.3950000000002,10.0,1.009999999999991,-0.08999999999991815
2023-08-14 00:15:00,2023-08-14 00:20:00,Short,1911.94,1911.94,0.0,SL Hit,1911.94,1,-135.3950000000002,5.0,-0.0,-0.4500000000000455
2023-08-14 01:05:00,2023-08-14 01:45:00,Short,1911.36,1912.2224999999999,-0.8624999999999545,SL Hit,1912.2224999999999,1,-136.25750000000016,40.0,1.5200000000002092,-1.8599999999999
2023-08-14 03:25:00,2023-08-14 03:35:00,Long,1912.64,1911.9274999999998,-0.7125000000003183,SL Hit,1911.9274999999998,1,-136.97000000000048,10.0,-1.1400000000001,0.2400000000000091
2023-08-14 04:50:00,2023-08-14 05:25:00,Short,1912.165,1912.99,-1.650000000000091,SL Hit,1912.99,2,-138.62000000000057,35.0,1.2950000000000728,-0.25499999999988177
2023-08-14 22:10:00,2023-08-15 01:50:00,Short,1906.335,1907.94,-3.2100000000000364,SL Hit,1907.94,2,-141.8300000000006,220.0,1.7049999999999272,-2.8350000000000364
2023-08-15 01:55:00,2023-08-15 06:40:00,Long,1906.16,1904.15,-6.029999999999973,SL Hit,1904.15,3,-147.86000000000058,285.0,-2.1100000000001273,1.3099999999999454
2023-08-15 06:45:00,2023-08-15 06:55:00,Short,1905.0,1905.0,0.0,SL Hit,1905.0,1,-147.86000000000058,10.0,0.07999999999992724,-1.0
2023-08-15 07:00:00,2023-08-15 12:45:00,Short,1904.3,1904.82,-1.5599999999999454,SL Hit,1904.82,3,-149.42000000000053,345.0,1.1200000000001182,-7.6099999999999
2023-08-15 12:50:00,2023-08-15 18:45:00,Long,1905.31,1902.9,-9.639999999999418,SL Hit,1902.9,4,-159.05999999999995,355.0,-5.009999999999991,6.029999999999973
2023-08-15 18:50:00,2023-08-15 19:35:00,Short,1903.44,1903.44,0.0,SL Hit,1903.44,1,-159.05999999999995,45.0,0.2400000000000091,-1.5399999999999636
2023-08-15 22:45:00,2023-08-16 01:25:00,Short,1901.3899999999999,1902.37,-1.9600000000000364,SL Hit,1902.37,2,-161.01999999999998,160.0,1.4100000000000819,-1.1699999999998454
2023-08-16 03:55:00,2023-08-16 05:05:00,Short,1904.33,1904.7800000000004,-0.4500000000005002,SL Hit,1904.7800000000004,1,-161.47000000000048,70.0,0.5700000000001637,-1.490000000000009
2023-08-16 10:55:00,2023-08-17 04:55:00,Short,1899.7400000000005,1893.81,35.58000000000311,SL Hit,1893.81,6,-125.88999999999737,1080.0,6.849999999999454,-10.000000000000455
2023-08-17 06:10:00,2023-08-17 08:50:00,Long,1894.6833333333334,1894.8,0.3499999999996817,SL Hit,1894.8,3,-125.53999999999769,160.0,-1.4433333333333849,2.6366666666665424
2023-08-17 11:40:00,2023-08-17 13:45:00,Long,1900.1999999999998,1897.33,-5.739999999999782,SL Hit,1897.33,2,-131.27999999999747,125.0,-3.6399999999998727,2.7600000000002183
2023-08-17 22:25:00,2023-08-18 04:50:00,Long,1890.8200000000002,1891.0,0.3599999999996726,SL Hit,1891.0,2,-130.9199999999978,385.0,-1.9200000000000728,4.189999999999827
2023-08-18 04:55:00,2023-08-18 10:05:00,Short,1892.1433333333334,1893.9,-5.269999999999982,SL Hit,1893.9,3,-136.18999999999778,310.0,2.166666666666515,-1.4433333333333849
2023-08-18 13:30:00,2023-08-18 16:45:00,Long,1893.3,1889.7374999999997,-3.5625000000002274,SL Hit,1889.7374999999997,1,-139.752499999998,195.0,-4.289999999999964,2.759999999999991
2023-08-18 16:55:00,2023-08-22 07:35:00,Short,1889.24,1891.3774999999998,-2.137499999999818,SL Hit,1891.3774999999998,1,-141.88999999999783,5200.0,10.8900000000001,-2.4400000000000546
2023-08-22 18:40:00,2023-08-22 22:05:00,Short,1896.895,1897.81,-1.8299999999999272,SL Hit,1897.81,2,-143.71999999999775,205.0,0.9549999999999272,-0.5950000000000273
2023-08-22 23:40:00,2023-08-23 04:25:00,Long,1899.6275,1900.1,1.889999999999418,SL Hit,1900.1,4,-141.82999999999834,285.0,-1.927500000000009,2.932499999999891
2023-08-23 04:30:00,2023-08-23 04:40:00,Short,1901.1,1902.3750000000005,-1.2750000000005457,SL Hit,1902.3750000000005,1,-143.10499999999888,10.0,1.8100000000001728,-0.5
2023-08-23 07:10:00,2023-08-23 07:15:00,Short,1902.91,1903.3599999999997,-0.4499999999995907,SL Hit,1903.3599999999997,1,-143.55499999999847,5.0,0.5199999999999818,-0.3300000000001546
2023-08-23 07:50:00,2023-08-23 08:25:00,Short,1903.1,1904.9375,-1.837500000000091,Bullish Trade Reversal,1904.9375,1,-145.39249999999856,35.0,1.8100000000001728,-0.2199999999997999
2023-08-23 08:25:00,2023-08-23 09:45:00,Long,1903.76,1901.87,-3.7800000000002,SL Hit,1901.87,2,-149.17249999999876,80.0,-2.259999999999991,1.6300000000001091
2023-08-23 09:50:00,2023-08-23 10:50:00,Short,1902.23,1903.055,-0.8250000000000455,SL Hit,1903.055,1,-149.9974999999988,60.0,1.2200000000000273,-0.8199999999999363
2023-08-23 13:00:00,2023-08-23 20:10:00,Long,1910.0700000000002,1915.6,11.05999999999949,SL Hit,1915.6,2,-138.93749999999932,430.0,-6.660000000000082,10.059999999999945
2023-08-23 20:15:00,2023-08-23 20:20:00,Short,1916.37,1916.37,0.0,SL Hit,1916.37,1,-138.93749999999932,5.0,0.2400000000000091,-0.1799999999998363
2023-08-23 20:30:00,2023-08-23 22:00:00,Short,1915.85,1916.1125000000006,-0.2625000000007276,SL Hit,1916.1125000000006,1,-139.20000000000005,90.0,0.5800000000001546,-1.490000000000009
2023-08-23 23:35:00,2023-08-23 23:50:00,Long,1917.34,1916.8150000000005,-0.5249999999994088,SL Hit,1916.8150000000005,1,-139.72499999999945,15.0,-0.7400000000000091,0.3100000000001728
2023-08-24 00:05:00,2023-08-24 01:20:00,Long,1917.52,1916.9950000000003,-0.5249999999996362,SL Hit,1916.9950000000003,1,-140.2499999999991,75.0,-0.7200000000000273,1.6600000000000819
2023-08-24 05:40:00,2023-08-24 07:45:00,Long,1921.045,1919.9,-2.2899999999999636,SL Hit,1919.9,2,-142.53999999999905,125.0,-1.1449999999999818,1.5449999999998454
2023-08-24 08:05:00,2023-08-24 14:40:00,Short,1920.14,1920.65,-1.5299999999999727,SL Hit,1920.65,3,-144.06999999999903,395.0,1.7799999999999727,-8.100000000000136
2023-08-25 00:00:00,2023-08-25 01:45:00,Short,1915.635,1916.52,-1.7699999999999818,SL Hit,1916.52,2,-145.839999999999,105.0,1.7950000000000728,-0.9549999999999272
2023-08-25 03:00:00,2023-08-25 05:50:00,Short,1914.19,1914.5,-0.6199999999998909,SL Hit,1914.5,2,-146.4599999999989,170.0,0.75,-1.8900000000001
2023-08-25 05:55:00,2023-08-25 06:00:00,Long,1914.12,1914.045,-0.0749999999998181,SL Hit,1914.045,1,-146.53499999999872,5.0,-0.33999999999991815,0.41000000000008185
2023-08-25 11:10:00,2023-08-25 12:55:00,Long,1917.55,1915.8,-3.5,SL Hit,1915.8,2,-150.03499999999872,105.0,-2.0499999999999545,2.6000000000001364
2023-08-25 13:00:00,2023-08-25 14:00:00,Short,1916.99,1918.1524999999997,-1.1624999999996817,SL Hit,1918.1524999999997,1,-151.1974999999984,60.0,4.1099999999999,-5.7000000000000455
2023-08-25 14:05:00,2023-08-25 14:10:00,Short,1919.57,1919.9825000000005,-0.41250000000059117,SL Hit,1919.9825000000005,1,-151.609999999999,5.0,0.42000000000007276,-3.689999999999827
2023-08-25 14:20:00,2023-08-28 04:30:00,Long,1914.3439999999998,1914.7,1.7800000000011096,SL Hit,1914.7,5,-149.82999999999788,3730.0,-10.943999999999733,3.2260000000001128
2023-08-28 04:35:00,2023-08-28 05:40:00,Short,1914.2,1918.3999999999996,-4.199999999999591,Bullish Trade Reversal,1918.3999999999996,1,-154.02999999999747,65.0,3.1599999999998545,-0.0
2023-08-28 05:40:00,2023-08-28 07:05:00,Long,1916.22,1915.3,-1.8400000000001455,SL Hit,1915.3,2,-155.86999999999762,85.0,-1.4200000000000728,1.4200000000000728
2023-08-28 07:15:00,2023-08-28 12:40:00,Short,1914.99,1915.65,-1.3200000000001637,SL Hit,1915.65,2,-157.18999999999778,325.0,1.7000000000000455,-1.8900000000001
2023-08-28 13:25:00,2023-08-28 17:05:00,Long,1919.2399999999998,1917.7,-4.619999999999209,SL Hit,1917.7,3,-161.809999999997,220.0,-6.0799999999997,6.550000000000182
2023-08-29 06:50:00,2023-08-29 07:30:00,Short,1923.09,1924.2150000000006,-1.1250000000006821,SL Hit,1924.2150000000006,1,-162.93499999999767,40.0,1.2200000000000273,-1.2300000000000182
2023-08-29 10:20:00,2023-08-29 14:00:00,Short,1922.17,1924.4,-4.460000000000036,SL Hit,1924.4,2,-167.3949999999977,220.0,7.470000000000027,-7.6400000000001
2023-08-29 20:00:00,2023-08-29 22:05:00,Long,1937.88,1936.3799999999997,-1.5000000000004547,SL Hit,1936.3799999999997,1,-168.89499999999816,125.0,-1.5800000000001546,0.01999999999998181
2023-08-29 23:25:00,2023-08-30 02:20:00,Short,1936.2700000000002,1937.04,-2.3099999999992633,SL Hit,1937.04,3,-171.20499999999743,175.0,0.9099999999998545,-1.0700000000001637
2023-08-30 02:30:00,2023-08-30 03:10:00,Long,1936.83,1934.0924999999997,-2.737500000000182,Bearish Trade Reversal,1934.0924999999997,1,-173.9424999999976,40.0,-1.3299999999999272,0.44000000000005457
2023-08-30 03:10:00,2023-08-30 03:40:00,Short,1936.36,1936.7725000000005,-0.41250000000059117,SL Hit,1936.7725000000005,1,-174.3549999999982,30.0,0.43000000000006366,-0.959999999999809
2023-08-30 07:20:00,2023-08-30 09:15:00,Short,1935.415,1936.74,-2.650000000000091,SL Hit,1936.74,2,-177.0049999999983,115.0,1.615000000000009,-0.7149999999999181
2023-08-30 11:30:00,2023-08-30 18:35:00,Long,1941.3899999999999,1943.0,3.2200000000002547,SL Hit,1943.0,2,-173.78499999999804,425.0,-3.689999999999827,7.310000000000173
2023-08-30 18:40:00,2023-08-30 18:45:00,Short,1943.5,1943.5,0.0,SL Hit,1943.5,1,-173.78499999999804,5.0,0.13000000000010914,-0.2599999999999909
2023-08-30 20:15:00,2023-08-30 22:00:00,Short,1943.57,1943.57,0.0,SL Hit,1943.57,1,-173.78499999999804,105.0,0.029999999999972715,-1.6699999999998454
2023-08-31 07:25:00,2023-08-31 10:20:00,Long,1944.83,1943.61,-3.660000000000082,SL Hit,1943.61,3,-177.44499999999812,175.0,-1.2300000000000182,1.3600000000001273
2023-08-31 10:25:00,2023-08-31 11:55:00,Short,1944.54,1945.28,-1.4800000000000182,SL Hit,1945.28,2,-178.92499999999814,90.0,1.1600000000000819,-1.3399999999999181
2023-08-31 12:10:00,2023-08-31 12:35:00,Long,1945.02,1944.8325000000002,-0.18749999999977263,SL Hit,1944.8325000000002,1,-179.1124999999979,25.0,-1.509999999999991,2.5599999999999454
2023-08-31 12:50:00,2023-09-01 00:00:00,Short,1941.7116666666668,1940.13,9.490000000000236,SL Hit,1940.13,6,-169.62249999999767,670.0,4.4583333333332575,-3.3116666666667243
2023-09-01 03:40:00,2023-09-01 04:35:00,Short,1938.91,1939.3224999999998,-0.4124999999996817,SL Hit,1939.3224999999998,1,-170.03499999999735,55.0,0.7999999999999545,-1.4100000000000819
2023-09-01 11:15:00,2023-09-01 11:20:00,Long,1944.54,1944.54,0.0,SL Hit,1944.54,1,-170.03499999999735,5.0,-0.6399999999998727,0.5599999999999454
2023-09-01 11:45:00,2023-09-01 13:45:00,Long,1944.01,1944.01,0.0,SL Hit,1944.01,1,-170.03499999999735,120.0,-1.4600000000000364,8.279999999999973
2023-09-01 14:00:00,2023-09-01 17:25:00,Short,1938.6100000000001,1939.78,-2.3399999999996908,SL Hit,1939.78,2,-172.37499999999704,205.0,4.809999999999945,-4.000000000000227
2023-09-01 20:40:00,2023-09-04 00:55:00,Short,1939.0,1942.3375000000003,-3.3375000000003183,Bullish Trade Reversal,1942.3375000000003,1,-175.71249999999736,3135.0,2.660000000000082,-0.0
2023-09-04 00:55:00,2023-09-04 08:45:00,Long,1942.575,1943.12,1.0899999999996908,SL Hit,1943.12,2,-174.62249999999767,470.0,-2.0650000000000546,3.5750000000000455
2023-09-04 13:10:00,2023-09-05 04:25:00,Short,1937.7075000000002,1937.33,1.5100000000011278,SL Hit,1937.33,4,-173.11249999999654,915.0,2.3024999999997817,-2.8075000000001182
2023-09-05 08:00:00,2023-09-05 12:40:00,Short,1932.915,1932.29,1.25,SL Hit,1932.29,2,-171.86249999999654,280.0,2.615000000000009,-4.914999999999964
2023-09-05 12:45:00,2023-09-05 12:50:00,Short,1933.32,1933.32,0.0,SL Hit,1933.32,1,-171.86249999999654,5.0,1.0199999999999818,-1.8899999999998727
2023-09-05 20:20:00,2023-09-05 20:35:00,Short,1925.64,1925.64,0.0,SL Hit,1925.64,1,-171.86249999999654,15.0,0.03999999999996362,-0.9400000000000546
2023-09-06 00:50:00,2023-09-06 01:00:00,Short,1925.27,1925.27,0.0,SL Hit,1925.27,1,-171.86249999999654,10.0,0.05999999999994543,-0.8099999999999454
2023-09-06 01:05:00,2023-09-06 02:50:00,Short,1925.26,1926.4974999999997,-1.2374999999997272,SL Hit,1926.4974999999997,1,-173.09999999999627,105.0,1.3199999999999363,-1.3599999999999
2023-09-06 03:25:00,2023-09-06 10:05:00,Short,1925.3333333333333,1926.5,-3.5000000000002274,SL Hit,1926.5,3,-176.5999999999965,400.0,1.3266666666668243,-2.633333333333212
2023-09-06 11:55:00,2023-09-06 12:00:00,Short,1925.48,1925.48,0.0,SL Hit,1925.48,1,-176.5999999999965,5.0,0.4800000000000182,-0.22000000000002728
2023-09-06 12:05:00,2023-09-06 13:50:00,Short,1925.21,1927.22,-4.019999999999982,SL Hit,1927.22,2,-180.61999999999648,105.0,3.0599999999999454,-4.069999999999936
2023-09-06 20:20:00,2023-09-06 20:25:00,Short,1916.8,1916.8,0.0,SL Hit,1916.8,1,-180.61999999999648,5.0,-0.0,-0.2400000000000091
2023-09-06 20:35:00,2023-09-06 22:00:00,Short,1916.54,1917.2900000000002,-0.7500000000002274,SL Hit,1917.2900000000002,1,-181.3699999999967,85.0,1.5699999999999363,-0.6399999999998727
2023-09-06 23:50:00,2023-09-06 23:55:00,Short,1917.02,1917.0575,-0.03749999999990905,SL Hit,1917.0575,1,-181.40749999999662,5.0,0.049999999999954525,-0.8199999999999363
2023-09-07 00:05:00,2023-09-07 00:25:00,Short,1916.76,1916.76,0.0,SL Hit,1916.76,1,-181.40749999999662,20.0,0.09999999999990905,-1.0599999999999454
2023-09-07 00:35:00,2023-09-07 01:05:00,Short,1916.84,1917.2900000000004,-0.4500000000005002,SL Hit,1917.2900000000004,1,-181.85749999999712,30.0,0.6000000000001364,-1.1399999999998727
2023-09-07 01:15:00,2023-09-07 07:50:00,Long,1917.48,1917.1800000000003,-0.29999999999972715,SL Hit,1917.1800000000003,1,-182.15749999999684,395.0,-0.41000000000008185,3.1099999999999
2023-09-07 13:05:00,2023-09-08 03:30:00,Long,1921.2216666666666,1924.4,19.070000000001073,SL Hit,1924.4,6,-163.08749999999577,865.0,-4.321666666666488,5.848333333333358
2023-09-08 03:35:00,2023-09-08 03:40:00,Short,1924.73,1924.8799999999999,-0.14999999999986358,SL Hit,1924.8799999999999,1,-163.23749999999563,5.0,0.2699999999999818,-1.1300000000001091
2023-09-08 06:15:00,2023-09-08 07:30:00,Long,1925.705,1924.1,-3.2100000000000364,SL Hit,1924.1,2,-166.44749999999567,75.0,-1.6549999999999727,1.1649999999999636
2023-09-08 07:35:00,2023-09-08 13:55:00,Short,1923.21,1925.52,-6.929999999999836,SL Hit,1925.52,3,-173.3774999999955,380.0,5.529999999999973,-2.9600000000000364
2023-09-08 15:35:00,2023-09-08 20:40:00,Short,1919.995,1919.28,1.4299999999998363,SL Hit,1919.28,2,-171.94749999999567,305.0,1.1450000000002092,-2.474999999999909
2023-09-08 20:50:00,2023-09-10 22:20:00,Long,1919.71,1918.0,-3.4200000000000728,SL Hit,1918.0,2,-175.36749999999574,2970.0,-2.1100000000001273,0.7000000000000455
2023-09-10 22:25:00,2023-09-10 22:30:00,Short,1918.36,1918.6225000000004,-0.2625000000005002,SL Hit,1918.6225000000004,1,-175.62999999999624,5.0,0.38000000000010914,-0.1999999999998181
2023-09-10 22:45:00,2023-09-10 23:30:00,Short,1917.99,1918.7025000000003,-0.7125000000003183,SL Hit,1918.7025000000003,1,-176.34249999999656,45.0,1.1400000000001,-0.7899999999999636
2023-09-11 01:20:00,2023-09-11 12:30:00,Long,1923.9033333333334,1924.5,1.7899999999997362,SL Hit,1924.5,3,-174.55249999999683,670.0,-4.183333333333394,6.546666666666624
2023-09-11 12:35:00,2023-09-11 13:00:00,Short,1925.71,1927.3600000000001,-1.650000000000091,SL Hit,1927.3600000000001,1,-176.20249999999692,25.0,2.349999999999909,-0.37000000000011823
2023-09-11 13:10:00,2023-09-11 14:05:00,Long,1928.81,1924.46,-8.699999999999818,SL Hit,1924.46,2,-184.90249999999673,55.0,-4.440000000000055,1.1400000000001
2023-09-11 14:10:00,2023-09-11 16:10:00,Short,1924.8266666666666,1924.16,1.9999999999995453,SL Hit,1924.16,3,-182.9024999999972,120.0,1.7033333333333758,-4.026666666666642
2023-09-11 16:15:00,2023-09-11 16:35:00,Long,1924.45,1923.7749999999999,-0.6750000000001819,SL Hit,1923.7749999999999,1,-183.57749999999737,20.0,-1.4500000000000455,0.5899999999999181
2023-09-11 17:45:00,2023-09-11 22:15:00,Short,1922.28,1923.04,-1.5199999999999818,SL Hit,1923.04,2,-185.09749999999735,270.0,0.8399999999999181,-0.9800000000000182
2023-09-11 22:20:00,2023-09-11 22:25:00,Long,1922.72,1922.5700000000002,-0.14999999999986358,SL Hit,1922.5700000000002,1,-185.24749999999722,5.0,-0.33999999999991815,0.08999999999991815
2023-09-11 23:30:00,2023-09-12 00:20:00,Short,1921.74,1922.2274999999995,-0.4874999999994998,SL Hit,1922.2274999999995,1,-185.73499999999672,50.0,0.5399999999999636,-0.8399999999999181
2023-09-12 00:35:00,2023-09-12 01:10:00,Short,1920.35,1922.28,-3.8600000000001273,SL Hit,1922.28,2,-189.59499999999684,35.0,3.060000000000173,-0.25
2023-09-12 01:30:00,2023-09-12 03:20:00,Short,1921.2849999999999,1923.41,-4.250000000000455,SL Hit,1923.41,2,-193.8449999999973,110.0,2.1950000000001637,-1.7849999999998545
2023-09-12 08:20:00,2023-09-12 09:20:00,Long,1920.2849999999999,1918.68,-3.2099999999995816,SL Hit,1918.68,2,-197.05499999999688,60.0,-1.6849999999999454,0.9650000000001455
2023-09-12 09:25:00,2023-09-12 14:25:00,Short,1914.3400000000001,1911.76,5.160000000000309,SL Hit,1911.76,2,-191.89499999999657,300.0,5.199999999999818,-6.470000000000255
2023-09-12 16:55:00,2023-09-12 22:30:00,Short,1912.5266666666666,1913.54,-3.0399999999999636,SL Hit,1913.54,3,-194.93499999999653,335.0,1.0733333333332666,-1.4266666666667334
2023-09-12 22:35:00,2023-09-13 00:35:00,Long,1913.45,1912.2,-2.5,SL Hit,1912.2,2,-197.43499999999653,120.0,-1.25,0.25
2023-09-13 01:35:00,2023-09-13 10:55:00,Short,1911.33,1912.46,-4.520000000000437,SL Hit,1912.46,4,-201.95499999999697,560.0,1.2799999999999727,-3.8299999999999272
2023-09-13 12:25:00,2023-09-13 13:00:00,Short,1910.04,1917.7649999999999,-7.724999999999909,Bullish Trade Reversal,1917.7649999999999,1,-209.67999999999688,35.0,4.0,-3.6800000000000637
2023-09-13 13:00:00,2023-09-13 13:10:00,Long,1911.5,1910.45,-1.0499999999999545,SL Hit,1910.45,1,-210.72999999999683,10.0,-2.0599999999999454,1.7999999999999545
2023-09-13 15:50:00,2023-09-13 16:15:00,Short,1909.94,1910.4649999999997,-0.5249999999996362,SL Hit,1910.4649999999997,1,-211.25499999999647,25.0,1.1799999999998363,-0.6700000000000728
2023-09-13 19:15:00,2023-09-13 19:20:00,Short,1908.58,1908.7675000000006,-0.18750000000068212,SL Hit,1908.7675000000006,1,-211.44249999999715,5.0,0.4500000000000455,-0.2799999999999727
2023-09-13 19:55:00,2023-09-13 20:00:00,Short,1908.61,1908.6474999999998,-0.03749999999990905,SL Hit,1908.6474999999998,1,-211.47999999999706,5.0,0.18000000000006366,-0.1799999999998363
2023-09-13 20:10:00,2023-09-14 00:10:00,Short,1908.5,1909.6999999999998,-1.199999999999818,SL Hit,1909.6999999999998,1,-212.67999999999688,240.0,1.3299999999999272,-1.599999999999909
2023-09-14 05:55:00,2023-09-14 12:15:00,Short,1907.72,1909.04,-3.959999999999809,SL Hit,1909.04,3,-216.6399999999967,380.0,2.0799999999999272,-2.6200000000001182
2023-09-14 12:20:00,2023-09-14 14:00:00,Long,1906.9850000000001,1901.16,-11.650000000000091,SL Hit,1901.16,2,-228.28999999999678,100.0,-5.985000000000127,2.8049999999998363
2023-09-14 14:05:00,2023-09-14 14:20:00,Short,1901.44,1903.6149999999998,-2.174999999999727,SL Hit,1903.6149999999998,1,-230.4649999999965,15.0,3.1299999999998818,-0.9400000000000546
2023-09-14 14:55:00,2023-09-14 18:50:00,Long,1909.3224999999998,1907.9,-5.68999999999869,SL Hit,1907.9,4,-236.1549999999952,235.0,-3.4724999999998545,2.457500000000209
2023-09-14 18:55:00,2023-09-14 19:05:00,Short,1908.35,1908.6500000000005,-0.30000000000063665,SL Hit,1908.6500000000005,1,-236.45499999999583,10.0,0.3200000000001637,-0.1899999999998272
2023-09-15 00:05:00,2023-09-15 00:10:00,Short,1910.0,1913.2624999999996,-3.2624999999995907,Bullish Trade Reversal,1913.2624999999996,1,-239.71749999999543,5.0,1.009999999999991,-0.0
2023-09-15 00:10:00,2023-09-15 00:20:00,Long,1910.95,1910.3124999999998,-0.6375000000002728,SL Hit,1910.3124999999998,1,-240.3549999999957,10.0,-1.150000000000091,0.08999999999991815
2023-09-15 00:25:00,2023-09-15 10:35:00,Long,1915.36,1917.2,11.040000000000873,SL Hit,1917.2,6,-229.31499999999482,610.0,-5.8599999999999,4.0300000000002
2023-09-15 10:50:00,2023-09-15 11:40:00,Short,1917.93,1918.9425,-1.0125000000000455,SL Hit,1918.9425,1,-230.32749999999487,50.0,1.9700000000000273,-1.1300000000001091
2023-09-15 11:45:00,2023-09-15 12:15:00,Long,1919.14,1918.3525,-0.7875000000001364,SL Hit,1918.3525,1,-231.114999999995,30.0,-0.9200000000000728,1.25
2023-09-15 12:30:00,2023-09-15 13:10:00,Short,1917.02,1920.39,-6.7400000000002365,SL Hit,1920.39,2,-237.85499999999524,40.0,5.720000000000027,-1.0
2023-09-15 17:00:00,2023-09-17 19:00:00,Short,1924.28,1924.93,-1.300000000000182,SL Hit,1924.93,2,-239.15499999999543,3000.0,1.4700000000000273,-2.5799999999999272
2023-09-17 20:00:00,2023-09-17 21:00:00,Long,1923.57,1923.57,0.0,SL Hit,1923.57,1,-239.15499999999543,60.0,0.0,0.0
2023-09-18 07:45:00,2023-09-18 11:05:00,Short,1927.59,1927.59,0.0,SL Hit,1927.59,1,-239.15499999999543,200.0,0.040000000000190994,-2.990000000000009
2023-09-18 12:10:00,2023-09-18 13:15:00,Short,1925.615,1927.95,-4.670000000000073,SL Hit,1927.95,2,-243.8249999999955,65.0,2.384999999999991,-1.9849999999999
2023-09-18 13:20:00,2023-09-18 13:30:00,Long,1928.1,1926.4500000000005,-1.6499999999994088,SL Hit,1926.4500000000005,1,-245.4749999999949,10.0,-2.5,0.3000000000001819
2023-09-18 14:00:00,2023-09-18 15:45:00,Short,1923.72,1928.4,-9.360000000000127,SL Hit,1928.4,2,-254.83499999999503,105.0,5.329999999999927,-1.5199999999999818
2023-09-18 16:10:00,2023-09-18 16:15:00,Long,1928.53,1928.455,-0.07500000000004547,SL Hit,1928.455,1,-254.90999999999508,5.0,-0.2699999999999818,0.21000000000003638
2023-09-18 16:20:00,2023-09-18 16:30:00,Long,1928.58,1928.505,-0.0749999999998181,SL Hit,1928.505,1,-254.9849999999949,10.0,-0.07999999999992724,1.0700000000001637
2023-09-18 19:55:00,2023-09-18 20:00:00,Long,1933.21,1933.21,0.0,SL Hit,1933.21,1,-254.9849999999949,5.0,-0.05999999999994543,0.2999999999999545
2023-09-18 20:05:00,2023-09-19 00:35:00,Long,1933.25,1932.4624999999999,-0.7875000000001364,SL Hit,1932.4624999999999,1,-255.77249999999503,270.0,-0.849999999999909,1.1900000000000546
2023-09-19 03:20:00,2023-09-19 07:30:00,Short,1932.32,1932.8075000000003,-0.4875000000004093,SL Hit,1932.8075000000003,1,-256.25999999999544,250.0,0.6000000000001364,-2.8199999999999363
2023-09-19 12:25:00,2023-09-19 12:40:00,Long,1936.14,1934.2,-3.880000000000109,SL Hit,1934.2,2,-260.13999999999555,15.0,-2.240000000000009,0.5
2023-09-19 12:45:00,2023-09-19 12:50:00,Short,1935.34,1935.34,0.0,SL Hit,1935.34,1,-260.13999999999555,5.0,0.39000000000010004,-1.1499999999998636
2023-09-19 13:10:00,2023-09-19 13:50:00,Short,1934.87,1935.9950000000006,-1.1250000000006821,SL Hit,1935.9950000000006,1,-261.26499999999623,40.0,1.3900000000001,-2.089999999999918
2023-09-19 16:55:00,2023-09-19 17:20:00,Short,1931.57,1931.57,0.0,SL Hit,1931.57,1,-261.26499999999623,25.0,0.21000000000003638,-0.8999999999998636
2023-09-19 17:25:00,2023-09-20 05:50:00,Short,1930.94,1931.36,-2.099999999999227,SL Hit,1931.36,5,-263.36499999999546,745.0,2.0,-3.240000000000009
2023-09-20 05:55:00,2023-09-20 07:10:00,Long,1931.1399999999999,1929.3,-3.6799999999998363,SL Hit,1929.3,2,-267.0449999999953,75.0,-2.439999999999827,1.0700000000001637
2023-09-20 07:15:00,2023-09-20 10:05:00,Short,1929.19,1932.21,-6.039999999999964,SL Hit,1932.21,2,-273.08499999999526,170.0,3.1099999999999,-1.2799999999999727
2023-09-20 10:10:00,2023-09-20 11:25:00,Long,1932.19,1931.365,-0.8250000000000455,SL Hit,1931.365,1,-273.9099999999953,75.0,-0.9100000000000819,0.4500000000000455
2023-09-20 16:50:00,2023-09-20 17:25:00,Long,1945.44,1945.3650000000002,-0.0749999999998181,SL Hit,1945.3650000000002,1,-273.9849999999951,35.0,-0.10000000000013642,1.8999999999998636
2023-09-20 18:10:00,2023-09-21 03:05:00,Short,1932.24,1927.45,14.36999999999989,SL Hit,1927.45,3,-259.61499999999523,535.0,14.309999999999945,-7.940000000000055
2023-09-21 05:35:00,2023-09-21 07:30:00,Long,1928.4,1927.01,-2.7800000000002,SL Hit,1927.01,2,-262.39499999999543,115.0,-1.9400000000000546,1.949999999999818
2023-09-21 07:35:00,2023-09-21 23:30:00,Short,1921.5833333333333,1920.98,3.619999999999436,SL Hit,1920.98,6,-258.774999999996,955.0,5.926666666666733,-7.683333333333167
2023-09-22 06:00:00,2023-09-22 06:05:00,Long,1924.46,1924.0099999999995,-0.4500000000005002,SL Hit,1924.0099999999995,1,-259.2249999999965,5.0,-0.4600000000000364,0.9800000000000182
2023-09-22 09:45:00,2023-09-22 11:35:00,Short,1925.176666666667,1926.33,-3.4599999999988995,SL Hit,1926.33,3,-262.6849999999954,110.0,1.4833333333331211,-1.0766666666670517
2023-09-22 11:55:00,2023-09-22 12:45:00,Long,1926.29,1923.5524999999998,-2.737500000000182,Bearish Trade Reversal,1923.5524999999998,1,-265.4224999999956,50.0,-2.089999999999918,0.01999999999998181
2023-09-22 12:45:00,2023-09-22 13:10:00,Short,1925.66,1927.1224999999995,-1.4624999999994088,Bullish Trade Reversal,1927.1224999999995,1,-266.884999999995,25.0,1.6699999999998454,-0.17000000000007276
2023-09-22 13:10:00,2023-09-22 13:25:00,Long,1926.4,1926.0999999999995,-0.30000000000063665,SL Hit,1926.0999999999995,1,-267.1849999999956,15.0,-0.40000000000009095,1.009999999999991
2023-09-22 13:30:00,2023-09-22 16:30:00,Long,1927.3866666666665,1926.4,-2.9599999999993543,SL Hit,1926.4,3,-270.144999999995,180.0,-2.416666666666515,1.4633333333333667
2023-09-22 16:35:00,2023-09-24 21:05:00,Short,1925.9433333333334,1925.56,1.1500000000003183,SL Hit,1925.56,3,-268.99499999999466,3150.0,1.9066666666665242,-1.8433333333334758
2023-09-24 23:10:00,2023-09-24 23:35:00,Short,1924.94,1925.6149999999993,-0.6749999999992724,SL Hit,1925.6149999999993,1,-269.66999999999393,25.0,0.7100000000000364,-0.6400000000001
2023-09-25 00:15:00,2023-09-25 00:40:00,Short,1924.28,1924.28,0.0,SL Hit,1924.28,1,-269.66999999999393,25.0,0.3500000000001364,-1.0799999999999272
2023-09-25 01:50:00,2023-09-25 03:05:00,Short,1923.46,1923.8349999999996,-0.37499999999954525,SL Hit,1923.8349999999996,1,-270.0449999999935,75.0,0.5,-0.8199999999999363
2023-09-25 04:30:00,2023-09-25 06:50:00,Short,1922.655,1923.52,-1.7300000000000182,SL Hit,1923.52,2,-271.7749999999935,140.0,1.1050000000000182,-2.1549999999999727
2023-09-25 13:40:00,2023-09-25 13:50:00,Short,1923.9,1923.9,0.0,SL Hit,1923.9,1,-271.7749999999935,10.0,1.9099999999998545,-0.9300000000000637
2023-09-25 13:55:00,2023-09-26 08:00:00,Short,1916.8166666666666,1915.05,15.899999999999864,SL Hit,1915.05,9,-255.87499999999363,1085.0,9.463333333333367,-6.8766666666665515
2023-09-26 08:10:00,2023-09-26 08:45:00,Long,1914.71,1913.0974999999999,-1.612500000000182,SL Hit,1913.0974999999999,1,-257.4874999999938,35.0,-1.6700000000000728,0.7999999999999545
2023-09-26 11:30:00,2023-09-26 12:25:00,Long,1912.17,1910.49,-3.3600000000001273,SL Hit,1910.49,2,-260.84749999999394,55.0,-1.8400000000001455,0.9099999999998545
2023-09-26 12:30:00,2023-09-26 22:10:00,Short,1904.5175,1901.01,14.029999999999745,SL Hit,1901.01,4,-246.8174999999942,580.0,6.232500000000073,-5.817499999999882
2023-09-26 22:40:00,2023-09-26 22:45:00,Long,1900.89,1900.89,0.0,SL Hit,1900.89,1,-246.8174999999942,5.0,0.0,0.15999999999985448
2023-09-26 23:00:00,2023-09-26 23:10:00,Long,1900.92,1900.8825000000002,-0.03749999999990905,SL Hit,1900.8825000000002,1,-246.8549999999941,10.0,-0.3200000000001637,0.6499999999998636
2023-09-27 01:00:00,2023-09-27 23:10:00,Short,1891.1514285714286,1877.08,98.50000000000068,SL Hit,1877.08,7,-148.35499999999342,1330.0,12.30857142857144,-19.35142857142864
2023-09-27 23:35:00,2023-09-28 01:20:00,Long,1876.79,1875.1774999999998,-1.612500000000182,SL Hit,1875.1774999999998,1,-149.9674999999936,105.0,-1.7300000000000182,0.9800000000000182
2023-09-28 08:35:00,2023-09-28 09:40:00,Short,1874.95,1875.2124999999999,-0.2624999999998181,SL Hit,1875.2124999999999,1,-150.22999999999342,65.0,1.2699999999999818,-1.1800000000000637
2023-09-28 12:10:00,2023-09-28 12:45:00,Long,1876.93,1875.0175000000002,-1.912499999999909,SL Hit,1875.0175000000002,1,-152.14249999999333,35.0,-5.0900000000001455,2.3799999999998818
2023-09-28 13:50:00,2023-09-28 14:00:00,Short,1872.86,1873.4600000000003,-0.6000000000003638,SL Hit,1873.4600000000003,1,-152.7424999999937,10.0,2.150000000000091,-1.459999999999809
2023-09-28 18:50:00,2023-09-28 19:10:00,Long,1865.48,1864.7299999999998,-0.7500000000002274,SL Hit,1864.7299999999998,1,-153.49249999999392,20.0,-0.9300000000000637,0.36999999999989086
2023-09-29 00:15:00,2023-09-29 00:30:00,Long,1866.3,1866.3,0.0,SL Hit,1866.3,1,-153.49249999999392,15.0,-0.3999999999998636,0.8199999999999363
2023-09-29 02:55:00,2023-09-29 04:40:00,Short,1865.15,1865.15,0.0,SL Hit,1865.15,1,-153.49249999999392,105.0,0.32999999999992724,-2.290000000000191
2023-09-29 05:45:00,2023-09-29 11:05:00,Long,1869.625,1870.8,2.349999999999909,SL Hit,1870.8,2,-151.14249999999402,320.0,-4.095000000000027,4.255000000000109
2023-09-29 12:55:00,2023-09-29 13:50:00,Long,1873.14,1870.5149999999999,-2.6250000000002274,SL Hit,1870.5149999999999,1,-153.76749999999424,55.0,-3.130000000000109,6.089999999999918
2023-09-29 17:05:00,2023-10-01 19:00:00,Short,1850.6066666666666,1850.04,1.699999999999818,SL Hit,1850.04,3,-152.06749999999442,2995.0,1.8433333333334758,-4.706666666666479
2023-10-01 21:00:00,2023-10-01 22:10:00,Short,1848.46,1848.46,0.0,SL Hit,1848.46,1,-152.06749999999442,70.0,0.08999999999991815,-2.3600000000001273
2023-10-01 22:40:00,2023-10-01 23:50:00,Short,1847.1,1847.1,0.0,SL Hit,1847.1,1,-152.06749999999442,70.0,1.040000000000191,-1.699999999999818
2023-10-01 23:55:00,2023-10-02 06:30:00,Short,1845.9266666666665,1844.83,3.2899999999997362,SL Hit,1844.83,3,-148.7774999999947,395.0,2.8833333333334394,-6.556666666666615
2023-10-02 06:35:00,2023-10-02 08:55:00,Long,1844.2866666666666,1839.55,-14.210000000000036,SL Hit,1839.55,3,-162.98749999999472,140.0,-4.7666666666666515,1.6933333333333849
2023-10-02 09:00:00,2023-10-03 06:05:00,Short,1830.9162500000002,1821.63,74.29000000000087,SL Hit,1821.63,8,-88.69749999999385,1265.0,8.973749999999882,-16.216250000000173
2023-10-03 06:10:00,2023-10-03 11:05:00,Long,1824.6,1825.03,2.1500000000003183,SL Hit,1825.03,5,-86.54749999999353,295.0,-4.289999999999964,4.330000000000155
2023-10-03 11:35:00,2023-10-03 11:50:00,Short,1825.19,1826.8775000000003,-1.6875000000002274,SL Hit,1826.8775000000003,1,-88.23499999999376,15.0,1.9199999999998454,-0.2899999999999636
2023-10-03 12:40:00,2023-10-03 13:40:00,Short,1825.1550000000002,1829.42,-8.529999999999745,SL Hit,1829.42,2,-96.7649999999935,60.0,5.544999999999845,-1.5050000000001091
2023-10-03 14:40:00,2023-10-03 14:50:00,Long,1830.08,1827.1925,-2.887499999999818,SL Hit,1827.1925,1,-99.65249999999332,10.0,-4.919999999999845,1.6400000000001
2023-10-03 18:05:00,2023-10-03 18:15:00,Short,1823.21,1823.21,0.0,SL Hit,1823.21,1,-99.65249999999332,10.0,0.20000000000004547,-1.240000000000009
2023-10-03 22:55:00,2023-10-03 23:20:00,Short,1821.75,1824.14,-4.7800000000002,SL Hit,1824.14,2,-104.43249999999352,25.0,2.6700000000000728,-0.34999999999990905
2023-10-04 00:45:00,2023-10-04 00:55:00,Long,1824.77,1822.8575,-1.912499999999909,SL Hit,1822.8575,1,-106.34499999999343,10.0,-2.1299999999998818,0.049999999999954525
2023-10-04 02:55:00,2023-10-04 03:00:00,Short,1821.53,1821.8299999999997,-0.29999999999972715,SL Hit,1821.8299999999997,1,-106.64499999999316,5.0,0.5099999999999909,-1.1099999999999
2023-10-04 09:15:00,2023-10-04 13:30:00,Long,1824.425,1823.4,-4.099999999999454,SL Hit,1823.4,4,-110.74499999999261,255.0,-4.125,5.2150000000001455
2023-10-04 13:35:00,2023-10-04 15:20:00,Short,1824.29,1824.9275000000002,-0.6375000000002728,SL Hit,1824.9275000000002,1,-111.38249999999289,105.0,0.7000000000000455,-7.089999999999918
2023-10-04 18:35:00,2023-10-04 19:15:00,Short,1816.6,1819.4499999999998,-2.849999999999909,SL Hit,1819.4499999999998,1,-114.2324999999928,40.0,2.9300000000000637,-0.0
2023-10-05 07:05:00,2023-10-05 07:10:00,Short,1822.27,1822.27,0.0,SL Hit,1822.27,1,-114.2324999999928,5.0,0.4900000000000091,-0.7100000000000364
2023-10-05 07:25:00,2023-10-05 07:30:00,Short,1821.39,1821.54,-0.14999999999986358,SL Hit,1821.54,1,-114.38249999999266,5.0,0.5899999999999181,-0.9900000000000091
2023-10-05 07:35:00,2023-10-05 12:05:00,Short,1821.6399999999999,1823.8,-4.320000000000164,SL Hit,1823.8,2,-118.70249999999282,270.0,2.2100000000000364,-2.5399999999999636
2023-10-05 12:10:00,2023-10-05 12:20:00,Long,1822.02,1820.39,-3.2599999999997635,SL Hit,1820.39,2,-121.96249999999259,10.0,-2.3899999999998727,1.5
2023-10-05 15:40:00,2023-10-05 17:30:00,Short,1816.675,1818.26,-3.1700000000000728,SL Hit,1818.26,2,-125.13249999999266,110.0,1.6649999999999636,-2.144999999999982
2023-10-05 17:35:00,2023-10-05 17:40:00,Long,1818.05,1817.8625000000002,-0.18749999999977263,SL Hit,1817.8625000000002,1,-125.31999999999243,5.0,-0.25,0.8800000000001091
2023-10-05 17:50:00,2023-10-05 20:50:00,Long,1819.1033333333335,1819.4,0.8899999999998727,SL Hit,1819.4,3,-124.42999999999256,180.0,-1.3533333333334667,1.686666666666497
2023-10-05 20:55:00,2023-10-05 22:00:00,Short,1820.14,1820.6274999999996,-0.4874999999994998,SL Hit,1820.6274999999996,1,-124.91749999999206,65.0,0.5199999999999818,-0.0500000000001819
2023-10-06 07:20:00,2023-10-06 08:55:00,Short,1819.91,1821.61,-3.399999999999636,SL Hit,1821.61,2,-128.3174999999917,95.0,2.1399999999998727,-1.1200000000001182
2023-10-06 13:35:00,2023-10-08 20:00:00,Long,1829.07,1828.89,-0.5399999999995089,SL Hit,1828.89,3,-128.8574999999912,3265.0,-12.25,5.430000000000064
2023-10-08 21:00:00,2023-10-08 22:00:00,Short,1832.46,1832.46,0.0,SL Hit,1832.46,1,-128.8574999999912,60.0,21.839999999999918,-0.009999999999990905
2023-10-09 02:20:00,2023-10-09 02:40:00,Long,1851.0,1851.0,0.0,SL Hit,1851.0,1,-128.8574999999912,20.0,-0.01999999999998181,1.2799999999999727
2023-10-09 05:40:00,2023-10-09 06:25:00,Short,1850.65,1854.7749999999996,-4.124999999999545,Bullish Trade Reversal,1854.7749999999996,1,-132.98249999999075,45.0,3.5799999999999272,-0.8700000000001182
2023-10-09 06:25:00,2023-10-09 07:20:00,Long,1852.47,1845.5324999999996,-6.937500000000455,Bearish Trade Reversal,1845.5324999999996,1,-139.9199999999912,55.0,-4.2000000000000455,0.2899999999999636
2023-10-09 07:20:00,2023-10-09 14:25:00,Short,1849.2575,1850.37,-4.449999999999818,SL Hit,1850.37,4,-144.36999999999102,425.0,3.2825000000000273,-4.957499999999982
2023-10-09 14:30:00,2023-10-10 03:15:00,Long,1858.8260000000002,1862.4,17.86999999999921,SL Hit,1862.4,5,-126.49999999999181,765.0,-10.22600000000034,6.393999999999778
2023-10-10 03:20:00,2023-10-10 14:00:00,Short,1858.9875,1857.51,5.9099999999998545,SL Hit,1857.51,4,-120.58999999999196,640.0,4.472500000000082,-5.5974999999998545
2023-10-10 14:05:00,2023-10-10 14:45:00,Long,1856.91,1854.2475,-2.6625000000001364,SL Hit,1854.2475,1,-123.2524999999921,40.0,-3.160000000000082,1.6499999999998636
2023-10-10 15:25:00,2023-10-10 17:45:00,Long,1860.11,1858.55,-4.679999999999836,SL Hit,1858.55,3,-127.93249999999193,140.0,-3.4199999999998454,2.6000000000001364
2023-10-10 17:50:00,2023-10-11 00:05:00,Short,1859.5333333333335,1860.73,-3.5899999999994634,SL Hit,1860.73,3,-131.5224999999914,375.0,1.536666666666406,-1.3633333333334576
2023-10-11 00:20:00,2023-10-11 02:10:00,Long,1860.56,1860.29,-0.5399999999999636,SL Hit,1860.29,2,-132.06249999999136,110.0,-0.7000000000000455,1.4600000000000364
2023-10-11 02:20:00,2023-10-11 02:50:00,Short,1860.595,1861.75,-2.3099999999999454,SL Hit,1861.75,2,-134.3724999999913,30.0,1.2950000000000728,-0.21499999999991815
2023-10-11 03:00:00,2023-10-11 03:10:00,Long,1861.355,1859.78,-3.150000000000091,SL Hit,1859.78,2,-137.5224999999914,10.0,-1.6549999999999727,0.055000000000063665
2023-10-11 03:15:00,2023-10-11 03:20:00,Short,1860.63,1860.855,-0.22499999999990905,SL Hit,1860.855,1,-137.7474999999913,5.0,0.32999999999992724,-0.36000000000012733
2023-10-11 03:35:00,2023-10-11 06:40:00,Short,1860.5149999999999,1861.92,-2.8100000000004,SL Hit,1861.92,2,-140.5574999999917,185.0,2.8050000000000637,-1.8449999999998
2023-10-11 12:35:00,2023-10-11 13:05:00,Short,1870.79,1873.5275000000001,-2.737500000000182,SL Hit,1873.5275000000001,1,-143.2949999999919,30.0,4.0900000000001455,-0.8799999999998818
2023-10-11 13:10:00,2023-10-11 13:35:00,Long,1873.105,1868.89,-8.429999999999836,SL Hit,1868.89,2,-151.72499999999172,25.0,-4.365000000000009,0.8250000000000455
2023-10-11 13:40:00,2023-10-11 16:00:00,Short,1870.275,1874.88,-9.210000000000036,SL Hit,1874.88,2,-160.93499999999176,140.0,5.214999999999918,-1.9050000000002
2023-10-11 20:45:00,2023-10-12 12:35:00,Long,1878.125,1879.2,4.300000000000182,SL Hit,1879.2,4,-156.63499999999158,950.0,-5.025000000000091,6.214999999999918
2023-10-12 12:50:00,2023-10-13 00:05:00,Short,1874.0266666666666,1871.11,8.750000000000227,SL Hit,1871.11,3,-147.88499999999135,675.0,5.923333333333403,-6.226666666666688
2023-10-13 02:40:00,2023-10-15 22:00:00,Long,1899.3514285714286,1927.6,197.73999999999887,SL Hit,1927.6,7,49.85500000000752,4040.0,-26.95142857142855,33.54857142857145
2023-10-16 00:45:00,2023-10-16 09:15:00,Short,1919.0439999999999,1913.17,29.36999999999898,SL Hit,1913.17,5,79.2250000000065,510.0,4.316000000000031,-10.613999999999805
2023-10-16 12:50:00,2023-10-16 13:35:00,Long,1918.25,1915.8499999999997,-2.4000000000003183,SL Hit,1915.8499999999997,1,76.82500000000618,45.0,-3.6700000000000728,0.7699999999999818
2023-10-16 13:40:00,2023-10-16 14:00:00,Short,1915.01,1926.4099999999999,-11.399999999999864,Bullish Trade Reversal,1926.4099999999999,1,65.42500000000632,20.0,6.089999999999918,-0.0
2023-10-16 14:00:00,2023-10-16 17:40:00,Long,1919.243333333333,1919.6,1.070000000000391,SL Hit,1919.6,3,66.49500000000671,220.0,-2.7833333333330756,3.386666666666997
2023-10-16 17:45:00,2023-10-16 19:20:00,Short,1919.68,1919.68,0.0,SL Hit,1919.68,1,66.49500000000671,95.0,0.20000000000004547,-2.2799999999999727
2023-10-16 19:25:00,2023-10-16 22:40:00,Short,1919.62,1920.6,-1.9600000000000364,SL Hit,1920.6,2,64.53500000000668,195.0,1.2000000000000455,-1.7199999999998
2023-10-16 22:45:00,2023-10-16 22:50:00,Long,1920.6,1919.1000000000004,-1.4999999999995453,SL Hit,1919.1000000000004,1,63.03500000000713,5.0,-1.8999999999998636,0.0
2023-10-17 00:20:00,2023-10-17 06:00:00,Short,1915.8833333333332,1916.91,-3.0800000000006094,SL Hit,1916.91,3,59.95500000000652,340.0,2.7866666666668607,-3.483333333333121
2023-10-17 06:25:00,2023-10-17 12:30:00,Long,1920.17,1922.2,4.059999999999945,SL Hit,1922.2,2,64.01500000000647,365.0,-4.360000000000127,8.279999999999973
2023-10-17 16:35:00,2023-10-17 22:35:00,Short,1923.71,1924.96,-3.75,SL Hit,1924.96,3,60.26500000000647,360.0,1.2999999999999545,-4.910000000000082
2023-10-17 22:40:00,2023-10-17 22:45:00,Long,1924.92,1924.3949999999998,-0.5250000000003183,SL Hit,1924.3949999999998,1,59.74000000000615,5.0,-0.7200000000000273,0.34999999999990905
2023-10-17 23:00:00,2023-10-17 23:20:00,Long,1925.15,1923.9124999999995,-1.2375000000006366,SL Hit,1923.9124999999995,1,58.50250000000551,20.0,-1.9500000000000455,0.03999999999996362
2023-10-18 04:50:00,2023-10-18 05:45:00,Long,1937.43,1937.43,0.0,SL Hit,1937.43,1,58.50250000000551,55.0,-0.6300000000001091,2.2000000000000455
2023-10-18 08:05:00,2023-10-18 14:45:00,Long,1945.5666666666666,1945.24,-0.9799999999997908,SL Hit,1945.24,3,57.52250000000572,400.0,-8.86666666666656,16.843333333333476
2023-10-18 14:50:00,2023-10-18 17:00:00,Short,1946.81,1952.0600000000004,-5.250000000000455,SL Hit,1952.0600000000004,1,52.272500000005266,130.0,6.0499999999999545,-7.419999999999845
2023-10-18 20:10:00,2023-10-19 00:05:00,Short,1949.3049999999998,1951.55,-4.4900000000002365,SL Hit,1951.55,2,47.78250000000503,235.0,2.8850000000002183,-2.4049999999997453
2023-10-19 07:10:00,2023-10-19 14:35:00,Long,1949.9866666666667,1950.21,0.6700000000000728,SL Hit,1950.21,3,48.4525000000051,445.0,-2.3866666666667697,6.723333333333358
2023-10-19 14:40:00,2023-10-19 15:20:00,Short,1949.86,1956.0100000000002,-6.150000000000318,SL Hit,1956.0100000000002,1,42.302500000004784,40.0,6.270000000000209,-0.459999999999809
2023-10-19 15:30:00,2023-10-20 01:05:00,Long,1963.8425,1972.2,33.43000000000029,SL Hit,1972.2,4,75.73250000000507,575.0,-11.522500000000036,15.557500000000118
2023-10-20 01:10:00,2023-10-20 02:50:00,Short,1971.4,1979.8375,-8.4375,SL Hit,1979.8375,1,67.29500000000507,100.0,10.409999999999854,-0.0
2023-10-20 05:10:00,2023-10-20 05:15:00,Short,1976.36,1977.7475000000004,-1.3875000000005002,SL Hit,1977.7475000000004,1,65.90750000000457,5.0,1.6000000000001364,-0.13999999999987267
2023-10-20 07:30:00,2023-10-20 11:45:00,Long,1981.745,1980.46,-2.569999999999709,SL Hit,1980.46,2,63.337500000004866,255.0,-5.304999999999836,4.0150000000001
2023-10-23 04:00:00,2023-10-23 04:05:00,Long,1973.64,1973.5649999999994,-0.0750000000007276,SL Hit,1973.5649999999994,1,63.26250000000414,5.0,-0.7599999999999909,0.9699999999997999
2023-10-23 04:10:00,2023-10-23 04:30:00,Long,1973.23,1973.23,0.0,SL Hit,1973.23,1,63.26250000000414,20.0,-0.6300000000001091,1.3699999999998909
2023-10-23 05:15:00,2023-10-23 13:35:00,Long,1977.185,1975.16,-8.099999999999454,SL Hit,1975.16,4,55.162500000004684,500.0,-4.414999999999964,5.5150000000001
2023-10-23 17:10:00,2023-10-24 00:00:00,Short,1974.6750000000002,1973.66,4.0600000000004,SL Hit,1973.66,4,59.222500000005084,410.0,3.2749999999998636,-3.425000000000182
2023-10-24 00:10:00,2023-10-24 03:10:00,Long,1976.3075000000001,1975.68,-2.5100000000002183,SL Hit,1975.68,4,56.712500000004866,180.0,-3.8875000000000455,4.142499999999927
2023-10-24 03:20:00,2023-10-24 06:10:00,Short,1975.57,1977.33,-3.519999999999982,SL Hit,1977.33,2,53.192500000004884,170.0,2.310000000000173,-0.849999999999909
2023-10-24 06:15:00,2023-10-24 07:50:00,Long,1977.12,1974.72,-4.799999999999727,SL Hit,1974.72,2,48.39250000000516,95.0,-3.019999999999982,1.8700000000001182
2023-10-24 07:55:00,2023-10-24 15:40:00,Short,1967.4533333333336,1965.52,5.800000000000864,SL Hit,1965.52,3,54.19250000000602,465.0,8.266666666666424,-13.553333333333512
2023-10-24 15:45:00,2023-10-24 18:25:00,Long,1969.8500000000001,1973.3,10.349999999999454,SL Hit,1973.3,3,64.54250000000548,160.0,-4.470000000000027,7.629999999999882
2023-10-24 18:30:00,2023-10-25 00:10:00,Short,1972.5,1973.07,-1.1399999999998727,SL Hit,1973.07,2,63.4025000000056,340.0,1.7799999999999727,-3.0
2023-10-25 00:50:00,2023-10-25 03:40:00,Long,1972.53,1970.8799999999997,-1.6500000000003183,SL Hit,1970.8799999999997,1,61.752500000005284,170.0,-1.6600000000000819,4.130000000000109
2023-10-25 11:40:00,2023-10-25 11:55:00,Long,1974.23,1974.23,0.0,SL Hit,1974.23,1,61.752500000005284,15.0,-0.2799999999999727,2.1800000000000637
2023-10-25 12:00:00,2023-10-25 12:25:00,Long,1974.59,1974.59,0.0,SL Hit,1974.59,1,61.752500000005284,25.0,-0.7200000000000273,1.9400000000000546
2023-10-25 13:25:00,2023-10-25 15:00:00,Long,1977.4733333333334,1975.62,-5.5600000000004,SL Hit,1975.62,3,56.192500000004884,95.0,-14.063333333333276,9.146666666666533
2023-10-25 17:40:00,2023-10-25 17:55:00,Long,1983.42,1983.42,0.0,SL Hit,1983.42,1,56.192500000004884,15.0,-0.40000000000009095,1.7999999999999545
2023-10-25 19:50:00,2023-10-25 22:15:00,Short,1980.035,1982.47,-4.869999999999891,SL Hit,1982.47,2,51.32250000000499,145.0,2.4549999999999272,-2.105000000000018
2023-10-26 00:15:00,2023-10-26 10:30:00,Long,1986.0640000000003,1988.5,12.179999999998472,SL Hit,1988.5,5,63.502500000003465,615.0,-4.264000000000351,7.13599999999974
2023-10-26 14:15:00,2023-10-26 15:10:00,Short,1973.9099999999999,1980.94,-14.0600000000004,SL Hit,1980.94,2,49.442500000003065,55.0,7.060000000000173,-1.8099999999999454
2023-10-26 15:15:00,2023-10-26 23:55:00,Long,1983.1325,1983.6,1.8699999999998909,SL Hit,1983.6,4,51.312500000002956,520.0,-6.622499999999945,5.857500000000073
2023-10-27 00:00:00,2023-10-27 01:15:00,Short,1984.24,1985.5524999999998,-1.3124999999997726,SL Hit,1985.5524999999998,1,50.00000000000318,75.0,2.2899999999999636,-2.0399999999999636
2023-10-27 01:20:00,2023-10-27 01:25:00,Long,1986.06,1984.9350000000002,-1.1249999999997726,SL Hit,1984.9350000000002,1,48.87500000000341,5.0,-2.1599999999998545,0.30999999999994543
2023-10-27 04:10:00,2023-10-27 05:10:00,Long,1988.82,1988.0699999999997,-0.7500000000002274,SL Hit,1988.0699999999997,1,48.12500000000318,60.0,-1.599999999999909,0.9300000000000637
2023-10-27 06:35:00,2023-10-27 17:15:00,Short,1984.1425,1985.45,-5.230000000000473,SL Hit,1985.45,4,42.89500000000271,640.0,4.877500000000055,-7.452499999999873
2023-10-27 17:20:00,2023-10-30 02:20:00,Long,1999.0124999999998,2002.52,14.030000000000655,SL Hit,2002.52,4,56.925000000003365,3420.0,-13.002499999999827,10.0775000000001
2023-10-30 02:25:00,2023-10-30 12:30:00,Short,2000.0625,1997.23,11.329999999999927,SL Hit,1997.23,4,68.25500000000329,605.0,3.9075000000000273,-9.152499999999918
2023-10-30 12:40:00,2023-10-30 17:10:00,Long,1998.2533333333333,1997.68,-1.7199999999998,SL Hit,1997.68,3,66.53500000000349,270.0,-4.673333333333403,4.176666666666733
2023-10-30 17:20:00,2023-10-30 17:35:00,Short,1997.01,1997.9475,-0.9375,SL Hit,1997.9475,1,65.59750000000349,15.0,1.5399999999999636,-2.1700000000000728
2023-10-30 20:00:00,2023-10-31 01:20:00,Short,1995.8000000000002,1996.5,-1.3999999999996362,SL Hit,1996.5,2,64.19750000000386,320.0,1.0199999999997544,-1.900000000000091
2023-10-31 01:25:00,2023-10-31 01:35:00,Long,1996.2,1995.2625,-0.9375,SL Hit,1995.2625,1,63.260000000003856,10.0,-1.6000000000001364,1.009999999999991
2023-10-31 10:25:00,2023-10-31 12:45:00,Long,1997.32,1996.6075000000005,-0.7124999999994088,SL Hit,1996.6075000000005,1,62.54750000000445,140.0,-0.9099999999998545,3.9400000000000546
2023-10-31 14:05:00,2023-10-31 15:00:00,Long,2001.26,1998.485,-2.775000000000091,SL Hit,1998.485,1,59.77250000000436,55.0,-3.9600000000000364,5.880000000000109
2023-10-31 15:15:00,2023-11-01 06:05:00,Short,1985.6825,1980.81,19.48999999999978,SL Hit,1980.81,4,79.26250000000414,890.0,11.3275000000001,-10.372499999999945
2023-11-01 06:10:00,2023-11-01 07:05:00,Long,1980.24,1979.0775000000003,-1.1624999999996817,SL Hit,1979.0775000000003,1,78.10000000000446,55.0,-1.6400000000001,0.6700000000000728
2023-11-01 08:50:00,2023-11-01 15:35:00,Long,1984.2733333333335,1981.37,-8.710000000000946,SL Hit,1981.37,3,69.39000000000351,405.0,-4.1633333333336395,7.546666666666397
2023-11-01 22:10:00,2023-11-02 02:55:00,Long,1984.4050000000002,1983.5,-1.8100000000004002,SL Hit,1983.5,2,67.58000000000311,285.0,-2.755000000000109,3.434999999999718
2023-11-02 08:35:00,2023-11-02 10:15:00,Long,1986.28,1986.28,0.0,SL Hit,1986.28,1,67.58000000000311,100.0,-0.44000000000005457,3.1900000000000546
2023-11-02 11:20:00,2023-11-02 13:15:00,Long,1989.385,1987.0,-4.769999999999982,SL Hit,1987.0,2,62.81000000000313,115.0,-2.5850000000000364,1.4849999999999
2023-11-02 13:20:00,2023-11-02 17:25:00,Short,1983.9966666666667,1985.21,-3.6400000000001,SL Hit,1985.21,3,59.17000000000303,245.0,4.103333333333239,-5.096666666666579
2023-11-02 22:05:00,2023-11-02 23:15:00,Long,1985.93,1983.9425,-1.9874999999999545,SL Hit,1983.9425,1,57.182500000003074,70.0,-2.0299999999999727,0.4700000000000273
2023-11-03 01:30:00,2023-11-03 02:10:00,Short,1983.38,1984.8799999999997,-1.4999999999995453,SL Hit,1984.8799999999997,1,55.68250000000353,40.0,1.5299999999999727,-0.8800000000001091
2023-11-03 05:45:00,2023-11-03 06:00:00,Long,1986.06,1986.06,0.0,SL Hit,1986.06,1,55.68250000000353,15.0,-0.2599999999999909,1.1800000000000637
2023-11-03 06:05:00,2023-11-05 23:05:00,Long,1990.6460000000002,1990.8,1.5399999999976899,SL Hit,1990.8,10,57.22250000000122,3900.0,-4.94600000000014,13.253999999999905
2023-11-05 23:10:00,2023-11-06 01:30:00,Short,1989.6100000000001,1993.0,-6.779999999999745,SL Hit,1993.0,2,50.44250000000147,140.0,3.3999999999998636,-2.520000000000209
2023-11-06 01:35:00,2023-11-06 02:25:00,Long,1992.57,1989.9825000000005,-2.587499999999409,SL Hit,1989.9825000000005,1,47.855000000002065,50.0,-2.869999999999891,0.3300000000001546
2023-11-06 03:05:00,2023-11-06 08:10:00,Short,1985.13,1985.15,-0.03999999999996362,SL Hit,1985.15,2,47.8150000000021,305.0,3.089999999999918,-3.630000000000109
2023-11-06 10:15:00,2023-11-06 12:15:00,Long,1987.18,1986.19,-2.9700000000000273,SL Hit,1986.19,3,44.845000000002074,120.0,-1.3300000000001546,1.0199999999999818
2023-11-06 15:45:00,2023-11-06 17:00:00,Short,1983.86,1983.86,0.0,SL Hit,1983.86,1,44.845000000002074,75.0,0.2800000000002001,-3.7199999999998
2023-11-06 19:55:00,2023-11-07 18:15:00,Short,1968.4642857142858,1966.32,15.0100000000009,SL Hit,1966.32,7,59.855000000002974,1340.0,11.875714285714139,-11.85428571428588
2023-11-07 18:25:00,2023-11-07 20:05:00,Long,1966.84,1966.3900000000003,-0.4499999999995907,SL Hit,1966.3900000000003,1,59.40500000000338,100.0,-0.7400000000000091,2.8400000000001455
2023-11-08 00:10:00,2023-11-08 00:25:00,Long,1969.34,1968.8525000000004,-0.4874999999994998,SL Hit,1968.8525000000004,1,58.91750000000388,15.0,-0.5399999999999636,0.6200000000001182
2023-11-08 02:20:00,2023-11-08 02:25:00,Long,1970.08,1969.5550000000003,-0.5249999999996362,SL Hit,1969.5550000000003,1,58.39250000000425,5.0,-1.0199999999999818,0.8100000000001728
2023-11-08 03:50:00,2023-11-08 06:20:00,Short,1966.52,1967.86,-2.6799999999998363,SL Hit,1967.86,2,55.71250000000441,150.0,2.4300000000000637,-1.9200000000000728
2023-11-08 09:50:00,2023-11-08 13:00:00,Short,1964.615,1964.86,-0.4899999999997817,SL Hit,1964.86,2,55.22250000000463,190.0,1.9049999999999727,-4.894999999999982
2023-11-08 14:35:00,2023-11-09 05:50:00,Short,1955.5933333333332,1949.75,17.529999999999745,SL Hit,1949.75,3,72.75250000000437,915.0,7.616666666666788,-8.793333333333294
2023-11-09 06:20:00,2023-11-09 08:10:00,Long,1949.25,1946.4375,-2.8125,SL Hit,1946.4375,1,69.94000000000437,110.0,-3.150000000000091,1.1800000000000637
2023-11-09 11:45:00,2023-11-09 12:55:00,Long,1948.34,1944.9275000000005,-3.4124999999994543,SL Hit,1944.9275000000005,1,66.52750000000492,70.0,-3.740000000000009,0.650000000000091
2023-11-09 13:00:00,2023-11-09 13:15:00,Short,1945.1,1947.9499999999998,-2.849999999999909,SL Hit,1947.9499999999998,1,63.67750000000501,15.0,3.150000000000091,-0.09999999999990905
2023-11-09 14:10:00,2023-11-09 19:25:00,Long,1956.04,1958.5,4.920000000000073,SL Hit,1958.5,2,68.59750000000508,315.0,-7.399999999999864,9.5
2023-11-10 02:45:00,2023-11-10 03:10:00,Short,1956.99,1958.6400000000003,-1.6500000000003183,SL Hit,1958.6400000000003,1,66.94750000000477,25.0,2.119999999999891,-0.6900000000000546
2023-11-10 06:05:00,2023-11-10 06:25:00,Short,1956.33,1957.4174999999998,-1.0874999999998636,SL Hit,1957.4174999999998,1,65.8600000000049,20.0,1.5299999999999727,-0.5899999999999181
2023-11-10 07:20:00,2023-11-10 07:35:00,Short,1955.58,1955.58,0.0,SL Hit,1955.58,1,65.8600000000049,15.0,0.5199999999999818,-1.8599999999999
2023-11-10 09:05:00,2023-11-10 21:15:00,Short,1947.1285714285714,1936.47,74.60999999999945,SL Hit,1936.47,7,140.47000000000435,730.0,8.071428571428669,-14.128571428571377
2023-11-13 03:00:00,2023-11-13 05:35:00,Short,1937.47,1938.4075,-0.9375,SL Hit,1938.4075,1,139.53250000000435,155.0,1.2300000000000182,-3.5699999999999363
2023-11-13 12:20:00,2023-11-13 12:25:00,Short,1937.44,1937.8149999999996,-0.37499999999954525,SL Hit,1937.8149999999996,1,139.1575000000048,5.0,0.7200000000000273,-0.3500000000001364
2023-11-13 14:15:00,2023-11-13 14:20:00,Short,1934.8,1934.8,0.0,SL Hit,1934.8,1,139.1575000000048,5.0,0.2300000000000182,-1.0199999999999818
2023-11-13 14:25:00,2023-11-13 14:30:00,Short,1934.73,1935.4425,-0.712500000000091,SL Hit,1935.4425,1,138.4450000000047,5.0,1.0499999999999545,-0.8700000000001182
2023-11-13 14:35:00,2023-11-13 15:50:00,Short,1934.55,1937.0250000000003,-2.475000000000364,SL Hit,1937.0250000000003,1,135.97000000000435,75.0,3.1400000000001,-2.259999999999991
2023-11-13 20:35:00,2023-11-14 01:15:00,Short,1944.9,1949.0249999999996,-4.124999999999545,Bullish Trade Reversal,1949.0249999999996,1,131.8450000000048,280.0,3.3199999999999363,-0.10000000000013642
2023-11-14 01:15:00,2023-11-14 01:50:00,Long,1947.045,1945.4,-3.2899999999999636,SL Hit,1945.4,2,128.55500000000484,35.0,-1.6950000000001637,1.1749999999999545
2023-11-14 01:55:00,2023-11-14 09:15:00,Short,1945.3225000000002,1946.39,-4.269999999999527,SL Hit,1946.39,4,124.28500000000531,440.0,2.4274999999997817,-2.2225000000003092
2023-11-14 09:35:00,2023-11-14 11:25:00,Long,1946.2,1945.7874999999995,-0.41250000000059117,SL Hit,1945.7874999999995,1,123.87250000000472,110.0,-0.900000000000091,1.9099999999998545
2023-11-14 13:10:00,2023-11-14 13:15:00,Short,1945.31,1946.2849999999999,-0.974999999999909,SL Hit,1946.2849999999999,1,122.89750000000481,5.0,1.6100000000001273,-1.0
2023-11-14 13:25:00,2023-11-14 17:10:00,Long,1955.3233333333335,1962.4,21.22999999999979,SL Hit,1962.4,3,144.1275000000046,225.0,-10.39333333333343,14.436666666666497
2023-11-14 17:20:00,2023-11-14 17:25:00,Short,1963.21,1963.21,0.0,SL Hit,1963.21,1,144.1275000000046,5.0,0.5499999999999545,-1.4100000000000819
2023-11-14 17:40:00,2023-11-14 19:55:00,Short,1962.7533333333333,1963.44,-2.060000000000173,SL Hit,1963.44,3,142.06750000000443,135.0,1.3466666666665787,-1.4533333333333758
2023-11-14 20:50:00,2023-11-14 23:35:00,Long,1963.22,1961.8,-2.8400000000001455,SL Hit,1961.8,2,139.22750000000428,165.0,-1.8199999999999363,0.6700000000000728
2023-11-14 23:40:00,2023-11-15 00:55:00,Short,1962.51,1963.0725000000002,-0.5625000000002274,SL Hit,1963.0725000000002,1,138.66500000000406,75.0,1.2200000000000273,-1.7100000000000364
2023-11-15 01:10:00,2023-11-15 12:10:00,Long,1967.3700000000001,1971.3,27.509999999998854,SL Hit,1971.3,7,166.1750000000029,660.0,-6.370000000000118,6.499999999999773
2023-11-15 12:30:00,2023-11-15 12:35:00,Short,1971.53,1971.53,0.0,SL Hit,1971.53,1,166.1750000000029,5.0,0.42000000000007276,-1.0299999999999727
2023-11-15 12:50:00,2023-11-15 13:00:00,Short,1971.74,1972.1524999999997,-0.4124999999996817,SL Hit,1972.1524999999997,1,165.76250000000323,10.0,0.5299999999999727,-0.7400000000000091
2023-11-15 13:20:00,2023-11-15 13:30:00,Short,1971.01,1972.9975,-1.9874999999999545,SL Hit,1972.9975,1,163.77500000000327,10.0,3.3900000000001,-2.9200000000000728
2023-11-15 13:35:00,2023-11-15 14:25:00,Long,1967.48,1962.68,-4.7999999999999545,SL Hit,1962.68,1,158.97500000000332,50.0,-5.170000000000073,0.25
2023-11-15 18:40:00,2023-11-15 19:45:00,Short,1959.56,1961.9225000000004,-2.3625000000004093,SL Hit,1961.9225000000004,1,156.6125000000029,65.0,2.4700000000000273,-0.6599999999998545
2023-11-16 00:50:00,2023-11-16 03:10:00,Short,1959.3899999999999,1961.24,-3.700000000000273,SL Hit,1961.24,2,152.91250000000264,140.0,2.540000000000191,-2.9899999999997817
2023-11-16 03:30:00,2023-11-16 03:35:00,Long,1960.69,1960.69,0.0,SL Hit,1960.69,1,152.91250000000264,5.0,-0.4900000000000091,0.6599999999998545
2023-11-16 04:05:00,2023-11-16 10:40:00,Long,1964.52,1964.84,0.6399999999998727,SL Hit,1964.84,2,153.5525000000025,395.0,-4.319999999999936,3.9600000000000364
2023-11-16 10:45:00,2023-11-16 11:05:00,Short,1965.35,1966.2125,-0.8625000000001819,SL Hit,1966.2125,1,152.69000000000233,20.0,0.8800000000001091,-0.5599999999999454
2023-11-16 11:45:00,2023-11-16 11:50:00,Short,1965.35,1965.35,0.0,SL Hit,1965.35,1,152.69000000000233,5.0,0.14000000000010004,-1.25
2023-11-16 11:55:00,2023-11-16 13:30:00,Short,1964.6799999999998,1966.37,-3.380000000000109,SL Hit,1966.37,2,149.31000000000222,95.0,7.910000000000082,-2.5399999999997362
2023-11-17 04:05:00,2023-11-17 04:10:00,Long,1986.65,1986.2374999999997,-0.4125000000003638,SL Hit,1986.2374999999997,1,148.89750000000186,5.0,-0.44000000000005457,0.34999999999990905
2023-11-17 04:15:00,2023-11-17 04:20:00,Long,1985.3,1985.3,0.0,SL Hit,1985.3,1,148.89750000000186,5.0,-0.20000000000004547,0.9300000000000637
2023-11-17 06:20:00,2023-11-17 07:30:00,Short,1984.23,1984.6424999999997,-0.4124999999996817,SL Hit,1984.6424999999997,1,148.48500000000217,70.0,1.2699999999999818,-1.8299999999999272
2023-11-17 08:05:00,2023-11-17 14:15:00,Long,1985.62,1983.8200000000006,-1.7999999999992724,SL Hit,1983.8200000000006,1,146.6850000000029,370.0,-1.8299999999999272,7.650000000000091
2023-11-17 14:40:00,2023-11-20 01:05:00,Short,1980.4960000000003,1981.0,-2.51999999999839,SL Hit,1981.0,5,144.1650000000045,3505.0,4.573999999999614,-7.496000000000322
2023-11-20 05:15:00,2023-11-20 15:50:00,Short,1976.7933333333333,1972.57,25.340000000000146,SL Hit,1972.57,6,169.50500000000466,635.0,6.366666666666788,-11.24333333333334
2023-11-20 15:55:00,2023-11-20 16:00:00,Long,1971.89,1971.89,0.0,SL Hit,1971.89,1,169.50500000000466,5.0,-0.22000000000002728,1.1199999999998909
2023-11-20 16:05:00,2023-11-20 16:35:00,Long,1972.9,1972.9,0.0,SL Hit,1972.9,1,169.50500000000466,30.0,-0.2300000000000182,2.019999999999982
2023-11-20 19:50:00,2023-11-20 21:25:00,Long,1978.1599999999999,1976.94,-3.6599999999993997,SL Hit,1976.94,3,165.84500000000526,95.0,-1.7599999999997635,0.6400000000001
2023-11-20 21:30:00,2023-11-20 21:55:00,Short,1977.23,1977.7174999999995,-0.4874999999994998,SL Hit,1977.7174999999995,1,165.35750000000576,25.0,0.6900000000000546,-0.2300000000000182
2023-11-21 05:55:00,2023-11-21 07:30:00,Short,1990.675,1993.09,-4.829999999999927,SL Hit,1993.09,2,160.52750000000583,95.0,2.785000000000082,-1.474999999999909
2023-11-21 07:35:00,2023-11-21 08:45:00,Long,1993.2,1989.9374999999995,-3.2625000000005002,SL Hit,1989.9374999999995,1,157.26500000000533,70.0,-5.160000000000082,1.009999999999991
2023-11-21 19:05:00,2023-11-21 19:20:00,Short,1998.86,1999.4600000000003,-0.6000000000003638,SL Hit,1999.4600000000003,1,156.66500000000497,15.0,0.9800000000000182,-2.240000000000009
2023-11-22 00:30:00,2023-11-22 01:15:00,Short,1997.96,1998.2224999999999,-0.2624999999998181,SL Hit,1998.2224999999999,1,156.40250000000515,45.0,0.5699999999999363,-1.3600000000001273
2023-11-22 01:20:00,2023-11-22 04:40:00,Short,1996.8133333333335,1997.54,-2.1799999999993815,SL Hit,1997.54,3,154.22250000000577,200.0,1.3866666666665424,-1.5133333333335486
2023-11-22 06:30:00,2023-11-22 10:35:00,Long,2000.6,1999.2,-2.799999999999727,SL Hit,1999.2,2,151.42250000000604,245.0,-1.7999999999999545,5.490000000000009
2023-11-22 10:40:00,2023-11-22 11:05:00,Short,1999.91,2001.8225,-1.912499999999909,SL Hit,2001.8225,1,149.51000000000613,25.0,2.6099999999999,-0.10000000000013642
2023-11-22 17:15:00,2023-11-22 23:40:00,Short,1989.3633333333335,1991.41,-6.139999999999873,SL Hit,1991.41,3,143.37000000000626,385.0,3.1066666666665697,-2.413333333333412
2023-11-22 23:55:00,2023-11-23 08:20:00,Long,1994.37,1994.33,-0.11999999999989086,SL Hit,1994.33,3,143.25000000000637,505.0,-4.369999999999891,4.040000000000191
2023-11-23 08:30:00,2023-11-23 14:45:00,Short,1993.13,1994.3,-3.509999999999536,SL Hit,1994.3,3,139.74000000000683,375.0,2.699999999999818,-1.4300000000000637
2023-11-23 15:55:00,2023-11-23 17:50:00,Short,1991.97,1992.4574999999995,-0.4874999999994998,SL Hit,1992.4574999999995,1,139.25250000000733,115.0,0.7799999999999727,-2.6700000000000728
2023-11-24 01:00:00,2023-11-24 01:25:00,Long,1993.955,1992.7,-2.5099999999997635,SL Hit,1992.7,2,136.74250000000757,25.0,-1.2649999999998727,0.8650000000000091
2023-11-24 01:30:00,2023-11-24 04:50:00,Short,1992.755,1993.73,-3.899999999999636,SL Hit,1993.73,4,132.84250000000793,200.0,1.384999999999991,-1.6550000000002
2023-11-24 04:55:00,2023-11-24 07:15:00,Long,1993.6633333333332,1992.49,-3.519999999999527,SL Hit,1992.49,3,129.3225000000084,140.0,-1.4233333333331757,0.606666666666797
2023-11-24 07:20:00,2023-11-24 08:00:00,Short,1993.165,1993.97,-1.6100000000001273,SL Hit,1993.97,2,127.71250000000828,40.0,0.9549999999999272,-0.6150000000000091
2023-11-24 08:05:00,2023-11-24 12:50:00,Long,1994.42,1994.5,0.23999999999978172,SL Hit,1994.5,3,127.95250000000806,285.0,-2.1200000000001182,2.6599999999998545
2023-11-24 12:55:00,2023-11-24 13:25:00,Short,1995.3899999999999,1997.08,-3.380000000000109,SL Hit,1997.08,2,124.57250000000795,30.0,2.4300000000000637,-0.6799999999998363
2023-11-24 18:45:00,2023-11-27 11:45:00,Long,2010.5775,2011.82,9.93999999999869,SL Hit,2011.82,8,134.51250000000664,3900.0,-10.477500000000191,6.992499999999836
2023-11-27 11:50:00,2023-11-27 11:55:00,Short,2012.7,2012.7,0.0,SL Hit,2012.7,1,134.51250000000664,5.0,0.2400000000000091,-1.2999999999999545
2023-11-27 12:00:00,2023-11-27 12:05:00,Short,2013.04,2013.2274999999997,-0.18749999999977263,SL Hit,2013.2274999999997,1,134.32500000000687,5.0,0.6200000000001182,-0.5599999999999454
2023-11-27 12:35:00,2023-11-27 13:25:00,Short,2013.1599999999999,2014.4,-2.480000000000473,SL Hit,2014.4,2,131.8450000000064,50.0,1.4200000000000728,-0.9199999999998454
2023-11-27 13:45:00,2023-11-27 18:20:00,Short,2010.9975,2011.18,-0.7300000000004729,SL Hit,2011.18,4,131.11500000000592,275.0,3.1525000000001455,-5.147500000000036
2023-11-27 23:05:00,2023-11-28 00:00:00,Short,2012.91,2015.6850000000002,-2.775000000000091,SL Hit,2015.6850000000002,1,128.34000000000583,55.0,4.25,-0.5099999999999909
2023-11-28 02:20:00,2023-11-28 13:25:00,Short,2015.1933333333334,2015.88,-4.120000000000346,SL Hit,2015.88,6,124.22000000000548,665.0,2.306666666666615,-3.4033333333334213
2023-11-28 21:55:00,2023-11-29 07:10:00,Long,2043.3650000000002,2043.3,-0.2600000000011278,SL Hit,2043.3,4,123.96000000000436,555.0,-2.7550000000003365,8.374999999999545
2023-11-29 07:15:00,2023-11-29 14:35:00,Short,2041.42,2042.88,-2.9200000000000728,SL Hit,2042.88,2,121.04000000000428,440.0,3.2899999999999636,-5.539999999999964
2023-11-30 02:05:00,2023-11-30 02:45:00,Short,2043.8,2044.85,-1.0499999999999545,SL Hit,2044.85,1,119.99000000000433,40.0,2.150000000000091,-1.2999999999999545
2023-11-30 03:05:00,2023-11-30 04:35:00,Long,2045.125,2043.8,-2.650000000000091,SL Hit,2043.8,2,117.34000000000424,90.0,-1.4249999999999545,1.4249999999999545
2023-11-30 04:40:00,2023-11-30 07:00:00,Short,2044.03,2046.44,-4.820000000000164,SL Hit,2046.44,2,112.52000000000407,140.0,2.8299999999999272,-2.6099999999999
2023-11-30 08:45:00,2023-11-30 13:10:00,Short,2039.75,2040.46,-2.130000000000109,SL Hit,2040.46,3,110.39000000000397,265.0,2.519999999999982,-3.6900000000000546
2023-11-30 14:00:00,2023-11-30 23:00:00,Short,2036.56,2037.11,-2.199999999999818,SL Hit,2037.11,4,108.19000000000415,540.0,4.509999999999991,-4.319999999999936
2023-12-01 04:00:00,2023-12-01 06:20:00,Short,2039.4299999999998,2042.45,-6.040000000000418,SL Hit,2042.45,2,102.15000000000373,140.0,3.3300000000001546,-1.4299999999998363
2023-12-01 06:25:00,2023-12-01 06:35:00,Long,2041.77,2039.895,-1.875,SL Hit,2039.895,1,100.27500000000373,10.0,-1.9400000000000546,0.2300000000000182
2023-12-01 08:50:00,2023-12-01 11:25:00,Long,2043.32,2040.9950000000003,-2.3249999999995907,SL Hit,2040.9950000000003,1,97.95000000000414,155.0,-2.5599999999999454,6.460000000000264
2023-12-04 04:10:00,2023-12-04 04:15:00,Short,2084.13,2084.2799999999997,-0.1499999999996362,SL Hit,2084.2799999999997,1,97.8000000000045,5.0,0.19000000000005457,-1.3299999999999272
2023-12-04 15:25:00,2023-12-04 19:45:00,Short,2029.47,2030.37,-2.6999999999995907,SL Hit,2030.37,3,95.10000000000491,260.0,7.509999999999991,-8.569999999999936
2023-12-04 19:50:00,2023-12-04 20:30:00,Long,2030.35,2028.1750000000002,-2.174999999999727,SL Hit,2028.1750000000002,1,92.92500000000518,40.0,-2.2999999999999545,1.8600000000001273
2023-12-04 23:35:00,2023-12-05 04:45:00,Long,2032.8466666666666,2033.0,0.46000000000026375,SL Hit,2033.0,3,93.38500000000545,310.0,-4.24666666666667,8.073333333333494
2023-12-05 04:50:00,2023-12-05 07:10:00,Short,2033.7350000000001,2034.42,-1.3699999999998909,SL Hit,2034.42,2,92.01500000000556,140.0,0.9549999999999272,-2.8150000000000546
2023-12-05 07:15:00,2023-12-05 09:05:00,Long,2036.4450000000002,2031.4,-10.090000000000146,SL Hit,2031.4,2,81.92500000000541,110.0,-5.585000000000264,2.6649999999997362
2023-12-05 13:20:00,2023-12-05 14:45:00,Long,2026.92,2020.9949999999994,-5.925000000000637,SL Hit,2020.9949999999994,1,76.00000000000477,85.0,-9.650000000000091,3.699999999999818
2023-12-05 15:05:00,2023-12-05 19:50:00,Short,2020.5733333333335,2019.62,2.8600000000008095,SL Hit,2019.62,3,78.86000000000558,285.0,4.446666666666488,-10.863333333333458
2023-12-05 19:55:00,2023-12-05 20:20:00,Long,2019.1,2019.1,0.0,SL Hit,2019.1,1,78.86000000000558,25.0,-0.1999999999998181,1.650000000000091
2023-12-05 20:25:00,2023-12-05 23:30:00,Long,2018.855,2017.2,-3.3099999999999454,SL Hit,2017.2,2,75.55000000000564,185.0,-1.6549999999999727,0.875
2023-12-05 23:50:00,2023-12-06 00:50:00,Short,2018.78,2021.5925,-2.8125,SL Hit,2021.5925,1,72.73750000000564,60.0,3.1800000000000637,-0.5799999999999272
2023-12-06 03:40:00,2023-12-06 04:30:00,Long,2022.1,2021.5375000000004,-0.5624999999995453,SL Hit,2021.5375000000004,1,72.1750000000061,50.0,-0.7999999999999545,1.9700000000000273
2023-12-06 05:45:00,2023-12-06 09:55:00,Long,2023.9,2020.2,-7.400000000000091,SL Hit,2020.2,2,64.775000000006,250.0,-3.75,11.3599999999999
2023-12-06 10:00:00,2023-12-06 10:10:00,Short,2021.14,2022.9775000000002,-1.837500000000091,SL Hit,2022.9775000000002,1,62.93750000000591,10.0,2.3599999999999,-0.12000000000011823
2023-12-06 11:25:00,2023-12-06 12:35:00,Short,2020.74,2024.0775000000003,-3.3375000000003183,SL Hit,2024.0775000000003,1,59.60000000000559,70.0,3.730000000000018,-0.9400000000000546
2023-12-07 02:20:00,2023-12-07 04:00:00,Long,2028.71,2026.08,-5.260000000000218,SL Hit,2026.08,2,54.340000000005375,100.0,-2.630000000000109,1.1800000000000637
2023-12-07 04:30:00,2023-12-07 04:45:00,Short,2026.45,2026.45,0.0,SL Hit,2026.45,1,54.340000000005375,15.0,0.16999999999984539,-1.0399999999999636
2023-12-07 04:50:00,2023-12-07 06:25:00,Short,2026.45,2027.7249999999997,-1.2749999999996362,SL Hit,2027.7249999999997,1,53.06500000000574,95.0,2.3799999999998818,-1.150000000000091
2023-12-07 07:05:00,2023-12-07 07:15:00,Long,2029.1,2028.5375000000004,-0.5624999999995453,SL Hit,2028.5375000000004,1,52.502500000006194,10.0,-0.8099999999999454,0.44000000000005457
2023-12-07 07:35:00,2023-12-07 14:40:00,Long,2030.35,2029.3,-2.099999999999909,SL Hit,2029.3,2,50.402500000006285,425.0,-1.5699999999999363,9.310000000000173
2023-12-07 18:15:00,2023-12-07 20:50:00,Long,2030.5,2028.7,-3.599999999999909,SL Hit,2028.7,2,46.802500000006376,155.0,-2.400000000000091,1.3599999999999
2023-12-07 20:55:00,2023-12-08 00:20:00,Short,2028.653333333333,2028.8,-0.44000000000096406,SL Hit,2028.8,3,46.36250000000541,205.0,0.796666666667079,-1.8333333333330302
2023-12-08 00:30:00,2023-12-08 05:30:00,Long,2030.4433333333334,2030.22,-0.6700000000000728,SL Hit,2030.22,3,45.69250000000534,300.0,-2.8133333333332757,3.466666666666697
2023-12-08 05:35:00,2023-12-08 05:40:00,Short,2030.75,2030.8249999999998,-0.0749999999998181,SL Hit,2030.8249999999998,1,45.61750000000552,5.0,0.9400000000000546,-0.75
2023-12-08 05:55:00,2023-12-08 07:45:00,Short,2030.0933333333332,2030.89,-2.390000000000555,SL Hit,2030.89,3,43.227500000004966,110.0,1.1266666666667788,-1.283333333333303
2023-12-08 07:50:00,2023-12-08 08:00:00,Long,2030.47,2029.4575,-1.0125000000000455,SL Hit,2029.4575,1,42.21500000000492,10.0,-1.5699999999999363,0.6199999999998909
2023-12-08 08:15:00,2023-12-08 10:05:00,Short,2029.19,2031.22,-4.059999999999945,SL Hit,2031.22,2,38.155000000004975,110.0,2.089999999999918,-2.5900000000001455
2023-12-08 10:10:00,2023-12-08 10:15:00,Long,2030.08,2030.08,0.0,SL Hit,2030.08,1,38.155000000004975,5.0,-0.38999999999987267,1.1200000000001182
2023-12-08 13:10:00,2023-12-11 00:00:00,Short,2013.5966666666666,2007.39,18.619999999999436,SL Hit,2007.39,3,56.77500000000441,3530.0,15.013333333333321,-18.886666666666542
2023-12-11 00:05:00,2023-12-11 00:10:00,Long,2007.08,2006.2924999999998,-0.7875000000001364,SL Hit,2006.2924999999998,1,55.987500000004275,5.0,-1.1399999999998727,0.2899999999999636
2023-12-11 04:20:00,2023-12-11 04:35:00,Short,1996.61,1996.61,0.0,SL Hit,1996.61,1,55.987500000004275,15.0,0.020000000000209184,-1.3099999999999454
2023-12-11 07:50:00,2023-12-11 11:10:00,Short,1994.5533333333333,1994.6,-0.13999999999987267,SL Hit,1994.6,3,55.8475000000044,200.0,3.116666666666788,-2.9533333333333758
2023-12-11 11:20:00,2023-12-11 13:45:00,Long,1994.125,1991.6,-5.050000000000182,SL Hit,1991.6,2,50.79750000000422,145.0,-2.525000000000091,2.494999999999891
2023-12-11 14:00:00,2023-12-11 19:00:00,Short,1986.3000000000002,1982.61,7.380000000000564,SL Hit,1982.61,2,58.177500000004784,300.0,7.499999999999773,-10.900000000000091
2023-12-12 00:25:00,2023-12-12 03:00:00,Long,1983.13,1981.7,-2.8600000000001273,SL Hit,1981.7,2,55.31750000000466,155.0,-1.5300000000002,3.839999999999918
2023-12-12 03:05:00,2023-12-12 03:20:00,Short,1982.74,1983.8274999999999,-1.0874999999998636,SL Hit,1983.8274999999999,1,54.23000000000479,15.0,1.099999999999909,-0.44000000000005457
2023-12-12 07:10:00,2023-12-12 08:30:00,Long,1988.09,1984.8650000000002,-3.2249999999996817,SL Hit,1984.8650000000002,1,51.00500000000511,80.0,-3.3799999999998818,0.75
2023-12-12 12:05:00,2023-12-12 13:40:00,Long,1987.94,1985.6524999999997,-2.287500000000364,SL Hit,1985.6524999999997,1,48.71750000000475,95.0,-2.630000000000109,7.019999999999982
2023-12-12 13:50:00,2023-12-12 14:00:00,Short,1986.12,1986.12,0.0,SL Hit,1986.12,1,48.71750000000475,10.0,0.20000000000004547,-2.589999999999918
2023-12-12 14:05:00,2023-12-12 19:25:00,Short,1984.1699999999998,1980.6,14.279999999999745,SL Hit,1980.6,4,62.99750000000449,320.0,5.000000000000227,-7.0099999999997635
2023-12-12 19:30:00,2023-12-12 19:40:00,Long,1979.95,1979.95,0.0,SL Hit,1979.95,1,62.99750000000449,10.0,-0.4500000000000455,0.8899999999998727
2023-12-12 23:05:00,2023-12-13 01:25:00,Long,1980.7333333333333,1979.7,-3.099999999999909,SL Hit,1979.7,3,59.897500000004584,140.0,-1.033333333333303,1.9766666666666879
2023-12-13 02:05:00,2023-12-13 07:30:00,Short,1977.86,1979.61,-8.75,SL Hit,1979.61,5,51.147500000004584,325.0,2.230000000000018,-4.849999999999909
2023-12-13 07:50:00,2023-12-13 07:55:00,Long,1979.74,1979.2149999999997,-0.5250000000003183,SL Hit,1979.2149999999997,1,50.622500000004266,5.0,-0.8299999999999272,0.33999999999991815
2023-12-13 08:00:00,2023-12-13 15:10:00,Long,1982.1733333333332,1979.81,-7.089999999999691,SL Hit,1979.81,3,43.532500000004575,430.0,-3.373333333333221,4.046666666666852
2023-12-13 15:20:00,2023-12-13 19:00:00,Short,1981.2666666666664,1983.49,-6.670000000000755,SL Hit,1983.49,3,36.86250000000382,220.0,15.02333333333354,-2.8366666666663605
2023-12-14 03:30:00,2023-12-14 04:00:00,Long,2034.16,2027.5975,-6.5625,Bearish Trade Reversal,2027.5975,1,30.30000000000382,30.0,-4.560000000000173,0.0
2023-12-14 04:00:00,2023-12-14 05:35:00,Short,2031.13,2031.9,-2.3099999999999454,SL Hit,2031.9,3,27.990000000003874,95.0,1.5399999999999636,-1.4300000000000637
2023-12-14 07:40:00,2023-12-14 07:45:00,Short,2030.7,2030.7375,-0.03749999999990905,SL Hit,2030.7375,1,27.952500000003965,5.0,0.8899999999998727,-0.6700000000000728
2023-12-14 13:30:00,2023-12-14 14:05:00,Short,2031.205,2038.93,-15.450000000000273,SL Hit,2038.93,2,12.502500000003693,35.0,9.075000000000045,-3.1549999999999727
2023-12-14 14:15:00,2023-12-14 17:25:00,Long,2037.6666666666667,2037.06,-1.820000000000391,SL Hit,2037.06,3,10.682500000003301,190.0,-2.5166666666666515,9.883333333333212
2023-12-14 17:30:00,2023-12-14 17:35:00,Short,2037.53,2037.8674999999996,-0.3374999999996362,SL Hit,2037.8674999999996,1,10.345000000003665,5.0,0.39000000000010004,-0.9300000000000637
2023-12-14 17:40:00,2023-12-14 23:05:00,Short,2036.96,2036.56,0.8000000000001819,SL Hit,2036.56,2,11.145000000003847,325.0,1.1299999999998818,-7.2000000000000455
2023-12-14 23:10:00,2023-12-14 23:55:00,Long,2035.85,2035.2125000000005,-0.6374999999993634,SL Hit,2035.2125000000005,1,10.507500000004484,45.0,-0.6499999999998636,2.7000000000000455
2023-12-15 07:40:00,2023-12-15 13:20:00,Long,2040.435,2040.23,-0.4099999999998545,SL Hit,2040.23,2,10.09750000000463,340.0,-3.2849999999998545,3.9850000000001273
2023-12-15 13:25:00,2023-12-15 13:30:00,Short,2040.96,2042.6100000000001,-1.650000000000091,SL Hit,2042.6100000000001,1,8.447500000004538,5.0,2.1700000000000728,-4.420000000000073
2023-12-17 23:40:00,2023-12-18 01:00:00,Short,2016.15,2020.5374999999995,-4.387499999999363,SL Hit,2020.5374999999995,1,4.060000000005175,80.0,4.639999999999873,-0.75
2023-12-18 02:20:00,2023-12-18 10:05:00,Long,2022.8880000000001,2021.95,-4.690000000000509,SL Hit,2021.95,5,-0.6299999999953343,465.0,-2.7880000000002383,3.7319999999997435
2023-12-18 10:10:00,2023-12-18 13:25:00,Short,2022.81,2024.7599999999998,-1.949999999999818,SL Hit,2024.7599999999998,1,-2.5799999999951524,195.0,2.1100000000001273,-4.309999999999945
2023-12-18 14:05:00,2023-12-18 14:15:00,Long,2025.27,2023.6574999999998,-1.612500000000182,SL Hit,2023.6574999999998,1,-4.192499999995334,10.0,-2.6900000000000546,0.2999999999999545
2023-12-18 23:10:00,2023-12-18 23:15:00,Long,2027.21,2026.9475000000002,-0.2624999999998181,SL Hit,2026.9475000000002,1,-4.454999999995152,5.0,-0.8099999999999454,0.13999999999987267
2023-12-18 23:30:00,2023-12-18 23:35:00,Short,2026.15,2026.15,0.0,SL Hit,2026.15,1,-4.454999999995152,5.0,0.31999999999993634,-0.5199999999999818
2023-12-19 00:00:00,2023-12-19 00:05:00,Long,2027.48,2027.48,0.0,SL Hit,2027.48,1,-4.454999999995152,5.0,-0.17000000000007276,0.4800000000000182
2023-12-19 03:45:00,2023-12-19 06:35:00,Short,2023.9099999999999,2024.75,-1.680000000000291,SL Hit,2024.75,2,-6.134999999995443,170.0,1.5100000000002183,-2.8099999999999454
2023-12-19 06:45:00,2023-12-19 07:00:00,Long,2024.86,2023.6225000000002,-1.2374999999997272,SL Hit,2023.6225000000002,1,-7.372499999995171,15.0,-1.259999999999991,0.9200000000000728
2023-12-19 07:05:00,2023-12-19 18:10:00,Long,2029.8099999999997,2039.29,56.88000000000147,SL Hit,2039.29,6,49.5075000000063,665.0,-6.899999999999636,17.01000000000022
2023-12-19 22:00:00,2023-12-19 23:00:00,Long,2040.12,2039.5200000000004,-0.5999999999994543,SL Hit,2039.5200000000004,1,48.90750000000685,60.0,-1.2199999999998,0.03000000000020009
2023-12-20 01:10:00,2023-12-20 04:50:00,Short,2039.67,2040.85,-2.3599999999996726,SL Hit,2040.85,2,46.547500000007176,220.0,1.2899999999999636,-3.0700000000001637
2023-12-20 04:55:00,2023-12-20 10:00:00,Long,2040.993333333333,2039.6,-4.179999999999609,SL Hit,2039.6,3,42.36750000000757,305.0,-1.603333333333012,2.2966666666668516
2023-12-20 10:05:00,2023-12-20 14:00:00,Short,2037.345,2036.19,2.3099999999999454,SL Hit,2036.19,2,44.67750000000751,235.0,2.4349999999999454,-7.225000000000136
2023-12-20 18:25:00,2023-12-20 19:50:00,Long,2034.65,2033.0749999999998,-1.5750000000002728,SL Hit,2033.0749999999998,1,43.10250000000724,85.0,-4.009999999999991,2.3999999999998636
2023-12-20 19:55:00,2023-12-21 00:10:00,Short,2031.9766666666667,2033.15,-3.520000000000209,SL Hit,2033.15,3,39.58250000000703,255.0,1.643333333333203,-4.436666666666724
2023-12-21 00:15:00,2023-12-21 06:10:00,Long,2035.25,2034.9,-0.6999999999998181,SL Hit,2034.9,2,38.88250000000721,355.0,-2.4600000000000364,2.849999999999909
2023-12-21 06:15:00,2023-12-21 06:25:00,Short,2035.27,2035.27,0.0,SL Hit,2035.27,1,38.88250000000721,10.0,0.2599999999999909,-0.9700000000000273
2023-12-21 06:30:00,2023-12-21 06:35:00,Short,2035.67,2036.1949999999997,-0.5249999999996362,SL Hit,2036.1949999999997,1,38.357500000007576,5.0,0.6699999999998454,-0.060000000000172804
2023-12-21 07:30:00,2023-12-21 12:20:00,Short,2035.1425,2035.2,-0.23000000000047294,SL Hit,2035.2,4,38.1275000000071,290.0,1.9774999999999636,-2.0625
2023-12-21 19:50:00,2023-12-22 03:35:00,Long,2047.7666666666664,2047.92,0.4600000000009459,SL Hit,2047.92,3,38.58750000000805,465.0,-4.96666666666647,7.0233333333335395
2023-12-22 03:40:00,2023-12-22 03:45:00,Short,2048.33,2048.7049999999995,-0.37499999999954525,SL Hit,2048.7049999999995,1,38.212500000008504,5.0,0.599999999999909,-1.1899999999998272
2023-12-22 06:50:00,2023-12-22 07:25:00,Short,2047.61,2049.185000000001,-1.575000000000955,SL Hit,2049.185000000001,1,36.63750000000755,35.0,1.6700000000003001,-0.2599999999999909
2023-12-22 07:50:00,2023-12-22 16:05:00,Long,2057.735,2057.75,0.02999999999974534,SL Hit,2057.75,2,36.667500000007294,495.0,-8.085000000000036,12.46499999999969
2023-12-22 16:10:00,2023-12-26 01:20:00,Short,2056.563333333333,2057.6,-3.110000000000582,SL Hit,2057.6,3,33.55750000000671,4870.0,5.366666666666788,-4.963333333333139
2023-12-26 13:50:00,2023-12-26 19:20:00,Short,2059.54,2059.8,-1.0400000000008731,SL Hit,2059.8,4,32.51750000000584,330.0,2.199999999999818,-5.3400000000001455
2023-12-27 04:00:00,2023-12-27 06:20:00,Short,2064.4866666666667,2066.07,-4.750000000000455,SL Hit,2066.07,3,27.767500000005384,140.0,1.9533333333333758,-1.2866666666668607
2023-12-27 08:15:00,2023-12-27 08:30:00,Long,2066.7,2066.7,0.0,SL Hit,2066.7,1,27.767500000005384,15.0,-0.15999999999985448,1.580000000000382
2023-12-27 09:10:00,2023-12-27 10:25:00,Long,2068.23,2066.2424999999994,-1.9875000000006366,SL Hit,2066.2424999999994,1,25.780000000004748,75.0,-4.260000000000218,0.8200000000001637
2023-12-27 14:40:00,2023-12-28 04:55:00,Long,2078.685,2085.7,42.089999999999236,SL Hit,2085.7,6,67.87000000000398,855.0,-11.8449999999998,9.625
2023-12-28 05:00:00,2023-12-28 05:05:00,Short,2086.51,2086.9224999999988,-0.4124999999985448,SL Hit,2086.9224999999988,1,67.45750000000544,5.0,0.6599999999998545,-0.44000000000005457
2023-12-28 05:20:00,2023-12-28 07:10:00,Short,2086.4300000000003,2087.35,-1.839999999999236,SL Hit,2087.35,2,65.6175000000062,110.0,0.9999999999995453,-2.230000000000473
2023-12-28 07:15:00,2023-12-28 07:50:00,Long,2086.7,2084.487500000001,-2.2124999999987267,SL Hit,2084.487500000001,1,63.405000000007476,35.0,-2.619999999999891,0.42000000000007276
2023-12-28 07:55:00,2023-12-28 14:55:00,Short,2078.616666666667,2078.81,-0.5799999999994725,SL Hit,2078.81,3,62.825000000008004,420.0,7.64333333333343,-7.316666666666606
2023-12-28 15:00:00,2023-12-28 15:15:00,Long,2079.1,2078.0875,-1.012499999999818,SL Hit,2078.0875,1,61.812500000008185,15.0,-1.4400000000000546,1.6900000000000546
2023-12-28 18:05:00,2023-12-28 23:55:00,Short,2070.7766666666666,2066.92,11.569999999999709,SL Hit,2066.92,3,73.3825000000079,350.0,4.513333333333321,-6.176666666666733
2023-12-29 00:00:00,2023-12-29 09:20:00,Long,2068.615,2067.81,-3.219999999999345,SL Hit,2067.81,4,70.16250000000855,560.0,-3.2149999999996908,5.895000000000437
2023-12-29 09:25:00,2024-01-02 01:00:00,Short,2065.0583333333334,2066.44,-8.289999999999964,SL Hit,2066.44,6,61.872500000008586,5255.0,3.861666666666679,-6.838333333333594
2024-01-02 03:20:00,2024-01-02 03:50:00,Long,2069.27,2068.8574999999996,-0.4125000000003638,SL Hit,2068.8574999999996,1,61.46000000000822,30.0,-0.8000000000001819,0.9600000000000364
2024-01-02 03:55:00,2024-01-02 04:15:00,Long,2068.48,2068.48,0.0,SL Hit,2068.48,1,61.46000000000822,20.0,-0.07999999999992724,1.8699999999998909
2024-01-02 11:20:00,2024-01-03 01:50:00,Short,2065.0066666666667,2062.05,17.739999999998872,SL Hit,2062.05,6,79.2000000000071,870.0,10.793333333333521,-8.35666666666657
2024-01-03 04:40:00,2024-01-03 04:45:00,Long,2065.01,2064.2975,-0.712500000000091,SL Hit,2064.2975,1,78.487500000007,5.0,-1.0100000000002183,0.02999999999974534
2024-01-03 05:05:00,2024-01-03 05:35:00,Short,2063.875,2065.46,-3.1700000000000728,SL Hit,2065.46,2,75.31750000000693,30.0,2.0450000000000728,-0.4050000000002001
2024-01-03 05:40:00,2024-01-03 06:45:00,Long,2064.9733333333334,2063.4,-4.7199999999998,SL Hit,2063.4,3,70.59750000000713,65.0,-1.9733333333333576,0.6266666666665515
2024-01-03 06:50:00,2024-01-03 15:00:00,Short,2055.68,2048.0,23.03999999999951,SL Hit,2048.0,3,93.63750000000664,490.0,9.269999999999982,-23.759999999999764
2024-01-03 15:05:00,2024-01-03 15:10:00,Long,2044.58,2044.0550000000003,-0.5249999999996362,SL Hit,2044.0550000000003,1,93.112500000007,5.0,-4.069999999999936,2.2000000000000455
2024-01-03 16:05:00,2024-01-03 18:45:00,Short,2035.75,2035.75,0.0,SL Hit,2035.75,1,93.112500000007,160.0,0.30999999999994543,-4.779999999999973
2024-01-03 19:15:00,2024-01-03 23:40:00,Short,2031.31,2043.1975000000002,-11.887500000000273,SL Hit,2043.1975000000002,1,81.22500000000673,265.0,12.0,-0.0
2024-01-04 07:50:00,2024-01-04 08:20:00,Long,2048.62,2046.707500000001,-1.9124999999989996,SL Hit,2046.707500000001,1,79.31250000000773,30.0,-1.9199999999998454,0.03999999999996362
2024-01-04 13:25:00,2024-01-04 15:10:00,Short,2041.8633333333335,2042.23,-1.0999999999996817,SL Hit,2042.23,3,78.21250000000805,105.0,3.316666666666606,-5.303333333333512
2024-01-04 19:05:00,2024-01-04 19:15:00,Long,2043.47,2042.7199999999998,-0.7500000000002274,SL Hit,2042.7199999999998,1,77.46250000000782,10.0,-1.3700000000001182,0.17000000000007276
2024-01-05 07:20:00,2024-01-05 09:40:00,Long,2044.5733333333335,2041.41,-9.490000000000236,SL Hit,2041.41,3,67.97250000000759,140.0,-3.3733333333334485,2.156666666666524
2024-01-05 12:45:00,2024-01-05 13:30:00,Long,2040.01,2039.0725,-0.9375,SL Hit,2039.0725,1,67.03500000000759,45.0,-14.650000000000091,1.5599999999999454
2024-01-05 13:55:00,2024-01-07 23:40:00,Long,2043.7174999999997,2042.91,-3.229999999998654,SL Hit,2042.91,4,63.80500000000893,3465.0,-6.4074999999998,19.882500000000164
2024-01-07 23:45:00,2024-01-08 00:15:00,Short,2043.98,2045.1799999999998,-1.199999999999818,SL Hit,2045.1799999999998,1,62.60500000000911,30.0,1.5,-1.6800000000000637
2024-01-08 02:10:00,2024-01-08 14:55:00,Short,2030.7575,2025.27,21.949999999999818,SL Hit,2025.27,4,84.55500000000893,765.0,12.622500000000173,-12.137500000000045
2024-01-08 19:00:00,2024-01-08 19:30:00,Short,2026.65,2028.7124999999999,-2.0624999999997726,SL Hit,2028.7124999999999,1,82.49250000000916,30.0,2.1099999999999,-0.75
2024-01-08 20:20:00,2024-01-08 23:25:00,Short,2027.1333333333332,2028.68,-4.640000000000555,SL Hit,2028.68,3,77.8525000000086,185.0,1.6866666666667243,-1.7333333333331211
2024-01-09 04:30:00,2024-01-09 07:15:00,Short,2032.8,2035.0875000000005,-2.287500000000591,SL Hit,2035.0875000000005,1,75.56500000000801,165.0,2.480000000000018,-2.599999999999909
2024-01-09 07:35:00,2024-01-09 08:10:00,Long,2035.71,2033.3099999999997,-2.4000000000003183,SL Hit,2033.3099999999997,1,73.1650000000077,35.0,-3.1000000000001364,1.9099999999998545
2024-01-09 10:30:00,2024-01-09 10:50:00,Long,2037.8,2036.7125,-1.0874999999998636,SL Hit,2036.7125,1,72.07750000000783,20.0,-2.3299999999999272,0.650000000000091
2024-01-09 15:50:00,2024-01-09 23:10:00,Short,2029.83,2030.82,-2.9700000000000273,SL Hit,2030.82,3,69.1075000000078,440.0,3.150000000000091,-3.7100000000000364
2024-01-09 23:15:00,2024-01-09 23:20:00,Long,2030.88,2030.3549999999998,-0.5250000000003183,SL Hit,2030.3549999999998,1,68.58250000000749,5.0,-0.5800000000001546,0.14999999999986358
2024-01-10 00:15:00,2024-01-10 00:20:00,Long,2030.66,2030.6225000000002,-0.03749999999990905,SL Hit,2030.6225000000002,1,68.54500000000758,5.0,-0.41000000000008185,0.2999999999999545
2024-01-10 01:45:00,2024-01-10 05:25:00,Long,2030.7033333333336,2028.13,-7.720000000000482,SL Hit,2028.13,3,60.825000000007094,220.0,-2.803333333333512,2.026666666666415
2024-01-10 05:30:00,2024-01-10 07:40:00,Short,2029.42,2030.4325,-1.012499999999818,SL Hit,2030.4325,1,59.812500000007276,130.0,1.7300000000000182,-5.570000000000164
2024-01-10 14:05:00,2024-01-10 14:30:00,Short,2030.72,2032.6325,-1.912499999999909,SL Hit,2032.6325,1,57.90000000000737,25.0,2.099999999999909,-1.9600000000000364
2024-01-10 14:35:00,2024-01-10 23:00:00,Short,2026.7279999999998,2024.4,11.639999999998736,SL Hit,2024.4,5,69.5400000000061,505.0,5.61200000000008,-6.337999999999738
2024-01-11 04:15:00,2024-01-11 09:00:00,Long,2031.87,2030.0700000000006,-1.7999999999992724,SL Hit,2030.0700000000006,1,67.74000000000683,285.0,-2.369999999999891,3.6800000000000637
2024-01-11 13:35:00,2024-01-11 20:45:00,Short,2027.798,2027.28,2.5900000000001455,SL Hit,2027.28,5,70.33000000000698,430.0,6.602000000000089,-14.407999999999902
2024-01-11 23:05:00,2024-01-12 17:15:00,Long,2040.0012500000003,2044.31,34.469999999997526,SL Hit,2044.31,8,104.8000000000045,1090.0,-10.761250000000246,22.128749999999854
2024-01-14 23:00:00,2024-01-14 23:10:00,Long,2047.1,2046.95,-0.14999999999986358,SL Hit,2046.95,1,104.65000000000464,10.0,-0.599999999999909,1.180000000000291
2024-01-14 23:35:00,2024-01-15 01:40:00,Short,2047.365,2050.25,-5.769999999999982,SL Hit,2050.25,2,98.88000000000466,125.0,3.4950000000001182,-1.5650000000000546
2024-01-15 07:40:00,2024-01-15 08:10:00,Short,2053.52,2056.6324999999997,-3.112499999999727,SL Hit,2056.6324999999997,1,95.76750000000493,30.0,3.269999999999982,-0.5300000000002001
2024-01-15 10:20:00,2024-01-15 11:55:00,Short,2053.35,2053.65,-0.6000000000003638,SL Hit,2053.65,2,95.16750000000457,95.0,0.34999999999990905,-1.849999999999909
2024-01-15 12:00:00,2024-01-15 12:30:00,Long,2053.08,2051.5,-3.1599999999998545,SL Hit,2051.5,2,92.00750000000471,30.0,-2.1799999999998363,0.599999999999909
2024-01-15 12:35:00,2024-01-15 13:15:00,Short,2051.9300000000003,2053.7,-3.539999999999054,SL Hit,2053.7,2,88.46750000000566,40.0,1.9999999999995453,-0.5300000000002001
2024-01-15 13:25:00,2024-01-15 14:30:00,Long,2052.84,2051.7899999999995,-1.0500000000006366,SL Hit,2051.7899999999995,1,87.41750000000502,65.0,-1.0799999999999272,1.3999999999996362
2024-01-15 15:10:00,2024-01-15 15:25:00,Short,2051.41,2051.6725000000006,-0.2625000000007276,SL Hit,2051.6725000000006,1,87.15500000000429,15.0,0.2800000000002001,-1.7399999999997817
2024-01-15 16:10:00,2024-01-15 23:30:00,Long,2054.0699999999997,2053.55,-1.0399999999990541,SL Hit,2053.55,2,86.11500000000524,440.0,-1.669999999999618,1.980000000000473
2024-01-15 23:35:00,2024-01-16 06:50:00,Short,2051.3579999999997,2049.85,7.539999999999054,SL Hit,2049.85,5,93.65500000000429,435.0,3.782000000000153,-3.9779999999996107
2024-01-16 06:55:00,2024-01-16 07:20:00,Long,2049.85,2048.1625000000004,-1.6874999999995453,SL Hit,2048.1625000000004,1,91.96750000000475,25.0,-2.0499999999999545,0.9900000000002365
2024-01-16 08:20:00,2024-01-16 13:40:00,Short,2042.6200000000001,2040.94,5.040000000000191,SL Hit,2040.94,3,97.00750000000494,320.0,7.249999999999773,-11.180000000000064
2024-01-16 16:20:00,2024-01-16 19:50:00,Short,2032.243333333333,2028.71,10.599999999999227,SL Hit,2028.71,3,107.60750000000417,210.0,7.77666666666687,-8.343333333333021
2024-01-17 01:05:00,2024-01-17 01:10:00,Long,2027.1,2027.1,0.0,SL Hit,2027.1,1,107.60750000000417,5.0,-0.37999999999988177,0.9100000000000819
2024-01-17 01:30:00,2024-01-17 03:30:00,Long,2028.94,2026.4649999999997,-2.475000000000364,SL Hit,2026.4649999999997,1,105.1325000000038,120.0,-2.6400000000001,3.4199999999998454
2024-01-17 03:50:00,2024-01-17 04:00:00,Short,2024.26,2024.4099999999999,-0.14999999999986358,SL Hit,2024.4099999999999,1,104.98250000000394,10.0,0.41000000000008185,-1.6600000000000819
2024-01-17 07:15:00,2024-01-17 07:30:00,Short,2018.59,2021.2150000000001,-2.6250000000002274,SL Hit,2021.2150000000001,1,102.35750000000371,15.0,2.6800000000000637,-0.4499999999998181
2024-01-17 07:55:00,2024-01-17 13:20:00,Long,2025.4425,2023.71,-6.930000000000291,SL Hit,2023.71,4,95.42750000000342,325.0,-6.292500000000018,3.3274999999998727
2024-01-17 13:25:00,2024-01-17 20:40:00,Short,2014.0725000000002,2006.76,29.25000000000091,SL Hit,2006.76,4,124.67750000000433,435.0,10.897499999999809,-12.672500000000127
2024-01-17 20:50:00,2024-01-18 05:10:00,Long,2007.065,2006.44,-1.25,SL Hit,2006.44,2,123.42750000000433,500.0,-1.9650000000001455,4.714999999999918
2024-01-18 11:35:00,2024-01-18 13:30:00,Long,2012.26,2008.2850000000003,-3.9749999999996817,SL Hit,2008.2850000000003,1,119.45250000000465,115.0,-4.349999999999909,4.759999999999991
2024-01-18 13:35:00,2024-01-18 14:10:00,Short,2012.06,2012.06,0.0,SL Hit,2012.06,1,119.45250000000465,35.0,0.7899999999999636,-3.5499999999999545
2024-01-18 18:25:00,2024-01-18 19:20:00,Long,2017.7,2017.5875,-0.11249999999995453,SL Hit,2017.5875,1,119.3400000000047,55.0,-0.20000000000004547,3.1699999999998454
2024-01-19 03:35:00,2024-01-19 06:45:00,Short,2022.38,2023.5425,-1.162499999999909,SL Hit,2023.5425,1,118.17750000000478,190.0,1.2699999999999818,-2.7800000000002
2024-01-19 08:55:00,2024-01-19 14:40:00,Long,2029.6599999999999,2027.65,-6.029999999999291,SL Hit,2027.65,3,112.1475000000055,345.0,-2.619999999999891,9.63000000000011
2024-01-19 14:55:00,2024-01-19 15:00:00,Short,2029.27,2029.27,0.0,SL Hit,2029.27,1,112.1475000000055,5.0,1.8299999999999272,-1.6600000000000819
2024-01-19 15:05:00,2024-01-19 19:35:00,Short,2026.3700000000001,2029.12,-8.249999999999318,SL Hit,2029.12,3,103.89750000000618,270.0,2.949999999999818,-3.1400000000001
2024-01-19 19:50:00,2024-01-21 23:05:00,Long,2028.9699999999998,2027.0,-3.9399999999996,SL Hit,2027.0,2,99.95750000000658,3075.0,-2.1699999999998454,2.930000000000291
2024-01-21 23:10:00,2024-01-21 23:15:00,Short,2027.83,2027.83,0.0,SL Hit,2027.83,1,99.95750000000658,5.0,0.41000000000008185,-1.7300000000000182
2024-01-21 23:20:00,2024-01-22 01:10:00,Short,2027.145,2031.9,-9.510000000000218,SL Hit,2031.9,2,90.44750000000636,110.0,4.775000000000091,-1.625
2024-01-22 01:15:00,2024-01-22 02:00:00,Long,2030.64,2028.765,-1.875,SL Hit,2028.765,1,88.57250000000636,45.0,-2.270000000000209,0.5099999999999909
2024-01-22 03:45:00,2024-01-22 03:50:00,Short,2026.81,2026.8849999999998,-0.0749999999998181,SL Hit,2026.8849999999998,1,88.49750000000654,5.0,0.09000000000014552,-0.8099999999999454
2024-01-22 05:00:00,2024-01-22 08:20:00,Short,2023.2833333333335,2024.16,-2.6299999999996544,SL Hit,2024.16,3,85.86750000000688,200.0,2.156666666666524,-4.213333333333594
2024-01-22 08:25:00,2024-01-22 08:30:00,Long,2024.24,2023.4524999999999,-0.7875000000001364,SL Hit,2023.4524999999999,1,85.08000000000675,5.0,-1.6900000000000546,1.6299999999998818
2024-01-22 12:05:00,2024-01-22 12:10:00,Long,2025.88,2024.7174999999995,-1.1625000000005912,SL Hit,2024.7174999999995,1,83.91750000000616,5.0,-1.2800000000002,1.009999999999991
2024-01-22 14:10:00,2024-01-22 21:40:00,Short,2021.3625,2020.89,1.889999999999418,SL Hit,2020.89,4,85.80750000000558,450.0,5.117500000000064,-3.902499999999918
2024-01-23 02:55:00,2024-01-23 08:40:00,Long,2028.1033333333332,2027.87,-0.7000000000000455,SL Hit,2027.87,3,85.10750000000553,345.0,-6.403333333333194,9.546666666666852
2024-01-23 08:45:00,2024-01-23 19:15:00,Short,2026.605,2027.55,-3.7799999999997453,SL Hit,2027.55,4,81.32750000000578,630.0,3.714999999999918,-4.795000000000073
2024-01-23 19:20:00,2024-01-24 02:10:00,Long,2027.92,2025.9,-4.039999999999964,SL Hit,2025.9,2,77.28750000000582,410.0,-2.660000000000082,2.6099999999999
2024-01-24 04:45:00,2024-01-24 14:30:00,Long,2029.1440000000002,2031.51,11.82999999999879,SL Hit,2031.51,5,89.11750000000461,585.0,-7.144000000000233,7.185999999999694
2024-01-24 14:35:00,2024-01-24 21:50:00,Short,2019.4066666666668,2013.67,17.210000000000036,SL Hit,2013.67,3,106.32750000000465,435.0,12.383333333333212,-8.186666666666724
2024-01-25 05:45:00,2024-01-25 06:35:00,Short,2015.35,2016.31,-1.9200000000000728,SL Hit,2016.31,2,104.40750000000457,50.0,1.150000000000091,-1.349999999999909
2024-01-25 06:40:00,2024-01-25 07:10:00,Long,2015.435,2014.0,-2.869999999999891,SL Hit,2014.0,2,101.53750000000468,30.0,-1.615000000000009,0.4550000000001546
2024-01-25 07:15:00,2024-01-25 07:20:00,Short,2015.03,2021.3675000000003,-6.337500000000318,Bullish Trade Reversal,2021.3675000000003,1,95.20000000000437,5.0,1.6900000000000546,-0.0
2024-01-25 07:20:00,2024-01-25 08:15:00,Long,2016.0100000000002,2013.82,-4.380000000000564,SL Hit,2013.82,2,90.8200000000038,55.0,-2.5300000000002,1.7799999999997453
2024-01-25 08:35:00,2024-01-25 09:35:00,Short,2014.55,2016.5,-1.9500000000000455,SL Hit,2016.5,1,88.87000000000376,60.0,2.1800000000000637,-1.8199999999999363
2024-01-25 10:00:00,2024-01-25 10:30:00,Long,2017.8,2017.3500000000004,-0.4499999999995907,SL Hit,2017.3500000000004,1,88.42000000000417,30.0,-0.599999999999909,1.3400000000001455
2024-01-25 10:35:00,2024-01-25 11:40:00,Long,2018.165,2016.5,-3.3299999999999272,SL Hit,2016.5,2,85.09000000000424,65.0,-1.6649999999999636,1.2450000000001182
2024-01-25 12:05:00,2024-01-25 13:30:00,Short,2016.62,2018.0450000000003,-1.4250000000004093,SL Hit,2018.0450000000003,1,83.66500000000383,85.0,1.7800000000002,-5.9099999999998545
2024-01-25 13:35:00,2024-01-25 13:45:00,Short,2017.3,2035.6375000000003,-18.33750000000032,Bullish Trade Reversal,2035.6375000000003,1,65.32750000000351,10.0,4.8900000000001,-0.34999999999990905
2024-01-25 13:45:00,2024-01-25 16:25:00,Long,2019.1733333333334,2016.78,-7.180000000000291,SL Hit,2016.78,3,58.14750000000322,160.0,-3.283333333333303,5.666666666666515
2024-01-25 20:00:00,2024-01-26 03:50:00,Long,2021.2175,2020.9,-1.269999999999527,SL Hit,2020.9,4,56.87750000000369,470.0,-4.257499999999936,2.8924999999999272
2024-01-26 03:55:00,2024-01-26 05:30:00,Short,2021.5549999999998,2022.27,-1.430000000000291,SL Hit,2022.27,2,55.4475000000034,95.0,0.8450000000002547,-1.2549999999998818
2024-01-26 07:10:00,2024-01-26 07:25:00,Short,2021.74,2021.74,0.0,SL Hit,2021.74,1,55.4475000000034,15.0,-0.0,-1.8800000000001091
2024-01-26 08:45:00,2024-01-26 08:50:00,Short,2020.72,2021.5075000000002,-0.7875000000001364,SL Hit,2021.5075000000002,1,54.660000000003265,5.0,0.849999999999909,-0.7200000000000273
2024-01-26 10:25:00,2024-01-26 12:35:00,Long,2022.08,2020.2799999999997,-1.800000000000182,SL Hit,2020.2799999999997,1,52.86000000000308,130.0,-1.949999999999818,2.2100000000000364
2024-01-26 13:35:00,2024-01-26 13:40:00,Long,2021.4,2012.8499999999995,-8.550000000000637,Bearish Trade Reversal,2012.8499999999995,1,44.31000000000245,5.0,-2.2800000000002,1.8699999999998909
2024-01-26 13:40:00,2024-01-26 20:20:00,Short,2019.7,2018.18,4.559999999999945,SL Hit,2018.18,3,48.87000000000239,400.0,6.210000000000036,-3.7000000000000455
2024-01-26 20:30:00,2024-01-26 21:35:00,Long,2018.15,2017.5499999999997,-0.6000000000003638,SL Hit,2017.5499999999997,1,48.27000000000203,65.0,-0.9500000000000455,1.0899999999999181
2024-01-29 06:30:00,2024-01-29 06:35:00,Long,2027.37,2027.1075,-0.2624999999998181,SL Hit,2027.1075,1,48.00750000000221,5.0,-0.5599999999999454,0.2300000000000182
2024-01-30 02:10:00,2024-01-30 02:50:00,Short,2030.18,2031.6799999999996,-1.4999999999995453,SL Hit,2031.6799999999996,1,46.507500000002665,40.0,1.6099999999999,-0.6800000000000637
2024-01-30 05:35:00,2024-01-30 05:40:00,Long,2032.72,2032.72,0.0,SL Hit,2032.72,1,46.507500000002665,5.0,-0.7200000000000273,0.4900000000000091
2024-01-30 05:45:00,2024-01-30 05:55:00,Long,2032.89,2031.9525,-0.9375,SL Hit,2031.9525,1,45.570000000002665,10.0,-0.9500000000000455,0.16999999999984539
2024-01-30 19:35:00,2024-01-31 00:40:00,Long,2036.51,2035.2,-3.9299999999998363,SL Hit,2035.2,3,41.64000000000283,305.0,-1.509999999999991,1.990000000000009
2024-01-31 00:45:00,2024-01-31 05:55:00,Short,2035.2566666666664,2034.68,1.7299999999991087,SL Hit,2034.68,3,43.37000000000194,310.0,1.8533333333334667,-3.0566666666663878
2024-01-31 12:30:00,2024-01-31 13:10:00,Long,2038.04,2033.7650000000003,-4.274999999999636,Bearish Trade Reversal,2033.7650000000003,1,39.0950000000023,40.0,-2.240000000000009,1.259999999999991
2024-01-31 13:10:00,2024-01-31 13:15:00,Short,2037.77,2037.77,0.0,SL Hit,2037.77,1,39.0950000000023,5.0,1.1800000000000637,-1.9700000000000273
2024-01-31 13:20:00,2024-01-31 13:25:00,Long,2037.75,2037.75,0.0,SL Hit,2037.75,1,39.0950000000023,5.0,-0.20000000000004547,0.9800000000000182
2024-01-31 18:25:00,2024-01-31 23:05:00,Short,2040.4966666666667,2039.81,2.060000000000173,SL Hit,2039.81,3,41.155000000002474,280.0,9.893333333333203,-9.49666666666667
2024-02-02 02:05:00,2024-02-02 04:00:00,Short,2054.0033333333336,2054.67,-1.9999999999995453,SL Hit,2054.67,3,39.15500000000293,115.0,0.9566666666664787,-2.1033333333334667
2024-02-02 04:05:00,2024-02-02 04:15:00,Short,2054.76,2055.5474999999988,-0.7874999999985448,SL Hit,2055.5474999999988,1,38.367500000004384,10.0,1.0799999999999272,-0.1000000000003638
2024-02-02 04:30:00,2024-02-02 05:25:00,Short,2054.91,2055.84,-1.860000000000582,SL Hit,2055.84,2,36.5075000000038,55.0,1.2300000000000182,-1.1099999999996726
2024-02-02 05:35:00,2024-02-02 05:55:00,Long,2055.26,2055.26,0.0,SL Hit,2055.26,1,36.5075000000038,20.0,-0.6600000000003092,1.1599999999998545
2024-02-02 06:05:00,2024-02-02 06:20:00,Long,2055.76,2055.1974999999998,-0.5625000000004547,SL Hit,2055.1974999999998,1,35.94500000000335,15.0,-1.4400000000000546,0.7299999999995634
2024-02-02 07:30:00,2024-02-02 08:50:00,Long,2055.15,2054.72,-1.2900000000008731,SL Hit,2054.72,3,34.655000000002474,80.0,-0.9200000000000728,1.5799999999999272
2024-02-02 10:05:00,2024-02-02 10:10:00,Short,2053.67,2053.745,-0.0749999999998181,SL Hit,2053.745,1,34.580000000002656,5.0,0.19000000000005457,-1.0700000000001637
2024-02-02 12:10:00,2024-02-02 13:30:00,Long,2055.4,2052.0249999999996,-3.3750000000004547,SL Hit,2052.0249999999996,1,31.2050000000022,80.0,-14.440000000000055,2.019999999999982
2024-02-02 16:10:00,2024-02-05 00:20:00,Long,2036.8719999999998,2036.1,-3.8599999999996726,SL Hit,2036.1,5,27.34500000000253,3370.0,-3.6119999999998527,5.528000000000247
2024-02-05 03:10:00,2024-02-05 10:30:00,Short,2028.6200000000001,2024.09,18.1200000000008,SL Hit,2024.09,4,45.46500000000333,440.0,5.239999999999782,-7.900000000000091
2024-02-05 17:05:00,2024-02-05 17:15:00,Long,2022.97,2021.8075000000003,-1.1624999999996817,SL Hit,2021.8075000000003,1,44.30250000000365,10.0,-1.4400000000000546,0.14999999999986358
2024-02-05 17:40:00,2024-02-05 20:00:00,Long,2025.225,2025.28,0.11000000000012733,SL Hit,2025.28,2,44.412500000003774,140.0,-1.724999999999909,2.125
2024-02-05 21:20:00,2024-02-05 23:00:00,Short,2024.86,2025.1975000000004,-0.3375000000005457,SL Hit,2025.1975000000004,1,44.07500000000323,100.0,0.540000000000191,-1.5599999999999454
2024-02-06 00:55:00,2024-02-06 02:05:00,Long,2026.3,2025.9250000000002,-0.3749999999997726,SL Hit,2025.9250000000002,1,43.700000000003456,70.0,-0.4700000000000273,2.019999999999982
2024-02-06 03:15:00,2024-02-06 04:15:00,Short,2024.42,2024.42,0.0,SL Hit,2024.42,1,43.700000000003456,60.0,0.05999999999994543,-1.3200000000001637
2024-02-06 06:10:00,2024-02-06 06:20:00,Long,2027.96,2027.7350000000001,-0.22499999999990905,SL Hit,2027.7350000000001,1,43.47500000000355,10.0,-0.32999999999992724,0.36999999999989086
2024-02-06 07:10:00,2024-02-06 07:25:00,Long,2027.53,2027.4175,-0.11249999999995453,SL Hit,2027.4175,1,43.36250000000359,15.0,-0.2999999999999545,1.3199999999999363
2024-02-06 08:10:00,2024-02-06 11:30:00,Short,2024.685,2026.2,-3.0300000000002,SL Hit,2026.2,2,40.33250000000339,200.0,1.9249999999999545,-2.0850000000000364
2024-02-06 12:10:00,2024-02-06 12:15:00,Long,2026.48,2025.3175,-1.162499999999909,SL Hit,2025.3175,1,39.17000000000348,5.0,-1.6800000000000637,0.5899999999999181
2024-02-06 12:20:00,2024-02-07 00:45:00,Long,2033.0171428571427,2034.47,10.170000000000982,SL Hit,2034.47,7,49.340000000004466,745.0,-8.427142857142826,5.602857142857147
2024-02-07 00:50:00,2024-02-07 01:05:00,Short,2035.03,2035.5925000000002,-0.5625000000002274,SL Hit,2035.5925000000002,1,48.77750000000424,15.0,0.6000000000001364,-1.1299999999998818
2024-02-07 01:30:00,2024-02-07 04:50:00,Short,2034.51,2035.3,-1.5799999999999272,SL Hit,2035.3,2,47.19750000000431,200.0,0.9100000000000819,-1.1099999999999
2024-02-07 04:55:00,2024-02-07 05:35:00,Long,2034.99,2034.0,-1.9800000000000182,SL Hit,2034.0,2,45.21750000000429,40.0,-1.990000000000009,0.39000000000010004
2024-02-07 05:50:00,2024-02-07 07:15:00,Short,2034.05,2035.0625,-1.0125000000000455,SL Hit,2035.0625,1,44.20500000000425,85.0,1.2200000000000273,-2.349999999999909
2024-02-07 07:25:00,2024-02-07 08:10:00,Long,2034.1,2034.1,0.0,SL Hit,2034.1,1,44.20500000000425,45.0,-0.16999999999984539,1.8300000000001546
2024-02-07 08:40:00,2024-02-07 11:20:00,Short,2032.38,2034.87,-4.979999999999563,SL Hit,2034.87,2,39.225000000004684,160.0,2.5799999999999272,-0.9800000000000182
2024-02-07 11:30:00,2024-02-07 11:35:00,Long,2034.85,2034.85,0.0,SL Hit,2034.85,1,39.225000000004684,5.0,-0.14999999999986358,0.7699999999999818
2024-02-07 12:20:00,2024-02-07 12:40:00,Short,2032.56,2032.56,0.0,SL Hit,2032.56,1,39.225000000004684,20.0,0.8300000000001546,-1.990000000000009
2024-02-07 13:50:00,2024-02-07 14:30:00,Long,2034.33,2034.255,-0.0749999999998181,SL Hit,2034.255,1,39.150000000004866,40.0,-1.6599999999998545,3.3200000000001637
2024-02-07 14:40:00,2024-02-07 20:35:00,Long,2035.5475000000001,2034.09,-5.830000000000837,SL Hit,2034.09,4,33.32000000000403,355.0,-2.347500000000082,8.9224999999999
2024-02-07 20:40:00,2024-02-07 23:05:00,Short,2034.905,2035.77,-1.7300000000000182,SL Hit,2035.77,2,31.59000000000401,145.0,0.8949999999999818,-2.105000000000018
2024-02-08 02:40:00,2024-02-08 06:45:00,Short,2035.3,2033.54,5.279999999999973,SL Hit,2033.54,3,36.870000000003984,245.0,1.6300000000001091,-4.2000000000000455
2024-02-08 07:00:00,2024-02-08 08:15:00,Long,2032.9450000000002,2031.4,-3.0900000000001455,SL Hit,2031.4,2,33.78000000000384,75.0,-2.5450000000000728,1.9849999999999
2024-02-08 08:20:00,2024-02-08 09:45:00,Short,2030.99,2033.3149999999996,-2.3249999999995907,SL Hit,2033.3149999999996,1,31.455000000004247,85.0,2.7799999999999727,-1.900000000000091
2024-02-08 16:00:00,2024-02-08 16:35:00,Long,2031.51,2027.7225,-3.787499999999909,SL Hit,2027.7225,1,27.66750000000434,35.0,-3.7999999999999545,0.25
2024-02-08 20:15:00,2024-02-08 20:20:00,Long,2033.21,2032.385,-0.8250000000000455,SL Hit,2032.385,1,26.842500000004293,5.0,-1.009999999999991,0.12999999999988177
2024-02-08 20:45:00,2024-02-08 20:50:00,Long,2033.3,2032.7750000000005,-0.5249999999994088,SL Hit,2032.7750000000005,1,26.317500000004884,5.0,-0.599999999999909,0.06999999999993634
2024-02-08 21:05:00,2024-02-09 00:40:00,Long,2033.34,2032.7775000000004,-0.5624999999995453,SL Hit,2032.7775000000004,1,25.75500000000534,215.0,-1.3399999999999181,1.4800000000000182
2024-02-09 02:10:00,2024-02-09 03:50:00,Long,2033.4,2032.6499999999999,-0.7500000000002274,SL Hit,2032.6499999999999,1,25.00500000000511,100.0,-1.1000000000001364,1.490000000000009
2024-02-09 04:10:00,2024-02-09 04:20:00,Short,2032.37,2033.1200000000001,-0.7500000000002274,SL Hit,2033.1200000000001,1,24.255000000004884,10.0,0.9500000000000455,-0.9699999999997999
2024-02-09 07:10:00,2024-02-09 08:10:00,Long,2033.61,2031.9225000000006,-1.6874999999993179,SL Hit,2031.9225000000006,1,22.567500000005566,60.0,-2.339999999999918,0.5300000000002001
2024-02-09 08:25:00,2024-02-09 13:30:00,Short,2031.6466666666668,2033.36,-5.139999999999418,SL Hit,2033.36,3,17.427500000006148,305.0,5.103333333333239,-5.956666666666706
2024-02-09 13:35:00,2024-02-09 20:15:00,Short,2026.084,2025.86,1.1200000000008004,SL Hit,2025.86,5,18.54750000000695,400.0,5.796000000000049,-5.7840000000001055
2024-02-09 20:30:00,2024-02-09 21:50:00,Long,2025.3,2023.9,-2.799999999999727,SL Hit,2023.9,2,15.747500000007221,80.0,-1.740000000000009,0.5599999999999454
2024-02-11 22:00:00,2024-02-11 23:00:00,Short,2023.45,2023.45,0.0,SL Hit,2023.45,1,15.747500000007221,60.0,3.099999999999909,-0.0
2024-02-12 01:20:00,2024-02-12 01:30:00,Short,2024.46,2024.46,0.0,SL Hit,2024.46,1,15.747500000007221,10.0,0.33999999999991815,-0.8600000000001273
2024-02-12 01:50:00,2024-02-12 04:20:00,Short,2023.96,2023.96,0.0,SL Hit,2023.96,1,15.747500000007221,150.0,0.06999999999993634,-2.9600000000000364
2024-02-12 06:15:00,2024-02-12 09:00:00,Long,2024.605,2023.04,-3.130000000000109,SL Hit,2023.04,2,12.617500000007112,165.0,-2.005000000000109,2.375
2024-02-12 09:05:00,2024-02-12 13:05:00,Short,2022.77,2022.45,0.6399999999998727,SL Hit,2022.45,2,13.257500000006985,240.0,1.1200000000001182,-3.4700000000000273
2024-02-12 23:35:00,2024-02-12 23:45:00,Short,2018.58,2018.9925000000003,-0.4125000000003638,SL Hit,2018.9925000000003,1,12.845000000006621,10.0,0.4700000000000273,-0.7799999999999727
2024-02-13 00:30:00,2024-02-13 01:00:00,Short,2018.66,2020.0099999999998,-1.3499999999996817,SL Hit,2020.0099999999998,1,11.49500000000694,30.0,2.3599999999999,-0.2599999999999909
2024-02-13 01:10:00,2024-02-13 01:15:00,Long,2020.3,2019.9250000000002,-0.3749999999997726,SL Hit,2019.9250000000002,1,11.120000000007167,5.0,-1.2999999999999545,0.21000000000003638
2024-02-13 10:25:00,2024-02-13 13:30:00,Long,2027.2399999999998,2026.8,-1.3199999999994816,SL Hit,2026.8,3,9.800000000007685,185.0,-12.189999999999827,2.4700000000002547
2024-02-13 19:10:00,2024-02-14 02:05:00,Short,1992.1433333333334,1993.09,-2.8399999999994634,SL Hit,1993.09,3,6.960000000008222,415.0,1.5166666666666515,-3.7433333333333394
2024-02-14 02:15:00,2024-02-14 06:45:00,Long,1992.34,1991.08,-2.519999999999982,SL Hit,1991.08,2,4.44000000000824,270.0,-1.4099999999998545,0.9300000000000637
2024-02-14 06:50:00,2024-02-14 10:55:00,Short,1990.68,1992.81,-4.2599999999997635,SL Hit,1992.81,2,0.1800000000084765,245.0,2.4099999999998545,-4.519999999999982
2024-02-14 11:05:00,2024-02-14 11:35:00,Long,1992.19,1990.3525,-1.837500000000091,SL Hit,1990.3525,1,-1.6574999999916145,30.0,-2.1900000000000546,0.9600000000000364
2024-02-14 11:45:00,2024-02-14 12:30:00,Long,1991.495,1990.0,-2.9899999999997817,SL Hit,1990.0,2,-4.647499999991396,45.0,-1.8949999999999818,1.4650000000001455
2024-02-14 12:35:00,2024-02-14 16:30:00,Short,1989.24,1991.8,-7.679999999999836,SL Hit,1991.8,3,-12.327499999991232,235.0,3.6099999999999,-3.9700000000000273
2024-02-14 16:45:00,2024-02-14 20:30:00,Long,1990.295,1989.7,-1.1900000000000546,SL Hit,1989.7,2,-13.517499999991287,225.0,-0.6050000000000182,5.704999999999927
2024-02-14 20:35:00,2024-02-14 23:00:00,Short,1989.98,1992.755,-2.775000000000091,SL Hit,1992.755,1,-16.292499999991378,145.0,3.4600000000000364,-3.630000000000109
2024-02-14 23:05:00,2024-02-15 07:25:00,Short,1992.3033333333333,1993.46,-3.4700000000002547,SL Hit,1993.46,3,-19.762499999991633,500.0,1.8266666666668243,-2.123333333333221
2024-02-15 07:35:00,2024-02-16 13:30:00,Long,2001.335,2002.64,10.44000000000051,SL Hit,2002.64,8,-9.322499999991123,1795.0,-8.355000000000018,6.615000000000009
2024-02-16 17:25:00,2024-02-18 23:05:00,Long,2011.51,2010.5,-2.019999999999982,SL Hit,2010.5,2,-11.342499999991105,3220.0,-2.7999999999999545,3.509999999999991
2024-02-18 23:10:00,2024-02-19 00:55:00,Short,2012.1,2018.8875000000005,-6.787500000000591,SL Hit,2018.8875000000005,1,-18.129999999991696,105.0,7.600000000000136,-5.730000000000018
2024-02-19 08:40:00,2024-02-19 17:30:00,Short,2018.0449999999998,2017.56,1.9399999999995998,SL Hit,2017.56,4,-16.189999999992096,530.0,2.5450000000000728,-4.754999999999882
2024-02-19 17:40:00,2024-02-19 23:00:00,Long,2017.54,2015.0650000000005,-2.4749999999994543,SL Hit,2015.0650000000005,1,-18.66499999999155,320.0,-6.079999999999927,0.8500000000001364
2024-02-19 23:05:00,2024-02-20 01:25:00,Short,2016.8000000000002,2018.1,-2.5999999999994543,SL Hit,2018.1,2,-21.264999999991005,140.0,1.6199999999998909,-2.6000000000001364
2024-02-20 01:40:00,2024-02-20 14:45:00,Long,2021.77,2025.7,19.65000000000032,SL Hit,2025.7,5,-1.6149999999906868,785.0,-5.470000000000027,8.8900000000001
2024-02-20 14:50:00,2024-02-20 17:45:00,Short,2026.6375,2028.14,-6.010000000000218,SL Hit,2028.14,4,-7.624999999990905,175.0,3.2525000000000546,-1.9375
2024-02-20 17:55:00,2024-02-20 20:00:00,Long,2028.115,2024.7,-6.829999999999927,SL Hit,2024.7,2,-14.454999999990832,125.0,-4.255000000000109,0.6949999999999363
2024-02-21 00:15:00,2024-02-21 00:20:00,Short,2022.99,2023.2899999999997,-0.29999999999972715,SL Hit,2023.2899999999997,1,-14.75499999999056,5.0,0.42000000000007276,-0.14000000000010004
2024-02-21 00:40:00,2024-02-21 01:15:00,Short,2023.45,2024.7624999999998,-1.3124999999997726,SL Hit,2024.7624999999998,1,-16.067499999990332,35.0,1.8299999999999272,-0.75
2024-02-21 13:05:00,2024-02-21 13:20:00,Long,2030.21,2030.21,0.0,SL Hit,2030.21,1,-16.067499999990332,15.0,-1.509999999999991,1.0899999999999181
2024-02-21 14:40:00,2024-02-21 19:10:00,Short,2024.9866666666667,2025.81,-2.4699999999998,SL Hit,2025.81,3,-18.537499999990132,270.0,5.133333333333212,-4.5166666666666515
2024-02-21 19:15:00,2024-02-21 21:15:00,Long,2024.9466666666667,2024.08,-2.600000000000364,SL Hit,2024.08,3,-21.137499999990496,120.0,-1.1866666666667243,1.783333333333303
2024-02-21 21:20:00,2024-02-21 21:40:00,Short,2024.04,2025.4275000000005,-1.3875000000005002,SL Hit,2025.4275000000005,1,-22.524999999990996,20.0,1.759999999999991,-0.13999999999987267
2024-02-21 23:05:00,2024-02-22 00:55:00,Short,2025.64,2026.48,-1.6799999999998363,SL Hit,2026.48,2,-24.204999999990832,110.0,0.9199999999998454,-1.1400000000001
2024-02-22 01:00:00,2024-02-22 03:45:00,Long,2027.19,2025.9,-2.5799999999999272,SL Hit,2025.9,2,-26.78499999999076,165.0,-1.490000000000009,1.2100000000000364
2024-02-22 03:50:00,2024-02-22 05:05:00,Short,2025.6,2029.35,-3.75,SL Hit,2029.35,1,-30.53499999999076,75.0,3.8400000000001455,-0.01999999999998181
2024-02-22 06:30:00,2024-02-22 06:35:00,Long,2029.73,2029.73,0.0,SL Hit,2029.73,1,-30.53499999999076,5.0,-0.16000000000008185,0.5
2024-02-22 06:40:00,2024-02-22 10:55:00,Long,2029.225,2028.68,-1.0899999999996908,SL Hit,2028.68,2,-31.62499999999045,255.0,-0.724999999999909,5.144999999999982
2024-02-22 11:00:00,2024-02-22 17:30:00,Short,2026.5025,2024.38,8.489999999999782,SL Hit,2024.38,4,-23.13499999999067,390.0,3.2574999999999363,-6.732500000000073
2024-02-23 00:35:00,2024-02-23 05:10:00,Long,2025.3075000000001,2024.8,-2.030000000000655,SL Hit,2024.8,4,-25.164999999991323,275.0,-2.7975000000001273,1.912499999999909
2024-02-23 08:50:00,2024-02-23 08:55:00,Short,2018.86,2018.8974999999998,-0.03749999999990905,SL Hit,2018.8974999999998,1,-25.202499999991232,5.0,0.6900000000000546,-0.5399999999999636
2024-02-23 11:05:00,2024-02-23 20:00:00,Long,2029.6966666666667,2036.39,20.080000000000155,SL Hit,2036.39,3,-5.122499999991078,535.0,-8.196666666666715,11.463333333333367
2024-02-23 20:05:00,2024-02-26 05:50:00,Short,2033.9,2033.91,-0.01999999999998181,SL Hit,2033.91,2,-5.14249999999106,3465.0,3.240000000000009,-4.100000000000136
2024-02-26 05:55:00,2024-02-26 10:50:00,Long,2033.1066666666666,2032.25,-2.569999999999709,SL Hit,2032.25,3,-7.712499999990769,295.0,-1.3666666666665606,3.673333333333403
2024-02-26 11:15:00,2024-02-26 12:45:00,Short,2032.08,2033.6925,-1.612500000000182,SL Hit,2033.6925,1,-9.32499999999095,90.0,1.8500000000001364,-1.4800000000000182
2024-02-26 13:40:00,2024-02-26 13:50:00,Long,2033.97,2033.3699999999997,-0.6000000000003638,SL Hit,2033.3699999999997,1,-9.924999999991314,10.0,-1.2100000000000364,0.2599999999999909
2024-02-26 18:35:00,2024-02-27 14:00:00,Long,2033.9962499999997,2034.9,7.230000000003201,SL Hit,2034.9,8,-2.694999999988113,1165.0,-6.296249999999645,5.293750000000273
2024-02-27 14:20:00,2024-02-27 18:10:00,Short,2033.0100000000002,2034.25,-3.719999999999345,SL Hit,2034.25,3,-6.414999999987458,230.0,3.4099999999998545,-3.2400000000002365
2024-02-27 18:15:00,2024-02-27 19:20:00,Long,2035.4,2029.77,-11.260000000000218,SL Hit,2029.77,2,-17.674999999987676,65.0,-5.800000000000182,0.599999999999909
2024-02-27 19:25:00,2024-02-28 00:40:00,Short,2030.13,2030.69,-1.1199999999998909,SL Hit,2030.69,2,-18.794999999987567,315.0,0.8199999999999363,-1.3500000000001364
2024-02-28 01:05:00,2024-02-28 04:15:00,Long,2030.585,2029.88,-1.4099999999998545,SL Hit,2029.88,2,-20.20499999998742,190.0,-1.1849999999999454,3.0750000000000455
2024-02-28 04:20:00,2024-02-28 04:25:00,Short,2030.37,2030.4075000000007,-0.037500000000818545,SL Hit,2030.4075000000007,1,-20.24249999998824,5.0,0.5200000000002092,-0.5599999999999454
2024-02-28 21:40:00,2024-02-29 05:25:00,Long,2035.0149999999999,2033.85,-2.3299999999999272,SL Hit,2033.85,2,-22.572499999988167,465.0,-1.7149999999999181,1.9050000000002
2024-02-29 05:30:00,2024-02-29 05:40:00,Short,2034.84,2035.3275000000003,-0.4875000000004093,SL Hit,2035.3275000000003,1,-23.059999999988577,10.0,0.4900000000000091,-0.3999999999998636
2024-02-29 06:45:00,2024-02-29 07:00:00,Long,2036.61,2036.61,0.0,SL Hit,2036.61,1,-23.059999999988577,15.0,-0.16999999999984539,0.37000000000011823
2024-02-29 07:25:00,2024-02-29 09:15:00,Long,2036.79,2035.51,-2.5599999999999454,SL Hit,2035.51,2,-25.619999999988522,110.0,-1.509999999999991,0.8900000000001
2024-02-29 09:30:00,2024-02-29 13:30:00,Short,2035.38,2037.42,-4.079999999999927,SL Hit,2037.42,2,-29.69999999998845,240.0,3.439999999999827,-7.220000000000027
2024-02-29 13:35:00,2024-02-29 17:30:00,Long,2041.5149999999999,2043.92,4.8100000000004,SL Hit,2043.92,2,-24.88999999998805,235.0,-3.5149999999998727,8.9050000000002
2024-02-29 21:10:00,2024-02-29 23:55:00,Short,2043.38,2044.0549999999994,-0.6749999999992724,SL Hit,2044.0549999999994,1,-25.56499999998732,165.0,0.75,-1.0800000000001546
2024-03-01 01:35:00,2024-03-01 04:55:00,Long,2044.74,2044.8,0.11999999999989086,SL Hit,2044.8,2,-25.44499999998743,200.0,-0.900000000000091,1.990000000000009
2024-03-01 05:00:00,2024-03-01 06:00:00,Short,2045.51,2045.51,0.0,SL Hit,2045.51,1,-25.44499999998743,60.0,0.39000000000010004,-2.119999999999891
2024-03-01 06:45:00,2024-03-01 06:55:00,Long,2046.72,2046.4950000000003,-0.22499999999968168,SL Hit,2046.4950000000003,1,-25.669999999987112,10.0,-0.31999999999993634,0.19000000000005457
2024-03-01 07:00:00,2024-03-01 07:25:00,Long,2046.48,2046.4050000000002,-0.0749999999998181,SL Hit,2046.4050000000002,1,-25.74499999998693,25.0,-0.5799999999999272,2.199999999999818
2024-03-04 01:10:00,2024-03-04 06:55:00,Short,2081.1866666666665,2083.35,-6.4900000000002365,SL Hit,2083.35,3,-32.23499999998717,345.0,2.483333333333576,-1.786666666666406
2024-03-04 11:30:00,2024-03-04 13:30:00,Short,2083.03,2084.304999999999,-1.2749999999987267,SL Hit,2084.304999999999,1,-33.509999999985894,120.0,2.599999999999909,-1.550000000000182
2024-03-04 23:05:00,2024-03-05 01:05:00,Short,2114.175,2115.76,-3.1700000000000728,SL Hit,2115.76,2,-36.67999999998597,120.0,2.4649999999996908,-1.275000000000091
2024-03-05 01:20:00,2024-03-05 05:30:00,Short,2112.835,2116.64,-7.609999999999673,SL Hit,2116.64,2,-44.28999999998564,250.0,4.315000000000055,-2.8350000000000364
2024-03-05 09:05:00,2024-03-05 12:15:00,Long,2121.785,2122.66,1.75,SL Hit,2122.66,2,-42.53999999998564,190.0,-2.444999999999709,5.315000000000055
2024-03-05 12:25:00,2024-03-05 12:45:00,Short,2123.35,2123.35,0.0,SL Hit,2123.35,1,-42.53999999998564,20.0,0.3200000000001637,-1.9400000000000546
2024-03-05 13:15:00,2024-03-05 15:50:00,Long,2129.46,2125.2,-17.040000000000873,SL Hit,2125.2,4,-59.57999999998651,155.0,-6.730000000000018,12.159999999999854
2024-03-05 15:55:00,2024-03-05 18:00:00,Short,2125.22,2131.0700000000015,-5.850000000001728,SL Hit,2131.0700000000015,1,-65.42999999998824,125.0,6.390000000000327,-1.319999999999709
2024-03-05 21:45:00,2024-03-06 05:05:00,Short,2126.1,2126.65,-2.2000000000007276,SL Hit,2126.65,4,-67.62999999998897,440.0,2.1900000000000546,-2.5
2024-03-06 05:10:00,2024-03-06 05:35:00,Long,2126.51,2126.4724999999994,-0.037500000000818545,SL Hit,2126.4724999999994,1,-67.66749999998979,25.0,-0.7100000000000364,1.3599999999996726
2024-03-06 08:05:00,2024-03-06 08:25:00,Long,2127.75,2127.0750000000007,-0.6749999999992724,SL Hit,2127.0750000000007,1,-68.34249999998906,20.0,-1.2699999999999818,1.2300000000000182
2024-03-06 08:45:00,2024-03-06 09:55:00,Short,2124.96,2128.0350000000008,-3.0750000000007276,SL Hit,2128.0350000000008,1,-71.41749999998979,70.0,4.7199999999998,-0.5799999999999272
2024-03-06 10:50:00,2024-03-06 11:35:00,Short,2124.82,2128.3074999999994,-3.4874999999992724,SL Hit,2128.3074999999994,1,-74.90499999998906,45.0,4.960000000000036,-0.0
2024-03-06 16:35:00,2024-03-06 19:05:00,Long,2145.13,2142.13,-6.0,SL Hit,2142.13,2,-80.90499999998906,150.0,-3.8299999999999272,6.940000000000055
2024-03-06 19:15:00,2024-03-06 20:55:00,Short,2142.17,2147.0074999999997,-4.837499999999636,SL Hit,2147.0074999999997,1,-85.7424999999887,100.0,4.8400000000001455,-2.1100000000001273
2024-03-07 08:40:00,2024-03-07 08:45:00,Long,2157.18,2156.4300000000003,-0.7499999999995453,SL Hit,2156.4300000000003,1,-86.49249999998824,5.0,-1.2100000000000364,0.5300000000002001
2024-03-07 11:25:00,2024-03-07 11:30:00,Short,2154.59,2154.627499999999,-0.037499999998999556,SL Hit,2154.627499999999,1,-86.52999999998724,5.0,0.4899999999997817,-0.8500000000003638
2024-03-07 13:10:00,2024-03-07 14:10:00,Long,2160.835,2154.2,-13.270000000000437,SL Hit,2154.2,2,-99.79999999998768,60.0,-6.644999999999982,2.3150000000000546
2024-03-07 14:15:00,2024-03-07 16:25:00,Short,2154.79,2157.38,-5.180000000000291,SL Hit,2157.38,2,-104.97999999998797,130.0,3.519999999999982,-6.360000000000127
2024-03-07 17:20:00,2024-03-07 17:25:00,Long,2157.73,2157.3174999999997,-0.4125000000003638,SL Hit,2157.3174999999997,1,-105.39249999998833,5.0,-1.1700000000000728,0.6100000000001273
2024-03-07 18:00:00,2024-03-07 18:10:00,Long,2158.36,2158.0974999999994,-0.2625000000007276,SL Hit,2158.0974999999994,1,-105.65499999998906,10.0,-0.7699999999999818,0.6999999999998181
2024-03-07 19:40:00,2024-03-08 01:40:00,Long,2159.4325,2158.0,-5.729999999999563,SL Hit,2158.0,4,-111.38499999998862,360.0,-2.132499999999709,3.8475000000003092
2024-03-08 01:45:00,2024-03-08 06:30:00,Short,2158.075,2158.97,-1.7899999999999636,SL Hit,2158.97,2,-113.17499999998859,285.0,2.3350000000000364,-4.044999999999618
2024-03-08 07:50:00,2024-03-08 11:40:00,Long,2165.4,2166.76,2.7200000000002547,SL Hit,2166.76,2,-110.45499999998833,230.0,-4.510000000000218,5.079999999999927
2024-03-08 13:05:00,2024-03-08 13:20:00,Short,2166.16,2166.1975000000007,-0.037500000000818545,SL Hit,2166.1975000000007,1,-110.49249999998915,15.0,0.5900000000001455,-1.6900000000000546
2024-03-08 13:25:00,2024-03-08 13:30:00,Short,2166.56,2168.7349999999997,-2.174999999999727,SL Hit,2168.7349999999997,1,-112.66749999998888,5.0,14.690000000000055,-6.699999999999818
2024-03-08 13:35:00,2024-03-08 17:00:00,Short,2173.71,2184.86,-22.300000000000182,SL Hit,2184.86,2,-134.96749999998906,205.0,13.389999999999873,-9.240000000000236
2024-03-08 17:05:00,2024-03-11 01:50:00,Long,2182.65,2179.1,-17.75000000000091,SL Hit,2179.1,5,-152.71749999998997,3405.0,-14.240000000000236,12.239999999999782
2024-03-11 01:55:00,2024-03-11 07:50:00,Short,2178.0649999999996,2181.54,-6.950000000000728,SL Hit,2181.54,2,-159.6674999999907,355.0,3.675000000000182,-1.5649999999995998
2024-03-11 07:55:00,2024-03-11 08:45:00,Long,2181.295,2177.7,-7.190000000000509,SL Hit,2177.7,2,-166.8574999999912,50.0,-3.775000000000091,1.444999999999709
2024-03-11 08:50:00,2024-03-11 09:05:00,Short,2178.08,2179.4674999999997,-1.387499999999818,SL Hit,2179.4674999999997,1,-168.24499999999102,15.0,1.4400000000000546,-1.5799999999999272
2024-03-11 09:30:00,2024-03-11 09:35:00,Short,2178.25,2178.25,0.0,SL Hit,2178.25,1,-168.24499999999102,5.0,0.5500000000001819,-1.449999999999818
2024-03-11 11:20:00,2024-03-11 11:25:00,Short,2176.93,2177.0425000000005,-0.11250000000063665,SL Hit,2177.0425000000005,1,-168.35749999999166,5.0,0.6200000000003456,-0.4800000000000182
2024-03-11 13:35:00,2024-03-11 17:50:00,Long,2181.165,2178.62,-10.180000000000291,SL Hit,2178.62,4,-178.53749999999195,255.0,-4.835000000000036,4.2849999999998545
2024-03-11 17:55:00,2024-03-11 22:25:00,Short,2179.6966666666667,2183.77,-12.2199999999998,SL Hit,2183.77,3,-190.75749999999175,270.0,4.583333333333485,-2.496666666666897
2024-03-11 22:50:00,2024-03-12 12:40:00,Short,2180.3419999999996,2179.13,6.059999999997672,SL Hit,2179.13,5,-184.69749999999408,830.0,4.018000000000484,-19.611999999999625
2024-03-12 23:35:00,2024-03-13 00:10:00,Short,2156.34,2158.74,-2.399999999999636,SL Hit,2158.74,1,-187.09749999999372,35.0,2.9299999999998363,-0.8400000000001455
2024-03-13 02:35:00,2024-03-13 03:40:00,Long,2160.13,2157.9550000000004,-2.174999999999727,SL Hit,2157.9550000000004,1,-189.27249999999344,65.0,-2.2400000000002365,1.2999999999997272
2024-03-13 08:45:00,2024-03-13 10:25:00,Short,2158.575,2159.98,-2.8100000000004,SL Hit,2159.98,2,-192.08249999999384,100.0,2.555000000000291,-0.794999999999618
2024-03-13 15:10:00,2024-03-14 01:35:00,Long,2173.798,2173.3,-2.4899999999979627,SL Hit,2173.3,5,-194.5724999999918,625.0,-4.0479999999997744,5.232000000000426
2024-03-14 01:40:00,2024-03-14 09:30:00,Short,2172.415,2169.94,9.899999999999636,SL Hit,2169.94,4,-184.67249999999217,470.0,2.855000000000018,-5.114999999999782
2024-03-14 11:30:00,2024-03-15 01:05:00,Short,2164.2075,2163.77,1.75,SL Hit,2163.77,4,-182.92249999999217,815.0,5.772500000000036,-11.227499999999964
2024-03-15 08:10:00,2024-03-15 08:20:00,Short,2167.04,2167.04,0.0,SL Hit,2167.04,1,-182.92249999999217,10.0,0.40000000000009095,-1.5199999999999818
2024-03-15 09:35:00,2024-03-15 11:10:00,Long,2169.965,2166.9,-6.130000000000109,SL Hit,2166.9,2,-189.05249999999228,95.0,-3.6649999999999636,2.474999999999909
2024-03-15 11:15:00,2024-03-15 11:40:00,Short,2167.54,2167.54,0.0,SL Hit,2167.54,1,-189.05249999999228,25.0,0.24000000000023647,-1.9400000000000546
2024-03-15 11:45:00,2024-03-18 00:50:00,Short,2158.8433333333332,2156.63,13.279999999998836,SL Hit,2156.63,6,-175.77249999999344,3665.0,8.936666666666952,-7.243333333333339
2024-03-18 06:55:00,2024-03-18 12:55:00,Long,2155.05,2159.0,7.899999999999636,SL Hit,2159.0,2,-167.8724999999938,360.0,-7.7400000000002365,8.4399999999996
2024-03-18 13:00:00,2024-03-18 15:20:00,Short,2158.5800000000004,2160.56,-5.93999999999869,SL Hit,2160.56,3,-173.8124999999925,140.0,2.2599999999997635,-2.8700000000003456
2024-03-18 15:25:00,2024-03-18 15:35:00,Long,2160.28,2160.0174999999995,-0.2625000000007276,SL Hit,2160.0174999999995,1,-174.07499999999322,10.0,-2.2800000000002,0.9099999999998545
2024-03-19 05:00:00,2024-03-19 11:45:00,Short,2156.5066666666667,2156.13,1.1299999999996544,SL Hit,2156.13,3,-172.94499999999357,405.0,3.883333333333212,-9.38666666666677
2024-03-19 11:50:00,2024-03-19 12:20:00,Long,2155.6,2155.0000000000005,-0.5999999999994543,SL Hit,2155.0000000000005,1,-173.54499999999302,30.0,-2.8399999999996908,1.1600000000003092
2024-03-19 13:50:00,2024-03-19 14:45:00,Short,2151.61,2154.9850000000006,-3.3750000000004547,SL Hit,2154.9850000000006,1,-176.91999999999348,55.0,3.5,-2.700000000000273
2024-03-19 16:20:00,2024-03-19 16:30:00,Long,2154.87,2154.0450000000005,-0.8249999999993634,SL Hit,2154.0450000000005,1,-177.74499999999284,10.0,-1.6700000000000728,0.9700000000002547
2024-03-19 17:05:00,2024-03-19 17:15:00,Long,2155.06,2154.7224999999994,-0.3375000000005457,SL Hit,2154.7224999999994,1,-178.0824999999934,10.0,-0.6100000000001273,1.5300000000002
2024-03-19 17:20:00,2024-03-20 00:10:00,Long,2156.9224999999997,2155.87,-4.209999999999127,SL Hit,2155.87,4,-182.29249999999251,410.0,-3.2224999999998545,2.617500000000291
2024-03-20 00:15:00,2024-03-20 01:00:00,Short,2156.29,2157.4525,-1.162499999999909,SL Hit,2157.4525,1,-183.45499999999242,45.0,1.3600000000001273,-1.6900000000000546
2024-03-20 03:55:00,2024-03-20 04:20:00,Long,2159.3999999999996,2157.6,-3.5999999999994543,SL Hit,2157.6,2,-187.05499999999188,25.0,-1.9999999999995453,0.680000000000291
2024-03-20 04:25:00,2024-03-20 07:10:00,Short,2158.2433333333333,2158.18,0.19000000000050932,SL Hit,2158.18,3,-186.86499999999137,165.0,0.9866666666666788,-2.4433333333331575
2024-03-20 07:15:00,2024-03-20 08:05:00,Long,2157.765,2155.8,-3.9299999999993815,SL Hit,2155.8,2,-190.79499999999075,50.0,-2.1549999999997453,1.5150000000003274
2024-03-20 10:00:00,2024-03-20 13:10:00,Short,2152.0699999999997,2155.16,-6.180000000000291,SL Hit,2155.16,2,-196.97499999999104,190.0,3.630000000000109,-2.4099999999998545
2024-03-20 13:15:00,2024-03-21 03:45:00,Long,2173.85,2201.8,139.75000000000136,SL Hit,2201.8,5,-57.22499999998968,870.0,-23.449999999999818,48.210000000000036
2024-03-21 03:55:00,2024-03-21 04:00:00,Short,2202.58,2202.805,-0.22499999999990905,SL Hit,2202.805,1,-57.449999999989586,5.0,0.38999999999987267,-0.5799999999999272
2024-03-21 06:00:00,2024-03-21 08:25:00,Long,2204.61,2204.2350000000006,-0.37499999999954525,SL Hit,2204.2350000000006,1,-57.82499999998913,145.0,-1.0,5.190000000000055
2024-03-21 08:35:00,2024-03-21 09:25:00,Short,2201.5,2204.8,-3.300000000000182,SL Hit,2204.8,1,-61.12499999998931,50.0,3.5799999999999272,-4.019999999999982
2024-03-21 10:15:00,2024-03-21 10:35:00,Long,2209.32,2209.32,0.0,SL Hit,2209.32,1,-61.12499999998931,20.0,-0.580000000000382,2.25
2024-03-21 18:50:00,2024-03-21 19:45:00,Long,2182.82,2180.5325,-2.287500000000364,SL Hit,2180.5325,1,-63.41249999998968,55.0,-2.519999999999982,0.7599999999997635
2024-03-21 22:50:00,2024-03-22 00:15:00,Short,2181.135,2182.5,-2.7299999999995634,SL Hit,2182.5,2,-66.14249999998924,85.0,2.3649999999997817,-1.2350000000001273
2024-03-22 06:20:00,2024-03-22 06:25:00,Long,2174.85,2174.1750000000006,-0.6749999999992724,SL Hit,2174.1750000000006,1,-66.81749999998851,5.0,-2.349999999999909,0.680000000000291
2024-03-22 09:20:00,2024-03-22 11:40:00,Long,2168.19,2165.64,-7.650000000000546,SL Hit,2165.64,3,-74.46749999998906,140.0,-2.6100000000001273,1.3299999999999272
2024-03-22 11:45:00,2024-03-22 12:00:00,Short,2165.4,2167.1624999999995,-1.7624999999993634,SL Hit,2167.1624999999995,1,-76.22999999998842,15.0,2.7199999999998,-1.0
2024-03-22 16:35:00,2024-03-22 19:45:00,Short,2163.8500000000004,2164.64,-1.5799999999990177,SL Hit,2164.64,2,-77.80999999998744,190.0,1.5499999999997272,-6.500000000000455
2024-03-22 19:50:00,2024-03-22 19:55:00,Long,2164.61,2164.2724999999996,-0.3375000000005457,SL Hit,2164.2724999999996,1,-78.14749999998799,5.0,-1.1700000000000728,0.4800000000000182
2024-03-22 20:00:00,2024-03-25 00:25:00,Long,2165.895,2164.4,-2.9899999999997817,SL Hit,2164.4,2,-81.13749999998777,3145.0,-2.3849999999997635,9.315000000000055
2024-03-25 00:30:00,2024-03-25 01:15:00,Short,2165.0600000000004,2169.21,-8.299999999999272,SL Hit,2169.21,2,-89.43749999998704,45.0,5.9099999999994,-1.0600000000004002
2024-03-25 02:30:00,2024-03-25 03:25:00,Long,2175.5,2171.75,-3.75,SL Hit,2171.75,1,-93.18749999998704,55.0,-4.070000000000164,2.1700000000000728
2024-03-25 10:35:00,2024-03-25 17:15:00,Long,2175.07,2175.0,-0.21000000000049113,SL Hit,2175.0,3,-93.39749999998753,400.0,-7.2800000000002,5.940000000000055
2024-03-25 17:20:00,2024-03-25 17:40:00,Short,2175.73,2175.955,-0.22499999999990905,SL Hit,2175.955,1,-93.62249999998744,20.0,0.6999999999998181,-1.1199999999998909
2024-03-25 23:40:00,2024-03-26 03:30:00,Short,2170.47,2171.49,-3.0599999999999454,SL Hit,2171.49,3,-96.68249999998739,230.0,3.7800000000002,-2.769999999999982
2024-03-26 04:10:00,2024-03-26 04:55:00,Short,2170.6549999999997,2172.17,-3.030000000000655,SL Hit,2172.17,2,-99.71249999998804,45.0,1.7250000000003638,-0.3649999999997817
2024-03-26 05:05:00,2024-03-26 06:45:00,Long,2172.18,2170.905000000001,-1.2749999999987267,SL Hit,2170.905000000001,1,-100.98749999998677,100.0,-1.8799999999996544,1.830000000000382
2024-03-26 08:00:00,2024-03-26 14:30:00,Long,2175.9933333333333,2179.22,9.679999999999382,SL Hit,2179.22,3,-91.30749999998739,390.0,-4.6933333333331575,23.646666666666533
2024-03-26 14:35:00,2024-03-26 17:30:00,Short,2179.005,2178.17,1.6700000000000728,SL Hit,2178.17,2,-89.63749999998731,175.0,4.3449999999998,-7.325000000000273
2024-03-26 20:25:00,2024-03-26 20:50:00,Short,2176.075,2178.02,-3.8900000000003274,SL Hit,2178.02,2,-93.52749999998764,25.0,2.225000000000364,-1.4249999999997272
2024-03-26 20:55:00,2024-03-26 22:00:00,Long,2177.63,2177.63,0.0,SL Hit,2177.63,1,-93.52749999998764,65.0,-0.47000000000025466,0.9899999999997817
2024-03-27 00:35:00,2024-03-27 03:10:00,Short,2176.6766666666663,2180.07,-10.180000000001655,SL Hit,2180.07,3,-103.7074999999893,155.0,3.5833333333339397,-3.006666666666206
2024-03-27 03:20:00,2024-03-27 05:05:00,Long,2178.9100000000003,2176.8,-6.330000000000382,SL Hit,2176.8,3,-110.03749999998968,105.0,-2.6100000000001273,1.1299999999996544
2024-03-27 05:10:00,2024-03-27 05:25:00,Short,2177.41,2177.41,0.0,SL Hit,2177.41,1,-110.03749999998968,15.0,0.0500000000001819,-1.7100000000000364
2024-03-27 07:15:00,2024-03-27 08:45:00,Long,2179.575,2176.9,-5.349999999999454,SL Hit,2176.9,2,-115.38749999998913,90.0,-3.024999999999636,3.0150000000003274
2024-03-27 13:05:00,2024-03-27 13:10:00,Short,2184.45,2185.2000000000007,-0.7500000000009095,SL Hit,2185.2000000000007,1,-116.13749999999004,5.0,1.580000000000382,-0.5299999999997453
2024-03-27 17:55:00,2024-03-27 19:50:00,Short,2190.4666666666667,2192.42,-5.860000000000127,SL Hit,2192.42,3,-121.99749999999017,115.0,2.383333333333212,-1.2566666666666606
2024-03-27 22:10:00,2024-03-28 02:30:00,Short,2192.915,2195.05,-4.270000000000437,SL Hit,2195.05,2,-126.2674999999906,260.0,2.574999999999818,-5.914999999999964
2024-03-28 02:35:00,2024-03-28 07:20:00,Long,2195.46,2194.8,-1.319999999999709,SL Hit,2194.8,2,-127.58749999999031,285.0,-2.5599999999999454,5.039999999999964
2024-03-28 09:55:00,2024-03-28 12:35:00,Long,2203.3999999999996,2207.4,8.00000000000091,SL Hit,2207.4,2,-119.5874999999894,160.0,-7.059999999999491,12.510000000000218
2024-03-28 12:40:00,2024-03-28 12:55:00,Short,2209.08,2211.8175,-2.737500000000182,SL Hit,2211.8175,1,-122.32499999998959,15.0,6.760000000000218,-3.0099999999997635
2024-03-28 13:40:00,2024-03-28 16:20:00,Short,2210.0133333333333,2216.62,-19.81999999999971,SL Hit,2216.62,3,-142.1449999999893,160.0,7.63666666666677,-7.723333333333358
2024-03-28 19:45:00,2024-03-28 20:40:00,Short,2219.45,2223.2375000000006,-3.7875000000008185,SL Hit,2223.2375000000006,1,-145.9324999999901,55.0,3.950000000000273,-0.75
2024-03-31 23:35:00,2024-04-01 05:30:00,Long,2250.58,2257.9,14.640000000000327,SL Hit,2257.9,2,-131.2924999999898,355.0,-8.730000000000018,14.789999999999964
2024-04-01 05:35:00,2024-04-01 05:45:00,Short,2260.34,2262.4024999999992,-2.0624999999990905,SL Hit,2262.4024999999992,1,-133.35499999998888,10.0,2.199999999999818,-0.4800000000000182
2024-04-01 08:05:00,2024-04-01 12:35:00,Short,2254.486666666666,2250.7,11.359999999999218,SL Hit,2250.7,3,-121.99499999998966,270.0,5.463333333333594,-10.44666666666626
2024-04-01 12:50:00,2024-04-01 13:45:00,Long,2251.6549999999997,2244.04,-15.229999999999563,SL Hit,2244.04,2,-137.22499999998922,55.0,-9.21499999999969,6.055000000000291
2024-04-01 14:00:00,2024-04-01 19:55:00,Short,2238.0566666666664,2243.07,-15.040000000001328,SL Hit,2243.07,3,-152.26499999999055,355.0,6.063333333333503,-9.486666666666224
2024-04-02 01:10:00,2024-04-02 02:50:00,Short,2248.815,2253.26,-8.890000000000327,SL Hit,2253.26,2,-161.15499999999088,100.0,4.505000000000109,-2.3150000000000546
2024-04-02 12:25:00,2024-04-02 13:35:00,Short,2255.585,2261.31,-11.449999999999818,SL Hit,2261.31,2,-172.6049999999907,70.0,8.105000000000018,-2.005000000000109
2024-04-02 20:05:00,2024-04-02 20:15:00,Long,2275.9,2275.9,0.0,SL Hit,2275.9,1,-172.6049999999907,10.0,-0.7000000000002728,0.9899999999997817
2024-04-02 20:25:00,2024-04-03 01:10:00,Long,2281.04,2278.01,-6.059999999999491,SL Hit,2278.01,2,-178.6649999999902,285.0,-4.4099999999998545,6.619999999999891
2024-04-03 01:20:00,2024-04-03 01:35:00,Short,2278.03,2281.104999999999,-3.0749999999989086,SL Hit,2281.104999999999,1,-181.7399999999891,15.0,3.7899999999999636,-0.7300000000000182
2024-04-03 03:20:00,2024-04-03 05:05:00,Long,2286.045,2282.2,-7.690000000000509,SL Hit,2282.2,2,-189.4299999999896,105.0,-5.014999999999873,1.1849999999999454
2024-04-03 10:35:00,2024-04-03 12:50:00,Short,2270.655,2274.1,-6.889999999999418,SL Hit,2274.1,2,-196.31999999998902,135.0,3.894999999999982,-4.644999999999982
2024-04-03 12:55:00,2024-04-03 22:05:00,Long,2283.642,2294.6,54.79000000000042,SL Hit,2294.6,5,-141.5299999999886,550.0,-11.281999999999698,17.278000000000247
2024-04-03 22:10:00,2024-04-04 00:55:00,Short,2300.0950000000003,2302.27,-4.349999999999454,SL Hit,2302.27,2,-145.87999999998806,165.0,2.2049999999999272,-3.805000000000291
2024-04-04 01:05:00,2024-04-04 03:05:00,Long,2300.28,2297.504999999999,-2.7750000000010004,SL Hit,2297.504999999999,1,-148.65499999998906,120.0,-2.7800000000002,2.7099999999995816
2024-04-04 06:50:00,2024-04-04 07:35:00,Short,2295.11,2297.4349999999995,-2.3249999999993634,SL Hit,2297.4349999999995,1,-150.97999999998842,45.0,2.7100000000000364,-2.8099999999999454
2024-04-04 11:30:00,2024-04-04 14:25:00,Short,2292.425,2295.12,-5.389999999999418,SL Hit,2295.12,2,-156.36999999998784,175.0,4.074999999999818,-9.355000000000018
2024-04-04 14:30:00,2024-04-04 16:35:00,Long,2298.01,2288.259999999999,-9.750000000001364,SL Hit,2288.259999999999,1,-166.1199999999892,125.0,-9.990000000000236,0.669999999999618
2024-04-04 18:25:00,2024-04-04 19:00:00,Long,2297.64,2296.515000000001,-1.1249999999990905,SL Hit,2296.515000000001,1,-167.2449999999883,35.0,-4.849999999999909,7.390000000000327
2024-04-04 19:45:00,2024-04-04 22:10:00,Short,2286.32,2292.3199999999997,-5.999999999999545,SL Hit,2292.3199999999997,1,-173.24499999998784,145.0,6.0099999999997635,-5.3400000000001455
2024-04-05 00:15:00,2024-04-05 04:30:00,Short,2283.635,2279.25,8.770000000000437,SL Hit,2279.25,2,-164.4749999999874,255.0,5.214999999999691,-15.6550000000002
2024-04-05 04:35:00,2024-04-05 12:30:00,Long,2283.27,2284.8,6.1200000000008,SL Hit,2284.8,4,-158.3549999999866,475.0,-7.070000000000164,12.010000000000218
2024-04-05 13:25:00,2024-04-05 19:00:00,Long,2309.5699999999997,2323.5,27.860000000000582,SL Hit,2323.5,2,-130.49499999998602,335.0,-16.759999999999764,20.5600000000004
2024-04-05 19:05:00,2024-04-05 20:30:00,Short,2323.46,2326.2725,-2.8125,SL Hit,2326.2725,1,-133.30749999998602,85.0,2.949999999999818,-2.9600000000000364
2024-04-05 20:55:00,2024-04-07 22:00:00,Long,2327.55,2327.55,0.0,SL Hit,2327.55,1,-133.30749999998602,2945.0,-7.2400000000002365,2.1399999999998727
2024-04-07 22:05:00,2024-04-08 01:25:00,Short,2316.286666666667,2313.75,7.610000000000582,SL Hit,2313.75,3,-125.69749999998544,200.0,10.553333333333285,-12.81666666666706
2024-04-08 08:20:00,2024-04-08 12:00:00,Long,2337.8,2333.65,-8.300000000000182,SL Hit,2333.65,2,-133.99749999998562,220.0,-5.0600000000004,5.389999999999873
2024-04-08 12:15:00,2024-04-08 17:20:00,Short,2329.9399999999996,2331.23,-2.5800000000008367,SL Hit,2331.23,2,-136.57749999998646,305.0,7.660000000000309,-11.83999999999969
2024-04-08 22:05:00,2024-04-08 23:05:00,Short,2337.9350000000004,2339.26,-2.649999999999636,SL Hit,2339.26,2,-139.2274999999861,60.0,1.8149999999995998,-1.6350000000002183
2024-04-08 23:15:00,2024-04-09 06:25:00,Long,2341.9500000000003,2342.7,2.999999999998181,SL Hit,2342.7,4,-136.2274999999879,430.0,-4.550000000000182,5.949999999999818
2024-04-09 06:30:00,2024-04-09 07:10:00,Short,2345.87,2347.2574999999997,-1.387499999999818,SL Hit,2347.2574999999997,1,-137.61499999998773,40.0,7.550000000000182,-1.4299999999998363
2024-04-09 13:40:00,2024-04-09 14:40:00,Long,2356.33,2346.73,-9.599999999999909,SL Hit,2346.73,1,-147.21499999998764,60.0,-10.360000000000127,7.019999999999982
2024-04-09 14:45:00,2024-04-09 18:55:00,Short,2346.6033333333335,2349.62,-9.049999999999272,SL Hit,2349.62,3,-156.2649999999869,250.0,6.866666666666333,-8.17333333333363
2024-04-10 01:00:00,2024-04-10 02:30:00,Short,2351.62,2351.62,0.0,SL Hit,2351.62,1,-156.2649999999869,90.0,0.7400000000002365,-6.7199999999998
2024-04-10 04:30:00,2024-04-10 04:40:00,Long,2354.07,2354.07,0.0,SL Hit,2354.07,1,-156.2649999999869,10.0,-0.2699999999999818,1.4299999999998363
2024-04-10 07:45:00,2024-04-10 08:25:00,Short,2354.58,2354.58,0.0,SL Hit,2354.58,1,-156.2649999999869,40.0,0.07999999999992724,-2.119999999999891
2024-04-10 08:30:00,2024-04-10 14:20:00,Short,2344.443333333333,2350.08,-16.91000000000031,SL Hit,2350.08,3,-173.17499999998722,350.0,11.436666666666952,-24.573333333333267
2024-04-10 14:30:00,2024-04-10 15:10:00,Long,2346.69,2336.5275,-10.162499999999909,SL Hit,2336.5275,1,-183.33749999998713,40.0,-16.170000000000073,5.0900000000001455
2024-04-10 19:00:00,2024-04-10 20:55:00,Short,2327.84,2333.5774999999994,-5.737499999999272,SL Hit,2333.5774999999994,1,-189.0749999999864,115.0,5.739999999999782,-0.2300000000000182
2024-04-11 12:45:00,2024-04-11 13:00:00,Long,2339.91,2339.3100000000004,-0.5999999999994543,SL Hit,2339.3100000000004,1,-189.67499999998586,15.0,-0.8899999999998727,2.6100000000001273
2024-04-11 13:10:00,2024-04-11 14:15:00,Long,2339.93,2339.667500000001,-0.2624999999989086,SL Hit,2339.667500000001,1,-189.93749999998477,65.0,-3.3299999999999272,7.070000000000164
2024-04-12 11:20:00,2024-04-12 13:40:00,Short,2393.545,2400.14,-13.1899999999996,SL Hit,2400.14,2,-203.12749999998437,140.0,8.835000000000036,-3.0349999999998545
2024-04-12 15:35:00,2024-04-14 22:00:00,Short,2376.4166666666665,2345.21,93.61999999999944,SL Hit,2345.21,3,-109.50749999998493,3265.0,23.183333333333394,-41.82666666666637
2024-04-15 05:10:00,2024-04-15 05:25:00,Short,2354.96,2356.4974999999995,-1.5374999999994543,SL Hit,2356.4974999999995,1,-111.04499999998438,15.0,1.6700000000000728,-0.4499999999998181
2024-04-15 07:55:00,2024-04-15 08:05:00,Short,2352.99,2355.090000000001,-2.1000000000012733,SL Hit,2355.090000000001,1,-113.14499999998566,10.0,2.7400000000002365,-3.619999999999891
2024-04-15 16:00:00,2024-04-16 01:15:00,Long,2371.1549999999997,2380.0,35.38000000000102,SL Hit,2380.0,4,-77.76499999998464,555.0,-24.534999999999854,20.705000000000382
2024-04-16 01:20:00,2024-04-16 02:55:00,Short,2382.77,2387.43,-9.319999999999709,SL Hit,2387.43,2,-87.08499999998435,95.0,4.769999999999982,-2.869999999999891
2024-04-16 03:00:00,2024-04-16 06:25:00,Long,2386.2033333333334,2383.1,-9.3100000000004,SL Hit,2383.1,3,-96.39499999998475,205.0,-5.153333333333194,2.8066666666668425
2024-04-16 11:55:00,2024-04-16 12:05:00,Long,2374.64,2370.89,-3.75,SL Hit,2370.89,1,-100.14499999998475,10.0,-3.8399999999996908,0.14000000000032742
2024-04-16 12:20:00,2024-04-16 13:55:00,Long,2373.62,2368.88,-9.479999999999563,SL Hit,2368.88,2,-109.62499999998431,95.0,-7.319999999999709,5.440000000000055
2024-04-16 14:05:00,2024-04-16 14:50:00,Short,2368.945,2379.06,-20.229999999999563,SL Hit,2379.06,2,-129.85499999998387,45.0,13.764999999999873,-4.184999999999945
2024-04-16 21:00:00,2024-04-16 22:00:00,Short,2382.64,2382.64,0.0,SL Hit,2382.64,1,-129.85499999998387,60.0,0.75,-0.29999999999972715
2024-04-16 23:50:00,2024-04-17 01:10:00,Short,2383.83,2384.730000000001,-0.9000000000010004,SL Hit,2384.730000000001,1,-130.75499999998488,80.0,1.1599999999998545,-2.7399999999997817
2024-04-17 02:20:00,2024-04-17 03:15:00,Long,2384.365,2381.48,-5.769999999999527,SL Hit,2381.48,2,-136.5249999999844,55.0,-3.1649999999999636,1.2450000000003456
2024-04-17 03:20:00,2024-04-17 07:45:00,Short,2380.8433333333337,2381.21,-1.0999999999989996,SL Hit,2381.21,3,-137.6249999999834,265.0,2.1266666666660967,-8.02333333333354
2024-04-17 12:15:00,2024-04-17 13:30:00,Short,2385.6,2390.100000000001,-4.5000000000009095,SL Hit,2390.100000000001,1,-142.1249999999843,75.0,5.789999999999964,-7.389999999999873
2024-04-17 13:35:00,2024-04-17 14:00:00,Long,2389.38,2389.38,0.0,SL Hit,2389.38,1,-142.1249999999843,25.0,-1.1900000000000546,4.9699999999998
2024-04-17 14:50:00,2024-04-17 15:15:00,Long,2394.0150000000003,2386.44,-15.150000000000546,SL Hit,2386.44,2,-157.27499999998486,25.0,-9.9050000000002,1.2549999999996544
2024-04-17 15:40:00,2024-04-17 15:50:00,Short,2387.17,2387.17,0.0,SL Hit,2387.17,1,-157.27499999998486,10.0,0.2699999999999818,-2.3400000000001455
2024-04-18 00:15:00,2024-04-18 13:35:00,Long,2376.5114285714285,2379.09,18.050000000001546,SL Hit,2379.09,7,-139.2249999999833,800.0,-12.071428571428442,15.718571428571522
2024-04-18 13:40:00,2024-04-18 14:10:00,Short,2378.95,2384.7249999999995,-5.774999999999636,SL Hit,2384.7249999999995,1,-144.99999999998295,30.0,5.8100000000004,-2.8099999999999454
2024-04-18 20:25:00,2024-04-18 22:00:00,Short,2378.96,2379.4849999999997,-0.5249999999996362,SL Hit,2379.4849999999997,1,-145.52499999998258,95.0,0.6199999999998909,-2.0100000000002183
2024-04-19 01:05:00,2024-04-19 04:40:00,Long,2385.763333333333,2384.1,-4.989999999998872,SL Hit,2384.1,3,-150.51499999998146,215.0,-5.8633333333327755,31.456666666666933
2024-04-19 06:05:00,2024-04-19 06:55:00,Short,2382.395,2384.85,-4.9099999999998545,SL Hit,2384.85,2,-155.4249999999813,50.0,9.125,-3.6950000000001637
2024-04-19 08:30:00,2024-04-19 12:30:00,Short,2380.6,2382.81,-6.630000000000109,SL Hit,2382.81,3,-162.05499999998142,240.0,5.220000000000255,-7.610000000000127
2024-04-19 12:35:00,2024-04-19 19:35:00,Long,2386.6666666666665,2392.58,17.740000000000236,SL Hit,2392.58,3,-144.31499999998118,420.0,-12.75666666666666,14.943333333333612
2024-04-21 22:10:00,2024-04-22 09:20:00,Short,2376.0700000000006,2362.9,65.85000000000264,SL Hit,2362.9,5,-78.46499999997855,670.0,11.149999999999181,-24.21000000000049
2024-04-22 13:05:00,2024-04-22 13:10:00,Short,2338.65,2340.3374999999996,-1.6874999999995453,SL Hit,2340.3374999999996,1,-80.15249999997809,5.0,4.179999999999836,-3.1700000000000728
2024-04-22 13:15:00,2024-04-22 23:30:00,Short,2335.534,2331.55,19.919999999999618,SL Hit,2331.55,5,-60.23249999997847,615.0,7.8659999999999854,-10.314000000000306
2024-04-22 23:35:00,2024-04-23 01:25:00,Long,2332.2650000000003,2330.2,-4.130000000001019,SL Hit,2330.2,2,-64.36249999997949,110.0,-2.555000000000291,1.8449999999998
2024-04-23 01:30:00,2024-04-23 12:05:00,Short,2308.1783333333333,2305.24,17.63000000000102,SL Hit,2305.24,6,-46.73249999997847,635.0,21.201666666666824,-16.36833333333334
2024-04-23 12:15:00,2024-04-23 18:30:00,Long,2318.0633333333335,2325.21,21.4399999999996,SL Hit,2325.21,3,-25.292499999978872,375.0,-13.113333333333685,13.656666666666297
2024-04-23 18:35:00,2024-04-24 03:15:00,Short,2322.04,2322.81,-3.0799999999999272,SL Hit,2322.81,4,-28.3724999999788,520.0,4.369999999999891,-7.139999999999873
2024-04-24 12:40:00,2024-04-24 18:30:00,Long,2326.22,2320.8,-21.679999999998472,SL Hit,2320.8,4,-50.05249999997727,350.0,-9.239999999999782,10.41000000000031
2024-04-24 19:55:00,2024-04-25 00:30:00,Short,2317.596666666667,2318.26,-1.9900000000002365,SL Hit,2318.26,3,-52.04249999997751,275.0,1.8233333333332666,-3.996666666666897
2024-04-25 00:35:00,2024-04-25 03:10:00,Long,2317.73,2315.817499999999,-1.9125000000008185,SL Hit,2315.817499999999,1,-53.95499999997833,155.0,-8.7199999999998,4.190000000000055
2024-04-25 06:55:00,2024-04-25 07:10:00,Long,2321.7,2320.7625,-0.9375,SL Hit,2320.7625,1,-54.89249999997833,15.0,-2.0,1.7100000000000364
2024-04-25 11:00:00,2024-04-25 11:25:00,Long,2327.82,2327.369999999999,-0.45000000000118234,SL Hit,2327.369999999999,1,-55.34249999997951,25.0,-0.900000000000091,2.319999999999709
2024-04-25 11:30:00,2024-04-25 12:10:00,Long,2326.85,2326.85,0.0,SL Hit,2326.85,1,-55.34249999997951,40.0,-0.07999999999992724,3.5599999999999454
2024-04-25 12:15:00,2024-04-25 13:10:00,Long,2327.04,2321.9025,-5.137499999999818,SL Hit,2321.9025,1,-60.47999999997933,55.0,-7.279999999999745,6.7400000000002365
2024-04-25 23:25:00,2024-04-26 01:45:00,Short,2331.46,2331.7225000000008,-0.2625000000007276,SL Hit,2331.7225000000008,1,-60.742499999980055,140.0,0.40000000000009095,-5.039999999999964
2024-04-26 05:55:00,2024-04-26 11:30:00,Long,2341.07,2345.98,14.729999999999563,SL Hit,2345.98,3,-46.01249999998049,335.0,-4.600000000000364,10.859999999999673
2024-04-26 11:35:00,2024-04-26 12:30:00,Short,2346.11,2347.159999999999,-1.0499999999988177,SL Hit,2347.159999999999,1,-47.06249999997931,55.0,2.4299999999998363,-4.0
2024-04-26 12:35:00,2024-04-26 17:45:00,Short,2342.4266666666667,2338.62,11.420000000000528,SL Hit,2338.62,3,-35.64249999997878,310.0,8.343333333333248,-13.596666666666806
2024-04-26 18:00:00,2024-04-26 20:50:00,Long,2338.77,2336.26,-5.019999999999527,SL Hit,2336.26,2,-40.66249999997831,170.0,-2.9600000000000364,2.0399999999999636
2024-04-26 20:55:00,2024-04-29 04:15:00,Short,2332.7566666666667,2331.44,3.949999999999818,SL Hit,2331.44,3,-36.71249999997849,3320.0,5.663333333333412,-10.446666666666715
2024-04-29 04:30:00,2024-04-29 06:50:00,Long,2331.28,2327.942499999999,-3.3375000000010004,SL Hit,2327.942499999999,1,-40.04999999997949,140.0,-3.980000000000018,5.029999999999745
2024-04-29 13:45:00,2024-04-29 14:05:00,Short,2329.9,2337.2874999999995,-7.387499999999363,SL Hit,2337.2874999999995,1,-47.437499999978854,20.0,8.190000000000055,-2.349999999999909
2024-04-29 19:45:00,2024-05-01 06:15:00,Short,2308.3669999999997,2288.4,199.66999999999643,SL Hit,2288.4,10,152.23250000001758,2070.0,28.623000000000047,-24.52699999999959
2024-05-01 07:45:00,2024-05-01 07:50:00,Short,2284.5,2284.5,0.0,SL Hit,2284.5,1,152.23250000001758,5.0,0.38999999999987267,-1.099999999999909
2024-05-01 07:55:00,2024-05-01 09:40:00,Short,2284.6,2290.0,-5.400000000000091,Bullish Trade Reversal,2290.0,1,146.8325000000175,105.0,4.970000000000255,-1.400000000000091
2024-05-01 09:40:00,2024-05-01 17:20:00,Long,2302.0025,2302.05,0.19000000000050932,SL Hit,2302.05,4,147.022500000018,460.0,-13.302500000000236,8.247499999999945
2024-05-02 05:10:00,2024-05-02 06:20:00,Short,2316.32,2317.9700000000003,-1.650000000000091,SL Hit,2317.9700000000003,1,145.3725000000179,70.0,1.7799999999997453,-3.8200000000001637
2024-05-02 07:00:00,2024-05-02 12:25:00,Short,2306.6066666666666,2302.6,12.019999999999982,SL Hit,2302.6,3,157.3925000000179,325.0,8.323333333333267,-11.156666666666752
2024-05-02 12:35:00,2024-05-02 12:55:00,Long,2299.0249999999996,2297.1,-3.8499999999994543,SL Hit,2297.1,2,153.54250000001844,20.0,-5.2849999999998545,5.055000000000291
2024-05-02 15:05:00,2024-05-02 15:10:00,Long,2304.53,2302.1674999999996,-2.3625000000006366,SL Hit,2302.1674999999996,1,151.1800000000178,5.0,-2.6600000000003092,2.1799999999998363
2024-05-03 00:30:00,2024-05-03 01:05:00,Short,2301.13,2304.51,-6.760000000000218,SL Hit,2304.51,2,144.42000000001758,35.0,5.049999999999727,-1.1300000000001091
2024-05-03 02:30:00,2024-05-03 03:55:00,Short,2301.015,2301.9,-1.7700000000004366,SL Hit,2301.9,2,142.65000000001714,85.0,1.3550000000000182,-1.4149999999999636
2024-05-03 09:50:00,2024-05-03 10:50:00,Long,2300.5299999999997,2298.3,-4.459999999999127,SL Hit,2298.3,2,138.19000000001802,60.0,-2.4899999999997817,1.1700000000000728
2024-05-03 10:55:00,2024-05-03 12:30:00,Short,2296.88,2299.82,-5.880000000000109,SL Hit,2299.82,2,132.3100000000179,95.0,22.639999999999873,-2.2400000000002365
2024-05-03 16:40:00,2024-05-05 23:35:00,Long,2300.165,2295.4,-9.529999999999745,SL Hit,2295.4,2,122.78000000001816,3295.0,-6.605000000000018,2.9450000000001637
2024-05-05 23:55:00,2024-05-06 01:00:00,Short,2294.1,2297.3250000000003,-3.225000000000364,SL Hit,2297.3250000000003,1,119.5550000000178,65.0,10.66000000000031,-1.9699999999998
2024-05-06 11:10:00,2024-05-06 11:40:00,Long,2321.46,2318.4225,-3.037499999999909,SL Hit,2318.4225,1,116.51750000001789,30.0,-3.9600000000000364,0.5199999999999818
2024-05-06 16:35:00,2024-05-06 20:15:00,Short,2322.49,2326.94,-13.350000000000819,SL Hit,2326.94,3,103.16750000001707,220.0,5.930000000000291,-3.449999999999818
2024-05-06 20:20:00,2024-05-07 01:50:00,Long,2326.0166666666664,2323.5,-7.549999999999272,SL Hit,2323.5,3,95.6175000000178,330.0,-3.1966666666662604,3.7033333333333758
2024-05-07 06:25:00,2024-05-07 12:40:00,Short,2314.69,2316.46,-7.079999999999927,SL Hit,2316.46,4,88.53750000001787,375.0,6.929999999999836,-4.4900000000002365
2024-05-07 12:50:00,2024-05-07 16:15:00,Long,2314.9366666666665,2312.82,-6.3499999999989996,SL Hit,2312.82,3,82.18750000001887,205.0,-2.116666666666333,8.42333333333363
2024-05-07 16:55:00,2024-05-07 17:25:00,Short,2313.14,2315.9900000000007,-2.8500000000008185,SL Hit,2315.9900000000007,1,79.33750000001805,30.0,2.9200000000000728,-2.099999999999909
2024-05-07 20:10:00,2024-05-08 01:00:00,Long,2315.2166666666667,2312.5,-8.150000000000091,SL Hit,2312.5,3,71.18750000001796,290.0,-2.7766666666666424,1.2333333333331211
2024-05-08 01:25:00,2024-05-08 02:55:00,Short,2312.86,2315.7475,-2.887499999999818,SL Hit,2315.7475,1,68.30000000001814,90.0,4.420000000000073,-5.559999999999945
2024-05-08 04:15:00,2024-05-08 06:00:00,Long,2318.36,2317.459999999999,-0.9000000000010004,SL Hit,2317.459999999999,1,67.40000000001714,105.0,-1.0799999999999272,2.949999999999818
2024-05-08 12:10:00,2024-05-08 13:10:00,Long,2315.5950000000003,2313.15,-4.890000000000327,SL Hit,2313.15,2,62.51000000001682,60.0,-2.605000000000473,2.4049999999997453
2024-05-08 13:15:00,2024-05-08 14:15:00,Short,2313.7,2313.7,0.0,SL Hit,2313.7,1,62.51000000001682,60.0,0.19000000000005457,-6.480000000000018
2024-05-08 15:30:00,2024-05-08 15:45:00,Long,2316.86,2316.86,0.0,SL Hit,2316.86,1,62.51000000001682,15.0,-0.01999999999998181,3.0299999999997453
2024-05-08 18:25:00,2024-05-08 18:35:00,Short,2311.73,2313.0800000000004,-1.3500000000003638,SL Hit,2313.0800000000004,1,61.16000000001645,10.0,1.4600000000000364,-0.2199999999997999
2024-05-08 18:50:00,2024-05-09 01:20:00,Short,2311.04,2310.55,0.9799999999995634,SL Hit,2310.55,2,62.140000000016016,390.0,1.9299999999998363,-3.8400000000001455
2024-05-09 01:25:00,2024-05-09 02:05:00,Long,2310.71,2307.8225,-2.887499999999818,SL Hit,2307.8225,1,59.2525000000162,40.0,-2.900000000000091,1.3600000000001273
2024-05-09 03:30:00,2024-05-09 03:50:00,Long,2311.59,2311.59,0.0,SL Hit,2311.59,1,59.2525000000162,20.0,-0.3900000000003274,1.2799999999997453
2024-05-09 11:35:00,2024-05-10 12:20:00,Long,2344.2239999999997,2369.98,257.56000000000313,SL Hit,2369.98,10,316.8125000000193,1485.0,-32.05399999999963,33.58600000000024
2024-05-10 13:25:00,2024-05-10 16:45:00,Short,2366.03,2365.74,0.8700000000012551,SL Hit,2365.74,3,317.6825000000206,200.0,6.569999999999709,-9.420000000000073
2024-05-10 18:05:00,2024-05-10 18:50:00,Long,2369.0,2366.7500000000005,-2.2499999999995453,SL Hit,2366.7500000000005,1,315.43250000002104,45.0,-2.3600000000001273,0.5900000000001455
2024-05-12 23:40:00,2024-05-13 00:15:00,Short,2359.95,2362.33,-4.760000000000218,SL Hit,2362.33,2,310.6725000000208,35.0,2.8100000000004,-0.9499999999998181
2024-05-13 00:25:00,2024-05-13 01:15:00,Long,2362.9750000000004,2359.0,-7.950000000000728,SL Hit,2359.0,2,302.7225000000201,50.0,-4.4050000000002,1.4049999999997453
2024-05-13 01:20:00,2024-05-13 17:35:00,Short,2351.2085714285713,2337.61,95.18999999999824,SL Hit,2337.61,7,397.9125000000183,975.0,8.461428571428769,-18.438571428571322
2024-05-13 17:45:00,2024-05-13 20:15:00,Long,2337.1766666666667,2335.8,-4.129999999999654,SL Hit,2335.8,3,393.7825000000187,150.0,-1.7366666666666788,1.0633333333330484
2024-05-13 20:45:00,2024-05-13 22:25:00,Short,2335.1,2340.1250000000005,-5.025000000000546,Bullish Trade Reversal,2340.1250000000005,1,388.7575000000181,100.0,3.150000000000091,-0.29999999999972715
2024-05-13 22:25:00,2024-05-14 00:35:00,Long,2338.043333333333,2336.5,-4.6299999999992,SL Hit,2336.5,3,384.1275000000189,130.0,-1.6533333333331939,1.4266666666667334
2024-05-14 01:15:00,2024-05-14 06:35:00,Long,2340.903333333333,2339.5,-4.209999999999582,SL Hit,2339.5,3,379.91750000001934,320.0,-3.903333333333194,4.626666666667006
2024-05-14 11:35:00,2024-05-14 11:45:00,Short,2344.09,2344.09,0.0,SL Hit,2344.09,1,379.91750000001934,10.0,0.05999999999994543,-1.0399999999999636
2024-05-14 12:25:00,2024-05-14 12:30:00,Long,2344.35,2341.350000000001,-2.9999999999990905,SL Hit,2341.350000000001,1,376.91750000002025,5.0,-5.839999999999691,0.8800000000001091
2024-05-14 12:35:00,2024-05-14 13:05:00,Short,2341.18,2360.1925000000006,-19.012500000000728,Bullish Trade Reversal,2360.1925000000006,1,357.9050000000195,30.0,8.400000000000091,-0.0
2024-05-14 13:05:00,2024-05-14 23:50:00,Long,2351.7174999999997,2355.17,13.81000000000131,SL Hit,2355.17,4,371.71500000002084,645.0,-6.427499999999782,7.732500000000073
2024-05-14 23:55:00,2024-05-15 00:00:00,Short,2355.71,2355.897500000001,-0.1875000000009095,SL Hit,2355.897500000001,1,371.5275000000199,5.0,0.34999999999990905,-0.5300000000002001
2024-05-15 00:45:00,2024-05-15 01:30:00,Short,2355.635,2356.71,-2.149999999999636,SL Hit,2356.71,2,369.3775000000203,45.0,2.994999999999891,-1.4350000000004002
2024-05-15 03:00:00,2024-05-15 10:40:00,Long,2361.94,2368.39,19.349999999999454,SL Hit,2368.39,3,388.72750000001975,460.0,-6.539999999999964,12.170000000000073
2024-05-15 16:30:00,2024-05-16 06:35:00,Long,2387.161666666667,2387.01,-0.9099999999998545,SL Hit,2387.01,6,387.8175000000199,845.0,-4.76166666666677,9.908333333333303
2024-05-16 06:40:00,2024-05-16 07:20:00,Short,2387.42,2389.107499999999,-1.6874999999990905,SL Hit,2389.107499999999,1,386.1300000000208,40.0,2.5599999999999454,-2.150000000000091
2024-05-16 08:40:00,2024-05-17 02:25:00,Short,2382.5628571428574,2379.36,22.420000000000982,SL Hit,2379.36,7,408.5500000000218,1065.0,5.027142857142735,-11.522857142857447
2024-05-17 02:35:00,2024-05-17 02:50:00,Long,2379.11,2375.847499999999,-3.2625000000011823,SL Hit,2375.847499999999,1,405.2875000000206,15.0,-5.510000000000218,0.2899999999999636
2024-05-17 05:40:00,2024-05-20 06:35:00,Long,2412.724444444445,2435.02,200.65999999999485,SL Hit,2435.02,9,605.9475000000155,4375.0,-33.32444444444491,37.20555555555484
2024-05-20 06:45:00,2024-05-20 07:00:00,Short,2435.59,2440.4275,-4.837499999999636,SL Hit,2440.4275,1,601.1100000000158,15.0,5.230000000000018,-0.8400000000001455
2024-05-20 08:05:00,2024-05-20 08:35:00,Long,2438.7,2437.7625,-0.9375,SL Hit,2437.7625,1,600.1725000000158,30.0,-1.169999999999618,2.8400000000001455
2024-05-20 15:05:00,2024-05-21 00:35:00,Long,2425.2666666666664,2424.5,-2.2999999999992724,SL Hit,2424.5,3,597.8725000000165,570.0,-5.566666666666606,11.843333333333703
2024-05-21 00:40:00,2024-05-21 01:00:00,Short,2425.36,2429.8975,-4.537499999999909,SL Hit,2429.8975,1,593.3350000000166,20.0,6.309999999999945,-0.5599999999999454
2024-05-21 01:05:00,2024-05-21 01:55:00,Long,2430.315,2424.2,-12.230000000000473,SL Hit,2424.2,2,581.1050000000162,50.0,-10.215000000000146,1.6349999999997635
2024-05-21 11:10:00,2024-05-21 15:50:00,Long,2423.45,2421.65,-3.5999999999994543,SL Hit,2421.65,2,577.5050000000167,280.0,-5.929999999999836,10.0300000000002
2024-05-21 15:55:00,2024-05-21 19:15:00,Short,2421.4700000000003,2423.64,-4.339999999999236,SL Hit,2423.64,2,573.1650000000175,200.0,2.9399999999996,-3.8100000000004
2024-05-22 00:15:00,2024-05-22 00:35:00,Long,2421.81,2421.81,0.0,SL Hit,2421.81,1,573.1650000000175,20.0,-1.8099999999999454,1.0700000000001637
2024-05-22 01:20:00,2024-05-22 01:30:00,Long,2422.33,2419.5924999999997,-2.737500000000182,SL Hit,2419.5924999999997,1,570.4275000000173,10.0,-2.769999999999982,0.4099999999998545
2024-05-22 07:20:00,2024-05-22 08:25:00,Long,2415.9849999999997,2412.4,-7.169999999999163,SL Hit,2412.4,2,563.2575000000181,65.0,-5.164999999999509,1.855000000000473
2024-05-22 10:40:00,2024-05-22 16:50:00,Short,2403.7920000000004,2393.67,50.61000000000149,SL Hit,2393.67,5,613.8675000000196,370.0,12.637999999999465,-20.702000000000226
2024-05-22 16:55:00,2024-05-22 17:40:00,Long,2393.65,2384.8375000000005,-8.812499999999545,Bearish Trade Reversal,2384.8375000000005,1,605.0550000000201,45.0,-6.940000000000055,1.2699999999999818
2024-05-22 17:40:00,2024-05-22 18:05:00,Short,2388.74,2389.415000000001,-0.6750000000010914,SL Hit,2389.415000000001,1,604.380000000019,25.0,1.4200000000000728,-3.299999999999727
2024-05-23 08:00:00,2024-05-23 08:50:00,Short,2355.39,2361.5025000000005,-6.112500000000637,SL Hit,2361.5025000000005,1,598.2675000000183,50.0,6.140000000000327,-0.06999999999970896
2024-05-23 13:30:00,2024-05-23 13:45:00,Long,2362.43,2361.4175,-1.012499999999818,SL Hit,2361.4175,1,597.2550000000185,15.0,-6.649999999999636,6.300000000000182
2024-05-23 14:00:00,2024-05-23 23:35:00,Short,2346.7225,2331.99,58.93000000000029,SL Hit,2331.99,4,656.1850000000188,575.0,16.247499999999945,-19.392499999999927
2024-05-23 23:40:00,2024-05-24 00:15:00,Long,2332.5150000000003,2329.3,-6.430000000000291,SL Hit,2329.3,2,649.7550000000185,35.0,-3.2150000000001455,0.7749999999996362
2024-05-24 00:25:00,2024-05-24 01:25:00,Short,2329.1000000000004,2333.29,-8.3799999999992,SL Hit,2333.29,2,641.3750000000193,60.0,5.089999999999691,-2.3700000000003456
2024-05-24 01:40:00,2024-05-24 02:25:00,Long,2332.945,2326.73,-12.430000000000291,SL Hit,2326.73,2,628.945000000019,45.0,-6.275000000000091,2.024999999999636
2024-05-24 02:35:00,2024-05-24 05:50:00,Short,2327.54,2337.890000000001,-10.350000000000819,SL Hit,2337.890000000001,1,618.5950000000182,195.0,11.510000000000218,-1.6900000000000546
2024-05-24 07:20:00,2024-05-24 07:30:00,Long,2337.9,2337.9,0.0,SL Hit,2337.9,1,618.5950000000182,10.0,-0.7300000000000182,1.6199999999998909
2024-05-24 08:45:00,2024-05-24 12:30:00,Long,2340.293333333333,2337.04,-9.759999999999309,SL Hit,2337.04,3,608.8350000000189,225.0,-3.5633333333330484,3.1866666666669516
2024-05-24 12:35:00,2024-05-24 13:05:00,Short,2340.16,2340.7225000000003,-0.5625000000004547,SL Hit,2340.7225000000003,1,608.2725000000185,30.0,2.4900000000002365,-2.5799999999999272
2024-05-24 13:15:00,2024-05-24 13:55:00,Long,2341.975,2336.73,-10.489999999999782,SL Hit,2336.73,2,597.7825000000187,40.0,-5.875,5.105000000000018
2024-05-24 14:00:00,2024-05-26 22:00:00,Short,2335.318333333333,2334.96,2.1499999999987267,SL Hit,2334.96,6,599.9325000000174,3360.0,7.451666666666824,-4.018333333332976
2024-05-26 22:20:00,2024-05-27 05:35:00,Long,2338.6025,2340.9,9.19000000000051,SL Hit,2340.9,4,609.1225000000179,435.0,-5.002500000000055,8.657500000000255
2024-05-27 05:40:00,2024-05-27 08:55:00,Short,2341.78,2345.642499999999,-3.8624999999988177,SL Hit,2345.642499999999,1,605.2600000000191,195.0,4.039999999999964,-3.980000000000018
2024-05-27 12:20:00,2024-05-27 18:15:00,Long,2352.102,2352.29,0.9400000000005093,SL Hit,2352.29,5,606.2000000000196,355.0,-7.391999999999825,6.148000000000138
2024-05-27 23:10:00,2024-05-28 01:30:00,Short,2351.24,2353.3,-6.1800000000012005,SL Hit,2353.3,3,600.0200000000184,140.0,2.1900000000000546,-2.1099999999996726
2024-05-28 09:05:00,2024-05-28 18:25:00,Long,2349.4399999999996,2353.72,17.1200000000008,SL Hit,2353.72,4,617.1400000000192,560.0,-7.289999999999509,13.970000000000255
2024-05-28 18:30:00,2024-05-28 18:45:00,Short,2353.65,2354.624999999999,-0.9749999999989996,SL Hit,2354.624999999999,1,616.1650000000202,15.0,1.4699999999998,-0.8099999999999454
2024-05-29 00:50:00,2024-05-29 01:00:00,Short,2358.34,2358.34,0.0,SL Hit,2358.34,1,616.1650000000202,10.0,0.31999999999970896,-1.2600000000002183
2024-05-29 02:25:00,2024-05-29 02:55:00,Long,2358.76,2355.3,-6.920000000000073,SL Hit,2355.3,2,609.2450000000201,30.0,-4.520000000000437,2.0
2024-05-29 05:40:00,2024-05-29 06:10:00,Long,2359.99,2353.4275,-6.5625,Bearish Trade Reversal,2353.4275,1,602.6825000000201,30.0,-6.139999999999873,1.0400000000004184
2024-05-29 06:10:00,2024-05-30 01:15:00,Short,2345.1862499999997,2338.9,50.289999999997235,SL Hit,2338.9,8,652.9725000000174,1145.0,10.803750000000036,-11.77624999999989
2024-05-30 01:25:00,2024-05-30 01:45:00,Long,2337.685,2333.41,-8.550000000000182,SL Hit,2333.41,2,644.4225000000172,20.0,-4.304999999999836,0.9050000000002001
2024-05-30 01:50:00,2024-05-30 07:10:00,Short,2331.706666666667,2336.9,-15.579999999999472,SL Hit,2336.9,3,628.8425000000177,320.0,5.253333333333103,-9.126666666667006
2024-05-30 07:15:00,2024-05-30 07:35:00,Long,2336.1,2333.100000000001,-2.9999999999990905,SL Hit,2333.100000000001,1,625.8425000000186,20.0,-3.1399999999998727,1.349999999999909
2024-05-30 09:10:00,2024-05-30 09:20:00,Long,2337.42,2335.5074999999993,-1.9125000000008185,SL Hit,2335.5074999999993,1,623.9300000000178,10.0,-2.8099999999999454,0.0
2024-05-30 10:00:00,2024-05-30 10:35:00,Short,2333.06,2333.0975000000008,-0.037500000000818545,SL Hit,2333.0975000000008,1,623.892500000017,35.0,1.4400000000000546,-2.4200000000000728
2024-05-30 12:30:00,2024-05-30 19:00:00,Long,2339.38,2341.2,5.459999999999127,SL Hit,2341.2,3,629.3525000000161,390.0,-4.470000000000255,11.609999999999673
2024-05-30 19:10:00,2024-05-30 20:40:00,Short,2341.86,2342.834999999999,-0.9749999999989996,SL Hit,2342.834999999999,1,628.3775000000171,90.0,1.2100000000000364,-1.599999999999909
2024-05-31 01:20:00,2024-05-31 02:05:00,Short,2344.835,2347.17,-4.670000000000073,SL Hit,2347.17,2,623.707500000017,45.0,2.675000000000182,-1.5549999999998363
2024-05-31 03:00:00,2024-05-31 04:00:00,Short,2342.02,2344.5699999999993,-2.5499999999992724,SL Hit,2344.5699999999993,1,621.1575000000178,60.0,2.8600000000001273,-4.989999999999782
2024-05-31 06:55:00,2024-05-31 07:30:00,Long,2346.04,2342.252500000001,-3.7874999999989996,SL Hit,2342.252500000001,1,617.3700000000188,35.0,-4.019999999999982,0.9200000000000728
2024-05-31 07:40:00,2024-05-31 09:20:00,Short,2342.03,2344.0550000000003,-2.025000000000091,SL Hit,2344.0550000000003,1,615.3450000000187,100.0,2.299999999999727,-2.100000000000364
2024-05-31 11:20:00,2024-05-31 14:10:00,Long,2344.35,2340.7125000000005,-3.6374999999993634,SL Hit,2340.7125000000005,1,611.7075000000193,170.0,-6.400000000000091,14.980000000000018
2024-05-31 14:20:00,2024-06-03 00:45:00,Short,2329.8250000000003,2326.58,12.980000000001382,SL Hit,2326.58,4,624.6875000000207,3505.0,13.894999999999527,-9.445000000000164
2024-06-03 03:35:00,2024-06-03 07:00:00,Short,2321.3050000000003,2323.39,-4.169999999999163,SL Hit,2323.39,2,620.5175000000215,205.0,3.194999999999709,-6.455000000000382
2024-06-03 08:35:00,2024-06-03 19:20:00,Long,2337.6400000000003,2346.16,42.599999999997635,SL Hit,2346.16,5,663.1175000000192,645.0,-13.200000000000273,16.649999999999636
2024-06-03 19:25:00,2024-06-03 19:50:00,Short,2346.36,2346.36,0.0,SL Hit,2346.36,1,663.1175000000192,25.0,0.1799999999998363,-1.680000000000291
2024-06-04 00:25:00,2024-06-04 01:05:00,Long,2350.955,2349.2,-3.5100000000002183,SL Hit,2349.2,2,659.607500000019,40.0,-1.9549999999999272,1.3650000000002365
2024-06-04 01:10:00,2024-06-04 04:55:00,Short,2347.9466666666667,2349.28,-4.000000000000455,SL Hit,2349.28,3,655.6075000000185,225.0,1.7233333333333576,-5.446666666666715
2024-06-04 05:00:00,2024-06-04 06:35:00,Long,2349.18,2346.5924999999997,-2.587500000000091,SL Hit,2346.5924999999997,1,653.0200000000184,95.0,-2.6299999999996544,2.0700000000001637
2024-06-04 07:05:00,2024-06-04 12:55:00,Short,2336.94,2334.27,5.3400000000001455,SL Hit,2334.27,2,658.3600000000185,350.0,8.11999999999989,-11.5300000000002
2024-06-04 13:10:00,2024-06-04 13:40:00,Long,2332.92,2328.8324999999995,-4.087500000000546,SL Hit,2328.8324999999995,1,654.272500000018,30.0,-5.170000000000073,4.849999999999909
2024-06-04 17:45:00,2024-06-04 18:40:00,Long,2328.93,2326.6800000000003,-2.2499999999995453,SL Hit,2326.6800000000003,1,652.0225000000185,55.0,-2.8399999999996908,0.6100000000001273
2024-06-04 20:25:00,2024-06-04 22:00:00,Short,2326.3050000000003,2327.69,-2.769999999999527,SL Hit,2327.69,2,649.2525000000189,95.0,1.574999999999818,-0.32500000000027285
2024-06-04 22:05:00,2024-06-04 22:10:00,Long,2327.56,2327.56,0.0,SL Hit,2327.56,1,649.2525000000189,5.0,-0.02999999999974534,0.4299999999998363
2024-06-04 22:20:00,2024-06-05 01:00:00,Long,2328.125,2326.7,-2.850000000000364,SL Hit,2326.7,2,646.4025000000186,160.0,-1.925000000000182,1.2150000000001455
2024-06-05 01:10:00,2024-06-05 01:45:00,Short,2327.1850000000004,2329.34,-4.309999999999491,SL Hit,2329.34,2,642.0925000000191,35.0,2.8149999999996,-1.1250000000004547
2024-06-05 01:50:00,2024-06-05 06:05:00,Long,2333.0499999999997,2335.5,7.3500000000008185,SL Hit,2335.5,3,649.4425000000199,255.0,-4.349999999999909,8.480000000000473
2024-06-05 10:45:00,2024-06-06 05:35:00,Long,2350.3044444444445,2366.81,148.54999999999927,SL Hit,2366.81,9,797.9925000000192,1130.0,-20.20444444444456,24.125555555555366
2024-06-06 05:40:00,2024-06-06 12:30:00,Short,2363.732,2361.7,10.160000000000764,SL Hit,2361.7,5,808.1525000000199,410.0,5.608000000000175,-6.481999999999971
2024-06-06 13:40:00,2024-06-06 18:05:00,Long,2366.906,2370.79,19.420000000000073,SL Hit,2370.79,5,827.57250000002,265.0,-7.855999999999767,11.264000000000124
2024-06-06 23:10:00,2024-06-06 23:40:00,Long,2376.35,2376.275,-0.0749999999998181,SL Hit,2376.275,1,827.4975000000202,30.0,-1.0499999999997272,1.5100000000002183
2024-06-07 00:25:00,2024-06-07 01:25:00,Long,2377.34,2373.4774999999995,-3.8625000000006366,SL Hit,2373.4774999999995,1,823.6350000000195,60.0,-5.289999999999964,2.4899999999997817
2024-06-07 04:05:00,2024-06-07 04:10:00,Long,2379.41,2379.41,0.0,SL Hit,2379.41,1,823.6350000000195,5.0,-0.009999999999763531,2.450000000000273
2024-06-07 16:10:00,2024-06-07 16:25:00,Short,2307.28,2311.367499999999,-4.087499999998727,SL Hit,2311.367499999999,1,819.5475000000208,15.0,4.230000000000018,-1.6700000000000728
2024-06-07 18:25:00,2024-06-10 07:50:00,Short,2297.67,2296.98,2.0700000000001637,SL Hit,2296.98,3,821.617500000021,3685.0,7.650000000000091,-11.670000000000073
2024-06-10 07:55:00,2024-06-10 19:50:00,Long,2304.523333333333,2309.7,31.0600000000004,SL Hit,2309.7,6,852.6775000000214,715.0,-12.573333333333267,8.976666666666915
2024-06-10 23:05:00,2024-06-10 23:35:00,Short,2309.44,2310.1899999999996,-0.7499999999995453,SL Hit,2310.1899999999996,1,851.9275000000218,30.0,0.8800000000001091,-0.8400000000001455
2024-06-11 01:55:00,2024-06-11 06:35:00,Short,2301.63,2303.81,-6.539999999999509,SL Hit,2303.81,3,845.3875000000223,280.0,2.849999999999909,-3.730000000000018
2024-06-11 06:40:00,2024-06-11 06:45:00,Long,2303.03,2301.492499999999,-1.5375000000012733,SL Hit,2301.492499999999,1,843.850000000021,5.0,-2.330000000000382,0.1499999999996362
2024-06-11 07:10:00,2024-06-11 09:25:00,Long,2303.885,2302.8,-2.1700000000000728,SL Hit,2302.8,2,841.680000000021,135.0,-2.1550000000002,3.6849999999999454
2024-06-11 16:05:00,2024-06-11 17:50:00,Short,2312.03,2312.292499999999,-0.2624999999989086,SL Hit,2312.292499999999,1,841.4175000000221,105.0,0.3999999999996362,-6.050000000000182
2024-06-11 20:05:00,2024-06-11 22:00:00,Long,2315.7799999999997,2312.5,-6.559999999999491,SL Hit,2312.5,2,834.8575000000226,115.0,-3.799999999999727,0.900000000000091
2024-06-11 22:05:00,2024-06-11 22:40:00,Short,2316.255,2316.68,-0.8499999999994543,SL Hit,2316.68,2,834.0075000000231,35.0,0.6050000000000182,-1.3550000000000182
2024-06-12 01:00:00,2024-06-12 02:25:00,Short,2313.03,2315.0550000000003,-2.025000000000091,SL Hit,2315.0550000000003,1,831.982500000023,85.0,2.1899999999996,-2.0600000000004
2024-06-12 03:25:00,2024-06-12 03:45:00,Long,2315.2,2315.0125000000007,-0.1874999999990905,SL Hit,2315.0125000000007,1,831.795000000024,20.0,-0.23999999999978172,0.9200000000000728
2024-06-12 06:25:00,2024-06-12 07:30:00,Long,2316.6,2311.650000000001,-4.949999999998909,Bearish Trade Reversal,2311.650000000001,1,826.845000000025,65.0,-4.900000000000091,0.9500000000002728
2024-06-12 07:30:00,2024-06-12 12:20:00,Short,2312.4249999999997,2315.28,-11.420000000001892,SL Hit,2315.28,4,815.4250000000231,290.0,3.2150000000001455,-1.544999999999618
2024-06-12 12:25:00,2024-06-12 12:35:00,Long,2314.66,2309.5975000000003,-5.062499999999545,Bearish Trade Reversal,2309.5975000000003,1,810.3625000000236,10.0,-3.699999999999818,15.480000000000018
2024-06-12 12:35:00,2024-06-13 07:15:00,Short,2321.0071428571428,2316.0,35.04999999999927,SL Hit,2316.0,7,845.4125000000229,1120.0,20.1528571428571,-12.43714285714259
2024-06-13 07:25:00,2024-06-13 11:05:00,Long,2317.62,2313.2,-8.840000000000146,SL Hit,2313.2,2,836.5725000000227,220.0,-4.569999999999709,2.180000000000291
2024-06-13 11:10:00,2024-06-13 12:30:00,Short,2313.36,2314.484999999999,-1.1249999999990905,SL Hit,2314.484999999999,1,835.4475000000236,80.0,6.339999999999691,-8.620000000000346
2024-06-13 15:20:00,2024-06-13 19:20:00,Short,2304.8566666666666,2303.93,2.7800000000002,SL Hit,2303.93,3,838.2275000000238,240.0,5.493333333333339,-8.956666666666479
2024-06-13 19:25:00,2024-06-13 23:00:00,Long,2303.7349999999997,2302.2,-3.069999999999709,SL Hit,2302.2,2,835.1575000000241,215.0,-1.6349999999997635,0.9750000000003638
2024-06-13 23:05:00,2024-06-14 00:00:00,Short,2303.02,2303.02,0.0,SL Hit,2303.02,1,835.1575000000241,55.0,0.44000000000005457,-2.019999999999982
2024-06-14 00:40:00,2024-06-14 00:45:00,Long,2304.76,2304.0099999999993,-0.7500000000009095,SL Hit,2304.0099999999993,1,834.4075000000232,5.0,-0.7600000000002183,0.3999999999996362
2024-06-14 00:55:00,2024-06-14 13:30:00,Long,2314.6766666666667,2327.49,76.87999999999829,SL Hit,2327.49,6,911.2875000000215,755.0,-11.776666666666642,21.523333333333085
2024-06-14 14:10:00,2024-06-14 15:50:00,Long,2332.34,2324.68,-15.320000000000618,SL Hit,2324.68,2,895.9675000000209,100.0,-8.220000000000255,2.4899999999997817
2024-06-14 15:55:00,2024-06-14 16:05:00,Short,2325.17,2328.5450000000005,-3.3750000000004547,SL Hit,2328.5450000000005,1,892.5925000000204,10.0,5.6599999999998545,-0.9600000000000364
2024-06-14 17:40:00,2024-06-16 22:15:00,Long,2333.47,2329.9075000000003,-3.5624999999995453,SL Hit,2329.9075000000003,1,889.0300000000209,3155.0,-3.9699999999998,1.7800000000002
2024-06-17 05:15:00,2024-06-17 08:50:00,Short,2321.61,2321.685,-0.0749999999998181,SL Hit,2321.685,1,888.9550000000211,215.0,0.33999999999969077,-5.9900000000002365
2024-06-17 11:40:00,2024-06-17 11:45:00,Short,2320.21,2320.21,0.0,SL Hit,2320.21,1,888.9550000000211,5.0,0.42000000000007276,-1.8099999999999454
2024-06-17 11:55:00,2024-06-17 13:10:00,Short,2319.415,2321.63,-4.430000000000291,SL Hit,2321.63,2,884.5250000000208,75.0,3.8049999999998363,-2.625
2024-06-17 13:15:00,2024-06-17 15:30:00,Long,2323.7833333333333,2318.8,-14.949999999999363,SL Hit,2318.8,3,869.5750000000214,135.0,-9.573333333333267,3.4266666666667334
2024-06-17 22:35:00,2024-06-18 05:15:00,Long,2321.5499999999997,2319.14,-7.229999999999563,SL Hit,2319.14,3,862.3450000000219,400.0,-2.649999999999636,3.9400000000000546
2024-06-18 05:20:00,2024-06-18 05:35:00,Short,2319.88,2323.2550000000006,-3.3750000000004547,SL Hit,2323.2550000000006,1,858.9700000000214,15.0,3.5,-0.07999999999992724
2024-06-18 12:25:00,2024-06-18 22:05:00,Long,2326.442,2328.47,10.139999999998963,SL Hit,2328.47,5,869.1100000000204,580.0,-14.83199999999988,6.188000000000102
2024-06-18 22:10:00,2024-06-19 00:10:00,Short,2329.01,2329.46,-0.4499999999998181,SL Hit,2329.46,1,868.6600000000205,120.0,0.4499999999998181,-2.3100000000004
2024-06-19 01:15:00,2024-06-19 01:25:00,Short,2327.9,2327.9,0.0,SL Hit,2327.9,1,868.6600000000205,10.0,0.6900000000000546,-1.5
2024-06-19 02:10:00,2024-06-19 02:15:00,Long,2329.16,2329.16,0.0,SL Hit,2329.16,1,868.6600000000205,5.0,-0.11999999999989086,0.75
2024-06-19 02:20:00,2024-06-19 03:50:00,Long,2329.9,2327.6124999999997,-2.287500000000364,SL Hit,2327.6124999999997,1,866.3725000000202,90.0,-2.900000000000091,1.5499999999997272
2024-06-19 07:10:00,2024-06-19 07:15:00,Long,2329.88,2329.88,0.0,SL Hit,2329.88,1,866.3725000000202,5.0,0.0,1.4299999999998363
2024-06-19 11:05:00,2024-06-19 11:35:00,Short,2326.495,2329.61,-6.230000000000473,SL Hit,2329.61,2,860.1425000000197,30.0,3.144999999999982,-0.2849999999998545
2024-06-19 11:45:00,2024-06-19 12:25:00,Long,2328.0,2328.0,0.0,SL Hit,2328.0,1,860.1425000000197,40.0,-0.7899999999999636,4.769999999999982
2024-06-19 12:30:00,2024-06-19 16:20:00,Short,2326.62,2331.15,-13.5900000000006,SL Hit,2331.15,3,846.5525000000191,230.0,4.650000000000091,-2.75
2024-06-19 18:10:00,2024-06-19 22:20:00,Short,2328.82,2329.8325,-1.012499999999818,SL Hit,2329.8325,1,845.5400000000193,250.0,1.3399999999996908,-3.8600000000001273
2024-06-19 22:50:00,2024-06-20 01:00:00,Short,2329.435,2330.26,-1.6500000000005457,SL Hit,2330.26,2,843.8900000000187,130.0,4.095000000000255,-2.0349999999998545
2024-06-20 06:30:00,2024-06-20 06:40:00,Long,2344.29,2341.8150000000005,-2.4749999999994543,SL Hit,2341.8150000000005,1,841.4150000000193,10.0,-2.5900000000001455,0.15000000000009095
2024-06-20 06:55:00,2024-06-20 07:05:00,Long,2344.12,2342.7325,-1.387499999999818,SL Hit,2342.7325,1,840.0275000000195,10.0,-2.4200000000000728,0.07000000000016371
2024-06-20 07:50:00,2024-06-20 12:30:00,Short,2339.33,2341.955000000001,-2.6250000000009095,SL Hit,2341.955000000001,1,837.4025000000186,280.0,3.0599999999999454,-7.5
2024-06-20 20:15:00,2024-06-20 20:55:00,Short,2358.71,2359.684999999999,-0.9749999999989996,SL Hit,2359.684999999999,1,836.4275000000196,40.0,1.0199999999999818,-0.6100000000001273
2024-06-20 22:25:00,2024-06-21 00:20:00,Short,2358.28,2362.367499999999,-4.087499999998727,SL Hit,2362.367499999999,1,832.3400000000208,115.0,4.349999999999909,-0.18000000000029104
2024-06-21 04:05:00,2024-06-21 06:55:00,Long,2361.84,2357.189999999999,-4.6500000000010004,Bearish Trade Reversal,2357.189999999999,1,827.6900000000198,170.0,-4.140000000000327,3.5299999999997453
2024-06-21 06:55:00,2024-06-21 07:40:00,Short,2359.11,2359.147499999999,-0.037499999998999556,SL Hit,2359.147499999999,1,827.6525000000208,45.0,1.5199999999999818,-3.849999999999909
2024-06-21 08:20:00,2024-06-21 09:30:00,Long,2363.85,2363.85,0.0,SL Hit,2363.85,1,827.6525000000208,70.0,-0.8399999999996908,4.0
2024-06-21 13:05:00,2024-06-24 01:05:00,Short,2334.4,2321.96,37.320000000000164,SL Hit,2321.96,3,864.972500000021,3600.0,29.110000000000127,-17.59999999999991
2024-06-24 03:15:00,2024-06-24 05:40:00,Long,2325.855,2324.0,-3.7100000000000364,SL Hit,2324.0,2,861.262500000021,145.0,-2.0949999999998,0.9050000000002001
2024-06-24 05:45:00,2024-06-24 07:25:00,Short,2323.7200000000003,2326.76,-6.079999999999927,SL Hit,2326.76,2,855.182500000021,100.0,3.9099999999998545,-2.3100000000004
2024-06-24 07:30:00,2024-06-24 09:05:00,Long,2327.19,2326.7400000000007,-0.44999999999936335,SL Hit,2326.7400000000007,1,854.7325000000217,95.0,-0.9299999999998363,5.4099999999998545
2024-06-24 12:30:00,2024-06-24 13:20:00,Short,2325.34,2330.9274999999993,-5.5874999999991815,Bullish Trade Reversal,2330.9274999999993,1,849.1450000000225,50.0,2.7799999999997453,-1.180000000000291
2024-06-24 13:20:00,2024-06-24 23:05:00,Long,2330.4066666666668,2330.98,1.7199999999998,SL Hit,2330.98,3,850.8650000000223,585.0,-3.9066666666667516,4.0933333333332484
2024-06-24 23:35:00,2024-06-25 05:05:00,Short,2327.06,2328.43,-4.109999999999673,SL Hit,2328.43,3,846.7550000000226,330.0,4.099999999999909,-4.179999999999836
2024-06-25 05:10:00,2024-06-25 05:35:00,Long,2328.13,2326.7799999999997,-1.3500000000003638,SL Hit,2326.7799999999997,1,845.4050000000223,25.0,-1.8299999999999272,1.849999999999909
2024-06-25 08:05:00,2024-06-25 09:15:00,Short,2323.18,2332.1050000000005,-8.925000000000637,SL Hit,2332.1050000000005,1,836.4800000000216,70.0,10.650000000000091,-0.0
2024-06-25 13:05:00,2024-06-25 19:05:00,Short,2323.883333333333,2319.75,12.399999999999636,SL Hit,2319.75,3,848.8800000000213,360.0,3.7066666666669335,-8.153333333333194
2024-06-25 19:10:00,2024-06-26 00:35:00,Long,2319.1275,2318.5,-2.5100000000002183,SL Hit,2318.5,4,846.370000000021,325.0,-1.9275000000002365,3.692500000000109
2024-06-26 00:40:00,2024-06-26 00:45:00,Short,2319.2,2319.2,0.0,SL Hit,2319.2,1,846.370000000021,5.0,0.010000000000218279,-0.4800000000000182
2024-06-26 00:55:00,2024-06-26 02:25:00,Short,2316.8,2320.57,-11.309999999999945,SL Hit,2320.57,3,835.0600000000211,90.0,4.1899999999996,-6.010000000000218
2024-06-26 08:35:00,2024-06-26 08:55:00,Long,2315.8,2315.6874999999995,-0.11250000000063665,SL Hit,2315.6874999999995,1,834.9475000000205,20.0,-0.14000000000032742,1.919999999999618
2024-06-26 09:45:00,2024-06-26 10:00:00,Long,2316.93,2315.5425000000005,-1.3874999999993634,SL Hit,2315.5425000000005,1,833.5600000000211,15.0,-1.8599999999996726,0.8200000000001637
2024-06-26 18:55:00,2024-06-26 19:55:00,Short,2299.08,2299.08,0.0,SL Hit,2299.08,1,833.5600000000211,60.0,0.07999999999992724,-2.2799999999997453
2024-06-26 20:35:00,2024-06-27 00:10:00,Short,2297.5366666666664,2298.77,-3.7000000000007276,SL Hit,2298.77,3,829.8600000000204,215.0,1.4033333333336486,-0.9366666666664969
2024-06-27 00:15:00,2024-06-27 01:40:00,Long,2299.0249999999996,2297.1,-3.8499999999994543,SL Hit,2297.1,2,826.0100000000209,85.0,-2.1249999999995453,0.9850000000005821
2024-06-27 01:50:00,2024-06-27 02:20:00,Short,2297.21,2298.9350000000004,-1.7250000000003638,SL Hit,2298.9350000000004,1,824.2850000000205,30.0,1.8400000000001455,-0.05999999999994543
2024-06-27 06:00:00,2024-06-27 06:30:00,Short,2297.06,2302.0850000000005,-5.025000000000546,SL Hit,2302.0850000000005,1,819.26000000002,30.0,6.25,-0.5
2024-06-27 08:10:00,2024-06-27 08:25:00,Long,2303.74,2303.1025000000013,-0.6374999999984539,SL Hit,2303.1025000000013,1,818.6225000000215,15.0,-0.669999999999618,0.7100000000000364
2024-06-27 13:35:00,2024-06-27 18:10:00,Long,2325.1833333333334,2323.6,-4.750000000000455,SL Hit,2323.6,3,813.8725000000211,275.0,-5.673333333333176,5.526666666666642
2024-06-27 18:15:00,2024-06-27 18:55:00,Short,2323.71,2325.81,-2.099999999999909,SL Hit,2325.81,1,811.7725000000212,40.0,2.6100000000001273,-1.1100000000001273
2024-06-27 20:55:00,2024-06-27 22:25:00,Long,2327.68,2324.755000000001,-2.9249999999988177,Bearish Trade Reversal,2324.755000000001,1,808.8475000000224,90.0,-2.6799999999998363,0.0
2024-06-27 22:25:00,2024-06-28 05:40:00,Short,2324.5325,2324.63,-0.3900000000012369,SL Hit,2324.63,4,808.4575000000211,435.0,3.5275000000001455,-5.492499999999836
2024-06-28 05:45:00,2024-06-28 13:30:00,Long,2330.6549999999997,2331.39,2.9400000000005093,SL Hit,2331.39,4,811.3975000000216,465.0,-6.274999999999636,8.595000000000255
2024-06-28 14:15:00,2024-06-28 17:10:00,Short,2331.5299999999997,2332.49,-1.9200000000000728,SL Hit,2332.49,2,809.4775000000216,175.0,1.7000000000002728,-8.319999999999709
2024-06-28 17:15:00,2024-06-28 17:30:00,Long,2331.92,2328.6575000000003,-3.262499999999818,SL Hit,2328.6575000000003,1,806.2150000000217,15.0,-3.9700000000002547,0.6300000000001091
2024-06-28 17:50:00,2024-07-01 01:10:00,Short,2325.15,2325.86,-2.8400000000001455,SL Hit,2325.86,4,803.3750000000216,3320.0,3.0899999999996908,-3.2100000000000364
2024-07-01 03:40:00,2024-07-01 04:05:00,Short,2325.02,2325.4325000000003,-0.4125000000003638,SL Hit,2325.4325000000003,1,802.9625000000212,25.0,0.7199999999997999,-1.5199999999999818
2024-07-01 09:15:00,2024-07-01 09:45:00,Long,2328.3,2325.6749999999993,-2.6250000000009095,SL Hit,2325.6749999999993,1,800.3375000000203,30.0,-3.0,1.0399999999999636
2024-07-01 19:45:00,2024-07-02 03:05:00,Long,2331.0725,2330.7,-1.4900000000016007,SL Hit,2330.7,4,798.8475000000187,440.0,-1.6725000000001273,2.9974999999999454
2024-07-02 08:25:00,2024-07-02 08:35:00,Long,2329.86,2329.109999999999,-0.7500000000009095,SL Hit,2329.109999999999,1,798.0975000000178,10.0,-1.2300000000000182,1.2699999999999818
2024-07-02 08:55:00,2024-07-02 09:05:00,Long,2331.16,2330.3350000000005,-0.8249999999993634,SL Hit,2330.3350000000005,1,797.2725000000185,10.0,-0.8799999999996544,1.1300000000001091
2024-07-02 09:40:00,2024-07-02 12:45:00,Short,2326.355,2326.41,-0.10999999999967258,SL Hit,2326.41,2,797.1625000000188,185.0,2.125,-7.054999999999836
2024-07-02 12:50:00,2024-07-02 14:10:00,Long,2326.16,2326.16,0.0,SL Hit,2326.16,1,797.1625000000188,80.0,-2.3899999999998727,10.039999999999964
2024-07-02 23:05:00,2024-07-03 01:15:00,Long,2330.7500000000005,2329.1,-4.950000000001637,SL Hit,2329.1,3,792.2125000000171,130.0,-1.6500000000005457,1.2299999999995634
2024-07-03 01:30:00,2024-07-03 02:05:00,Short,2330.19,2330.34,-0.15000000000009095,SL Hit,2330.34,1,792.062500000017,35.0,0.7799999999997453,-1.7899999999999636
2024-07-03 02:40:00,2024-07-03 03:45:00,Short,2328.37,2330.97,-5.199999999999818,SL Hit,2330.97,2,786.8625000000172,65.0,3.230000000000018,-1.7699999999999818
2024-07-03 06:30:00,2024-07-03 19:35:00,Long,2341.3766666666666,2354.5,39.370000000000346,SL Hit,2354.5,3,826.2325000000176,785.0,-7.396666666666533,23.193333333333612
2024-07-03 19:40:00,2024-07-03 20:10:00,Short,2354.7,2355.1125,-0.4125000000003638,SL Hit,2355.1125,1,825.8200000000172,30.0,0.44000000000005457,-1.0399999999999636
2024-07-04 04:05:00,2024-07-04 08:55:00,Short,2358.1033333333335,2359.32,-3.650000000000091,SL Hit,2359.32,3,822.1700000000171,290.0,1.2366666666666788,-7.413333333333412
2024-07-04 09:00:00,2024-07-04 15:20:00,Long,2357.7900000000004,2357.09,-2.1000000000008185,SL Hit,2357.09,3,820.0700000000163,380.0,-2.2200000000002547,3.7599999999997635
2024-07-04 15:25:00,2024-07-04 23:45:00,Short,2356.6733333333336,2357.28,-1.819999999999709,SL Hit,2357.28,3,818.2500000000166,500.0,3.166666666666515,-3.0033333333335577
2024-07-04 23:50:00,2024-07-05 09:50:00,Long,2361.8675000000003,2362.3,1.7299999999995634,SL Hit,2362.3,4,819.9800000000162,600.0,-5.887500000000273,5.802499999999782
2024-07-05 09:55:00,2024-07-05 10:20:00,Short,2362.5,2364.4875000000006,-1.9875000000006366,SL Hit,2364.4875000000006,1,817.9925000000155,25.0,2.2600000000002183,-0.6900000000000546
2024-07-05 15:30:00,2024-07-05 15:40:00,Long,2384.73,2384.2050000000004,-0.5249999999996362,SL Hit,2384.2050000000004,1,817.4675000000159,10.0,-0.5900000000001455,3.4699999999998
2024-07-05 17:10:00,2024-07-05 17:15:00,Long,2388.31,2387.9350000000004,-0.37499999999954525,SL Hit,2387.9350000000004,1,817.0925000000163,5.0,-1.400000000000091,0.5900000000001455
2024-07-05 17:20:00,2024-07-05 17:35:00,Long,2386.92,2386.92,0.0,SL Hit,2386.92,1,817.0925000000163,15.0,-1.6199999999998909,2.7100000000000364
2024-07-05 18:35:00,2024-07-07 22:00:00,Long,2390.675,2388.12,-5.110000000000582,SL Hit,2388.12,2,811.9825000000158,3085.0,-4.375,3.174999999999727
2024-07-07 22:20:00,2024-07-08 14:00:00,Short,2381.8266666666664,2377.03,28.779999999997017,SL Hit,2377.03,6,840.7625000000128,940.0,8.753333333333558,-13.526666666666188
2024-07-08 19:55:00,2024-07-08 20:25:00,Long,2359.48,2357.755,-1.724999999999909,SL Hit,2357.755,1,839.0375000000129,30.0,-2.2800000000002,0.25
2024-07-09 01:20:00,2024-07-09 02:15:00,Long,2363.38,2360.2299999999996,-3.1500000000005457,SL Hit,2360.2299999999996,1,835.8875000000123,55.0,-3.180000000000291,1.5099999999997635
2024-07-09 06:40:00,2024-07-09 13:35:00,Short,2362.855,2365.42,-5.130000000000109,SL Hit,2365.42,2,830.7575000000122,415.0,3.3849999999997635,-6.585000000000036
2024-07-09 13:45:00,2024-07-09 14:00:00,Long,2364.9,2364.0375,-0.8625000000001819,SL Hit,2364.0375,1,829.895000000012,15.0,-2.0100000000002183,3.369999999999891
2024-07-09 15:05:00,2024-07-09 15:45:00,Short,2358.18,2358.18,0.0,SL Hit,2358.18,1,829.895000000012,40.0,0.7000000000002728,-7.879999999999654
2024-07-09 18:15:00,2024-07-09 22:05:00,Long,2363.215,2362.82,-0.7899999999999636,SL Hit,2362.82,2,829.1050000000121,230.0,-0.5150000000003274,2.1649999999999636
2024-07-09 22:10:00,2024-07-09 22:55:00,Short,2363.23,2364.0549999999994,-0.8249999999993634,SL Hit,2364.0549999999994,1,828.2800000000127,45.0,0.9400000000000546,-12.190000000000055
2024-07-09 23:05:00,2024-07-10 11:10:00,Long,2369.26875,2371.66,19.12999999999738,SL Hit,2371.66,8,847.4100000000101,725.0,-5.868750000000091,5.9412499999998545
2024-07-10 11:15:00,2024-07-10 11:30:00,Short,2373.6499999999996,2375.21,-3.1200000000008004,SL Hit,2375.21,2,844.2900000000093,15.0,1.5900000000001455,-1.019999999999527
2024-07-10 11:35:00,2024-07-10 14:40:00,Long,2379.6966666666667,2376.42,-9.829999999999927,SL Hit,2376.42,3,834.4600000000094,185.0,-5.746666666666897,6.553333333333285
2024-07-10 14:45:00,2024-07-10 14:50:00,Short,2376.9,2377.4625000000005,-0.5625000000004547,SL Hit,2377.4625000000005,1,833.8975000000089,5.0,0.7199999999997999,-1.4600000000000364
2024-07-10 22:05:00,2024-07-11 00:30:00,Short,2370.6400000000003,2372.77,-4.259999999999309,SL Hit,2372.77,2,829.6375000000096,145.0,2.4299999999998363,-2.6500000000005457
2024-07-11 00:35:00,2024-07-11 11:45:00,Long,2379.905,2380.42,2.0599999999994907,SL Hit,2380.42,4,831.6975000000091,670.0,-8.105000000000018,4.574999999999818
2024-07-11 11:50:00,2024-07-11 12:05:00,Short,2381.05,2382.1749999999993,-1.1249999999990905,SL Hit,2382.1749999999993,1,830.57250000001,15.0,1.3099999999999454,-1.6400000000003274
2024-07-11 22:25:00,2024-07-11 23:55:00,Short,2412.495,2415.28,-5.5700000000006185,SL Hit,2415.28,2,825.0025000000094,90.0,3.425000000000182,-1.2950000000000728
2024-07-12 00:15:00,2024-07-12 05:45:00,Short,2409.996,2409.79,1.0300000000006548,SL Hit,2409.79,5,826.03250000001,330.0,4.003999999999905,-4.456000000000131
2024-07-12 05:50:00,2024-07-12 06:25:00,Long,2407.7250000000004,2405.54,-4.3700000000008,SL Hit,2405.54,2,821.6625000000092,35.0,-2.485000000000582,1.044999999999618
2024-07-12 08:10:00,2024-07-12 08:20:00,Short,2405.89,2405.89,0.0,SL Hit,2405.89,1,821.6625000000092,10.0,0.8800000000001091,-1.6099999999996726
2024-07-12 08:25:00,2024-07-12 08:40:00,Short,2406.4,2407.2625000000003,-0.8625000000001819,SL Hit,2407.2625000000003,1,820.800000000009,15.0,1.5599999999999454,-1.2600000000002183
2024-07-12 13:25:00,2024-07-15 05:50:00,Long,2406.4280000000003,2408.5,10.359999999998308,SL Hit,2408.5,5,831.1600000000074,3865.0,-6.598000000000411,11.631999999999607
2024-07-15 10:10:00,2024-07-15 22:45:00,Long,2418.6879999999996,2420.18,7.460000000000946,SL Hit,2420.18,5,838.6200000000083,755.0,-7.787999999999556,20.842000000000553
2024-07-15 22:50:00,2024-07-15 23:15:00,Short,2421.01,2421.6099999999997,-0.5999999999994543,SL Hit,2421.6099999999997,1,838.0200000000088,25.0,0.919999999999618,-0.19000000000005457
2024-07-16 01:15:00,2024-07-17 05:00:00,Long,2444.65375,2466.33,173.40999999999985,SL Hit,2466.33,8,1011.4300000000087,1665.0,-21.003749999999854,27.9362500000002
2024-07-17 05:10:00,2024-07-17 08:00:00,Short,2466.18,2474.4300000000007,-8.25000000000091,SL Hit,2474.4300000000007,1,1003.1800000000078,170.0,8.940000000000055,-4.679999999999836
2024-07-17 13:15:00,2024-07-17 14:15:00,Long,2477.01,2462.8349999999996,-14.175000000000637,Bearish Trade Reversal,2462.8349999999996,1,989.0050000000072,60.0,-12.3100000000004,6.209999999999582
2024-07-17 14:15:00,2024-07-17 14:40:00,Short,2467.66,2471.5975000000008,-3.9375000000009095,SL Hit,2471.5975000000008,1,985.0675000000062,25.0,4.110000000000127,-2.9600000000000364
2024-07-18 02:40:00,2024-07-18 10:00:00,Long,2467.0466666666666,2464.81,-6.710000000000036,SL Hit,2464.81,3,978.3575000000062,440.0,-3.936666666666497,7.64333333333343
2024-07-18 12:10:00,2024-07-18 12:20:00,Long,2466.05,2465.3375,-0.712500000000091,SL Hit,2465.3375,1,977.6450000000061,10.0,-0.7400000000002365,1.4399999999995998
2024-07-18 12:25:00,2024-07-18 12:40:00,Long,2465.7,2464.050000000001,-1.6499999999987267,SL Hit,2464.050000000001,1,975.9950000000074,15.0,-1.919999999999618,2.7100000000000364
2024-07-18 12:45:00,2024-07-18 12:50:00,Long,2463.63,2463.63,0.0,SL Hit,2463.63,1,975.9950000000074,5.0,-0.9500000000002728,1.1099999999996726
2024-07-18 13:20:00,2024-07-18 14:50:00,Short,2462.12,2467.482500000001,-5.362500000001091,Bullish Trade Reversal,2467.482500000001,1,970.6325000000063,90.0,6.670000000000073,-3.849999999999909
2024-07-18 14:50:00,2024-07-18 15:25:00,Long,2466.04,2464.24,-1.800000000000182,SL Hit,2464.24,1,968.8325000000061,35.0,-1.9400000000000546,3.4700000000002547
2024-07-18 16:10:00,2024-07-19 15:05:00,Short,2425.6537499999995,2406.2,155.62999999999738,SL Hit,2406.2,8,1124.4625000000035,1375.0,36.286250000000564,-31.733749999999418
2024-07-19 19:40:00,2024-07-19 20:50:00,Short,2399.045,2399.96,-1.8299999999999272,SL Hit,2399.96,2,1122.6325000000036,70.0,1.2550000000001091,-1.9450000000001637
2024-07-22 01:35:00,2024-07-22 02:00:00,Long,2409.5299999999997,2405.94,-7.1799999999993815,SL Hit,2405.94,2,1115.4525000000042,25.0,-4.7599999999997635,2.2900000000004184
2024-07-22 02:05:00,2024-07-22 09:45:00,Short,2404.8266666666664,2404.48,2.0799999999981083,SL Hit,2404.48,6,1117.5325000000023,460.0,4.483333333333576,-5.7266666666664605
2024-07-22 10:00:00,2024-07-22 11:25:00,Long,2404.16,2402.660000000001,-1.4999999999986358,SL Hit,2402.660000000001,1,1116.0325000000037,85.0,-1.8299999999999272,3.900000000000091
2024-07-22 20:00:00,2024-07-22 20:35:00,Long,2398.63,2397.055,-1.5750000000002728,SL Hit,2397.055,1,1114.4575000000034,35.0,-1.8299999999999272,0.650000000000091
2024-07-23 01:00:00,2024-07-23 01:05:00,Long,2399.14,2397.9775,-1.162499999999909,SL Hit,2397.9775,1,1113.2950000000035,5.0,-1.9400000000000546,0.8700000000003456
2024-07-23 01:15:00,2024-07-23 03:05:00,Long,2400.29,2397.2149999999992,-3.0750000000007276,SL Hit,2397.2149999999992,1,1110.2200000000028,110.0,-3.25,3.480000000000018
2024-07-23 05:00:00,2024-07-23 07:45:00,Short,2396.66,2397.110000000001,-0.45000000000118234,SL Hit,2397.110000000001,1,1109.7700000000016,165.0,0.7100000000000364,-9.059999999999945
2024-07-23 08:45:00,2024-07-23 13:50:00,Long,2403.57,2400.232499999999,-3.3375000000010004,SL Hit,2400.232499999999,1,1106.4325000000006,305.0,-3.830000000000382,8.149999999999636
2024-07-23 15:50:00,2024-07-23 17:40:00,Long,2405.92,2403.05,-5.739999999999782,SL Hit,2403.05,2,1100.6925000000008,110.0,-3.119999999999891,1.7899999999999636
2024-07-23 17:45:00,2024-07-23 19:20:00,Short,2404.0299999999997,2407.71,-7.360000000000582,SL Hit,2407.71,2,1093.3325000000002,95.0,4.440000000000055,-1.9299999999998363
2024-07-23 19:30:00,2024-07-23 20:10:00,Long,2407.48,2406.7675,-0.712500000000091,SL Hit,2406.7675,1,1092.6200000000001,40.0,-1.1399999999998727,1.2800000000002
2024-07-24 02:45:00,2024-07-24 07:35:00,Long,2415.563333333333,2414.51,-3.1599999999984902,SL Hit,2414.51,3,1089.4600000000016,290.0,-5.0133333333328665,3.296666666667079
2024-07-24 08:05:00,2024-07-24 10:20:00,Short,2414.76,2414.76,0.0,SL Hit,2414.76,1,1089.4600000000016,135.0,1.099999999999909,-4.960000000000036
2024-07-24 11:55:00,2024-07-24 17:35:00,Long,2418.11,2414.35,-11.280000000000655,SL Hit,2414.35,3,1078.180000000001,340.0,-4.7400000000002365,13.699999999999818
2024-07-24 19:35:00,2024-07-25 06:05:00,Short,2387.7625,2377.73,40.1299999999992,SL Hit,2377.73,4,1118.3100000000002,630.0,19.307500000000346,-20.742499999999836
2024-07-25 07:10:00,2024-07-25 07:15:00,Short,2367.32,2369.457499999999,-2.1374999999989086,SL Hit,2369.457499999999,1,1116.1725000000013,5.0,3.6099999999996726,-1.1300000000001091
2024-07-25 11:50:00,2024-07-25 12:20:00,Short,2370.31,2372.185,-1.875,SL Hit,2372.185,1,1114.2975000000013,30.0,4.130000000000109,-7.170000000000073
2024-07-25 13:20:00,2024-07-25 13:40:00,Long,2372.43,2365.2675000000004,-7.162499999999454,SL Hit,2365.2675000000004,1,1107.1350000000018,20.0,-7.779999999999745,2.0399999999999636
2024-07-25 13:55:00,2024-07-25 22:10:00,Short,2362.3125,2365.02,-10.829999999999927,SL Hit,2365.02,4,1096.3050000000019,495.0,5.897500000000036,-9.072500000000218
2024-07-25 22:15:00,2024-07-26 00:45:00,Long,2364.7749999999996,2361.95,-5.649999999999636,SL Hit,2361.95,2,1090.6550000000022,150.0,-3.074999999999818,0.5150000000003274
2024-07-26 00:50:00,2024-07-26 01:25:00,Short,2362.69,2365.29,-5.199999999999818,SL Hit,2365.29,2,1085.4550000000024,35.0,2.6700000000000728,-6.550000000000182
2024-07-26 06:25:00,2024-07-26 07:10:00,Short,2368.21,2370.6475000000005,-2.4375000000004547,SL Hit,2370.6475000000005,1,1083.017500000002,45.0,3.1599999999998545,-1.2100000000000364
2024-07-26 09:00:00,2024-07-26 11:10:00,Long,2372.8,2370.474999999999,-2.3250000000011823,SL Hit,2370.474999999999,1,1080.6925000000008,130.0,-2.350000000000364,2.4299999999998363
2024-07-26 11:50:00,2024-07-29 01:30:00,Long,2383.9283333333333,2393.7,58.6299999999992,SL Hit,2393.7,6,1139.3225,3700.0,-12.728333333333467,18.311666666666497
2024-07-29 07:05:00,2024-07-29 10:20:00,Short,2390.3500000000004,2394.16,-7.619999999998981,SL Hit,2394.16,2,1131.702500000001,195.0,4.249999999999545,-3.850000000000364
2024-07-29 11:40:00,2024-07-29 12:40:00,Short,2391.22,2392.3075000000013,-1.0875000000014552,SL Hit,2392.3075000000013,1,1130.6149999999996,60.0,1.9400000000000546,-5.7599999999997635
2024-07-29 13:15:00,2024-07-29 13:45:00,Long,2394.49,2390.8150000000014,-3.674999999998363,SL Hit,2390.8150000000014,1,1126.9400000000012,30.0,-3.8099999999999454,1.6000000000003638
2024-07-29 23:35:00,2024-07-30 00:00:00,Short,2382.48,2382.48,0.0,SL Hit,2382.48,1,1126.9400000000012,25.0,0.15999999999985448,-2.480000000000018
2024-07-30 01:05:00,2024-07-30 03:10:00,Short,2379.685,2383.58,-7.789999999999964,SL Hit,2383.58,2,1119.1500000000012,125.0,4.005000000000109,-3.3849999999997635
2024-07-30 03:15:00,2024-07-30 08:55:00,Long,2386.86,2388.1,3.719999999999345,SL Hit,2388.1,3,1122.8700000000006,340.0,-5.160000000000309,4.859999999999673
2024-07-30 09:00:00,2024-07-30 09:10:00,Short,2389.34,2389.377499999999,-0.037499999998999556,SL Hit,2389.377499999999,1,1122.8325000000016,10.0,0.08999999999969077,-1.5
2024-07-30 09:15:00,2024-07-30 09:30:00,Short,2389.1,2389.7375,-0.6375000000002728,SL Hit,2389.7375,1,1122.1950000000013,15.0,0.6600000000003092,-1.400000000000091
2024-07-30 10:55:00,2024-07-30 11:45:00,Long,2390.9049999999997,2388.12,-5.569999999999709,SL Hit,2388.12,2,1116.6250000000016,50.0,-2.8349999999995816,1.1350000000002183
2024-07-30 11:55:00,2024-07-30 13:00:00,Short,2388.15,2388.487499999999,-0.3374999999987267,SL Hit,2388.487499999999,1,1116.2875000000029,65.0,0.4099999999998545,-2.450000000000273
2024-07-30 16:55:00,2024-07-31 00:20:00,Long,2403.8933333333334,2407.8,11.720000000000255,SL Hit,2407.8,3,1128.0075000000031,445.0,-9.623333333333449,8.376666666666551
2024-07-31 06:25:00,2024-07-31 06:45:00,Long,2420.78,2420.78,0.0,SL Hit,2420.78,1,1128.0075000000031,20.0,-0.14000000000032742,4.269999999999982
2024-07-31 07:25:00,2024-07-31 07:45:00,Short,2418.22,2418.22,0.0,SL Hit,2418.22,1,1128.0075000000031,20.0,0.9900000000002365,-2.049999999999727
2024-07-31 07:50:00,2024-07-31 08:45:00,Short,2417.92,2419.2324999999996,-1.3124999999995453,SL Hit,2419.2324999999996,1,1126.6950000000036,55.0,2.9200000000000728,-2.450000000000273
2024-07-31 10:20:00,2024-07-31 10:40:00,Long,2420.74,2417.4,-6.6799999999993815,SL Hit,2417.4,2,1120.0150000000042,20.0,-3.4399999999996,0.5100000000002183
2024-07-31 10:45:00,2024-07-31 11:40:00,Short,2418.6099999999997,2422.67,-8.1200000000008,SL Hit,2422.67,2,1111.8950000000034,55.0,4.3400000000001455,-0.9099999999998545
2024-07-31 11:45:00,2024-07-31 23:20:00,Long,2429.0366666666664,2446.09,102.32000000000244,SL Hit,2446.09,6,1214.2150000000058,695.0,-11.686666666666497,21.52333333333354
2024-08-01 01:10:00,2024-08-01 02:05:00,Long,2449.72,2449.0450000000005,-0.6749999999992724,SL Hit,2449.0450000000005,1,1213.5400000000066,55.0,-0.9599999999995816,8.450000000000273
2024-08-01 07:10:00,2024-08-01 11:20:00,Short,2439.7349999999997,2436.57,6.329999999999018,SL Hit,2436.57,2,1219.8700000000056,250.0,4.945000000000164,-9.484999999999673
2024-08-01 11:35:00,2024-08-01 15:45:00,Long,2442.1049999999996,2443.98,3.7500000000009095,SL Hit,2443.98,2,1223.6200000000065,250.0,-5.574999999999363,19.38500000000022
2024-08-01 19:20:00,2024-08-02 01:10:00,Long,2443.6775000000002,2444.1,1.6899999999986903,SL Hit,2444.1,4,1225.3100000000052,350.0,-5.547500000000127,7.982499999999618
2024-08-02 02:30:00,2024-08-02 11:10:00,Long,2458.9275000000002,2461.03,8.409999999999854,SL Hit,2461.03,4,1233.720000000005,520.0,-10.077500000000327,9.18249999999989
2024-08-02 11:15:00,2024-08-02 12:30:00,Short,2461.32,2462.7074999999995,-1.3874999999993634,SL Hit,2462.7074999999995,1,1232.3325000000057,75.0,12.11999999999989,-5.260000000000218
2024-08-05 00:50:00,2024-08-05 01:05:00,Short,2424.53,2429.7425,-5.212499999999636,SL Hit,2429.7425,1,1227.120000000006,15.0,5.289999999999964,-4.920000000000073
2024-08-05 09:20:00,2024-08-05 19:15:00,Short,2411.8824999999997,2408.45,13.729999999999563,SL Hit,2408.45,4,1240.8500000000056,595.0,16.47750000000042,-47.17249999999967
2024-08-05 19:20:00,2024-08-05 19:25:00,Long,2407.25,2407.175,-0.0749999999998181,SL Hit,2407.175,1,1240.7750000000058,5.0,-0.09999999999990905,1.2300000000000182
2024-08-05 19:30:00,2024-08-05 23:50:00,Long,2409.8700000000003,2405.53,-13.020000000000437,SL Hit,2405.53,3,1227.7550000000053,260.0,-5.140000000000327,2.519999999999527
2024-08-05 23:55:00,2024-08-06 00:00:00,Short,2406.0,2406.0,0.0,SL Hit,2406.0,1,1227.7550000000053,5.0,1.4299999999998363,-1.3800000000001091
2024-08-06 00:25:00,2024-08-06 05:30:00,Long,2411.3775,2406.69,-18.75,SL Hit,2406.69,4,1209.0050000000053,305.0,-5.107500000000073,6.392499999999927
2024-08-06 05:35:00,2024-08-06 07:40:00,Short,2405.016666666667,2408.06,-9.1299999999992,SL Hit,2408.06,3,1199.8750000000061,125.0,5.573333333333267,-10.056666666666843
2024-08-06 09:40:00,2024-08-06 11:00:00,Long,2414.1,2411.1375,-2.962500000000091,SL Hit,2411.1375,1,1196.912500000006,80.0,-3.699999999999818,1.2000000000002728
2024-08-06 14:35:00,2024-08-07 04:10:00,Short,2388.7,2388.33,1.8499999999994543,SL Hit,2388.33,5,1198.7625000000055,815.0,6.870000000000346,-9.309999999999945
2024-08-07 10:45:00,2024-08-07 11:40:00,Long,2395.95,2395.387500000001,-0.5624999999986358,SL Hit,2395.387500000001,1,1198.2000000000069,55.0,-1.5199999999999818,2.519999999999982
2024-08-07 11:45:00,2024-08-07 14:50:00,Long,2398.956666666667,2397.72,-3.7100000000014006,SL Hit,2397.72,3,1194.4900000000055,185.0,-3.5066666666671154,7.653333333333194
2024-08-07 14:55:00,2024-08-08 01:05:00,Short,2394.3125,2390.31,16.01000000000022,SL Hit,2390.31,4,1210.5000000000057,610.0,7.917500000000018,-13.712500000000091
2024-08-08 01:15:00,2024-08-08 08:25:00,Long,2394.455,2394.79,1.3400000000001455,SL Hit,2394.79,4,1211.8400000000058,430.0,-9.184999999999945,5.894999999999982
2024-08-08 10:10:00,2024-08-08 23:20:00,Long,2416.8233333333333,2424.1,43.659999999999854,SL Hit,2424.1,6,1255.5000000000057,790.0,-19.923333333333176,10.546666666666624
2024-08-08 23:40:00,2024-08-08 23:55:00,Short,2424.57,2424.57,0.0,SL Hit,2424.57,1,1255.5000000000057,15.0,0.08999999999969077,-1.6400000000003274
2024-08-09 00:00:00,2024-08-09 01:30:00,Short,2424.4449999999997,2424.98,-1.0700000000006185,SL Hit,2424.98,2,1254.430000000005,90.0,0.8150000000005093,-4.274999999999636
2024-08-09 01:35:00,2024-08-09 03:35:00,Long,2425.41,2420.17,-10.479999999999563,SL Hit,2420.17,2,1243.9500000000055,120.0,-5.529999999999745,3.4600000000000364
2024-08-09 03:45:00,2024-08-09 03:50:00,Short,2420.65,2420.912499999999,-0.2624999999989086,SL Hit,2420.912499999999,1,1243.6875000000066,5.0,0.650000000000091,-1.3400000000001455
2024-08-09 03:55:00,2024-08-09 04:10:00,Short,2421.27,2421.6825000000003,-0.4125000000003638,SL Hit,2421.6825000000003,1,1243.2750000000062,15.0,0.4299999999998363,-2.0700000000001637
2024-08-09 04:15:00,2024-08-09 04:40:00,Short,2421.22,2422.532500000001,-1.3125000000013642,SL Hit,2422.532500000001,1,1241.9625000000049,25.0,2.3700000000003456,-0.5399999999999636
2024-08-09 05:45:00,2024-08-09 06:45:00,Short,2418.8,2421.0874999999987,-2.287499999998545,SL Hit,2421.0874999999987,1,1239.6750000000063,60.0,2.699999999999818,-1.8500000000003638
2024-08-09 07:35:00,2024-08-09 07:40:00,Long,2423.84,2423.7274999999995,-0.11250000000063665,SL Hit,2423.7274999999995,1,1239.5625000000057,5.0,-0.6400000000003274,1.3599999999996726
2024-08-09 07:50:00,2024-08-09 13:40:00,Long,2427.515,2423.98,-14.139999999999418,SL Hit,2423.98,4,1225.4225000000063,350.0,-5.184999999999945,5.345000000000255
2024-08-09 20:10:00,2024-08-11 22:00:00,Long,2429.355,2427.35,-4.010000000000218,SL Hit,2427.35,2,1221.412500000006,2990.0,-2.3850000000002183,2.5949999999998
2024-08-11 22:05:00,2024-08-12 04:20:00,Short,2426.9666666666667,2430.07,-9.3100000000004,SL Hit,2430.07,3,1212.1025000000056,375.0,6.3433333333332484,-3.1766666666667334
2024-08-12 06:00:00,2024-08-13 00:40:00,Long,2454.7271428571435,2469.77,105.29999999999563,SL Hit,2469.77,7,1317.4025000000013,1120.0,-21.617142857143335,21.992857142856337
2024-08-13 00:50:00,2024-08-13 06:50:00,Short,2466.1079999999997,2464.34,8.839999999997872,SL Hit,2464.34,5,1326.2424999999992,360.0,7.222000000000207,-7.707999999999629
2024-08-13 07:10:00,2024-08-13 08:15:00,Long,2462.7749999999996,2461.21,-3.1299999999991996,SL Hit,2461.21,2,1323.1125,65.0,-2.3449999999998,3.1450000000004366
2024-08-13 08:20:00,2024-08-13 11:10:00,Short,2462.08,2463.35,-2.5399999999999636,SL Hit,2463.35,2,1320.5725,170.0,1.6300000000001091,-3.5799999999999272
2024-08-13 11:15:00,2024-08-13 13:20:00,Long,2463.695,2459.51,-8.36999999999989,SL Hit,2459.51,2,1312.2025,125.0,-4.505000000000109,8.174999999999727
2024-08-13 13:25:00,2024-08-13 13:45:00,Short,2465.37,2473.545000000001,-8.175000000001091,SL Hit,2473.545000000001,1,1304.027499999999,20.0,8.730000000000018,-4.859999999999673
2024-08-13 17:50:00,2024-08-13 18:05:00,Short,2467.71,2468.459999999999,-0.7499999999990905,SL Hit,2468.459999999999,1,1303.2775,15.0,1.0599999999999454,-0.5
2024-08-13 18:45:00,2024-08-14 01:10:00,Short,2465.895,2467.69,-7.180000000000291,SL Hit,2467.69,4,1296.0974999999996,385.0,2.7950000000000728,-3.394999999999982
2024-08-14 02:05:00,2024-08-14 06:00:00,Short,2462.736666666666,2462.7,0.10999999999921783,SL Hit,2462.7,3,1296.2074999999988,235.0,1.3533333333339215,-6.886666666666315
2024-08-14 06:05:00,2024-08-14 12:30:00,Long,2468.9425,2470.1,4.6299999999992,SL Hit,2470.1,4,1300.837499999998,385.0,-8.662499999999909,9.257499999999709
2024-08-14 12:40:00,2024-08-14 18:35:00,Short,2456.1366666666668,2444.79,34.04000000000042,SL Hit,2444.79,3,1334.8774999999985,355.0,15.783333333333303,-17.00666666666666
2024-08-14 22:05:00,2024-08-14 23:35:00,Short,2448.0249999999996,2448.69,-1.3300000000008367,SL Hit,2448.69,2,1333.5474999999976,90.0,0.6950000000001637,-11.654999999999745
2024-08-14 23:45:00,2024-08-14 23:50:00,Long,2448.18,2448.18,0.0,SL Hit,2448.18,1,1333.5474999999976,5.0,-0.8799999999996544,0.47000000000025466
2024-08-15 04:00:00,2024-08-15 05:35:00,Long,2453.8,2450.4249999999997,-3.3750000000004547,SL Hit,2450.4249999999997,1,1330.1724999999972,95.0,-3.700000000000273,1.4600000000000364
2024-08-15 08:45:00,2024-08-15 12:35:00,Long,2456.5550000000003,2453.53,-6.050000000000182,SL Hit,2453.53,2,1324.122499999997,230.0,-3.525000000000091,13.144999999999527
2024-08-15 12:45:00,2024-08-15 19:05:00,Short,2447.4666666666667,2459.55,-36.250000000000455,SL Hit,2459.55,3,1287.8724999999965,380.0,13.373333333333449,-14.53666666666686
2024-08-15 23:45:00,2024-08-16 00:40:00,Long,2457.33,2456.0175000000004,-1.3124999999995453,SL Hit,2456.0175000000004,1,1286.559999999997,55.0,-1.3299999999999272,2.269999999999982
2024-08-16 01:25:00,2024-08-16 01:35:00,Long,2458.425,2456.0,-4.850000000000364,SL Hit,2456.0,2,1281.7099999999966,10.0,-2.4650000000001455,0.3949999999999818
2024-08-16 01:40:00,2024-08-16 07:45:00,Short,2456.226666666667,2457.64,-4.239999999998872,SL Hit,2457.64,3,1277.4699999999978,365.0,2.783333333333303,-5.826666666666824
2024-08-16 09:10:00,2024-08-19 00:25:00,Long,2490.84,2502.6,47.039999999999054,SL Hit,2502.6,4,1324.5099999999968,3795.0,-29.450000000000273,18.659999999999854
2024-08-19 00:30:00,2024-08-19 00:50:00,Short,2503.12,2503.12,0.0,SL Hit,2503.12,1,1324.5099999999968,20.0,0.010000000000218279,-2.6599999999998545
2024-08-19 06:15:00,2024-08-19 06:25:00,Long,2503.2,2496.075000000001,-7.124999999998636,Bearish Trade Reversal,2496.075000000001,1,1317.3849999999982,10.0,-4.699999999999818,0.8900000000003274
2024-08-19 06:25:00,2024-08-19 08:15:00,Short,2502.355,2505.08,-5.449999999999818,SL Hit,2505.08,2,1311.9349999999984,110.0,3.425000000000182,-2.3449999999998
2024-08-19 08:40:00,2024-08-19 09:10:00,Long,2504.85,2502.0375,-2.8125,SL Hit,2502.0375,1,1309.1224999999984,30.0,-3.1700000000000728,0.38999999999987267
2024-08-19 14:00:00,2024-08-20 01:10:00,Long,2500.6459999999997,2502.51,9.320000000002437,SL Hit,2502.51,5,1318.4425000000008,670.0,-6.085999999999785,6.594000000000051
2024-08-20 01:15:00,2024-08-20 06:25:00,Short,2502.043333333333,2503.34,-3.890000000001237,SL Hit,2503.34,3,1314.5524999999996,310.0,3.866666666666788,-4.603333333333012
2024-08-20 06:35:00,2024-08-20 10:50:00,Long,2509.52,2520.86,34.02000000000044,SL Hit,2520.86,3,1348.5725,255.0,-8.409999999999854,15.429999999999836
2024-08-20 10:55:00,2024-08-20 11:20:00,Short,2522.2799999999997,2524.21,-3.860000000000582,SL Hit,2524.21,2,1344.7124999999994,25.0,2.880000000000109,-0.669999999999618
2024-08-20 11:45:00,2024-08-20 12:00:00,Long,2523.55,2523.55,0.0,SL Hit,2523.55,1,1344.7124999999994,15.0,-0.3500000000003638,3.349999999999909
2024-08-20 12:40:00,2024-08-20 13:35:00,Long,2522.76,2521.035,-1.7250000000003638,SL Hit,2521.035,1,1342.987499999999,55.0,-1.9700000000002547,8.75
2024-08-20 20:05:00,2024-08-20 20:50:00,Long,2515.0,2515.0,0.0,SL Hit,2515.0,1,1342.987499999999,45.0,-1.25,1.800000000000182
2024-08-20 20:55:00,2024-08-21 01:20:00,Long,2514.3766666666666,2512.3,-6.229999999999109,SL Hit,2512.3,3,1336.7575,265.0,-2.566666666666606,1.9233333333336304
2024-08-21 01:25:00,2024-08-21 01:40:00,Short,2512.46,2514.335,-1.875,SL Hit,2514.335,1,1334.8825,15.0,1.9800000000000182,-1.4600000000000364
2024-08-21 17:25:00,2024-08-22 01:35:00,Long,2511.17,2509.7,-2.9400000000005093,SL Hit,2509.7,2,1331.9424999999994,490.0,-2.1700000000000728,7.7599999999997635
2024-08-22 04:40:00,2024-08-22 05:15:00,Short,2501.46,2502.585000000001,-1.1250000000009095,SL Hit,2502.585000000001,1,1330.8174999999985,35.0,1.4800000000000182,-0.9299999999998363
2024-08-22 06:00:00,2024-08-22 11:35:00,Long,2506.9466666666667,2501.34,-16.81999999999971,SL Hit,2501.34,3,1313.9974999999988,335.0,-8.076666666666824,3.4733333333333576
2024-08-22 11:45:00,2024-08-22 12:35:00,Short,2501.87,2503.3700000000003,-1.5000000000004547,SL Hit,2503.3700000000003,1,1312.4974999999984,50.0,2.119999999999891,-5.420000000000073
2024-08-22 13:20:00,2024-08-22 16:10:00,Short,2488.7749999999996,2483.27,11.009999999999309,SL Hit,2483.27,2,1323.5074999999977,170.0,8.395000000000437,-17.644999999999527
2024-08-22 19:35:00,2024-08-22 19:40:00,Short,2480.5,2481.625000000001,-1.1250000000009095,SL Hit,2481.625000000001,1,1322.3824999999968,5.0,1.6700000000000728,-1.599999999999909
2024-08-22 21:00:00,2024-08-22 22:00:00,Long,2484.37,2484.37,0.0,SL Hit,2484.37,1,1322.3824999999968,60.0,-0.36999999999989086,0.5100000000002183
2024-08-22 22:10:00,2024-08-23 05:50:00,Long,2489.1025,2491.7,10.389999999999418,SL Hit,2491.7,4,1332.7724999999962,460.0,-4.8224999999997635,6.447500000000218
2024-08-23 06:00:00,2024-08-23 08:05:00,Short,2491.81,2495.55,-7.480000000000473,SL Hit,2495.55,2,1325.2924999999957,125.0,3.8400000000001455,-1.349999999999909
2024-08-23 13:25:00,2024-08-23 13:40:00,Long,2500.44,2496.2400000000007,-4.199999999999363,SL Hit,2496.2400000000007,1,1321.0924999999963,15.0,-5.300000000000182,0.4699999999997999
2024-08-23 13:45:00,2024-08-23 13:50:00,Short,2496.4,2498.0124999999994,-1.6124999999992724,SL Hit,2498.0124999999994,1,1319.479999999997,5.0,1.7300000000000182,-1.7699999999999818
2024-08-23 15:30:00,2024-08-23 15:45:00,Long,2516.02,2514.145,-1.875,SL Hit,2514.145,1,1317.604999999997,15.0,-5.2800000000002,1.1799999999998363
2024-08-26 00:35:00,2024-08-26 01:35:00,Long,2516.41,2512.36,-4.049999999999727,SL Hit,2512.36,1,1313.5549999999973,60.0,-4.569999999999709,0.03999999999996362
2024-08-26 03:15:00,2024-08-26 06:15:00,Short,2510.6800000000003,2511.07,-0.7799999999997453,SL Hit,2511.07,2,1312.7749999999976,180.0,1.1899999999995998,-2.080000000000382
2024-08-26 06:20:00,2024-08-26 06:25:00,Short,2511.51,2511.51,0.0,SL Hit,2511.51,1,1312.7749999999976,5.0,2.0299999999997453,-1.1300000000001091
2024-08-26 06:30:00,2024-08-26 07:10:00,Short,2513.23,2516.8674999999994,-3.6374999999993634,SL Hit,2516.8674999999994,1,1309.1374999999982,40.0,4.2800000000002,-1.8099999999999454
2024-08-26 10:25:00,2024-08-26 10:30:00,Long,2525.15,2523.9875,-1.162499999999909,SL Hit,2523.9875,1,1307.9749999999983,5.0,-2.5799999999999272,0.32999999999992724
2024-08-26 22:05:00,2024-08-26 22:10:00,Short,2517.37,2517.37,0.0,SL Hit,2517.37,1,1307.9749999999983,5.0,0.09999999999990905,-1.2699999999999818
2024-08-26 22:15:00,2024-08-27 05:10:00,Short,2510.4166666666665,2509.16,3.769999999999982,SL Hit,2509.16,3,1311.7449999999983,415.0,7.213333333333594,-4.646666666666533
2024-08-27 05:15:00,2024-08-27 07:55:00,Long,2510.01,2506.51,-7.0,SL Hit,2506.51,2,1304.7449999999983,160.0,-4.3400000000001455,7.359999999999673
2024-08-27 08:05:00,2024-08-27 08:15:00,Short,2509.34,2510.4275,-1.0874999999996362,SL Hit,2510.4275,1,1303.6574999999987,10.0,2.2799999999997453,-0.8900000000003274
2024-08-27 13:25:00,2024-08-27 13:35:00,Short,2506.39,2509.165000000001,-2.7750000000010004,SL Hit,2509.165000000001,1,1300.8824999999977,10.0,6.519999999999982,-2.369999999999891
2024-08-27 14:00:00,2024-08-28 00:35:00,Long,2517.155,2523.95,27.179999999998472,SL Hit,2523.95,4,1328.0624999999961,635.0,-8.365000000000236,11.664999999999964
2024-08-28 00:40:00,2024-08-28 09:40:00,Short,2515.53,2511.08,13.350000000000819,SL Hit,2511.08,3,1341.412499999997,540.0,9.629999999999654,-11.640000000000327
2024-08-28 09:45:00,2024-08-28 10:00:00,Long,2510.43,2509.380000000001,-1.0499999999988177,SL Hit,2509.380000000001,1,1340.3624999999981,15.0,-2.230000000000018,0.5900000000001455
2024-08-28 14:25:00,2024-08-28 16:20:00,Long,2507.76,2498.009999999999,-9.750000000001364,SL Hit,2498.009999999999,1,1330.6124999999968,115.0,-9.990000000000236,2.2899999999999636
2024-08-28 20:40:00,2024-08-28 22:20:00,Short,2503.77,2506.4325,-2.662499999999909,SL Hit,2506.4325,1,1327.9499999999969,100.0,3.269999999999982,-9.670000000000073
2024-08-29 02:40:00,2024-08-29 12:25:00,Long,2517.25,2515.4,-9.249999999999545,SL Hit,2515.4,5,1318.6999999999973,585.0,-4.75,7.059999999999945
2024-08-29 12:30:00,2024-08-29 14:00:00,Short,2514.03,2520.0299999999997,-5.999999999999545,SL Hit,2520.0299999999997,1,1312.6999999999978,90.0,6.239999999999782,-10.090000000000146
2024-08-29 15:15:00,2024-08-29 18:35:00,Long,2524.396666666667,2523.49,-2.720000000001619,SL Hit,2523.49,3,1309.9799999999962,200.0,-6.406666666667206,4.08333333333303
2024-08-29 20:40:00,2024-08-29 20:45:00,Short,2521.89,2521.89,0.0,SL Hit,2521.89,1,1309.9799999999962,5.0,0.11000000000012733,-0.75
2024-08-29 23:15:00,2024-08-29 23:20:00,Short,2520.23,2520.23,0.0,SL Hit,2520.23,1,1309.9799999999962,5.0,0.34999999999990905,-0.5900000000001455
2024-08-29 23:30:00,2024-08-30 05:15:00,Short,2516.17,2514.37,7.200000000000728,SL Hit,2514.37,4,1317.1799999999969,345.0,3.9400000000000546,-4.170000000000073
2024-08-30 05:20:00,2024-08-30 10:10:00,Long,2520.0833333333335,2522.05,5.900000000000091,SL Hit,2522.05,3,1323.079999999997,290.0,-7.513333333333321,6.616666666666333
2024-08-30 13:15:00,2024-09-01 21:05:00,Short,2505.8266666666664,2503.69,6.409999999998945,SL Hit,2503.69,3,1329.489999999996,3350.0,12.713333333333594,-11.036666666666406
2024-09-01 23:25:00,2024-09-01 23:35:00,Short,2502.85,2503.1875000000005,-0.3375000000005457,SL Hit,2503.1875000000005,1,1329.1524999999954,10.0,0.6199999999998909,-1.650000000000091
2024-09-02 01:05:00,2024-09-02 06:10:00,Short,2500.933333333333,2498.93,6.009999999999309,SL Hit,2498.93,3,1335.1624999999947,305.0,3.19666666666717,-10.693333333333157
2024-09-02 06:20:00,2024-09-02 06:55:00,Long,2497.92,2497.3200000000006,-0.5999999999994543,SL Hit,2497.3200000000006,1,1334.5624999999952,35.0,-1.3699999999998909,3.130000000000109
2024-09-02 11:05:00,2024-09-02 11:15:00,Short,2498.12,2499.2825,-1.162499999999909,SL Hit,2499.2825,1,1333.3999999999953,10.0,1.3699999999998909,-0.9699999999997999
2024-09-02 17:50:00,2024-09-02 18:00:00,Short,2499.7,2499.7,0.0,SL Hit,2499.7,1,1333.3999999999953,10.0,0.07000000000016371,-1.0099999999997635
2024-09-02 18:05:00,2024-09-03 04:25:00,Short,2497.2500000000005,2496.27,3.9200000000018917,SL Hit,2496.27,4,1337.3199999999972,620.0,2.5599999999994907,-7.130000000000564
2024-09-03 04:40:00,2024-09-03 05:15:00,Long,2495.85,2493.862500000001,-1.9874999999988177,SL Hit,2493.862500000001,1,1335.3324999999984,35.0,-2.049999999999727,0.5100000000002183
2024-09-03 05:50:00,2024-09-03 06:30:00,Short,2495.02,2496.895,-1.875,Bullish Trade Reversal,2496.895,1,1333.4574999999984,40.0,1.8699999999998909,-2.269999999999982
2024-09-03 06:30:00,2024-09-03 11:40:00,Long,2496.0,2493.07,-8.789999999999509,SL Hit,2493.07,3,1324.6674999999989,310.0,-3.900000000000091,9.9699999999998
2024-09-03 12:15:00,2024-09-03 13:40:00,Long,2496.23,2485.13,-22.199999999999818,SL Hit,2485.13,2,1302.467499999999,85.0,-15.2199999999998,1.8699999999998909
2024-09-03 19:15:00,2024-09-04 01:00:00,Long,2492.485,2492.15,-1.3400000000001455,SL Hit,2492.15,4,1301.127499999999,345.0,-1.7850000000003092,2.125
2024-09-04 01:05:00,2024-09-04 01:40:00,Short,2491.96,2494.0975000000008,-2.1375000000007276,SL Hit,2494.0975000000008,1,1298.9899999999982,35.0,2.269999999999982,-0.650000000000091
2024-09-04 12:40:00,2024-09-04 14:00:00,Short,2487.94,2496.7900000000004,-8.850000000000364,SL Hit,2496.7900000000004,1,1290.1399999999978,80.0,10.449999999999818,-5.400000000000091
2024-09-04 14:05:00,2024-09-04 14:20:00,Short,2493.68,2507.5924999999997,-13.912499999999909,Bullish Trade Reversal,2507.5924999999997,1,1276.227499999998,15.0,3.7100000000000364,-4.989999999999782
2024-09-04 14:20:00,2024-09-04 18:05:00,Long,2492.5,2492.87,0.7399999999997817,SL Hit,2492.87,2,1276.9674999999977,225.0,-3.8099999999999454,7.3400000000001455
2024-09-04 18:10:00,2024-09-04 18:25:00,Short,2493.08,2494.1300000000006,-1.0500000000006366,SL Hit,2494.1300000000006,1,1275.917499999997,15.0,1.25,-1.0799999999999272
2024-09-04 18:30:00,2024-09-04 18:50:00,Short,2493.32,2493.845,-0.5249999999996362,SL Hit,2493.845,1,1275.3924999999974,20.0,1.3299999999999272,-0.6700000000000728
2024-09-04 19:05:00,2024-09-04 23:10:00,Short,2492.05,2495.43,-6.759999999999309,SL Hit,2495.43,2,1268.6324999999981,245.0,3.819999999999709,-1.3500000000003638
2024-09-05 01:15:00,2024-09-05 04:00:00,Long,2496.05,2494.175,-1.875,SL Hit,2494.175,1,1266.7574999999981,165.0,-1.9600000000000364,3.0
2024-09-05 04:05:00,2024-09-05 05:20:00,Short,2494.47,2495.2574999999997,-0.787499999999909,SL Hit,2495.2574999999997,1,1265.9699999999982,75.0,1.0199999999999818,-1.569999999999709
2024-09-05 05:50:00,2024-09-05 13:10:00,Long,2511.7599999999998,2513.7,5.820000000000164,SL Hit,2513.7,3,1271.7899999999984,440.0,-12.059999999999945,11.010000000000218
2024-09-05 13:15:00,2024-09-05 22:00:00,Short,2513.6299999999997,2516.67,-12.160000000001673,SL Hit,2516.67,4,1259.6299999999967,525.0,6.370000000000346,-9.239999999999782
2024-09-05 22:05:00,2024-09-05 22:10:00,Long,2516.14,2516.14,0.0,SL Hit,2516.14,1,1259.6299999999967,5.0,-0.009999999999763531,0.30999999999994543
2024-09-05 23:05:00,2024-09-06 00:35:00,Long,2517.145,2515.72,-2.850000000000364,SL Hit,2515.72,2,1256.7799999999963,90.0,-1.625,0.5050000000001091
2024-09-06 00:40:00,2024-09-06 02:35:00,Short,2516.14,2517.1524999999997,-1.012499999999818,SL Hit,2517.1524999999997,1,1255.7674999999965,115.0,1.099999999999909,-3.1799999999998363
2024-09-06 02:50:00,2024-09-06 06:35:00,Long,2518.005,2517.2,-1.610000000000582,SL Hit,2517.2,2,1254.157499999996,225.0,-2.105000000000018,3.3449999999998
2024-09-06 06:40:00,2024-09-06 07:55:00,Long,2518.59,2516.84,-3.5,SL Hit,2516.84,2,1250.657499999996,75.0,-2.050000000000182,1.1799999999998363
2024-09-06 08:00:00,2024-09-06 08:05:00,Short,2516.51,2516.66,-0.1499999999996362,SL Hit,2516.66,1,1250.5074999999963,5.0,0.169999999999618,-0.8200000000001637
2024-09-06 08:15:00,2024-09-06 11:50:00,Long,2517.915,2515.69,-4.449999999999818,SL Hit,2515.69,2,1246.0574999999965,215.0,-3.175000000000182,2.1649999999999636
2024-09-06 11:55:00,2024-09-06 12:30:00,Short,2514.3,2520.08,-11.55999999999949,SL Hit,2520.08,2,1234.497499999997,35.0,13.36999999999989,-1.9200000000000728
2024-09-06 13:15:00,2024-09-06 19:45:00,Short,2506.6975,2496.62,40.31000000000131,SL Hit,2496.62,4,1274.8074999999983,390.0,11.18249999999989,-21.59750000000031
2024-09-06 19:50:00,2024-09-06 20:05:00,Long,2495.82,2495.0699999999993,-0.7500000000009095,SL Hit,2495.0699999999993,1,1274.0574999999974,15.0,-0.8900000000003274,0.7999999999997272
2024-09-08 22:05:00,2024-09-08 23:25:00,Long,2496.9799999999996,2495.0,-3.959999999999127,SL Hit,2495.0,2,1270.0974999999983,80.0,-2.1799999999993815,1.080000000000382
2024-09-08 23:30:00,2024-09-09 01:10:00,Short,2496.4366666666665,2498.0,-4.690000000000509,SL Hit,2498.0,3,1265.4074999999978,100.0,1.7633333333333212,-1.7366666666666788
2024-09-09 01:15:00,2024-09-09 04:45:00,Long,2498.26,2496.76,-4.5,SL Hit,2496.76,3,1260.9074999999978,210.0,-2.4900000000002365,2.049999999999727
2024-09-09 04:50:00,2024-09-09 09:25:00,Short,2495.65,2496.45,-1.5999999999994543,SL Hit,2496.45,2,1259.3074999999983,275.0,2.7799999999997453,-9.840000000000146
2024-09-09 09:30:00,2024-09-09 10:15:00,Long,2496.09,2494.702499999999,-1.3875000000011823,SL Hit,2494.702499999999,1,1257.9199999999971,45.0,-1.650000000000091,2.949999999999818
2024-09-09 15:25:00,2024-09-09 15:45:00,Short,2494.89,2497.7025,-2.8125,SL Hit,2497.7025,1,1255.1074999999971,20.0,3.7400000000002365,-0.4600000000000364
2024-09-09 17:40:00,2024-09-10 01:15:00,Long,2504.5833333333335,2504.7,0.34999999999899956,SL Hit,2504.7,3,1255.4574999999961,455.0,-5.133333333333667,2.9266666666667334
2024-09-10 01:25:00,2024-09-10 05:45:00,Short,2503.713333333333,2504.21,-1.4900000000006912,SL Hit,2504.21,3,1253.9674999999954,260.0,1.9066666666667516,-3.0233333333330847
2024-09-10 05:50:00,2024-09-10 08:30:00,Long,2503.94,2500.69,-6.5,SL Hit,2500.69,2,1247.4674999999954,160.0,-3.6799999999998363,3.1799999999998363
2024-09-10 08:35:00,2024-09-10 10:00:00,Short,2500.66,2505.947500000001,-5.287500000001273,SL Hit,2505.947500000001,1,1242.1799999999942,85.0,5.960000000000036,-0.75
2024-09-10 14:35:00,2024-09-10 15:20:00,Short,2504.63,2511.5674999999997,-6.937499999999545,SL Hit,2511.5674999999997,1,1235.2424999999946,45.0,7.309999999999945,-0.5300000000002001
2024-09-10 15:40:00,2024-09-10 15:50:00,Long,2514.28,2514.28,0.0,SL Hit,2514.28,1,1235.2424999999946,10.0,-0.9800000000000182,2.769999999999982
2024-09-10 19:20:00,2024-09-10 19:35:00,Long,2514.56,2514.56,0.0,SL Hit,2514.56,1,1235.2424999999946,15.0,-1.3600000000001273,1.300000000000182
2024-09-10 19:40:00,2024-09-11 01:05:00,Long,2516.0899999999997,2515.3,-2.3699999999985266,SL Hit,2515.3,3,1232.872499999996,325.0,-1.849999999999909,2.9100000000003092
2024-09-11 01:10:00,2024-09-11 01:35:00,Short,2515.8,2520.037499999999,-4.237499999998818,SL Hit,2520.037499999999,1,1228.6349999999973,25.0,4.9699999999998,-0.0
2024-09-11 05:45:00,2024-09-11 10:15:00,Long,2524.8266666666664,2520.73,-12.289999999999054,SL Hit,2520.73,3,1216.3449999999982,270.0,-5.2266666666664605,3.2033333333338305
2024-09-11 14:10:00,2024-09-11 14:15:00,Short,2504.74,2506.2025000000012,-1.4625000000014552,SL Hit,2506.2025000000012,1,1214.8824999999968,5.0,3.200000000000273,-0.9399999999995998
2024-09-11 15:10:00,2024-09-12 10:45:00,Long,2514.295,2516.0,10.229999999999563,SL Hit,2516.0,6,1225.1124999999963,1175.0,-4.494999999999891,7.485000000000127
2024-09-12 12:10:00,2024-09-13 10:50:00,Long,2555.1700000000005,2565.82,74.54999999999745,SL Hit,2565.82,7,1299.6624999999938,1360.0,-36.21000000000049,17.609999999999673
2024-09-13 10:55:00,2024-09-13 12:20:00,Short,2566.8100000000004,2568.07,-2.519999999999527,SL Hit,2568.07,2,1297.1424999999942,85.0,2.039999999999509,-3.0000000000004547
2024-09-13 15:20:00,2024-09-13 15:50:00,Short,2576.135,2579.95,-7.6299999999992,SL Hit,2579.95,2,1289.512499999995,30.0,4.924999999999727,-1.3650000000002365
2024-09-16 01:20:00,2024-09-16 10:35:00,Long,2581.393333333333,2579.92,-4.4199999999987085,SL Hit,2579.92,3,1285.0924999999963,555.0,-2.0133333333328665,7.846666666666806
2024-09-16 14:25:00,2024-09-16 16:20:00,Short,2579.8966666666665,2581.68,-5.349999999999909,SL Hit,2581.68,3,1279.7424999999964,115.0,1.8533333333334667,-3.8066666666663878
2024-09-16 16:25:00,2024-09-16 16:35:00,Long,2581.5,2581.5,0.0,SL Hit,2581.5,1,1279.7424999999964,10.0,-0.11000000000012733,0.8099999999999454
2024-09-16 19:10:00,2024-09-16 19:25:00,Short,2580.5,2581.249999999999,-0.7499999999990905,SL Hit,2581.249999999999,1,1278.9924999999973,15.0,0.8099999999999454,-0.8600000000001273
2024-09-16 23:45:00,2024-09-17 00:10:00,Long,2583.15,2581.9499999999994,-1.2000000000007276,SL Hit,2581.9499999999994,1,1277.7924999999966,25.0,-1.349999999999909,1.0299999999997453
2024-09-17 00:50:00,2024-09-17 01:45:00,Short,2581.5,2581.725,-0.22499999999990905,SL Hit,2581.725,1,1277.5674999999967,55.0,1.099999999999909,-2.9600000000000364
2024-09-17 03:30:00,2024-09-17 05:45:00,Short,2577.425,2579.03,-3.2100000000000364,SL Hit,2579.03,2,1274.3574999999967,135.0,2.044999999999618,-2.875
2024-09-17 05:50:00,2024-09-17 08:00:00,Long,2581.306666666667,2582.87,4.689999999999145,SL Hit,2582.87,3,1279.0474999999958,130.0,-2.486666666666679,4.823333333333267
2024-09-17 08:20:00,2024-09-17 14:15:00,Short,2580.735,2581.28,-1.0900000000001455,SL Hit,2581.28,2,1277.9574999999957,355.0,3.0650000000000546,-11.684999999999945
2024-09-17 14:20:00,2024-09-17 14:40:00,Long,2579.84,2573.5,-12.680000000000291,SL Hit,2573.5,2,1265.2774999999954,20.0,-7.809999999999945,1.9899999999997817
2024-09-17 14:55:00,2024-09-18 01:00:00,Short,2574.9266666666667,2574.66,0.8000000000006366,SL Hit,2574.66,3,1266.077499999996,605.0,1.8033333333332848,-13.826666666666824
2024-09-18 01:05:00,2024-09-18 02:00:00,Long,2573.025,2571.41,-3.230000000000473,SL Hit,2571.41,2,1262.8474999999955,55.0,-1.7950000000000728,2.9349999999999454
2024-09-18 03:45:00,2024-09-18 04:30:00,Long,2575.5299999999997,2572.3,-6.459999999999127,SL Hit,2572.3,2,1256.3874999999964,45.0,-3.6299999999996544,0.6700000000000728
2024-09-18 04:35:00,2024-09-18 09:55:00,Short,2570.73,2571.79,-3.1799999999998363,SL Hit,2571.79,3,1253.2074999999966,320.0,1.7899999999999636,-5.130000000000109
2024-09-18 10:00:00,2024-09-18 13:40:00,Long,2574.0066666666667,2573.52,-1.4600000000000364,SL Hit,2573.52,3,1251.7474999999965,220.0,-2.8866666666667697,6.39333333333343
2024-09-18 14:10:00,2024-09-18 16:55:00,Short,2571.85,2574.14,-6.869999999999891,SL Hit,2574.14,3,1244.8774999999966,165.0,3.269999999999982,-3.6399999999998727
2024-09-18 17:05:00,2024-09-18 17:15:00,Long,2574.39,2571.2775,-3.112499999999727,SL Hit,2571.2775,1,1241.764999999997,10.0,-3.1900000000000546,0.0
2024-09-18 17:55:00,2024-09-18 18:00:00,Short,2567.7,2570.475000000001,-2.7750000000010004,SL Hit,2570.475000000001,1,1238.989999999996,5.0,18.240000000000236,-1.0799999999999272
2024-09-19 01:00:00,2024-09-19 12:35:00,Long,2569.2174999999997,2584.78,62.25000000000182,SL Hit,2584.78,4,1301.2399999999977,695.0,-17.75749999999971,25.182500000000346
2024-09-19 13:50:00,2024-09-19 14:25:00,Short,2572.46,2578.8725000000004,-6.412500000000364,SL Hit,2578.8725000000004,1,1294.8274999999974,35.0,7.7199999999998,-2.2800000000002
2024-09-19 16:20:00,2024-09-19 18:15:00,Long,2589.665,2587.9,-3.5299999999997453,SL Hit,2587.9,2,1291.2974999999976,115.0,-2.775000000000091,2.6849999999999454
2024-09-19 18:30:00,2024-09-20 00:40:00,Short,2587.4633333333336,2587.79,-0.9799999999991087,SL Hit,2587.79,3,1290.3174999999985,370.0,2.3466666666663514,-2.463333333333594
2024-09-20 00:50:00,2024-09-20 01:20:00,Long,2587.875,2585.3,-5.149999999999636,SL Hit,2585.3,2,1285.1674999999989,30.0,-2.9549999999999272,0.5549999999998363
2024-09-20 01:25:00,2024-09-20 01:30:00,Short,2585.41,2587.5099999999998,-2.099999999999909,SL Hit,2587.5099999999998,1,1283.067499999999,5.0,2.5700000000001637,-0.32999999999992724
2024-09-20 01:40:00,2024-09-20 09:55:00,Long,2596.4224999999997,2604.7,33.11000000000058,SL Hit,2604.7,4,1316.1774999999996,495.0,-10.172499999999673,15.987500000000182
2024-09-20 10:00:00,2024-09-20 10:05:00,Short,2606.7,2608.05,-1.3500000000003638,SL Hit,2608.05,1,1314.8274999999992,5.0,1.9600000000000364,-0.6099999999996726
2024-09-20 13:50:00,2024-09-20 14:10:00,Short,2604.05,2609.9,-5.849999999999909,SL Hit,2609.9,1,1308.9774999999993,20.0,7.369999999999891,-0.8000000000001819
2024-09-23 05:50:00,2024-09-23 06:25:00,Long,2630.1499999999996,2626.81,-6.6799999999993815,SL Hit,2626.81,2,1302.2975,35.0,-3.5599999999994907,0.7800000000002001
2024-09-23 06:30:00,2024-09-23 09:25:00,Short,2622.17,2619.18,5.980000000000473,SL Hit,2619.18,2,1308.2775000000004,175.0,6.670000000000073,-8.430000000000291
2024-09-23 09:30:00,2024-09-23 17:30:00,Long,2626.6575000000003,2626.59,-0.27000000000043656,SL Hit,2626.59,4,1308.0075,480.0,-8.697500000000218,7.902499999999691
2024-09-23 17:35:00,2024-09-24 01:10:00,Short,2626.88,2629.2799999999997,-2.399999999999636,SL Hit,2629.2799999999997,1,1305.6075000000003,455.0,2.4200000000000728,-3.119999999999891
2024-09-24 06:05:00,2024-09-24 09:45:00,Short,2627.2833333333333,2629.89,-7.819999999999709,SL Hit,2629.89,3,1297.7875000000006,220.0,2.7266666666669153,-4.653333333333194
2024-09-24 11:55:00,2024-09-24 12:20:00,Short,2626.75,2626.75,0.0,SL Hit,2626.75,1,1297.7875000000006,25.0,0.6100000000001273,-2.8600000000001273
2024-09-24 13:15:00,2024-09-24 13:45:00,Long,2632.6,2632.6,0.0,SL Hit,2632.6,1,1297.7875000000006,30.0,-0.8600000000001273,4.360000000000127
2024-09-24 13:55:00,2024-09-25 01:30:00,Long,2651.665,2656.58,19.659999999999854,SL Hit,2656.58,4,1317.4475000000004,695.0,-16.695000000000164,12.365000000000236
2024-09-25 02:15:00,2024-09-25 05:10:00,Long,2661.27,2657.71,-10.679999999999836,SL Hit,2657.71,3,1306.7675000000006,175.0,-3.5799999999999272,8.429999999999836
2024-09-25 05:15:00,2024-09-25 12:00:00,Short,2656.8433333333337,2658.13,-3.859999999999218,SL Hit,2658.13,3,1302.9075000000014,405.0,2.6966666666662604,-4.583333333333485
2024-09-25 16:15:00,2024-09-25 17:15:00,Short,2655.76,2655.9474999999993,-0.1874999999990905,SL Hit,2655.9474999999993,1,1302.7200000000023,60.0,0.5899999999996908,-5.210000000000036
2024-09-25 20:20:00,2024-09-25 22:45:00,Short,2659.25,2659.5499999999997,-0.29999999999972715,SL Hit,2659.5499999999997,1,1302.4200000000026,145.0,0.3000000000001819,-4.289999999999964
2024-09-26 00:55:00,2024-09-26 05:50:00,Long,2660.745,2659.68,-4.260000000000218,SL Hit,2659.68,4,1298.1600000000024,295.0,-3.525000000000091,2.494999999999891
2024-09-26 05:55:00,2024-09-26 07:00:00,Short,2659.8500000000004,2663.24,-6.779999999998836,SL Hit,2663.24,2,1291.3800000000035,65.0,4.029999999999745,-1.5700000000001637
2024-09-26 07:05:00,2024-09-26 13:10:00,Long,2667.06,2667.03,-0.08999999999923602,SL Hit,2667.03,3,1291.2900000000043,365.0,-7.429999999999836,18.070000000000164
2024-09-26 13:30:00,2024-09-26 15:25:00,Short,2668.09,2669.7774999999992,-1.6874999999990905,SL Hit,2669.7774999999992,1,1289.6025000000052,115.0,1.8099999999999454,-12.7800000000002
2024-09-26 16:15:00,2024-09-26 23:40:00,Short,2670.3700000000003,2673.03,-7.979999999999563,SL Hit,2673.03,3,1281.6225000000056,445.0,7.319999999999709,-5.580000000000382
2024-09-26 23:45:00,2024-09-26 23:50:00,Long,2672.21,2672.21,0.0,SL Hit,2672.21,1,1281.6225000000056,5.0,-0.21000000000003638,0.6700000000000728
2024-09-27 01:05:00,2024-09-27 03:35:00,Short,2669.3149999999996,2672.45,-6.270000000000437,SL Hit,2672.45,2,1275.3525000000052,150.0,3.6550000000002,-2.8849999999997635
2024-09-27 05:30:00,2024-09-27 11:45:00,Short,2665.2566666666667,2668.85,-10.779999999999745,SL Hit,2668.85,3,1264.5725000000054,375.0,3.803333333333285,-6.8066666666668425
2024-09-27 11:50:00,2024-09-27 14:10:00,Long,2668.08,2662.67,-10.819999999999709,SL Hit,2662.67,2,1253.7525000000057,140.0,-5.7599999999997635,5.220000000000255
2024-09-27 17:30:00,2024-09-27 19:35:00,Short,2645.91,2651.085,-5.175000000000182,SL Hit,2651.085,1,1248.5775000000056,125.0,5.350000000000364,-2.5399999999999636
2024-09-30 05:10:00,2024-09-30 07:55:00,Long,2656.11,2650.8599999999997,-5.250000000000455,Bearish Trade Reversal,2650.8599999999997,1,1243.327500000005,165.0,-5.269999999999982,4.369999999999891
2024-09-30 07:55:00,2024-09-30 16:15:00,Short,2644.574,2636.18,41.970000000001164,SL Hit,2636.18,5,1285.2975000000063,500.0,11.846000000000004,-15.57400000000007
2024-09-30 18:15:00,2024-09-30 18:40:00,Short,2629.85,2629.85,0.0,SL Hit,2629.85,1,1285.2975000000063,25.0,0.9800000000000182,-4.599999999999909
2024-09-30 23:20:00,2024-10-01 20:05:00,Long,2650.865,2657.8,55.4800000000032,SL Hit,2657.8,8,1340.7775000000095,1245.0,-17.264999999999873,21.715000000000146
2024-10-01 20:10:00,2024-10-01 20:15:00,Short,2658.18,2659.567500000001,-1.3875000000011823,SL Hit,2659.567500000001,1,1339.3900000000083,5.0,1.680000000000291,-0.3799999999996544
2024-10-02 01:05:00,2024-10-02 01:45:00,Short,2657.74,2660.5900000000006,-2.8500000000008185,SL Hit,2660.5900000000006,1,1336.5400000000075,40.0,2.9400000000000546,-1.3899999999998727
2024-10-02 03:45:00,2024-10-02 12:35:00,Short,2652.7533333333336,2652.34,2.480000000000473,SL Hit,2652.34,6,1339.020000000008,530.0,4.19666666666626,-8.333333333333485
2024-10-02 12:40:00,2024-10-02 15:05:00,Long,2651.38,2644.42,-13.920000000000073,SL Hit,2644.42,2,1325.1000000000079,145.0,-9.170000000000073,10.789999999999964
2024-10-02 18:10:00,2024-10-03 01:10:00,Long,2655.5950000000003,2656.83,2.469999999999345,SL Hit,2656.83,2,1327.5700000000072,420.0,-4.2150000000001455,6.8849999999997635
2024-10-03 01:15:00,2024-10-03 10:40:00,Short,2651.865,2647.31,18.219999999999345,SL Hit,2647.31,4,1345.7900000000066,565.0,6.765000000000327,-10.934999999999945
2024-10-03 12:15:00,2024-10-03 12:40:00,Long,2647.22,2645.9825,-1.2374999999997272,SL Hit,2645.9825,1,1344.5525000000068,25.0,-2.4399999999996,3.830000000000382
2024-10-03 12:55:00,2024-10-03 13:30:00,Short,2643.75,2651.05,-14.600000000000364,SL Hit,2651.05,2,1329.9525000000065,35.0,7.329999999999927,-1.5300000000002
2024-10-03 14:05:00,2024-10-03 15:10:00,Short,2648.5950000000003,2652.41,-7.6299999999992,SL Hit,2652.41,2,1322.3225000000073,65.0,4.204999999999927,-6.385000000000218
2024-10-03 15:20:00,2024-10-03 15:25:00,Long,2651.68,2651.155,-0.5249999999996362,SL Hit,2651.155,1,1321.7975000000076,5.0,-1.0899999999996908,0.900000000000091
2024-10-03 15:30:00,2024-10-03 15:35:00,Long,2652.23,2650.317499999999,-1.9125000000008185,SL Hit,2650.317499999999,1,1319.8850000000068,5.0,-2.0700000000001637,2.150000000000091
2024-10-03 20:00:00,2024-10-04 00:05:00,Short,2656.615,2656.48,0.26999999999952706,SL Hit,2656.48,2,1320.1550000000063,245.0,1.1550000000002,-2.5149999999998727
2024-10-04 00:20:00,2024-10-04 06:55:00,Long,2658.3374999999996,2660.6,9.050000000001091,SL Hit,2660.6,4,1329.2050000000074,395.0,-2.957499999999527,9.3425000000002
2024-10-04 09:05:00,2024-10-04 10:40:00,Short,2659.95,2660.175000000001,-0.2250000000012733,SL Hit,2660.175000000001,1,1328.9800000000062,95.0,0.3500000000003638,-3.0
2024-10-04 12:20:00,2024-10-04 15:00:00,Short,2651.265,2662.5,-22.470000000000255,SL Hit,2662.5,2,1306.510000000006,160.0,11.715000000000146,-19.154999999999745
2024-10-07 00:05:00,2024-10-07 00:10:00,Short,2649.66,2649.8849999999998,-0.22499999999990905,SL Hit,2649.8849999999998,1,1306.285000000006,5.0,0.6700000000000728,-1.9600000000000364
2024-10-07 08:00:00,2024-10-07 09:00:00,Long,2652.2,2651.000000000001,-1.1999999999989086,SL Hit,2651.000000000001,1,1305.085000000007,60.0,-1.2799999999997453,3.8900000000003274
2024-10-07 10:55:00,2024-10-07 12:20:00,Long,2657.3950000000004,2655.29,-4.210000000000946,SL Hit,2655.29,2,1300.8750000000061,85.0,-7.015000000000327,1.9949999999994361
2024-10-07 22:30:00,2024-10-08 01:00:00,Long,2643.5733333333333,2641.5,-6.2199999999998,SL Hit,2641.5,3,1294.6550000000063,150.0,-3.5633333333330484,4.686666666666952
2024-10-08 01:25:00,2024-10-08 01:45:00,Short,2641.64,2641.64,0.0,SL Hit,2641.64,1,1294.6550000000063,20.0,0.5,-3.4200000000000728
2024-10-08 05:40:00,2024-10-08 06:30:00,Long,2645.285,2641.3,-7.969999999999345,SL Hit,2641.3,2,1286.685000000007,50.0,-5.264999999999873,1.025000000000091
2024-10-08 08:25:00,2024-10-08 09:35:00,Short,2635.2200000000003,2639.82,-9.199999999999818,SL Hit,2639.82,2,1277.4850000000072,70.0,4.609999999999673,-2.680000000000291
2024-10-08 09:40:00,2024-10-08 13:25:00,Long,2638.99,2638.99,0.0,SL Hit,2638.99,1,1277.4850000000072,225.0,-2.169999999999618,13.620000000000346
2024-10-09 01:25:00,2024-10-09 02:15:00,Long,2622.54,2613.5399999999995,-9.000000000000455,Bearish Trade Reversal,2613.5399999999995,1,1268.4850000000067,50.0,-5.320000000000164,0.07999999999992724
2024-10-09 02:15:00,2024-10-09 02:45:00,Short,2619.62,2619.62,0.0,SL Hit,2619.62,1,1268.4850000000067,30.0,0.5399999999999636,-2.6399999999998727
2024-10-09 06:30:00,2024-10-09 08:30:00,Short,2614.27,2615.29,-2.0399999999999636,SL Hit,2615.29,2,1266.4450000000068,120.0,2.7800000000002,-4.8400000000001455
2024-10-09 08:50:00,2024-10-09 13:15:00,Long,2615.6266666666666,2614.87,-2.269999999999982,SL Hit,2614.87,3,1264.1750000000068,265.0,-3.336666666666588,6.743333333333339
2024-10-09 14:35:00,2024-10-09 14:50:00,Short,2607.46,2609.6349999999998,-2.174999999999727,SL Hit,2609.6349999999998,1,1262.000000000007,15.0,4.050000000000182,-1.150000000000091
2024-10-09 22:10:00,2024-10-09 23:00:00,Short,2606.29,2608.5775000000003,-2.287500000000364,SL Hit,2608.5775000000003,1,1259.7125000000067,50.0,2.3200000000001637,-0.6900000000000546
2024-10-10 00:35:00,2024-10-10 06:40:00,Long,2611.432,2612.53,5.4900000000020555,SL Hit,2612.53,5,1265.2025000000087,365.0,-4.231999999999971,5.358000000000175
2024-10-10 07:00:00,2024-10-10 07:35:00,Short,2611.1,2616.15,-10.100000000000364,SL Hit,2616.15,2,1255.1025000000084,35.0,5.059999999999945,-1.0
2024-10-10 07:40:00,2024-10-10 08:00:00,Long,2615.71,2614.6225000000004,-1.0874999999996362,SL Hit,2614.6225000000004,1,1254.0150000000087,20.0,-1.4200000000000728,0.9800000000000182
2024-10-10 08:05:00,2024-10-10 11:20:00,Long,2615.6600000000003,2615.66,-1.8189894035458565e-12,SL Hit,2615.66,4,1254.015000000007,195.0,-2.050000000000182,3.169999999999618
2024-10-10 12:40:00,2024-10-10 13:30:00,Long,2618.15,2617.249999999999,-0.9000000000010004,SL Hit,2617.249999999999,1,1253.115000000006,50.0,-2.2800000000002,8.759999999999764
2024-10-10 13:55:00,2024-10-10 14:05:00,Long,2625.75,2625.75,0.0,SL Hit,2625.75,1,1253.115000000006,10.0,-1.0,3.550000000000182
2024-10-10 14:10:00,2024-10-10 16:55:00,Long,2626.3866666666668,2619.1,-21.860000000000582,SL Hit,2619.1,3,1231.2550000000053,165.0,-7.546666666666624,2.9233333333331757
2024-10-10 18:45:00,2024-10-10 18:50:00,Long,2628.07,2627.394999999999,-0.6750000000010914,SL Hit,2627.394999999999,1,1230.5800000000042,5.0,-1.7100000000000364,0.8999999999996362
2024-10-10 19:10:00,2024-10-10 19:50:00,Long,2628.45,2628.45,0.0,SL Hit,2628.45,1,1230.5800000000042,40.0,-0.08999999999969077,2.8100000000004
2024-10-10 22:05:00,2024-10-10 23:15:00,Short,2627.965,2631.36,-6.789999999999964,SL Hit,2631.36,2,1223.7900000000043,70.0,3.574999999999818,-0.6649999999999636
2024-10-10 23:20:00,2024-10-11 06:25:00,Long,2636.603333333333,2643.11,19.520000000001346,SL Hit,2643.11,3,1243.3100000000056,425.0,-5.503333333333103,10.206666666666933
2024-10-11 14:00:00,2024-10-11 18:30:00,Long,2653.2633333333333,2656.46,9.590000000000146,SL Hit,2656.46,3,1252.9000000000058,270.0,-6.803333333333285,8.026666666666642
2024-10-11 18:35:00,2024-10-14 02:30:00,Short,2652.816,2648.29,22.6299999999992,SL Hit,2648.29,5,1275.530000000005,3355.0,6.094000000000051,-9.49599999999964
2024-10-14 06:25:00,2024-10-14 09:35:00,Long,2662.366666666667,2658.51,-11.569999999999709,SL Hit,2658.51,3,1263.9600000000053,190.0,-4.986666666666679,3.9733333333333576
2024-10-14 09:45:00,2024-10-14 17:35:00,Short,2653.7025000000003,2649.61,16.3700000000008,SL Hit,2649.61,4,1280.330000000006,470.0,7.427499999999782,-9.102500000000418
2024-10-14 17:40:00,2024-10-14 20:45:00,Long,2650.4166666666665,2647.63,-8.359999999999218,SL Hit,2647.63,3,1271.9700000000068,185.0,-4.276666666666642,2.783333333333303
2024-10-15 03:35:00,2024-10-15 06:50:00,Short,2646.91,2648.1100000000006,-1.2000000000007276,SL Hit,2648.1100000000006,1,1270.7700000000061,195.0,2.0,-8.569999999999709
2024-10-15 07:35:00,2024-10-15 11:25:00,Long,2652.2349999999997,2651.18,-2.1099999999996726,SL Hit,2651.18,2,1268.6600000000064,230.0,-2.3549999999995634,4.225000000000364
2024-10-15 11:35:00,2024-10-15 12:20:00,Short,2652.26,2652.26,0.0,SL Hit,2652.26,1,1268.6600000000064,45.0,2.9899999999997817,-6.210000000000036
2024-10-15 12:35:00,2024-10-16 00:00:00,Long,2657.088,2659.4,11.55999999999949,SL Hit,2659.4,5,1280.220000000006,685.0,-10.688000000000102,11.731999999999971
2024-10-16 00:10:00,2024-10-16 01:00:00,Short,2659.66,2661.3475000000008,-1.6875000000009095,SL Hit,2661.3475000000008,1,1278.532500000005,50.0,2.5599999999999454,-0.8799999999996544
2024-10-16 01:10:00,2024-10-16 11:00:00,Long,2666.506,2673.22,33.56999999999971,SL Hit,2673.22,5,1312.1025000000047,590.0,-6.005999999999858,15.884000000000015
2024-10-16 13:10:00,2024-10-16 13:50:00,Long,2681.34,2677.852499999999,-3.4875000000010914,SL Hit,2677.852499999999,1,1308.6150000000036,40.0,-5.890000000000327,3.730000000000018
2024-10-16 14:10:00,2024-10-17 00:05:00,Short,2675.4825,2674.93,2.210000000000946,SL Hit,2674.93,4,1310.8250000000046,595.0,5.387499999999818,-8.882500000000164
2024-10-17 07:00:00,2024-10-17 07:10:00,Short,2681.48,2681.48,0.0,SL Hit,2681.48,1,1310.8250000000046,10.0,1.1399999999998727,-2.269999999999982
2024-10-17 07:15:00,2024-10-17 10:15:00,Short,2681.16,2683.78,-7.860000000001037,SL Hit,2683.78,3,1302.9650000000036,180.0,3.650000000000091,-4.059999999999945
2024-10-17 12:35:00,2024-10-17 12:55:00,Short,2676.13,2680.4799999999996,-4.349999999999454,SL Hit,2680.4799999999996,1,1298.615000000004,20.0,4.929999999999836,-2.119999999999891
2024-10-17 14:20:00,2024-10-17 16:25:00,Long,2689.615,2687.81,-3.6099999999996726,SL Hit,2687.81,2,1295.0050000000044,125.0,-4.014999999999873,6.9050000000002
2024-10-17 20:55:00,2024-10-17 22:00:00,Long,2692.66,2691.6475,-1.012499999999818,SL Hit,2691.6475,1,1293.9925000000046,65.0,-9.799999999999727,0.11000000000012733
2024-10-17 22:05:00,2024-10-17 22:15:00,Short,2692.1,2692.4749999999995,-0.37499999999954525,SL Hit,2692.4749999999995,1,1293.617500000005,10.0,0.7300000000000182,-0.7799999999997453
2024-10-17 22:20:00,2024-10-18 06:20:00,Long,2697.0199999999995,2706.2,36.720000000001164,SL Hit,2706.2,4,1330.3375000000062,480.0,-6.019999999999527,16.750000000000455
2024-10-18 08:05:00,2024-10-18 09:00:00,Short,2704.13,2706.1549999999997,-2.024999999999636,SL Hit,2706.1549999999997,1,1328.3125000000066,55.0,2.7100000000000364,-2.5300000000002
2024-10-18 09:15:00,2024-10-18 11:30:00,Long,2710.5533333333333,2708.1,-7.360000000000127,SL Hit,2708.1,3,1320.9525000000065,135.0,-2.513333333333321,2.5566666666668425
2024-10-18 11:35:00,2024-10-18 12:25:00,Short,2709.79,2713.06,-6.539999999999964,SL Hit,2713.06,2,1314.4125000000065,50.0,4.309999999999945,-1.2799999999997453
2024-10-18 13:25:00,2024-10-18 13:45:00,Short,2707.63,2714.0425000000005,-6.412500000000364,SL Hit,2714.0425000000005,1,1308.0000000000061,20.0,6.619999999999891,-2.8299999999999272
2024-10-18 20:35:00,2024-10-18 20:55:00,Long,2720.8,2720.574999999999,-0.2250000000012733,SL Hit,2720.574999999999,1,1307.7750000000049,20.0,-0.2699999999999818,1.6099999999996726
2024-10-21 00:40:00,2024-10-21 05:55:00,Long,2727.1549999999997,2724.91,-4.489999999999782,SL Hit,2724.91,2,1303.285000000005,315.0,-5.614999999999782,5.495000000000346
2024-10-21 08:25:00,2024-10-21 14:25:00,Long,2735.1940000000004,2733.78,-7.070000000001073,SL Hit,2733.78,5,1296.215000000004,360.0,-7.424000000000433,5.265999999999622
2024-10-21 18:50:00,2024-10-21 19:25:00,Short,2719.0,2719.0,0.0,SL Hit,2719.0,1,1296.215000000004,35.0,1.0599999999999454,-5.599999999999909
2024-10-21 22:50:00,2024-10-21 22:55:00,Long,2720.61,2720.2724999999996,-0.3375000000005457,SL Hit,2720.2724999999996,1,1295.8775000000035,5.0,-1.1100000000001273,0.6599999999998545
2024-10-21 23:00:00,2024-10-22 09:40:00,Long,2726.996,2731.8,24.020000000000437,SL Hit,2731.8,5,1319.897500000004,640.0,-7.096000000000004,11.153999999999996
2024-10-22 10:10:00,2024-10-22 10:40:00,Short,2731.61,2741.5475000000006,-9.937500000000455,Bullish Trade Reversal,2741.5475000000006,1,1309.9600000000034,30.0,6.879999999999654,-0.07000000000016371
2024-10-22 10:40:00,2024-10-22 11:25:00,Long,2738.14,2734.615,-3.525000000000091,SL Hit,2734.615,1,1306.4350000000034,45.0,-5.119999999999891,0.8900000000003274
2024-10-22 11:45:00,2024-10-22 11:55:00,Short,2731.66,2731.9225000000006,-0.2625000000007276,SL Hit,2731.9225000000006,1,1306.1725000000026,10.0,1.0300000000002,-2.1299999999996544
2024-10-22 15:00:00,2024-10-22 15:35:00,Long,2741.81,2740.085,-1.724999999999909,SL Hit,2740.085,1,1304.4475000000027,35.0,-2.1599999999998545,2.25
2024-10-22 17:35:00,2024-10-22 18:40:00,Long,2745.47,2744.3075,-1.162499999999909,SL Hit,2744.3075,1,1303.2850000000028,65.0,-2.269999999999982,2.680000000000291
2024-10-23 00:40:00,2024-10-23 00:45:00,Short,2745.37,2745.7075000000004,-0.3375000000005457,SL Hit,2745.7075000000004,1,1302.9475000000023,5.0,0.34999999999990905,-0.4699999999997999
2024-10-23 03:55:00,2024-10-23 06:40:00,Long,2748.775,2748.4,-0.75,SL Hit,2748.4,2,1302.1975000000023,165.0,-2.9850000000001273,4.295000000000073
2024-10-23 06:45:00,2024-10-23 07:35:00,Short,2749.795,2753.07,-6.550000000000182,SL Hit,2753.07,2,1295.647500000002,50.0,4.614999999999782,-1.2849999999998545
2024-10-23 10:55:00,2024-10-23 23:00:00,Short,2733.11,2718.21,59.600000000000364,SL Hit,2718.21,4,1355.2475000000024,725.0,19.779999999999745,-24.51000000000022
2024-10-24 04:35:00,2024-10-24 11:15:00,Long,2731.9700000000003,2735.9,15.719999999999345,SL Hit,2735.9,4,1370.9675000000018,400.0,-6.700000000000273,7.049999999999727
2024-10-24 11:30:00,2024-10-24 12:40:00,Short,2735.98,2739.51,-7.0600000000004,SL Hit,2739.51,2,1363.9075000000014,70.0,5.489999999999782,-0.11000000000012733
2024-10-24 12:50:00,2024-10-24 13:00:00,Long,2739.0,2736.7500000000005,-2.2499999999995453,SL Hit,2736.7500000000005,1,1361.6575000000018,10.0,-2.300000000000182,0.8899999999998727
2024-10-24 13:05:00,2024-10-24 13:45:00,Long,2738.37,2736.72,-1.650000000000091,SL Hit,2736.72,1,1360.0075000000018,40.0,-2.9099999999998545,4.8400000000001455
2024-10-24 13:50:00,2024-10-24 14:00:00,Short,2734.81,2734.81,0.0,SL Hit,2734.81,1,1360.0075000000018,10.0,0.36999999999989086,-5.039999999999964
2024-10-24 16:55:00,2024-10-25 00:00:00,Long,2734.8366666666666,2733.5,-4.0099999999997635,SL Hit,2733.5,3,1355.997500000002,425.0,-2.236666666666679,2.7733333333335395
2024-10-25 00:05:00,2024-10-25 01:10:00,Short,2734.55,2734.775,-0.22499999999990905,SL Hit,2734.775,1,1355.772500000002,65.0,0.3999999999996362,-3.3100000000004
2024-10-25 04:40:00,2024-10-25 05:00:00,Short,2726.3,2727.27,-1.9399999999995998,SL Hit,2727.27,2,1353.8325000000025,20.0,1.2999999999997272,-1.3200000000001637
2024-10-25 08:10:00,2024-10-25 10:55:00,Short,2722.7200000000003,2722.15,1.1400000000003274,SL Hit,2722.15,2,1354.9725000000028,165.0,2.1399999999998727,-5.580000000000382
2024-10-25 11:00:00,2024-10-27 22:00:00,Long,2731.9375,2740.1,32.649999999999636,SL Hit,2740.1,4,1387.6225000000024,3540.0,-10.707499999999982,16.272500000000036
2024-10-28 12:05:00,2024-10-28 18:20:00,Long,2739.0879999999997,2740.37,6.410000000000764,SL Hit,2740.37,5,1394.0325000000032,375.0,-7.437999999999647,6.39200000000028
2024-10-28 18:25:00,2024-10-28 18:45:00,Short,2740.44,2741.8274999999994,-1.3874999999993634,SL Hit,2741.8274999999994,1,1392.6450000000038,20.0,1.4699999999998,-0.34999999999990905
2024-10-28 22:10:00,2024-10-28 22:15:00,Short,2740.68,2740.68,0.0,SL Hit,2740.68,1,1392.6450000000038,5.0,0.36000000000012733,-0.8099999999999454
2024-10-29 09:25:00,2024-10-29 09:35:00,Long,2754.98,2752.5424999999996,-2.4375000000004547,SL Hit,2752.5424999999996,1,1390.2075000000034,10.0,-2.8200000000001637,0.6199999999998909
2024-10-29 11:30:00,2024-10-29 13:25:00,Short,2747.35,2758.525,-11.175000000000182,Bullish Trade Reversal,2758.525,1,1379.0325000000032,115.0,9.730000000000018,-0.0
2024-10-29 13:25:00,2024-10-30 02:30:00,Long,2769.8416666666667,2777.0,42.94999999999982,SL Hit,2777.0,6,1421.982500000003,785.0,-17.13166666666666,12.068333333333157
2024-10-30 02:35:00,2024-10-30 05:25:00,Short,2777.615,2781.1,-6.970000000000255,SL Hit,2781.1,2,1415.0125000000028,170.0,3.7450000000003456,-1.324999999999818
2024-10-30 10:00:00,2024-10-30 10:55:00,Long,2784.63,2780.9924999999994,-3.6375000000007276,SL Hit,2780.9924999999994,1,1411.375000000002,55.0,-4.829999999999927,1.7899999999999636
2024-10-30 11:20:00,2024-10-30 11:25:00,Short,2780.97,2781.0075000000006,-0.037500000000818545,SL Hit,2781.0075000000006,1,1411.3375000000012,5.0,0.43000000000029104,-0.6399999999998727
2024-10-30 11:45:00,2024-10-30 12:40:00,Short,2779.825,2781.61,-3.5700000000006185,SL Hit,2781.61,2,1407.7675000000006,55.0,2.375,-4.8449999999998
2024-10-30 12:45:00,2024-10-30 13:30:00,Long,2782.675,2774.98,-15.390000000000327,SL Hit,2774.98,2,1392.3775000000003,45.0,-10.25500000000011,4.724999999999909
2024-10-30 19:50:00,2024-10-30 23:05:00,Short,2786.09,2787.76,-3.3400000000001455,SL Hit,2787.76,2,1389.0375000000001,195.0,1.8699999999998909,-2.0900000000001455
2024-10-30 23:10:00,2024-10-31 01:50:00,Long,2787.2349999999997,2784.69,-5.089999999999236,SL Hit,2784.69,2,1383.947500000001,160.0,-3.3649999999997817,2.6850000000004
2024-10-31 02:00:00,2024-10-31 10:40:00,Short,2782.85,2780.1,13.75,SL Hit,2780.1,5,1397.697500000001,520.0,6.010000000000218,-9.36999999999989
2024-11-01 01:35:00,2024-11-01 10:25:00,Long,2749.1125,2748.3,-3.25,SL Hit,2748.3,4,1394.447500000001,530.0,-3.4525000000003274,8.197499999999764
2024-11-01 12:15:00,2024-11-01 14:20:00,Long,2756.1533333333336,2752.67,-10.450000000000728,SL Hit,2752.67,3,1383.9975000000002,125.0,-5.753333333333558,5.336666666666133
2024-11-04 02:00:00,2024-11-04 02:05:00,Long,2738.89,2738.89,0.0,SL Hit,2738.89,1,1383.9975000000002,5.0,-0.6099999999996726,1.6700000000000728
2024-11-04 03:20:00,2024-11-04 05:45:00,Long,2740.75,2738.3875,-2.362500000000182,SL Hit,2738.3875,1,1381.635,145.0,-3.050000000000182,2.5700000000001637
2024-11-04 06:25:00,2024-11-04 07:10:00,Short,2736.36,2743.034999999999,-6.674999999998818,SL Hit,2743.034999999999,1,1374.9600000000012,45.0,8.199999999999818,-0.2899999999999636
2024-11-04 07:15:00,2024-11-04 07:25:00,Long,2742.55,2739.8875,-2.662500000000364,SL Hit,2739.8875,1,1372.2975000000008,10.0,-2.830000000000382,0.4099999999998545
2024-11-04 08:00:00,2024-11-04 08:05:00,Short,2735.38,2736.5425,-1.162499999999909,SL Hit,2736.5425,1,1371.135000000001,5.0,1.5499999999997272,-0.8699999999998909
2024-11-04 08:10:00,2024-11-04 08:30:00,Short,2736.6,2736.6,0.0,SL Hit,2736.6,1,1371.135000000001,20.0,1.430000000000291,-2.400000000000091
2024-11-04 08:35:00,2024-11-04 09:30:00,Short,2736.38,2742.267499999999,-5.887499999998909,SL Hit,2742.267499999999,1,1365.247500000002,55.0,5.949999999999818,-4.230000000000018
2024-11-04 10:15:00,2024-11-04 10:50:00,Long,2744.4,2738.099999999999,-6.300000000001091,SL Hit,2738.099999999999,1,1358.947500000001,35.0,-6.950000000000273,0.0
2024-11-04 15:05:00,2024-11-04 15:30:00,Long,2743.81,2739.57,-8.479999999999563,SL Hit,2739.57,2,1350.4675000000013,25.0,-4.849999999999909,1.3400000000001455
2024-11-04 15:40:00,2024-11-05 06:35:00,Short,2737.3000000000006,2737.03,0.8100000000013097,SL Hit,2737.03,3,1351.2775000000026,895.0,4.749999999999545,-12.3700000000008
2024-11-05 13:35:00,2024-11-05 15:15:00,Long,2743.95,2736.62,-14.659999999999854,SL Hit,2736.62,2,1336.6175000000028,100.0,-8.099999999999909,5.75
2024-11-05 15:20:00,2024-11-05 15:45:00,Short,2737.61,2738.5475,-0.9375,SL Hit,2738.5475,1,1335.6800000000028,25.0,3.730000000000018,-4.320000000000164
2024-11-05 20:55:00,2024-11-06 00:10:00,Long,2742.98,2742.16,-1.6400000000003274,SL Hit,2742.16,2,1334.0400000000025,195.0,-1.449999999999818,3.0799999999999272
2024-11-06 00:15:00,2024-11-06 01:40:00,Short,2740.1800000000003,2746.06,-11.759999999999309,SL Hit,2746.06,2,1322.2800000000032,85.0,7.6899999999996,-7.070000000000164
2024-11-06 08:20:00,2024-11-06 08:25:00,Short,2733.06,2733.06,0.0,Bullish Trade Reversal,2733.06,1,1322.2800000000032,5.0,-0.0,-3.9299999999998363
2024-11-06 08:25:00,2024-11-06 08:30:00,Long,2729.95,2726.875000000001,-3.0749999999989086,SL Hit,2726.875000000001,1,1319.2050000000042,5.0,-3.6099999999996726,2.380000000000109
2024-11-06 21:10:00,2024-11-06 23:05:00,Short,2662.07,2662.407499999999,-0.3374999999987267,SL Hit,2662.407499999999,1,1318.8675000000055,115.0,0.6900000000000546,-3.980000000000018
2024-11-07 01:15:00,2024-11-07 07:10:00,Short,2656.7566666666667,2660.53,-11.320000000000618,SL Hit,2660.53,3,1307.547500000005,355.0,4.0933333333332484,-10.196666666666715
2024-11-07 07:15:00,2024-11-07 08:45:00,Long,2660.27,2660.27,0.0,SL Hit,2660.27,1,1307.547500000005,90.0,-1.3600000000001273,7.139999999999873
2024-11-07 10:30:00,2024-11-07 11:00:00,Long,2665.49,2665.49,0.0,SL Hit,2665.49,1,1307.547500000005,30.0,-0.8099999999999454,2.730000000000018
2024-11-07 12:30:00,2024-11-07 19:00:00,Long,2682.5950000000003,2691.06,16.92999999999938,SL Hit,2691.06,2,1324.4775000000043,390.0,-15.795000000000073,17.3449999999998
2024-11-07 19:10:00,2024-11-07 20:00:00,Short,2691.7,2698.0750000000007,-6.3750000000009095,SL Hit,2698.0750000000007,1,1318.1025000000034,50.0,7.8100000000004,-3.3899999999998727
2024-11-08 04:35:00,2024-11-08 11:35:00,Short,2692.78,2691.68,3.3000000000010914,SL Hit,2691.68,3,1321.4025000000045,420.0,3.269999999999982,-12.3100000000004
2024-11-08 13:35:00,2024-11-08 15:10:00,Long,2692.33,2685.6550000000007,-6.674999999999272,SL Hit,2685.6550000000007,1,1314.7275000000052,95.0,-7.739999999999782,11.570000000000164
2024-11-08 18:55:00,2024-11-11 10:20:00,Short,2679.1428571428573,2673.84,37.120000000000346,SL Hit,2673.84,7,1351.8475000000055,3805.0,9.267142857142517,-14.602857142857374
2024-11-11 10:25:00,2024-11-11 10:55:00,Long,2670.48,2664.54,-11.88000000000011,SL Hit,2664.54,2,1339.9675000000054,30.0,-9.269999999999982,1.6199999999998909
2024-11-11 12:40:00,2024-11-11 18:40:00,Short,2637.12,2617.98,38.279999999999745,SL Hit,2617.98,2,1378.2475000000052,360.0,24.960000000000036,-26.449999999999818
2024-11-11 18:50:00,2024-11-12 03:55:00,Long,2620.66,2619.01,-6.599999999998545,SL Hit,2619.01,4,1371.6475000000066,545.0,-3.399999999999636,6.039999999999964
2024-11-12 09:10:00,2024-11-12 10:45:00,Short,2591.335,2596.15,-9.63000000000011,SL Hit,2596.15,2,1362.0175000000065,95.0,7.045000000000073,-1.5050000000001091
2024-11-12 11:10:00,2024-11-12 17:00:00,Long,2598.3866666666668,2597.69,-2.0900000000001455,SL Hit,2597.69,3,1359.9275000000064,350.0,-5.6266666666665515,17.773333333333085
2024-11-12 20:10:00,2024-11-12 20:40:00,Short,2596.74,2599.777500000001,-3.0375000000012733,SL Hit,2599.777500000001,1,1356.890000000005,30.0,3.350000000000364,-0.8599999999996726
2024-11-12 20:50:00,2024-11-13 04:55:00,Long,2604.9283333333337,2606.43,9.00999999999658,SL Hit,2606.43,6,1365.9000000000017,485.0,-8.92833333333374,8.221666666666351
2024-11-13 05:15:00,2024-11-13 08:30:00,Short,2604.9366666666665,2607.11,-6.520000000000891,SL Hit,2607.11,3,1359.3800000000008,195.0,3.1733333333336304,-3.5466666666666242
2024-11-13 09:35:00,2024-11-13 11:35:00,Long,2610.975,2607.07,-7.809999999999491,SL Hit,2607.07,2,1351.5700000000013,120.0,-5.074999999999818,0.3949999999999818
2024-11-13 11:45:00,2024-11-13 12:00:00,Short,2609.34,2611.37,-4.059999999999491,SL Hit,2611.37,2,1347.5100000000018,15.0,3.2399999999997817,-1.5900000000001455
2024-11-13 13:35:00,2024-11-13 13:40:00,Long,2611.0,2611.0,0.0,SL Hit,2611.0,1,1347.5100000000018,5.0,-0.7199999999997999,3.0700000000001637
2024-11-13 14:45:00,2024-11-13 23:20:00,Short,2585.848,2576.92,44.63999999999942,SL Hit,2576.92,5,1392.1500000000012,515.0,22.222000000000207,-14.087999999999738
2024-11-14 05:30:00,2024-11-14 13:35:00,Short,2556.575,2556.33,0.9799999999995634,SL Hit,2556.33,4,1393.1300000000008,485.0,3.7450000000003456,-19.014999999999873
2024-11-14 14:05:00,2024-11-14 18:20:00,Long,2562.26,2567.7,10.8799999999992,SL Hit,2567.7,2,1404.01,255.0,-7.330000000000382,15.039999999999964
2024-11-14 18:30:00,2024-11-14 19:10:00,Short,2568.27,2574.045,-5.775000000000091,SL Hit,2574.045,1,1398.235,40.0,6.0900000000001455,-0.8099999999999454
2024-11-14 20:15:00,2024-11-15 10:25:00,Short,2566.311666666667,2568.64,-13.969999999997526,SL Hit,2568.64,6,1384.2650000000024,850.0,7.17833333333283,-11.351666666666915
2024-11-15 10:35:00,2024-11-15 13:30:00,Long,2568.5766666666664,2565.1,-10.429999999999382,SL Hit,2565.1,3,1373.835000000003,175.0,-7.386666666666315,6.55333333333374
2024-11-15 15:15:00,2024-11-15 15:35:00,Long,2573.5,2566.037500000001,-7.4624999999991815,SL Hit,2566.037500000001,1,1366.3725000000038,20.0,-7.75,0.38999999999987267
2024-11-15 17:05:00,2024-11-17 23:00:00,Short,2561.7466666666664,2563.78,-6.100000000001273,SL Hit,2563.78,3,1360.2725000000025,3235.0,6.453333333333376,-2.5466666666666242
2024-11-18 08:20:00,2024-11-18 12:25:00,Long,2590.8225,2589.72,-4.4100000000016735,SL Hit,2589.72,4,1355.8625000000009,245.0,-7.212500000000091,6.307499999999891
2024-11-18 12:30:00,2024-11-18 12:40:00,Short,2590.47,2594.9325,-4.462500000000091,SL Hit,2594.9325,1,1351.4000000000008,10.0,4.7400000000002365,-0.0
2024-11-18 13:10:00,2024-11-18 20:40:00,Long,2604.1519999999996,2608.41,21.290000000001328,SL Hit,2608.41,5,1372.690000000002,450.0,-10.67199999999957,10.628000000000611
2024-11-18 21:25:00,2024-11-19 05:00:00,Long,2614.956,2621.3,31.720000000000255,SL Hit,2621.3,5,1404.4100000000024,455.0,-4.695999999999913,10.384000000000015
2024-11-19 05:05:00,2024-11-19 05:15:00,Short,2622.5,2622.6499999999996,-0.1499999999996362,SL Hit,2622.6499999999996,1,1404.2600000000027,10.0,0.2800000000002001,-1.7100000000000364
2024-11-19 08:55:00,2024-11-19 14:15:00,Long,2630.0,2629.01,-1.9799999999995634,SL Hit,2629.01,2,1402.2800000000032,320.0,-5.449999999999818,9.230000000000018
2024-11-19 14:45:00,2024-11-19 17:05:00,Short,2628.2799999999997,2628.31,-0.06000000000040018,SL Hit,2628.31,2,1402.2200000000028,140.0,2.380000000000109,-7.199999999999818
2024-11-19 23:30:00,2024-11-20 05:00:00,Long,2637.505,2635.77,-3.4700000000002547,SL Hit,2635.77,2,1398.7500000000025,330.0,-4.505000000000109,4.125
2024-11-20 14:30:00,2024-11-20 18:20:00,Long,2643.64,2647.9,8.520000000000437,SL Hit,2647.9,2,1407.270000000003,230.0,-6.730000000000018,11.420000000000073
2024-11-20 18:30:00,2024-11-20 19:05:00,Short,2648.28,2650.23,-1.949999999999818,SL Hit,2650.23,1,1405.3200000000031,35.0,2.3099999999999454,-1.4400000000000546
2024-11-21 03:05:00,2024-11-21 03:15:00,Short,2652.23,2652.8675000000003,-0.6375000000002728,SL Hit,2652.8675000000003,1,1404.6825000000028,10.0,0.9699999999997999,-0.9099999999998545
2024-11-21 13:00:00,2024-11-21 14:10:00,Short,2662.92,2668.1700000000005,-5.250000000000455,SL Hit,2668.1700000000005,1,1399.4325000000024,70.0,6.480000000000018,-1.9200000000000728
2024-11-21 17:50:00,2024-11-21 18:05:00,Long,2669.41,2669.072500000001,-0.3374999999987267,SL Hit,2669.072500000001,1,1399.0950000000037,15.0,-0.34999999999990905,3.1600000000003092
2024-11-21 23:20:00,2024-11-22 00:15:00,Short,2668.26,2671.7474999999995,-3.4874999999992724,SL Hit,2671.7474999999995,1,1395.6075000000044,55.0,4.779999999999745,-0.2600000000002183
2024-11-22 04:55:00,2024-11-22 05:30:00,Long,2687.0,2686.5125,-0.4875000000001819,SL Hit,2686.5125,1,1395.1200000000042,35.0,-2.3200000000001637,1.8099999999999454
2024-11-22 07:05:00,2024-11-22 13:10:00,Long,2699.1133333333332,2697.21,-5.709999999999582,SL Hit,2697.21,3,1389.4100000000046,365.0,-8.633333333333212,10.796666666666624
2024-11-22 15:50:00,2024-11-22 16:00:00,Long,2701.19,2701.19,0.0,SL Hit,2701.19,1,1389.4100000000046,10.0,-0.21000000000003638,2.9400000000000546
2024-11-22 17:55:00,2024-11-25 14:05:00,Long,2707.7233333333334,2705.07,-7.959999999999582,SL Hit,2705.07,3,1381.450000000005,4090.0,-38.66333333333341,8.096666666666806
2024-11-25 17:35:00,2024-11-25 23:15:00,Short,2625.9,2628.07,-6.510000000000218,SL Hit,2628.07,3,1374.9400000000048,340.0,2.8099999999999454,-9.66000000000031
2024-11-25 23:20:00,2024-11-25 23:35:00,Long,2627.6,2620.1,-7.5,SL Hit,2620.1,1,1367.4400000000048,15.0,-8.730000000000018,0.0
2024-11-26 01:15:00,2024-11-26 01:25:00,Long,2625.59,2624.3525000000004,-1.2374999999997272,SL Hit,2624.3525000000004,1,1366.202500000005,10.0,-1.2800000000002,3.0099999999997635
2024-11-26 12:05:00,2024-11-26 13:45:00,Long,2636.67,2629.62,-14.100000000000364,SL Hit,2629.62,2,1352.1025000000047,100.0,-8.730000000000018,5.049999999999727
2024-11-26 14:15:00,2024-11-26 20:55:00,Short,2626.7933333333335,2631.85,-15.169999999999163,SL Hit,2631.85,3,1336.9325000000056,400.0,6.456666666666479,-9.443333333333612
2024-11-26 21:00:00,2024-11-26 23:00:00,Long,2631.66,2630.160000000001,-1.4999999999986358,SL Hit,2630.160000000001,1,1335.432500000007,120.0,-3.0399999999999636,1.5799999999999272
2024-11-27 00:40:00,2024-11-27 01:05:00,Short,2629.27,2629.27,0.0,SL Hit,2629.27,1,1335.432500000007,25.0,0.1999999999998181,-2.0700000000001637
2024-11-27 04:35:00,2024-11-27 11:10:00,Long,2642.2825,2645.37,12.350000000000364,SL Hit,2645.37,4,1347.7825000000073,395.0,-4.152499999999691,11.397500000000036
2024-11-27 11:15:00,2024-11-27 11:55:00,Short,2645.73,2651.9549999999995,-6.224999999999454,SL Hit,2651.9549999999995,1,1341.5575000000078,40.0,6.420000000000073,-0.5199999999999818
2024-11-27 12:20:00,2024-11-27 12:50:00,Long,2651.5,2651.5,0.0,SL Hit,2651.5,1,1341.5575000000078,30.0,-1.1399999999998727,3.2199999999998
2024-11-27 17:05:00,2024-11-27 17:20:00,Short,2638.74,2642.5275000000006,-3.7875000000008185,SL Hit,2642.5275000000006,1,1337.770000000007,15.0,3.8700000000003456,-1.1299999999996544
2024-11-27 23:05:00,2024-11-28 00:30:00,Short,2636.5,2637.75,-2.5,SL Hit,2637.75,2,1335.270000000007,85.0,1.3800000000001091,-1.150000000000091
2024-11-28 00:35:00,2024-11-28 00:40:00,Long,2637.77,2637.5824999999995,-0.18750000000045475,SL Hit,2637.5824999999995,1,1335.0825000000066,5.0,-1.300000000000182,0.3200000000001637
2024-11-28 00:45:00,2024-11-28 00:50:00,Long,2637.17,2636.1575000000003,-1.012499999999818,SL Hit,2636.1575000000003,1,1334.0700000000068,5.0,-1.4700000000002547,0.1999999999998181
2024-11-28 03:25:00,2024-11-28 12:20:00,Long,2635.08,2644.79,38.840000000000146,SL Hit,2644.79,4,1372.910000000007,535.0,-6.679999999999836,14.079999999999927
2024-11-28 12:30:00,2024-11-28 14:00:00,Short,2645.79,2647.59,-1.800000000000182,SL Hit,2647.59,1,1371.1100000000067,90.0,1.8200000000001637,-2.800000000000182
2024-11-29 04:45:00,2024-11-29 05:05:00,Long,2659.97,2659.407500000001,-0.5624999999986358,SL Hit,2659.407500000001,1,1370.547500000008,20.0,-0.569999999999709,1.0
2024-11-29 05:35:00,2024-11-29 08:05:00,Long,2662.69,2658.79,-3.900000000000091,SL Hit,2658.79,1,1366.647500000008,150.0,-4.099999999999909,3.3400000000001455
2024-11-29 08:50:00,2024-11-29 09:45:00,Short,2656.53,2661.8924999999995,-5.362499999999272,SL Hit,2661.8924999999995,1,1361.2850000000087,55.0,6.099999999999909,-0.5700000000001637
2024-11-29 12:15:00,2024-12-02 07:25:00,Short,2651.143333333333,2630.93,121.27999999999884,SL Hit,2630.93,6,1482.5650000000076,4030.0,13.226666666666915,-29.153333333333194
2024-12-02 07:30:00,2024-12-02 07:55:00,Long,2631.03,2629.155,-1.875,SL Hit,2629.155,1,1480.6900000000076,25.0,-2.1100000000001273,2.4599999999995816
2024-12-02 10:00:00,2024-12-02 17:05:00,Long,2640.0875,2638.98,-4.430000000000291,SL Hit,2638.98,4,1476.2600000000073,425.0,-6.537499999999909,11.322499999999764
2024-12-02 17:10:00,2024-12-03 01:15:00,Short,2638.835,2644.15,-10.63000000000011,SL Hit,2644.15,2,1465.6300000000072,485.0,6.045000000000073,-5.934999999999945
2024-12-03 01:50:00,2024-12-03 06:00:00,Short,2636.423333333333,2642.5,-18.230000000000473,SL Hit,2642.5,3,1447.4000000000067,250.0,6.576666666666824,-1.783333333333303
2024-12-03 06:05:00,2024-12-03 08:05:00,Long,2642.47,2640.970000000001,-1.4999999999986358,SL Hit,2640.970000000001,1,1445.900000000008,120.0,-1.8099999999999454,7.150000000000091
2024-12-03 12:10:00,2024-12-03 13:25:00,Short,2642.04,2646.539999999999,-4.4999999999990905,Bullish Trade Reversal,2646.539999999999,1,1441.400000000009,75.0,4.720000000000255,-3.980000000000018
2024-12-03 13:25:00,2024-12-03 15:15:00,Long,2647.425,2638.06,-18.730000000000473,SL Hit,2638.06,2,1422.6700000000085,110.0,-9.745000000000346,7.544999999999618
2024-12-03 15:25:00,2024-12-03 15:55:00,Short,2641.12,2642.3950000000004,-1.2750000000005457,SL Hit,2642.3950000000004,1,1421.395000000008,30.0,1.5599999999999454,-4.789999999999964
2024-12-03 18:05:00,2024-12-03 18:35:00,Long,2647.08,2643.48,-7.199999999999818,SL Hit,2643.48,2,1414.1950000000081,30.0,-4.079999999999927,1.3899999999998727
2024-12-03 18:40:00,2024-12-04 02:00:00,Short,2642.406,2643.31,-4.519999999999982,SL Hit,2643.31,5,1409.6750000000081,440.0,3.9340000000001965,-4.766000000000076
2024-12-04 06:50:00,2024-12-04 07:20:00,Long,2650.89,2645.227500000001,-5.6624999999989996,SL Hit,2645.227500000001,1,1404.0125000000091,30.0,-6.839999999999691,0.0
2024-12-04 08:40:00,2024-12-04 10:35:00,Short,2639.96,2642.6,-5.279999999999745,SL Hit,2642.6,2,1398.7325000000094,115.0,2.8299999999999272,-1.5399999999999636
2024-12-04 10:40:00,2024-12-04 12:45:00,Long,2641.15,2640.5874999999996,-0.5625000000004547,SL Hit,2640.5874999999996,1,1398.170000000009,125.0,-1.6100000000001273,6.199999999999818
2024-12-04 13:05:00,2024-12-04 14:20:00,Short,2633.47,2651.8450000000003,-18.375000000000455,Bullish Trade Reversal,2651.8450000000003,1,1379.7950000000085,75.0,16.5,-0.0
2024-12-04 14:20:00,2024-12-04 23:00:00,Long,2649.2825,2648.03,-5.009999999998399,SL Hit,2648.03,4,1374.78500000001,520.0,-3.7824999999998,7.137500000000273
2024-12-04 23:05:00,2024-12-05 05:30:00,Short,2647.8125,2649.44,-6.510000000000218,SL Hit,2649.44,4,1368.2750000000099,385.0,4.057499999999891,-3.712500000000091
2024-12-05 07:05:00,2024-12-05 07:15:00,Short,2646.85,2648.462500000001,-1.6125000000010914,SL Hit,2648.462500000001,1,1366.6625000000088,10.0,2.380000000000109,-0.5399999999999636
2024-12-05 08:45:00,2024-12-05 10:05:00,Short,2646.04,2646.5275,-0.4875000000001819,SL Hit,2646.5275,1,1366.1750000000086,80.0,1.1900000000000546,-4.639999999999873
2024-12-05 11:35:00,2024-12-05 13:25:00,Long,2650.6,2647.54,-6.119999999999891,SL Hit,2647.54,2,1360.0550000000087,110.0,-4.269999999999982,3.7100000000000364
2024-12-05 14:50:00,2024-12-05 21:00:00,Short,2636.82,2631.59,15.690000000000055,SL Hit,2631.59,3,1375.7450000000088,370.0,9.559999999999945,-13.25
2024-12-05 21:15:00,2024-12-06 00:55:00,Long,2631.3999999999996,2630.4,-2.9999999999986358,SL Hit,2630.4,3,1372.7450000000101,220.0,-3.039999999999509,2.3200000000001637
2024-12-06 08:55:00,2024-12-06 09:15:00,Long,2641.64,2641.64,0.0,SL Hit,2641.64,1,1372.7450000000101,20.0,-0.44000000000005457,3.519999999999982
2024-12-06 13:05:00,2024-12-06 13:30:00,Short,2636.75,2641.26,-9.020000000000437,SL Hit,2641.26,2,1363.7250000000097,25.0,5.190000000000055,-4.989999999999782
2024-12-06 13:35:00,2024-12-06 13:40:00,Long,2637.74,2629.3025,-8.4375,Bearish Trade Reversal,2629.3025,1,1355.2875000000097,5.0,-2.25,5.2400000000002365
2024-12-06 13:40:00,2024-12-06 16:20:00,Short,2635.22,2640.29,-15.210000000000491,SL Hit,2640.29,3,1340.0775000000092,160.0,6.7400000000002365,-11.209999999999582
2024-12-06 16:25:00,2024-12-06 17:00:00,Long,2639.65,2636.8375,-2.8125,SL Hit,2636.8375,1,1337.2650000000092,35.0,-4.039999999999964,1.7399999999997817
2024-12-06 19:25:00,2024-12-06 20:00:00,Short,2634.97,2634.97,0.0,SL Hit,2634.97,1,1337.2650000000092,35.0,0.42000000000007276,-2.0299999999997453
2024-12-09 01:25:00,2024-12-09 11:40:00,Long,2649.2520000000004,2654.09,24.18999999999869,SL Hit,2654.09,5,1361.4550000000079,615.0,-14.952000000000226,10.867999999999483
2024-12-09 11:50:00,2024-12-09 12:00:00,Short,2656.52,2657.1575000000003,-0.6375000000002728,SL Hit,2657.1575000000003,1,1360.8175000000076,10.0,1.5100000000002183,-1.7599999999997635
2024-12-09 13:35:00,2024-12-09 20:00:00,Long,2660.86,2657.447499999999,-3.4125000000012733,SL Hit,2657.447499999999,1,1357.4050000000063,385.0,-3.9600000000000364,15.2199999999998
2024-12-10 00:15:00,2024-12-10 00:50:00,Short,2659.8450000000003,2661.45,-3.209999999999127,SL Hit,2661.45,2,1354.1950000000072,35.0,2.074999999999818,-0.9450000000001637
2024-12-10 02:00:00,2024-12-10 07:50:00,Long,2668.995,2665.97,-12.100000000000364,SL Hit,2665.97,4,1342.0950000000068,350.0,-4.0349999999998545,4.474999999999909
2024-12-10 20:55:00,2024-12-10 21:30:00,Short,2691.49,2692.9,-2.8200000000006185,SL Hit,2692.9,2,1339.2750000000062,35.0,1.7300000000000182,-0.4899999999997817
2024-12-10 21:40:00,2024-12-11 03:40:00,Long,2695.95,2692.3,-7.299999999999272,SL Hit,2692.3,2,1331.975000000007,360.0,-4.049999999999727,7.960000000000036
2024-12-11 10:10:00,2024-12-11 10:35:00,Long,2695.46,2694.5975,-0.8625000000001819,SL Hit,2694.5975,1,1331.1125000000068,25.0,-2.0799999999999272,3.650000000000091
2024-12-11 13:05:00,2024-12-11 13:20:00,Long,2697.28,2694.954999999999,-2.3250000000011823,SL Hit,2694.954999999999,1,1328.7875000000056,15.0,-5.870000000000346,0.4299999999998363
2024-12-11 13:25:00,2024-12-11 14:00:00,Short,2692.04,2703.4399999999996,-11.399999999999636,SL Hit,2703.4399999999996,1,1317.387500000006,35.0,11.559999999999945,-0.5299999999997453
2024-12-11 14:55:00,2024-12-11 21:55:00,Long,2713.04,2715.36,9.280000000000655,SL Hit,2715.36,4,1326.6675000000066,420.0,-9.639999999999873,7.760000000000218
2024-12-11 22:00:00,2024-12-11 23:00:00,Short,2717.1,2717.1,0.0,SL Hit,2717.1,1,1326.6675000000066,60.0,0.36999999999989086,-3.299999999999727
2024-12-11 23:05:00,2024-12-11 23:15:00,Short,2716.03,2717.304999999999,-1.2749999999987267,SL Hit,2717.304999999999,1,1325.3925000000079,10.0,1.349999999999909,-0.9400000000000546
2024-12-12 05:45:00,2024-12-12 06:00:00,Long,2713.45,2712.5500000000006,-0.8999999999991815,SL Hit,2712.5500000000006,1,1324.4925000000087,15.0,-1.2399999999997817,2.730000000000018
2024-12-12 06:55:00,2024-12-12 10:10:00,Long,2717.59,2709.55,-16.079999999999927,SL Hit,2709.55,2,1308.4125000000088,195.0,-8.110000000000127,2.3599999999996726
2024-12-12 10:15:00,2024-12-12 10:30:00,Short,2713.28,2713.28,0.0,SL Hit,2713.28,1,1308.4125000000088,15.0,0.6299999999996544,-3.100000000000364
2024-12-12 11:05:00,2024-12-12 11:20:00,Short,2710.22,2711.4950000000003,-1.2750000000005457,SL Hit,2711.4950000000003,1,1307.1375000000082,15.0,1.3700000000003456,-2.7899999999999636
2024-12-12 12:55:00,2024-12-12 13:00:00,Short,2707.61,2707.9849999999997,-0.37499999999954525,SL Hit,2707.9849999999997,1,1306.7625000000087,5.0,0.849999999999909,-2.4600000000000364
2024-12-12 13:30:00,2024-12-13 01:00:00,Short,2692.3425,2686.27,24.290000000000873,SL Hit,2686.27,4,1331.0525000000096,690.0,17.6274999999996,-17.10250000000042
2024-12-13 06:15:00,2024-12-13 06:50:00,Short,2686.96,2689.1349999999998,-2.174999999999727,SL Hit,2689.1349999999998,1,1328.8775000000098,35.0,2.5900000000001455,-3.199999999999818
2024-12-13 08:50:00,2024-12-13 12:15:00,Short,2672.66,2669.7,8.88000000000011,SL Hit,2669.7,3,1337.75750000001,205.0,8.150000000000091,-9.359999999999673
2024-12-13 12:35:00,2024-12-13 13:30:00,Long,2670.075,2663.3,-13.549999999999272,SL Hit,2663.3,2,1324.2075000000107,55.0,-7.494999999999891,2.5850000000000364
2024-12-13 13:35:00,2024-12-16 01:20:00,Short,2657.495,2652.73,19.05999999999949,SL Hit,2652.73,4,1343.2675000000102,3585.0,7.525000000000091,-14.085000000000036
2024-12-16 03:45:00,2024-12-16 05:10:00,Long,2653.61,2650.3099999999995,-3.3000000000006366,SL Hit,2650.3099999999995,1,1339.9675000000095,85.0,-3.5599999999999454,0.7199999999997999
2024-12-16 05:20:00,2024-12-16 05:40:00,Short,2650.82,2652.695,-1.875,SL Hit,2652.695,1,1338.0925000000095,20.0,2.0399999999999636,-1.0199999999999818
2024-12-16 06:35:00,2024-12-16 12:35:00,Long,2657.14,2657.88,2.960000000000946,SL Hit,2657.88,4,1341.0525000000105,360.0,-5.639999999999873,6.849999999999909
2024-12-16 12:40:00,2024-12-16 18:50:00,Short,2657.07,2655.21,5.580000000000382,SL Hit,2655.21,3,1346.6325000000109,370.0,6.679999999999836,-7.8400000000001455
2024-12-16 19:00:00,2024-12-16 19:25:00,Long,2655.34,2653.2400000000002,-2.099999999999909,SL Hit,2653.2400000000002,1,1344.532500000011,25.0,-2.8700000000003456,0.1799999999998363
2024-12-16 21:30:00,2024-12-17 00:50:00,Short,2651.89,2653.23,-4.020000000000437,SL Hit,2653.23,3,1340.5125000000105,200.0,1.680000000000291,-1.7899999999999636
2024-12-17 00:55:00,2024-12-17 01:00:00,Long,2653.83,2653.83,0.0,SL Hit,2653.83,1,1340.5125000000105,5.0,-0.32999999999992724,1.9200000000000728
2024-12-17 05:00:00,2024-12-17 05:25:00,Short,2651.19,2652.6900000000005,-1.5000000000004547,SL Hit,2652.6900000000005,1,1339.01250000001,25.0,1.6599999999998545,-1.7899999999999636
2024-12-17 06:40:00,2024-12-17 07:20:00,Short,2648.7,2654.43,-11.460000000000036,SL Hit,2654.43,2,1327.55250000001,40.0,5.930000000000291,-2.1299999999996544
2024-12-17 08:30:00,2024-12-17 12:00:00,Short,2642.2,2642.8,-1.2000000000007276,SL Hit,2642.8,2,1326.3525000000093,210.0,7.0300000000002,-6.019999999999982
2024-12-17 12:05:00,2024-12-17 13:50:00,Long,2643.35,2639.262500000001,-4.087499999998727,SL Hit,2639.262500000001,1,1322.2650000000106,105.0,-8.239999999999782,3.200000000000273
2024-12-17 14:00:00,2024-12-17 17:30:00,Short,2638.73,2642.64,-7.819999999999709,SL Hit,2642.64,2,1314.4450000000109,210.0,4.389999999999873,-5.860000000000127
2024-12-17 17:40:00,2024-12-17 20:05:00,Long,2644.165,2644.8,1.2700000000004366,SL Hit,2644.8,2,1315.7150000000113,145.0,-2.0450000000000728,4.6150000000002365
2024-12-17 20:10:00,2024-12-17 23:50:00,Short,2644.87,2646.62,-5.25,SL Hit,2646.62,3,1310.4650000000113,220.0,1.9600000000000364,-1.9699999999998
2024-12-18 00:25:00,2024-12-18 04:00:00,Long,2647.675,2644.4,-6.550000000000182,SL Hit,2644.4,2,1303.915000000011,215.0,-4.075000000000273,3.8049999999998363
2024-12-18 04:40:00,2024-12-18 08:30:00,Short,2644.7133333333336,2646.96,-6.739999999999327,SL Hit,2646.96,3,1297.1750000000118,230.0,4.406666666666297,-2.5033333333335577
2024-12-18 08:35:00,2024-12-18 17:25:00,Short,2644.148,2639.23,24.5900000000006,SL Hit,2639.23,5,1321.7650000000124,530.0,5.11200000000008,-10.968000000000302
2024-12-18 17:35:00,2024-12-18 19:00:00,Long,2639.09,2634.664999999999,-4.425000000001091,SL Hit,2634.664999999999,1,1317.3400000000113,85.0,-13.680000000000291,0.0
2024-12-18 21:45:00,2024-12-18 23:05:00,Short,2587.93,2587.93,0.0,SL Hit,2587.93,1,1317.3400000000113,80.0,1.8099999999999454,-4.849999999999909
2024-12-19 06:00:00,2024-12-19 06:30:00,Short,2606.22,2610.11,-7.780000000000655,SL Hit,2610.11,2,1309.5600000000106,30.0,3.9900000000002365,-3.2099999999995816
2024-12-19 09:45:00,2024-12-19 10:00:00,Long,2619.2,2619.2,0.0,SL Hit,2619.2,1,1309.5600000000106,15.0,-1.4699999999998,2.6100000000001273
2024-12-19 11:55:00,2024-12-19 18:35:00,Short,2604.935,2595.98,17.909999999999854,SL Hit,2595.98,2,1327.4700000000105,400.0,12.885000000000218,-17.924999999999727
2024-12-19 23:50:00,2024-12-20 00:00:00,Short,2593.16,2593.6850000000013,-0.5250000000014552,SL Hit,2593.6850000000013,1,1326.945000000009,10.0,0.9900000000002365,-0.9200000000000728
2024-12-20 00:20:00,2024-12-20 01:10:00,Short,2592.27,2597.2950000000005,-5.025000000000546,SL Hit,2597.2950000000005,1,1321.9200000000085,50.0,6.829999999999927,-3.0700000000001637
2024-12-20 01:35:00,2024-12-20 11:00:00,Long,2602.252,2603.28,5.140000000001237,SL Hit,2603.28,5,1327.0600000000097,565.0,-7.152000000000044,5.237999999999829
2024-12-20 11:05:00,2024-12-20 12:20:00,Short,2603.97,2604.9824999999996,-1.012499999999818,SL Hit,2604.9824999999996,1,1326.04750000001,75.0,1.400000000000091,-4.669999999999618
2024-12-20 13:35:00,2024-12-20 17:35:00,Long,2615.6233333333334,2622.37,20.239999999999327,SL Hit,2622.37,3,1346.2875000000092,240.0,-9.883333333333667,15.306666666666388
2024-12-23 00:45:00,2024-12-23 02:10:00,Short,2620.355,2625.06,-9.409999999999854,SL Hit,2625.06,2,1336.8775000000094,85.0,5.614999999999782,-2.355000000000018
2024-12-23 02:20:00,2024-12-23 09:55:00,Long,2627.1400000000003,2625.99,-5.7500000000027285,SL Hit,2625.99,5,1331.1275000000066,455.0,-4.890000000000327,5.839999999999691
2024-12-23 10:00:00,2024-12-23 13:35:00,Short,2620.66,2618.46,4.399999999999636,SL Hit,2618.46,2,1335.5275000000063,215.0,5.720000000000255,-7.480000000000018
2024-12-23 13:40:00,2024-12-23 15:00:00,Long,2618.3999999999996,2614.02,-8.759999999999309,SL Hit,2614.02,2,1326.767500000007,80.0,-4.999999999999545,1.2400000000002365
2024-12-23 21:00:00,2024-12-23 21:25:00,Short,2610.67,2611.419999999999,-0.7499999999990905,SL Hit,2611.419999999999,1,1326.0175000000079,25.0,1.5,-0.8699999999998909
2024-12-24 01:10:00,2024-12-24 01:20:00,Long,2615.77,2614.9075,-0.8625000000001819,SL Hit,2614.9075,1,1325.1550000000077,10.0,-1.2899999999999636,0.6799999999998363
2024-12-24 01:50:00,2024-12-24 09:10:00,Long,2617.793333333333,2616.38,-4.239999999998872,SL Hit,2616.38,3,1320.9150000000088,440.0,-2.5933333333332484,3.396666666666988
2024-12-24 16:40:00,2024-12-24 16:55:00,Long,2615.8,2615.8,0.0,SL Hit,2615.8,1,1320.9150000000088,15.0,-1.2000000000002728,1.7100000000000364
2024-12-25 23:35:00,2024-12-26 06:00:00,Long,2622.3725,2625.2,11.30999999999949,SL Hit,2625.2,4,1332.2250000000083,385.0,-5.272500000000036,6.407500000000255
2024-12-26 06:55:00,2024-12-26 07:15:00,Short,2625.11,2629.347499999999,-4.237499999998818,Bullish Trade Reversal,2629.347499999999,1,1327.9875000000095,20.0,3.75,-0.010000000000218279
2024-12-26 07:15:00,2024-12-26 13:30:00,Long,2628.313333333333,2624.6,-11.139999999999418,SL Hit,2624.6,3,1316.84750000001,375.0,-4.913333333332957,2.0366666666668607
2024-12-26 13:40:00,2024-12-26 15:00:00,Short,2623.895,2630.35,-12.909999999999854,SL Hit,2630.35,2,1303.9375000000102,80.0,6.8650000000002365,-2.0949999999998
2024-12-26 20:20:00,2024-12-26 20:45:00,Long,2635.94,2634.102499999999,-1.8375000000010004,SL Hit,2634.102499999999,1,1302.1000000000092,25.0,-2.300000000000182,0.19000000000005457
2024-12-27 02:25:00,2024-12-27 02:45:00,Short,2630.31,2630.7225000000003,-0.4125000000003638,SL Hit,2630.7225000000003,1,1301.6875000000089,20.0,1.7200000000002547,-1.3600000000001273
2024-12-27 06:40:00,2024-12-27 08:00:00,Long,2634.095,2631.32,-5.549999999999272,SL Hit,2631.32,2,1296.1375000000096,80.0,-4.274999999999636,3.7150000000001455
2024-12-27 11:30:00,2024-12-27 12:55:00,Long,2625.68,2625.68,0.0,SL Hit,2625.68,1,1296.1375000000096,85.0,-0.34999999999990905,5.730000000000018
2024-12-27 13:15:00,2024-12-27 18:35:00,Short,2620.745,2619.35,2.7899999999999636,SL Hit,2619.35,2,1298.9275000000096,320.0,6.335000000000036,-9.444999999999709
2024-12-27 20:25:00,2024-12-27 21:55:00,Short,2614.005,2621.18,-14.349999999999454,SL Hit,2621.18,2,1284.57750000001,90.0,7.174999999999727,-1.474999999999909
2024-12-30 01:30:00,2024-12-30 04:35:00,Long,2624.48,2622.43,-6.150000000000546,SL Hit,2622.43,3,1278.4275000000096,185.0,-2.1799999999998363,3.4400000000000546
2024-12-30 04:40:00,2024-12-30 04:45:00,Short,2622.52,2622.9325000000003,-0.4125000000003638,SL Hit,2622.9325000000003,1,1278.0150000000092,5.0,0.44000000000005457,-0.9899999999997817
2024-12-30 04:50:00,2024-12-30 05:10:00,Short,2623.23,2623.23,0.0,SL Hit,2623.23,1,1278.0150000000092,20.0,0.15999999999985448,-2.630000000000109
2024-12-30 06:45:00,2024-12-30 06:50:00,Short,2619.65,2619.65,0.0,SL Hit,2619.65,1,1278.0150000000092,5.0,0.19000000000005457,-1.5100000000002183
2024-12-30 11:40:00,2024-12-30 13:55:00,Long,2617.775,2609.28,-16.98999999999978,SL Hit,2609.28,2,1261.0250000000094,135.0,-10.74499999999989,4.565000000000055
2024-12-30 14:10:00,2024-12-30 14:15:00,Short,2611.41,2613.21,-1.800000000000182,SL Hit,2613.21,1,1259.2250000000092,5.0,2.180000000000291,-2.0099999999997635
2024-12-30 14:55:00,2024-12-31 01:25:00,Short,2609.485,2609.28,0.4099999999998545,SL Hit,2609.28,2,1259.635000000009,630.0,2.194999999999709,-13.28500000000031
2024-12-31 04:05:00,2024-12-31 05:10:00,Short,2604.33,2607.2174999999997,-2.887499999999818,SL Hit,2607.2174999999997,1,1256.7475000000093,65.0,3.150000000000091,-0.19000000000005457
2024-12-31 06:00:00,2024-12-31 06:25:00,Short,2604.24,2607.85,-7.220000000000255,SL Hit,2607.85,2,1249.527500000009,25.0,3.6400000000003274,-0.7399999999997817
2024-12-31 06:30:00,2024-12-31 11:25:00,Long,2608.85,2610.7,5.549999999999727,SL Hit,2610.7,3,1255.0775000000087,295.0,-3.549999999999727,8.730000000000018
2024-12-31 11:40:00,2024-12-31 13:25:00,Short,2610.55,2614.525,-3.974999999999909,SL Hit,2614.525,1,1251.1025000000088,105.0,4.029999999999745,-4.970000000000255
2024-12-31 14:45:00,2025-01-02 04:30:00,Long,2626.205,2631.6,21.579999999999927,SL Hit,2631.6,4,1272.6825000000088,2265.0,-13.835000000000036,9.815000000000055
2025-01-02 04:35:00,2025-01-02 04:50:00,Short,2632.6,2632.6,0.0,SL Hit,2632.6,1,1272.6825000000088,15.0,1.180000000000291,-1.5
2025-01-02 05:45:00,2025-01-02 06:00:00,Long,2634.58,2632.517500000001,-2.0624999999990905,SL Hit,2632.517500000001,1,1270.6200000000097,15.0,-2.819999999999709,0.7699999999999818
2025-01-02 08:05:00,2025-01-02 08:20:00,Long,2636.06,2632.6849999999995,-3.3750000000004547,SL Hit,2632.6849999999995,1,1267.2450000000092,15.0,-3.5,0.6900000000000546
2025-01-02 08:35:00,2025-01-02 08:40:00,Short,2633.56,2635.36,-1.800000000000182,SL Hit,2635.36,1,1265.445000000009,5.0,3.1799999999998363,-1.2199999999998
2025-01-02 08:50:00,2025-01-02 13:10:00,Long,2640.3025000000002,2640.31,0.029999999998835847,SL Hit,2640.31,4,1265.4750000000079,260.0,-8.302500000000236,6.037499999999909
2025-01-02 14:00:00,2025-01-03 02:05:00,Long,2650.2920000000004,2656.24,29.739999999997053,SL Hit,2656.24,5,1295.215000000005,725.0,-9.77200000000039,11.597999999999502
2025-01-03 02:10:00,2025-01-03 02:15:00,Short,2659.13,2661.8675000000003,-2.737500000000182,SL Hit,2661.8675000000003,1,1292.4775000000047,5.0,4.319999999999709,-0.4800000000000182
2025-01-03 02:20:00,2025-01-03 07:05:00,Long,2660.72,2656.16,-13.679999999999836,SL Hit,2656.16,3,1278.797500000005,285.0,-5.2599999999997635,4.080000000000382
2025-01-03 16:30:00,2025-01-06 00:55:00,Short,2640.795,2642.25,-5.819999999999709,SL Hit,2642.25,4,1272.9775000000052,3385.0,2.494999999999891,-4.695000000000164
2025-01-06 01:05:00,2025-01-06 02:00:00,Long,2640.98,2640.7174999999993,-0.2625000000007276,SL Hit,2640.7174999999993,1,1272.7150000000045,55.0,-1.1700000000000728,6.0300000000002
2025-01-06 03:45:00,2025-01-06 09:00:00,Short,2633.56,2633.31,0.5,SL Hit,2633.31,2,1273.2150000000045,315.0,7.429999999999836,-8.170000000000073
2025-01-06 11:15:00,2025-01-06 13:25:00,Long,2641.94,2642.07,0.3900000000003274,SL Hit,2642.07,3,1273.6050000000048,130.0,-5.4099999999998545,6.960000000000036
2025-01-06 13:30:00,2025-01-06 16:30:00,Short,2634.67,2639.23,-13.679999999999836,SL Hit,2639.23,3,1259.925000000005,180.0,8.009999999999764,-20.01000000000022
2025-01-06 16:35:00,2025-01-06 17:15:00,Long,2638.09,2638.09,0.0,SL Hit,2638.09,1,1259.925000000005,40.0,-0.3200000000001637,2.9400000000000546
2025-01-06 20:30:00,2025-01-06 20:40:00,Short,2633.98,2634.205,-0.22499999999990905,SL Hit,2634.205,1,1259.700000000005,10.0,0.40000000000009095,-0.6300000000001091
2025-01-07 00:40:00,2025-01-07 01:00:00,Short,2633.2,2635.2249999999995,-2.024999999999636,SL Hit,2635.2249999999995,1,1257.6750000000054,20.0,4.150000000000091,-0.25999999999976353
2025-01-07 01:05:00,2025-01-07 04:45:00,Long,2637.55,2636.91,-1.9200000000009823,SL Hit,2636.91,3,1255.7550000000044,220.0,-2.3900000000003274,3.4600000000000364
2025-01-07 04:50:00,2025-01-07 05:20:00,Short,2638.5,2642.25,-3.75,SL Hit,2642.25,1,1252.0050000000044,30.0,5.510000000000218,-1.3699999999998909
2025-01-07 11:20:00,2025-01-08 02:25:00,Long,2647.758,2646.8,-4.789999999998145,SL Hit,2646.8,5,1247.2150000000063,905.0,-5.697999999999865,16.21199999999999
2025-01-08 02:30:00,2025-01-08 02:45:00,Short,2646.61,2648.972499999999,-2.3624999999988177,SL Hit,2648.972499999999,1,1244.8525000000075,15.0,2.4600000000000364,-1.5100000000002183
2025-01-08 04:45:00,2025-01-08 05:20:00,Short,2645.665,2648.6,-5.869999999999891,SL Hit,2648.6,2,1238.9825000000076,35.0,3.1649999999999636,-1.2649999999998727
2025-01-08 09:15:00,2025-01-08 09:45:00,Long,2653.68,2651.955,-1.724999999999909,SL Hit,2651.955,1,1237.2575000000077,30.0,-1.8799999999996544,1.0100000000002183
2025-01-08 10:40:00,2025-01-08 10:50:00,Long,2654.45,2653.0625,-1.387499999999818,SL Hit,2653.0625,1,1235.8700000000078,10.0,-1.75,0.49000000000023647
2025-01-08 11:10:00,2025-01-08 13:00:00,Short,2651.255,2654.94,-7.369999999999891,SL Hit,2654.94,2,1228.500000000008,110.0,5.065000000000055,-5.474999999999909
2025-01-08 13:35:00,2025-01-08 17:25:00,Long,2663.3633333333332,2662.86,-1.5099999999993088,SL Hit,2662.86,3,1226.9900000000086,230.0,-10.693333333333157,6.396666666666988
2025-01-09 02:20:00,2025-01-09 02:30:00,Short,2657.49,2657.49,0.0,SL Hit,2657.49,1,1226.9900000000086,10.0,0.1000000000003638,-1.0
2025-01-09 02:35:00,2025-01-09 03:00:00,Short,2656.77,2658.72,-1.949999999999818,SL Hit,2658.72,1,1225.0400000000088,25.0,2.2600000000002183,-0.36999999999989086
2025-01-09 03:15:00,2025-01-09 04:30:00,Long,2660.19,2656.4,-7.579999999999927,SL Hit,2656.4,2,1217.460000000009,75.0,-4.039999999999964,1.75
2025-01-09 08:40:00,2025-01-09 16:05:00,Long,2667.6433333333334,2667.76,0.3500000000003638,SL Hit,2667.76,3,1217.8100000000093,445.0,-6.11333333333323,10.206666666666479
2025-01-09 16:10:00,2025-01-10 00:35:00,Short,2669.0566666666664,2670.79,-5.200000000000728,SL Hit,2670.79,3,1212.6100000000085,505.0,3.2533333333335577,-6.266666666666424
2025-01-10 00:40:00,2025-01-10 01:15:00,Long,2670.01,2669.4849999999988,-0.5250000000014552,SL Hit,2669.4849999999988,1,1212.085000000007,35.0,-1.9100000000003092,1.4599999999995816
2025-01-10 01:20:00,2025-01-10 01:40:00,Short,2669.92,2671.9449999999997,-2.024999999999636,Bullish Trade Reversal,2671.9449999999997,1,1210.0600000000074,20.0,1.6799999999998363,-0.5199999999999818
2025-01-10 01:40:00,2025-01-10 12:10:00,Long,2675.436666666667,2678.16,16.339999999997417,SL Hit,2678.16,6,1226.4000000000049,630.0,-5.936666666666952,7.36333333333323
2025-01-10 12:15:00,2025-01-10 14:00:00,Short,2678.38,2682.8,-8.840000000000146,SL Hit,2682.8,2,1217.5600000000047,105.0,7.109999999999673,-14.579999999999927
2025-01-10 14:10:00,2025-01-10 18:25:00,Long,2687.0633333333335,2687.38,0.9499999999998181,SL Hit,2687.38,3,1218.5100000000045,255.0,-5.943333333333612,10.32666666666637
2025-01-10 18:30:00,2025-01-10 20:15:00,Short,2687.71,2688.684999999999,-0.9749999999989996,SL Hit,2688.684999999999,1,1217.5350000000055,105.0,1.099999999999909,-3.230000000000018
2025-01-13 00:10:00,2025-01-13 00:40:00,Long,2692.74,2688.0900000000006,-4.6499999999991815,SL Hit,2688.0900000000006,1,1212.8850000000064,30.0,-5.339999999999691,0.38000000000010914
2025-01-13 04:10:00,2025-01-13 04:25:00,Long,2689.76,2686.6099999999997,-3.1500000000005457,SL Hit,2686.6099999999997,1,1209.7350000000058,15.0,-3.550000000000182,0.33999999999969077
2025-01-13 04:40:00,2025-01-13 06:20:00,Short,2685.38,2690.6,-10.4399999999996,SL Hit,2690.6,2,1199.2950000000062,100.0,5.420000000000073,-1.800000000000182
2025-01-13 06:25:00,2025-01-13 09:25:00,Long,2689.44,2683.96,-16.440000000000055,SL Hit,2683.96,3,1182.8550000000062,180.0,-6.889999999999873,1.7599999999997635
2025-01-13 09:30:00,2025-01-13 20:30:00,Short,2666.06,2660.42,28.199999999999363,SL Hit,2660.42,5,1211.0550000000055,660.0,21.970000000000255,-9.179999999999836
2025-01-14 02:55:00,2025-01-14 03:20:00,Long,2670.78,2668.8674999999994,-1.9125000000008185,SL Hit,2668.8674999999994,1,1209.1425000000047,25.0,-2.2800000000002,1.2799999999997453
2025-01-14 04:25:00,2025-01-14 04:40:00,Short,2669.52,2670.7950000000005,-1.2750000000005457,SL Hit,2670.7950000000005,1,1207.8675000000042,15.0,2.869999999999891,-0.40000000000009095
2025-01-14 04:50:00,2025-01-14 05:35:00,Long,2672.35,2668.38,-7.9399999999996,SL Hit,2668.38,2,1199.9275000000046,45.0,-4.150000000000091,2.7200000000002547
2025-01-14 05:40:00,2025-01-14 08:15:00,Short,2669.3533333333335,2670.6,-3.739999999999327,SL Hit,2670.6,3,1196.1875000000052,155.0,2.2266666666664605,-2.3533333333334667
2025-01-14 09:40:00,2025-01-14 09:50:00,Short,2666.41,2667.5350000000008,-1.1250000000009095,SL Hit,2667.5350000000008,1,1195.0625000000043,10.0,1.8299999999999272,-1.3899999999998727
2025-01-14 10:00:00,2025-01-14 12:20:00,Short,2666.74,2670.715000000001,-3.9750000000012733,SL Hit,2670.715000000001,1,1191.087500000003,140.0,4.680000000000291,-3.1399999999998727
2025-01-14 13:35:00,2025-01-14 13:40:00,Long,2666.99,2645.1275,-21.862499999999727,Bearish Trade Reversal,2645.1275,1,1169.2250000000033,5.0,-5.829999999999927,2.6600000000003092
2025-01-14 13:40:00,2025-01-14 13:45:00,Short,2665.01,2665.6474999999987,-0.6374999999984539,SL Hit,2665.6474999999987,1,1168.5875000000049,5.0,3.369999999999891,-1.9500000000002728
2025-01-14 13:50:00,2025-01-14 16:50:00,Short,2664.505,2673.44,-17.86999999999989,SL Hit,2673.44,2,1150.717500000005,180.0,9.275000000000091,-5.105000000000018
2025-01-14 16:55:00,2025-01-14 17:15:00,Long,2671.99,2668.2775000000006,-3.7124999999991815,SL Hit,2668.2775000000006,1,1147.0050000000058,20.0,-3.7599999999997635,0.830000000000382
2025-01-14 19:20:00,2025-01-15 01:10:00,Long,2674.76,2671.92,-5.680000000000291,SL Hit,2671.92,2,1141.3250000000055,350.0,-2.8600000000001273,3.119999999999891
2025-01-15 01:15:00,2025-01-15 01:20:00,Short,2672.54,2672.765,-0.22499999999990905,SL Hit,2672.765,1,1141.1000000000056,5.0,0.9600000000000364,-0.7699999999999818
2025-01-15 01:45:00,2025-01-15 02:05:00,Short,2671.58,2671.9925000000003,-0.4125000000003638,SL Hit,2671.9925000000003,1,1140.6875000000052,20.0,1.25,-2.380000000000109
2025-01-15 04:15:00,2025-01-15 04:40:00,Long,2675.9,2674.7375,-1.162499999999909,SL Hit,2674.7375,1,1139.5250000000053,25.0,-1.680000000000291,0.5299999999997453
2025-01-15 07:35:00,2025-01-15 07:45:00,Long,2682.14,2681.84,-0.29999999999972715,SL Hit,2681.84,1,1139.2250000000056,10.0,-0.5,1.6900000000000546
2025-01-15 07:50:00,2025-01-15 14:30:00,Long,2685.256666666666,2682.81,-7.339999999998781,SL Hit,2682.81,3,1131.8850000000068,400.0,-4.91666666666606,10.30333333333374
2025-01-15 14:55:00,2025-01-15 16:35:00,Short,2683.0,2684.95,-1.949999999999818,SL Hit,2684.95,1,1129.935000000007,100.0,2.519999999999982,-5.960000000000036
2025-01-15 19:55:00,2025-01-16 03:15:00,Long,2695.6125,2695.33,-1.1300000000010186,SL Hit,2695.33,4,1128.805000000006,440.0,-4.6525000000001455,5.797499999999673
2025-01-16 03:20:00,2025-01-16 07:15:00,Short,2695.943333333333,2697.84,-5.690000000000964,SL Hit,2697.84,3,1123.115000000005,235.0,2.3566666666670244,-5.9433333333331575
2025-01-16 07:20:00,2025-01-16 19:45:00,Long,2711.2175,2714.89,14.68999999999869,SL Hit,2714.89,4,1137.8050000000037,745.0,-15.357500000000073,13.18249999999989
2025-01-16 19:55:00,2025-01-16 20:50:00,Short,2715.04,2716.8025000000007,-1.7625000000007276,SL Hit,2716.8025000000007,1,1136.042500000003,55.0,1.800000000000182,-1.7399999999997817
2025-01-16 21:45:00,2025-01-16 21:50:00,Short,2713.5,2713.5,0.0,SL Hit,2713.5,1,1136.042500000003,5.0,0.5700000000001637,-1.5
2025-01-17 02:20:00,2025-01-17 02:25:00,Long,2715.74,2715.252500000001,-0.48749999999881766,SL Hit,2715.252500000001,1,1135.5550000000042,5.0,-0.7599999999997635,0.8100000000004002
2025-01-17 02:30:00,2025-01-17 02:40:00,Long,2714.97,2714.97,0.0,SL Hit,2714.97,1,1135.5550000000042,10.0,-0.02999999999974534,1.3800000000001091
2025-01-17 02:50:00,2025-01-17 05:20:00,Long,2715.1949999999997,2713.6,-3.1899999999996,SL Hit,2713.6,2,1132.3650000000046,150.0,-1.794999999999618,1.955000000000382
2025-01-17 05:25:00,2025-01-17 14:45:00,Short,2709.175,2711.48,-9.219999999999345,SL Hit,2711.48,4,1123.1450000000052,560.0,5.335000000000036,-5.785000000000309
2025-01-17 16:00:00,2025-01-17 17:05:00,Long,2713.79,2713.5274999999992,-0.2625000000007276,SL Hit,2713.5274999999992,1,1122.8825000000045,65.0,-2.5799999999999272,3.4099999999998545
2025-01-17 21:10:00,2025-01-17 21:25:00,Short,2700.29,2700.8149999999996,-0.5249999999996362,SL Hit,2700.8149999999996,1,1122.3575000000048,15.0,1.2699999999999818,-1.599999999999909
2025-01-20 03:40:00,2025-01-20 07:55:00,Long,2705.815,2703.54,-4.550000000000182,SL Hit,2703.54,2,1117.8075000000047,255.0,-3.9149999999999636,7.755000000000109
2025-01-20 08:05:00,2025-01-20 09:00:00,Short,2704.76,2708.059999999999,-3.2999999999988177,SL Hit,2708.059999999999,1,1114.5075000000058,55.0,3.8899999999998727,-1.2900000000004184
2025-01-20 10:55:00,2025-01-20 11:20:00,Long,2708.48,2707.579999999999,-0.9000000000010004,SL Hit,2707.579999999999,1,1113.6075000000048,25.0,-0.9699999999997999,3.2800000000002
2025-01-20 13:40:00,2025-01-20 14:10:00,Short,2705.67,2709.88,-8.420000000000073,SL Hit,2709.88,2,1105.1875000000048,30.0,4.329999999999927,-3.380000000000109
2025-01-20 14:15:00,2025-01-20 16:10:00,Long,2709.133333333333,2705.8,-9.99999999999909,SL Hit,2705.8,3,1095.1875000000057,115.0,-4.033333333333303,2.0266666666666424
2025-01-20 16:15:00,2025-01-20 16:20:00,Short,2706.56,2706.6725000000006,-0.11250000000063665,SL Hit,2706.6725000000006,1,1095.075000000005,5.0,0.6399999999998727,-2.4200000000000728
2025-01-20 16:25:00,2025-01-20 18:40:00,Short,2706.92,2709.53,-5.220000000000255,SL Hit,2709.53,2,1089.8550000000048,135.0,3.049999999999727,-2.400000000000091
2025-01-20 18:50:00,2025-01-20 19:10:00,Long,2709.79,2708.0275000000006,-1.7624999999993634,SL Hit,2708.0275000000006,1,1088.0925000000054,20.0,-2.730000000000018,0.8899999999998727
2025-01-20 23:55:00,2025-01-21 00:15:00,Long,2710.42,2709.519999999999,-0.9000000000010004,SL Hit,2709.519999999999,1,1087.1925000000044,20.0,-1.2200000000002547,0.8099999999999454
2025-01-21 04:35:00,2025-01-21 06:30:00,Long,2727.19,2724.9,-4.579999999999927,SL Hit,2724.9,2,1082.6125000000045,115.0,-3.5900000000001455,2.019999999999982
2025-01-21 06:45:00,2025-01-21 07:35:00,Short,2725.4300000000003,2729.21,-7.559999999999491,SL Hit,2729.21,2,1075.052500000005,50.0,5.649999999999636,-2.4200000000000728
2025-01-21 08:50:00,2025-01-21 09:00:00,Short,2723.11,2723.11,0.0,SL Hit,2723.11,1,1075.052500000005,10.0,0.4899999999997817,-3.8299999999999272
2025-01-21 11:15:00,2025-01-21 11:25:00,Short,2717.93,2719.58,-1.650000000000091,SL Hit,2719.58,1,1073.402500000005,10.0,2.0900000000001455,-1.3699999999998909
2025-01-21 11:30:00,2025-01-21 11:55:00,Short,2719.8,2724.262499999999,-4.462499999998727,SL Hit,2724.262499999999,1,1068.9400000000062,25.0,4.519999999999982,-1.0
2025-01-21 12:05:00,2025-01-21 20:20:00,Long,2731.5249999999996,2739.82,33.18000000000211,SL Hit,2739.82,4,1102.1200000000083,495.0,-9.084999999999582,14.165000000000418
2025-01-21 20:25:00,2025-01-21 21:40:00,Short,2740.18,2743.517500000001,-3.3375000000010004,SL Hit,2743.517500000001,1,1098.7825000000073,75.0,3.880000000000109,-0.07999999999992724
2025-01-22 03:45:00,2025-01-22 06:15:00,Long,2753.365,2750.56,-5.609999999999673,SL Hit,2750.56,2,1093.1725000000076,150.0,-4.8149999999996,4.975000000000364
2025-01-22 10:45:00,2025-01-22 11:15:00,Long,2760.35,2757.500000000001,-2.8499999999989996,SL Hit,2757.500000000001,1,1090.3225000000086,30.0,-3.1700000000000728,1.1199999999998909
2025-01-22 14:40:00,2025-01-23 06:10:00,Short,2754.411428571428,2753.31,7.709999999997308,SL Hit,2753.31,7,1098.032500000006,930.0,5.648571428571813,-4.941428571428332
2025-01-23 16:00:00,2025-01-23 16:10:00,Long,2745.47,2745.47,0.0,SL Hit,2745.47,1,1098.032500000006,10.0,-1.199999999999818,2.6900000000000546
2025-01-23 16:15:00,2025-01-24 08:15:00,Long,2759.4480000000003,2770.62,55.859999999997854,SL Hit,2770.62,5,1153.8925000000038,960.0,-12.428000000000338,18.611999999999625
2025-01-24 08:35:00,2025-01-24 09:30:00,Short,2770.13,2777.1425,-7.012499999999818,SL Hit,2777.1425,1,1146.880000000004,55.0,7.179999999999836,-0.0
2025-01-24 15:40:00,2025-01-24 15:55:00,Long,2783.43,2777.0924999999997,-6.337500000000091,SL Hit,2777.0924999999997,1,1140.5425000000039,15.0,-7.789999999999964,0.7000000000002728
2025-01-24 19:15:00,2025-01-24 19:30:00,Short,2772.69,2772.69,0.0,SL Hit,2772.69,1,1140.5425000000039,15.0,0.01999999999998181,-1.5900000000001455
2025-01-24 21:20:00,2025-01-24 21:30:00,Short,2770.83,2771.3175,-0.4875000000001819,SL Hit,2771.3175,1,1140.0550000000037,10.0,0.5599999999999454,-0.4699999999997999
2025-01-27 01:35:00,2025-01-27 08:15:00,Short,2759.7799999999997,2754.81,19.8799999999992,SL Hit,2754.81,4,1159.935000000003,400.0,7.370000000000346,-12.179999999999836
2025-01-27 10:05:00,2025-01-27 12:25:00,Long,2763.99,2761.59,-2.399999999999636,SL Hit,2761.59,1,1157.5350000000033,140.0,-3.069999999999709,7.4900000000002365
2025-01-27 14:35:00,2025-01-27 23:25:00,Short,2744.2,2743.62,1.1599999999998545,SL Hit,2743.62,2,1158.6950000000031,530.0,10.680000000000291,-13.039999999999964
2025-01-28 00:50:00,2025-01-28 02:00:00,Long,2744.1499999999996,2739.8,-8.699999999998909,SL Hit,2739.8,2,1149.9950000000042,70.0,-5.229999999999563,0.8100000000004002
2025-01-28 02:10:00,2025-01-28 04:55:00,Short,2739.45,2741.43,-3.9600000000000364,SL Hit,2741.43,2,1146.0350000000042,165.0,2.3600000000001273,-1.6299999999996544
2025-01-28 07:55:00,2025-01-28 09:05:00,Short,2738.435,2742.73,-8.590000000000146,SL Hit,2742.73,2,1137.445000000004,70.0,5.644999999999982,-3.5650000000000546
2025-01-28 21:55:00,2025-01-28 23:05:00,Short,2763.33,2763.5925000000007,-0.2625000000007276,SL Hit,2763.5925000000007,1,1137.1825000000033,70.0,0.5900000000001455,-1.3299999999999272
2025-01-28 23:25:00,2025-01-29 00:35:00,Short,2762.9750000000004,2764.04,-2.1299999999991996,SL Hit,2764.04,2,1135.052500000004,70.0,1.2749999999996362,-1.3750000000004547
2025-01-29 00:40:00,2025-01-29 03:15:00,Long,2764.1566666666663,2762.8,-4.069999999998345,SL Hit,2762.8,3,1130.9825000000058,155.0,-1.7166666666662422,1.6833333333338487
2025-01-29 03:25:00,2025-01-29 08:25:00,Short,2762.2799999999997,2764.09,-3.6200000000008004,SL Hit,2764.09,2,1127.362500000005,300.0,2.1100000000001273,-4.829999999999927
2025-01-29 08:45:00,2025-01-29 09:00:00,Long,2762.65,2762.3874999999994,-0.2625000000007276,SL Hit,2762.3874999999994,1,1127.1000000000042,15.0,-0.49000000000023647,1.7699999999999818
2025-01-29 12:15:00,2025-01-29 13:00:00,Short,2757.16,2757.9475,-0.7875000000003638,SL Hit,2757.9475,1,1126.3125000000039,45.0,1.6000000000003638,-1.7699999999999818
2025-01-29 14:00:00,2025-01-29 15:25:00,Long,2759.01,2752.69,-12.640000000000327,SL Hit,2752.69,2,1113.6725000000035,85.0,-8.870000000000346,1.8099999999999454
2025-01-29 23:05:00,2025-01-30 02:40:00,Long,2760.1366666666668,2758.5,-4.910000000000309,SL Hit,2758.5,3,1108.7625000000032,215.0,-2.3766666666665515,2.2233333333333576
2025-01-30 02:45:00,2025-01-30 02:50:00,Short,2759.65,2759.8,-0.15000000000009095,SL Hit,2759.8,1,1108.6125000000031,5.0,0.5599999999999454,-1.25
2025-01-30 05:45:00,2025-01-30 06:55:00,Short,2759.02,2762.695,-3.675000000000182,SL Hit,2762.695,1,1104.937500000003,70.0,6.9699999999998,-0.2199999999997999
2025-01-30 20:50:00,2025-01-30 21:30:00,Long,2795.96,2787.2975,-8.662499999999909,Bearish Trade Reversal,2787.2975,1,1096.275000000003,40.0,-6.170000000000073,1.8400000000001455
2025-01-30 21:30:00,2025-01-30 21:40:00,Short,2790.76,2792.7474999999995,-1.9874999999992724,SL Hit,2792.7474999999995,1,1094.2875000000038,10.0,2.2099999999995816,-1.5300000000002
2025-01-30 21:45:00,2025-01-31 00:05:00,Short,2790.73,2798.5675000000006,-7.837500000000546,SL Hit,2798.5675000000006,1,1086.4500000000032,140.0,8.440000000000055,-0.0
2025-01-31 04:20:00,2025-01-31 04:45:00,Short,2795.15,2795.7875000000004,-0.6375000000002728,SL Hit,2795.7875000000004,1,1085.812500000003,25.0,1.0499999999997272,-0.2899999999999636
2025-01-31 05:50:00,2025-01-31 07:15:00,Short,2795.09,2796.1025,-1.012499999999818,SL Hit,2796.1025,1,1084.8000000000031,85.0,1.9899999999997817,-3.1100000000001273
2025-01-31 07:25:00,2025-01-31 10:15:00,Long,2797.4466666666667,2792.09,-16.06999999999971,SL Hit,2792.09,3,1068.7300000000034,170.0,-5.576666666666824,3.1133333333332303
2025-01-31 10:20:00,2025-01-31 11:20:00,Short,2793.89,2796.0649999999996,-2.174999999999727,SL Hit,2796.0649999999996,1,1066.5550000000037,60.0,2.3200000000001637,-2.6700000000000728
2025-01-31 13:45:00,2025-01-31 18:15:00,Long,2807.6433333333334,2803.88,-11.289999999999964,SL Hit,2803.88,3,1055.2650000000037,270.0,-5.833333333333485,9.176666666666733
2025-02-02 23:05:00,2025-02-03 05:15:00,Short,2788.0533333333333,2782.59,16.389999999999418,SL Hit,2782.59,3,1071.6550000000032,370.0,13.406666666666752,-15.843333333333248
2025-02-03 05:25:00,2025-02-03 16:55:00,Long,2799.95,2813.4,53.80000000000109,SL Hit,2813.4,4,1125.4550000000042,690.0,-17.83999999999969,29.90000000000009
2025-02-03 17:00:00,2025-02-03 19:15:00,Short,2817.295,2822.09,-9.590000000000146,SL Hit,2822.09,2,1115.865000000004,135.0,5.074999999999818,-3.4549999999999272
2025-02-03 21:50:00,2025-02-04 00:30:00,Short,2814.4,2814.8875000000007,-0.48750000000063665,SL Hit,2814.8875000000007,1,1115.3775000000035,160.0,1.3399999999996908,-3.5
2025-02-04 04:55:00,2025-02-04 08:10:00,Short,2816.045,2813.93,4.230000000000473,SL Hit,2813.93,2,1119.607500000004,195.0,3.5149999999998727,-8.825000000000273
2025-02-04 21:55:00,2025-02-05 00:30:00,Short,2841.56,2843.66,-2.099999999999909,SL Hit,2843.66,1,1117.507500000004,155.0,5.5,-2.3600000000001273
2025-02-05 01:40:00,2025-02-05 01:45:00,Short,2840.62,2840.8825000000006,-0.2625000000007276,SL Hit,2840.8825000000006,1,1117.2450000000033,5.0,2.1700000000000728,-1.2199999999998
2025-02-05 03:25:00,2025-02-05 13:30:00,Long,2859.9375,2864.71,19.090000000000146,SL Hit,2864.71,4,1136.3350000000034,605.0,-8.537499999999909,16.502500000000055
2025-02-05 14:55:00,2025-02-05 16:05:00,Long,2870.43,2869.7550000000006,-0.6749999999992724,SL Hit,2869.7550000000006,1,1135.6600000000042,70.0,-2.0799999999999272,11.580000000000382
2025-02-05 19:10:00,2025-02-05 19:35:00,Short,2864.98,2868.73,-3.75,SL Hit,2868.73,1,1131.9100000000042,25.0,3.75,-0.34999999999990905
2025-02-05 20:00:00,2025-02-05 23:45:00,Short,2862.885,2868.75,-11.729999999999563,SL Hit,2868.75,2,1120.1800000000046,225.0,7.224999999999909,-2.8150000000000546
2025-02-06 06:50:00,2025-02-06 19:45:00,Short,2857.532,2853.33,21.010000000001128,SL Hit,2853.33,5,1141.1900000000057,775.0,12.248000000000047,-22.271999999999935
2025-02-07 05:05:00,2025-02-07 08:15:00,Short,2864.17,2865.79,-4.859999999999673,SL Hit,2865.79,3,1136.330000000006,190.0,2.549999999999727,-5.300000000000182
2025-02-07 08:25:00,2025-02-07 13:00:00,Long,2866.11,2863.63,-4.960000000000036,SL Hit,2863.63,2,1131.370000000006,275.0,-3.099999999999909,4.039999999999964
2025-02-07 13:05:00,2025-02-07 13:40:00,Short,2863.75,2866.9750000000004,-3.225000000000364,SL Hit,2866.9750000000004,1,1128.1450000000057,35.0,4.679999999999836,-9.86999999999989
2025-02-07 13:45:00,2025-02-07 17:30:00,Long,2865.415,2853.88,-23.06999999999971,SL Hit,2853.88,2,1105.075000000006,225.0,-11.724999999999909,20.824999999999818
2025-02-09 22:00:00,2025-02-09 23:00:00,Short,2860.45,2860.45,0.0,SL Hit,2860.45,1,1105.075000000006,60.0,0.6900000000000546,-2.149999999999636
2025-02-09 23:05:00,2025-02-09 23:10:00,Short,2859.6,2873.625000000001,-14.025000000001,Bullish Trade Reversal,2873.625000000001,1,1091.050000000005,5.0,3.7400000000002365,-0.0
2025-02-09 23:10:00,2025-02-10 14:00:00,Long,2880.812857142857,2898.21,121.78000000000156,SL Hit,2898.21,7,1212.8300000000065,890.0,-19.312857142856956,29.24714285714299
2025-02-10 14:10:00,2025-02-10 14:50:00,Short,2897.99,2907.065,-9.075000000000273,SL Hit,2907.065,1,1203.7550000000062,40.0,10.170000000000073,-0.7799999999997453
2025-02-10 15:25:00,2025-02-10 15:30:00,Long,2908.5,2906.3250000000003,-2.174999999999727,SL Hit,2906.3250000000003,1,1201.5800000000065,5.0,-2.449999999999818,1.050000000000182
2025-02-10 15:45:00,2025-02-10 17:30:00,Long,2908.19,2897.052499999999,-11.137500000001182,SL Hit,2897.052499999999,1,1190.4425000000053,105.0,-11.429999999999836,1.9200000000000728
2025-02-10 23:10:00,2025-02-11 07:00:00,Long,2918.6200000000003,2914.9,-11.160000000000764,SL Hit,2914.9,3,1179.2825000000046,470.0,-9.520000000000437,23.55999999999949
2025-02-11 07:10:00,2025-02-11 15:40:00,Short,2905.6066666666666,2903.94,4.999999999999545,SL Hit,2903.94,3,1184.2825000000041,510.0,12.433333333333394,-23.086666666666588
2025-02-11 15:45:00,2025-02-11 19:20:00,Long,2904.77,2903.3,-5.8799999999992,SL Hit,2903.3,4,1178.402500000005,215.0,-6.269999999999982,3.4299999999998363
2025-02-11 19:25:00,2025-02-11 19:40:00,Short,2902.79,2902.79,0.0,SL Hit,2902.79,1,1178.402500000005,15.0,0.36999999999989086,-2.349999999999909
2025-02-12 00:10:00,2025-02-12 06:10:00,Short,2891.6125,2890.27,5.3700000000008,SL Hit,2890.27,4,1183.7725000000057,360.0,6.1875,-7.9025000000001455
2025-02-12 06:30:00,2025-02-12 06:35:00,Long,2888.85,2888.85,0.0,SL Hit,2888.85,1,1183.7725000000057,5.0,-1.1199999999998909,1.5
2025-02-12 06:40:00,2025-02-12 09:45:00,Long,2890.065,2888.08,-3.9700000000002547,SL Hit,2888.08,2,1179.8025000000055,185.0,-3.2649999999998727,5.315000000000055
2025-02-12 09:55:00,2025-02-12 10:20:00,Short,2888.34,2888.415,-0.0749999999998181,SL Hit,2888.415,1,1179.7275000000056,25.0,0.3599999999996726,-2.050000000000182
2025-02-12 10:25:00,2025-02-12 14:05:00,Short,2880.5099999999998,2885.59,-15.240000000001146,SL Hit,2885.59,3,1164.4875000000045,220.0,8.980000000000018,-15.519999999999982
2025-02-13 02:45:00,2025-02-13 08:10:00,Long,2912.635,2912.68,0.08999999999923602,SL Hit,2912.68,2,1164.5775000000037,325.0,-5.785000000000309,9.8149999999996
2025-02-13 08:20:00,2025-02-13 10:40:00,Short,2914.82,2918.04,-6.4399999999996,SL Hit,2918.04,2,1158.1375000000041,140.0,3.3299999999999272,-5.420000000000073
2025-02-13 10:45:00,2025-02-13 10:55:00,Long,2918.01,2917.7099999999987,-0.30000000000154614,SL Hit,2917.7099999999987,1,1157.8375000000026,10.0,-0.9400000000000546,1.2899999999999636
2025-02-13 12:20:00,2025-02-13 12:30:00,Long,2918.12,2917.9700000000003,-0.1499999999996362,SL Hit,2917.9700000000003,1,1157.687500000003,10.0,-1.1199999999998909,1.25
2025-02-13 13:10:00,2025-02-13 18:45:00,Short,2914.6633333333334,2920.66,-17.989999999999327,SL Hit,2920.66,3,1139.6975000000036,335.0,6.026666666666642,-7.653333333333194
2025-02-14 01:15:00,2025-02-14 02:15:00,Long,2932.155,2926.5,-11.3100000000004,SL Hit,2926.5,2,1128.3875000000032,60.0,-6.075000000000273,1.4249999999997272
2025-02-14 02:20:00,2025-02-14 05:45:00,Short,2926.11,2930.01,-7.800000000000182,SL Hit,2930.01,2,1120.587500000003,205.0,4.420000000000073,-2.849999999999909
2025-02-14 05:50:00,2025-02-14 11:45:00,Long,2932.3633333333332,2930.83,-4.599999999999909,SL Hit,2930.83,3,1115.9875000000031,355.0,-3.9633333333331393,7.566666666666606
2025-02-14 11:55:00,2025-02-14 12:25:00,Short,2932.2,2932.5000000000014,-0.30000000000154614,SL Hit,2932.5000000000014,1,1115.6875000000016,30.0,0.6100000000001273,-3.299999999999727
2025-02-14 12:55:00,2025-02-14 13:30:00,Short,2930.83,2931.3549999999996,-0.5249999999996362,SL Hit,2931.3549999999996,1,1115.162500000002,35.0,2.150000000000091,-4.059999999999945
2025-02-14 13:35:00,2025-02-17 01:10:00,Short,2906.922,2887.71,96.05999999999995,SL Hit,2887.71,5,1211.222500000002,3575.0,25.998000000000047,-29.932000000000244
2025-02-17 09:05:00,2025-02-17 09:10:00,Long,2901.78,2901.5174999999995,-0.2625000000007276,SL Hit,2901.5174999999995,1,1210.9600000000012,5.0,-0.9500000000002728,1.3899999999998727
2025-02-17 14:40:00,2025-02-17 15:45:00,Long,2899.32,2898.8324999999995,-0.48750000000063665,SL Hit,2898.8324999999995,1,1210.4725000000005,65.0,-0.6000000000003638,4.199999999999818
2025-02-17 23:20:00,2025-02-17 23:45:00,Short,2897.45,2898.3125,-0.8625000000001819,SL Hit,2898.3125,1,1209.6100000000004,25.0,1.5300000000002,-1.449999999999818
2025-02-18 01:15:00,2025-02-18 02:35:00,Short,2896.5,2900.14,-7.279999999999745,SL Hit,2900.14,2,1202.3300000000006,80.0,5.829999999999927,-4.6599999999998545
2025-02-18 07:55:00,2025-02-18 09:35:00,Short,2911.59,2913.03,-2.880000000000109,SL Hit,2913.03,2,1199.4500000000005,100.0,1.4699999999998,-4.4900000000002365
2025-02-18 09:40:00,2025-02-19 00:00:00,Long,2923.4620000000004,2932.1,43.189999999997326,SL Hit,2932.1,5,1242.6399999999978,860.0,-16.04200000000037,13.317999999999756
2025-02-19 00:05:00,2025-02-19 01:50:00,Short,2932.7,2937.762500000001,-5.062500000001364,SL Hit,2937.762500000001,1,1237.5774999999965,105.0,5.960000000000036,-4.480000000000018
2025-02-19 02:50:00,2025-02-19 05:30:00,Short,2927.16,2930.26,-6.200000000000728,SL Hit,2930.26,2,1231.3774999999957,160.0,3.4400000000000546,-2.4899999999997817
2025-02-19 16:10:00,2025-02-19 19:15:00,Short,2926.535,2929.3,-5.530000000000655,SL Hit,2929.3,2,1225.847499999995,185.0,3.855000000000018,-7.734999999999673
2025-02-19 19:20:00,2025-02-20 10:40:00,Long,2941.44,2950.04,51.599999999999454,SL Hit,2950.04,6,1277.4474999999945,920.0,-12.88000000000011,13.269999999999982
2025-02-20 10:45:00,2025-02-20 15:55:00,Short,2941.79,2939.42,9.479999999999563,SL Hit,2939.42,4,1286.927499999994,310.0,11.320000000000164,-17.440000000000055
2025-02-20 16:00:00,2025-02-20 19:35:00,Long,2939.31,2937.48,-3.6599999999998545,SL Hit,2937.48,2,1283.2674999999942,215.0,-5.809999999999945,7.4099999999998545
2025-02-21 00:30:00,2025-02-21 01:00:00,Short,2937.98,2943.8675000000007,-5.887500000000728,SL Hit,2943.8675000000007,1,1277.3799999999935,30.0,6.019999999999982,-0.7800000000002001
2025-02-21 01:05:00,2025-02-21 01:40:00,Long,2944.645,2937.0,-15.289999999999964,SL Hit,2937.0,2,1262.0899999999936,35.0,-8.675000000000182,4.355000000000018
2025-02-21 02:15:00,2025-02-21 11:10:00,Short,2932.43,2932.61,-0.7200000000011642,SL Hit,2932.61,4,1261.3699999999924,535.0,8.190000000000055,-14.599999999999909
2025-02-21 14:25:00,2025-02-21 14:30:00,Long,2934.5,2933.075,-1.425000000000182,SL Hit,2933.075,1,1259.9449999999922,5.0,-3.1700000000000728,0.8899999999998727
2025-02-21 14:35:00,2025-02-21 15:20:00,Long,2930.46,2923.41,-7.050000000000182,Bearish Trade Reversal,2923.41,1,1252.894999999992,45.0,-5.8400000000001455,8.029999999999745
2025-02-21 15:20:00,2025-02-21 17:15:00,Short,2926.045,2938.49,-24.889999999999418,SL Hit,2938.49,2,1228.0049999999926,115.0,13.465000000000146,-4.2849999999998545
2025-02-21 17:25:00,2025-02-21 19:45:00,Long,2936.7,2936.7,0.0,SL Hit,2936.7,1,1228.0049999999926,140.0,-2.669999999999618,5.850000000000364
2025-02-24 05:45:00,2025-02-24 07:30:00,Short,2938.903333333333,2941.36,-7.3700000000008,SL Hit,2941.36,3,1220.6349999999918,105.0,3.066666666666606,-3.553333333333285
2025-02-24 08:30:00,2025-02-24 08:40:00,Long,2941.33,2939.192500000001,-2.1374999999989086,SL Hit,2939.192500000001,1,1218.497499999993,10.0,-2.900000000000091,0.8600000000001273
2025-02-24 08:45:00,2025-02-24 10:40:00,Long,2943.025,2938.43,-9.19000000000051,SL Hit,2938.43,2,1209.3074999999924,115.0,-5.315000000000055,5.125
2025-02-25 00:30:00,2025-02-25 08:40:00,Short,2945.695,2940.63,20.26000000000022,SL Hit,2940.63,4,1229.5674999999926,490.0,6.464999999999691,-15.865000000000236
2025-02-25 08:50:00,2025-02-25 09:10:00,Long,2939.55,2939.55,0.0,SL Hit,2939.55,1,1229.5674999999926,20.0,-1.6300000000001091,2.6799999999998363
2025-02-25 11:05:00,2025-02-25 14:15:00,Short,2938.92,2941.23,-4.619999999999891,SL Hit,2941.23,2,1224.9474999999927,190.0,2.7100000000000364,-14.950000000000273
2025-02-25 14:20:00,2025-02-25 14:50:00,Long,2941.11,2936.9474999999998,-4.162500000000364,SL Hit,2936.9474999999998,1,1220.7849999999924,30.0,-5.820000000000164,3.5
2025-02-25 23:50:00,2025-02-26 01:55:00,Long,2920.5633333333335,2920.7,0.409999999998945,SL Hit,2920.7,3,1221.1949999999913,125.0,-5.163333333333412,9.32666666666637
2025-02-26 04:25:00,2025-02-26 05:25:00,Short,2914.29,2918.6025000000004,-4.312500000000455,SL Hit,2918.6025000000004,1,1216.8824999999908,60.0,6.5900000000001455,-2.0900000000001455
2025-02-26 09:05:00,2025-02-26 09:15:00,Long,2917.54,2914.6525,-2.887499999999818,SL Hit,2914.6525,1,1213.994999999991,10.0,-2.9299999999998363,0.01999999999998181
2025-02-26 13:45:00,2025-02-26 15:30:00,Short,2910.85,2911.5625,-0.712500000000091,SL Hit,2911.5625,1,1213.282499999991,105.0,1.1300000000001091,-19.9699999999998
2025-02-26 19:25:00,2025-02-27 00:45:00,Long,2916.41,2914.9,-6.039999999999054,SL Hit,2914.9,4,1207.2424999999919,320.0,-4.379999999999654,3.9700000000002547
2025-02-27 00:50:00,2025-02-27 10:30:00,Short,2903.1225000000004,2891.99,44.530000000002474,SL Hit,2891.99,4,1251.7724999999944,580.0,14.737499999999727,-25.892500000000382
2025-02-27 10:35:00,2025-02-27 13:30:00,Long,2889.1099999999997,2883.26,-11.699999999998909,SL Hit,2883.26,2,1240.0724999999954,175.0,-7.179999999999836,5.4200000000005275
2025-02-27 13:35:00,2025-02-27 14:00:00,Short,2884.75,2890.8999999999996,-6.149999999999636,SL Hit,2890.8999999999996,1,1233.9224999999958,25.0,6.570000000000164,-1.3699999999998909
2025-02-27 14:25:00,2025-02-27 14:35:00,Long,2890.35,2886.0000000000005,-4.349999999999454,SL Hit,2886.0000000000005,1,1229.5724999999964,10.0,-7.489999999999782,0.6199999999998909
2025-02-28 00:50:00,2025-02-28 01:50:00,Long,2877.4,2875.75,-1.650000000000091,SL Hit,2875.75,1,1227.9224999999963,60.0,-2.7600000000002183,7.039999999999964
2025-02-28 02:00:00,2025-02-28 02:05:00,Short,2874.98,2874.98,0.0,SL Hit,2874.98,1,1227.9224999999963,5.0,0.32999999999992724,-3.8200000000001637
2025-02-28 12:05:00,2025-02-28 12:35:00,Long,2864.2200000000003,2859.1,-10.240000000000691,SL Hit,2859.1,2,1217.6824999999956,30.0,-5.880000000000109,0.34999999999990905
2025-02-28 13:10:00,2025-02-28 13:15:00,Short,2859.83,2860.7675,-0.9375,SL Hit,2860.7675,1,1216.7449999999956,5.0,1.7400000000002365,-1.5199999999999818
2025-02-28 20:20:00,2025-03-03 03:05:00,Long,2859.3233333333337,2864.12,14.389999999998508,SL Hit,2864.12,3,1231.134999999994,3285.0,-12.123333333333903,15.79666666666617
2025-03-03 03:10:00,2025-03-03 04:40:00,Short,2863.65,2866.724999999999,-3.0749999999989086,SL Hit,2866.724999999999,1,1228.0599999999952,90.0,4.139999999999873,-3.2600000000002183
2025-03-03 07:35:00,2025-03-03 08:45:00,Short,2861.8,2865.91,-8.219999999999345,SL Hit,2865.91,2,1219.8399999999958,70.0,5.1899999999996,-3.100000000000364
2025-03-03 12:15:00,2025-03-03 13:05:00,Long,2874.71,2873.06,-1.650000000000091,SL Hit,2873.06,1,1218.1899999999957,50.0,-4.039999999999964,2.349999999999909
2025-03-03 16:40:00,2025-03-03 17:25:00,Long,2890.62,2888.1450000000004,-2.4749999999994543,SL Hit,2888.1450000000004,1,1215.7149999999963,45.0,-2.8599999999996726,2.1400000000003274
2025-03-03 19:50:00,2025-03-03 20:45:00,Short,2886.88,2886.88,0.0,SL Hit,2886.88,1,1215.7149999999963,55.0,1.2599999999997635,-8.019999999999982
2025-03-04 05:15:00,2025-03-04 05:30:00,Long,2892.52,2891.8450000000007,-0.6749999999992724,SL Hit,2891.8450000000007,1,1215.039999999997,15.0,-1.3200000000001637,1.5
2025-03-04 07:00:00,2025-03-04 07:05:00,Short,2887.53,2889.405,-1.875,SL Hit,2889.405,1,1213.164999999997,5.0,2.0599999999999454,-0.3900000000003274
2025-03-04 11:55:00,2025-03-04 14:35:00,Long,2919.99,2911.0275,-8.962499999999636,SL Hit,2911.0275,1,1204.2024999999974,160.0,-9.069999999999709,7.430000000000291
2025-03-04 14:40:00,2025-03-04 16:50:00,Short,2913.54,2913.54,0.0,SL Hit,2913.54,1,1204.2024999999974,130.0,0.4099999999998545,-12.009999999999764
2025-03-04 20:00:00,2025-03-04 20:40:00,Long,2916.03,2915.2425000000003,-0.787499999999909,SL Hit,2915.2425000000003,1,1203.4149999999975,40.0,-1.8500000000003638,4.109999999999673
2025-03-05 00:10:00,2025-03-05 00:25:00,Short,2914.08,2916.3299999999995,-2.2499999999995453,SL Hit,2916.3299999999995,1,1201.164999999998,15.0,2.5,-0.4899999999997817
2025-03-05 02:40:00,2025-03-05 05:45:00,Short,2908.6966666666667,2912.99,-12.8799999999992,SL Hit,2912.99,3,1188.2849999999987,185.0,6.5933333333332484,-6.446666666666715
2025-03-05 07:55:00,2025-03-05 09:05:00,Short,2917.145,2921.82,-9.350000000000364,SL Hit,2921.82,2,1178.9349999999984,70.0,4.755000000000109,-2.4450000000001637
2025-03-05 09:10:00,2025-03-05 09:15:00,Long,2918.78,2917.9925000000003,-0.787499999999909,SL Hit,2917.9925000000003,1,1178.1474999999984,5.0,-0.9100000000003092,1.1299999999996544
2025-03-05 09:40:00,2025-03-05 15:05:00,Short,2915.66,2919.01,-10.050000000001091,SL Hit,2919.01,3,1168.0974999999974,325.0,5.0900000000001455,-21.059999999999945
2025-03-05 15:10:00,2025-03-05 17:55:00,Long,2922.1549999999997,2914.98,-14.349999999999454,SL Hit,2914.98,2,1153.747499999998,165.0,-8.054999999999836,7.275000000000091
2025-03-05 18:00:00,2025-03-05 19:50:00,Short,2916.315,2919.91,-7.1899999999996,SL Hit,2919.91,2,1146.5574999999983,110.0,3.894999999999982,-3.494999999999891
2025-03-06 01:35:00,2025-03-06 04:35:00,Long,2922.215,2916.0,-12.430000000000291,SL Hit,2916.0,2,1134.127499999998,180.0,-6.2150000000001455,4.1349999999997635
2025-03-06 04:45:00,2025-03-06 05:30:00,Short,2916.41,2917.985,-1.5750000000002728,SL Hit,2917.985,1,1132.5524999999977,45.0,2.8600000000001273,-1.8999999999996362
2025-03-06 06:55:00,2025-03-06 07:20:00,Long,2921.48,2916.5675,-4.912499999999909,SL Hit,2916.5675,1,1127.6399999999978,25.0,-5.320000000000164,0.7800000000002001
2025-03-06 07:35:00,2025-03-06 13:15:00,Short,2907.536666666667,2906.9,1.9100000000003092,SL Hit,2906.9,3,1129.5499999999981,340.0,8.223333333333358,-15.576666666666824
2025-03-06 13:20:00,2025-03-06 18:40:00,Long,2910.6800000000003,2914.52,15.359999999998763,SL Hit,2914.52,4,1144.909999999997,320.0,-9.570000000000164,11.039999999999509
2025-03-06 18:50:00,2025-03-07 05:05:00,Short,2909.0783333333334,2908.84,1.4299999999993815,SL Hit,2908.84,6,1146.3399999999963,615.0,8.091666666666697,-11.698333333333267
2025-03-07 05:10:00,2025-03-07 11:50:00,Long,2913.4300000000003,2917.21,11.339999999999236,SL Hit,2917.21,3,1157.6799999999955,400.0,-5.730000000000473,9.299999999999727
2025-03-07 11:55:00,2025-03-07 12:25:00,Short,2917.8599999999997,2921.76,-7.800000000001091,SL Hit,2921.76,2,1149.8799999999944,30.0,4.250000000000455,-1.0899999999996908
2025-03-07 12:30:00,2025-03-07 12:45:00,Long,2920.78,2920.78,0.0,SL Hit,2920.78,1,1149.8799999999944,15.0,-0.25,1.7899999999999636
2025-03-07 13:35:00,2025-03-07 13:40:00,Short,2918.36,2946.1474999999996,-27.787499999999454,Bullish Trade Reversal,2946.1474999999996,1,1122.092499999995,5.0,7.4099999999998545,-0.5900000000001455
2025-03-07 13:40:00,2025-03-07 14:00:00,Long,2920.41,2911.8225,-8.587499999999636,SL Hit,2911.8225,1,1113.5049999999953,20.0,-15.069999999999709,2.8700000000003456
2025-03-07 18:20:00,2025-03-07 18:30:00,Short,2905.15,2906.4624999999996,-1.3124999999995453,SL Hit,2906.4624999999996,1,1112.1924999999958,10.0,2.6799999999998363,-2.880000000000109
2025-03-07 20:50:00,2025-03-10 01:55:00,Long,2912.005,2912.7,1.389999999999418,SL Hit,2912.7,2,1113.5824999999952,3185.0,-4.8650000000002365,5.914999999999964
2025-03-10 02:05:00,2025-03-10 02:40:00,Short,2913.82,2913.82,0.0,SL Hit,2913.82,1,1113.5824999999952,35.0,0.4899999999997817,-4.150000000000091
2025-03-10 05:25:00,2025-03-10 06:05:00,Short,2907.55,2912.47,-9.839999999999236,SL Hit,2912.47,2,1103.742499999996,40.0,5.079999999999927,-0.5300000000002001
2025-03-10 06:15:00,2025-03-10 07:50:00,Long,2910.2,2907.02,-6.359999999999673,SL Hit,2907.02,2,1097.3824999999963,95.0,-4.449999999999818,4.900000000000091
2025-03-10 07:55:00,2025-03-10 14:10:00,Short,2904.195,2907.87,-14.699999999998909,SL Hit,2907.87,4,1082.6824999999974,375.0,10.815000000000055,-8.115000000000236
2025-03-10 14:15:00,2025-03-10 14:30:00,Long,2907.98,2903.4425,-4.537499999999909,SL Hit,2903.4425,1,1078.1449999999975,15.0,-6.019999999999982,0.8800000000001091
2025-03-10 15:05:00,2025-03-10 16:40:00,Long,2906.1800000000003,2901.28,-9.800000000000182,SL Hit,2901.28,2,1068.3449999999973,95.0,-5.550000000000182,1.8999999999996362
2025-03-10 16:45:00,2025-03-11 01:35:00,Short,2891.4900000000002,2889.82,5.010000000000218,SL Hit,2889.82,3,1073.3549999999975,530.0,9.319999999999709,-12.290000000000418
2025-03-11 01:40:00,2025-03-11 17:25:00,Long,2904.727142857143,2914.2,66.30999999999767,SL Hit,2914.2,7,1139.6649999999952,945.0,-15.537142857142953,16.392857142856883
2025-03-11 17:30:00,2025-03-11 19:15:00,Short,2917.205,2920.01,-5.610000000000582,SL Hit,2920.01,2,1134.0549999999946,105.0,3.0950000000002547,-2.0349999999998545
2025-03-11 19:20:00,2025-03-11 19:55:00,Long,2920.51,2918.5974999999994,-1.9125000000008185,SL Hit,2918.5974999999994,1,1132.1424999999938,35.0,-2.2600000000002183,0.6599999999998545
2025-03-11 22:05:00,2025-03-11 23:05:00,Short,2914.0,2918.9500000000007,-4.950000000000728,SL Hit,2918.9500000000007,1,1127.192499999993,60.0,5.400000000000091,-0.599999999999909
2025-03-12 00:10:00,2025-03-12 00:25:00,Short,2913.85,2914.075,-0.22499999999990905,SL Hit,2914.075,1,1126.9674999999932,15.0,0.5399999999999636,-0.9499999999998181
2025-03-12 01:00:00,2025-03-12 02:30:00,Short,2913.8199999999997,2917.01,-6.380000000001019,SL Hit,2917.01,2,1120.5874999999921,90.0,4.170000000000073,-3.0299999999997453
2025-03-12 02:40:00,2025-03-12 04:20:00,Long,2916.38,2912.705,-3.675000000000182,SL Hit,2912.705,1,1116.912499999992,100.0,-4.2800000000002,2.9899999999997817
2025-03-12 05:55:00,2025-03-12 06:45:00,Long,2917.715,2912.27,-10.890000000000327,SL Hit,2912.27,2,1106.0224999999916,50.0,-5.625,2.894999999999982
2025-03-12 06:50:00,2025-03-12 08:50:00,Short,2913.21,2920.61,-14.800000000000182,SL Hit,2920.61,2,1091.2224999999914,120.0,7.809999999999945,-4.0900000000001455
2025-03-12 08:55:00,2025-03-12 09:35:00,Long,2920.55,2918.224999999999,-2.3250000000011823,SL Hit,2918.224999999999,1,1088.8974999999903,40.0,-3.230000000000018,4.460000000000036
2025-03-12 11:35:00,2025-03-12 12:30:00,Short,2915.2,2918.8375000000005,-3.6375000000007276,SL Hit,2918.8375000000005,1,1085.2599999999895,55.0,7.680000000000291,-3.0099999999997635
2025-03-12 13:20:00,2025-03-12 13:55:00,Short,2909.7,2916.675,-6.975000000000364,SL Hit,2916.675,1,1078.2849999999892,35.0,7.680000000000291,-3.0599999999999454
2025-03-12 19:30:00,2025-03-12 22:45:00,Short,2934.18,2935.755,-1.5750000000002728,SL Hit,2935.755,1,1076.709999999989,195.0,2.980000000000018,-3.4699999999998
2025-03-13 02:20:00,2025-03-13 06:05:00,Long,2940.635,2936.49,-8.290000000000873,SL Hit,2936.49,2,1068.419999999988,225.0,-5.065000000000055,5.8449999999998
2025-03-13 06:10:00,2025-03-13 09:20:00,Short,2935.39,2946.0774999999994,-10.687499999999545,SL Hit,2946.0774999999994,1,1057.7324999999885,190.0,12.090000000000146,-2.3799999999996544
2025-03-13 09:30:00,2025-03-13 10:10:00,Long,2945.9,2945.75,-0.15000000000009095,SL Hit,2945.75,1,1057.5824999999884,40.0,-1.2600000000002183,2.5799999999999272
2025-03-13 12:05:00,2025-03-13 12:25:00,Long,2948.52,2944.0575,-4.462500000000091,SL Hit,2944.0575,1,1053.1199999999883,20.0,-6.329999999999927,0.5799999999999272
2025-03-13 13:50:00,2025-03-14 00:25:00,Long,2971.8133333333335,2984.9,39.25999999999976,SL Hit,2984.9,3,1092.379999999988,635.0,-24.053333333333285,17.25666666666666
2025-03-14 00:30:00,2025-03-14 01:10:00,Short,2985.38,2989.0924999999993,-3.7124999999991815,SL Hit,2989.0924999999993,1,1088.6674999999889,40.0,4.299999999999727,-1.5799999999999272
2025-03-14 01:20:00,2025-03-14 05:25:00,Long,2987.7766666666666,2983.67,-12.319999999999709,SL Hit,2983.67,3,1076.3474999999892,245.0,-6.276666666666642,5.833333333333485
2025-03-14 06:25:00,2025-03-14 06:35:00,Short,2982.7,2983.150000000001,-0.45000000000118234,SL Hit,2983.150000000001,1,1075.897499999988,10.0,0.7600000000002183,-1.5799999999999272
2025-03-14 06:55:00,2025-03-14 07:00:00,Long,2985.21,2985.21,0.0,SL Hit,2985.21,1,1075.897499999988,5.0,-0.9600000000000364,0.7199999999997999
2025-03-14 12:40:00,2025-03-14 13:00:00,Long,2997.825,2993.32,-9.009999999999309,SL Hit,2993.32,2,1066.8874999999887,20.0,-4.8849999999997635,1.4350000000004002
2025-03-14 13:05:00,2025-03-14 13:15:00,Short,2993.36,2993.772499999999,-0.41249999999899956,SL Hit,2993.772499999999,1,1066.4749999999897,10.0,1.6599999999998545,-1.5399999999999636
2025-03-14 13:20:00,2025-03-16 21:05:00,Short,2991.693333333333,2990.12,4.7199999999998,SL Hit,2990.12,3,1071.1949999999895,3345.0,3.986666666666679,-12.553333333333285
2025-03-17 17:35:00,2025-03-17 18:00:00,Long,2998.23,2996.317499999999,-1.9125000000008185,SL Hit,2996.317499999999,1,1069.2824999999887,25.0,-2.0300000000002,1.050000000000182
2025-03-17 18:15:00,2025-03-17 18:20:00,Long,2998.23,2998.23,0.0,SL Hit,2998.23,1,1069.2824999999887,5.0,-0.7300000000000182,1.5900000000001455
2025-03-17 23:30:00,2025-03-18 01:00:00,Long,3001.275,2998.7,-5.150000000000546,SL Hit,2998.7,2,1064.132499999988,90.0,-2.575000000000273,1.824999999999818
2025-03-18 01:40:00,2025-03-18 23:20:00,Long,3020.2599999999998,3031.5,78.68000000000166,SL Hit,3031.5,7,1142.8124999999898,1300.0,-17.759999999999764,17.5300000000002
2025-03-18 23:25:00,2025-03-19 03:10:00,Short,3032.63,3034.86,-4.460000000000036,SL Hit,3034.86,2,1138.3524999999897,225.0,2.4899999999997817,-5.130000000000109
2025-03-19 03:15:00,2025-03-19 08:05:00,Long,3037.02,3034.5,-5.039999999999964,SL Hit,3034.5,2,1133.3124999999898,290.0,-3.6100000000001273,7.940000000000055
2025-03-19 12:40:00,2025-03-19 12:55:00,Long,3039.74,3037.0025000000014,-2.737499999998363,SL Hit,3037.0025000000014,1,1130.5749999999914,15.0,-2.769999999999982,1.2700000000004366
2025-03-19 23:55:00,2025-03-20 02:55:00,Long,3049.94,3045.289999999999,-4.6500000000010004,SL Hit,3045.289999999999,1,1125.9249999999904,180.0,-4.900000000000091,5.650000000000091
2025-03-20 05:45:00,2025-03-20 05:55:00,Short,3046.84,3046.84,0.0,SL Hit,3046.84,1,1125.9249999999904,10.0,0.31999999999970896,-1.8500000000003638
2025-03-20 07:25:00,2025-03-20 07:30:00,Short,3046.12,3047.545,-1.425000000000182,SL Hit,3047.545,1,1124.4999999999902,5.0,1.4400000000000546,-0.75
2025-03-20 07:45:00,2025-03-20 09:20:00,Short,3045.01,3045.01,0.0,SL Hit,3045.01,1,1124.4999999999902,95.0,0.4299999999998363,-6.330000000000382
2025-03-20 16:20:00,2025-03-20 16:30:00,Long,3039.79,3036.077500000001,-3.7124999999991815,SL Hit,3036.077500000001,1,1120.787499999991,10.0,-5.279999999999745,0.21000000000003638
2025-03-20 18:10:00,2025-03-21 01:15:00,Long,3042.67,3041.0,-3.3400000000001455,SL Hit,3041.0,2,1117.447499999991,425.0,-2.0700000000001637,4.529999999999745
2025-03-21 01:20:00,2025-03-21 08:00:00,Short,3036.495,3033.02,6.949999999999818,SL Hit,3033.02,2,1124.3974999999907,400.0,6.835000000000036,-14.654999999999745
2025-03-21 08:20:00,2025-03-21 08:30:00,Short,3028.57,3031.494999999999,-2.9249999999988177,SL Hit,3031.494999999999,1,1121.472499999992,10.0,3.049999999999727,-1.3600000000001273
2025-03-21 11:55:00,2025-03-21 13:20:00,Long,3033.45,3032.925,-0.5249999999996362,SL Hit,3032.925,1,1120.9474999999923,85.0,-2.349999999999909,4.150000000000091
2025-03-21 17:15:00,2025-03-21 17:20:00,Long,3017.45,3015.5,-1.949999999999818,SL Hit,3015.5,1,1118.9974999999924,5.0,-2.369999999999891,0.3400000000001455
2025-03-21 18:25:00,2025-03-24 02:40:00,Long,3020.25,3017.14,-9.330000000000382,SL Hit,3017.14,3,1109.667499999992,3375.0,-4.2800000000002,19.360000000000127
2025-03-24 02:50:00,2025-03-24 05:10:00,Short,3016.5,3022.4625000000005,-5.962500000000546,SL Hit,3022.4625000000005,1,1103.7049999999915,140.0,6.0,-0.8899999999998727
2025-03-24 06:35:00,2025-03-24 13:35:00,Long,3024.3900000000003,3022.1,-9.160000000001673,SL Hit,3022.1,4,1094.5449999999898,420.0,-3.5900000000001455,8.4399999999996
2025-03-24 13:40:00,2025-03-24 13:50:00,Short,3023.62,3023.62,0.0,SL Hit,3023.62,1,1094.5449999999898,10.0,1.2000000000002728,-4.179999999999836
2025-03-24 13:55:00,2025-03-24 20:15:00,Short,3015.995,3007.98,32.05999999999949,SL Hit,3007.98,4,1126.6049999999893,380.0,9.75500000000011,-13.50500000000011
2025-03-24 23:45:00,2025-03-25 00:50:00,Short,3009.855,3012.1,-4.489999999999782,SL Hit,3012.1,2,1122.1149999999895,65.0,4.625,-1.5549999999998363
2025-03-25 02:55:00,2025-03-25 03:10:00,Short,3008.06,3011.697500000001,-3.6375000000011823,SL Hit,3011.697500000001,1,1118.4774999999884,15.0,4.289999999999964,-0.0
2025-03-25 11:10:00,2025-03-25 11:15:00,Long,3023.67,3023.67,0.0,SL Hit,3023.67,1,1118.4774999999884,5.0,-0.36999999999989086,1.150000000000091
2025-03-25 11:25:00,2025-03-25 12:05:00,Long,3025.07,3018.919999999999,-6.1500000000010004,SL Hit,3018.919999999999,1,1112.3274999999874,40.0,-8.559999999999945,1.0599999999999454
2025-03-25 18:20:00,2025-03-25 19:45:00,Short,3019.86,3019.86,0.0,SL Hit,3019.86,1,1112.3274999999874,85.0,0.5199999999999818,-2.050000000000182
2025-03-25 20:00:00,2025-03-25 22:00:00,Short,3019.14,3020.57,-2.860000000000582,SL Hit,3020.57,2,1109.4674999999868,120.0,1.8099999999999454,-0.44000000000005457
2025-03-26 01:15:00,2025-03-26 01:45:00,Short,3018.57,3022.432499999999,-3.8624999999988177,SL Hit,3022.432499999999,1,1105.604999999988,30.0,4.349999999999909,-1.7699999999999818
2025-03-26 07:15:00,2025-03-26 08:50:00,Long,3026.26,3024.1974999999993,-2.0625000000009095,SL Hit,3024.1974999999993,1,1103.542499999987,95.0,-2.230000000000018,5.539999999999964
2025-03-26 18:15:00,2025-03-26 18:35:00,Long,3019.54,3018.9024999999997,-0.6375000000002728,SL Hit,3018.9024999999997,1,1102.9049999999868,20.0,-0.6799999999998363,0.9800000000000182
2025-03-26 20:45:00,2025-03-26 20:50:00,Long,3019.95,3019.95,0.0,SL Hit,3019.95,1,1102.9049999999868,5.0,-0.8799999999996544,0.8400000000001455
2025-03-26 23:10:00,2025-03-26 23:55:00,Short,3019.3,3022.5625,-3.262499999999818,Bullish Trade Reversal,3022.5625,1,1099.642499999987,45.0,2.169999999999618,-1.800000000000182
2025-03-26 23:55:00,2025-03-27 22:15:00,Long,3039.8271428571425,3054.1,99.91000000000213,SL Hit,3054.1,7,1199.552499999989,1340.0,-20.02714285714228,19.202857142857738
2025-03-27 22:20:00,2025-03-28 00:05:00,Short,3054.48,3056.85,-4.739999999999782,SL Hit,3056.85,2,1194.8124999999893,105.0,4.420000000000073,-0.9800000000000182
2025-03-28 05:30:00,2025-03-28 08:20:00,Long,3076.7200000000003,3071.7,-10.040000000000873,SL Hit,3071.7,2,1184.7724999999884,170.0,-5.710000000000036,8.899999999999636
2025-03-28 08:55:00,2025-03-28 11:00:00,Short,3071.315,3075.65,-8.670000000000073,SL Hit,3075.65,2,1176.1024999999884,125.0,4.445000000000164,-3.6649999999999636
2025-03-28 11:10:00,2025-03-28 12:00:00,Long,3075.61,3075.4224999999997,-0.18750000000045475,SL Hit,3075.4224999999997,1,1175.914999999988,50.0,-0.8700000000003456,3.6900000000000546
2025-03-28 13:20:00,2025-03-28 13:25:00,Short,3074.06,3074.6975,-0.6375000000002728,SL Hit,3074.6975,1,1175.2774999999876,5.0,2.7600000000002183,-1.8800000000001091
2025-03-28 14:40:00,2025-03-30 21:05:00,Short,3076.2825,3085.6,-37.27000000000044,SL Hit,3085.6,4,1138.0074999999872,3265.0,23.267500000000382,-8.552499999999782
2025-03-31 02:25:00,2025-03-31 09:45:00,Long,3111.5333333333333,3113.8,6.800000000000637,SL Hit,3113.8,3,1144.8074999999878,440.0,-14.323333333333267,15.03666666666686
2025-03-31 10:00:00,2025-03-31 10:10:00,Short,3114.78,3114.78,0.0,SL Hit,3114.78,1,1144.8074999999878,10.0,0.09999999999990905,-2.3700000000003456
2025-03-31 12:20:00,2025-03-31 13:00:00,Long,3122.1,3120.7125000000005,-1.3874999999993634,SL Hit,3120.7125000000005,1,1143.4199999999885,40.0,-2.75,3.9100000000003092
2025-03-31 15:15:00,2025-03-31 15:20:00,Long,3123.91,3123.685,-0.22499999999990905,SL Hit,3123.685,1,1143.1949999999886,5.0,-0.8899999999998727,1.6600000000003092
2025-03-31 23:10:00,2025-03-31 23:50:00,Long,3125.24,3120.5900000000006,-4.6499999999991815,SL Hit,3120.5900000000006,1,1138.5449999999894,40.0,-5.109999999999673,0.9700000000002547
2025-04-01 05:40:00,2025-04-01 05:50:00,Long,3146.86,3136.884999999999,-9.975000000001273,SL Hit,3136.884999999999,1,1128.569999999988,10.0,-13.019999999999982,0.40000000000009095
2025-04-01 12:00:00,2025-04-01 12:05:00,Short,3129.59,3130.9775,-1.387499999999818,SL Hit,3130.9775,1,1127.1824999999883,5.0,2.230000000000018,-1.5599999999999454
2025-04-01 20:00:00,2025-04-01 20:55:00,Long,3118.39,3113.1775000000002,-5.212499999999636,Bearish Trade Reversal,3113.1775000000002,1,1121.9699999999887,55.0,-5.190000000000055,1.9900000000002365
2025-04-01 20:55:00,2025-04-02 00:25:00,Short,3113.785,3120.38,-13.19000000000051,SL Hit,3120.38,2,1108.7799999999881,210.0,7.394999999999982,-6.024999999999636
2025-04-02 07:45:00,2025-04-02 10:25:00,Long,3124.3033333333333,3127.01,8.1200000000008,SL Hit,3127.01,3,1116.899999999989,160.0,-5.063333333333503,9.226666666666915
2025-04-02 13:55:00,2025-04-02 16:05:00,Short,3122.5266666666666,3128.96,-19.300000000000182,SL Hit,3128.96,3,1097.5999999999888,130.0,6.753333333333558,-4.8066666666668425
2025-04-02 17:05:00,2025-04-02 17:10:00,Long,3128.87,3128.87,0.0,SL Hit,3128.87,1,1097.5999999999888,5.0,-0.1999999999998181,1.6100000000001273
2025-04-02 17:20:00,2025-04-02 17:35:00,Long,3127.47,3121.3950000000004,-6.074999999999363,SL Hit,3121.3950000000004,1,1091.5249999999894,15.0,-6.289999999999964,1.2699999999999818
2025-04-02 17:40:00,2025-04-02 20:25:00,Short,3120.73,3127.14,-12.819999999999709,SL Hit,3127.14,2,1078.7049999999897,165.0,11.360000000000127,-16.980000000000018
2025-04-02 20:30:00,2025-04-03 04:45:00,Long,3144.2425,3141.99,-9.010000000000218,SL Hit,3141.99,4,1069.6949999999895,495.0,-21.482499999999618,22.427500000000236
2025-04-03 10:15:00,2025-04-03 14:25:00,Short,3119.78,3119.78,0.0,SL Hit,3119.78,1,1069.6949999999895,250.0,5.480000000000018,-64.32000000000016
2025-04-03 14:55:00,2025-04-03 15:10:00,Long,3131.9,3116.224999999999,-15.675000000001091,SL Hit,3116.224999999999,1,1054.0199999999884,15.0,-20.320000000000164,0.0
2025-04-03 17:35:00,2025-04-03 18:55:00,Short,3104.715,3109.7,-9.969999999999345,SL Hit,3109.7,2,1044.049999999989,80.0,6.585000000000036,-2.8150000000000546
2025-04-03 19:25:00,2025-04-03 19:55:00,Long,3109.12,3100.5700000000006,-8.549999999999272,Bearish Trade Reversal,3100.5700000000006,1,1035.4999999999898,30.0,-7.329999999999927,0.5
2025-04-03 19:55:00,2025-04-03 20:35:00,Short,3106.45,3112.63,-12.360000000000582,SL Hit,3112.63,2,1023.1399999999892,40.0,7.010000000000218,-1.5299999999997453
2025-04-03 23:55:00,2025-04-04 00:25:00,Long,3112.82,3109.76,-6.119999999999891,SL Hit,3109.76,2,1017.0199999999893,30.0,-3.580000000000382,2.3099999999999454
2025-04-04 12:45:00,2025-04-04 19:45:00,Short,3054.665,3035.43,38.470000000000255,SL Hit,3035.43,2,1055.4899999999895,420.0,33.89499999999998,-37.98500000000013
2025-04-06 22:05:00,2025-04-06 22:10:00,Short,3024.54,3024.54,0.0,SL Hit,3024.54,1,1055.4899999999895,5.0,4.019999999999982,-20.829999999999927
2025-04-06 22:15:00,2025-04-07 01:35:00,Short,3030.09,3030.09,0.0,SL Hit,3030.09,1,1055.4899999999895,200.0,7.289999999999964,-56.98000000000002
2025-04-07 02:00:00,2025-04-07 02:30:00,Long,3037.26,3033.1724999999997,-4.087500000000546,SL Hit,3033.1724999999997,1,1051.402499999989,30.0,-4.170000000000073,16.59999999999991
2025-04-07 06:30:00,2025-04-07 08:50:00,Short,3020.44,3033.0774999999994,-12.637499999999363,SL Hit,3033.0774999999994,1,1038.7649999999896,140.0,13.9699999999998,-6.610000000000127
2025-04-07 10:40:00,2025-04-07 12:00:00,Long,3033.23,3029.63,-3.599999999999909,SL Hit,3029.63,1,1035.1649999999897,80.0,-6.019999999999982,12.059999999999945
2025-04-07 14:20:00,2025-04-07 14:35:00,Long,3018.33,3002.6,-31.460000000000036,SL Hit,3002.6,2,1003.7049999999897,15.0,-19.460000000000036,10.599999999999909
2025-04-07 14:50:00,2025-04-07 19:30:00,Short,2991.263333333334,2976.24,45.07000000000198,SL Hit,2976.24,3,1048.7749999999917,280.0,13.396666666666079,-33.90333333333365
2025-04-07 19:55:00,2025-04-07 20:00:00,Long,2975.56,2973.535,-2.025000000000091,SL Hit,2973.535,1,1046.7499999999916,5.0,-5.349999999999909,1.9099999999998545
2025-04-07 23:25:00,2025-04-08 00:25:00,Short,2980.8599999999997,2988.09,-14.460000000000946,SL Hit,2988.09,2,1032.2899999999906,60.0,7.860000000000127,-2.8599999999996726
2025-04-08 00:55:00,2025-04-08 04:30:00,Long,2989.5299999999997,2994.0,8.94000000000051,SL Hit,2994.0,2,1041.2299999999912,215.0,-5.619999999999891,14.820000000000164
2025-04-08 04:40:00,2025-04-08 04:55:00,Short,2994.5,3002.1499999999996,-7.649999999999636,SL Hit,3002.1499999999996,1,1033.5799999999915,15.0,8.25,-2.5900000000001455
2025-04-08 05:20:00,2025-04-08 15:10:00,Long,3004.1275,3002.67,-5.829999999999927,SL Hit,3002.67,4,1027.7499999999916,590.0,-8.757500000000164,17.772500000000036
2025-04-08 15:15:00,2025-04-09 01:25:00,Short,2983.61,2986.42,-11.239999999999782,SL Hit,2986.42,4,1016.5099999999918,610.0,27.86999999999989,-13.690000000000055
2025-04-09 04:30:00,2025-04-09 10:15:00,Long,3024.88,3039.75,74.34999999999945,SL Hit,3039.75,5,1090.8599999999913,345.0,-19.460000000000036,25.769999999999982
2025-04-09 10:25:00,2025-04-09 11:05:00,Short,3039.93,3045.1800000000003,-5.250000000000455,SL Hit,3045.1800000000003,1,1085.6099999999908,40.0,5.5300000000002,-3.099999999999909
2025-04-09 14:10:00,2025-04-09 15:00:00,Long,3074.08,3068.192500000001,-5.887499999998909,SL Hit,3068.192500000001,1,1079.722499999992,50.0,-7.869999999999891,9.690000000000055
2025-04-09 15:45:00,2025-04-09 17:25:00,Long,3081.54,3066.21,-30.659999999999854,SL Hit,3066.21,2,1049.062499999992,100.0,-20.90000000000009,16.480000000000018
2025-04-09 17:35:00,2025-04-09 17:45:00,Short,3068.59,3068.59,0.0,SL Hit,3068.59,1,1049.062499999992,10.0,4.730000000000018,-14.070000000000164
2025-04-09 17:50:00,2025-04-09 19:40:00,Short,3066.465,3098.02,-63.10999999999967,SL Hit,3098.02,2,985.9524999999924,110.0,31.71499999999969,-15.845000000000255
2025-04-09 19:50:00,2025-04-09 20:35:00,Long,3089.75,3083.7124999999996,-6.037500000000364,SL Hit,3083.7124999999996,1,979.914999999992,45.0,-9.230000000000018,5.050000000000182
2025-04-10 08:35:00,2025-04-10 09:55:00,Short,3106.98,3114.9675000000007,-7.987500000000637,SL Hit,3114.9675000000007,1,971.9274999999914,80.0,9.650000000000091,-3.1599999999998545
2025-04-10 11:50:00,2025-04-10 13:55:00,Long,3123.876666666667,3116.78,-21.29000000000042,SL Hit,3116.78,3,950.637499999991,125.0,-7.66666666666697,11.633333333333212
2025-04-10 14:05:00,2025-04-10 17:05:00,Long,3147.616666666667,3154.67,21.159999999999854,SL Hit,3154.67,3,971.7974999999908,180.0,-12.316666666666606,26.73333333333312
2025-04-10 18:55:00,2025-04-11 10:45:00,Long,3190.5780000000004,3212.94,111.80999999999813,SL Hit,3212.94,5,1083.607499999989,950.0,-22.528000000000247,44.65199999999959
2025-04-11 10:50:00,2025-04-11 13:10:00,Short,3213.16,3235.23,-44.14000000000033,SL Hit,3235.23,2,1039.4674999999886,140.0,23.050000000000182,-3.0799999999999272
2025-04-11 13:15:00,2025-04-13 22:00:00,Long,3232.6225000000004,3227.05,-22.290000000000873,SL Hit,3227.05,4,1017.1774999999877,3405.0,-22.02250000000049,11.927499999999782
2025-04-14 05:00:00,2025-04-14 05:10:00,Short,3226.91,3226.91,0.0,SL Hit,3226.91,1,1017.1774999999877,10.0,0.42000000000007276,-2.8599999999996726
2025-04-14 06:00:00,2025-04-14 08:05:00,Long,3233.115,3221.49,-23.25,SL Hit,3221.49,2,993.9274999999877,125.0,-14.324999999999818,3.875
2025-04-14 12:45:00,2025-04-14 17:35:00,Short,3208.6200000000003,3215.2,-19.739999999998417,SL Hit,3215.2,3,974.1874999999893,290.0,7.349999999999454,-14.0300000000002
2025-04-14 22:40:00,2025-04-14 23:00:00,Long,3214.18,3211.1800000000007,-2.9999999999990905,SL Hit,3211.1800000000007,1,971.1874999999902,20.0,-4.579999999999927,0.7800000000002001
2025-04-15 01:10:00,2025-04-15 07:15:00,Long,3220.575,3221.02,0.8900000000003274,SL Hit,3221.02,2,972.0774999999906,365.0,-7.664999999999964,11.664999999999964
2025-04-15 07:20:00,2025-04-15 08:10:00,Short,3221.785,3228.41,-13.25,SL Hit,3228.41,2,958.8274999999906,50.0,8.78500000000031,-4.0349999999998545
2025-04-15 10:55:00,2025-04-15 11:00:00,Short,3222.21,3222.7349999999997,-0.5249999999996362,SL Hit,3222.7349999999997,1,958.3024999999909,5.0,1.1399999999998727,-2.519999999999982
2025-04-15 11:05:00,2025-04-15 12:10:00,Short,3223.55,3223.55,0.0,SL Hit,3223.55,1,958.3024999999909,65.0,0.1499999999996362,-6.400000000000091
2025-04-15 12:15:00,2025-04-15 13:05:00,Short,3221.355,3225.44,-8.170000000000073,SL Hit,3225.44,2,950.1324999999908,50.0,4.855000000000018,-7.184999999999945
2025-04-15 13:10:00,2025-04-15 13:50:00,Long,3224.24,3214.17,-20.139999999999418,SL Hit,3214.17,2,929.9924999999914,40.0,-12.36999999999989,0.7300000000000182
2025-04-15 19:20:00,2025-04-16 11:05:00,Long,3270.0488888888885,3300.0,269.56000000000313,SL Hit,3300.0,9,1199.5524999999946,945.0,-44.74888888888836,46.37111111111153
2025-04-16 11:20:00,2025-04-16 11:30:00,Short,3299.19,3299.5649999999996,-0.37499999999954525,SL Hit,3299.5649999999996,1,1199.177499999995,10.0,0.4299999999998363,-5.650000000000091
2025-04-17 00:00:00,2025-04-17 00:30:00,Short,3349.87,3349.87,0.0,SL Hit,3349.87,1,1199.177499999995,30.0,0.6100000000001273,-6.170000000000073
2025-04-17 00:40:00,2025-04-17 00:50:00,Short,3347.48,3347.48,0.0,SL Hit,3347.48,1,1199.177499999995,10.0,0.15999999999985448,-4.75
2025-04-17 01:15:00,2025-04-17 10:25:00,Short,3334.682,3325.87,44.05999999999949,SL Hit,3325.87,5,1243.2374999999945,550.0,20.64800000000014,-21.721999999999753
2025-04-17 10:30:00,2025-04-17 13:20:00,Long,3326.64,3322.39,-12.75,SL Hit,3322.39,3,1230.4874999999945,170.0,-4.7199999999998,11.510000000000218
2025-04-17 13:30:00,2025-04-17 13:40:00,Short,3321.89,3330.6274999999996,-8.737499999999727,SL Hit,3330.6274999999996,1,1221.7499999999948,10.0,9.13000000000011,-1.2199999999998
2025-04-22 05:30:00,2025-04-22 05:40:00,Short,3479.36,3484.0099999999993,-4.6499999999991815,SL Hit,3484.0099999999993,1,1217.0999999999956,10.0,8.269999999999982,-5.220000000000255
2025-04-22 06:00:00,2025-04-22 07:05:00,Long,3493.82,3474.14,-39.36000000000058,SL Hit,3474.14,2,1177.739999999995,65.0,-22.700000000000273,5.629999999999654
2025-04-22 08:35:00,2025-04-22 10:05:00,Short,3462.24,3465.727500000001,-3.4875000000010914,SL Hit,3465.727500000001,1,1174.252499999994,90.0,5.5600000000004,-19.149999999999636
2025-04-22 12:40:00,2025-04-23 00:25:00,Short,3390.425714285714,3348.94,290.3999999999983,SL Hit,3348.94,7,1464.6524999999922,705.0,60.38428571428585,-72.48571428571404
2025-04-23 03:15:00,2025-04-23 16:35:00,Short,3314.362,3295.53,94.1599999999994,SL Hit,3295.53,5,1558.8124999999916,800.0,34.55799999999999,-58.202000000000226
2025-04-23 22:05:00,2025-04-24 06:00:00,Long,3313.69,3321.46,23.309999999999945,SL Hit,3321.46,3,1582.1224999999915,475.0,-8.690000000000055,51.73000000000002
2025-04-24 06:05:00,2025-04-24 06:10:00,Short,3325.22,3326.045000000001,-0.8250000000011823,SL Hit,3326.045000000001,1,1581.2974999999904,5.0,1.9100000000003092,-2.949999999999818
2025-04-24 08:55:00,2025-04-24 09:45:00,Long,3338.1,3328.2374999999993,-9.862500000000637,SL Hit,3328.2374999999993,1,1571.4349999999897,50.0,-12.170000000000073,2.9600000000000364
2025-04-24 12:40:00,2025-04-24 13:25:00,Long,3343.42,3321.4825000000005,-21.937499999999545,Bearish Trade Reversal,3321.4825000000005,1,1549.4974999999902,45.0,-17.38000000000011,0.0
2025-04-24 13:25:00,2025-04-24 17:15:00,Short,3330.06,3335.05,-9.980000000000473,SL Hit,3335.05,2,1539.5174999999897,230.0,6.510000000000218,-22.710000000000036
2025-04-24 17:25:00,2025-04-24 22:10:00,Long,3341.5499999999997,3338.2,-10.049999999999727,SL Hit,3338.2,3,1529.46749999999,285.0,-27.84999999999991,13.230000000000473
2025-04-24 22:15:00,2025-04-24 22:20:00,Long,3313.7,3313.7,0.0,Bearish Trade Reversal,3313.7,1,1529.46749999999,5.0,0.0,41.5300000000002
2025-04-24 22:20:00,2025-04-24 22:25:00,Short,3353.64,3359.6025000000004,-5.962500000000546,SL Hit,3359.6025000000004,1,1523.5049999999894,5.0,9.63000000000011,-5.039999999999964
2025-04-25 01:15:00,2025-04-25 01:50:00,Long,3354.97,3342.9700000000003,-11.999999999999545,Bearish Trade Reversal,3342.9700000000003,1,1511.5049999999899,35.0,-11.259999999999764,0.8800000000001091
2025-04-25 01:50:00,2025-04-25 16:55:00,Short,3308.428888888889,3285.95,202.31000000000358,SL Hit,3285.95,9,1713.8149999999935,905.0,44.40111111111082,-42.548888888888996
2025-04-25 17:00:00,2025-04-28 01:45:00,Long,3294.1166666666663,3288.01,-18.319999999998345,SL Hit,3288.01,3,1695.4949999999951,3405.0,-11.926666666666279,36.833333333333485
2025-04-28 01:55:00,2025-04-28 11:05:00,Short,3283.7566666666667,3293.65,-29.68000000000029,SL Hit,3293.65,3,1665.8149999999948,550.0,10.02333333333354,-12.936666666666497
2025-04-28 11:10:00,2025-04-28 20:40:00,Long,3323.91,3345.44,86.1200000000008,SL Hit,3345.44,4,1751.9349999999956,570.0,-38.59999999999991,28.7800000000002
2025-04-28 22:15:00,2025-04-29 00:30:00,Long,3338.0550000000003,3331.4,-13.3100000000004,SL Hit,3331.4,2,1738.6249999999952,135.0,-6.745000000000346,4.024999999999636
2025-04-29 00:35:00,2025-04-29 06:25:00,Short,3323.9233333333336,3317.63,18.880000000000564,SL Hit,3317.63,3,1757.5049999999958,350.0,14.29666666666617,-18.62333333333345
2025-04-29 08:05:00,2025-04-29 08:40:00,Long,3320.61,3316.3724999999995,-4.237500000000637,SL Hit,3316.3724999999995,1,1753.2674999999952,35.0,-5.5,1.6599999999998545
2025-04-29 09:05:00,2025-04-29 09:20:00,Short,3314.4,3314.4,0.0,SL Hit,3314.4,1,1753.2674999999952,15.0,0.08999999999969077,-5.460000000000036
2025-04-29 12:15:00,2025-04-29 12:25:00,Short,3309.88,3309.88,0.0,SL Hit,3309.88,1,1753.2674999999952,10.0,0.5299999999997453,-7.349999999999909
2025-04-29 13:20:00,2025-04-29 13:45:00,Long,3316.65,3304.8374999999996,-11.812500000000455,SL Hit,3304.8374999999996,1,1741.4549999999947,25.0,-13.829999999999927,4.279999999999745
2025-04-29 13:55:00,2025-04-29 14:00:00,Short,3307.33,3307.33,0.0,SL Hit,3307.33,1,1741.4549999999947,5.0,1.7000000000002728,-3.0599999999999454
2025-04-29 20:50:00,2025-04-29 22:05:00,Short,3318.97,3320.507500000001,-1.5375000000012733,SL Hit,3320.507500000001,1,1739.9174999999934,75.0,3.730000000000018,-3.869999999999891
2025-04-30 00:10:00,2025-04-30 00:15:00,Long,3322.92,3322.5074999999997,-0.4125000000003638,SL Hit,3322.5074999999997,1,1739.504999999993,5.0,-1.8400000000001455,4.329999999999927
2025-04-30 00:50:00,2025-04-30 07:40:00,Short,3310.6749999999997,3313.89,-12.860000000000582,SL Hit,3313.89,4,1726.6449999999925,410.0,11.315000000000055,-9.404999999999745
2025-04-30 07:50:00,2025-04-30 08:05:00,Long,3311.47,3303.06,-16.81999999999971,SL Hit,3303.06,2,1709.8249999999928,15.0,-10.11999999999989,1.2900000000004184
2025-04-30 09:25:00,2025-04-30 09:30:00,Short,3281.42,3284.4575,-3.037499999999909,SL Hit,3284.4575,1,1706.7874999999929,5.0,3.1399999999998727,-0.7200000000002547
2025-04-30 12:10:00,2025-04-30 12:15:00,Short,3274.99,3283.090000000001,-8.100000000001273,SL Hit,3283.090000000001,1,1698.6874999999916,5.0,10.140000000000327,-0.0
2025-04-30 19:25:00,2025-04-30 19:30:00,Short,3299.92,3300.5199999999995,-0.5999999999994543,SL Hit,3300.5199999999995,1,1698.0874999999921,5.0,0.849999999999909,-1.9700000000002547
2025-05-01 00:10:00,2025-05-01 12:40:00,Short,3237.466,3226.83,53.179999999999836,SL Hit,3226.83,5,1751.267499999992,750.0,38.46399999999994,-35.05600000000004
2025-05-01 12:45:00,2025-05-01 15:25:00,Long,3223.853333333333,3214.26,-28.77999999999838,SL Hit,3214.26,3,1722.4874999999936,160.0,-10.403333333333194,8.146666666666988
2025-05-01 15:30:00,2025-05-01 15:55:00,Short,3213.96,3216.3599999999997,-2.399999999999636,SL Hit,3216.3599999999997,1,1720.087499999994,25.0,3.5900000000001455,-9.240000000000236
2025-05-02 00:20:00,2025-05-02 00:45:00,Long,3239.73,3234.51,-10.4399999999996,SL Hit,3234.51,2,1709.6474999999944,25.0,-9.429999999999836,4.0900000000001455
2025-05-02 09:15:00,2025-05-02 12:25:00,Long,3264.23,3257.38,-13.699999999999818,SL Hit,3257.38,2,1695.9474999999945,190.0,-7.619999999999891,4.2800000000002
2025-05-02 12:30:00,2025-05-02 12:35:00,Short,3258.48,3258.48,0.0,SL Hit,3258.48,1,1695.9474999999945,5.0,0.7199999999997999,-8.019999999999982
2025-05-02 12:40:00,2025-05-02 20:20:00,Short,3239.7999999999997,3239.4,1.1999999999989086,SL Hit,3239.4,3,1697.1474999999934,460.0,23.850000000000364,-17.079999999999927
2025-05-02 20:25:00,2025-05-05 03:10:00,Long,3257.28,3260.05,11.079999999999927,SL Hit,3260.05,4,1708.2274999999934,3285.0,-19.7800000000002,14.539999999999964
2025-05-05 03:15:00,2025-05-05 06:35:00,Short,3258.4933333333333,3261.53,-9.110000000000582,SL Hit,3261.53,3,1699.1174999999928,200.0,3.116666666666788,-5.603333333333467
2025-05-05 06:40:00,2025-05-05 07:05:00,Long,3261.11,3259.422499999999,-1.6875000000009095,SL Hit,3259.422499999999,1,1697.4299999999919,25.0,-2.3900000000003274,3.900000000000091
2025-05-05 07:30:00,2025-05-05 14:00:00,Long,3290.165,3311.01,41.69000000000051,SL Hit,3311.01,2,1739.1199999999924,390.0,-30.36499999999978,31.9050000000002
2025-05-05 14:05:00,2025-05-05 17:55:00,Short,3313.9900000000002,3317.07,-9.239999999999782,SL Hit,3317.07,3,1729.8799999999926,230.0,13.399999999999636,-7.880000000000109
2025-05-05 18:00:00,2025-05-06 00:20:00,Long,3324.355,3327.38,6.050000000000182,SL Hit,3327.38,2,1735.9299999999928,380.0,-10.425000000000182,12.664999999999964
2025-05-06 05:30:00,2025-05-06 06:15:00,Short,3355.395,3365.42,-20.050000000000182,SL Hit,3365.42,2,1715.8799999999926,45.0,12.164999999999964,-4.7150000000001455
2025-05-06 06:25:00,2025-05-06 11:35:00,Long,3373.3599999999997,3376.56,16.000000000001364,SL Hit,3376.56,5,1731.879999999994,310.0,-12.649999999999636,10.860000000000127
2025-05-06 11:40:00,2025-05-06 11:45:00,Short,3375.71,3375.71,0.0,SL Hit,3375.71,1,1731.879999999994,5.0,1.6700000000000728,-1.7600000000002183
2025-05-06 11:50:00,2025-05-06 12:35:00,Short,3375.645,3384.22,-17.149999999999636,SL Hit,3384.22,2,1714.7299999999943,45.0,11.9050000000002,-2.2849999999998545
2025-05-06 15:40:00,2025-05-06 22:05:00,Long,3411.726666666667,3411.6,-0.38000000000101863,SL Hit,3411.6,3,1714.3499999999933,385.0,-18.376666666667006,22.443333333333157
2025-05-06 22:15:00,2025-05-07 05:20:00,Short,3389.945999999999,3386.77,15.879999999995107,SL Hit,3386.77,5,1730.2299999999884,425.0,24.07400000000098,-29.825999999999112
2025-05-07 05:25:00,2025-05-07 08:50:00,Long,3386.9849999999997,3378.81,-16.349999999999454,SL Hit,3378.81,2,1713.879999999989,205.0,-8.644999999999527,10.03500000000031
2025-05-07 08:55:00,2025-05-07 10:15:00,Short,3381.62,3387.8825,-6.262500000000273,SL Hit,3387.8825,1,1707.6174999999887,80.0,7.320000000000164,-12.239999999999782
2025-05-07 13:25:00,2025-05-07 13:35:00,Short,3384.88,3388.705,-3.824999999999818,SL Hit,3388.705,1,1703.7924999999889,10.0,7.2199999999998,-2.980000000000018
2025-05-07 14:25:00,2025-05-07 18:00:00,Short,3384.8799999999997,3389.52,-13.920000000000982,SL Hit,3389.52,3,1689.872499999988,215.0,7.7800000000002,-4.989999999999782
2025-05-07 18:50:00,2025-05-07 23:25:00,Short,3375.925,3373.24,5.3700000000008,SL Hit,3373.24,2,1695.2424999999887,275.0,10.355000000000018,-12.205000000000382
2025-05-07 23:35:00,2025-05-08 05:50:00,Long,3372.8,3368.2999999999993,-4.5000000000009095,SL Hit,3368.2999999999993,1,1690.7424999999878,375.0,-13.100000000000364,40.929999999999836
2025-05-09 07:10:00,2025-05-09 08:05:00,Long,3328.74,3322.1775,-6.5625,SL Hit,3322.1775,1,1684.1799999999878,55.0,-9.229999999999563,3.180000000000291
2025-05-09 10:25:00,2025-05-09 14:00:00,Long,3329.48,3328.51,-2.9099999999993997,SL Hit,3328.51,3,1681.2699999999884,215.0,-7.2199999999998,10.309999999999945
2025-05-09 14:35:00,2025-05-09 14:40:00,Long,3336.57,3336.57,0.0,SL Hit,3336.57,1,1681.2699999999884,5.0,-2.5399999999999636,2.5099999999997635
2025-05-09 15:20:00,2025-05-09 17:10:00,Long,3338.76,3336.284999999999,-2.4750000000012733,SL Hit,3336.284999999999,1,1678.794999999987,110.0,-2.7900000000004184,8.009999999999764
2025-05-12 03:25:00,2025-05-12 04:30:00,Long,3277.77,3277.77,0.0,SL Hit,3277.77,1,1678.794999999987,65.0,-0.8000000000001819,6.190000000000055
2025-05-12 09:55:00,2025-05-12 10:00:00,Short,3217.21,3217.21,0.0,SL Hit,3217.21,1,1678.794999999987,5.0,1.0799999999999272,-5.309999999999945
2025-05-12 13:35:00,2025-05-12 16:10:00,Long,3235.1549999999997,3232.93,-4.449999999999818,SL Hit,3232.93,2,1674.3449999999873,155.0,-3.9049999999997453,13.195000000000164
2025-05-12 18:25:00,2025-05-12 18:50:00,Short,3221.37,3228.7575000000006,-7.387500000000728,SL Hit,3228.7575000000006,1,1666.9574999999866,25.0,7.800000000000182,-0.5099999999997635
2025-05-12 22:05:00,2025-05-12 22:15:00,Long,3235.7,3230.0,-5.699999999999818,Bearish Trade Reversal,3230.0,1,1661.2574999999867,10.0,-3.699999999999818,2.2600000000002183
2025-05-12 22:15:00,2025-05-13 00:05:00,Short,3235.6549999999997,3241.59,-11.8700000000008,SL Hit,3241.59,2,1649.387499999986,110.0,6.915000000000418,-6.754999999999654
2025-05-13 11:30:00,2025-05-13 11:40:00,Long,3255.31,3255.31,0.0,SL Hit,3255.31,1,1649.387499999986,10.0,-1.4899999999997817,2.900000000000091
2025-05-13 13:20:00,2025-05-13 14:40:00,Short,3241.12,3247.0075000000006,-5.887500000000728,SL Hit,3247.0075000000006,1,1643.4999999999852,80.0,6.5300000000002,-14.639999999999873
2025-05-13 19:55:00,2025-05-14 00:05:00,Long,3249.8799999999997,3247.2,-8.039999999999509,SL Hit,3247.2,3,1635.4599999999857,250.0,-3.5799999999994725,6.820000000000164
2025-05-14 02:00:00,2025-05-14 02:10:00,Short,3238.8,3240.1875,-1.387499999999818,SL Hit,3240.1875,1,1634.072499999986,10.0,2.069999999999709,-2.7400000000002365
2025-05-14 02:15:00,2025-05-14 05:45:00,Short,3231.035,3230.11,1.8499999999994543,SL Hit,3230.11,2,1635.9224999999853,210.0,7.6150000000002365,-9.254999999999654
2025-05-14 07:45:00,2025-05-14 11:45:00,Long,3236.305,3229.7,-26.420000000000073,SL Hit,3229.7,4,1609.5024999999853,240.0,-9.524999999999636,6.015000000000327
2025-05-14 16:15:00,2025-05-14 16:50:00,Short,3179.65,3185.612499999999,-5.962499999998727,SL Hit,3185.612499999999,1,1603.5399999999865,35.0,8.269999999999982,-5.230000000000018
2025-05-14 18:55:00,2025-05-14 19:20:00,Short,3173.87,3173.87,0.0,SL Hit,3173.87,1,1603.5399999999865,25.0,0.3400000000001455,-4.9099999999998545
2025-05-15 04:15:00,2025-05-15 06:50:00,Short,3148.49,3152.3525000000004,-3.8625000000006366,SL Hit,3152.3525000000004,1,1599.677499999986,155.0,4.670000000000073,-26.829999999999927
2025-05-16 01:55:00,2025-05-16 02:00:00,Short,3221.06,3224.585,-3.525000000000091,SL Hit,3224.585,1,1596.1524999999858,5.0,3.8200000000001637,-2.6799999999998363
2025-05-16 03:05:00,2025-05-16 06:05:00,Short,3214.366666666667,3221.81,-22.329999999999472,SL Hit,3221.81,3,1573.8224999999863,180.0,11.523333333333085,-7.63666666666677
2025-05-16 07:10:00,2025-05-16 16:45:00,Short,3197.286666666667,3187.1,30.560000000000855,SL Hit,3187.1,3,1604.3824999999872,575.0,20.473333333333358,-41.83666666666704
2025-05-19 07:40:00,2025-05-19 12:50:00,Long,3237.633333333333,3234.21,-10.269999999999527,SL Hit,3234.21,3,1594.1124999999877,310.0,-11.39333333333343,10.216666666666697
2025-05-19 12:55:00,2025-05-19 13:10:00,Short,3234.2,3234.3499999999995,-0.1499999999996362,SL Hit,3234.3499999999995,1,1593.962499999988,15.0,0.9800000000000182,-6.379999999999654
2025-05-19 13:15:00,2025-05-19 18:30:00,Short,3233.603333333333,3234.0,-1.190000000000964,SL Hit,3234.0,3,1592.772499999987,315.0,6.006666666667115,-15.973333333332903
2025-05-19 18:35:00,2025-05-19 22:15:00,Long,3233.255,3225.4,-15.710000000000036,SL Hit,3225.4,2,1577.062499999987,220.0,-7.885000000000218,2.4349999999999454
2025-05-19 22:20:00,2025-05-20 01:00:00,Short,3223.09,3223.92,-1.6599999999998545,SL Hit,3223.92,2,1575.4024999999872,160.0,4.899999999999636,-8.840000000000146
2025-05-20 02:15:00,2025-05-20 04:15:00,Short,3214.0366666666664,3213.61,1.2799999999988358,SL Hit,3213.61,3,1576.682499999986,120.0,2.9033333333336486,-9.736666666666224
2025-05-20 04:20:00,2025-05-20 04:25:00,Long,3212.78,3212.78,0.0,SL Hit,3212.78,1,1576.682499999986,5.0,-1.180000000000291,1.7899999999999636
2025-05-20 04:30:00,2025-05-20 05:40:00,Long,3214.45,3210.6,-7.699999999999818,SL Hit,3210.6,2,1568.9824999999862,70.0,-4.039999999999964,4.820000000000164
2025-05-20 05:45:00,2025-05-20 07:35:00,Short,3212.05,3219.27,-14.4399999999996,SL Hit,3219.27,2,1554.5424999999866,110.0,8.989999999999782,-3.75
2025-05-20 11:25:00,2025-05-20 12:15:00,Long,3238.9,3235.7499999999995,-3.1500000000005457,SL Hit,3235.7499999999995,1,1551.392499999986,50.0,-4.070000000000164,2.7199999999998
2025-05-20 13:55:00,2025-05-21 01:25:00,Long,3277.273333333333,3288.1,64.96000000000095,SL Hit,3288.1,6,1616.352499999987,690.0,-32.2233333333329,36.45666666666693
2025-05-21 17:30:00,2025-05-22 03:55:00,Long,3323.9225,3336.2,49.10999999999876,SL Hit,3336.2,4,1665.4624999999858,625.0,-17.71250000000009,21.05749999999989
2025-05-22 06:05:00,2025-05-22 13:10:00,Short,3319.29,3314.39,9.800000000000182,SL Hit,3314.39,2,1675.262499999986,425.0,15.389999999999873,-35.17000000000007
2025-05-22 13:25:00,2025-05-22 13:50:00,Long,3310.905,3301.17,-19.470000000000255,SL Hit,3301.17,2,1655.7924999999857,25.0,-18.095000000000255,2.605000000000018
2025-05-22 16:45:00,2025-05-22 16:50:00,Long,3302.59,3302.1775,-0.4125000000003638,SL Hit,3302.1775,1,1655.3799999999853,5.0,-1.5900000000001455,2.0099999999997635
2025-05-22 16:55:00,2025-05-22 17:05:00,Long,3301.7,3299.0374999999995,-2.662500000000364,SL Hit,3299.0374999999995,1,1652.717499999985,10.0,-4.289999999999964,0.3100000000004002
2025-05-22 22:10:00,2025-05-23 00:50:00,Long,3297.38,3290.7799999999993,-6.6000000000008185,SL Hit,3290.7799999999993,1,1646.1174999999841,160.0,-8.260000000000218,11.259999999999764
2025-05-23 00:55:00,2025-05-23 04:15:00,Short,3296.98,3308.64,-23.31999999999971,SL Hit,3308.64,2,1622.7974999999844,200.0,12.949999999999818,-6.869999999999891
2025-05-23 16:50:00,2025-05-23 20:40:00,Long,3361.93,3357.7,-12.690000000000055,SL Hit,3357.7,3,1610.1074999999844,230.0,-6.619999999999891,3.8700000000003456
2025-05-23 20:50:00,2025-05-26 11:50:00,Short,3343.0200000000004,3333.06,49.800000000002456,SL Hit,3333.06,5,1659.9074999999868,3780.0,17.05999999999949,-19.420000000000528
2025-05-26 11:55:00,2025-05-26 12:20:00,Long,3332.81,3328.2725,-4.537499999999909,SL Hit,3328.2725,1,1655.369999999987,25.0,-4.690000000000055,1.9400000000000546
2025-05-26 13:05:00,2025-05-27 01:20:00,Long,3337.6020000000003,3339.1,7.489999999997963,SL Hit,3339.1,5,1662.859999999985,735.0,-5.632000000000517,12.00799999999981
2025-05-27 01:25:00,2025-05-27 02:15:00,Short,3338.96,3341.3225,-2.362500000000182,SL Hit,3341.3225,1,1660.4974999999847,50.0,2.7599999999997635,-6.960000000000036
2025-05-27 10:20:00,2025-05-27 17:40:00,Short,3295.4266666666663,3302.65,-21.670000000001437,SL Hit,3302.65,3,1638.8274999999833,440.0,8.45333333333383,-9.04666666666617
2025-05-27 19:05:00,2025-05-27 20:55:00,Long,3303.855,3299.14,-9.430000000000291,SL Hit,3299.14,2,1629.397499999983,110.0,-5.554999999999836,3.605000000000018
2025-05-27 21:00:00,2025-05-27 22:00:00,Short,3300.39,3300.39,0.0,SL Hit,3300.39,1,1629.397499999983,60.0,3.3600000000001273,-0.4499999999998181
2025-05-27 23:15:00,2025-05-28 01:40:00,Long,3308.63,3301.3,-14.659999999999854,SL Hit,3301.3,2,1614.7374999999831,145.0,-7.920000000000073,6.949999999999818
2025-05-28 01:45:00,2025-05-28 02:00:00,Short,3301.19,3306.59,-5.400000000000091,SL Hit,3306.59,1,1609.337499999983,15.0,6.820000000000164,-2.369999999999891
2025-05-28 07:05:00,2025-05-28 10:35:00,Long,3315.05,3315.48,0.8599999999996726,SL Hit,3315.48,2,1610.1974999999827,210.0,-7.519999999999982,10.009999999999764
2025-05-28 13:20:00,2025-05-28 17:20:00,Short,3301.056666666667,3298.71,7.040000000000418,SL Hit,3298.71,3,1617.2374999999831,240.0,8.523333333333085,-11.53666666666686
2025-05-28 17:25:00,2025-05-28 20:50:00,Long,3297.52,3289.52,-16.0,SL Hit,3289.52,2,1601.2374999999831,205.0,-20.960000000000036,5.110000000000127
2025-05-29 01:10:00,2025-05-29 01:25:00,Short,3255.72,3255.72,0.0,SL Hit,3255.72,1,1601.2374999999831,15.0,0.9400000000000546,-10.4699999999998
2025-05-29 18:30:00,2025-05-29 18:40:00,Short,3318.96,3320.4600000000005,-1.5000000000004547,SL Hit,3320.4600000000005,1,1599.7374999999827,10.0,1.7199999999998,-0.7600000000002183
2025-05-29 19:45:00,2025-05-29 22:00:00,Short,3316.33,3319.2924999999996,-2.962499999999636,SL Hit,3319.2924999999996,1,1596.774999999983,135.0,3.8299999999999272,-2.0299999999997453
2025-05-29 22:55:00,2025-05-29 23:00:00,Short,3315.06,3315.06,0.0,SL Hit,3315.06,1,1596.774999999983,5.0,0.3200000000001637,-2.6599999999998545
2025-05-29 23:05:00,2025-05-29 23:25:00,Short,3315.21,3316.3725,-1.162499999999909,SL Hit,3316.3725,1,1595.6124999999831,20.0,1.550000000000182,-2.8099999999999454
2025-05-29 23:30:00,2025-05-30 01:15:00,Short,3313.95,3318.56,-9.220000000000255,SL Hit,3318.56,2,1586.3924999999829,105.0,6.140000000000327,-4.949999999999818
2025-05-30 01:55:00,2025-05-30 10:05:00,Short,3300.6699999999996,3298.95,8.599999999999,SL Hit,3298.95,5,1594.9924999999819,490.0,11.210000000000491,-11.899999999999636
2025-05-30 10:55:00,2025-05-30 12:10:00,Short,3295.355,3300.11,-9.510000000000218,SL Hit,3300.11,2,1585.4824999999817,75.0,10.50500000000011,-8.074999999999818
2025-05-30 12:15:00,2025-05-30 13:05:00,Short,3301.335,3305.86,-9.050000000000182,SL Hit,3305.86,2,1576.4324999999815,50.0,4.644999999999982,-5.4650000000001455
2025-05-30 13:15:00,2025-05-30 14:00:00,Long,3302.47,3274.082500000001,-28.38749999999891,SL Hit,3274.082500000001,1,1548.0449999999826,45.0,-30.61999999999989,1.0700000000001637
2025-05-30 18:35:00,2025-05-30 20:30:00,Long,3294.59,3289.9025,-4.6875,SL Hit,3289.9025,1,1543.3574999999826,115.0,-4.9900000000002365,0.8999999999996362
2025-06-02 04:15:00,2025-06-02 16:20:00,Long,3346.44,3370.73,145.73999999999978,SL Hit,3370.73,6,1689.0974999999823,725.0,-35.57999999999993,32.590000000000146
2025-06-02 16:25:00,2025-06-02 18:50:00,Short,3371.295,3379.03,-15.470000000000255,SL Hit,3379.03,2,1673.627499999982,145.0,7.795000000000073,-1.9450000000001637
