Entry Time,Exit Time,Direction,Entry Price,Exit Price,PnL,Exit Reason,SL Price,Units,Cumulative PnL,Duration,MAE,MFE
2023-06-14 04:40:00,2023-06-14 05:15:00,Long,1948.995,1947.6,-2.7899999999999636,SL Hit,1947.6,2,-2.7899999999999636,35.0,-1.3949999999999818,0.3650000000000091
2023-06-14 05:40:00,2023-06-14 07:25:00,Short,1947.71,1948.115,-0.4049999999999727,SL Hit,1948.115,1,-3.1949999999999363,105.0,1.5199999999999818,-2.910000000000082
2023-06-14 07:45:00,2023-06-14 10:35:00,Long,1949.9800000000002,1948.56,-4.2600000000009,SL Hit,1948.56,3,-7.455000000000837,170.0,-1.9600000000002638,2.7799999999997453
2023-06-14 10:40:00,2023-06-14 12:30:00,Short,1948.93,1948.96,-0.029999999999972715,SL Hit,1948.96,1,-7.4850000000008095,110.0,2.6499999999998636,-3.630000000000109
2023-06-14 16:30:00,2023-06-14 23:30:00,Short,1947.0675,1945.12,7.790000000000873,SL Hit,1945.12,4,0.30500000000006366,420.0,9.1724999999999,-7.407500000000027
2023-06-14 23:35:00,2023-06-15 00:20:00,Long,1944.355,1942.0,-4.710000000000036,SL Hit,1942.0,2,-4.404999999999973,45.0,-2.755000000000109,0.8050000000000637
2023-06-15 00:25:00,2023-06-15 05:25:00,Short,1937.6775,1935.36,9.270000000000437,SL Hit,1935.36,4,4.865000000000464,300.0,5.022500000000036,-6.917500000000018
2023-06-15 05:35:00,2023-06-15 07:00:00,Long,1936.04,1930.76,-10.559999999999945,SL Hit,1930.76,2,-5.694999999999482,85.0,-6.259999999999991,3.4400000000000546
2023-06-15 08:10:00,2023-06-15 08:20:00,Long,1933.17,1932.165,-1.0050000000001091,SL Hit,1932.165,1,-6.699999999999591,10.0,-2.230000000000018,0.9800000000000182
2023-06-15 09:30:00,2023-06-15 09:40:00,Long,1934.52,1933.74,-0.7799999999999727,SL Hit,1933.74,1,-7.479999999999563,10.0,-1.0199999999999818,0.7899999999999636
2023-06-15 09:50:00,2023-06-15 11:15:00,Long,1933.52,1932.44,-1.0799999999999272,SL Hit,1932.44,1,-8.55999999999949,85.0,-1.2200000000000273,2.8900000000001
2023-06-15 12:20:00,2023-06-15 12:30:00,Short,1930.69,1930.8849999999998,-0.19499999999970896,SL Hit,1930.8849999999998,1,-8.7549999999992,10.0,0.7599999999999909,-4.480000000000018
2023-06-15 16:35:00,2023-06-15 17:15:00,Long,1958.73,1958.6100000000001,-0.11999999999989086,SL Hit,1958.6100000000001,1,-8.87499999999909,40.0,-0.32999999999992724,1.3299999999999272
2023-06-15 18:00:00,2023-06-15 18:05:00,Long,1958.75,1958.75,0.0,SL Hit,1958.75,1,-8.87499999999909,5.0,-1.150000000000091,0.6099999999999
2023-06-15 18:10:00,2023-06-16 00:10:00,Short,1958.2250000000001,1959.18,-3.819999999999709,SL Hit,1959.18,4,-12.6949999999988,360.0,1.334999999999809,-1.525000000000091
2023-06-16 00:15:00,2023-06-16 00:20:00,Long,1959.2,1957.895,-1.3050000000000637,SL Hit,1957.895,1,-13.999999999998863,5.0,-1.4100000000000819,0.0
2023-06-16 02:50:00,2023-06-16 03:00:00,Short,1956.24,1956.36,-0.11999999999989086,SL Hit,1956.36,1,-14.119999999998754,10.0,0.22000000000002728,-1.6400000000001
2023-06-16 05:05:00,2023-06-16 05:20:00,Short,1955.18,1955.255,-0.07500000000004547,SL Hit,1955.255,1,-14.1949999999988,15.0,0.4600000000000364,-1.1800000000000637
2023-06-16 09:00:00,2023-06-16 09:20:00,Long,1963.52,1963.055,-0.46499999999991815,SL Hit,1963.055,1,-14.659999999998718,20.0,-0.9200000000000728,0.9600000000000364
2023-06-16 10:25:00,2023-06-16 10:35:00,Long,1964.34,1963.8899999999999,-0.4500000000000455,SL Hit,1963.8899999999999,1,-15.109999999998763,10.0,-0.7400000000000091,0.3500000000001364
2023-06-16 10:40:00,2023-06-16 10:45:00,Long,1964.59,1963.96,-0.6299999999998818,SL Hit,1963.96,1,-15.739999999998645,5.0,-0.7300000000000182,0.0500000000001819
2023-06-16 11:20:00,2023-06-16 12:45:00,Long,1964.935,1963.84,-2.1900000000000546,SL Hit,1963.84,2,-17.9299999999987,85.0,-1.2049999999999272,2.865000000000009
2023-06-18 21:00:00,2023-06-18 22:05:00,Long,1957.45,1957.45,0.0,SL Hit,1957.45,1,-17.9299999999987,65.0,-0.11000000000012733,3.9500000000000455
2023-06-18 22:10:00,2023-06-18 23:35:00,Long,1960.6,1956.81,-7.579999999999927,SL Hit,1956.81,2,-25.509999999998627,85.0,-4.699999999999818,0.6000000000001364
2023-06-18 23:45:00,2023-06-18 23:50:00,Short,1956.95,1956.95,0.0,SL Hit,1956.95,1,-25.509999999998627,5.0,0.049999999999954525,-1.0499999999999545
2023-06-19 00:00:00,2023-06-19 00:05:00,Short,1957.0,1957.705,-0.7049999999999272,SL Hit,1957.705,1,-26.214999999998554,5.0,0.9500000000000455,-0.5
2023-06-19 00:10:00,2023-06-19 00:20:00,Short,1957.9,1958.08,-0.1799999999998363,SL Hit,1958.08,1,-26.39499999999839,10.0,0.4099999999998545,-0.8000000000001819
2023-06-19 00:35:00,2023-06-19 04:25:00,Short,1955.8766666666668,1955.83,0.1400000000005548,SL Hit,1955.83,3,-26.254999999997835,230.0,2.233333333333121,-2.0766666666668243
2023-06-19 06:40:00,2023-06-19 06:45:00,Short,1954.1,1954.5049999999999,-0.4049999999999727,SL Hit,1954.5049999999999,1,-26.659999999997808,5.0,0.6700000000000728,-0.209999999999809
2023-06-19 07:05:00,2023-06-19 07:30:00,Short,1954.36,1954.36,0.0,SL Hit,1954.36,1,-26.659999999997808,25.0,0.21000000000003638,-1.5599999999999454
2023-06-19 07:35:00,2023-06-19 07:55:00,Short,1953.97,1954.5549999999998,-0.584999999999809,SL Hit,1954.5549999999998,1,-27.244999999997617,20.0,1.099999999999909,-1.1900000000000546
2023-06-19 08:20:00,2023-06-19 09:40:00,Long,1957.6599999999999,1952.78,-9.759999999999764,SL Hit,1952.78,2,-37.00499999999738,80.0,-4.989999999999782,0.8300000000001546
2023-06-19 09:45:00,2023-06-19 12:20:00,Short,1951.475,1950.94,1.069999999999709,SL Hit,1950.94,2,-35.93499999999767,155.0,1.4050000000002,-3.6749999999999545
2023-06-19 12:35:00,2023-06-19 15:55:00,Long,1951.315,1950.78,-1.0700000000001637,SL Hit,1950.78,2,-37.004999999997835,200.0,-1.3150000000000546,2.0449999999998454
2023-06-19 16:00:00,2023-06-19 16:40:00,Short,1950.57,1951.71,-1.1400000000001,SL Hit,1951.71,1,-38.144999999997935,40.0,1.2799999999999727,-0.8699999999998909
2023-06-19 17:15:00,2023-06-19 17:20:00,Short,1949.83,1949.875,-0.04500000000007276,SL Hit,1949.875,1,-38.18999999999801,5.0,0.3000000000001819,-0.6299999999998818
2023-06-19 17:25:00,2023-06-19 17:30:00,Short,1949.93,1949.93,0.0,SL Hit,1949.93,1,-38.18999999999801,5.0,0.37999999999988177,-0.43000000000006366
2023-06-19 18:05:00,2023-06-19 18:20:00,Short,1949.83,1949.83,0.0,SL Hit,1949.83,1,-38.18999999999801,15.0,0.2599999999999909,-1.1299999999998818
2023-06-20 00:35:00,2023-06-20 04:25:00,Short,1949.916,1950.57,-3.269999999999982,SL Hit,1950.57,5,-41.45999999999799,230.0,1.7140000000001692,-4.785999999999831
2023-06-20 06:30:00,2023-06-20 09:20:00,Long,1952.725,1952.1,-1.25,SL Hit,1952.1,2,-42.70999999999799,170.0,-1.974999999999909,3.665000000000191
2023-06-20 09:25:00,2023-06-20 09:30:00,Short,1953.1,1953.685,-0.5850000000000364,SL Hit,1953.685,1,-43.294999999998026,5.0,0.75,-0.5899999999999181
2023-06-20 10:00:00,2023-06-20 11:00:00,Short,1952.39,1953.17,-0.7799999999999727,SL Hit,1953.17,1,-44.074999999998,60.0,0.959999999999809,-2.290000000000191
2023-06-20 16:45:00,2023-06-20 19:20:00,Long,1936.72,1936.2,-1.5599999999999454,SL Hit,1936.2,3,-45.634999999997945,155.0,-0.9500000000000455,1.4500000000000455
2023-06-20 19:25:00,2023-06-20 19:40:00,Short,1936.5,1937.58,-1.0799999999999272,SL Hit,1937.58,1,-46.71499999999787,15.0,1.1800000000000637,-1.0
2023-06-20 20:20:00,2023-06-20 22:00:00,Short,1936.11,1936.5900000000001,-0.48000000000024556,SL Hit,1936.5900000000001,1,-47.19499999999812,100.0,0.5,-1.209999999999809
2023-06-21 02:05:00,2023-06-21 02:30:00,Short,1936.4099999999999,1938.29,-3.7600000000002183,SL Hit,1938.29,2,-50.954999999998336,25.0,2.6700000000000728,-0.4299999999998363
2023-06-21 02:40:00,2023-06-21 02:45:00,Long,1938.17,1937.105,-1.0650000000000546,SL Hit,1937.105,1,-52.01999999999839,5.0,-1.5700000000001637,0.10999999999989996
2023-06-21 04:15:00,2023-06-21 04:25:00,Short,1935.98,1936.325,-0.3450000000000273,SL Hit,1936.325,1,-52.36499999999842,10.0,0.5399999999999636,-0.8800000000001091
2023-06-21 09:15:00,2023-06-21 09:20:00,Short,1933.12,1933.5550000000003,-0.4350000000004002,SL Hit,1933.5550000000003,1,-52.79999999999882,5.0,1.0100000000002183,-0.9499999999998181
2023-06-21 09:25:00,2023-06-21 17:00:00,Short,1932.214,1934.32,-10.529999999999973,SL Hit,1934.32,5,-63.32999999999879,455.0,3.456000000000131,-12.023999999999887
2023-06-21 17:05:00,2023-06-21 17:10:00,Long,1933.88,1933.88,0.0,SL Hit,1933.88,1,-63.32999999999879,5.0,-0.5800000000001546,0.8299999999999272
2023-06-21 17:15:00,2023-06-21 17:35:00,Long,1934.28,1933.6499999999999,-0.6300000000001091,SL Hit,1933.6499999999999,1,-63.9599999999989,20.0,-0.7799999999999727,0.75
2023-06-21 17:40:00,2023-06-21 18:05:00,Long,1933.77,1933.77,0.0,SL Hit,1933.77,1,-63.9599999999989,25.0,-0.4700000000000273,1.8800000000001091
2023-06-21 19:55:00,2023-06-21 23:50:00,Short,1932.7150000000001,1934.27,-3.1099999999996726,SL Hit,1934.27,2,-67.06999999999857,235.0,2.0249999999998636,-0.8850000000002183
2023-06-21 23:55:00,2023-06-22 00:00:00,Long,1934.14,1932.58,-1.5600000000001728,SL Hit,1932.58,1,-68.62999999999874,5.0,-1.6400000000001,0.09999999999990905
2023-06-22 00:30:00,2023-06-22 01:40:00,Short,1933.05,1933.5600000000002,-0.5100000000002183,SL Hit,1933.5600000000002,1,-69.13999999999896,70.0,0.6200000000001182,-1.5499999999999545
2023-06-22 03:55:00,2023-06-22 04:00:00,Short,1932.26,1932.65,-0.39000000000010004,SL Hit,1932.65,1,-69.52999999999906,5.0,0.75,-0.5599999999999454
2023-06-22 04:15:00,2023-06-22 04:30:00,Short,1931.75,1932.245,-0.49499999999989086,SL Hit,1932.245,1,-70.02499999999895,15.0,0.6300000000001091,-0.75
2023-06-22 04:40:00,2023-06-22 08:10:00,Short,1929.77,1931.33,-3.119999999999891,SL Hit,1931.33,2,-73.14499999999884,210.0,1.9800000000000182,-2.6299999999998818
2023-06-22 11:20:00,2023-06-22 11:25:00,Long,1929.3,1927.395,-1.9049999999999727,SL Hit,1927.395,1,-75.04999999999882,5.0,-3.099999999999909,0.12000000000011823
2023-06-22 12:10:00,2023-06-22 12:25:00,Short,1925.39,1926.0649999999998,-0.6749999999997272,SL Hit,1926.0649999999998,1,-75.72499999999854,15.0,1.1799999999998363,-1.6300000000001091
2023-06-22 12:30:00,2023-06-22 12:35:00,Short,1927.26,1931.685,-4.4249999999999545,Bullish Trade Reversal,1931.685,1,-80.1499999999985,5.0,2.9500000000000455,-1.009999999999991
2023-06-22 12:35:00,2023-06-22 12:40:00,Long,1928.81,1927.205,-1.6050000000000182,SL Hit,1927.205,1,-81.75499999999852,5.0,-2.8999999999998636,1.7300000000000182
2023-06-22 12:45:00,2023-06-22 12:50:00,Long,1925.55,1924.29,-1.259999999999991,Bearish Trade Reversal,1924.29,1,-83.01499999999851,5.0,-0.8399999999999181,1.400000000000091
2023-06-22 12:50:00,2023-06-23 00:50:00,Short,1917.756666666667,1915.78,11.860000000001492,SL Hit,1915.78,6,-71.15499999999702,720.0,9.403333333333194,-5.356666666666797
2023-06-23 01:00:00,2023-06-23 01:05:00,Long,1915.35,1914.855,-0.49499999999989086,SL Hit,1914.855,1,-71.64999999999691,5.0,-0.8899999999998727,0.290000000000191
2023-06-23 01:45:00,2023-06-23 04:30:00,Short,1913.1,1913.1600000000003,-0.06000000000040018,SL Hit,1913.1600000000003,1,-71.70999999999731,165.0,1.6300000000001091,-2.8999999999998636
2023-06-23 11:55:00,2023-06-23 19:50:00,Long,1919.9399999999998,1918.6,-4.019999999999754,SL Hit,1918.6,3,-75.72999999999706,475.0,-2.0099999999997635,16.63000000000011
2023-06-23 21:00:00,2023-06-25 19:00:00,Long,1920.79,1920.79,0.0,SL Hit,1920.79,1,-75.72999999999706,2760.0,-0.2799999999999727,6.509999999999991
2023-06-25 20:00:00,2023-06-26 04:15:00,Long,1924.3433333333335,1924.3,-0.1300000000005639,SL Hit,1924.3,3,-75.85999999999763,495.0,-3.833333333333485,3.9866666666664514
2023-06-26 04:20:00,2023-06-26 04:40:00,Short,1924.3,1925.335,-1.0350000000000819,SL Hit,1925.335,1,-76.89499999999771,20.0,1.259999999999991,-0.7000000000000455
2023-06-26 10:45:00,2023-06-26 10:55:00,Long,1932.68,1932.08,-0.6000000000001364,SL Hit,1932.08,1,-77.49499999999784,10.0,-0.9400000000000546,0.34999999999990905
2023-06-26 12:05:00,2023-06-26 12:30:00,Short,1931.9650000000001,1932.36,-0.7899999999995089,SL Hit,1932.36,2,-78.28499999999735,25.0,0.6049999999997908,-2.1050000000002456
2023-06-26 18:45:00,2023-06-26 22:50:00,Short,1923.74,1924.4450000000002,-0.7050000000001546,SL Hit,1924.4450000000002,1,-78.98999999999751,245.0,0.75,-2.1400000000001
2023-06-27 01:20:00,2023-06-27 05:35:00,Long,1926.855,1927.6,2.9799999999995634,SL Hit,1927.6,4,-76.00999999999794,255.0,-2.4850000000001273,3.1849999999999454
2023-06-27 07:10:00,2023-06-27 07:30:00,Long,1928.4,1928.055,-0.3450000000000273,SL Hit,1928.055,1,-76.35499999999797,20.0,-0.7100000000000364,0.8599999999999
2023-06-27 09:30:00,2023-06-27 12:05:00,Short,1922.7150000000001,1924.38,-3.3299999999999272,SL Hit,1924.38,2,-79.6849999999979,155.0,2.2849999999998545,-2.8450000000002547
2023-06-27 17:45:00,2023-06-27 18:20:00,Short,1912.45,1912.9299999999998,-0.4799999999997908,SL Hit,1912.9299999999998,1,-80.16499999999769,35.0,0.8599999999999,-1.8500000000001364
2023-06-27 20:50:00,2023-06-27 20:55:00,Short,1913.01,1913.295,-0.28500000000008185,SL Hit,1913.295,1,-80.44999999999777,5.0,0.5899999999999181,-0.0
2023-06-28 05:45:00,2023-06-28 06:20:00,Long,1915.73,1914.0349999999999,-1.6950000000001637,SL Hit,1914.0349999999999,1,-82.14499999999794,35.0,-3.4300000000000637,0.44000000000005457
2023-06-28 07:35:00,2023-06-28 07:50:00,Short,1909.58,1910.48,-0.900000000000091,SL Hit,1910.48,1,-83.04499999999803,15.0,1.0199999999999818,-0.15999999999985448
2023-06-28 08:20:00,2023-06-28 09:15:00,Short,1909.145,1911.53,-4.769999999999982,SL Hit,1911.53,2,-87.81499999999801,55.0,2.4249999999999545,-1.3450000000000273
2023-06-28 09:20:00,2023-06-28 09:25:00,Long,1910.77,1909.33,-1.4400000000000546,SL Hit,1909.33,1,-89.25499999999806,5.0,-2.1700000000000728,0.13000000000010914
2023-06-28 09:40:00,2023-06-28 09:45:00,Long,1910.68,1908.61,-2.0700000000001637,SL Hit,1908.61,1,-91.32499999999823,5.0,-3.5800000000001546,0.0
2023-06-28 10:10:00,2023-06-28 13:25:00,Short,1907.89,1908.26,-0.7399999999997817,SL Hit,1908.26,2,-92.06499999999801,195.0,0.9900000000000091,-3.550000000000182
2023-06-28 13:30:00,2023-06-28 13:40:00,Long,1908.88,1907.4250000000002,-1.4549999999999272,SL Hit,1907.4250000000002,1,-93.51999999999794,10.0,-4.040000000000191,1.8199999999999363
2023-06-28 13:50:00,2023-06-28 13:55:00,Short,1907.73,1910.1749999999997,-2.444999999999709,SL Hit,1910.1749999999997,1,-95.96499999999764,5.0,2.9600000000000364,-0.07999999999992724
2023-06-28 17:15:00,2023-06-28 17:35:00,Long,1912.63,1912.1349999999998,-0.4950000000003456,SL Hit,1912.1349999999998,1,-96.45999999999799,20.0,-0.8200000000001637,0.6199999999998909
2023-06-28 18:20:00,2023-06-28 18:25:00,Long,1912.81,1912.7350000000001,-0.0749999999998181,SL Hit,1912.7350000000001,1,-96.53499999999781,5.0,-0.34999999999990905,0.19000000000005457
2023-06-28 19:05:00,2023-06-28 23:20:00,Short,1910.73,1910.27,0.9200000000000728,SL Hit,1910.27,2,-95.61499999999774,255.0,1.2000000000000455,-4.059999999999945
2023-06-28 23:30:00,2023-06-28 23:40:00,Long,1909.2,1909.2,0.0,SL Hit,1909.2,1,-95.61499999999774,10.0,-0.10000000000013642,0.7899999999999636
2023-06-29 01:10:00,2023-06-29 01:45:00,Long,1910.54,1910.42,-0.11999999999989086,SL Hit,1910.42,1,-95.73499999999763,35.0,-0.15999999999985448,2.1200000000001182
2023-06-29 02:35:00,2023-06-29 07:35:00,Short,1905.685,1905.8,-0.2300000000000182,SL Hit,1905.8,2,-95.96499999999764,300.0,1.4049999999999727,-3.384999999999991
2023-06-29 07:40:00,2023-06-29 12:30:00,Long,1907.0275000000001,1908.9,7.489999999999782,SL Hit,1908.9,4,-88.47499999999786,290.0,-6.2775000000001455,5.042499999999791
2023-06-29 14:55:00,2023-06-29 15:35:00,Long,1911.55,1909.555,-1.9949999999998909,SL Hit,1909.555,1,-90.46999999999775,40.0,-2.509999999999991,0.9800000000000182
2023-06-29 18:05:00,2023-06-29 18:30:00,Short,1907.35,1908.325,-0.9750000000001364,SL Hit,1908.325,1,-91.44499999999789,25.0,0.9900000000000091,-1.0499999999999545
2023-06-29 19:25:00,2023-06-29 19:35:00,Short,1907.03,1908.125,-1.0950000000000273,SL Hit,1908.125,1,-92.53999999999792,10.0,2.1100000000001273,-0.4800000000000182
2023-06-29 22:55:00,2023-06-29 23:00:00,Long,1908.54,1907.9099999999999,-0.6300000000001091,SL Hit,1907.9099999999999,1,-93.16999999999803,5.0,-1.4700000000000273,0.0
2023-06-29 23:05:00,2023-06-29 23:10:00,Short,1907.37,1908.06,-0.6900000000000546,SL Hit,1908.06,1,-93.85999999999808,5.0,0.7200000000000273,-0.029999999999972715
2023-06-30 00:05:00,2023-06-30 01:30:00,Long,1908.705,1907.3,-2.8099999999999454,SL Hit,1907.3,2,-96.66999999999803,85.0,-2.0049999999998818,0.9149999999999636
2023-06-30 01:35:00,2023-06-30 05:30:00,Short,1907.9025,1909.23,-5.3100000000004,SL Hit,1909.23,4,-101.97999999999843,235.0,1.6675000000000182,-1.6024999999999636
2023-06-30 12:25:00,2023-06-30 19:05:00,Long,1916.2475,1917.4,4.610000000000582,SL Hit,1917.4,4,-97.36999999999784,400.0,-10.737499999999955,6.3624999999999545
2023-06-30 19:10:00,2023-06-30 19:15:00,Short,1918.17,1918.4249999999997,-0.2549999999996544,SL Hit,1918.4249999999997,1,-97.6249999999975,5.0,1.0,-0.7699999999999818
2023-07-02 20:00:00,2023-07-02 22:00:00,Long,1919.1,1919.1,0.0,SL Hit,1919.1,1,-97.6249999999975,120.0,-0.75,0.5500000000001819
2023-07-03 00:00:00,2023-07-03 00:15:00,Short,1917.7,1918.6599999999999,-0.959999999999809,SL Hit,1918.6599999999999,1,-98.58499999999731,15.0,1.0699999999999363,-0.6000000000001364
2023-07-03 00:35:00,2023-07-03 01:35:00,Short,1917.63,1918.77,-2.2799999999997453,SL Hit,1918.77,2,-100.86499999999705,60.0,1.1499999999998636,-2.0300000000002
2023-07-03 01:40:00,2023-07-03 02:40:00,Long,1917.615,1915.6,-4.0300000000002,SL Hit,1915.6,2,-104.89499999999725,60.0,-2.615000000000009,1.0550000000000637
2023-07-03 04:00:00,2023-07-03 05:55:00,Long,1918.18,1917.7450000000001,-0.43499999999994543,SL Hit,1917.7450000000001,1,-105.3299999999972,115.0,-1.5800000000001546,2.2899999999999636
2023-07-03 06:30:00,2023-07-03 07:00:00,Short,1914.48,1915.23,-0.75,SL Hit,1915.23,1,-106.0799999999972,30.0,1.4800000000000182,-0.9600000000000364
2023-07-03 11:05:00,2023-07-03 11:25:00,Long,1913.31,1912.035,-1.2749999999998636,SL Hit,1912.035,1,-107.35499999999706,20.0,-1.3699999999998909,0.12000000000011823
2023-07-03 12:25:00,2023-07-03 16:10:00,Long,1923.3333333333333,1925.7,7.100000000000364,SL Hit,1925.7,3,-100.2549999999967,225.0,-9.35333333333324,7.1666666666667425
2023-07-03 20:10:00,2023-07-03 20:40:00,Short,1920.97,1921.3899999999999,-0.4199999999998454,SL Hit,1921.3899999999999,1,-100.67499999999654,30.0,0.5299999999999727,-0.5699999999999363
2023-07-03 23:05:00,2023-07-03 23:10:00,Short,1920.47,1920.815,-0.3450000000000273,SL Hit,1920.815,1,-101.01999999999657,5.0,0.43000000000006366,-0.0
2023-07-03 23:45:00,2023-07-03 23:50:00,Short,1920.84,1921.17,-0.3300000000001546,SL Hit,1921.17,1,-101.34999999999673,5.0,0.43000000000006366,-0.7400000000000091
2023-07-04 00:15:00,2023-07-04 01:05:00,Long,1921.26,1919.9,-2.7199999999998,SL Hit,1919.9,2,-104.06999999999653,50.0,-1.759999999999991,0.7000000000000455
2023-07-04 01:10:00,2023-07-04 01:15:00,Short,1920.29,1921.295,-1.0050000000001091,SL Hit,1921.295,1,-105.07499999999663,5.0,2.2100000000000364,-0.12999999999988177
2023-07-04 01:40:00,2023-07-04 12:30:00,Long,1924.4011111111113,1927.2,25.189999999998918,SL Hit,1927.2,9,-79.88499999999772,650.0,-3.8411111111113314,6.128888888888696
2023-07-04 23:15:00,2023-07-04 23:25:00,Short,1925.14,1925.9650000000001,-0.8250000000000455,SL Hit,1925.9650000000001,1,-80.70999999999776,10.0,0.8799999999998818,-0.2400000000000091
2023-07-05 01:10:00,2023-07-05 01:25:00,Short,1925.28,1925.8050000000003,-0.5250000000003183,SL Hit,1925.8050000000003,1,-81.23499999999808,15.0,0.9500000000000455,-0.19000000000005457
2023-07-05 03:05:00,2023-07-05 04:10:00,Short,1924.94,1924.9850000000001,-0.04500000000007276,SL Hit,1924.9850000000001,1,-81.27999999999815,65.0,0.1799999999998363,-1.3400000000001455
2023-07-05 04:15:00,2023-07-05 04:45:00,Short,1924.4,1925.4950000000001,-1.0950000000000273,SL Hit,1925.4950000000001,1,-82.37499999999818,30.0,1.2699999999999818,-0.6000000000001364
2023-07-05 04:50:00,2023-07-05 05:30:00,Short,1925.69,1926.02,-0.32999999999992724,SL Hit,1926.02,1,-82.70499999999811,40.0,0.5899999999999181,-1.1900000000000546
2023-07-05 12:05:00,2023-07-05 12:25:00,Long,1927.18,1926.235,-0.9450000000001637,SL Hit,1926.235,1,-83.64999999999827,20.0,-1.25,1.5899999999999181
2023-07-05 12:30:00,2023-07-05 13:45:00,Long,1927.705,1925.17,-5.069999999999709,SL Hit,1925.17,2,-88.71999999999798,75.0,-3.6849999999999454,7.125
2023-07-05 17:35:00,2023-07-05 18:00:00,Short,1920.12,1920.12,0.0,SL Hit,1920.12,1,-88.71999999999798,25.0,1.0800000000001546,-1.0699999999999363
2023-07-05 20:55:00,2023-07-05 22:00:00,Short,1914.8,1915.055,-0.25500000000010914,SL Hit,1915.055,1,-88.97499999999809,65.0,1.2999999999999545,-0.5
2023-07-06 01:55:00,2023-07-06 02:45:00,Long,1918.56,1918.17,-0.38999999999987267,SL Hit,1918.17,1,-89.36499999999796,50.0,-0.4299999999998363,1.0800000000001546
2023-07-06 05:30:00,2023-07-06 12:15:00,Long,1921.0549999999998,1919.1,-3.9099999999998545,SL Hit,1919.1,2,-93.27499999999782,405.0,-5.4849999999999,6.2650000000001
2023-07-06 14:40:00,2023-07-06 14:45:00,Short,1905.0,1906.2749999999999,-1.2749999999998636,SL Hit,1906.2749999999999,1,-94.54999999999768,5.0,1.9700000000000273,-0.6199999999998909
2023-07-06 17:35:00,2023-07-06 19:20:00,Short,1909.02,1911.4199999999998,-2.3999999999998636,SL Hit,1911.4199999999998,1,-96.94999999999754,105.0,2.6800000000000637,-0.42000000000007276
2023-07-06 20:35:00,2023-07-06 20:55:00,Short,1910.32,1910.77,-0.4500000000000455,SL Hit,1910.77,1,-97.39999999999759,20.0,0.4800000000000182,-0.14999999999986358
2023-07-06 22:30:00,2023-07-06 22:35:00,Short,1909.82,1910.5549999999998,-0.7349999999999,SL Hit,1910.5549999999998,1,-98.13499999999749,5.0,0.7699999999999818,-0.0
2023-07-07 00:15:00,2023-07-07 00:25:00,Long,1910.9,1910.9,0.0,SL Hit,1910.9,1,-98.13499999999749,10.0,0.0,1.2300000000000182
2023-07-07 04:15:00,2023-07-07 04:25:00,Short,1910.6,1910.825,-0.22500000000013642,SL Hit,1910.825,1,-98.35999999999763,10.0,0.7000000000000455,-1.199999999999818
2023-07-07 04:50:00,2023-07-07 12:15:00,Long,1914.4716666666666,1915.2,4.3700000000008,SL Hit,1915.2,6,-93.98999999999683,445.0,-2.6716666666666242,3.898333333333312
2023-07-07 12:25:00,2023-07-07 12:30:00,Short,1915.65,1915.65,0.0,SL Hit,1915.65,1,-93.98999999999683,5.0,12.059999999999945,-0.540000000000191
2023-07-07 16:45:00,2023-07-09 22:10:00,Short,1926.72,1927.79,-2.1399999999998727,SL Hit,1927.79,2,-96.1299999999967,3205.0,1.2699999999999818,-3.2200000000000273
2023-07-09 23:05:00,2023-07-09 23:45:00,Short,1924.96,1924.96,0.0,SL Hit,1924.96,1,-96.1299999999967,40.0,0.21000000000003638,-1.8600000000001273
2023-07-09 23:50:00,2023-07-09 23:55:00,Short,1924.77,1924.9950000000001,-0.22500000000013642,SL Hit,1924.9950000000001,1,-96.35499999999683,5.0,0.2400000000000091,-0.11999999999989086
2023-07-10 00:05:00,2023-07-10 01:00:00,Short,1923.79,1925.17,-2.7600000000002183,SL Hit,1925.17,2,-99.11499999999705,55.0,1.740000000000009,-1.5899999999999181
2023-07-10 01:15:00,2023-07-10 01:35:00,Long,1925.09,1924.355,-0.7349999999999,SL Hit,1924.355,1,-99.84999999999695,20.0,-0.8399999999999181,1.7000000000000455
2023-07-10 02:35:00,2023-07-10 03:00:00,Short,1924.7,1925.375,-0.6749999999999545,SL Hit,1925.375,1,-100.52499999999691,25.0,0.7799999999999727,-0.7999999999999545
2023-07-10 09:30:00,2023-07-10 09:50:00,Long,1925.17,1923.1749999999997,-1.9950000000003456,SL Hit,1923.1749999999997,1,-102.51999999999725,20.0,-2.3600000000001273,0.0
2023-07-10 16:00:00,2023-07-10 16:10:00,Long,1923.46,1922.9499999999998,-0.5100000000002183,SL Hit,1922.9499999999998,1,-103.02999999999747,10.0,-0.6300000000001091,0.4800000000000182
2023-07-10 16:15:00,2023-07-10 19:40:00,Long,1924.8,1924.3,-1.0,SL Hit,1924.3,2,-104.02999999999747,205.0,-1.2799999999999727,1.9300000000000637
2023-07-10 20:50:00,2023-07-10 23:15:00,Short,1925.29,1925.3799999999999,-0.08999999999991815,SL Hit,1925.3799999999999,1,-104.11999999999739,145.0,0.13000000000010914,-1.0899999999999181
2023-07-10 23:40:00,2023-07-10 23:55:00,Short,1924.38,1924.77,-0.38999999999987267,SL Hit,1924.77,1,-104.50999999999726,15.0,0.459999999999809,-0.5800000000001546
2023-07-11 00:35:00,2023-07-11 02:10:00,Long,1924.9,1924.9,0.0,SL Hit,1924.9,1,-104.50999999999726,95.0,-0.07000000000016371,2.709999999999809
2023-07-11 04:40:00,2023-07-11 04:50:00,Long,1928.34,1928.34,0.0,SL Hit,1928.34,1,-104.50999999999726,10.0,-0.03999999999996362,0.8500000000001364
2023-07-11 04:55:00,2023-07-11 05:25:00,Long,1928.63,1928.5249999999999,-0.10500000000024556,SL Hit,1928.5249999999999,1,-104.61499999999751,30.0,-0.4900000000000091,1.2899999999999636
2023-07-11 16:10:00,2023-07-11 22:15:00,Short,1930.7475000000002,1932.43,-6.729999999999563,SL Hit,1932.43,4,-111.34499999999707,365.0,2.042499999999791,-1.2975000000001273
2023-07-11 22:20:00,2023-07-11 22:40:00,Long,1932.24,1932.24,0.0,SL Hit,1932.24,1,-111.34499999999707,20.0,-0.2400000000000091,1.4300000000000637
2023-07-12 04:20:00,2023-07-12 04:55:00,Short,1938.27,1938.27,0.0,SL Hit,1938.27,1,-111.34499999999707,35.0,0.7200000000000273,-0.6800000000000637
2023-07-12 05:25:00,2023-07-12 05:40:00,Long,1939.7,1938.17,-1.5299999999999727,SL Hit,1938.17,1,-112.87499999999704,15.0,-1.8400000000001455,0.0
2023-07-12 08:45:00,2023-07-12 08:55:00,Long,1935.28,1934.815,-0.46499999999991815,SL Hit,1934.815,1,-113.33999999999696,10.0,-0.4800000000000182,1.0499999999999545
2023-07-12 10:20:00,2023-07-12 10:35:00,Short,1934.21,1934.63,-0.42000000000007276,SL Hit,1934.63,1,-113.75999999999704,15.0,0.4500000000000455,-0.22000000000002728
2023-07-12 10:45:00,2023-07-12 10:50:00,Short,1933.97,1934.285,-0.31500000000005457,SL Hit,1934.285,1,-114.07499999999709,5.0,0.34999999999990905,-0.14000000000010004
2023-07-12 10:55:00,2023-07-12 11:00:00,Short,1934.2,1934.3049999999998,-0.10499999999979082,SL Hit,1934.3049999999998,1,-114.17999999999688,5.0,0.3999999999998636,-0.17000000000007276
2023-07-12 11:25:00,2023-07-12 11:30:00,Short,1934.21,1934.21,0.0,SL Hit,1934.21,1,-114.17999999999688,5.0,0.9500000000000455,-0.43000000000006366
2023-07-12 11:40:00,2023-07-12 11:50:00,Long,1935.98,1934.975,-1.0050000000001091,SL Hit,1934.975,1,-115.18499999999699,10.0,-2.2799999999999727,0.0
2023-07-12 13:30:00,2023-07-12 22:00:00,Long,1955.425,1956.9,5.900000000000546,SL Hit,1956.9,4,-109.28499999999644,510.0,-4.944999999999936,4.154999999999973
2023-07-12 22:05:00,2023-07-12 22:25:00,Short,1957.75,1957.81,-0.05999999999994543,SL Hit,1957.81,1,-109.34499999999639,20.0,0.2300000000000182,-1.25
2023-07-13 00:20:00,2023-07-13 00:25:00,Long,1958.31,1957.92,-0.38999999999987267,SL Hit,1957.92,1,-109.73499999999626,5.0,-0.9900000000000091,0.2899999999999636
2023-07-13 00:40:00,2023-07-13 01:10:00,Short,1957.1750000000002,1958.79,-3.2299999999995634,SL Hit,1958.79,2,-112.96499999999583,30.0,1.7749999999998636,-0.9750000000001364
2023-07-13 01:15:00,2023-07-13 04:55:00,Long,1958.6066666666666,1958.97,1.090000000000373,SL Hit,1958.97,3,-111.87499999999545,220.0,-2.2566666666666606,3.4733333333333576
2023-07-13 06:00:00,2023-07-13 06:05:00,Short,1955.72,1956.8000000000002,-1.0800000000001546,SL Hit,1956.8000000000002,1,-112.95499999999561,5.0,2.980000000000018,-0.029999999999972715
2023-07-13 06:30:00,2023-07-13 09:10:00,Long,1961.8799999999999,1959.54,-7.019999999999754,SL Hit,1959.54,3,-119.97499999999536,160.0,-2.7799999999999727,1.3300000000001546
2023-07-13 09:15:00,2023-07-13 11:05:00,Short,1959.71,1960.5949999999998,-0.8849999999997635,SL Hit,1960.5949999999998,1,-120.85999999999513,110.0,0.8999999999998636,-2.009999999999991
2023-07-13 11:40:00,2023-07-13 12:20:00,Short,1959.26,1960.37,-1.1099999999999,SL Hit,1960.37,1,-121.96999999999503,40.0,2.630000000000109,-1.0399999999999636
2023-07-13 12:25:00,2023-07-13 12:30:00,Long,1959.43,1958.065,-1.365000000000009,SL Hit,1958.065,1,-123.33499999999503,5.0,-4.320000000000164,3.25
2023-07-13 12:35:00,2023-07-13 15:50:00,Long,1957.76,1956.95,-2.4299999999998363,SL Hit,1956.95,3,-125.76499999999487,195.0,-4.839999999999918,3.9300000000000637
2023-07-13 22:15:00,2023-07-13 22:20:00,Long,1960.58,1960.565,-0.01499999999987267,SL Hit,1960.565,1,-125.77999999999474,5.0,-0.7799999999999727,0.14000000000010004
2023-07-13 22:55:00,2023-07-13 23:00:00,Short,1959.85,1960.165,-0.31500000000005457,SL Hit,1960.165,1,-126.0949999999948,5.0,1.490000000000009,-0.6499999999998636
2023-07-14 00:05:00,2023-07-14 00:10:00,Short,1959.69,1959.69,0.0,SL Hit,1959.69,1,-126.0949999999948,5.0,0.34999999999990905,-0.8900000000001
2023-07-14 04:10:00,2023-07-14 11:05:00,Short,1957.66,1957.11,2.2000000000007276,SL Hit,1957.11,4,-123.89499999999407,415.0,4.069999999999936,-3.380000000000109
2023-07-14 11:10:00,2023-07-14 13:00:00,Long,1956.64,1956.64,0.0,SL Hit,1956.64,1,-123.89499999999407,110.0,-1.3700000000001182,5.939999999999827
2023-07-14 13:10:00,2023-07-14 13:15:00,Short,1955.66,1956.785,-1.125,SL Hit,1956.785,1,-125.01999999999407,5.0,1.4700000000000273,-0.8400000000001455
2023-07-14 15:05:00,2023-07-14 15:15:00,Long,1958.46,1958.2799999999997,-0.18000000000029104,SL Hit,1958.2799999999997,1,-125.19999999999436,10.0,-0.6600000000000819,1.509999999999991
2023-07-14 17:05:00,2023-07-14 19:00:00,Long,1959.3575,1959.0,-1.430000000000291,SL Hit,1959.0,4,-126.62999999999465,115.0,-1.9574999999999818,1.5924999999999727
2023-07-16 22:15:00,2023-07-16 22:20:00,Short,1953.59,1954.205,-0.6150000000000091,SL Hit,1954.205,1,-127.24499999999466,5.0,0.7799999999999727,-0.2599999999999909
2023-07-16 22:25:00,2023-07-17 00:55:00,Short,1954.12,1954.375,-0.25500000000010914,SL Hit,1954.375,1,-127.49999999999477,150.0,0.41000000000008185,-2.9199999999998454
2023-07-17 03:50:00,2023-07-17 04:30:00,Short,1952.02,1952.35,-0.32999999999992724,SL Hit,1952.35,1,-127.8299999999947,40.0,0.4900000000000091,-0.9200000000000728
2023-07-17 05:10:00,2023-07-17 06:05:00,Long,1953.71,1953.5,-0.21000000000003638,SL Hit,1953.5,1,-128.03999999999473,55.0,-0.3500000000001364,3.0499999999999545
2023-07-17 07:20:00,2023-07-17 07:25:00,Short,1951.73,1951.895,-0.16499999999996362,SL Hit,1951.895,1,-128.2049999999947,5.0,0.4700000000000273,-0.9400000000000546
2023-07-17 15:50:00,2023-07-17 16:10:00,Long,1954.19,1954.1000000000001,-0.08999999999991815,SL Hit,1954.1000000000001,1,-128.29499999999462,20.0,-0.2999999999999545,0.9299999999998363
2023-07-17 16:25:00,2023-07-17 17:00:00,Long,1954.4,1954.4,0.0,SL Hit,1954.4,1,-128.29499999999462,35.0,-0.11000000000012733,1.1299999999998818
2023-07-17 20:15:00,2023-07-17 20:20:00,Short,1954.74,1954.74,0.0,SL Hit,1954.74,1,-128.29499999999462,5.0,0.08999999999991815,-0.2300000000000182
2023-07-17 20:30:00,2023-07-17 23:00:00,Short,1954.8,1955.025,-0.22500000000013642,SL Hit,1955.025,1,-128.51999999999475,150.0,0.5299999999999727,-1.2000000000000455
2023-07-18 00:45:00,2023-07-18 06:00:00,Long,1958.17,1958.7,1.5899999999999181,SL Hit,1958.7,3,-126.92999999999483,315.0,-3.269999999999982,3.449999999999818
2023-07-18 06:05:00,2023-07-18 06:45:00,Short,1959.1,1960.075,-0.9750000000001364,SL Hit,1960.075,1,-127.90499999999497,40.0,1.2000000000000455,-1.25
2023-07-18 07:05:00,2023-07-18 07:10:00,Long,1961.5,1961.47,-0.029999999999972715,SL Hit,1961.47,1,-127.93499999999494,5.0,-0.2699999999999818,1.0199999999999818
2023-07-18 08:30:00,2023-07-18 09:35:00,Short,1961.635,1962.88,-2.4900000000002365,SL Hit,1962.88,2,-130.42499999999518,65.0,1.3150000000000546,-1.134999999999991
2023-07-18 09:40:00,2023-07-18 09:45:00,Long,1962.45,1962.27,-0.18000000000006366,SL Hit,1962.27,1,-130.60499999999524,5.0,-0.8500000000001364,0.43000000000006366
2023-07-18 10:05:00,2023-07-18 11:40:00,Long,1961.97,1961.97,0.0,SL Hit,1961.97,1,-130.60499999999524,95.0,-0.7400000000000091,9.149999999999864
2023-07-18 12:45:00,2023-07-18 12:50:00,Short,1961.2,1965.685,-4.4849999999999,SL Hit,1965.685,1,-135.08999999999514,5.0,7.3599999999999,-0.0
2023-07-18 13:20:00,2023-07-18 13:30:00,Long,1968.75,1967.0549999999998,-1.6950000000001637,SL Hit,1967.0549999999998,1,-136.7849999999953,10.0,-4.490000000000009,0.6700000000000728
2023-07-18 16:50:00,2023-07-18 19:05:00,Short,1977.1566666666665,1977.42,-0.7900000000006457,SL Hit,1977.42,3,-137.57499999999595,135.0,1.0233333333335395,-2.4566666666664787
2023-07-18 19:10:00,2023-07-18 19:15:00,Long,1977.52,1977.2949999999998,-0.22500000000013642,SL Hit,1977.2949999999998,1,-137.7999999999961,5.0,-0.41000000000008185,0.4700000000000273
2023-07-18 20:15:00,2023-07-18 20:20:00,Long,1977.92,1977.725,-0.1950000000001637,SL Hit,1977.725,1,-137.99499999999625,5.0,-0.7200000000000273,0.599999999999909
2023-07-19 00:00:00,2023-07-19 00:15:00,Short,1977.59,1977.59,0.0,SL Hit,1977.59,1,-137.99499999999625,15.0,-0.0,-1.1899999999998272
2023-07-19 04:25:00,2023-07-19 04:35:00,Short,1974.73,1974.8799999999999,-0.14999999999986358,SL Hit,1974.8799999999999,1,-138.14499999999612,10.0,0.2400000000000091,-0.31999999999993634
2023-07-19 04:50:00,2023-07-19 05:15:00,Short,1974.31,1975.21,-0.900000000000091,SL Hit,1975.21,1,-139.0449999999962,25.0,1.1400000000001,-0.0
2023-07-19 05:50:00,2023-07-19 06:25:00,Long,1977.04,1975.9,-1.1399999999998727,SL Hit,1975.9,1,-140.18499999999608,35.0,-1.4400000000000546,2.6200000000001182
2023-07-19 06:50:00,2023-07-19 06:55:00,Short,1974.65,1976.4499999999998,-1.7999999999997272,SL Hit,1976.4499999999998,1,-141.9849999999958,5.0,1.8199999999999363,-0.10000000000013642
2023-07-19 07:20:00,2023-07-19 11:15:00,Long,1980.15,1973.04,-14.220000000000255,SL Hit,1973.04,2,-156.20499999999606,235.0,-8.040000000000191,0.6399999999998727
2023-07-19 12:50:00,2023-07-19 13:00:00,Long,1977.77,1976.8400000000001,-0.9299999999998363,SL Hit,1976.8400000000001,1,-157.1349999999959,10.0,-1.4500000000000455,0.4900000000000091
2023-07-19 13:55:00,2023-07-19 14:10:00,Long,1978.1100000000001,1975.63,-4.960000000000036,SL Hit,1975.63,2,-162.09499999999593,15.0,-4.3400000000001455,1.3099999999999454
2023-07-19 18:35:00,2023-07-19 18:55:00,Short,1976.57,1977.575,-1.0050000000001091,SL Hit,1977.575,1,-163.09999999999604,20.0,1.1800000000000637,-0.2699999999999818
2023-07-19 22:10:00,2023-07-19 23:30:00,Long,1977.4266666666665,1976.4,-3.079999999999245,SL Hit,1976.4,3,-166.1799999999953,80.0,-1.1266666666665515,0.46333333333359406
2023-07-19 23:35:00,2023-07-20 00:00:00,Short,1977.35,1977.815,-0.4650000000001455,SL Hit,1977.815,1,-166.64499999999543,25.0,0.8000000000001819,-1.0499999999999545
2023-07-20 00:35:00,2023-07-20 00:40:00,Long,1978.33,1978.0600000000002,-0.26999999999975444,SL Hit,1978.0600000000002,1,-166.9149999999952,5.0,-0.8299999999999272,0.2300000000000182
2023-07-20 00:50:00,2023-07-20 00:55:00,Long,1978.52,1978.3100000000002,-0.209999999999809,SL Hit,1978.3100000000002,1,-167.124999999995,5.0,-0.22000000000002728,0.6300000000001091
2023-07-20 03:05:00,2023-07-20 03:40:00,Long,1985.32,1985.23,-0.08999999999991815,SL Hit,1985.23,1,-167.21499999999492,35.0,-0.6199999999998909,2.0
2023-07-20 07:10:00,2023-07-20 07:15:00,Long,1982.05,1981.42,-0.6299999999998818,SL Hit,1981.42,1,-167.8449999999948,5.0,-1.0499999999999545,0.3400000000001455
2023-07-20 11:00:00,2023-07-20 11:10:00,Short,1980.28,1981.375,-1.0950000000000273,SL Hit,1981.375,1,-168.93999999999482,10.0,1.5199999999999818,-0.20000000000004547
2023-07-20 11:20:00,2023-07-20 11:25:00,Short,1980.63,1981.3649999999998,-0.7349999999996726,SL Hit,1981.3649999999998,1,-169.6749999999945,5.0,1.2799999999999727,-0.7300000000000182
2023-07-20 18:50:00,2023-07-20 19:00:00,Long,1969.1,1969.1,0.0,SL Hit,1969.1,1,-169.6749999999945,10.0,-0.5499999999999545,1.3300000000001546
2023-07-21 00:55:00,2023-07-21 02:05:00,Long,1972.9399999999998,1971.48,-4.379999999999427,SL Hit,1971.48,3,-174.05499999999392,70.0,-1.699999999999818,0.7400000000002365
2023-07-21 02:10:00,2023-07-21 04:30:00,Short,1971.355,1970.85,1.0100000000002183,SL Hit,1970.85,2,-173.0449999999937,140.0,1.0149999999998727,-1.7550000000001091
2023-07-21 04:35:00,2023-07-21 04:40:00,Long,1970.32,1970.275,-0.044999999999845386,SL Hit,1970.275,1,-173.08999999999355,5.0,-0.07999999999992724,0.4500000000000455
2023-07-21 04:50:00,2023-07-21 06:10:00,Short,1969.92,1970.87,-1.8999999999996362,SL Hit,1970.87,2,-174.9899999999932,80.0,1.0499999999999545,-1.8700000000001182
2023-07-21 06:25:00,2023-07-21 07:35:00,Long,1971.52,1968.05,-6.940000000000055,SL Hit,1968.05,2,-181.92999999999324,70.0,-4.430000000000064,0.5399999999999636
2023-07-21 11:40:00,2023-07-21 12:35:00,Long,1964.38,1963.9899999999998,-0.3900000000003274,SL Hit,1963.9899999999998,1,-182.31999999999357,55.0,-0.540000000000191,3.5699999999999363
2023-07-21 13:00:00,2023-07-21 13:35:00,Short,1963.7,1963.7,0.0,SL Hit,1963.7,1,-182.31999999999357,35.0,0.19000000000005457,-4.8900000000001
2023-07-21 14:15:00,2023-07-21 14:25:00,Short,1959.64,1961.0499999999997,-1.409999999999627,SL Hit,1961.0499999999997,1,-183.7299999999932,10.0,1.4199999999998454,-1.540000000000191
2023-07-21 15:10:00,2023-07-21 15:15:00,Short,1960.59,1960.785,-0.1950000000001637,SL Hit,1960.785,1,-183.92499999999336,5.0,1.0600000000001728,-1.1599999999998545
2023-07-21 19:10:00,2023-07-21 19:45:00,Short,1962.33,1962.7800000000002,-0.45000000000027285,SL Hit,1962.7800000000002,1,-184.37499999999363,35.0,0.5700000000001637,-1.2300000000000182
2023-07-21 20:40:00,2023-07-23 19:00:00,Short,1961.67,1962.015,-0.3450000000000273,SL Hit,1962.015,1,-184.71999999999366,2780.0,0.6299999999998818,-0.4700000000000273
2023-07-23 23:00:00,2023-07-23 23:05:00,Short,1961.86,1961.86,0.0,SL Hit,1961.86,1,-184.71999999999366,5.0,0.3100000000001728,-0.959999999999809
2023-07-23 23:35:00,2023-07-23 23:45:00,Short,1960.1,1961.195,-1.0950000000000273,SL Hit,1961.195,1,-185.8149999999937,10.0,1.5600000000001728,-0.0
2023-07-24 00:55:00,2023-07-24 06:55:00,Short,1960.51,1961.74,-4.920000000000073,SL Hit,1961.74,4,-190.73499999999376,360.0,1.8199999999999363,-2.509999999999991
2023-07-24 07:00:00,2023-07-24 08:20:00,Long,1961.94,1961.8650000000002,-0.0749999999998181,SL Hit,1961.8650000000002,1,-190.80999999999358,80.0,-0.22000000000002728,3.3299999999999272
2023-07-24 09:40:00,2023-07-24 09:45:00,Long,1964.98,1964.3049999999998,-0.6750000000001819,SL Hit,1964.3049999999998,1,-191.48499999999376,5.0,-0.8800000000001091,0.37999999999988177
2023-07-24 11:10:00,2023-07-24 13:20:00,Long,1966.8166666666666,1964.1,-8.150000000000091,SL Hit,1964.1,3,-199.63499999999385,130.0,-4.346666666666579,0.8633333333334576
2023-07-24 17:55:00,2023-07-25 00:35:00,Short,1956.0233333333333,1955.01,3.0399999999999636,SL Hit,1955.01,3,-196.5949999999939,400.0,3.366666666666788,-3.2233333333333576
2023-07-25 00:55:00,2023-07-25 07:20:00,Long,1959.4933333333336,1960.4,2.7199999999995725,SL Hit,1960.4,3,-193.87499999999432,385.0,-4.78333333333353,4.116666666666333
2023-07-25 07:25:00,2023-07-25 08:25:00,Short,1960.67,1961.9299999999998,-1.2599999999997635,SL Hit,1961.9299999999998,1,-195.13499999999408,60.0,1.3599999999999,-1.3400000000001455
2023-07-25 14:00:00,2023-07-25 14:55:00,Short,1955.025,1960.89,-11.730000000000018,SL Hit,1960.89,2,-206.8649999999941,55.0,6.754999999999882,-3.0650000000000546
2023-07-25 16:20:00,2023-07-25 16:25:00,Long,1964.65,1963.4649999999997,-1.1850000000004002,SL Hit,1963.4649999999997,1,-208.0499999999945,5.0,-1.4600000000000364,0.3999999999998636
2023-07-25 18:55:00,2023-07-26 01:20:00,Long,1964.2575,1963.9,-1.4299999999993815,SL Hit,1963.9,4,-209.47999999999388,385.0,-1.4574999999999818,1.8725000000001728
2023-07-26 04:40:00,2023-07-26 05:35:00,Short,1963.07,1963.445,-0.375,SL Hit,1963.445,1,-209.85499999999388,55.0,1.0,-1.2699999999999818
2023-07-26 05:55:00,2023-07-26 10:10:00,Long,1968.8166666666666,1971.07,6.759999999999991,SL Hit,1971.07,3,-203.0949999999939,255.0,-4.716666666666697,3.553333333333285
2023-07-26 10:15:00,2023-07-26 10:50:00,Short,1971.18,1971.1950000000002,-0.015000000000100044,SL Hit,1971.1950000000002,1,-203.109999999994,35.0,0.5199999999999818,-1.509999999999991
2023-07-26 11:25:00,2023-07-26 11:50:00,Long,1971.72,1971.72,0.0,SL Hit,1971.72,1,-203.109999999994,25.0,-0.36000000000012733,2.0
2023-07-26 12:30:00,2023-07-26 12:55:00,Long,1973.3,1972.13,-1.1699999999998454,SL Hit,1972.13,1,-204.27999999999383,25.0,-1.2899999999999636,0.5800000000001546
2023-07-26 13:10:00,2023-07-26 15:00:00,Short,1968.63,1969.16,-1.0599999999999454,SL Hit,1969.16,2,-205.33999999999378,110.0,2.1499999999998636,-4.6400000000001
2023-07-26 18:35:00,2023-07-27 01:10:00,Short,1972.36,1975.19,-8.490000000000464,SL Hit,1975.19,3,-213.82999999999424,395.0,5.360000000000127,-3.75
2023-07-27 06:25:00,2023-07-27 06:30:00,Short,1974.24,1975.005,-0.7650000000001,SL Hit,1975.005,1,-214.59499999999434,5.0,1.6800000000000637,-0.20000000000004547
2023-07-27 07:30:00,2023-07-27 08:25:00,Long,1977.88,1977.85,-0.03000000000020009,SL Hit,1977.85,1,-214.62499999999454,55.0,-0.5200000000002092,3.939999999999827
2023-07-27 09:45:00,2023-07-27 11:10:00,Short,1975.1133333333335,1976.74,-4.879999999999654,SL Hit,1976.74,3,-219.5049999999942,85.0,1.826666666666597,-1.4733333333333576
2023-07-27 11:30:00,2023-07-27 12:10:00,Long,1976.7,1975.9650000000001,-0.7349999999999,SL Hit,1975.9650000000001,1,-220.2399999999941,40.0,-1.6600000000000819,2.3799999999998818
2023-07-27 12:30:00,2023-07-27 17:10:00,Short,1956.6875,1947.12,38.27000000000044,SL Hit,1947.12,4,-181.96999999999366,280.0,17.112499999999955,-14.587500000000091
2023-07-27 22:25:00,2023-07-27 22:40:00,Long,1946.9,1946.18,-0.7200000000000273,SL Hit,1946.18,1,-182.6899999999937,15.0,-1.5,0.5299999999999727
2023-07-28 00:00:00,2023-07-28 00:05:00,Long,1947.32,1946.7350000000001,-0.584999999999809,SL Hit,1946.7350000000001,1,-183.2749999999935,5.0,-0.599999999999909,0.38000000000010914
2023-07-28 01:10:00,2023-07-28 05:30:00,Long,1950.4225000000001,1950.71,1.1499999999996362,SL Hit,1950.71,4,-182.12499999999386,260.0,-3.5325000000000273,6.187499999999773
2023-07-28 05:35:00,2023-07-28 09:30:00,Short,1950.2425,1950.28,-0.1499999999996362,SL Hit,1950.28,4,-182.2749999999935,235.0,3.167500000000018,-2.1825000000001182
2023-07-28 09:40:00,2023-07-28 17:30:00,Long,1955.1425,1960.34,20.789999999999964,SL Hit,1960.34,4,-161.48499999999353,470.0,-5.012499999999818,8.31750000000011
2023-07-28 17:35:00,2023-07-30 19:00:00,Short,1959.3975,1959.48,-0.32999999999992724,SL Hit,1959.48,4,-161.81499999999346,2965.0,2.302500000000009,-1.9974999999999454
2023-07-30 20:00:00,2023-07-30 21:00:00,Long,1959.1,1959.1,0.0,SL Hit,1959.1,1,-161.81499999999346,60.0,0.0,0.0
2023-07-31 00:40:00,2023-07-31 00:55:00,Short,1957.16,1957.565,-0.4049999999999727,SL Hit,1957.565,1,-162.21999999999343,15.0,1.1799999999998363,-0.9600000000000364
2023-07-31 01:00:00,2023-07-31 06:15:00,Short,1956.28,1955.29,2.9700000000000273,SL Hit,1955.29,3,-159.2499999999934,315.0,2.1100000000001273,-3.3799999999998818
2023-07-31 08:30:00,2023-07-31 09:00:00,Short,1954.34,1954.535,-0.1950000000001637,SL Hit,1954.535,1,-159.44499999999357,30.0,0.4800000000000182,-1.5499999999999545
2023-07-31 16:45:00,2023-07-31 16:50:00,Long,1972.05,1970.8200000000002,-1.2299999999997908,SL Hit,1970.8200000000002,1,-160.67499999999336,5.0,-1.849999999999909,0.05999999999994543
2023-07-31 17:40:00,2023-08-01 09:30:00,Short,1963.4420000000002,1957.08,31.810000000001537,SL Hit,1957.08,5,-128.86499999999182,950.0,7.637999999999693,-9.14200000000028
2023-08-01 10:10:00,2023-08-01 10:15:00,Long,1956.73,1956.325,-0.4049999999999727,SL Hit,1956.325,1,-129.2699999999918,5.0,-1.349999999999909,0.40000000000009095
2023-08-01 12:00:00,2023-08-01 18:05:00,Short,1947.3425,1943.43,15.649999999999636,SL Hit,1943.43,4,-113.61999999999216,365.0,8.447499999999991,-6.052500000000009
2023-08-01 18:10:00,2023-08-01 20:50:00,Long,1944.3375,1943.9,-1.75,SL Hit,1943.9,4,-115.36999999999216,160.0,-1.737500000000182,1.0924999999999727
2023-08-01 20:55:00,2023-08-01 22:00:00,Short,1944.06,1944.06,0.0,SL Hit,1944.06,1,-115.36999999999216,65.0,7.240000000000009,-0.10999999999989996
2023-08-01 23:10:00,2023-08-01 23:15:00,Long,1950.63,1950.5849999999998,-0.04500000000030013,SL Hit,1950.5849999999998,1,-115.41499999999246,5.0,-0.6300000000001091,0.459999999999809
2023-08-02 00:05:00,2023-08-02 00:30:00,Long,1951.18,1948.5100000000002,-2.6699999999998454,SL Hit,1948.5100000000002,1,-118.0849999999923,25.0,-3.0800000000001546,0.0
2023-08-02 04:35:00,2023-08-02 05:05:00,Short,1947.13,1947.955,-0.8249999999998181,SL Hit,1947.955,1,-118.90999999999212,30.0,0.9899999999997817,-2.230000000000018
2023-08-02 05:55:00,2023-08-02 06:15:00,Long,1949.68,1948.1950000000002,-1.4849999999999,SL Hit,1948.1950000000002,1,-120.39499999999202,20.0,-1.9800000000000182,0.5099999999999909
2023-08-02 06:40:00,2023-08-02 07:50:00,Long,1949.4799999999998,1947.78,-5.099999999999454,SL Hit,1947.78,3,-125.49499999999148,70.0,-2.3799999999998818,0.6400000000001
2023-08-02 07:55:00,2023-08-02 08:00:00,Short,1948.86,1949.1599999999999,-0.2999999999999545,SL Hit,1949.1599999999999,1,-125.79499999999143,5.0,1.0300000000002,-1.259999999999991
2023-08-02 12:20:00,2023-08-02 12:25:00,Short,1947.61,1947.61,0.0,SL Hit,1947.61,1,-125.79499999999143,5.0,0.5,-1.6699999999998454
2023-08-02 12:35:00,2023-08-02 12:45:00,Short,1947.66,1947.66,0.0,SL Hit,1947.66,1,-125.79499999999143,10.0,0.459999999999809,-3.660000000000082
2023-08-02 14:05:00,2023-08-02 17:25:00,Short,1939.3866666666665,1938.4,2.9599999999993543,SL Hit,1938.4,3,-122.83499999999208,200.0,4.803333333333512,-5.946666666666488
2023-08-02 17:35:00,2023-08-02 17:55:00,Long,1937.28,1936.62,-0.6600000000000819,SL Hit,1936.62,1,-123.49499999999216,20.0,-0.8099999999999454,0.8199999999999363
2023-08-02 18:10:00,2023-08-02 19:00:00,Short,1935.9,1936.4699999999998,-0.569999999999709,SL Hit,1936.4699999999998,1,-124.06499999999187,50.0,0.8399999999999181,-0.7000000000000455
2023-08-02 19:10:00,2023-08-02 19:15:00,Short,1935.63,1935.63,0.0,SL Hit,1935.63,1,-124.06499999999187,5.0,0.07999999999992724,-1.0300000000002
2023-08-02 20:20:00,2023-08-02 22:00:00,Short,1935.17,1935.3799999999999,-0.209999999999809,SL Hit,1935.3799999999999,1,-124.27499999999168,100.0,0.2400000000000091,-1.5700000000001637
2023-08-02 22:55:00,2023-08-02 23:30:00,Long,1936.81,1935.295,-1.5149999999998727,SL Hit,1935.295,1,-125.78999999999155,35.0,-2.009999999999991,0.0
2023-08-03 01:30:00,2023-08-03 01:55:00,Long,1936.77,1936.74,-0.029999999999972715,SL Hit,1936.74,1,-125.81999999999152,25.0,-0.6700000000000728,2.019999999999982
2023-08-03 06:10:00,2023-08-03 06:20:00,Long,1934.79,1933.9050000000002,-0.8849999999997635,SL Hit,1933.9050000000002,1,-126.70499999999129,10.0,-1.5399999999999636,0.40000000000009095
2023-08-03 06:55:00,2023-08-03 07:25:00,Short,1933.16,1934.0149999999999,-0.8549999999997908,SL Hit,1934.0149999999999,1,-127.55999999999108,30.0,1.0199999999999818,-2.160000000000082
2023-08-03 07:50:00,2023-08-03 08:15:00,Long,1935.91,1935.3999999999999,-0.5100000000002183,SL Hit,1935.3999999999999,1,-128.0699999999913,25.0,-0.5500000000001819,2.2899999999999636
2023-08-03 09:55:00,2023-08-03 10:20:00,Short,1936.06,1936.435,-0.375,SL Hit,1936.435,1,-128.4449999999913,25.0,1.2799999999999727,-0.9700000000000273
2023-08-03 10:35:00,2023-08-03 12:40:00,Short,1933.1733333333334,1937.04,-11.599999999999682,SL Hit,1937.04,3,-140.04499999999098,125.0,4.946666666666488,-3.423333333333403
2023-08-03 14:35:00,2023-08-03 14:45:00,Long,1936.29,1936.29,0.0,SL Hit,1936.29,1,-140.04499999999098,10.0,-1.7899999999999636,1.3700000000001182
2023-08-03 15:20:00,2023-08-03 15:40:00,Long,1938.18,1935.975,-2.2050000000001546,SL Hit,1935.975,1,-142.24999999999113,20.0,-2.7899999999999636,0.0
2023-08-03 22:15:00,2023-08-03 23:00:00,Long,1934.61,1934.5349999999999,-0.07500000000004547,SL Hit,1934.5349999999999,1,-142.32499999999118,45.0,-0.5099999999999909,2.1900000000000546
2023-08-04 01:10:00,2023-08-04 01:15:00,Long,1936.39,1936.1799999999998,-0.21000000000026375,SL Hit,1936.1799999999998,1,-142.53499999999144,5.0,-0.8000000000001819,0.6999999999998181
2023-08-04 01:35:00,2023-08-04 01:50:00,Long,1936.09,1935.8650000000002,-0.22499999999968168,SL Hit,1935.8650000000002,1,-142.75999999999112,15.0,-0.3999999999998636,0.7599999999999909
2023-08-04 04:25:00,2023-08-04 05:20:00,Short,1933.7,1935.455,-1.7549999999998818,SL Hit,1935.455,1,-144.514999999991,55.0,2.0,-0.4700000000000273
2023-08-04 05:35:00,2023-08-04 06:05:00,Long,1936.51,1934.695,-1.8150000000000546,SL Hit,1934.695,1,-146.32999999999106,30.0,-2.4500000000000455,0.849999999999909
2023-08-04 06:15:00,2023-08-04 09:15:00,Short,1933.7466666666667,1934.01,-0.7899999999999636,SL Hit,1934.01,3,-147.11999999999102,180.0,1.2133333333333667,-1.8466666666665787
2023-08-04 09:20:00,2023-08-04 09:25:00,Long,1933.62,1933.605,-0.01499999999987267,SL Hit,1933.605,1,-147.1349999999909,5.0,-0.8199999999999363,0.14000000000010004
2023-08-04 10:40:00,2023-08-04 11:05:00,Short,1931.58,1933.065,-1.4850000000001273,SL Hit,1933.065,1,-148.61999999999102,25.0,1.6900000000000546,-0.0
2023-08-04 12:15:00,2023-08-04 12:20:00,Short,1931.04,1931.82,-0.7799999999999727,SL Hit,1931.82,1,-149.399999999991,5.0,1.7000000000000455,-0.44000000000005457
2023-08-04 18:20:00,2023-08-04 18:40:00,Short,1940.62,1940.995,-0.375,SL Hit,1940.995,1,-149.774999999991,20.0,0.4600000000000364,-1.2199999999998
2023-08-04 20:45:00,2023-08-07 01:30:00,Long,1942.33,1941.5349999999999,-0.7950000000000728,SL Hit,1941.5349999999999,1,-150.56999999999107,3165.0,-0.9299999999998363,2.4500000000000455
2023-08-07 02:20:00,2023-08-07 03:10:00,Short,1941.12,1941.5100000000002,-0.3900000000003274,SL Hit,1941.5100000000002,1,-150.9599999999914,50.0,0.4600000000000364,-1.3199999999999363
2023-08-07 08:15:00,2023-08-07 08:45:00,Short,1934.87,1936.1000000000001,-1.2300000000002456,SL Hit,1936.1000000000001,1,-152.18999999999164,30.0,1.6900000000000546,-0.4099999999998545
2023-08-07 09:50:00,2023-08-07 10:00:00,Short,1934.54,1935.0500000000002,-0.5100000000002183,SL Hit,1935.0500000000002,1,-152.69999999999186,10.0,0.9700000000000273,-0.35999999999989996
2023-08-07 10:05:00,2023-08-07 10:50:00,Short,1935.21,1935.3899999999999,-0.1799999999998363,SL Hit,1935.3899999999999,1,-152.8799999999917,45.0,0.30999999999994543,-1.9100000000000819
2023-08-07 14:10:00,2023-08-07 14:15:00,Short,1934.28,1935.795,-1.5150000000001,SL Hit,1935.795,1,-154.3949999999918,5.0,1.8700000000001182,-0.9700000000000273
2023-08-07 15:00:00,2023-08-07 17:40:00,Short,1933.8249999999998,1936.66,-5.6700000000005275,SL Hit,1936.66,2,-160.06499999999232,160.0,3.1150000000002365,-1.8949999999997544
2023-08-07 17:45:00,2023-08-07 19:40:00,Long,1936.88,1935.3,-3.1600000000003092,SL Hit,1935.3,2,-163.22499999999263,115.0,-1.5800000000001546,0.7299999999997908
2023-08-07 20:30:00,2023-08-07 20:40:00,Short,1935.86,1936.055,-0.1950000000001637,SL Hit,1936.055,1,-163.4199999999928,10.0,0.39000000000010004,-0.1799999999998363
2023-08-08 00:20:00,2023-08-08 05:45:00,Short,1934.5966666666666,1934.55,0.13999999999987267,SL Hit,1934.55,3,-163.27999999999292,325.0,1.4033333333334213,-3.2866666666666333
2023-08-08 05:55:00,2023-08-08 06:05:00,Long,1934.41,1933.225,-1.1850000000001728,SL Hit,1933.225,1,-164.4649999999931,10.0,-1.8700000000001182,0.06999999999993634
2023-08-08 07:05:00,2023-08-08 07:10:00,Short,1933.11,1933.29,-0.18000000000006366,SL Hit,1933.29,1,-164.64499999999316,5.0,0.3300000000001546,-0.3999999999998636
2023-08-08 07:30:00,2023-08-08 08:50:00,Short,1931.79,1934.14,-4.700000000000273,SL Hit,1934.14,2,-169.34499999999343,80.0,2.6000000000001364,-1.5699999999999363
2023-08-08 11:05:00,2023-08-08 11:10:00,Short,1930.48,1931.7549999999999,-1.2749999999998636,SL Hit,1931.7549999999999,1,-170.6199999999933,5.0,2.009999999999991,-0.16000000000008185
2023-08-08 13:35:00,2023-08-08 14:15:00,Short,1925.41,1928.155,-2.744999999999891,SL Hit,1928.155,1,-173.3649999999932,40.0,2.75,-2.550000000000182
2023-08-08 14:30:00,2023-08-08 14:50:00,Long,1929.99,1927.755,-2.2349999999999,SL Hit,1927.755,1,-175.5999999999931,20.0,-2.630000000000109,1.7799999999999727
2023-08-08 17:25:00,2023-08-08 17:35:00,Short,1924.28,1925.87,-1.5899999999999181,SL Hit,1925.87,1,-177.189999999993,10.0,2.0699999999999363,-0.0
2023-08-08 20:00:00,2023-08-08 20:05:00,Short,1924.65,1924.9199999999998,-0.26999999999975444,SL Hit,1924.9199999999998,1,-177.45999999999276,5.0,0.35999999999989996,-0.8500000000001364
2023-08-09 01:25:00,2023-08-09 06:20:00,Long,1928.9575,1929.2,0.9700000000002547,SL Hit,1929.2,4,-176.4899999999925,295.0,-2.5674999999998818,3.2725000000000364
2023-08-09 06:25:00,2023-08-09 06:30:00,Short,1929.0,1930.3200000000002,-1.3200000000001637,SL Hit,1930.3200000000002,1,-177.80999999999267,5.0,1.5499999999999545,-0.0
2023-08-09 08:35:00,2023-08-09 14:05:00,Short,1926.29,1926.26,0.08999999999991815,SL Hit,1926.26,3,-177.71999999999275,330.0,2.5499999999999545,-5.690000000000055
2023-08-09 14:10:00,2023-08-09 14:25:00,Long,1925.78,1922.96,-2.8199999999999363,SL Hit,1922.96,1,-180.5399999999927,15.0,-3.1399999999998727,1.6100000000001273
2023-08-09 17:45:00,2023-08-09 23:25:00,Short,1915.4566666666667,1916.77,-3.939999999999827,SL Hit,1916.77,3,-184.47999999999251,340.0,1.4033333333331939,-2.056666666666615
2023-08-09 23:30:00,2023-08-10 00:20:00,Long,1916.47,1915.6,-1.7400000000002365,SL Hit,1915.6,2,-186.21999999999275,50.0,-1.3700000000001182,0.31999999999993634
2023-08-10 00:25:00,2023-08-10 00:45:00,Short,1915.87,1916.44,-0.5700000000001637,SL Hit,1916.44,1,-186.78999999999292,20.0,0.900000000000091,-0.7699999999999818
2023-08-10 01:05:00,2023-08-10 01:10:00,Long,1916.67,1915.3799999999999,-1.290000000000191,SL Hit,1915.3799999999999,1,-188.0799999999931,5.0,-1.6700000000000728,0.0
2023-08-10 01:15:00,2023-08-10 01:30:00,Short,1914.8,1917.77,-2.9700000000000273,SL Hit,1917.77,1,-191.04999999999313,15.0,3.1200000000001182,-0.0
2023-08-10 04:35:00,2023-08-10 05:25:00,Short,1916.7,1917.9299999999998,-1.2299999999997908,SL Hit,1917.9299999999998,1,-192.27999999999292,50.0,1.259999999999991,-0.7400000000000091
2023-08-10 06:15:00,2023-08-10 06:25:00,Short,1916.98,1916.98,0.0,SL Hit,1916.98,1,-192.27999999999292,10.0,0.4800000000000182,-0.6600000000000819
2023-08-10 08:35:00,2023-08-10 13:25:00,Long,1920.775,1920.8,0.04999999999972715,SL Hit,1920.8,2,-192.2299999999932,290.0,-1.9450000000001637,8.74499999999989
2023-08-10 13:40:00,2023-08-11 01:00:00,Short,1918.2375000000002,1914.99,12.990000000000691,SL Hit,1914.99,4,-179.2399999999925,680.0,6.852499999999736,-7.337500000000091
2023-08-11 01:15:00,2023-08-11 01:25:00,Long,1914.78,1914.42,-0.35999999999989996,SL Hit,1914.42,1,-179.5999999999924,10.0,-1.0799999999999272,0.6300000000001091
2023-08-11 03:30:00,2023-08-11 03:55:00,Short,1914.31,1914.31,0.0,SL Hit,1914.31,1,-179.5999999999924,25.0,0.41000000000008185,-1.509999999999991
2023-08-11 04:45:00,2023-08-11 04:50:00,Short,1912.77,1912.9350000000002,-0.165000000000191,SL Hit,1912.9350000000002,1,-179.7649999999926,5.0,0.7999999999999545,-0.36999999999989086
2023-08-11 04:55:00,2023-08-11 05:20:00,Short,1913.18,1913.4950000000001,-0.31500000000005457,SL Hit,1913.4950000000001,1,-180.07999999999265,25.0,0.4299999999998363,-0.8800000000001091
2023-08-11 05:50:00,2023-08-11 05:55:00,Long,1915.57,1915.4650000000001,-0.10499999999979082,SL Hit,1915.4650000000001,1,-180.18499999999244,5.0,-0.15999999999985448,0.2899999999999636
2023-08-11 07:35:00,2023-08-11 07:40:00,Long,1916.97,1916.73,-0.2400000000000091,SL Hit,1916.73,1,-180.42499999999245,5.0,-0.2599999999999909,0.30999999999994543
2023-08-11 08:35:00,2023-08-11 10:55:00,Long,1917.9025,1917.13,-3.089999999999236,SL Hit,1917.13,4,-183.5149999999917,140.0,-0.9024999999999181,1.7575000000001637
2023-08-11 11:00:00,2023-08-11 11:35:00,Short,1917.6950000000002,1918.3,-1.2099999999995816,SL Hit,1918.3,2,-184.72499999999127,35.0,0.9849999999999,-0.29500000000007276
2023-08-11 13:40:00,2023-08-11 14:00:00,Short,1916.01,1918.2150000000001,-2.2050000000001546,SL Hit,1918.2150000000001,1,-186.92999999999142,20.0,3.2200000000000273,-1.8599999999999
2023-08-11 15:50:00,2023-08-11 16:05:00,Short,1913.07,1914.7800000000002,-1.7100000000002638,SL Hit,1914.7800000000002,1,-188.6399999999917,15.0,1.75,-0.05999999999994543
2023-08-11 17:55:00,2023-08-11 18:00:00,Short,1913.4,1913.4,0.0,SL Hit,1913.4,1,-188.6399999999917,5.0,0.07999999999992724,-1.1000000000001364
2023-08-11 19:10:00,2023-08-11 19:15:00,Short,1912.87,1912.9150000000002,-0.04500000000030013,SL Hit,1912.9150000000002,1,-188.684999999992,5.0,0.08000000000015461,-0.5499999999999545
2023-08-11 19:55:00,2023-08-11 20:05:00,Long,1913.33,1913.33,0.0,SL Hit,1913.33,1,-188.684999999992,10.0,-0.029999999999972715,0.5199999999999818
2023-08-13 21:00:00,2023-08-13 22:00:00,Long,1913.46,1913.46,0.0,SL Hit,1913.46,1,-188.684999999992,60.0,-0.6600000000000819,1.490000000000009
2023-08-13 22:05:00,2023-08-13 22:45:00,Long,1913.855,1912.8,-2.1100000000001273,SL Hit,1912.8,2,-190.79499999999211,40.0,-1.1549999999999727,1.2449999999998909
2023-08-13 22:50:00,2023-08-14 01:45:00,Short,1912.5733333333335,1911.96,1.840000000000373,SL Hit,1911.96,3,-188.95499999999174,175.0,1.676666666666506,-3.073333333333494
2023-08-14 03:25:00,2023-08-14 03:30:00,Long,1912.64,1912.355,-0.28500000000008185,SL Hit,1912.355,1,-189.23999999999182,5.0,-0.3300000000001546,0.2400000000000091
2023-08-14 04:50:00,2023-08-14 05:25:00,Short,1912.32,1912.99,-1.3400000000001455,SL Hit,1912.99,2,-190.57999999999197,35.0,1.1400000000001,-0.4099999999998545
2023-08-14 20:00:00,2023-08-14 20:10:00,Short,1907.44,1907.605,-0.16499999999996362,SL Hit,1907.605,1,-190.74499999999193,10.0,0.30999999999994543,-0.19000000000005457
2023-08-14 22:10:00,2023-08-14 23:50:00,Short,1907.45,1907.7200000000003,-0.2700000000002092,SL Hit,1907.7200000000003,1,-191.01499999999214,100.0,0.4900000000000091,-2.0900000000001455
2023-08-15 01:35:00,2023-08-15 01:40:00,Short,1904.52,1904.6399999999999,-0.11999999999989086,SL Hit,1904.6399999999999,1,-191.13499999999203,5.0,1.759999999999991,-1.0199999999999818
2023-08-15 01:55:00,2023-08-15 02:00:00,Long,1907.26,1905.31,-1.9500000000000455,SL Hit,1905.31,1,-193.08499999999208,5.0,-2.150000000000091,0.0
2023-08-15 05:25:00,2023-08-15 05:35:00,Long,1907.34,1905.285,-2.0549999999998363,SL Hit,1905.285,1,-195.13999999999191,10.0,-2.759999999999991,0.0
2023-08-15 06:45:00,2023-08-15 11:40:00,Short,1904.1133333333335,1903.79,1.940000000000964,SL Hit,1903.79,6,-193.19999999999095,295.0,1.3066666666666151,-2.2133333333333667
2023-08-15 11:45:00,2023-08-15 12:20:00,Long,1903.385,1901.9,-2.9699999999998,SL Hit,1901.9,2,-196.16999999999075,35.0,-2.3150000000000546,0.9649999999999181
2023-08-15 12:25:00,2023-08-15 12:45:00,Short,1902.54,1904.35,-3.619999999999891,SL Hit,1904.35,2,-199.78999999999064,20.0,2.8199999999999363,-5.849999999999909
2023-08-15 12:55:00,2023-08-15 13:00:00,Long,1903.28,1902.7250000000001,-0.5549999999998363,SL Hit,1902.7250000000001,1,-200.34499999999048,5.0,-1.2699999999999818,1.6400000000001
2023-08-15 18:50:00,2023-08-15 19:35:00,Short,1903.44,1903.44,0.0,SL Hit,1903.44,1,-200.34499999999048,45.0,0.2400000000000091,-1.5399999999999636
2023-08-15 22:45:00,2023-08-16 00:20:00,Short,1901.16,1902.225,-1.0649999999998272,SL Hit,1902.225,1,-201.4099999999903,95.0,1.209999999999809,-0.9400000000000546
2023-08-16 00:25:00,2023-08-16 01:10:00,Long,1902.21,1901.3249999999998,-0.8850000000002183,SL Hit,1901.3249999999998,1,-202.29499999999052,45.0,-0.9300000000000637,0.10999999999989996
2023-08-16 03:55:00,2023-08-16 05:00:00,Short,1903.775,1904.46,-1.3699999999998909,SL Hit,1904.46,2,-203.6649999999904,65.0,0.6949999999999363,-0.9350000000001728
2023-08-16 05:05:00,2023-08-16 05:15:00,Long,1904.31,1904.13,-0.1799999999998363,SL Hit,1904.13,1,-203.84499999999025,10.0,-0.8099999999999454,0.5900000000001455
2023-08-16 05:55:00,2023-08-16 07:20:00,Long,1904.43,1904.43,0.0,SL Hit,1904.43,1,-203.84499999999025,85.0,-0.19000000000005457,1.990000000000009
2023-08-16 10:55:00,2023-08-17 04:55:00,Short,1899.9833333333333,1893.81,37.04000000000042,SL Hit,1893.81,6,-166.80499999998983,1080.0,6.60666666666657,-10.24333333333334
2023-08-17 06:10:00,2023-08-17 08:50:00,Long,1894.743333333333,1894.8,0.1700000000005275,SL Hit,1894.8,3,-166.6349999999893,160.0,-1.503333333333103,2.5766666666668243
2023-08-17 11:40:00,2023-08-17 13:45:00,Long,1900.225,1897.33,-5.789999999999964,SL Hit,1897.33,2,-172.42499999998927,125.0,-3.6649999999999636,2.7350000000001273
2023-08-17 22:25:00,2023-08-18 02:50:00,Long,1891.04,1893.08,6.119999999999891,SL Hit,1893.08,3,-166.30499999998938,265.0,-2.1399999999998727,3.9700000000000273
2023-08-18 02:55:00,2023-08-18 05:55:00,Short,1893.1750000000002,1893.54,-0.7299999999995634,SL Hit,1893.54,2,-167.03499999998894,180.0,0.834999999999809,-2.8750000000002274
2023-08-18 08:30:00,2023-08-18 10:05:00,Short,1892.51,1893.5900000000001,-1.0800000000001546,SL Hit,1893.5900000000001,1,-168.1149999999891,95.0,1.7999999999999545,-1.8099999999999454
2023-08-18 13:30:00,2023-08-18 13:35:00,Long,1893.3,1891.875,-1.4249999999999545,SL Hit,1891.875,1,-169.53999999998905,5.0,-2.2799999999999727,1.3800000000001091
2023-08-18 16:55:00,2023-08-18 17:00:00,Short,1889.24,1890.0949999999998,-0.8549999999997908,SL Hit,1890.0949999999998,1,-170.39499999998884,5.0,0.9700000000000273,-0.2799999999999727
2023-08-18 18:20:00,2023-08-18 18:25:00,Short,1887.87,1888.035,-0.165000000000191,SL Hit,1888.035,1,-170.55999999998903,5.0,0.650000000000091,-0.1899999999998272
2023-08-18 20:45:00,2023-08-22 12:20:00,Long,1895.27,1901.3,24.11999999999989,SL Hit,1901.3,4,-146.43999999998914,5255.0,-6.289999999999964,8.980000000000018
2023-08-22 18:40:00,2023-08-22 18:45:00,Short,1896.52,1897.48,-0.9600000000000364,SL Hit,1897.48,1,-147.39999999998918,5.0,0.9800000000000182,-0.08999999999991815
2023-08-22 23:40:00,2023-08-22 23:55:00,Long,1898.18,1898.1200000000001,-0.05999999999994543,SL Hit,1898.1200000000001,1,-147.45999999998912,15.0,-0.4800000000000182,0.36999999999989086
2023-08-23 01:20:00,2023-08-23 04:25:00,Long,1900.6566666666668,1900.1,-1.6700000000005275,SL Hit,1900.1,3,-149.12999999998965,185.0,-0.6566666666667516,1.9033333333331939
2023-08-23 04:30:00,2023-08-23 04:35:00,Short,1901.1,1901.6100000000001,-0.5100000000002183,SL Hit,1901.6100000000001,1,-149.63999999998987,5.0,0.7300000000000182,-0.5
2023-08-23 06:35:00,2023-08-23 07:05:00,Long,1903.515,1902.37,-2.2900000000004184,SL Hit,1902.37,2,-151.9299999999903,30.0,-1.415000000000191,1.074999999999818
2023-08-23 07:10:00,2023-08-23 08:10:00,Short,1903.0300000000002,1904.59,-3.119999999999436,SL Hit,1904.59,2,-155.04999999998972,60.0,1.8799999999998818,-1.1600000000003092
2023-08-23 08:25:00,2023-08-23 09:25:00,Long,1903.93,1903.4049999999997,-0.5250000000003183,SL Hit,1903.4049999999997,1,-155.57499999999004,60.0,-0.8200000000001637,1.4600000000000364
2023-08-23 09:50:00,2023-08-23 09:55:00,Short,1902.23,1902.56,-0.32999999999992724,SL Hit,1902.56,1,-155.90499999998997,5.0,0.34999999999990905,-0.009999999999990905
2023-08-23 10:40:00,2023-08-23 10:50:00,Short,1901.97,1902.4499999999998,-0.4799999999997908,SL Hit,1902.4499999999998,1,-156.38499999998976,10.0,1.4800000000000182,-0.43000000000006366
2023-08-23 16:05:00,2023-08-23 16:25:00,Long,1918.55,1918.4450000000002,-0.10499999999979082,SL Hit,1918.4450000000002,1,-156.48999999998955,20.0,-0.34999999999990905,1.009999999999991
2023-08-23 18:05:00,2023-08-23 23:30:00,Short,1917.38,1917.42,-0.07999999999992724,SL Hit,1917.42,2,-156.56999999998948,325.0,0.6199999999998909,-3.020000000000209
2023-08-23 23:35:00,2023-08-23 23:40:00,Long,1917.34,1917.13,-0.209999999999809,SL Hit,1917.13,1,-156.7799999999893,5.0,-0.5099999999999909,0.14000000000010004
2023-08-23 23:45:00,2023-08-23 23:50:00,Long,1917.48,1916.9700000000003,-0.5099999999997635,SL Hit,1916.9700000000003,1,-157.28999999998905,5.0,-0.8800000000001091,0.17000000000007276
2023-08-24 00:05:00,2023-08-24 01:20:00,Long,1917.52,1917.3100000000002,-0.209999999999809,SL Hit,1917.3100000000002,1,-157.49999999998886,75.0,-0.7200000000000273,1.6600000000000819
2023-08-24 04:25:00,2023-08-24 04:30:00,Long,1921.2,1920.9,-0.2999999999999545,SL Hit,1920.9,1,-157.7999999999888,5.0,-1.1400000000001,0.029999999999972715
2023-08-24 05:40:00,2023-08-24 07:45:00,Long,1921.5,1919.9,-3.199999999999818,SL Hit,1919.9,2,-160.99999999998863,125.0,-1.599999999999909,1.0899999999999181
2023-08-24 08:05:00,2023-08-24 08:25:00,Short,1920.53,1921.8650000000002,-1.3350000000002638,SL Hit,1921.8650000000002,1,-162.3349999999889,20.0,1.3900000000001,-0.5099999999999909
2023-08-24 09:00:00,2023-08-24 09:05:00,Short,1920.1,1920.79,-0.6900000000000546,SL Hit,1920.79,1,-163.02499999998895,5.0,0.7200000000000273,-0.0
2023-08-24 09:20:00,2023-08-24 09:30:00,Short,1920.13,1920.34,-0.209999999999809,SL Hit,1920.34,1,-163.23499999998876,10.0,0.30999999999994543,-1.0300000000002
2023-08-24 09:40:00,2023-08-24 09:45:00,Short,1919.83,1920.025,-0.1950000000001637,SL Hit,1920.025,1,-163.42999999998892,5.0,0.22000000000002728,-0.2599999999999909
2023-08-24 09:50:00,2023-08-24 10:05:00,Short,1920.24,1920.255,-0.015000000000100044,SL Hit,1920.255,1,-163.44499999998902,15.0,0.41000000000008185,-1.9400000000000546
2023-08-24 13:45:00,2023-08-24 13:50:00,Short,1914.28,1915.84,-1.5599999999999454,SL Hit,1915.84,1,-165.00499999998897,5.0,1.8299999999999272,-0.08999999999991815
2023-08-24 20:00:00,2023-08-25 01:45:00,Short,1916.55,1916.52,0.05999999999994543,SL Hit,1916.52,2,-164.94499999998902,345.0,0.8800000000001091,-1.8699999999998909
2023-08-25 03:00:00,2023-08-25 05:50:00,Short,1914.0,1914.39,-1.1700000000003001,SL Hit,1914.39,3,-166.11499999998932,170.0,0.9400000000000546,-1.7000000000000455
2023-08-25 05:55:00,2023-08-25 06:00:00,Long,1914.12,1914.09,-0.029999999999972715,SL Hit,1914.09,1,-166.1449999999893,5.0,-0.33999999999991815,0.41000000000008185
2023-08-25 11:10:00,2023-08-25 12:55:00,Long,1917.175,1915.8,-2.75,SL Hit,1915.8,2,-168.8949999999893,105.0,-1.6749999999999545,2.9750000000001364
2023-08-25 13:00:00,2023-08-25 14:00:00,Short,1916.99,1917.455,-0.46499999999991815,SL Hit,1917.455,1,-169.3599999999892,60.0,4.1099999999999,-5.7000000000000455
2023-08-25 14:05:00,2023-08-25 14:10:00,Short,1919.57,1919.7350000000001,-0.165000000000191,SL Hit,1919.7350000000001,1,-169.5249999999894,5.0,0.42000000000007276,-3.689999999999827
2023-08-25 14:20:00,2023-08-25 14:25:00,Long,1917.33,1911.36,-5.970000000000027,SL Hit,1911.36,1,-175.49499999998943,5.0,-7.039999999999964,0.2400000000000091
2023-08-25 16:30:00,2023-08-25 16:40:00,Long,1909.91,1909.91,0.0,SL Hit,1909.91,1,-175.49499999998943,10.0,-0.2300000000000182,0.5599999999999454
2023-08-25 16:45:00,2023-08-28 04:30:00,Long,1913.7225,1914.7,3.9099999999998545,SL Hit,1914.7,4,-171.58499999998958,3585.0,-5.122500000000173,3.4974999999999454
2023-08-28 04:35:00,2023-08-28 05:15:00,Short,1914.2,1915.8799999999999,-1.6799999999998363,SL Hit,1915.8799999999999,1,-173.2649999999894,40.0,2.0699999999999363,-0.0
2023-08-28 07:15:00,2023-08-28 12:00:00,Short,1914.4966666666667,1915.29,-2.3799999999998818,SL Hit,1915.29,3,-175.6449999999893,285.0,1.4633333333333667,-1.3966666666667606
2023-08-28 12:05:00,2023-08-28 12:15:00,Long,1914.1,1914.1,0.0,SL Hit,1914.1,1,-175.6449999999893,10.0,-0.6099999999999,1.1900000000000546
2023-08-28 12:25:00,2023-08-28 12:30:00,Long,1915.03,1914.295,-0.7349999999999,SL Hit,1914.295,1,-176.3799999999892,5.0,-1.7100000000000364,0.33999999999991815
2023-08-28 12:40:00,2023-08-28 13:30:00,Long,1915.74,1913.32,-4.8400000000001455,SL Hit,1913.32,2,-181.21999999998934,50.0,-2.5799999999999272,1.9500000000000455
2023-08-28 13:50:00,2023-08-28 17:05:00,Long,1920.08,1917.7,-7.139999999999645,SL Hit,1917.7,3,-188.359999999989,195.0,-3.6299999999998818,5.710000000000036
2023-08-29 00:05:00,2023-08-29 00:25:00,Long,1920.4,1920.4,0.0,SL Hit,1920.4,1,-188.359999999989,20.0,-0.20000000000004547,1.5499999999999545
2023-08-29 01:05:00,2023-08-29 06:45:00,Long,1923.283333333333,1923.1,-0.5499999999994998,SL Hit,1923.1,3,-188.9099999999885,340.0,-2.483333333333121,2.386666666666997
2023-08-29 06:50:00,2023-08-29 07:30:00,Short,1923.09,1923.5400000000002,-0.45000000000027285,SL Hit,1923.5400000000002,1,-189.35999999998876,40.0,1.2200000000000273,-1.2300000000000182
2023-08-29 09:20:00,2023-08-29 09:25:00,Short,1922.8,1922.8899999999999,-0.08999999999991815,SL Hit,1922.8899999999999,1,-189.44999999998868,5.0,0.19000000000005457,-0.25
2023-08-29 09:40:00,2023-08-29 09:45:00,Short,1923.05,1923.6200000000001,-0.5700000000001637,SL Hit,1923.6200000000001,1,-190.01999999998884,5.0,0.7200000000000273,-0.5499999999999545
2023-08-29 10:20:00,2023-08-29 14:00:00,Short,1922.52,1924.4,-3.7600000000002183,SL Hit,1924.4,2,-193.77999999998906,220.0,7.120000000000118,-7.990000000000009
2023-08-29 16:20:00,2023-08-29 16:35:00,Long,1934.2,1933.45,-0.75,SL Hit,1933.45,1,-194.52999999998906,15.0,-0.7999999999999545,1.1499999999998636
2023-08-29 20:00:00,2023-08-29 20:30:00,Long,1937.88,1937.28,-0.6000000000001364,SL Hit,1937.28,1,-195.1299999999892,30.0,-1.1800000000000637,0.01999999999998181
2023-08-29 23:25:00,2023-08-30 02:20:00,Short,1936.1775000000002,1936.82,-2.5699999999987995,SL Hit,1936.82,4,-197.699999999988,175.0,1.0024999999998272,-0.977500000000191
2023-08-30 03:10:00,2023-08-30 03:20:00,Short,1936.36,1936.525,-0.165000000000191,SL Hit,1936.525,1,-197.86499999998819,10.0,0.21000000000003638,-0.959999999999809
2023-08-30 07:20:00,2023-08-30 07:50:00,Short,1934.7,1936.1550000000002,-1.4550000000001546,SL Hit,1936.1550000000002,1,-199.31999999998834,30.0,1.490000000000009,-0.0
2023-08-30 11:30:00,2023-08-30 18:35:00,Long,1941.255,1943.0,3.4899999999997817,SL Hit,1943.0,2,-195.82999999998856,425.0,-3.5550000000000637,7.444999999999936
2023-08-30 18:40:00,2023-08-30 18:45:00,Short,1943.5,1943.5,0.0,SL Hit,1943.5,1,-195.82999999998856,5.0,0.13000000000010914,-0.2599999999999909
2023-08-30 20:15:00,2023-08-30 22:00:00,Short,1943.09,1943.57,-0.9600000000000364,SL Hit,1943.57,2,-196.7899999999886,105.0,0.5099999999999909,-1.1899999999998272
2023-08-30 22:05:00,2023-08-31 06:25:00,Long,1944.3224999999998,1944.0,-1.2899999999990541,SL Hit,1944.0,4,-198.07999999998765,500.0,-1.4224999999996726,3.3075000000003456
2023-08-31 06:30:00,2023-08-31 07:15:00,Short,1944.4450000000002,1945.58,-2.269999999999527,SL Hit,1945.58,2,-200.34999999998718,45.0,1.3449999999998,-1.2050000000001546
2023-08-31 07:25:00,2023-08-31 10:20:00,Long,1945.29,1943.61,-5.040000000000191,SL Hit,1943.61,3,-205.38999999998737,175.0,-1.6900000000000546,0.900000000000091
2023-08-31 10:25:00,2023-08-31 11:55:00,Short,1944.44,1945.28,-1.6799999999998363,SL Hit,1945.28,2,-207.0699999999872,90.0,1.259999999999991,-1.240000000000009
2023-08-31 12:10:00,2023-08-31 12:30:00,Long,1945.02,1944.9450000000002,-0.0749999999998181,SL Hit,1944.9450000000002,1,-207.14499999998702,20.0,-0.10999999999989996,2.5599999999999454
2023-08-31 12:50:00,2023-08-31 12:55:00,Short,1944.51,1945.77,-1.259999999999991,SL Hit,1945.77,1,-208.404999999987,5.0,1.2699999999999818,-0.9700000000000273
2023-08-31 13:15:00,2023-08-31 13:20:00,Short,1943.34,1944.1950000000002,-0.8550000000002456,SL Hit,1944.1950000000002,1,-209.25999999998726,5.0,1.3300000000001546,-0.12999999999988177
2023-08-31 13:35:00,2023-08-31 13:45:00,Short,1943.09,1943.9900000000002,-0.9000000000003183,SL Hit,1943.9900000000002,1,-210.15999999998758,10.0,0.9200000000000728,-1.9299999999998363
2023-08-31 17:30:00,2023-08-31 18:05:00,Short,1939.67,1940.8400000000001,-1.1700000000000728,SL Hit,1940.8400000000001,1,-211.32999999998765,35.0,1.5699999999999363,-0.07000000000016371
2023-08-31 20:25:00,2023-08-31 22:00:00,Short,1939.9,1939.915,-0.01499999999987267,SL Hit,1939.915,1,-211.34499999998752,95.0,0.16999999999984539,-1.1000000000001364
2023-08-31 23:05:00,2023-08-31 23:15:00,Short,1939.64,1939.79,-0.14999999999986358,SL Hit,1939.79,1,-211.49499999998739,10.0,0.15999999999985448,-0.8400000000001455
2023-09-01 03:40:00,2023-09-01 03:50:00,Short,1938.91,1939.0749999999998,-0.16499999999973625,SL Hit,1939.0749999999998,1,-211.65999999998712,10.0,0.2400000000000091,-0.8100000000001728
2023-09-01 03:55:00,2023-09-01 04:30:00,Short,1939.03,1939.06,-0.029999999999972715,SL Hit,1939.06,1,-211.6899999999871,35.0,0.11000000000012733,-1.5299999999999727
2023-09-01 06:30:00,2023-09-01 06:35:00,Short,1938.73,1938.73,0.0,SL Hit,1938.73,1,-211.6899999999871,5.0,0.5299999999999727,-0.6300000000001091
2023-09-01 06:40:00,2023-09-01 06:55:00,Short,1939.13,1940.105,-0.974999999999909,SL Hit,1940.105,1,-212.664999999987,15.0,1.209999999999809,-0.020000000000209184
2023-09-01 12:30:00,2023-09-01 13:45:00,Long,1948.98,1943.67,-5.309999999999945,SL Hit,1943.67,1,-217.97499999998695,75.0,-6.430000000000064,3.3099999999999454
2023-09-01 14:00:00,2023-09-01 17:25:00,Short,1938.8325,1939.78,-3.7899999999999636,SL Hit,1939.78,4,-221.7649999999869,205.0,4.587500000000091,-4.222500000000082
2023-09-01 20:40:00,2023-09-04 00:45:00,Short,1939.0,1940.335,-1.3350000000000364,SL Hit,1940.335,1,-223.09999999998695,3125.0,2.660000000000082,-0.0
2023-09-04 00:55:00,2023-09-04 01:00:00,Long,1941.18,1940.805,-0.375,SL Hit,1940.805,1,-223.47499999998695,5.0,-0.39000000000010004,0.21000000000003638
2023-09-04 01:20:00,2023-09-04 08:45:00,Long,1942.27,1943.12,1.699999999999818,SL Hit,1943.12,2,-221.77499999998713,445.0,-1.5399999999999636,3.880000000000109
2023-09-04 13:10:00,2023-09-05 04:25:00,Short,1937.8760000000002,1937.33,2.7300000000013824,SL Hit,1937.33,5,-219.04499999998575,915.0,2.133999999999787,-2.9760000000001128
2023-09-05 06:10:00,2023-09-05 07:00:00,Short,1936.15,1937.1699999999998,-1.0199999999997544,SL Hit,1937.1699999999998,1,-220.0649999999855,50.0,1.3399999999999181,-1.050000000000182
2023-09-05 08:00:00,2023-09-05 12:40:00,Short,1933.0549999999998,1932.29,1.5299999999997453,SL Hit,1932.29,2,-218.53499999998576,280.0,2.4750000000001364,-5.054999999999836
2023-09-05 12:45:00,2023-09-05 12:50:00,Short,1933.32,1933.32,0.0,SL Hit,1933.32,1,-218.53499999998576,5.0,1.0199999999999818,-1.8899999999998727
2023-09-05 14:50:00,2023-09-05 14:55:00,Short,1925.0,1927.5500000000002,-2.550000000000182,SL Hit,1927.5500000000002,1,-221.08499999998594,5.0,2.6099999999999,-0.0
2023-09-05 17:45:00,2023-09-05 17:50:00,Short,1926.45,1926.6,-0.14999999999986358,SL Hit,1926.6,1,-221.2349999999858,5.0,0.2799999999999727,-0.13000000000010914
2023-09-05 18:00:00,2023-09-05 18:15:00,Short,1926.33,1926.6599999999999,-0.32999999999992724,SL Hit,1926.6599999999999,1,-221.56499999998573,15.0,0.9300000000000637,-0.6299999999998818
2023-09-05 18:50:00,2023-09-06 10:05:00,Short,1925.9599999999998,1926.5,-2.700000000000955,SL Hit,1926.5,5,-224.26499999998668,915.0,1.2300000000002456,-3.2599999999997635
2023-09-06 11:55:00,2023-09-06 12:00:00,Short,1925.48,1925.48,0.0,SL Hit,1925.48,1,-224.26499999998668,5.0,0.4800000000000182,-0.22000000000002728
2023-09-06 12:05:00,2023-09-06 13:50:00,Short,1925.665,1927.22,-3.1100000000001273,SL Hit,1927.22,2,-227.3749999999868,105.0,2.605000000000018,-4.524999999999864
2023-09-06 20:20:00,2023-09-06 20:25:00,Short,1916.8,1916.8,0.0,SL Hit,1916.8,1,-227.3749999999868,5.0,-0.0,-0.2400000000000091
2023-09-06 20:35:00,2023-09-06 22:00:00,Short,1916.54,1916.8400000000001,-0.3000000000001819,SL Hit,1916.8400000000001,1,-227.674999999987,85.0,1.5699999999999363,-0.6399999999998727
2023-09-06 22:05:00,2023-09-06 22:10:00,Long,1917.22,1917.22,0.0,SL Hit,1917.22,1,-227.674999999987,5.0,-0.42000000000007276,0.6199999999998909
2023-09-06 23:50:00,2023-09-06 23:55:00,Short,1917.02,1917.0349999999999,-0.01499999999987267,SL Hit,1917.0349999999999,1,-227.68999999998687,5.0,0.049999999999954525,-0.8199999999999363
2023-09-07 00:05:00,2023-09-07 00:25:00,Short,1916.76,1916.76,0.0,SL Hit,1916.76,1,-227.68999999998687,20.0,0.09999999999990905,-1.0599999999999454
2023-09-07 01:15:00,2023-09-07 12:30:00,Long,1918.5575,1919.1,2.1700000000000728,SL Hit,1919.1,4,-225.5199999999868,675.0,-1.7774999999999181,4.472500000000082
2023-09-07 13:05:00,2023-09-08 03:30:00,Long,1921.5042857142857,1924.4,20.270000000000437,SL Hit,1924.4,7,-205.24999999998636,865.0,-4.604285714285652,5.5657142857141935
2023-09-08 03:35:00,2023-09-08 03:40:00,Short,1924.73,1924.79,-0.05999999999994543,SL Hit,1924.79,1,-205.3099999999863,5.0,0.2699999999999818,-1.1300000000001091
2023-09-08 06:15:00,2023-09-08 06:35:00,Long,1926.87,1925.4150000000002,-1.4549999999996999,SL Hit,1925.4150000000002,1,-206.764999999986,20.0,-1.7899999999999636,0.0
2023-09-08 07:35:00,2023-09-08 09:15:00,Short,1923.94,1925.53,-1.5899999999999181,SL Hit,1925.53,1,-208.35499999998592,100.0,1.8099999999999454,-1.3400000000001455
2023-09-08 11:25:00,2023-09-08 12:20:00,Short,1923.17,1923.77,-0.599999999999909,SL Hit,1923.77,1,-208.95499999998583,55.0,1.6099999999999,-0.6400000000001
2023-09-08 15:35:00,2023-09-08 20:40:00,Short,1920.035,1919.28,1.5100000000002183,SL Hit,1919.28,2,-207.4449999999856,305.0,1.1050000000000182,-2.5150000000001
2023-09-08 20:50:00,2023-09-08 20:55:00,Long,1919.01,1918.9050000000002,-0.10499999999979082,SL Hit,1918.9050000000002,1,-207.5499999999854,5.0,-0.16000000000008185,0.19000000000005457
2023-09-10 20:00:00,2023-09-10 21:00:00,Long,1918.89,1918.89,0.0,SL Hit,1918.89,1,-207.5499999999854,60.0,0.0,0.0
2023-09-10 22:25:00,2023-09-11 01:10:00,Short,1918.3899999999999,1920.41,-4.040000000000418,SL Hit,1920.41,2,-211.58999999998582,165.0,2.5300000000002,-1.1899999999998272
2023-09-11 01:20:00,2023-09-11 01:25:00,Long,1920.49,1919.77,-0.7200000000000273,SL Hit,1919.77,1,-212.30999999998585,5.0,-0.7699999999999818,0.0
2023-09-11 11:35:00,2023-09-11 11:40:00,Long,1925.75,1925.5549999999998,-0.1950000000001637,SL Hit,1925.5549999999998,1,-212.504999999986,5.0,-1.0399999999999636,0.41000000000008185
2023-09-11 12:20:00,2023-09-11 12:30:00,Long,1925.835,1924.61,-2.450000000000273,SL Hit,1924.61,2,-214.95499999998628,10.0,-1.375,0.48499999999989996
2023-09-11 12:35:00,2023-09-11 12:45:00,Short,1925.71,1926.3700000000001,-0.6600000000000819,SL Hit,1926.3700000000001,1,-215.61499999998637,10.0,0.7000000000000455,-0.37000000000011823
2023-09-11 14:10:00,2023-09-11 14:15:00,Short,1925.5,1925.5,0.0,SL Hit,1925.5,1,-215.61499999998637,5.0,1.0299999999999727,-1.1099999999999
2023-09-11 16:15:00,2023-09-11 16:50:00,Long,1924.405,1922.74,-3.3299999999999272,SL Hit,1922.74,2,-218.9449999999863,35.0,-1.8050000000000637,0.6349999999999909
2023-09-11 16:55:00,2023-09-11 22:15:00,Short,1923.1499999999999,1923.04,0.32999999999969987,SL Hit,1923.04,3,-218.6149999999866,320.0,1.0200000000002092,-1.849999999999909
2023-09-11 22:20:00,2023-09-11 22:25:00,Long,1922.72,1922.66,-0.05999999999994543,SL Hit,1922.66,1,-218.67499999998654,5.0,-0.33999999999991815,0.08999999999991815
2023-09-11 23:30:00,2023-09-12 00:20:00,Short,1921.74,1921.935,-0.19499999999993634,SL Hit,1921.935,1,-218.86999999998648,50.0,0.5399999999999636,-0.8399999999999181
2023-09-12 00:40:00,2023-09-12 00:50:00,Short,1921.24,1921.7949999999998,-0.5549999999998363,SL Hit,1921.7949999999998,1,-219.4249999999863,10.0,0.6199999999998909,-0.01999999999998181
2023-09-12 01:10:00,2023-09-12 03:20:00,Short,1921.48,1923.41,-3.8600000000001273,SL Hit,1923.41,2,-223.28499999998644,130.0,2.0,-1.9800000000000182
2023-09-12 08:05:00,2023-09-12 08:15:00,Short,1919.14,1920.355,-1.2149999999999181,SL Hit,1920.355,1,-224.49999999998636,10.0,1.4099999999998545,-0.020000000000209184
2023-09-12 08:20:00,2023-09-12 09:20:00,Long,1920.635,1918.68,-3.9099999999998545,SL Hit,1918.68,2,-228.4099999999862,60.0,-2.035000000000082,0.6150000000000091
2023-09-12 09:25:00,2023-09-12 09:30:00,Short,1919.38,1919.4850000000001,-0.10500000000001819,SL Hit,1919.4850000000001,1,-228.51499999998623,5.0,0.13999999999987267,-0.7800000000002001
2023-09-12 09:40:00,2023-09-12 09:45:00,Short,1918.94,1919.0749999999998,-0.13499999999976353,SL Hit,1919.0749999999998,1,-228.649999999986,5.0,0.2300000000000182,-0.8400000000001455
2023-09-12 09:50:00,2023-09-12 09:55:00,Short,1919.16,1919.34,-0.1799999999998363,SL Hit,1919.34,1,-228.82999999998583,5.0,0.1999999999998181,-0.13000000000010914
2023-09-12 16:55:00,2023-09-12 17:00:00,Short,1912.14,1912.56,-0.4199999999998454,SL Hit,1912.56,1,-229.24999999998568,5.0,0.7899999999999636,-0.40000000000009095
2023-09-12 17:15:00,2023-09-12 17:25:00,Short,1911.1,1912.8400000000001,-1.7400000000002365,SL Hit,1912.8400000000001,1,-230.9899999999859,10.0,1.990000000000009,-0.0
2023-09-12 20:00:00,2023-09-12 20:05:00,Short,1912.92,1912.935,-0.01499999999987267,SL Hit,1912.935,1,-231.00499999998578,5.0,0.11999999999989086,-0.11000000000012733
2023-09-12 22:35:00,2023-09-12 23:25:00,Long,1913.52,1912.29,-1.2300000000000182,SL Hit,1912.29,1,-232.2349999999858,50.0,-1.3199999999999363,0.18000000000006366
2023-09-13 01:35:00,2023-09-13 10:55:00,Short,1911.034,1912.34,-6.529999999999063,SL Hit,1912.34,5,-238.76499999998487,560.0,1.5759999999997945,-3.5340000000001055
2023-09-13 12:25:00,2023-09-13 12:50:00,Short,1910.04,1913.1299999999999,-3.089999999999918,SL Hit,1913.1299999999999,1,-241.85499999998478,25.0,4.0,-3.6800000000000637
2023-09-13 15:50:00,2023-09-13 15:55:00,Short,1909.94,1910.1499999999999,-0.209999999999809,SL Hit,1910.1499999999999,1,-242.0649999999846,5.0,0.4800000000000182,-0.6700000000000728
2023-09-13 19:15:00,2023-09-13 19:20:00,Short,1908.58,1908.6550000000002,-0.07500000000027285,SL Hit,1908.6550000000002,1,-242.13999999998487,5.0,0.4500000000000455,-0.2799999999999727
2023-09-13 19:55:00,2023-09-13 20:00:00,Short,1908.61,1908.625,-0.015000000000100044,SL Hit,1908.625,1,-242.15499999998497,5.0,0.18000000000006366,-0.1799999999998363
2023-09-13 20:10:00,2023-09-13 22:00:00,Short,1908.255,1908.84,-1.169999999999618,SL Hit,1908.84,2,-243.32499999998458,110.0,0.8849999999999909,-0.9550000000001546
2023-09-13 23:00:00,2023-09-13 23:05:00,Long,1908.8,1905.9500000000003,-2.8499999999996817,Bearish Trade Reversal,1905.9500000000003,1,-246.17499999998427,5.0,-1.8999999999998636,0.0
2023-09-13 23:05:00,2023-09-13 23:10:00,Short,1907.7,1908.7200000000003,-1.0200000000002092,SL Hit,1908.7200000000003,1,-247.19499999998447,5.0,1.1099999999999,-0.14000000000010004
2023-09-13 23:20:00,2023-09-14 03:10:00,Long,1908.5833333333333,1908.94,1.070000000000391,SL Hit,1908.94,3,-246.12499999998408,230.0,-0.5833333333332575,4.1566666666667516
2023-09-14 03:15:00,2023-09-14 04:30:00,Short,1909.455,1910.46,-2.0100000000002183,SL Hit,1910.46,2,-248.1349999999843,75.0,1.0050000000001091,-1.0549999999998363
2023-09-14 05:55:00,2023-09-14 12:15:00,Short,1907.8366666666668,1909.04,-3.609999999999445,SL Hit,1909.04,3,-251.74499999998375,380.0,1.9633333333331393,-2.736666666666906
2023-09-14 12:20:00,2023-09-14 12:30:00,Long,1909.31,1905.59,-3.7200000000000273,SL Hit,1905.59,1,-255.46499999998377,10.0,-7.730000000000018,0.4800000000000182
2023-09-14 14:05:00,2023-09-14 14:20:00,Short,1901.44,1902.31,-0.8699999999998909,SL Hit,1902.31,1,-256.33499999998367,15.0,3.1299999999998818,-0.9400000000000546
2023-09-14 14:55:00,2023-09-14 15:00:00,Long,1909.33,1908.73,-0.599999999999909,SL Hit,1908.73,1,-256.9349999999836,5.0,-0.8999999999998636,0.7400000000000091
2023-09-14 15:10:00,2023-09-14 15:15:00,Long,1910.03,1910.03,0.0,SL Hit,1910.03,1,-256.9349999999836,5.0,-0.5899999999999181,1.0899999999999181
2023-09-14 15:20:00,2023-09-14 15:35:00,Long,1909.99,1908.0700000000002,-1.9199999999998454,SL Hit,1908.0700000000002,1,-258.8549999999834,15.0,-2.7000000000000455,0.5699999999999363
2023-09-14 16:25:00,2023-09-14 16:35:00,Long,1910.44,1910.44,0.0,SL Hit,1910.44,1,-258.8549999999834,10.0,-0.10000000000013642,0.9099999999998545
2023-09-14 18:55:00,2023-09-14 20:05:00,Short,1908.28,1909.47,-2.380000000000109,SL Hit,1909.47,2,-261.23499999998353,70.0,1.1900000000000546,-0.11999999999989086
2023-09-15 00:05:00,2023-09-15 00:10:00,Short,1910.0,1911.3049999999998,-1.3049999999998363,Bullish Trade Reversal,1911.3049999999998,1,-262.53999999998337,5.0,1.009999999999991,-0.0
2023-09-15 00:10:00,2023-09-15 00:20:00,Long,1910.95,1910.695,-0.25500000000010914,SL Hit,1910.695,1,-262.7949999999835,10.0,-1.150000000000091,0.08999999999991815
2023-09-15 00:25:00,2023-09-15 00:30:00,Long,1910.38,1909.8999999999999,-0.48000000000024556,SL Hit,1909.8999999999999,1,-263.2749999999837,5.0,-0.8800000000001091,0.5
2023-09-15 00:35:00,2023-09-15 10:35:00,Long,1915.3216666666667,1917.2,11.269999999999982,SL Hit,1917.2,6,-252.00499999998374,600.0,-5.521666666666761,4.068333333333385
2023-09-15 10:50:00,2023-09-15 11:20:00,Short,1917.93,1918.335,-0.4049999999999727,SL Hit,1918.335,1,-252.4099999999837,30.0,0.7100000000000364,-1.1300000000001091
2023-09-15 11:45:00,2023-09-15 11:55:00,Long,1919.14,1918.825,-0.31500000000005457,SL Hit,1918.825,1,-252.72499999998377,10.0,-0.43000000000006366,0.5499999999999545
2023-09-15 12:00:00,2023-09-15 12:15:00,Long,1919.21,1918.46,-0.75,SL Hit,1918.46,1,-253.47499999998377,15.0,-0.9900000000000091,1.1800000000000637
2023-09-15 12:30:00,2023-09-15 13:10:00,Short,1916.375,1920.39,-8.0300000000002,SL Hit,1920.39,2,-261.50499999998397,40.0,6.365000000000009,-0.3550000000000182
2023-09-15 17:00:00,2023-09-17 19:00:00,Short,1924.31,1924.93,-1.2400000000002365,SL Hit,1924.93,2,-262.7449999999842,3000.0,1.4400000000000546,-2.6099999999999
2023-09-17 20:00:00,2023-09-17 21:00:00,Long,1923.57,1923.57,0.0,SL Hit,1923.57,1,-262.7449999999842,60.0,0.0,0.0
2023-09-18 07:45:00,2023-09-18 11:05:00,Short,1927.19,1927.47,-0.5599999999999454,SL Hit,1927.47,2,-263.30499999998415,200.0,0.44000000000005457,-2.5900000000001455
2023-09-18 12:10:00,2023-09-18 12:15:00,Short,1926.35,1927.0549999999998,-0.7049999999999272,SL Hit,1927.0549999999998,1,-264.0099999999841,5.0,0.9700000000000273,-0.16999999999984539
2023-09-18 12:30:00,2023-09-18 13:15:00,Short,1925.375,1927.95,-5.150000000000091,SL Hit,1927.95,2,-269.15999999998417,45.0,2.625,-1.7449999999998909
2023-09-18 13:20:00,2023-09-18 13:25:00,Long,1928.1,1927.44,-0.6599999999998545,SL Hit,1927.44,1,-269.819999999984,5.0,-1.0,0.3000000000001819
2023-09-18 14:00:00,2023-09-18 14:05:00,Short,1923.88,1923.88,0.0,SL Hit,1923.88,1,-269.819999999984,5.0,0.03999999999996362,-1.6800000000000637
2023-09-18 14:10:00,2023-09-18 14:15:00,Short,1923.78,1925.715,-1.9349999999999454,SL Hit,1925.715,1,-271.75499999998397,5.0,2.9400000000000546,-0.2699999999999818
2023-09-18 19:55:00,2023-09-18 20:00:00,Long,1933.21,1933.21,0.0,SL Hit,1933.21,1,-271.75499999998397,5.0,-0.05999999999994543,0.2999999999999545
2023-09-18 20:05:00,2023-09-18 22:35:00,Long,1933.6166666666668,1932.8,-2.4500000000005002,SL Hit,1932.8,3,-274.20499999998447,150.0,-0.9166666666667425,0.5433333333332939
2023-09-18 22:40:00,2023-09-18 22:50:00,Short,1933.33,1933.4950000000001,-0.165000000000191,SL Hit,1933.4950000000001,1,-274.36999999998466,10.0,0.36000000000012733,-0.7300000000000182
2023-09-18 23:05:00,2023-09-18 23:10:00,Short,1933.38,1933.83,-0.4499999999998181,SL Hit,1933.83,1,-274.8199999999845,5.0,0.6499999999998636,-0.5800000000001546
2023-09-18 23:25:00,2023-09-19 00:35:00,Long,1933.68,1932.6599999999999,-1.0200000000002092,SL Hit,1932.6599999999999,1,-275.8399999999847,70.0,-1.2799999999999727,0.7599999999999909
2023-09-19 00:40:00,2023-09-19 02:20:00,Short,1933.04,1933.355,-0.31500000000005457,SL Hit,1933.355,1,-276.15499999998474,100.0,0.32999999999992724,-1.4400000000000546
2023-09-19 03:20:00,2023-09-19 03:25:00,Short,1932.32,1932.515,-0.1950000000001637,SL Hit,1932.515,1,-276.3499999999849,5.0,0.2400000000000091,-0.7200000000000273
2023-09-19 04:15:00,2023-09-19 07:00:00,Short,1930.8233333333335,1931.26,-1.3099999999994907,SL Hit,1931.26,3,-277.6599999999844,165.0,1.426666666666506,-1.323333333333494
2023-09-19 07:05:00,2023-09-19 12:40:00,Long,1933.73,1934.2,1.8800000000001091,SL Hit,1934.2,4,-275.7799999999843,335.0,-2.6200000000001182,3.4200000000000728
2023-09-19 12:45:00,2023-09-19 12:50:00,Short,1935.34,1935.34,0.0,SL Hit,1935.34,1,-275.7799999999843,5.0,0.39000000000010004,-1.1499999999998636
2023-09-19 13:10:00,2023-09-19 13:20:00,Short,1934.87,1935.3200000000002,-0.45000000000027285,SL Hit,1935.3200000000002,1,-276.22999999998456,10.0,0.6100000000001273,-1.6399999999998727
2023-09-19 13:45:00,2023-09-19 13:50:00,Short,1935.42,1935.975,-0.5549999999998363,SL Hit,1935.975,1,-276.7849999999844,5.0,0.8399999999999181,-1.0399999999999636
2023-09-19 16:55:00,2023-09-19 17:20:00,Short,1931.57,1931.57,0.0,SL Hit,1931.57,1,-276.7849999999844,25.0,0.21000000000003638,-0.8999999999998636
2023-09-19 23:30:00,2023-09-19 23:35:00,Short,1931.34,1931.5500000000002,-0.21000000000026375,SL Hit,1931.5500000000002,1,-276.99499999998466,5.0,0.2599999999999909,-0.7400000000000091
2023-09-19 23:40:00,2023-09-20 03:20:00,Short,1931.17,1931.08,0.18000000000029104,SL Hit,1931.08,2,-276.81499999998437,220.0,0.4299999999998363,-3.4700000000000273
2023-09-20 03:25:00,2023-09-20 03:30:00,Long,1931.03,1931.03,0.0,SL Hit,1931.03,1,-276.81499999998437,5.0,-0.009999999999990905,0.32999999999992724
2023-09-20 04:20:00,2023-09-20 05:05:00,Short,1930.32,1930.335,-0.015000000000100044,SL Hit,1930.335,1,-276.82999999998447,45.0,0.2799999999999727,-0.8199999999999363
2023-09-20 05:30:00,2023-09-20 05:45:00,Short,1929.92,1930.835,-0.9149999999999636,SL Hit,1930.835,1,-277.74499999998443,15.0,1.1799999999998363,-0.42000000000007276
2023-09-20 05:55:00,2023-09-20 06:00:00,Long,1930.98,1930.515,-0.46499999999991815,SL Hit,1930.515,1,-278.20999999998435,5.0,-0.6100000000001273,0.2300000000000182
2023-09-20 06:10:00,2023-09-20 06:50:00,Long,1931.39,1930.895,-0.49500000000011823,SL Hit,1930.895,1,-278.70499999998447,40.0,-1.150000000000091,0.8199999999999363
2023-09-20 07:15:00,2023-09-20 07:35:00,Short,1929.38,1929.38,0.0,SL Hit,1929.38,1,-278.70499999998447,20.0,0.1999999999998181,-1.4700000000000273
2023-09-20 12:35:00,2023-09-20 12:45:00,Short,1931.55,1932.8100000000002,-1.2600000000002183,SL Hit,1932.8100000000002,1,-279.9649999999847,10.0,1.9400000000000546,-0.2599999999999909
2023-09-20 16:50:00,2023-09-20 17:25:00,Long,1945.44,1945.41,-0.029999999999972715,SL Hit,1945.41,1,-279.99499999998466,35.0,-0.10000000000013642,1.8999999999998636
2023-09-20 18:10:00,2023-09-20 18:25:00,Short,1939.96,1942.8850000000002,-2.925000000000182,SL Hit,1942.8850000000002,1,-282.91999999998484,15.0,3.869999999999891,-0.650000000000091
2023-09-20 19:05:00,2023-09-20 19:10:00,Short,1940.07,1941.075,-1.0050000000001091,SL Hit,1941.075,1,-283.92499999998495,5.0,1.0800000000001546,-0.4700000000000273
2023-09-20 23:55:00,2023-09-21 03:05:00,Short,1928.0,1927.45,1.099999999999909,SL Hit,1927.45,2,-282.82499999998504,190.0,1.7999999999999545,-3.7000000000000455
2023-09-21 05:35:00,2023-09-21 07:00:00,Long,1928.2533333333333,1927.69,-1.6899999999998272,SL Hit,1927.69,3,-284.51499999998487,85.0,-1.0133333333333212,2.0966666666665787
2023-09-21 07:05:00,2023-09-21 23:30:00,Short,1922.0583333333334,1920.98,6.470000000000255,SL Hit,1920.98,6,-278.0449999999846,985.0,6.281666666666524,-8.158333333333303
2023-09-22 06:00:00,2023-09-22 06:05:00,Long,1924.46,1924.2799999999997,-0.18000000000029104,SL Hit,1924.2799999999997,1,-278.2249999999849,5.0,-0.4600000000000364,0.9800000000000182
2023-09-22 09:45:00,2023-09-22 10:30:00,Short,1925.46,1925.9699999999998,-0.5099999999997635,SL Hit,1925.9699999999998,1,-278.73499999998467,45.0,0.8699999999998909,-1.3600000000001273
2023-09-22 11:55:00,2023-09-22 12:05:00,Long,1926.29,1925.195,-1.0950000000000273,SL Hit,1925.195,1,-279.8299999999847,10.0,-1.8799999999998818,0.01999999999998181
2023-09-22 12:45:00,2023-09-22 12:55:00,Short,1925.66,1926.245,-0.584999999999809,SL Hit,1926.245,1,-280.4149999999845,10.0,0.7599999999999909,-0.17000000000007276
2023-09-22 13:10:00,2023-09-22 16:30:00,Long,1927.255,1926.4,-3.4200000000000728,SL Hit,1926.4,4,-283.8349999999846,200.0,-2.285000000000082,1.5949999999998
2023-09-22 16:35:00,2023-09-24 21:05:00,Short,1925.78,1925.56,0.44000000000005457,SL Hit,1925.56,2,-283.3949999999845,3150.0,2.0699999999999363,-1.6800000000000637
2023-09-24 23:10:00,2023-09-24 23:20:00,Short,1924.94,1925.2099999999998,-0.26999999999975444,SL Hit,1925.2099999999998,1,-283.6649999999843,10.0,0.36999999999989086,-0.5399999999999636
2023-09-25 00:15:00,2023-09-25 00:40:00,Short,1924.28,1924.28,0.0,SL Hit,1924.28,1,-283.6649999999843,25.0,0.3500000000001364,-1.0799999999999272
2023-09-25 01:50:00,2023-09-25 01:55:00,Short,1923.46,1923.61,-0.14999999999986358,SL Hit,1923.61,1,-283.81499999998414,5.0,0.19000000000005457,-0.11000000000012733
2023-09-25 02:20:00,2023-09-25 02:35:00,Short,1923.09,1923.27,-0.18000000000006366,SL Hit,1923.27,1,-283.9949999999842,15.0,0.2599999999999909,-0.4499999999998181
2023-09-25 02:40:00,2023-09-25 02:45:00,Short,1923.45,1923.4650000000001,-0.015000000000100044,SL Hit,1923.4650000000001,1,-284.0099999999843,5.0,0.10999999999989996,-0.38000000000010914
2023-09-25 02:50:00,2023-09-25 02:55:00,Short,1923.66,1923.66,0.0,SL Hit,1923.66,1,-284.0099999999843,5.0,0.08999999999991815,-0.290000000000191
2023-09-25 04:30:00,2023-09-25 04:50:00,Short,1923.09,1923.5099999999998,-0.4199999999998454,SL Hit,1923.5099999999998,1,-284.42999999998415,20.0,0.43000000000006366,-0.10999999999989996
2023-09-25 05:45:00,2023-09-25 05:50:00,Short,1922.53,1922.53,0.0,SL Hit,1922.53,1,-284.42999999998415,5.0,0.06999999999993634,-0.4900000000000091
2023-09-25 13:40:00,2023-09-25 13:50:00,Short,1923.9,1923.9,0.0,SL Hit,1923.9,1,-284.42999999998415,10.0,1.9099999999998545,-0.9300000000000637
2023-09-25 13:55:00,2023-09-26 08:00:00,Short,1916.8622222222225,1915.05,16.3100000000029,SL Hit,1915.05,9,-268.11999999998125,1085.0,9.417777777777474,-6.9222222222224445
2023-09-26 08:10:00,2023-09-26 08:40:00,Long,1914.71,1914.065,-0.6449999999999818,SL Hit,1914.065,1,-268.7649999999812,30.0,-1.3400000000001455,0.7999999999999545
2023-09-26 10:15:00,2023-09-26 10:25:00,Short,1911.65,1912.88,-1.2300000000000182,SL Hit,1912.88,1,-269.99499999998125,10.0,1.3899999999998727,-0.0
2023-09-26 11:00:00,2023-09-26 11:25:00,Short,1911.4,1913.33,-3.8599999999996726,SL Hit,1913.33,2,-273.8549999999809,25.0,2.0599999999999454,-0.9100000000000819
2023-09-26 11:30:00,2023-09-26 12:25:00,Long,1912.55,1910.49,-4.119999999999891,SL Hit,1910.49,2,-277.9749999999808,55.0,-2.2200000000000273,0.5299999999999727
2023-09-26 12:30:00,2023-09-26 22:10:00,Short,1904.595,1901.01,14.340000000000146,SL Hit,1901.01,4,-263.63499999998066,580.0,6.154999999999973,-5.894999999999982
2023-09-26 22:40:00,2023-09-26 22:45:00,Long,1900.89,1900.89,0.0,SL Hit,1900.89,1,-263.63499999998066,5.0,0.0,0.15999999999985448
2023-09-26 23:00:00,2023-09-26 23:10:00,Long,1900.92,1900.9050000000002,-0.01499999999987267,SL Hit,1900.9050000000002,1,-263.64999999998054,10.0,-0.3200000000001637,0.6499999999998636
2023-09-27 01:00:00,2023-09-27 01:20:00,Short,1899.4,1901.2299999999998,-1.8299999999996999,SL Hit,1901.2299999999998,1,-265.47999999998024,20.0,2.0299999999999727,-0.0
2023-09-27 05:20:00,2023-09-27 06:05:00,Short,1896.5,1898.32,-3.6399999999998727,SL Hit,1898.32,2,-269.1199999999801,45.0,2.0299999999999727,-1.099999999999909
2023-09-27 06:10:00,2023-09-27 06:15:00,Long,1898.05,1897.225,-0.8250000000000455,SL Hit,1897.225,1,-269.94499999998015,5.0,-1.3199999999999363,0.09000000000014552
2023-09-27 07:10:00,2023-09-27 07:30:00,Long,1897.74,1897.1399999999999,-0.6000000000001364,SL Hit,1897.1399999999999,1,-270.5449999999803,20.0,-0.7899999999999636,0.6099999999999
2023-09-27 09:55:00,2023-09-27 10:25:00,Short,1895.66,1895.975,-0.3149999999998272,SL Hit,1895.975,1,-270.8599999999801,30.0,0.6199999999998909,-1.4600000000000364
2023-09-27 13:25:00,2023-09-27 23:10:00,Short,1880.8866666666665,1877.08,11.419999999999845,SL Hit,1877.08,3,-259.4399999999803,585.0,9.233333333333348,-9.086666666666588
2023-09-27 23:35:00,2023-09-27 23:50:00,Long,1876.79,1876.145,-0.6449999999999818,SL Hit,1876.145,1,-260.08499999998025,15.0,-0.6900000000000546,0.42000000000007276
2023-09-28 04:00:00,2023-09-28 08:30:00,Long,1875.3066666666666,1874.07,-3.7100000000000364,SL Hit,1874.07,3,-263.7949999999803,270.0,-2.0066666666666606,2.7133333333333667
2023-09-28 08:35:00,2023-09-28 08:40:00,Short,1874.95,1875.0549999999998,-0.10499999999979082,SL Hit,1875.0549999999998,1,-263.8999999999801,5.0,0.16999999999984539,-0.5299999999999727
2023-09-28 12:10:00,2023-09-28 12:45:00,Long,1876.775,1874.58,-4.390000000000327,SL Hit,1874.58,2,-268.2899999999804,35.0,-4.935000000000173,2.5349999999998545
2023-09-28 13:50:00,2023-09-28 13:55:00,Short,1872.86,1873.1,-0.2400000000000091,SL Hit,1873.1,1,-268.5299999999804,5.0,0.4700000000000273,-1.459999999999809
2023-09-28 16:45:00,2023-09-28 17:05:00,Long,1864.62,1862.36,-4.519999999999982,SL Hit,1862.36,2,-273.0499999999804,20.0,-2.3899999999998727,0.9900000000000091
2023-09-28 17:10:00,2023-09-28 18:45:00,Short,1863.21,1865.68,-4.940000000000055,SL Hit,1865.68,2,-277.98999999998045,95.0,2.509999999999991,-2.0399999999999636
2023-09-28 18:50:00,2023-09-28 19:00:00,Long,1865.48,1865.1799999999998,-0.3000000000001819,SL Hit,1865.1799999999998,1,-278.28999999998064,10.0,-0.42000000000007276,0.36999999999989086
2023-09-28 22:40:00,2023-09-28 23:50:00,Short,1864.55,1866.08,-3.0599999999999454,SL Hit,1866.08,2,-281.3499999999806,70.0,1.7899999999999636,-1.5499999999999545
2023-09-29 00:15:00,2023-09-29 00:30:00,Long,1866.3,1866.3,0.0,SL Hit,1866.3,1,-281.3499999999806,15.0,-0.3999999999998636,0.8199999999999363
2023-09-29 02:55:00,2023-09-29 04:25:00,Short,1864.6750000000002,1864.43,0.49000000000023647,SL Hit,1864.43,2,-280.85999999998035,90.0,0.47499999999990905,-1.815000000000282
2023-09-29 05:45:00,2023-09-29 11:05:00,Long,1868.9450000000002,1870.8,3.7099999999995816,SL Hit,1870.8,2,-277.14999999998076,320.0,-3.415000000000191,4.934999999999945
2023-09-29 12:55:00,2023-09-29 13:45:00,Long,1873.14,1872.0900000000001,-1.0499999999999545,SL Hit,1872.0900000000001,1,-278.1999999999807,50.0,-1.9400000000000546,6.089999999999918
2023-09-29 17:05:00,2023-10-01 19:00:00,Short,1850.2849999999999,1850.04,0.4899999999997817,SL Hit,1850.04,2,-277.70999999998094,2995.0,2.165000000000191,-4.3849999999997635
2023-10-01 21:00:00,2023-10-01 22:10:00,Short,1848.46,1848.46,0.0,SL Hit,1848.46,1,-277.70999999998094,70.0,0.08999999999991815,-2.3600000000001273
2023-10-01 22:50:00,2023-10-02 00:05:00,Short,1846.5149999999999,1848.59,-4.150000000000091,SL Hit,1848.59,2,-281.859999999981,75.0,2.2950000000000728,-1.1149999999997817
2023-10-02 00:10:00,2023-10-02 00:15:00,Long,1848.64,1847.9650000000001,-0.6749999999999545,SL Hit,1847.9650000000001,1,-282.534999999981,5.0,-1.0700000000001637,0.049999999999954525
2023-10-02 01:05:00,2023-10-02 03:35:00,Short,1845.07,1844.46,1.2199999999998,SL Hit,1844.46,2,-281.3149999999812,150.0,2.1800000000000637,-2.769999999999982
2023-10-02 03:45:00,2023-10-02 03:50:00,Long,1844.38,1843.6149999999998,-0.7650000000003274,SL Hit,1843.6149999999998,1,-282.0799999999815,5.0,-1.2800000000002,0.01999999999998181
2023-10-02 06:35:00,2023-10-02 06:45:00,Long,1845.04,1844.8300000000002,-0.209999999999809,SL Hit,1844.8300000000002,1,-282.2899999999813,10.0,-0.8099999999999454,0.9400000000000546
2023-10-02 09:00:00,2023-10-03 06:05:00,Short,1830.69,1821.63,90.59999999999945,SL Hit,1821.63,10,-191.68999999998186,1265.0,9.200000000000045,-15.990000000000009
2023-10-03 06:10:00,2023-10-03 06:20:00,Long,1821.77,1821.1549999999997,-0.6150000000002365,SL Hit,1821.1549999999997,1,-192.3049999999821,10.0,-1.4600000000000364,1.3900000000001
2023-10-03 06:25:00,2023-10-03 11:05:00,Long,1824.0660000000003,1825.03,4.819999999998572,SL Hit,1825.03,5,-187.48499999998353,280.0,-3.3860000000001946,4.863999999999805
2023-10-03 11:35:00,2023-10-03 11:40:00,Short,1825.19,1825.8650000000002,-0.6750000000001819,SL Hit,1825.8650000000002,1,-188.1599999999837,5.0,1.3399999999999181,-0.2899999999999636
2023-10-03 12:15:00,2023-10-03 12:20:00,Long,1826.98,1826.95,-0.029999999999972715,SL Hit,1826.95,1,-188.18999999998368,5.0,-0.4700000000000273,2.4400000000000546
2023-10-03 12:40:00,2023-10-03 12:45:00,Short,1825.38,1825.935,-0.5549999999998363,SL Hit,1825.935,1,-188.74499999998352,5.0,0.5599999999999454,-1.0800000000001546
2023-10-03 12:50:00,2023-10-03 13:40:00,Short,1825.96,1827.1,-1.1399999999998727,SL Hit,1827.1,1,-189.8849999999834,50.0,4.740000000000009,-2.3099999999999454
2023-10-03 14:40:00,2023-10-03 18:00:00,Long,1827.8274999999999,1822.83,-19.98999999999978,SL Hit,1822.83,4,-209.87499999998317,200.0,-5.6574999999998,3.8925000000001546
2023-10-03 18:05:00,2023-10-03 18:15:00,Short,1823.21,1823.21,0.0,SL Hit,1823.21,1,-209.87499999998317,10.0,0.20000000000004547,-1.240000000000009
2023-10-03 22:55:00,2023-10-03 23:10:00,Short,1822.1,1822.685,-0.5850000000000364,SL Hit,1822.685,1,-210.4599999999832,15.0,0.9700000000000273,-0.6999999999998181
2023-10-04 00:45:00,2023-10-04 01:35:00,Long,1824.6100000000001,1821.89,-5.440000000000055,SL Hit,1821.89,2,-215.89999999998327,50.0,-3.7000000000000455,0.209999999999809
2023-10-04 02:55:00,2023-10-04 03:00:00,Short,1821.53,1821.6499999999999,-0.11999999999989086,SL Hit,1821.6499999999999,1,-216.01999999998316,5.0,0.5099999999999909,-1.1099999999999
2023-10-04 09:15:00,2023-10-04 09:25:00,Long,1823.01,1821.645,-1.365000000000009,SL Hit,1821.645,1,-217.38499999998317,10.0,-1.509999999999991,0.2699999999999818
2023-10-04 10:50:00,2023-10-04 10:55:00,Short,1821.54,1822.56,-1.0199999999999818,SL Hit,1822.56,1,-218.40499999998315,5.0,1.509999999999991,-0.049999999999954525
2023-10-04 11:55:00,2023-10-04 12:05:00,Long,1825.96,1823.7849999999999,-2.175000000000182,SL Hit,1823.7849999999999,1,-220.57999999998333,10.0,-2.5599999999999454,0.7200000000000273
2023-10-04 13:35:00,2023-10-04 13:40:00,Short,1824.29,1824.545,-0.25500000000010914,SL Hit,1824.545,1,-220.83499999998344,5.0,0.5499999999999545,-1.759999999999991
2023-10-04 14:55:00,2023-10-04 15:00:00,Short,1818.78,1818.8849999999998,-0.10499999999979082,SL Hit,1818.8849999999998,1,-220.93999999998323,5.0,2.4200000000000728,-0.9700000000000273
2023-10-04 18:35:00,2023-10-04 18:50:00,Short,1816.6,1817.7399999999998,-1.1399999999998727,SL Hit,1817.7399999999998,1,-222.0799999999831,15.0,1.3500000000001364,-0.0
2023-10-05 05:35:00,2023-10-05 09:35:00,Short,1824.4566666666667,1822.33,6.3800000000003365,SL Hit,1822.33,3,-215.69999999998277,240.0,3.0033333333333303,-5.356666666666797
2023-10-05 09:40:00,2023-10-05 10:00:00,Long,1822.29,1821.585,-0.7049999999999272,SL Hit,1821.585,1,-216.4049999999827,20.0,-1.2899999999999636,1.0
2023-10-05 10:35:00,2023-10-05 10:40:00,Long,1823.13,1823.13,0.0,SL Hit,1823.13,1,-216.4049999999827,5.0,-0.20000000000004547,0.6699999999998454
2023-10-05 12:10:00,2023-10-05 12:15:00,Long,1823.24,1822.3850000000002,-0.8549999999997908,SL Hit,1822.3850000000002,1,-217.25999999998248,5.0,-1.5799999999999272,0.2799999999999727
2023-10-05 15:40:00,2023-10-05 16:30:00,Short,1816.36,1817.9950000000001,-1.6350000000002183,SL Hit,1817.9950000000001,1,-218.8949999999827,50.0,1.8700000000001182,-1.8299999999999272
2023-10-05 17:35:00,2023-10-05 17:40:00,Long,1818.05,1817.975,-0.07500000000004547,SL Hit,1817.975,1,-218.96999999998275,5.0,-0.25,0.8800000000001091
2023-10-05 17:50:00,2023-10-05 20:50:00,Long,1818.7800000000002,1819.4,1.2399999999997817,SL Hit,1819.4,2,-217.72999999998297,180.0,-1.0300000000002,2.0099999999997635
2023-10-05 20:55:00,2023-10-05 22:00:00,Short,1820.14,1820.335,-0.19499999999993634,SL Hit,1820.335,1,-217.9249999999829,65.0,0.5199999999999818,-0.0500000000001819
2023-10-06 07:20:00,2023-10-06 07:40:00,Short,1818.9,1820.2949999999998,-1.3949999999997544,SL Hit,1820.2949999999998,1,-219.31999999998266,20.0,1.449999999999818,-0.11000000000012733
2023-10-06 13:35:00,2023-10-06 13:40:00,Long,1822.6,1818.745,-3.855000000000018,SL Hit,1818.745,1,-223.17499999998267,5.0,-3.8599999999999,0.0
2023-10-06 14:15:00,2023-10-08 20:00:00,Long,1829.555,1828.89,-2.6599999999998545,SL Hit,1828.89,4,-225.83499999998253,3225.0,-6.695000000000164,4.944999999999936
2023-10-08 21:00:00,2023-10-08 22:00:00,Short,1832.46,1832.46,0.0,SL Hit,1832.46,1,-225.83499999998253,60.0,21.839999999999918,-0.009999999999990905
2023-10-09 02:20:00,2023-10-09 02:40:00,Long,1851.0,1851.0,0.0,SL Hit,1851.0,1,-225.83499999998253,20.0,-0.01999999999998181,1.2799999999999727
2023-10-09 05:40:00,2023-10-09 06:05:00,Short,1850.65,1852.3,-1.6499999999998636,SL Hit,1852.3,1,-227.4849999999824,25.0,1.6899999999998272,-0.8700000000001182
2023-10-09 06:25:00,2023-10-09 07:00:00,Long,1852.47,1849.6949999999997,-2.7750000000003183,SL Hit,1849.6949999999997,1,-230.2599999999827,35.0,-3.3700000000001182,0.2899999999999636
2023-10-09 07:20:00,2023-10-09 07:35:00,Short,1848.63,1850.745,-2.1149999999997817,SL Hit,1850.745,1,-232.3749999999825,15.0,3.9099999999998545,-0.0
2023-10-09 12:20:00,2023-10-09 14:25:00,Short,1848.635,1850.37,-3.4699999999998,SL Hit,1850.37,2,-235.8449999999823,125.0,2.2650000000001,-4.335000000000036
2023-10-09 14:30:00,2023-10-09 14:50:00,Long,1850.83,1849.855,-0.974999999999909,SL Hit,1849.855,1,-236.8199999999822,20.0,-1.759999999999991,1.4700000000000273
2023-10-09 22:10:00,2023-10-09 22:15:00,Short,1860.94,1860.94,0.0,SL Hit,1860.94,1,-236.8199999999822,5.0,0.01999999999998181,-0.8400000000001455
2023-10-09 22:20:00,2023-10-09 22:25:00,Short,1860.91,1861.1499999999999,-0.23999999999978172,SL Hit,1861.1499999999999,1,-237.05999999998198,5.0,0.5099999999999909,-0.8100000000001728
2023-10-09 23:05:00,2023-10-09 23:10:00,Short,1860.65,1861.2199999999998,-0.569999999999709,SL Hit,1861.2199999999998,1,-237.6299999999817,5.0,0.5899999999999181,-0.09000000000014552
2023-10-09 23:25:00,2023-10-09 23:30:00,Short,1861.09,1861.285,-0.1950000000001637,SL Hit,1861.285,1,-237.82499999998186,5.0,0.540000000000191,-0.5899999999999181
2023-10-10 03:20:00,2023-10-10 03:25:00,Short,1862.48,1863.14,-0.6600000000000819,SL Hit,1863.14,1,-238.48499999998194,5.0,0.9800000000000182,-0.8800000000001091
2023-10-10 04:00:00,2023-10-10 14:00:00,Short,1859.5725,1857.51,8.25,SL Hit,1857.51,4,-230.23499999998194,600.0,2.817500000000109,-6.182499999999891
2023-10-10 14:05:00,2023-10-10 14:35:00,Long,1856.91,1855.845,-1.0650000000000546,SL Hit,1855.845,1,-231.299999999982,30.0,-1.3300000000001546,1.6499999999998636
2023-10-10 15:25:00,2023-10-10 17:45:00,Long,1858.9799999999998,1858.55,-1.2899999999995089,SL Hit,1858.55,3,-232.5899999999815,140.0,-2.2899999999997362,3.7300000000002456
2023-10-10 17:50:00,2023-10-10 18:25:00,Short,1859.63,1860.02,-0.38999999999987267,SL Hit,1860.02,1,-232.97999999998137,35.0,0.4699999999997999,-1.4600000000000364
2023-10-11 02:20:00,2023-10-11 02:50:00,Short,1860.7649999999999,1861.75,-1.9700000000002547,SL Hit,1861.75,2,-234.94999999998163,30.0,1.1250000000002274,-0.38499999999976353
2023-10-11 03:00:00,2023-10-11 03:05:00,Long,1861.41,1860.915,-0.49500000000011823,SL Hit,1860.915,1,-235.44499999998175,5.0,-1.4100000000000819,0.0
2023-10-11 03:15:00,2023-10-11 03:20:00,Short,1860.63,1860.72,-0.08999999999991815,SL Hit,1860.72,1,-235.53499999998166,5.0,0.32999999999992724,-0.36000000000012733
2023-10-11 03:35:00,2023-10-11 06:15:00,Short,1860.0133333333333,1860.52,-1.5199999999999818,SL Hit,1860.52,3,-237.05499999998165,160.0,0.8266666666665969,-1.3433333333332484
2023-10-11 06:20:00,2023-10-11 06:25:00,Long,1860.18,1860.18,0.0,SL Hit,1860.18,1,-237.05499999998165,5.0,-0.11000000000012733,0.4700000000000273
2023-10-11 06:30:00,2023-10-11 12:30:00,Long,1867.0033333333333,1869.0,5.990000000000009,SL Hit,1869.0,3,-231.06499999998164,360.0,-7.39333333333343,7.586666666666588
2023-10-11 12:35:00,2023-10-11 13:00:00,Short,1871.2150000000001,1872.89,-3.349999999999909,SL Hit,1872.89,2,-234.41499999998155,25.0,1.974999999999909,-1.3050000000000637
2023-10-11 13:05:00,2023-10-11 13:35:00,Long,1873.605,1868.89,-9.429999999999836,SL Hit,1868.89,2,-243.84499999998138,30.0,-4.865000000000009,1.275000000000091
2023-10-11 13:40:00,2023-10-11 13:45:00,Short,1870.04,1870.5950000000003,-0.555000000000291,SL Hit,1870.5950000000003,1,-244.39999999998167,5.0,0.6700000000000728,-1.6700000000000728
2023-10-11 13:50:00,2023-10-11 13:55:00,Short,1870.51,1871.275,-0.7650000000001,SL Hit,1871.275,1,-245.16499999998177,5.0,1.6900000000000546,-1.2999999999999545
2023-10-11 23:40:00,2023-10-11 23:45:00,Long,1875.03,1874.97,-0.05999999999994543,SL Hit,1874.97,1,-245.22499999998172,5.0,-0.5299999999999727,0.37000000000011823
2023-10-12 00:15:00,2023-10-12 00:20:00,Long,1875.03,1874.955,-0.07500000000004547,SL Hit,1874.955,1,-245.29999999998176,5.0,-0.12999999999988177,0.40000000000009095
2023-10-12 01:05:00,2023-10-12 01:10:00,Long,1874.85,1874.385,-0.46499999999991815,Bearish Trade Reversal,1874.385,1,-245.76499999998168,5.0,-0.30999999999994543,0.8300000000001546
2023-10-12 01:10:00,2023-10-12 01:15:00,Short,1874.62,1876.21,-1.5900000000001455,SL Hit,1876.21,1,-247.35499999998183,5.0,2.0800000000001546,-0.0
2023-10-12 10:10:00,2023-10-12 10:25:00,Long,1881.84,1881.1650000000002,-0.6749999999997272,SL Hit,1881.1650000000002,1,-248.02999999998156,15.0,-0.6799999999998363,0.4900000000000091
2023-10-12 10:30:00,2023-10-12 12:30:00,Long,1881.11,1881.11,0.0,SL Hit,1881.11,1,-248.02999999998156,120.0,-1.8899999999998727,3.230000000000018
2023-10-12 12:35:00,2023-10-12 12:40:00,Long,1880.48,1876.325,-4.154999999999973,SL Hit,1876.325,1,-252.18499999998153,5.0,-5.079999999999927,0.0
2023-10-12 13:25:00,2023-10-12 13:30:00,Short,1876.57,1876.7050000000002,-0.13500000000021828,SL Hit,1876.7050000000002,1,-252.31999999998175,5.0,1.1900000000000546,-1.0899999999999181
2023-10-12 14:10:00,2023-10-12 22:35:00,Short,1871.1575,1870.08,4.3100000000004,SL Hit,1870.08,4,-248.00999999998135,505.0,5.1124999999999545,-3.3575000000000728
2023-10-13 02:40:00,2023-10-15 22:00:00,Long,1897.2537499999999,1927.6,242.77000000000044,SL Hit,1927.6,8,-5.23999999998091,4040.0,-24.853749999999764,35.64625000000024
2023-10-16 00:45:00,2023-10-16 09:15:00,Short,1919.6828571428573,1913.17,45.5900000000006,SL Hit,1913.17,7,40.35000000001969,510.0,3.6771428571425986,-11.252857142857238
2023-10-16 12:50:00,2023-10-16 13:25:00,Long,1918.25,1917.29,-0.9600000000000364,SL Hit,1917.29,1,39.390000000019654,35.0,-1.8099999999999454,0.7699999999999818
2023-10-16 13:40:00,2023-10-16 13:45:00,Short,1915.01,1919.57,-4.559999999999945,SL Hit,1919.57,1,34.83000000001971,5.0,6.089999999999918,-0.0
2023-10-16 14:00:00,2023-10-16 14:05:00,Long,1917.88,1916.8600000000001,-1.0199999999999818,SL Hit,1916.8600000000001,1,33.81000000001973,5.0,-1.4200000000000728,0.8299999999999272
2023-10-16 14:10:00,2023-10-16 17:40:00,Long,1919.3066666666666,1919.6,0.8799999999998818,SL Hit,1919.6,3,34.69000000001961,210.0,-2.656666666666524,3.323333333333494
2023-10-16 17:45:00,2023-10-16 19:20:00,Short,1919.68,1919.68,0.0,SL Hit,1919.68,1,34.69000000001961,95.0,0.20000000000004547,-2.2799999999999727
2023-10-16 19:25:00,2023-10-16 19:35:00,Short,1919.85,1920.2700000000002,-0.42000000000030013,SL Hit,1920.2700000000002,1,34.27000000001931,10.0,0.75,-0.75
2023-10-16 22:20:00,2023-10-16 22:30:00,Short,1919.2,1919.7549999999999,-0.5549999999998363,SL Hit,1919.7549999999999,1,33.71500000001947,10.0,1.0199999999999818,-0.7000000000000455
2023-10-16 22:45:00,2023-10-16 22:50:00,Long,1920.6,1920.0,-0.599999999999909,SL Hit,1920.0,1,33.11500000001956,5.0,-1.8999999999998636,0.0
2023-10-17 00:20:00,2023-10-17 00:25:00,Short,1918.08,1918.455,-0.375,SL Hit,1918.455,1,32.74000000001956,5.0,0.5900000000001455,-0.08999999999991815
2023-10-17 01:45:00,2023-10-17 05:50:00,Short,1915.2675,1916.31,-4.170000000000073,SL Hit,1916.31,4,28.57000000001949,245.0,1.6425000000001546,-2.8674999999998363
2023-10-17 16:35:00,2023-10-17 17:00:00,Short,1924.18,1924.7799999999997,-0.5999999999996817,SL Hit,1924.7799999999997,1,27.97000000001981,25.0,0.7999999999999545,-0.9500000000000455
2023-10-17 22:40:00,2023-10-17 22:45:00,Long,1924.92,1924.71,-0.21000000000003638,SL Hit,1924.71,1,27.760000000019772,5.0,-0.7200000000000273,0.34999999999990905
2023-10-17 23:00:00,2023-10-17 23:05:00,Long,1925.15,1924.6549999999997,-0.4950000000003456,SL Hit,1924.6549999999997,1,27.265000000019427,5.0,-0.8200000000001637,0.03999999999996362
2023-10-18 04:50:00,2023-10-18 05:45:00,Long,1937.43,1937.43,0.0,SL Hit,1937.43,1,27.265000000019427,55.0,-0.6300000000001091,2.2000000000000455
2023-10-18 06:55:00,2023-10-18 07:00:00,Short,1935.72,1936.17,-0.4500000000000455,SL Hit,1936.17,1,26.81500000001938,5.0,1.8599999999999,-0.5099999999999909
2023-10-18 08:10:00,2023-10-18 08:15:00,Long,1938.05,1937.33,-0.7200000000000273,SL Hit,1937.33,1,26.095000000019354,5.0,-1.349999999999909,0.31999999999993634
2023-10-18 08:30:00,2023-10-18 08:45:00,Long,1938.25,1938.2350000000001,-0.01499999999987267,SL Hit,1938.2350000000001,1,26.08000000001948,15.0,-0.25,0.7300000000000182
2023-10-18 08:50:00,2023-10-18 14:45:00,Long,1944.0520000000001,1945.24,5.9399999999993724,SL Hit,1945.24,5,32.020000000018854,355.0,-6.4520000000002256,18.357999999999947
2023-10-18 14:50:00,2023-10-18 14:55:00,Short,1946.81,1948.91,-2.1000000000001364,SL Hit,1948.91,1,29.920000000018717,5.0,2.3099999999999454,-0.5199999999999818
2023-10-18 15:05:00,2023-10-18 16:20:00,Short,1946.64,1946.64,0.0,SL Hit,1946.64,1,29.920000000018717,75.0,1.0899999999999181,-7.25
2023-10-18 20:10:00,2023-10-18 23:05:00,Short,1949.3666666666668,1950.79,-4.269999999999527,SL Hit,1950.79,3,25.65000000001919,175.0,1.4733333333331302,-2.466666666666697
2023-10-18 23:10:00,2023-10-18 23:20:00,Long,1949.5,1949.5,0.0,SL Hit,1949.5,1,25.65000000001919,10.0,0.0,1.75
2023-10-18 23:55:00,2023-10-19 00:40:00,Long,1950.27,1949.7000000000003,-0.569999999999709,SL Hit,1949.7000000000003,1,25.08000000001948,45.0,-1.5699999999999363,2.7999999999999545
2023-10-19 03:25:00,2023-10-19 05:30:00,Short,1947.6033333333332,1948.8,-3.5900000000001455,SL Hit,1948.8,3,21.490000000019336,125.0,1.4366666666667243,-2.7033333333331484
2023-10-19 05:35:00,2023-10-19 05:40:00,Long,1947.82,1947.07,-0.75,SL Hit,1947.07,1,20.740000000019336,5.0,-1.009999999999991,0.6600000000000819
2023-10-19 07:10:00,2023-10-19 09:25:00,Long,1948.87,1948.18,-1.3799999999996544,SL Hit,1948.18,2,19.36000000001968,135.0,-0.9799999999997908,5.170000000000073
2023-10-19 09:35:00,2023-10-19 09:55:00,Short,1948.43,1950.185,-1.7549999999998818,SL Hit,1950.185,1,17.6050000000198,20.0,2.269999999999982,-0.13000000000010914
2023-10-19 10:50:00,2023-10-19 10:55:00,Long,1950.87,1950.87,0.0,SL Hit,1950.87,1,17.6050000000198,5.0,0.0,0.4800000000000182
2023-10-19 12:15:00,2023-10-19 13:30:00,Long,1950.98,1950.71,-0.2699999999999818,SL Hit,1950.71,1,17.335000000019818,75.0,-0.7699999999999818,5.730000000000018
2023-10-19 14:40:00,2023-10-19 15:05:00,Short,1949.86,1952.3200000000002,-2.4600000000002638,SL Hit,1952.3200000000002,1,14.875000000019554,25.0,2.6900000000000546,-0.459999999999809
2023-10-19 15:30:00,2023-10-20 01:05:00,Long,1965.986,1972.59,33.01999999999907,SL Hit,1972.59,5,47.89500000001863,575.0,-13.666000000000167,13.413999999999987
2023-10-20 01:10:00,2023-10-20 01:20:00,Short,1971.4,1974.775,-3.375,SL Hit,1974.775,1,44.52000000001863,10.0,3.439999999999827,-0.0
2023-10-20 05:10:00,2023-10-20 05:15:00,Short,1976.36,1976.915,-0.5550000000000637,SL Hit,1976.915,1,43.96500000001856,5.0,1.6000000000001364,-0.13999999999987267
2023-10-20 07:30:00,2023-10-20 07:50:00,Long,1979.78,1979.3000000000002,-0.4799999999997908,SL Hit,1979.3000000000002,1,43.48500000001877,20.0,-0.8799999999998818,2.269999999999982
2023-10-20 07:55:00,2023-10-20 11:30:00,Long,1982.1066666666666,1982.68,1.720000000000482,SL Hit,1982.68,3,45.205000000019254,215.0,-2.4766666666664605,3.6533333333334213
2023-10-20 11:35:00,2023-10-20 13:45:00,Short,1980.71,1979.99,2.160000000000082,SL Hit,1979.99,3,47.365000000019336,130.0,2.839999999999918,-7.160000000000082
2023-10-23 04:00:00,2023-10-23 04:05:00,Long,1973.64,1973.6099999999997,-0.030000000000427463,SL Hit,1973.6099999999997,1,47.33500000001891,5.0,-0.7599999999999909,0.9699999999997999
2023-10-23 04:10:00,2023-10-23 04:30:00,Long,1973.23,1973.23,0.0,SL Hit,1973.23,1,47.33500000001891,20.0,-0.6300000000001091,1.3699999999998909
2023-10-23 05:15:00,2023-10-23 05:25:00,Long,1974.32,1972.94,-1.3799999999998818,SL Hit,1972.94,1,45.95500000001903,10.0,-1.5199999999999818,0.22000000000002728
2023-10-23 05:35:00,2023-10-23 12:55:00,Long,1977.1599999999999,1976.79,-2.219999999999345,SL Hit,1976.79,6,43.73500000001968,440.0,-3.949999999999818,5.540000000000191
2023-10-23 13:00:00,2023-10-23 18:25:00,Short,1976.4180000000001,1977.52,-5.509999999999309,SL Hit,1977.52,5,38.22500000002037,325.0,3.1319999999998345,-6.30800000000022
2023-10-23 18:40:00,2023-10-23 19:00:00,Long,1977.05,1976.855,-0.19499999999993634,SL Hit,1976.855,1,38.030000000020436,20.0,-0.4500000000000455,0.900000000000091
2023-10-23 19:35:00,2023-10-23 22:05:00,Short,1972.67,1973.42,-0.75,SL Hit,1973.42,1,37.280000000020436,150.0,0.9399999999998272,-1.4200000000000728
2023-10-23 23:40:00,2023-10-23 23:45:00,Short,1972.53,1972.53,0.0,SL Hit,1972.53,1,37.280000000020436,5.0,0.33999999999991815,-1.0299999999999727
2023-10-24 00:10:00,2023-10-24 03:10:00,Long,1976.14,1975.68,-1.8400000000001455,SL Hit,1975.68,4,35.44000000002029,180.0,-3.7200000000000273,4.309999999999945
2023-10-24 03:20:00,2023-10-24 06:10:00,Short,1975.9299999999998,1977.33,-2.800000000000182,SL Hit,1977.33,2,32.64000000002011,170.0,1.9500000000002728,-1.209999999999809
2023-10-24 06:15:00,2023-10-24 06:25:00,Long,1977.11,1975.955,-1.1549999999999727,SL Hit,1975.955,1,31.485000000020136,10.0,-1.3099999999999454,0.8300000000001546
2023-10-24 07:55:00,2023-10-24 15:40:00,Short,1965.7825,1965.52,1.050000000000182,SL Hit,1965.52,4,32.53500000002032,465.0,9.9375,-11.882499999999936
2023-10-24 15:45:00,2023-10-24 18:25:00,Long,1969.53,1973.3,11.309999999999945,SL Hit,1973.3,3,43.84500000002026,160.0,-4.149999999999864,7.9500000000000455
2023-10-24 18:30:00,2023-10-25 00:10:00,Short,1972.2933333333333,1973.07,-2.3299999999999272,SL Hit,1973.07,3,41.515000000020336,340.0,1.9866666666666788,-2.793333333333294
2023-10-25 00:50:00,2023-10-25 02:50:00,Long,1973.9366666666665,1972.76,-3.529999999999518,SL Hit,1972.76,3,37.98500000002082,120.0,-2.406666666666524,2.723333333333585
2023-10-25 03:05:00,2023-10-25 04:00:00,Short,1973.16,1973.3249999999998,-0.16499999999973625,SL Hit,1973.3249999999998,1,37.82000000002108,55.0,0.8999999999998636,-2.310000000000173
2023-10-25 11:15:00,2023-10-25 11:20:00,Long,1973.91,1972.59,-1.3200000000001637,SL Hit,1972.59,1,36.50000000002092,5.0,-1.3600000000001273,0.4099999999998545
2023-10-25 13:25:00,2023-10-25 13:40:00,Long,1976.91,1976.8049999999998,-0.10500000000024556,SL Hit,1976.8049999999998,1,36.39500000002067,15.0,-0.3300000000001546,3.0699999999999363
2023-10-25 17:40:00,2023-10-25 17:55:00,Long,1983.42,1983.42,0.0,SL Hit,1983.42,1,36.39500000002067,15.0,-0.40000000000009095,1.7999999999999545
2023-10-25 19:50:00,2023-10-25 22:15:00,Short,1980.535,1982.47,-3.869999999999891,SL Hit,1982.47,2,32.52500000002078,145.0,1.9549999999999272,-2.605000000000018
2023-10-26 00:15:00,2023-10-26 10:30:00,Long,1985.9060000000002,1988.5,12.969999999999118,SL Hit,1988.5,5,45.4950000000199,615.0,-4.106000000000222,7.293999999999869
2023-10-26 14:15:00,2023-10-26 14:30:00,Short,1975.72,1975.72,0.0,SL Hit,1975.72,1,45.4950000000199,15.0,0.4600000000000364,-3.6200000000001182
2023-10-26 15:15:00,2023-10-26 15:20:00,Long,1979.67,1978.275,-1.3949999999999818,SL Hit,1978.275,1,44.10000000001992,5.0,-2.560000000000173,0.599999999999909
2023-10-26 15:55:00,2023-10-26 19:10:00,Long,1982.6599999999999,1984.4,5.220000000000709,SL Hit,1984.4,3,49.32000000002063,195.0,-2.729999999999791,6.330000000000155
2023-10-27 00:00:00,2023-10-27 00:50:00,Short,1984.24,1984.7649999999999,-0.5249999999998636,SL Hit,1984.7649999999999,1,48.795000000020764,50.0,0.5599999999999454,-2.0399999999999636
2023-10-27 01:20:00,2023-10-27 01:25:00,Long,1986.06,1985.6100000000001,-0.4499999999998181,SL Hit,1985.6100000000001,1,48.345000000020946,5.0,-2.1599999999998545,0.30999999999994543
2023-10-27 02:10:00,2023-10-27 02:35:00,Long,1986.2,1986.2,0.0,SL Hit,1986.2,1,48.345000000020946,25.0,-0.08000000000015461,2.5299999999999727
2023-10-27 04:10:00,2023-10-27 05:25:00,Long,1988.855,1986.38,-4.949999999999818,SL Hit,1986.38,2,43.39500000002113,75.0,-2.755000000000109,0.8949999999999818
2023-10-27 05:30:00,2023-10-27 05:45:00,Short,1987.16,1988.0,-0.8399999999999181,SL Hit,1988.0,1,42.55500000002121,15.0,0.849999999999909,-0.41000000000008185
2023-10-27 06:35:00,2023-10-27 06:45:00,Short,1987.09,1988.545,-1.4550000000001546,SL Hit,1988.545,1,41.100000000021055,10.0,1.6300000000001091,-0.11999999999989086
2023-10-27 08:10:00,2023-10-27 08:15:00,Short,1985.3,1987.025,-1.7250000000001364,SL Hit,1987.025,1,39.37500000002092,5.0,2.0599999999999454,-0.0
2023-10-27 08:20:00,2023-10-27 09:05:00,Short,1987.2,1987.2,0.0,SL Hit,1987.2,1,39.37500000002092,45.0,0.31999999999993634,-1.900000000000091
2023-10-27 09:50:00,2023-10-27 17:15:00,Short,1983.76,1985.45,-6.760000000000218,SL Hit,1985.45,4,32.6150000000207,445.0,2.9200000000000728,-7.069999999999936
2023-10-27 17:20:00,2023-10-27 20:35:00,Long,1996.415,2004.84,16.84999999999991,SL Hit,2004.84,2,49.46500000002061,195.0,-10.404999999999973,12.674999999999955
2023-10-27 20:45:00,2023-10-27 20:50:00,Short,2005.47,2005.59,-0.11999999999989086,SL Hit,2005.59,1,49.34500000002072,5.0,0.38999999999987267,-1.3700000000001182
2023-10-27 20:55:00,2023-10-29 18:05:00,Short,2005.84,2006.095,-0.25500000000010914,SL Hit,2006.095,1,49.09000000002061,2710.0,2.259999999999991,-0.4800000000000182
2023-10-30 00:20:00,2023-10-30 02:20:00,Long,2003.7350000000001,2002.52,-2.430000000000291,SL Hit,2002.52,2,46.66000000002032,120.0,-1.7550000000001091,2.8649999999997817
2023-10-30 02:25:00,2023-10-30 12:30:00,Short,2000.4775,1997.23,12.989999999999782,SL Hit,1997.23,4,59.6500000000201,605.0,3.4925000000000637,-9.567499999999882
2023-10-30 16:10:00,2023-10-30 16:15:00,Long,2000.1,1998.51,-1.5899999999999181,SL Hit,1998.51,1,58.06000000002018,5.0,-2.4199999999998454,0.0
2023-10-30 16:35:00,2023-10-30 16:50:00,Long,1999.79,1998.9650000000001,-0.8249999999998181,SL Hit,1998.9650000000001,1,57.235000000020364,15.0,-1.2999999999999545,0.15000000000009095
2023-10-30 17:20:00,2023-10-30 17:35:00,Short,1997.01,1997.385,-0.375,SL Hit,1997.385,1,56.860000000020364,15.0,1.5399999999999636,-2.1700000000000728
2023-10-30 23:05:00,2023-10-30 23:35:00,Short,1994.79,1995.1799999999998,-0.38999999999987267,SL Hit,1995.1799999999998,1,56.47000000002049,30.0,0.5099999999999909,-0.8099999999999454
2023-10-31 01:15:00,2023-10-31 01:35:00,Long,1996.33,1994.7849999999999,-1.5450000000000728,SL Hit,1994.7849999999999,1,54.92500000002042,20.0,-1.7300000000000182,0.8800000000001091
2023-10-31 10:25:00,2023-10-31 12:30:00,Long,1998.53,1997.74,-1.5799999999999272,SL Hit,1997.74,2,53.34500000002049,125.0,-1.490000000000009,2.730000000000018
2023-10-31 12:35:00,2023-10-31 12:40:00,Short,1998.19,1998.355,-0.16499999999996362,SL Hit,1998.355,1,53.18000000002053,5.0,0.37999999999988177,-1.5299999999999727
2023-10-31 14:05:00,2023-10-31 14:55:00,Long,2001.26,2000.15,-1.1099999999999,SL Hit,2000.15,1,52.07000000002063,50.0,-2.240000000000009,5.880000000000109
2023-10-31 15:15:00,2023-10-31 15:20:00,Short,1994.7,1996.185,-1.4849999999999,SL Hit,1996.185,1,50.58500000002073,5.0,1.75,-1.740000000000009
2023-10-31 17:20:00,2023-11-01 05:25:00,Short,1980.9328571428573,1978.14,19.55000000000041,SL Hit,1978.14,7,70.13500000002114,725.0,6.147142857142626,-5.622857142857356
2023-11-01 05:40:00,2023-11-01 05:45:00,Long,1978.28,1977.965,-0.31500000000005457,SL Hit,1977.965,1,69.82000000002108,5.0,-0.6700000000000728,0.5899999999999181
2023-11-01 05:50:00,2023-11-01 07:15:00,Long,1978.13,1978.13,0.0,SL Hit,1978.13,1,69.82000000002108,85.0,-0.8800000000001091,2.7799999999999727
2023-11-01 08:50:00,2023-11-01 13:30:00,Long,1982.7150000000001,1982.2,-2.0600000000004,SL Hit,1982.2,4,67.76000000002068,280.0,-2.6050000000002456,5.204999999999927
2023-11-01 14:05:00,2023-11-01 15:35:00,Long,1988.925,1981.37,-15.110000000000127,SL Hit,1981.37,2,52.650000000020555,90.0,-8.214999999999918,2.894999999999982
2023-11-01 22:10:00,2023-11-02 02:55:00,Long,1983.98,1983.5,-0.9600000000000364,SL Hit,1983.5,2,51.69000000002052,285.0,-2.3299999999999272,3.8599999999999
2023-11-02 05:15:00,2023-11-02 05:50:00,Long,1986.5,1985.5099999999998,-0.9900000000002365,SL Hit,1985.5099999999998,1,50.70000000002028,35.0,-1.849999999999909,0.01999999999998181
2023-11-02 07:40:00,2023-11-02 07:45:00,Long,1986.12,1983.9900000000002,-2.1299999999996544,SL Hit,1983.9900000000002,1,48.57000000002063,5.0,-2.259999999999991,0.0
2023-11-02 08:30:00,2023-11-02 10:15:00,Long,1985.96,1985.96,0.0,SL Hit,1985.96,1,48.57000000002063,105.0,-0.12000000000011823,3.509999999999991
2023-11-02 11:20:00,2023-11-02 11:35:00,Long,1989.08,1987.55,-1.5299999999999727,SL Hit,1987.55,1,47.040000000020655,15.0,-2.0799999999999272,0.38000000000010914
2023-11-02 12:25:00,2023-11-02 12:35:00,Long,1989.69,1988.3249999999998,-1.3650000000002365,SL Hit,1988.3249999999998,1,45.67500000002042,10.0,-1.400000000000091,1.0
2023-11-02 12:45:00,2023-11-02 12:55:00,Long,1989.71,1989.305,-0.4049999999999727,SL Hit,1989.305,1,45.270000000020445,10.0,-0.5399999999999636,0.8199999999999363
2023-11-02 13:05:00,2023-11-02 13:15:00,Long,1990.08,1988.5949999999998,-1.4850000000001273,SL Hit,1988.5949999999998,1,43.78500000002032,10.0,-3.2799999999999727,0.3100000000001728
2023-11-02 13:20:00,2023-11-02 17:15:00,Short,1984.4474999999998,1983.26,4.7499999999990905,SL Hit,1983.26,4,48.53500000001941,235.0,3.6525000000001455,-5.547499999999673
2023-11-02 22:05:00,2023-11-02 22:20:00,Long,1985.93,1985.1350000000002,-0.7949999999998454,SL Hit,1985.1350000000002,1,47.74000000001956,15.0,-0.9300000000000637,0.4700000000000273
2023-11-03 01:30:00,2023-11-03 02:00:00,Short,1983.38,1983.98,-0.599999999999909,SL Hit,1983.98,1,47.140000000019654,30.0,0.8199999999999363,-0.8800000000001091
2023-11-03 05:45:00,2023-11-03 06:00:00,Long,1986.06,1986.06,0.0,SL Hit,1986.06,1,47.140000000019654,15.0,-0.2599999999999909,1.1800000000000637
2023-11-03 06:05:00,2023-11-03 06:15:00,Long,1986.55,1985.9500000000003,-0.5999999999996817,SL Hit,1985.9500000000003,1,46.54000000001997,10.0,-0.849999999999909,0.9200000000000728
2023-11-03 06:40:00,2023-11-05 23:05:00,Long,1991.9233333333334,1990.8,-10.110000000001037,SL Hit,1990.8,9,36.430000000018936,3865.0,-5.903333333333421,11.976666666666688
2023-11-05 23:10:00,2023-11-06 00:55:00,Short,1990.0,1991.155,-1.1549999999999727,SL Hit,1991.155,1,35.27500000001896,105.0,1.4200000000000728,-2.910000000000082
2023-11-06 01:35:00,2023-11-06 01:40:00,Long,1992.57,1991.5350000000003,-1.034999999999627,SL Hit,1991.5350000000003,1,34.240000000019336,5.0,-1.099999999999909,0.22000000000002728
2023-11-06 03:05:00,2023-11-06 08:10:00,Short,1985.395,1985.15,0.4899999999997817,SL Hit,1985.15,2,34.73000000001912,305.0,2.8250000000000455,-3.894999999999982
2023-11-06 10:15:00,2023-11-06 10:30:00,Long,1987.45,1987.1799999999998,-0.2700000000002092,SL Hit,1987.1799999999998,1,34.46000000001891,15.0,-0.6400000000001,0.75
2023-11-06 15:45:00,2023-11-06 17:00:00,Short,1983.86,1983.86,0.0,SL Hit,1983.86,1,34.46000000001891,75.0,0.2800000000002001,-3.7199999999998
2023-11-06 19:55:00,2023-11-07 16:10:00,Short,1971.261,1965.09,61.71000000000049,SL Hit,1965.09,10,96.1700000000194,1215.0,9.07899999999995,-14.651000000000067
2023-11-07 18:25:00,2023-11-07 18:30:00,Long,1966.84,1966.66,-0.1799999999998363,SL Hit,1966.66,1,95.99000000001956,5.0,-0.2400000000000091,0.9200000000000728
2023-11-07 23:30:00,2023-11-07 23:35:00,Short,1968.46,1968.5949999999998,-0.13499999999976353,SL Hit,1968.5949999999998,1,95.8550000000198,5.0,0.31999999999993634,-0.8600000000001273
2023-11-08 00:10:00,2023-11-08 00:25:00,Long,1969.34,1969.145,-0.19499999999993634,SL Hit,1969.145,1,95.66000000001986,15.0,-0.5399999999999636,0.6200000000001182
2023-11-08 01:05:00,2023-11-08 01:15:00,Short,1968.2,1969.64,-1.4400000000000546,SL Hit,1969.64,1,94.22000000001981,10.0,1.5399999999999636,-0.0
2023-11-08 03:50:00,2023-11-08 06:20:00,Short,1966.84,1967.86,-2.0399999999999636,SL Hit,1967.86,2,92.18000000001985,150.0,2.1100000000001273,-2.240000000000009
2023-11-08 09:50:00,2023-11-08 13:00:00,Short,1964.13,1964.86,-1.4599999999995816,SL Hit,1964.86,2,90.72000000002026,190.0,2.3899999999998727,-4.410000000000082
2023-11-08 14:35:00,2023-11-09 05:50:00,Short,1955.573333333333,1949.75,17.469999999999118,SL Hit,1949.75,3,108.19000000001938,915.0,7.636666666666997,-8.773333333333085
2023-11-09 06:20:00,2023-11-09 07:55:00,Long,1949.4066666666668,1948.75,-1.9700000000002547,SL Hit,1948.75,3,106.22000000001913,95.0,-1.3066666666668425,1.0233333333333121
2023-11-09 08:00:00,2023-11-09 11:40:00,Short,1948.1425,1948.39,-0.9900000000006912,SL Hit,1948.39,4,105.23000000001844,220.0,1.4375,-3.042500000000018
2023-11-09 11:45:00,2023-11-09 12:10:00,Long,1948.34,1946.9750000000001,-1.3649999999997817,SL Hit,1946.9750000000001,1,103.86500000001865,25.0,-2.0499999999999545,0.650000000000091
2023-11-09 13:00:00,2023-11-09 13:05:00,Short,1945.1,1946.2399999999998,-1.1399999999998727,SL Hit,1946.2399999999998,1,102.72500000001878,5.0,1.5300000000002,-0.09999999999990905
2023-11-09 14:10:00,2023-11-09 17:40:00,Long,1955.8,1959.95,8.300000000000182,SL Hit,1959.95,2,111.02500000001896,210.0,-7.1599999999998545,8.940000000000055
2023-11-09 17:45:00,2023-11-09 17:50:00,Short,1960.75,1961.2599999999998,-0.5099999999997635,SL Hit,1961.2599999999998,1,110.5150000000192,5.0,0.75,-0.849999999999909
2023-11-09 18:10:00,2023-11-09 18:15:00,Short,1960.43,1962.71,-2.2799999999999727,SL Hit,1962.71,1,108.23500000001923,5.0,3.3599999999999,-1.1200000000001182
2023-11-09 18:25:00,2023-11-09 18:30:00,Long,1964.35,1963.6600000000003,-0.6899999999995998,SL Hit,1963.6600000000003,1,107.54500000001963,5.0,-0.7799999999999727,1.1900000000000546
2023-11-10 00:35:00,2023-11-10 01:30:00,Long,1959.81,1958.4,-2.819999999999709,SL Hit,1958.4,2,104.72500000001992,55.0,-1.6099999999999,0.9200000000000728
2023-11-10 01:35:00,2023-11-10 01:40:00,Short,1959.27,1959.2849999999999,-0.01499999999987267,SL Hit,1959.2849999999999,1,104.71000000002005,5.0,0.12000000000011823,-0.34999999999990905
2023-11-10 05:15:00,2023-11-10 05:25:00,Short,1957.25,1957.25,0.0,SL Hit,1957.25,1,104.71000000002005,10.0,0.09999999999990905,-0.5099999999999909
2023-11-10 06:00:00,2023-11-10 06:25:00,Short,1957.28,1957.28,0.0,SL Hit,1957.28,1,104.71000000002005,25.0,0.5799999999999272,-1.5399999999999636
2023-11-10 07:20:00,2023-11-10 07:35:00,Short,1955.58,1955.58,0.0,SL Hit,1955.58,1,104.71000000002005,15.0,0.5199999999999818,-1.8599999999999
2023-11-10 08:30:00,2023-11-10 08:35:00,Long,1956.8,1956.305,-0.49499999999989086,SL Hit,1956.305,1,104.21500000002015,5.0,-1.4199999999998454,0.19000000000005457
2023-11-10 09:05:00,2023-11-10 09:20:00,Short,1954.1,1954.67,-0.5700000000001637,SL Hit,1954.67,1,103.64500000001999,15.0,0.5700000000001637,-0.599999999999909
2023-11-10 10:15:00,2023-11-10 21:15:00,Short,1944.6714285714286,1936.47,57.409999999999854,SL Hit,1936.47,7,161.05500000001985,660.0,9.568571428571431,-11.671428571428578
2023-11-13 03:00:00,2023-11-13 05:25:00,Short,1937.47,1937.845,-0.375,SL Hit,1937.845,1,160.68000000001985,145.0,0.7599999999999909,-3.5699999999999363
2023-11-13 07:45:00,2023-11-13 07:50:00,Long,1939.73,1939.5049999999999,-0.22500000000013642,SL Hit,1939.5049999999999,1,160.4550000000197,5.0,-1.9100000000000819,0.38999999999987267
2023-11-13 12:20:00,2023-11-13 12:25:00,Short,1937.44,1937.59,-0.14999999999986358,SL Hit,1937.59,1,160.30500000001985,5.0,0.7200000000000273,-0.3500000000001364
2023-11-13 14:15:00,2023-11-13 14:20:00,Short,1934.8,1934.8,0.0,SL Hit,1934.8,1,160.30500000001985,5.0,0.2300000000000182,-1.0199999999999818
2023-11-13 14:25:00,2023-11-13 14:30:00,Short,1934.73,1935.015,-0.28500000000008185,SL Hit,1935.015,1,160.02000000001976,5.0,1.0499999999999545,-0.8700000000001182
2023-11-13 14:35:00,2023-11-13 15:05:00,Short,1934.55,1935.54,-0.9900000000000091,SL Hit,1935.54,1,159.03000000001975,30.0,1.3700000000001182,-2.259999999999991
2023-11-13 20:35:00,2023-11-14 00:00:00,Short,1945.52,1946.48,-1.9200000000000728,SL Hit,1946.48,2,157.11000000001968,205.0,1.5299999999999727,-0.7200000000000273
2023-11-14 00:05:00,2023-11-14 01:50:00,Long,1946.5533333333333,1945.4,-3.4599999999995816,SL Hit,1945.4,3,153.6500000000201,105.0,-1.2033333333333758,1.6666666666667425
2023-11-14 01:55:00,2023-11-14 06:15:00,Short,1945.0033333333333,1945.44,-1.3100000000001728,SL Hit,1945.44,3,152.34000000001993,260.0,1.5466666666666242,-1.9033333333334213
2023-11-14 06:30:00,2023-11-14 06:40:00,Long,1944.84,1944.795,-0.044999999999845386,SL Hit,1944.795,1,152.29500000002008,10.0,-0.9399999999998272,0.2400000000000091
2023-11-14 07:15:00,2023-11-14 13:05:00,Long,1945.7975,1944.7,-4.389999999999418,SL Hit,1944.7,4,147.90500000002066,350.0,-1.5974999999998545,2.3125
2023-11-14 13:10:00,2023-11-14 13:15:00,Short,1945.31,1945.6999999999998,-0.38999999999987267,SL Hit,1945.6999999999998,1,147.5150000000208,5.0,1.6100000000001273,-1.0
2023-11-14 13:25:00,2023-11-14 17:10:00,Long,1955.0166666666667,1962.4,22.15000000000032,SL Hit,1962.4,3,169.6650000000211,225.0,-10.086666666666588,14.74333333333334
2023-11-14 17:20:00,2023-11-14 19:55:00,Short,1963.095,1963.44,-1.3800000000001091,SL Hit,1963.44,4,168.285000000021,155.0,1.0049999999998818,-1.7950000000000728
2023-11-14 20:50:00,2023-11-14 21:30:00,Long,1963.66,1961.3199999999997,-2.340000000000373,Bearish Trade Reversal,1961.3199999999997,1,165.94500000002063,40.0,-1.8600000000001273,0.2300000000000182
2023-11-14 21:30:00,2023-11-14 21:35:00,Short,1962.73,1962.8049999999998,-0.0749999999998181,SL Hit,1962.8049999999998,1,165.8700000000208,5.0,0.15000000000009095,-0.17000000000007276
2023-11-14 23:40:00,2023-11-14 23:45:00,Short,1962.51,1962.7350000000001,-0.22500000000013642,SL Hit,1962.7350000000001,1,165.64500000002067,5.0,0.44000000000005457,-0.8099999999999454
2023-11-15 00:00:00,2023-11-15 00:50:00,Short,1962.16,1962.715,-0.5549999999998363,SL Hit,1962.715,1,165.09000000002084,50.0,0.7699999999999818,-1.3600000000001273
2023-11-15 02:30:00,2023-11-15 02:35:00,Long,1963.48,1962.9399999999998,-0.540000000000191,SL Hit,1962.9399999999998,1,164.55000000002065,5.0,-0.6800000000000637,0.17000000000007276
2023-11-15 02:50:00,2023-11-15 12:10:00,Long,1969.28,1971.3,10.099999999999909,SL Hit,1971.3,5,174.65000000002055,560.0,-5.420000000000073,4.589999999999918
2023-11-15 12:30:00,2023-11-15 12:35:00,Short,1971.53,1971.53,0.0,SL Hit,1971.53,1,174.65000000002055,5.0,0.42000000000007276,-1.0299999999999727
2023-11-15 12:50:00,2023-11-15 13:00:00,Short,1971.74,1971.9049999999997,-0.16499999999973625,SL Hit,1971.9049999999997,1,174.48500000002082,10.0,0.5299999999999727,-0.7400000000000091
2023-11-15 13:20:00,2023-11-15 13:30:00,Short,1971.01,1971.8049999999998,-0.7949999999998454,SL Hit,1971.8049999999998,1,173.69000000002097,10.0,3.3900000000001,-2.9200000000000728
2023-11-15 13:35:00,2023-11-15 13:40:00,Long,1967.48,1965.56,-1.9200000000000728,SL Hit,1965.56,1,171.7700000000209,5.0,-3.8900000000001,0.25
2023-11-16 00:50:00,2023-11-16 03:10:00,Short,1959.31,1961.24,-3.8600000000001273,SL Hit,1961.24,2,167.91000000002077,140.0,2.6200000000001182,-2.9099999999998545
2023-11-16 03:30:00,2023-11-16 03:35:00,Long,1960.69,1960.69,0.0,SL Hit,1960.69,1,167.91000000002077,5.0,-0.4900000000000091,0.6599999999998545
2023-11-16 04:05:00,2023-11-16 04:10:00,Long,1961.0,1960.67,-0.32999999999992724,SL Hit,1960.67,1,167.58000000002085,5.0,-0.7999999999999545,0.2300000000000182
2023-11-16 08:55:00,2023-11-16 10:40:00,Long,1967.335,1964.84,-4.9900000000002365,SL Hit,1964.84,2,162.5900000000206,105.0,-2.9349999999999454,1.1449999999999818
2023-11-16 10:45:00,2023-11-16 10:50:00,Short,1965.35,1965.695,-0.3450000000000273,SL Hit,1965.695,1,162.24500000002058,5.0,0.39000000000010004,-0.2699999999999818
2023-11-16 11:45:00,2023-11-16 11:50:00,Short,1965.35,1965.35,0.0,SL Hit,1965.35,1,162.24500000002058,5.0,0.14000000000010004,-1.25
2023-11-16 11:55:00,2023-11-16 13:30:00,Short,1965.46,1966.37,-1.819999999999709,SL Hit,1966.37,2,160.42500000002087,95.0,7.129999999999882,-3.3199999999999363
2023-11-17 06:20:00,2023-11-17 06:25:00,Short,1984.23,1984.395,-0.16499999999996362,SL Hit,1984.395,1,160.2600000000209,5.0,0.2300000000000182,-0.44000000000005457
2023-11-17 06:30:00,2023-11-17 07:25:00,Short,1984.4,1984.49,-0.08999999999991815,SL Hit,1984.49,1,160.170000000021,55.0,0.1999999999998181,-2.0
2023-11-17 07:55:00,2023-11-17 08:00:00,Long,1986.46,1986.175,-0.28500000000008185,SL Hit,1986.175,1,159.8850000000209,5.0,-1.3400000000001455,0.9700000000000273
2023-11-17 08:05:00,2023-11-17 08:10:00,Long,1985.62,1984.9,-0.7199999999997999,SL Hit,1984.9,1,159.1650000000211,5.0,-0.9699999999997999,0.20000000000004547
2023-11-17 13:50:00,2023-11-17 13:55:00,Short,1984.48,1985.1550000000002,-0.6750000000001819,SL Hit,1985.1550000000002,1,158.49000000002093,5.0,0.8799999999998818,-0.5899999999999181
2023-11-17 14:00:00,2023-11-20 01:05:00,Short,1980.964,1981.0,-0.18000000000029104,SL Hit,1981.0,5,158.31000000002064,3545.0,5.55600000000004,-7.963999999999942
2023-11-20 04:25:00,2023-11-20 04:30:00,Long,1982.52,1981.335,-1.1849999999999454,SL Hit,1981.335,1,157.1250000000207,5.0,-1.3299999999999272,0.18000000000006366
2023-11-20 05:15:00,2023-11-20 15:50:00,Short,1976.1899999999998,1972.57,21.719999999999345,SL Hit,1972.57,6,178.84500000002004,635.0,6.970000000000255,-10.639999999999873
2023-11-20 15:55:00,2023-11-20 16:00:00,Long,1971.89,1971.89,0.0,SL Hit,1971.89,1,178.84500000002004,5.0,-0.22000000000002728,1.1199999999998909
2023-11-20 16:05:00,2023-11-20 16:35:00,Long,1972.9,1972.9,0.0,SL Hit,1972.9,1,178.84500000002004,30.0,-0.2300000000000182,2.019999999999982
2023-11-20 17:00:00,2023-11-20 17:40:00,Long,1974.45,1973.1299999999999,-1.3200000000001637,SL Hit,1973.1299999999999,1,177.52500000001987,40.0,-1.8400000000001455,1.6599999999998545
2023-11-20 19:50:00,2023-11-20 20:05:00,Long,1978.58,1977.2600000000002,-1.319999999999709,SL Hit,1977.2600000000002,1,176.20500000002016,15.0,-1.5799999999999272,0.22000000000002728
2023-11-20 21:30:00,2023-11-20 21:55:00,Short,1977.23,1977.4249999999997,-0.19499999999970896,SL Hit,1977.4249999999997,1,176.01000000002045,25.0,0.6900000000000546,-0.2300000000000182
2023-11-21 05:55:00,2023-11-21 06:00:00,Short,1991.36,1991.795,-0.4350000000001728,SL Hit,1991.795,1,175.57500000002028,5.0,0.9700000000000273,-0.2400000000000091
2023-11-21 07:35:00,2023-11-21 07:40:00,Long,1993.2,1991.895,-1.3050000000000637,SL Hit,1991.895,1,174.27000000002022,5.0,-1.490000000000009,0.22000000000002728
2023-11-21 12:40:00,2023-11-21 18:20:00,Long,1996.51,1999.14,7.890000000000327,SL Hit,1999.14,3,182.16000000002055,340.0,-9.160000000000082,10.589999999999918
2023-11-21 19:05:00,2023-11-21 19:20:00,Short,1998.86,1999.1,-0.2400000000000091,SL Hit,1999.1,1,181.92000000002054,15.0,0.9800000000000182,-2.240000000000009
2023-11-22 00:30:00,2023-11-22 00:40:00,Short,1997.96,1998.065,-0.10500000000001819,SL Hit,1998.065,1,181.81500000002052,10.0,0.21000000000003638,-0.7899999999999636
2023-11-22 00:55:00,2023-11-22 01:15:00,Short,1997.19,1997.565,-0.375,SL Hit,1997.565,1,181.44000000002052,20.0,1.3399999999999181,-0.5900000000001455
2023-11-22 01:20:00,2023-11-22 04:40:00,Short,1997.0366666666666,1997.54,-1.509999999999991,SL Hit,1997.54,3,179.93000000002053,200.0,1.1633333333334122,-1.7366666666666788
2023-11-22 10:40:00,2023-11-22 10:55:00,Short,1999.91,2000.6750000000002,-0.7650000000001,SL Hit,2000.6750000000002,1,179.16500000002043,15.0,1.1599999999998545,-0.10000000000013642
2023-11-22 17:15:00,2023-11-22 17:20:00,Short,1990.66,1992.0699999999997,-1.409999999999627,SL Hit,1992.0699999999997,1,177.7550000000208,5.0,1.699999999999818,-0.37000000000011823
2023-11-22 23:55:00,2023-11-23 07:00:00,Long,1994.6175,1995.0,1.5299999999997453,SL Hit,1995.0,4,179.28500000002055,425.0,-4.617500000000064,3.2725000000000364
2023-11-23 07:05:00,2023-11-23 07:10:00,Short,1995.33,1995.33,0.0,SL Hit,1995.33,1,179.28500000002055,5.0,0.3000000000001819,-1.0
2023-11-23 07:40:00,2023-11-23 08:20:00,Long,1997.2350000000001,1994.33,-5.8100000000004,SL Hit,1994.33,2,173.47500000002015,40.0,-3.6350000000002183,1.1049999999997908
2023-11-23 09:10:00,2023-11-23 10:05:00,Short,1993.94,1994.66,-0.7200000000000273,SL Hit,1994.66,1,172.75500000002012,55.0,0.8399999999999181,-1.6400000000001
2023-11-23 10:20:00,2023-11-23 10:30:00,Short,1992.43,1993.18,-0.75,SL Hit,1993.18,1,172.00500000002012,10.0,0.75,-0.2400000000000091
2023-11-23 13:00:00,2023-11-23 13:15:00,Short,1992.85,1992.8950000000002,-0.04500000000030013,SL Hit,1992.8950000000002,1,171.96000000001982,15.0,0.2599999999999909,-0.9499999999998181
2023-11-23 13:20:00,2023-11-23 14:00:00,Short,1992.48,1993.29,-0.8099999999999454,SL Hit,1993.29,1,171.15000000001987,40.0,0.9200000000000728,-0.6800000000000637
2023-11-23 14:40:00,2023-11-23 14:45:00,Short,1993.01,1994.105,-1.0950000000000273,SL Hit,1994.105,1,170.05500000001985,5.0,1.740000000000009,-0.07999999999992724
2023-11-23 15:55:00,2023-11-23 17:15:00,Short,1991.97,1992.165,-0.19499999999993634,SL Hit,1992.165,1,169.8600000000199,80.0,0.4700000000000273,-2.6700000000000728
2023-11-24 01:00:00,2023-11-24 01:25:00,Long,1994.23,1992.7,-3.0599999999999454,SL Hit,1992.7,2,166.80000000001996,25.0,-1.5399999999999636,0.5899999999999181
2023-11-24 01:30:00,2023-11-24 04:50:00,Short,1992.4275,1993.73,-5.210000000000036,SL Hit,1993.73,4,161.59000000001993,200.0,1.712500000000091,-1.3275000000001
2023-11-24 04:55:00,2023-11-24 05:45:00,Long,1994.2,1993.2399999999998,-0.9600000000002638,SL Hit,1993.2399999999998,1,160.63000000001966,50.0,-1.259999999999991,0.06999999999993634
2023-11-24 07:20:00,2023-11-24 07:35:00,Short,1993.07,1993.445,-0.375,SL Hit,1993.445,1,160.25500000001966,15.0,0.8800000000001091,-0.5199999999999818
2023-11-24 08:05:00,2023-11-24 08:10:00,Long,1993.39,1992.8799999999999,-0.5100000000002183,SL Hit,1992.8799999999999,1,159.74500000001944,5.0,-1.040000000000191,0.33999999999991815
2023-11-24 09:25:00,2023-11-24 09:35:00,Long,1994.08,1994.05,-0.029999999999972715,SL Hit,1994.05,1,159.71500000001947,10.0,-0.2599999999999909,0.7899999999999636
2023-11-24 09:40:00,2023-11-24 12:50:00,Long,1994.9850000000001,1994.5,-0.9700000000002547,SL Hit,1994.5,2,158.74500000001922,190.0,-1.665000000000191,2.0949999999998
2023-11-24 12:55:00,2023-11-24 13:10:00,Short,1995.56,1995.965,-0.4049999999999727,SL Hit,1995.965,1,158.34000000001924,15.0,0.5499999999999545,-0.5199999999999818
2023-11-24 14:30:00,2023-11-24 14:45:00,Long,2000.0,2000.0,0.0,SL Hit,2000.0,1,158.34000000001924,15.0,-0.009999999999990905,2.869999999999891
2023-11-24 14:50:00,2023-11-24 15:30:00,Long,1999.6599999999999,1999.52,-0.27999999999974534,SL Hit,1999.52,2,158.0600000000195,40.0,-2.3199999999999363,3.540000000000191
2023-11-24 18:35:00,2023-11-24 18:40:00,Short,2000.0,2002.0249999999999,-2.0249999999998636,SL Hit,2002.0249999999999,1,156.03500000001964,5.0,2.5799999999999272,-0.11999999999989086
2023-11-24 18:45:00,2023-11-27 11:45:00,Long,2007.8133333333337,2011.82,36.05999999999585,SL Hit,2011.82,9,192.0950000000155,3900.0,-7.713333333333821,9.756666666666206
2023-11-27 11:50:00,2023-11-27 11:55:00,Short,2012.7,2012.7,0.0,SL Hit,2012.7,1,192.0950000000155,5.0,0.2400000000000091,-1.2999999999999545
2023-11-27 12:00:00,2023-11-27 12:05:00,Short,2013.04,2013.1149999999998,-0.0749999999998181,SL Hit,2013.1149999999998,1,192.02000000001567,5.0,0.6200000000001182,-0.5599999999999454
2023-11-27 12:35:00,2023-11-27 12:45:00,Short,2012.34,2013.1800000000003,-0.8400000000003729,SL Hit,2013.1800000000003,1,191.1800000000153,10.0,1.75,-0.09999999999990905
2023-11-27 13:45:00,2023-11-27 13:50:00,Short,2012.81,2013.005,-0.1950000000001637,SL Hit,2013.005,1,190.98500000001513,5.0,0.4500000000000455,-1.8799999999998818
2023-11-27 15:10:00,2023-11-27 15:15:00,Short,2010.63,2013.405,-2.7749999999998636,SL Hit,2013.405,1,188.21000000001527,5.0,3.369999999999891,-0.4700000000000273
2023-11-27 15:45:00,2023-11-27 18:20:00,Short,2010.1599999999999,2011.18,-2.0400000000004184,SL Hit,2011.18,2,186.17000000001485,155.0,1.4600000000000364,-4.309999999999945
2023-11-27 23:05:00,2023-11-27 23:20:00,Short,2012.91,2014.02,-1.1099999999999,SL Hit,2014.02,1,185.06000000001495,15.0,1.4099999999998545,-0.5099999999999909
2023-11-28 00:50:00,2023-11-28 00:55:00,Long,2017.22,2017.22,0.0,SL Hit,2017.22,1,185.06000000001495,5.0,-0.7799999999999727,0.5299999999999727
2023-11-28 01:05:00,2023-11-28 01:15:00,Long,2017.54,2016.1299999999999,-1.4100000000000819,SL Hit,2016.1299999999999,1,183.65000000001487,10.0,-2.3299999999999272,0.20000000000004547
2023-11-28 02:20:00,2023-11-28 02:25:00,Short,2014.84,2016.34,-1.5,SL Hit,2016.34,1,182.15000000001487,5.0,1.8500000000001364,-0.4099999999998545
2023-11-28 04:10:00,2023-11-28 04:15:00,Short,2014.34,2014.4300000000003,-0.09000000000037289,SL Hit,2014.4300000000003,1,182.0600000000145,5.0,0.15000000000009095,-0.1999999999998181
2023-11-28 05:45:00,2023-11-28 06:00:00,Short,2014.78,2015.455,-0.6749999999999545,SL Hit,2015.455,1,181.38500000001454,15.0,0.6900000000000546,-0.44000000000005457
2023-11-28 10:35:00,2023-11-28 10:55:00,Short,2013.84,2014.1999999999998,-0.35999999999989996,SL Hit,2014.1999999999998,1,181.02500000001464,20.0,0.8300000000001546,-0.4099999999998545
2023-11-28 13:00:00,2023-11-28 13:20:00,Short,2014.82,2014.82,0.0,SL Hit,2014.82,1,181.02500000001464,20.0,0.09000000000014552,-3.0299999999999727
2023-11-28 21:35:00,2023-11-28 21:40:00,Short,2040.09,2040.75,-0.6600000000000819,SL Hit,2040.75,1,180.36500000001456,5.0,0.6800000000000637,-0.049999999999954525
2023-11-28 21:55:00,2023-11-29 07:10:00,Long,2043.615,2043.3,-1.2600000000002183,SL Hit,2043.3,4,179.10500000001434,555.0,-3.005000000000109,8.124999999999773
2023-11-29 07:15:00,2023-11-29 11:55:00,Short,2041.43,2039.82,3.2200000000002547,SL Hit,2039.82,2,182.3250000000146,280.0,2.5399999999999636,-5.5499999999999545
2023-11-29 23:20:00,2023-11-29 23:25:00,Long,2044.49,2044.3400000000001,-0.14999999999986358,SL Hit,2044.3400000000001,1,182.17500000001473,5.0,-0.8900000000001,0.2799999999999727
2023-11-30 00:10:00,2023-11-30 01:55:00,Long,2044.675,2043.3,-2.75,SL Hit,2043.3,2,179.42500000001473,105.0,-1.4949999999998909,2.0450000000000728
2023-11-30 02:05:00,2023-11-30 02:40:00,Short,2043.8,2044.2199999999998,-0.4199999999998454,SL Hit,2044.2199999999998,1,179.0050000000149,35.0,0.5800000000001546,-1.2999999999999545
2023-11-30 03:05:00,2023-11-30 03:30:00,Long,2045.65,2044.675,-0.9750000000001364,SL Hit,2044.675,1,178.03000000001475,25.0,-1.8500000000001364,0.8999999999998636
2023-11-30 04:40:00,2023-11-30 04:55:00,Short,2044.36,2044.525,-0.165000000000191,SL Hit,2044.525,1,177.86500000001456,15.0,0.22000000000002728,-1.959999999999809
2023-11-30 08:35:00,2023-11-30 13:10:00,Short,2039.905,2040.46,-2.2200000000002547,SL Hit,2040.46,4,175.6450000000143,275.0,3.2350000000001273,-3.8450000000000273
2023-11-30 14:00:00,2023-11-30 14:10:00,Short,2036.64,2036.64,0.0,SL Hit,2036.64,1,175.6450000000143,10.0,1.2699999999999818,-3.540000000000191
2023-11-30 14:45:00,2023-11-30 14:50:00,Short,2033.4,2035.9799999999998,-2.5799999999997,SL Hit,2035.9799999999998,1,173.0650000000146,5.0,3.5499999999999545,-0.10000000000013642
2023-11-30 21:50:00,2023-11-30 23:00:00,Short,2035.85,2036.525,-0.6750000000001819,SL Hit,2036.525,1,172.39000000001442,70.0,1.5199999999999818,-0.2899999999999636
2023-12-01 04:00:00,2023-12-01 04:05:00,Short,2039.36,2039.615,-0.25500000000010914,SL Hit,2039.615,1,172.13500000001432,5.0,0.4800000000000182,-0.06999999999993634
2023-12-01 04:20:00,2023-12-01 04:30:00,Short,2039.31,2039.8200000000002,-0.5100000000002183,SL Hit,2039.8200000000002,1,171.6250000000141,10.0,0.7999999999999545,-0.5099999999999909
2023-12-01 06:25:00,2023-12-01 06:35:00,Long,2041.77,2041.02,-0.75,SL Hit,2041.02,1,170.8750000000141,10.0,-1.9400000000000546,0.2300000000000182
2023-12-01 08:45:00,2023-12-01 11:10:00,Long,2041.86,2041.8,-0.05999999999994543,SL Hit,2041.8,1,170.81500000001415,145.0,-0.2199999999997999,7.9200000000003
2023-12-01 16:10:00,2023-12-04 04:05:00,Long,2078.185,2083.5,31.890000000000327,SL Hit,2083.5,6,202.70500000001448,3595.0,-27.47499999999991,54.304999999999836
2023-12-04 04:10:00,2023-12-04 04:15:00,Short,2084.13,2084.19,-0.05999999999994543,SL Hit,2084.19,1,202.64500000001453,5.0,0.19000000000005457,-1.3299999999999272
2023-12-04 15:25:00,2023-12-04 17:05:00,Short,2028.0533333333333,2027.86,0.5800000000001546,SL Hit,2027.86,3,203.2250000000147,100.0,8.926666666666733,-7.153333333333194
2023-12-04 17:10:00,2023-12-04 17:20:00,Long,2028.73,2027.695,-1.0350000000000819,SL Hit,2027.695,1,202.1900000000146,10.0,-2.480000000000018,1.6399999999998727
2023-12-04 19:50:00,2023-12-04 20:25:00,Long,2030.35,2029.48,-0.8699999999998909,SL Hit,2029.48,1,201.32000000001472,35.0,-1.6699999999998454,1.8600000000001273
2023-12-04 23:35:00,2023-12-05 04:45:00,Long,2032.67,2033.0,0.9899999999997817,SL Hit,2033.0,3,202.3100000000145,310.0,-4.070000000000164,8.25
2023-12-05 04:50:00,2023-12-05 06:15:00,Short,2033.51,2033.9899999999998,-0.4799999999997908,SL Hit,2033.9899999999998,1,201.8300000000147,85.0,0.75,-2.589999999999918
2023-12-05 07:15:00,2023-12-05 07:25:00,Long,2034.42,2033.145,-1.275000000000091,SL Hit,2033.145,1,200.55500000001462,10.0,-1.4200000000000728,0.15999999999985448
2023-12-05 13:20:00,2023-12-05 14:25:00,Long,2026.92,2024.5499999999997,-2.3700000000003456,SL Hit,2024.5499999999997,1,198.18500000001427,65.0,-3.3300000000001546,3.699999999999818
2023-12-05 17:25:00,2023-12-05 17:30:00,Long,2018.6,2018.6,0.0,SL Hit,2018.6,1,198.18500000001427,5.0,-1.099999999999909,1.040000000000191
2023-12-05 18:50:00,2023-12-05 19:50:00,Short,2017.745,2019.62,-3.75,SL Hit,2019.62,2,194.43500000001427,60.0,2.2650000000001,-0.5449999999998454
2023-12-05 19:55:00,2023-12-05 23:05:00,Long,2019.375,2018.6,-3.100000000000364,SL Hit,2018.6,4,191.3350000000139,190.0,-1.474999999999909,1.375
2023-12-05 23:10:00,2023-12-05 23:50:00,Short,2019.46,2019.46,0.0,SL Hit,2019.46,1,191.3350000000139,40.0,0.06999999999993634,-2.3600000000001273
2023-12-06 03:40:00,2023-12-06 04:35:00,Long,2022.835,2020.7,-4.269999999999982,SL Hit,2020.7,2,187.06500000001392,55.0,-2.3350000000000364,1.2349999999999
2023-12-06 04:40:00,2023-12-06 04:55:00,Short,2021.12,2021.3899999999999,-0.2699999999999818,SL Hit,2021.3899999999999,1,186.79500000001394,15.0,0.8100000000001728,-0.6899999999998272
2023-12-06 05:05:00,2023-12-06 05:15:00,Short,2021.6,2021.6,0.0,SL Hit,2021.6,1,186.79500000001394,10.0,0.25,-1.3999999999998636
2023-12-06 05:45:00,2023-12-06 09:15:00,Long,2023.36,2023.21,-0.14999999999986358,SL Hit,2023.21,1,186.64500000001408,210.0,-1.4799999999997908,11.900000000000091
2023-12-06 10:00:00,2023-12-06 10:05:00,Short,2021.14,2021.875,-0.7349999999999,SL Hit,2021.875,1,185.91000000001418,5.0,1.490000000000009,-0.12000000000011823
2023-12-06 11:25:00,2023-12-06 11:45:00,Short,2020.74,2022.0750000000003,-1.3350000000002638,SL Hit,2022.0750000000003,1,184.57500000001392,20.0,1.3699999999998909,-0.9400000000000546
2023-12-06 14:40:00,2023-12-06 14:45:00,Long,2030.18,2029.3850000000002,-0.7949999999998454,SL Hit,2029.3850000000002,1,183.78000000001407,5.0,-4.529999999999973,0.2999999999999545
2023-12-06 18:55:00,2023-12-06 20:05:00,Long,2030.505,2028.07,-4.870000000000346,SL Hit,2028.07,2,178.91000000001372,70.0,-2.855000000000018,0.24499999999989086
2023-12-06 21:50:00,2023-12-06 23:00:00,Short,2025.05,2025.74,-0.6900000000000546,SL Hit,2025.74,1,178.22000000001367,70.0,1.0499999999999545,-0.14999999999986358
2023-12-07 02:20:00,2023-12-07 04:00:00,Long,2029.2350000000001,2026.08,-6.3100000000004,SL Hit,2026.08,2,171.91000000001327,100.0,-3.1550000000002,0.6549999999999727
2023-12-07 04:30:00,2023-12-07 04:45:00,Short,2026.45,2026.45,0.0,SL Hit,2026.45,1,171.91000000001327,15.0,0.16999999999984539,-1.0399999999999636
2023-12-07 04:50:00,2023-12-07 05:45:00,Short,2026.45,2026.96,-0.5099999999999909,SL Hit,2026.96,1,171.40000000001328,55.0,0.5599999999999454,-1.150000000000091
2023-12-07 07:05:00,2023-12-07 11:20:00,Long,2030.4833333333333,2032.49,6.019999999999982,SL Hit,2032.49,3,177.42000000001326,255.0,-2.193333333333385,4.2666666666666515
2023-12-07 13:40:00,2023-12-07 14:15:00,Long,2034.665,2031.1,-7.130000000000109,SL Hit,2031.1,2,170.29000000001315,35.0,-3.6549999999999727,4.995000000000118
2023-12-07 14:25:00,2023-12-07 18:10:00,Short,2030.3000000000002,2031.12,-1.639999999999418,SL Hit,2031.12,2,168.65000000001373,225.0,3.6299999999998818,-9.960000000000264
2023-12-07 18:15:00,2023-12-07 18:25:00,Long,2030.77,2028.7150000000001,-2.0549999999998363,SL Hit,2028.7150000000001,1,166.5950000000139,10.0,-2.269999999999982,0.029999999999972715
2023-12-07 20:55:00,2023-12-08 00:20:00,Short,2028.01,2028.8,-1.5799999999999272,SL Hit,2028.8,2,165.01500000001397,205.0,1.4400000000000546,-1.1900000000000546
2023-12-08 00:30:00,2023-12-08 03:30:00,Long,2031.0233333333333,2031.77,2.240000000000009,SL Hit,2031.77,3,167.25500000001398,180.0,-3.393333333333203,2.8866666666667697
2023-12-08 03:35:00,2023-12-08 03:55:00,Short,2032.01,2032.415,-0.4049999999999727,SL Hit,2032.415,1,166.850000000014,20.0,0.6800000000000637,-0.9800000000000182
2023-12-08 04:00:00,2023-12-08 07:45:00,Short,2030.9133333333332,2030.89,0.06999999999925421,SL Hit,2030.89,3,166.92000000001326,225.0,1.5366666666668607,-2.1033333333332394
2023-12-08 07:50:00,2023-12-08 08:00:00,Long,2030.28,2029.18,-2.199999999999818,SL Hit,2029.18,2,164.72000000001344,10.0,-1.3799999999998818,0.8099999999999454
2023-12-08 10:10:00,2023-12-08 10:15:00,Long,2030.08,2030.08,0.0,SL Hit,2030.08,1,164.72000000001344,5.0,-0.38999999999987267,1.1200000000001182
2023-12-08 13:10:00,2023-12-11 00:00:00,Short,2014.18,2007.39,20.36999999999989,SL Hit,2007.39,3,185.09000000001333,3530.0,14.429999999999836,-19.470000000000027
2023-12-11 00:05:00,2023-12-11 00:10:00,Long,2007.08,2006.7649999999999,-0.31500000000005457,SL Hit,2006.7649999999999,1,184.77500000001328,5.0,-1.1399999999998727,0.2899999999999636
2023-12-11 01:50:00,2023-12-11 07:25:00,Short,1999.575,1999.84,-1.0599999999994907,SL Hit,1999.84,4,183.7150000000138,335.0,3.4349999999999454,-4.875
2023-12-11 07:50:00,2023-12-11 11:10:00,Short,1994.3649999999998,1994.6,-0.9400000000005093,SL Hit,1994.6,4,182.77500000001328,200.0,3.305000000000291,-2.7649999999998727
2023-12-11 11:20:00,2023-12-11 11:30:00,Long,1993.98,1993.8149999999998,-0.165000000000191,SL Hit,1993.8149999999998,1,182.6100000000131,10.0,-0.2799999999999727,1.0699999999999363
2023-12-11 11:45:00,2023-12-11 13:05:00,Long,1994.12,1993.355,-0.7649999999998727,SL Hit,1993.355,1,181.84500000001321,80.0,-1.5399999999999636,2.5
2023-12-11 14:00:00,2023-12-11 19:00:00,Short,1986.165,1982.61,7.110000000000127,SL Hit,1982.61,2,188.95500000001334,300.0,7.634999999999991,-10.764999999999873
2023-12-11 23:10:00,2023-12-12 03:00:00,Long,1981.6950000000002,1981.7,0.009999999999763531,SL Hit,1981.7,2,188.9650000000131,230.0,-0.49500000000011823,5.274999999999864
2023-12-12 03:05:00,2023-12-12 03:10:00,Short,1982.74,1983.175,-0.43499999999994543,SL Hit,1983.175,1,188.53000000001316,5.0,0.7400000000000091,-0.44000000000005457
2023-12-12 07:10:00,2023-12-12 07:15:00,Long,1988.09,1986.8000000000002,-1.2899999999997362,SL Hit,1986.8000000000002,1,187.24000000001342,5.0,-1.449999999999818,0.07000000000016371
2023-12-12 08:00:00,2023-12-12 08:05:00,Long,1987.54,1986.64,-0.8999999999998636,SL Hit,1986.64,1,186.34000000001356,5.0,-1.7200000000000273,0.4800000000000182
2023-12-12 08:40:00,2023-12-12 09:55:00,Short,1985.56,1985.56,0.0,SL Hit,1985.56,1,186.34000000001356,75.0,0.2899999999999636,-2.6799999999998363
2023-12-12 12:05:00,2023-12-12 12:30:00,Long,1987.94,1987.0249999999999,-0.915000000000191,SL Hit,1987.0249999999999,1,185.42500000001337,25.0,-1.0299999999999727,0.7999999999999545
2023-12-12 13:50:00,2023-12-12 14:00:00,Short,1986.12,1986.12,0.0,SL Hit,1986.12,1,185.42500000001337,10.0,0.20000000000004547,-2.589999999999918
2023-12-12 16:40:00,2023-12-12 19:25:00,Short,1979.87,1980.6,-1.4600000000000364,SL Hit,1980.6,2,183.96500000001333,165.0,2.0,-2.709999999999809
2023-12-12 19:30:00,2023-12-12 19:40:00,Long,1979.95,1979.95,0.0,SL Hit,1979.95,1,183.96500000001333,10.0,-0.4500000000000455,0.8899999999998727
2023-12-12 23:05:00,2023-12-12 23:15:00,Long,1979.78,1979.705,-0.07500000000004547,SL Hit,1979.705,1,183.8900000000133,10.0,-0.07999999999992724,0.8099999999999454
2023-12-13 02:05:00,2023-12-13 07:30:00,Short,1978.3125,1979.61,-5.1899999999996,SL Hit,1979.61,4,178.7000000000137,325.0,1.7774999999999181,-5.302500000000009
2023-12-13 07:50:00,2023-12-13 07:55:00,Long,1979.74,1979.5299999999997,-0.21000000000026375,SL Hit,1979.5299999999997,1,178.49000000001342,5.0,-0.8299999999999272,0.33999999999991815
2023-12-13 08:00:00,2023-12-13 12:10:00,Long,1981.62,1981.1,-1.5599999999999454,SL Hit,1981.1,3,176.93000000001348,250.0,-2.75,1.8600000000001273
2023-12-13 12:15:00,2023-12-13 12:20:00,Short,1981.46,1981.46,0.0,SL Hit,1981.46,1,176.93000000001348,5.0,0.009999999999990905,-0.6900000000000546
2023-12-13 12:25:00,2023-12-13 12:30:00,Short,1981.48,1981.495,-0.01499999999987267,SL Hit,1981.495,1,176.9150000000136,5.0,0.029999999999972715,-0.37000000000011823
2023-12-13 13:25:00,2023-12-13 13:30:00,Short,1980.92,1982.855,-1.9349999999999454,SL Hit,1982.855,1,174.98000000001366,5.0,5.2999999999999545,-0.0
2023-12-13 15:20:00,2023-12-13 15:50:00,Short,1978.96,1981.4499999999998,-2.4899999999997817,SL Hit,1981.4499999999998,1,172.49000000001388,30.0,2.759999999999991,-0.5299999999999727
2023-12-14 03:30:00,2023-12-14 03:50:00,Long,2034.16,2031.535,-2.625,SL Hit,2031.535,1,169.86500000001388,20.0,-3.5700000000001637,0.0
2023-12-14 04:00:00,2023-12-14 05:35:00,Short,2030.9250000000002,2031.9,-1.949999999999818,SL Hit,2031.9,2,167.91500000001406,95.0,1.7449999999998909,-1.2250000000001364
2023-12-14 07:40:00,2023-12-14 07:45:00,Short,2030.7,2030.7150000000001,-0.015000000000100044,SL Hit,2030.7150000000001,1,167.90000000001396,5.0,0.8899999999998727,-0.6700000000000728
2023-12-14 08:20:00,2023-12-14 09:40:00,Long,2036.52,2035.67,-1.699999999999818,SL Hit,2035.67,2,166.20000000001414,80.0,-1.599999999999909,3.5299999999999727
2023-12-14 09:55:00,2023-12-14 12:00:00,Short,2035.075,2035.18,-0.21000000000003638,SL Hit,2035.18,2,165.9900000000141,125.0,2.2749999999998636,-2.4249999999999545
2023-12-14 12:05:00,2023-12-14 13:20:00,Long,2035.585,2032.8,-5.570000000000164,SL Hit,2032.8,2,160.42000000001394,75.0,-4.684999999999945,3.3450000000000273
2023-12-14 13:30:00,2023-12-14 13:45:00,Short,2031.64,2033.935,-2.2949999999998454,SL Hit,2033.935,1,158.1250000000141,15.0,3.9699999999998,-3.5900000000001455
2023-12-14 14:15:00,2023-12-14 17:25:00,Long,2039.0700000000002,2037.06,-4.020000000000437,SL Hit,2037.06,2,154.10500000001366,190.0,-3.9200000000000728,8.47999999999979
2023-12-14 17:30:00,2023-12-14 17:35:00,Short,2037.53,2037.665,-0.1349999999999909,SL Hit,2037.665,1,153.97000000001367,5.0,0.39000000000010004,-0.9300000000000637
2023-12-14 17:40:00,2023-12-14 23:05:00,Short,2037.025,2036.56,0.930000000000291,SL Hit,2036.56,2,154.90000000001396,325.0,1.0649999999998272,-7.2650000000001
2023-12-14 23:10:00,2023-12-14 23:55:00,Long,2035.85,2035.5950000000003,-0.2549999999996544,SL Hit,2035.5950000000003,1,154.6450000000143,45.0,-0.6499999999998636,2.7000000000000455
2023-12-15 10:30:00,2023-12-15 10:40:00,Long,2043.73,2042.8300000000002,-0.8999999999998636,SL Hit,2042.8300000000002,1,153.74500000001444,10.0,-1.259999999999991,0.0
2023-12-15 12:40:00,2023-12-15 12:45:00,Long,2044.1,2042.945,-1.1549999999999727,SL Hit,2042.945,1,152.59000000001447,5.0,-1.490000000000009,0.0
2023-12-15 13:25:00,2023-12-15 13:30:00,Short,2040.96,2041.6200000000001,-0.6600000000000819,SL Hit,2041.6200000000001,1,151.9300000000144,5.0,2.1700000000000728,-4.420000000000073
2023-12-15 16:50:00,2023-12-18 01:05:00,Short,2024.0333333333335,2021.19,8.530000000000427,SL Hit,2021.19,3,160.46000000001482,3375.0,10.406666666666524,-8.733333333333576
2023-12-18 02:20:00,2023-12-18 02:25:00,Long,2022.79,2021.44,-1.349999999999909,SL Hit,2021.44,1,159.1100000000149,5.0,-1.6700000000000728,0.0
2023-12-18 05:35:00,2023-12-18 05:40:00,Long,2023.83,2022.975,-0.8550000000000182,SL Hit,2022.975,1,158.2550000000149,5.0,-1.099999999999909,0.19000000000005457
2023-12-18 08:05:00,2023-12-18 08:10:00,Short,2022.93,2023.1399999999999,-0.209999999999809,SL Hit,2023.1399999999999,1,158.04500000001508,5.0,0.30999999999994543,-0.38000000000010914
2023-12-18 08:20:00,2023-12-18 08:25:00,Long,2024.18,2023.7600000000002,-0.4199999999998454,SL Hit,2023.7600000000002,1,157.62500000001523,5.0,-1.1000000000001364,0.15999999999985448
2023-12-18 08:45:00,2023-12-18 09:50:00,Long,2023.78,2022.91,-0.8699999999998909,SL Hit,2022.91,1,156.75500000001534,65.0,-0.9100000000000819,2.839999999999918
2023-12-18 10:10:00,2023-12-18 12:50:00,Short,2022.81,2023.59,-0.7799999999999727,SL Hit,2023.59,1,155.97500000001537,160.0,1.1200000000001182,-4.309999999999945
2023-12-18 14:05:00,2023-12-18 14:10:00,Long,2025.27,2024.625,-0.6449999999999818,SL Hit,2024.625,1,155.3300000000154,5.0,-1.2999999999999545,0.2999999999999545
2023-12-18 16:35:00,2023-12-18 23:25:00,Long,2026.8166666666668,2025.6,-7.300000000001546,SL Hit,2025.6,6,148.03000000001384,410.0,-5.616666666666788,6.673333333333176
2023-12-18 23:30:00,2023-12-18 23:35:00,Short,2026.15,2026.15,0.0,SL Hit,2026.15,1,148.03000000001384,5.0,0.31999999999993634,-0.5199999999999818
2023-12-19 00:00:00,2023-12-19 01:55:00,Long,2027.42,2025.2,-4.440000000000055,SL Hit,2025.2,2,143.5900000000138,115.0,-2.2200000000000273,1.6399999999998727
2023-12-19 03:45:00,2023-12-19 04:55:00,Short,2023.54,2024.2150000000001,-0.6750000000001819,SL Hit,2024.2150000000001,1,142.9150000000136,70.0,0.7000000000000455,-2.4400000000000546
2023-12-19 06:45:00,2023-12-19 07:00:00,Long,2024.86,2024.365,-0.49499999999989086,SL Hit,2024.365,1,142.42000000001372,15.0,-1.259999999999991,0.9200000000000728
2023-12-19 07:05:00,2023-12-19 10:05:00,Long,2025.2,2025.64,1.7600000000002183,SL Hit,2025.64,4,144.18000000001393,180.0,-2.2899999999999636,3.1499999999998636
2023-12-19 10:10:00,2023-12-19 11:25:00,Short,2026.58,2027.0300000000002,-0.45000000000027285,SL Hit,2027.0300000000002,1,143.73000000001366,75.0,0.5,-2.8799999999998818
2023-12-19 12:30:00,2023-12-19 18:10:00,Long,2033.855,2039.29,21.73999999999978,SL Hit,2039.29,4,165.47000000001344,340.0,-7.855000000000018,12.964999999999918
2023-12-19 22:00:00,2023-12-19 23:00:00,Long,2040.12,2039.88,-0.23999999999978172,SL Hit,2039.88,1,165.23000000001366,60.0,-1.2199999999998,0.03000000000020009
2023-12-20 01:10:00,2023-12-20 03:00:00,Short,2038.86,2040.0150000000003,-1.1550000000004275,SL Hit,2040.0150000000003,1,164.07500000001323,110.0,1.2800000000002,-2.259999999999991
2023-12-20 04:55:00,2023-12-20 10:00:00,Long,2041.0200000000002,2039.6,-4.2600000000009,SL Hit,2039.6,3,159.81500000001233,305.0,-1.6300000000001091,2.2699999999997544
2023-12-20 10:05:00,2023-12-20 13:55:00,Short,2036.1966666666667,2035.83,1.1000000000003638,SL Hit,2035.83,3,160.9150000000127,230.0,3.5833333333332575,-6.076666666666824
2023-12-20 18:25:00,2023-12-20 19:45:00,Long,2034.65,2034.02,-0.6300000000001091,SL Hit,2034.02,1,160.2850000000126,80.0,-1.5,2.3999999999998636
2023-12-20 19:55:00,2023-12-20 20:15:00,Short,2032.34,2033.255,-0.915000000000191,SL Hit,2033.255,1,159.3700000000124,20.0,1.2300000000000182,-2.240000000000009
2023-12-20 21:10:00,2023-12-20 21:15:00,Short,2030.76,2030.895,-0.1349999999999909,SL Hit,2030.895,1,159.2350000000124,5.0,0.2400000000000091,-0.32999999999992724
2023-12-21 00:15:00,2023-12-21 05:35:00,Long,2035.1775000000002,2035.8,2.4899999999988722,SL Hit,2035.8,4,161.72500000001128,320.0,-2.387500000000273,2.9224999999996726
2023-12-21 05:40:00,2023-12-21 12:20:00,Short,2035.6739999999998,2035.2,2.3699999999985266,SL Hit,2035.2,5,164.0950000000098,400.0,1.5360000000002856,-2.5939999999998236
2023-12-21 15:10:00,2023-12-21 15:15:00,Short,2038.11,2039.52,-1.4100000000000819,SL Hit,2039.52,1,162.68500000000972,5.0,1.8300000000001546,-1.1899999999998272
2023-12-21 17:55:00,2023-12-21 18:00:00,Short,2040.62,2040.98,-0.36000000000012733,SL Hit,2040.98,1,162.3250000000096,5.0,0.8000000000001819,-0.23999999999978172
2023-12-22 03:20:00,2023-12-22 03:30:00,Long,2050.38,2049.7349999999997,-0.6450000000004366,SL Hit,2049.7349999999997,1,161.68000000000916,10.0,-1.300000000000182,0.569999999999709
2023-12-22 03:40:00,2023-12-22 03:45:00,Short,2048.33,2048.4799999999996,-0.1499999999996362,SL Hit,2048.4799999999996,1,161.53000000000952,5.0,0.599999999999909,-1.1899999999998272
2023-12-22 06:50:00,2023-12-22 07:00:00,Short,2047.61,2048.2400000000002,-0.6300000000003365,SL Hit,2048.2400000000002,1,160.9000000000092,10.0,1.2999999999999545,-0.2599999999999909
2023-12-22 07:50:00,2023-12-22 16:05:00,Long,2058.835,2057.75,-2.1700000000000728,SL Hit,2057.75,2,158.7300000000091,495.0,-9.184999999999945,11.364999999999782
2023-12-22 16:10:00,2023-12-24 22:00:00,Short,2056.4833333333336,2053.59,8.680000000000291,SL Hit,2053.59,3,167.4100000000094,3230.0,5.44666666666626,-4.883333333333667
2023-12-26 05:15:00,2023-12-26 06:25:00,Short,2063.47,2064.16,-0.6900000000000546,SL Hit,2064.16,1,166.72000000000935,70.0,0.75,-2.119999999999891
2023-12-26 08:15:00,2023-12-26 08:20:00,Short,2063.15,2063.495,-0.3449999999997999,SL Hit,2063.495,1,166.37500000000955,5.0,0.7399999999997817,-1.050000000000182
2023-12-26 13:50:00,2023-12-26 19:20:00,Short,2058.686,2059.8,-5.570000000000164,SL Hit,2059.8,5,160.8050000000094,330.0,3.0539999999996326,-4.486000000000331
2023-12-27 04:00:00,2023-12-27 04:50:00,Short,2064.52,2065.075,-0.5549999999998363,SL Hit,2065.075,1,160.25000000000955,50.0,0.5900000000001455,-1.3200000000001637
2023-12-27 08:15:00,2023-12-27 08:30:00,Long,2066.7,2066.7,0.0,SL Hit,2066.7,1,160.25000000000955,15.0,-0.15999999999985448,1.580000000000382
2023-12-27 09:10:00,2023-12-27 09:15:00,Long,2068.23,2067.4349999999995,-0.7950000000005275,SL Hit,2067.4349999999995,1,159.45500000000902,5.0,-1.2300000000000182,0.0500000000001819
2023-12-27 10:20:00,2023-12-27 11:25:00,Short,2067.23,2067.5899999999997,-0.3599999999996726,SL Hit,2067.5899999999997,1,159.09500000000935,65.0,0.5199999999999818,-5.579999999999927
2023-12-27 14:25:00,2023-12-27 18:30:00,Long,2073.04,2079.45,25.639999999999418,SL Hit,2079.45,4,184.73500000000877,245.0,-6.199999999999818,10.949999999999818
2023-12-27 23:35:00,2023-12-28 04:55:00,Long,2083.965,2085.7,6.93999999999869,SL Hit,2085.7,4,191.67500000000746,320.0,-6.164999999999964,4.3449999999998
2023-12-28 05:00:00,2023-12-28 05:05:00,Short,2086.51,2086.6749999999997,-0.16499999999950887,SL Hit,2086.6749999999997,1,191.51000000000795,5.0,0.6599999999998545,-0.44000000000005457
2023-12-28 05:20:00,2023-12-28 05:25:00,Short,2086.42,2086.87,-0.4499999999998181,SL Hit,2086.87,1,191.06000000000813,5.0,0.9299999999998363,-0.0
2023-12-28 06:05:00,2023-12-28 06:10:00,Short,2086.37,2086.7000000000003,-0.330000000000382,SL Hit,2086.7000000000003,1,190.73000000000775,5.0,0.3900000000003274,-1.5399999999999636
2023-12-28 07:15:00,2023-12-28 07:25:00,Long,2086.7,2085.8150000000005,-0.8849999999993088,SL Hit,2085.8150000000005,1,189.84500000000844,10.0,-1.3099999999999454,0.42000000000007276
2023-12-28 07:55:00,2023-12-28 14:55:00,Short,2077.226666666667,2078.81,-4.7499999999990905,SL Hit,2078.81,3,185.09500000000935,420.0,9.033333333333303,-5.926666666666733
2023-12-28 15:00:00,2023-12-28 15:15:00,Long,2079.1,2078.6949999999997,-0.4050000000002001,SL Hit,2078.6949999999997,1,184.69000000000915,15.0,-1.4400000000000546,1.6900000000000546
2023-12-28 18:05:00,2023-12-28 18:15:00,Short,2071.98,2073.6150000000002,-1.6350000000002183,SL Hit,2073.6150000000002,1,183.05500000000893,10.0,2.369999999999891,-0.09000000000014552
2023-12-28 18:45:00,2023-12-28 18:50:00,Short,2072.18,2072.585,-0.4050000000002001,SL Hit,2072.585,1,182.65000000000873,5.0,0.6700000000000728,-0.7399999999997817
2023-12-28 18:55:00,2023-12-28 23:55:00,Short,2068.45,2066.92,3.0599999999994907,SL Hit,2066.92,2,185.71000000000822,300.0,4.570000000000164,-3.849999999999909
2023-12-29 00:00:00,2023-12-29 00:40:00,Long,2066.69,2065.6549999999997,-1.0350000000003092,SL Hit,2065.6549999999997,1,184.6750000000079,40.0,-1.2899999999999636,1.1199999999998909
2023-12-29 01:10:00,2023-12-29 09:20:00,Long,2068.625,2067.81,-3.2600000000002183,SL Hit,2067.81,4,181.4150000000077,490.0,-1.2849999999998545,5.885000000000218
2023-12-29 09:25:00,2023-12-29 09:35:00,Short,2068.03,2068.525,-0.49499999999989086,SL Hit,2068.525,1,180.9200000000078,10.0,0.8899999999998727,-0.1000000000003638
2023-12-29 12:25:00,2023-12-29 12:40:00,Long,2067.85,2065.5250000000005,-2.3249999999993634,SL Hit,2065.5250000000005,1,178.59500000000844,15.0,-3.0899999999996908,0.0
2023-12-29 15:35:00,2023-12-29 15:40:00,Long,2064.22,2064.22,0.0,SL Hit,2064.22,1,178.59500000000844,5.0,-1.2599999999997635,1.5300000000002
2024-01-02 03:20:00,2024-01-02 03:40:00,Long,2069.27,2069.1049999999996,-0.16500000000041837,SL Hit,2069.1049999999996,1,178.43000000000802,20.0,-0.17000000000007276,0.6700000000000728
2024-01-02 03:50:00,2024-01-02 04:55:00,Long,2069.45,2068.4,-2.0999999999994543,SL Hit,2068.4,2,176.33000000000857,65.0,-1.25,0.900000000000091
2024-01-02 05:00:00,2024-01-02 05:05:00,Short,2069.63,2069.96,-0.32999999999992724,SL Hit,2069.96,1,176.00000000000864,5.0,0.6099999999996726,-0.17000000000007276
2024-01-02 08:10:00,2024-01-02 09:05:00,Short,2072.96,2074.8499999999995,-1.889999999999418,SL Hit,2074.8499999999995,1,174.11000000000922,55.0,1.9299999999998363,-0.9800000000000182
2024-01-02 11:20:00,2024-01-03 01:50:00,Short,2065.071428571429,2062.05,21.150000000001,SL Hit,2062.05,7,195.26000000001022,870.0,10.728571428571286,-8.421428571428805
2024-01-03 04:35:00,2024-01-03 04:45:00,Long,2065.44,2064.6749999999997,-0.7650000000003274,SL Hit,2064.6749999999997,1,194.4950000000099,10.0,-1.4400000000000546,0.01999999999998181
2024-01-03 05:05:00,2024-01-03 05:35:00,Short,2064.065,2065.46,-2.7899999999999636,SL Hit,2065.46,2,191.70500000000993,30.0,1.8550000000000182,-0.5950000000002547
2024-01-03 05:40:00,2024-01-03 05:45:00,Long,2065.6,2064.4449999999997,-1.1550000000002,SL Hit,2064.4449999999997,1,190.55000000000973,5.0,-2.0,0.0
2024-01-03 06:50:00,2024-01-03 15:00:00,Short,2056.9533333333334,2048.0,26.860000000000127,SL Hit,2048.0,3,217.41000000000986,490.0,7.996666666666442,-25.033333333333303
2024-01-03 15:05:00,2024-01-03 15:10:00,Long,2044.58,2044.3700000000001,-0.209999999999809,SL Hit,2044.3700000000001,1,217.20000000001005,5.0,-4.069999999999936,2.2000000000000455
2024-01-03 16:05:00,2024-01-03 18:45:00,Short,2035.75,2035.75,0.0,SL Hit,2035.75,1,217.20000000001005,160.0,0.30999999999994543,-4.779999999999973
2024-01-03 19:15:00,2024-01-03 19:25:00,Short,2031.31,2036.065,-4.755000000000109,SL Hit,2036.065,1,212.44500000000994,10.0,7.330000000000155,-0.0
2024-01-03 20:20:00,2024-01-04 00:50:00,Long,2042.1566666666668,2041.7,-1.3700000000001182,SL Hit,2041.7,3,211.07500000000982,270.0,-2.2566666666666606,1.4033333333331939
2024-01-04 00:55:00,2024-01-04 01:05:00,Short,2041.77,2042.415,-0.6449999999999818,SL Hit,2042.415,1,210.43000000000984,10.0,0.7999999999999545,-0.08999999999991815
2024-01-04 01:25:00,2024-01-04 02:00:00,Short,2041.87,2043.19,-2.6400000000003274,SL Hit,2043.19,2,207.7900000000095,35.0,1.8300000000001546,-1.709999999999809
2024-01-04 02:05:00,2024-01-04 04:10:00,Long,2044.38,2042.56,-3.6400000000003274,SL Hit,2042.56,2,204.1500000000092,125.0,-1.9800000000000182,2.3799999999998818
2024-01-04 04:15:00,2024-01-04 04:40:00,Short,2043.41,2044.0849999999998,-0.6749999999997272,SL Hit,2044.0849999999998,1,203.47500000000946,25.0,1.1299999999998818,-1.1100000000001273
2024-01-04 04:55:00,2024-01-04 05:00:00,Short,2042.87,2043.035,-0.165000000000191,SL Hit,2043.035,1,203.31000000000927,5.0,0.2700000000002092,-1.1699999999998454
2024-01-04 07:10:00,2024-01-04 07:15:00,Long,2048.13,2046.8849999999998,-1.2450000000003456,SL Hit,2046.8849999999998,1,202.06500000000892,5.0,-1.5,0.0
2024-01-04 07:35:00,2024-01-04 07:55:00,Long,2047.84,2047.8249999999998,-0.015000000000100044,SL Hit,2047.8249999999998,1,202.05000000000882,20.0,-0.5599999999999454,1.5200000000002092
2024-01-04 13:25:00,2024-01-04 15:10:00,Short,2040.6899999999998,2042.23,-4.620000000000573,SL Hit,2042.23,3,197.43000000000825,105.0,4.4900000000002365,-4.129999999999882
2024-01-04 19:05:00,2024-01-04 19:10:00,Long,2043.47,2043.17,-0.2999999999999545,SL Hit,2043.17,1,197.1300000000083,5.0,-0.6400000000001,0.17000000000007276
2024-01-05 03:55:00,2024-01-05 04:20:00,Short,2045.45,2045.45,0.0,SL Hit,2045.45,1,197.1300000000083,25.0,0.12999999999988177,-1.25
2024-01-05 04:25:00,2024-01-05 07:15:00,Short,2044.7,2045.09,-1.169999999999618,SL Hit,2045.09,3,195.96000000000868,170.0,1.8299999999999272,-3.900000000000091
2024-01-05 12:45:00,2024-01-05 12:50:00,Long,2040.01,2039.635,-0.375,SL Hit,2039.635,1,195.58500000000868,5.0,-0.5099999999999909,0.849999999999909
2024-01-05 13:00:00,2024-01-05 13:30:00,Long,2040.31,2039.23,-1.0799999999999272,SL Hit,2039.23,1,194.50500000000875,30.0,-14.950000000000045,1.259999999999991
2024-01-05 14:10:00,2024-01-05 18:10:00,Long,2041.205,2040.55,-1.3099999999999454,SL Hit,2040.55,2,193.1950000000088,240.0,-2.0549999999998363,22.394999999999982
2024-01-05 18:15:00,2024-01-05 18:20:00,Short,2041.64,2042.105,-0.46499999999991815,SL Hit,2042.105,1,192.73000000000889,5.0,0.5899999999999181,-0.41000000000008185
2024-01-07 23:45:00,2024-01-08 00:10:00,Short,2043.98,2044.46,-0.4800000000000182,SL Hit,2044.46,1,192.25000000000887,25.0,1.0599999999999454,-1.6800000000000637
2024-01-08 02:10:00,2024-01-08 14:55:00,Short,2030.965,2025.27,22.779999999999745,SL Hit,2025.27,4,215.0300000000086,765.0,12.415000000000191,-12.345000000000027
2024-01-08 19:00:00,2024-01-08 19:15:00,Short,2026.955,2028.09,-2.269999999999982,SL Hit,2028.09,2,212.76000000000863,15.0,1.175000000000182,-1.0549999999998363
2024-01-08 19:20:00,2024-01-08 19:40:00,Long,2027.83,2027.5900000000001,-0.23999999999978172,SL Hit,2027.5900000000001,1,212.52000000000885,20.0,-0.32999999999992724,0.9300000000000637
2024-01-08 20:20:00,2024-01-08 20:25:00,Short,2026.51,2026.885,-0.375,SL Hit,2026.885,1,212.14500000000885,5.0,0.7400000000000091,-1.009999999999991
2024-01-08 20:55:00,2024-01-08 21:05:00,Short,2026.15,2027.8899999999999,-1.7399999999997817,SL Hit,2027.8899999999999,1,210.40500000000907,10.0,1.9199999999998454,-0.0
2024-01-09 04:30:00,2024-01-09 06:40:00,Short,2032.9466666666667,2033.31,-1.0899999999996908,SL Hit,2033.31,3,209.31500000000938,130.0,1.8033333333332848,-2.7466666666666697
2024-01-09 06:50:00,2024-01-09 08:15:00,Long,2032.52,2032.19,-0.32999999999992724,SL Hit,2032.19,1,208.98500000000945,85.0,-0.7000000000000455,5.099999999999909
2024-01-09 10:30:00,2024-01-09 10:35:00,Long,2037.8,2037.365,-0.43499999999994543,SL Hit,2037.365,1,208.5500000000095,5.0,-0.599999999999909,0.650000000000091
2024-01-09 11:25:00,2024-01-09 12:15:00,Short,2034.8,2036.0,-1.2000000000000455,SL Hit,2036.0,1,207.35000000000946,50.0,1.4300000000000637,-1.8999999999998636
2024-01-09 15:50:00,2024-01-09 23:10:00,Short,2030.0066666666664,2030.82,-2.4400000000005093,SL Hit,2030.82,3,204.91000000000895,440.0,2.973333333333585,-3.8866666666665424
2024-01-09 23:15:00,2024-01-09 23:20:00,Long,2030.88,2030.67,-0.21000000000003638,SL Hit,2030.67,1,204.7000000000089,5.0,-0.5800000000001546,0.14999999999986358
2024-01-10 00:15:00,2024-01-10 00:20:00,Long,2030.66,2030.645,-0.015000000000100044,SL Hit,2030.645,1,204.6850000000088,5.0,-0.41000000000008185,0.2999999999999545
2024-01-10 01:45:00,2024-01-10 05:25:00,Long,2030.676666666667,2028.13,-7.640000000000555,SL Hit,2028.13,3,197.04500000000826,220.0,-2.77666666666687,2.0533333333330575
2024-01-10 05:30:00,2024-01-10 07:35:00,Short,2029.42,2029.825,-0.4049999999999727,SL Hit,2029.825,1,196.64000000000829,125.0,0.8599999999999,-5.570000000000164
2024-01-10 09:15:00,2024-01-10 11:15:00,Long,2035.79,2034.44,-1.349999999999909,SL Hit,2034.44,1,195.29000000000838,120.0,-1.490000000000009,4.400000000000091
2024-01-10 14:05:00,2024-01-10 14:30:00,Short,2030.72,2031.4850000000001,-0.7650000000001,SL Hit,2031.4850000000001,1,194.52500000000828,25.0,2.099999999999909,-1.9600000000000364
2024-01-10 14:35:00,2024-01-10 23:00:00,Short,2026.091666666667,2024.4,10.150000000001,SL Hit,2024.4,6,204.67500000000928,505.0,6.248333333332994,-5.701666666666824
2024-01-11 04:15:00,2024-01-11 04:20:00,Long,2031.87,2031.15,-0.7199999999997999,SL Hit,2031.15,1,203.95500000000948,5.0,-0.7699999999999818,0.010000000000218279
2024-01-11 04:30:00,2024-01-11 08:45:00,Long,2031.615,2031.66,0.09000000000014552,SL Hit,2031.66,2,204.04500000000962,255.0,-1.2149999999999181,3.9349999999999454
2024-01-11 09:10:00,2024-01-11 09:50:00,Short,2031.48,2032.185,-0.7049999999999272,SL Hit,2032.185,1,203.3400000000097,40.0,0.8599999999999,-2.0799999999999272
2024-01-11 10:45:00,2024-01-11 10:55:00,Long,2031.59,2031.59,0.0,SL Hit,2031.59,1,203.3400000000097,10.0,-0.1799999999998363,0.44000000000005457
2024-01-11 13:00:00,2024-01-11 13:20:00,Short,2032.25,2035.25,-3.0,SL Hit,2035.25,1,200.3400000000097,20.0,6.710000000000036,-0.15000000000009095
2024-01-11 16:20:00,2024-01-11 19:00:00,Short,2019.9299999999998,2016.79,6.279999999999745,SL Hit,2016.79,2,206.62000000000944,160.0,6.400000000000091,-6.539999999999736
2024-01-11 23:05:00,2024-01-12 17:15:00,Long,2039.6174999999998,2044.31,37.54000000000087,SL Hit,2044.31,8,244.1600000000103,1090.0,-10.377499999999827,22.512500000000273
2024-01-12 19:15:00,2024-01-12 19:20:00,Long,2048.7,2048.4150000000004,-0.28499999999939973,SL Hit,2048.4150000000004,1,243.8750000000109,5.0,-0.5899999999996908,0.40000000000009095
2024-01-14 23:00:00,2024-01-14 23:10:00,Long,2047.1,2047.04,-0.05999999999994543,SL Hit,2047.04,1,243.81500000001097,10.0,-0.599999999999909,1.180000000000291
2024-01-14 23:35:00,2024-01-14 23:40:00,Short,2047.08,2048.115,-1.0349999999998545,SL Hit,2048.115,1,242.7800000000111,5.0,1.3299999999999272,-0.6799999999998363
2024-01-15 01:15:00,2024-01-15 07:30:00,Long,2052.5475,2053.6,4.209999999999127,SL Hit,2053.6,4,246.99000000001024,375.0,-5.747500000000173,5.4724999999998545
2024-01-15 07:40:00,2024-01-15 08:05:00,Short,2053.52,2054.765,-1.2449999999998909,SL Hit,2054.765,1,245.74500000001035,25.0,2.2899999999999636,-0.5300000000002001
2024-01-15 10:20:00,2024-01-15 11:00:00,Short,2053.35,2053.59,-0.24000000000023647,SL Hit,2053.59,1,245.5050000000101,40.0,0.3000000000001819,-1.650000000000091
2024-01-15 11:05:00,2024-01-15 11:55:00,Short,2052.345,2053.65,-2.610000000000582,SL Hit,2053.65,2,242.89500000000953,50.0,1.3550000000000182,-0.8449999999997999
2024-01-15 12:00:00,2024-01-15 12:05:00,Long,2053.32,2052.7349999999997,-0.5850000000004911,SL Hit,2052.7349999999997,1,242.31000000000904,5.0,-0.9200000000000728,0.3599999999996726
2024-01-15 12:35:00,2024-01-15 12:50:00,Short,2051.55,2052.3900000000003,-0.8400000000001455,SL Hit,2052.3900000000003,1,241.4700000000089,15.0,1.5799999999999272,-0.15000000000009095
2024-01-15 13:25:00,2024-01-15 13:30:00,Long,2052.84,2052.42,-0.42000000000007276,SL Hit,2052.42,1,241.05000000000882,5.0,-0.5399999999999636,0.29999999999972715
2024-01-15 13:55:00,2024-01-15 14:05:00,Long,2053.66,2053.6450000000004,-0.014999999999417923,SL Hit,2053.6450000000004,1,241.0350000000094,10.0,-0.7300000000000182,0.5799999999999272
2024-01-15 15:10:00,2024-01-15 15:25:00,Short,2051.41,2051.5150000000003,-0.10500000000047294,SL Hit,2051.5150000000003,1,240.93000000000893,15.0,0.2800000000002001,-1.7399999999997817
2024-01-15 16:10:00,2024-01-15 23:30:00,Long,2054.6600000000003,2053.55,-3.330000000000382,SL Hit,2053.55,3,237.60000000000855,440.0,-2.2600000000002183,1.3899999999998727
2024-01-15 23:35:00,2024-01-16 06:50:00,Short,2051.04,2049.85,5.950000000000273,SL Hit,2049.85,5,243.55000000000882,435.0,4.099999999999909,-3.6599999999998545
2024-01-16 06:55:00,2024-01-16 07:10:00,Long,2049.85,2049.175,-0.6749999999997272,SL Hit,2049.175,1,242.8750000000091,15.0,-0.9200000000000728,0.9900000000002365
2024-01-16 08:20:00,2024-01-16 13:40:00,Short,2042.0966666666666,2040.94,3.4699999999995725,SL Hit,2040.94,3,246.34500000000867,320.0,7.773333333333312,-10.656666666666524
2024-01-16 16:20:00,2024-01-16 19:50:00,Short,2033.0966666666666,2028.71,13.159999999999627,SL Hit,2028.71,3,259.5050000000083,210.0,6.923333333333403,-9.196666666666488
2024-01-17 01:05:00,2024-01-17 01:10:00,Long,2027.1,2027.1,0.0,SL Hit,2027.1,1,259.5050000000083,5.0,-0.37999999999988177,0.9100000000000819
2024-01-17 01:30:00,2024-01-17 01:35:00,Long,2028.94,2027.9499999999998,-0.9900000000002365,SL Hit,2027.9499999999998,1,258.51500000000806,5.0,-1.0399999999999636,0.849999999999909
2024-01-17 03:35:00,2024-01-17 07:50:00,Short,2023.03,2025.67,-5.2800000000002,SL Hit,2025.67,2,253.23500000000786,255.0,3.2899999999999636,-5.730000000000018
2024-01-17 07:55:00,2024-01-17 08:05:00,Long,2024.52,2024.4450000000002,-0.0749999999998181,SL Hit,2024.4450000000002,1,253.16000000000804,10.0,-0.5199999999999818,1.6900000000000546
2024-01-17 12:00:00,2024-01-17 12:10:00,Short,2024.0,2026.22,-2.2200000000000273,SL Hit,2026.22,1,250.940000000008,10.0,2.4200000000000728,-0.14000000000010004
2024-01-17 13:25:00,2024-01-17 20:40:00,Short,2013.405,2006.76,26.579999999999927,SL Hit,2006.76,4,277.52000000000794,435.0,11.565000000000055,-12.004999999999882
2024-01-17 20:50:00,2024-01-17 23:00:00,Long,2005.6500000000003,2005.1,-1.6500000000012278,SL Hit,2005.1,3,275.8700000000067,130.0,-0.5500000000004093,0.9699999999995725
2024-01-18 02:10:00,2024-01-18 02:15:00,Long,2011.23,2010.57,-0.6600000000000819,SL Hit,2010.57,1,275.21000000000663,5.0,-1.1300000000001091,0.07999999999992724
2024-01-18 02:20:00,2024-01-18 02:25:00,Long,2010.63,2009.6999999999998,-0.930000000000291,SL Hit,2009.6999999999998,1,274.28000000000634,5.0,-1.0,0.2899999999999636
2024-01-18 11:35:00,2024-01-18 13:30:00,Long,2012.26,2010.67,-1.5899999999999181,SL Hit,2010.67,1,272.6900000000064,115.0,-4.349999999999909,4.759999999999991
2024-01-18 13:35:00,2024-01-18 14:10:00,Short,2012.06,2012.06,0.0,SL Hit,2012.06,1,272.6900000000064,35.0,0.7899999999999636,-3.5499999999999545
2024-01-18 18:25:00,2024-01-18 19:20:00,Long,2017.7,2017.6550000000002,-0.044999999999845386,SL Hit,2017.6550000000002,1,272.6450000000066,55.0,-0.20000000000004547,3.1699999999998454
2024-01-18 23:40:00,2024-01-18 23:50:00,Short,2022.36,2023.1550000000002,-0.7950000000003001,SL Hit,2023.1550000000002,1,271.8500000000063,10.0,1.8100000000001728,-1.0599999999999454
2024-01-19 03:35:00,2024-01-19 03:40:00,Short,2022.38,2022.845,-0.46499999999991815,SL Hit,2022.845,1,271.38500000000636,5.0,0.4699999999997999,-0.15000000000009095
2024-01-19 04:00:00,2024-01-19 06:25:00,Short,2022.77,2022.815,-0.04500000000007276,SL Hit,2022.815,1,271.3400000000063,145.0,0.4900000000000091,-3.1700000000000728
2024-01-19 08:55:00,2024-01-19 14:20:00,Long,2031.0100000000002,2032.8,8.949999999998681,SL Hit,2032.8,5,280.29000000000497,325.0,-3.3600000000001273,8.279999999999745
2024-01-19 19:50:00,2024-01-19 20:45:00,Long,2028.85,2027.3799999999999,-1.4700000000000273,SL Hit,2027.3799999999999,1,278.82000000000494,55.0,-1.849999999999909,0.5700000000001637
2024-01-19 21:40:00,2024-01-19 21:45:00,Long,2029.37,2029.0550000000003,-0.3149999999995998,SL Hit,2029.0550000000003,1,278.50500000000534,5.0,-0.6699999999998454,0.2700000000002092
2024-01-19 21:55:00,2024-01-21 23:00:00,Long,2028.3,2028.3,0.0,SL Hit,2028.3,1,278.50500000000534,2945.0,-0.44000000000005457,3.6000000000001364
2024-01-21 23:10:00,2024-01-21 23:15:00,Short,2027.83,2027.83,0.0,SL Hit,2027.83,1,278.50500000000534,5.0,0.41000000000008185,-1.7300000000000182
2024-01-21 23:20:00,2024-01-22 00:45:00,Short,2026.9633333333334,2028.42,-4.370000000000118,SL Hit,2028.42,3,274.1350000000052,85.0,1.7366666666666788,-1.4433333333333849
2024-01-22 00:55:00,2024-01-22 03:10:00,Long,2028.65,2028.3,-0.7000000000002728,SL Hit,2028.3,2,273.43500000000495,135.0,-1.25,3.269999999999982
2024-01-22 05:00:00,2024-01-22 08:20:00,Short,2023.03,2024.16,-3.3900000000003274,SL Hit,2024.16,3,270.0450000000046,200.0,2.410000000000082,-3.9600000000000364
2024-01-22 08:25:00,2024-01-22 08:30:00,Long,2024.24,2023.925,-0.31500000000005457,SL Hit,2023.925,1,269.73000000000457,5.0,-1.6900000000000546,1.6299999999998818
2024-01-22 10:30:00,2024-01-22 10:35:00,Long,2023.4,2023.025,-0.375,SL Hit,2023.025,1,269.35500000000457,5.0,-0.5199999999999818,0.9900000000000091
2024-01-22 10:45:00,2024-01-22 10:55:00,Long,2023.62,2023.3650000000002,-0.2549999999996544,SL Hit,2023.3650000000002,1,269.1000000000049,10.0,-1.1499999999998636,0.8200000000001637
2024-01-22 14:10:00,2024-01-22 15:10:00,Short,2021.74,2023.81,-2.0699999999999363,SL Hit,2023.81,1,267.030000000005,60.0,2.660000000000082,-4.279999999999973
2024-01-22 17:55:00,2024-01-22 21:40:00,Short,2021.45,2020.89,1.1199999999998909,SL Hit,2020.89,2,268.15000000000487,225.0,0.9700000000000273,-2.75
2024-01-23 01:25:00,2024-01-23 01:35:00,Short,2019.73,2021.0349999999999,-1.3049999999998363,SL Hit,2021.0349999999999,1,266.84500000000503,10.0,1.490000000000009,-0.0
2024-01-23 05:15:00,2024-01-23 08:40:00,Long,2029.0066666666664,2027.87,-3.409999999999627,SL Hit,2027.87,3,263.4350000000054,205.0,-1.7066666666664787,8.643333333333658
2024-01-23 08:45:00,2024-01-23 15:50:00,Short,2026.7725,2026.51,1.050000000000182,SL Hit,2026.51,4,264.4850000000056,425.0,3.5474999999999,-4.962500000000091
2024-01-23 15:55:00,2024-01-23 16:30:00,Long,2025.88,2023.5099999999998,-2.3700000000003456,SL Hit,2023.5099999999998,1,262.11500000000524,35.0,-2.4700000000000273,1.6699999999998454
2024-01-23 17:25:00,2024-01-23 18:30:00,Short,2023.67,2024.945,-1.2749999999998636,SL Hit,2024.945,1,260.8400000000054,65.0,1.9399999999998272,-1.0600000000001728
2024-01-23 19:20:00,2024-01-24 00:45:00,Long,2028.35,2026.79,-1.5599999999999454,SL Hit,2026.79,1,259.28000000000543,325.0,-2.25,2.1800000000000637
2024-01-24 04:45:00,2024-01-24 05:00:00,Long,2025.68,2024.06,-1.6200000000001182,SL Hit,2024.06,1,257.6600000000053,15.0,-2.150000000000091,0.0
2024-01-24 13:10:00,2024-01-24 13:25:00,Long,2034.51,2032.98,-1.5299999999999727,SL Hit,2032.98,1,256.13000000000534,15.0,-2.2200000000000273,1.1900000000000546
2024-01-24 14:35:00,2024-01-24 21:50:00,Short,2019.3700000000001,2013.67,17.100000000000136,SL Hit,2013.67,3,273.2300000000055,435.0,12.419999999999845,-8.150000000000091
2024-01-25 01:50:00,2024-01-25 02:40:00,Long,2015.83,2015.71,-0.11999999999989086,SL Hit,2015.71,1,273.1100000000056,50.0,-0.4099999999998545,1.1200000000001182
2024-01-25 03:30:00,2024-01-25 05:35:00,Long,2016.0666666666666,2014.71,-4.069999999999709,SL Hit,2014.71,3,269.0400000000059,125.0,-1.3566666666665697,0.4633333333333667
2024-01-25 05:45:00,2024-01-25 06:35:00,Short,2015.1950000000002,2016.31,-2.2299999999995634,SL Hit,2016.31,2,266.8100000000063,50.0,1.3049999999998363,-1.1950000000001637
2024-01-25 06:40:00,2024-01-25 06:45:00,Long,2015.36,2015.0150000000003,-0.34499999999957254,SL Hit,2015.0150000000003,1,266.46500000000674,5.0,-0.4799999999997908,0.37000000000011823
2024-01-25 07:15:00,2024-01-25 07:20:00,Short,2015.03,2017.565,-2.535000000000082,Bullish Trade Reversal,2017.565,1,263.93000000000666,5.0,1.6900000000000546,-0.0
2024-01-25 07:20:00,2024-01-25 07:25:00,Long,2015.89,2015.4399999999998,-0.45000000000027285,SL Hit,2015.4399999999998,1,263.4800000000064,5.0,-0.9500000000000455,0.459999999999809
2024-01-25 09:10:00,2024-01-25 09:20:00,Short,2013.21,2013.8249999999998,-0.6149999999997817,SL Hit,2013.8249999999998,1,262.8650000000066,10.0,0.6399999999998727,-0.14000000000010004
2024-01-25 10:00:00,2024-01-25 10:05:00,Long,2017.8,2017.6200000000001,-0.1799999999998363,SL Hit,2017.6200000000001,1,262.68500000000677,5.0,-0.3999999999998636,1.1800000000000637
2024-01-25 10:30:00,2024-01-25 10:35:00,Long,2017.93,2016.835,-1.0950000000000273,SL Hit,2016.835,1,261.59000000000674,5.0,-1.4300000000000637,0.32999999999992724
2024-01-25 10:40:00,2024-01-25 11:40:00,Long,2017.815,2016.5,-2.630000000000109,SL Hit,2016.5,2,258.96000000000663,60.0,-1.3150000000000546,1.5950000000000273
2024-01-25 12:05:00,2024-01-25 12:10:00,Short,2016.62,2017.19,-0.5700000000001637,SL Hit,2017.19,1,258.39000000000647,5.0,0.7400000000000091,-0.4799999999997908
2024-01-25 13:20:00,2024-01-25 13:30:00,Short,2016.95,2016.95,0.0,SL Hit,2016.95,1,258.39000000000647,10.0,1.4500000000000455,-6.240000000000009
2024-01-25 13:35:00,2024-01-25 13:45:00,Short,2017.3,2024.6350000000002,-7.335000000000264,Bullish Trade Reversal,2024.6350000000002,1,251.0550000000062,10.0,4.8900000000001,-0.34999999999990905
2024-01-25 13:45:00,2024-01-25 16:25:00,Long,2019.9066666666668,2016.78,-9.380000000000337,SL Hit,2016.78,3,241.67500000000587,160.0,-4.0166666666666515,4.933333333333167
2024-01-25 18:15:00,2024-01-26 03:50:00,Long,2019.9566666666667,2020.9,5.660000000000309,SL Hit,2020.9,6,247.33500000000618,575.0,-6.4066666666667516,4.153333333333194
2024-01-26 03:55:00,2024-01-26 04:00:00,Short,2021.51,2021.945,-0.43499999999994543,SL Hit,2021.945,1,246.90000000000623,5.0,0.4800000000000182,-0.16000000000008185
2024-01-26 04:10:00,2024-01-26 04:15:00,Short,2021.38,2021.77,-0.38999999999987267,SL Hit,2021.77,1,246.51000000000636,5.0,0.5199999999999818,-0.6800000000000637
2024-01-26 07:10:00,2024-01-26 07:25:00,Short,2021.74,2021.74,0.0,SL Hit,2021.74,1,246.51000000000636,15.0,-0.0,-1.8800000000001091
2024-01-26 08:45:00,2024-01-26 08:50:00,Short,2020.72,2021.035,-0.31500000000005457,SL Hit,2021.035,1,246.1950000000063,5.0,0.849999999999909,-0.7200000000000273
2024-01-26 10:35:00,2024-01-26 12:35:00,Long,2021.58,2020.9650000000001,-0.6149999999997817,SL Hit,2020.9650000000001,1,245.58000000000652,120.0,-1.449999999999818,2.7100000000000364
2024-01-26 13:35:00,2024-01-26 13:40:00,Long,2021.4,2017.9799999999998,-3.4200000000003,Bearish Trade Reversal,2017.9799999999998,1,242.16000000000622,5.0,-2.2800000000002,1.8699999999998909
2024-01-26 13:40:00,2024-01-26 13:45:00,Short,2020.73,2024.54,-3.8099999999999454,SL Hit,2024.54,1,238.35000000000628,5.0,4.059999999999945,-0.5199999999999818
2024-01-26 14:50:00,2024-01-26 14:55:00,Short,2019.76,2020.6599999999999,-0.8999999999998636,SL Hit,2020.6599999999999,1,237.4500000000064,5.0,1.009999999999991,-0.30999999999994543
2024-01-26 16:00:00,2024-01-26 16:05:00,Short,2016.7,2017.87,-1.1699999999998454,SL Hit,2017.87,1,236.28000000000657,5.0,1.8599999999999,-0.5699999999999363
2024-01-26 18:20:00,2024-01-26 18:25:00,Short,2016.12,2016.72,-0.6000000000001364,SL Hit,2016.72,1,235.68000000000643,5.0,2.060000000000173,-0.0
2024-01-26 19:45:00,2024-01-26 20:20:00,Short,2017.07,2018.225,-1.1549999999999727,SL Hit,2018.225,1,234.52500000000646,35.0,1.1800000000000637,-0.6499999999998636
2024-01-26 20:30:00,2024-01-26 21:35:00,Long,2018.15,2017.9099999999999,-0.24000000000023647,SL Hit,2017.9099999999999,1,234.28500000000622,65.0,-0.9500000000000455,1.0899999999999181
2024-01-29 06:30:00,2024-01-29 06:35:00,Long,2027.37,2027.2649999999999,-0.10500000000001819,SL Hit,2027.2649999999999,1,234.1800000000062,5.0,-0.5599999999999454,0.2300000000000182
2024-01-29 23:25:00,2024-01-29 23:40:00,Short,2030.56,2030.8600000000001,-0.3000000000001819,SL Hit,2030.8600000000001,1,233.88000000000602,15.0,0.41000000000008185,-0.8099999999999454
2024-01-30 02:10:00,2024-01-30 02:25:00,Short,2030.18,2030.7799999999997,-0.5999999999996817,SL Hit,2030.7799999999997,1,233.28000000000634,15.0,0.6399999999998727,-0.4800000000000182
2024-01-30 03:40:00,2024-01-30 04:15:00,Long,2032.19,2031.7099999999998,-0.48000000000024556,SL Hit,2031.7099999999998,1,232.8000000000061,35.0,-0.7899999999999636,0.5
2024-01-30 05:35:00,2024-01-30 05:40:00,Long,2032.72,2032.72,0.0,SL Hit,2032.72,1,232.8000000000061,5.0,-0.7200000000000273,0.4900000000000091
2024-01-30 05:45:00,2024-01-30 05:50:00,Long,2032.89,2032.515,-0.375,SL Hit,2032.515,1,232.4250000000061,5.0,-0.4800000000000182,0.16999999999984539
2024-01-30 19:35:00,2024-01-30 20:15:00,Long,2036.32,2035.2399999999998,-1.0800000000001546,SL Hit,2035.2399999999998,1,231.34500000000594,40.0,-1.2200000000000273,0.5800000000001546
2024-01-30 21:45:00,2024-01-30 23:00:00,Long,2036.51,2036.225,-0.28500000000008185,SL Hit,2036.225,1,231.06000000000586,75.0,-0.43000000000006366,0.2899999999999636
2024-01-30 23:05:00,2024-01-30 23:10:00,Long,2036.42,2035.9099999999999,-0.5100000000002183,SL Hit,2035.9099999999999,1,230.55000000000564,5.0,-0.8200000000001637,0.049999999999954525
2024-01-31 00:45:00,2024-01-31 05:55:00,Short,2034.87,2034.68,0.5699999999994816,SL Hit,2034.68,3,231.12000000000512,310.0,2.240000000000009,-2.6699999999998454
2024-01-31 10:00:00,2024-01-31 12:20:00,Short,2038.243333333333,2038.77,-1.5800000000006094,SL Hit,2038.77,3,229.5400000000045,140.0,0.9066666666669789,-1.7233333333331302
2024-01-31 12:30:00,2024-01-31 13:05:00,Long,2038.04,2036.3300000000002,-1.709999999999809,SL Hit,2036.3300000000002,1,227.8300000000047,35.0,-2.0599999999999454,1.259999999999991
2024-01-31 13:10:00,2024-01-31 13:15:00,Short,2037.77,2037.77,0.0,SL Hit,2037.77,1,227.8300000000047,5.0,1.1800000000000637,-1.9700000000000273
2024-01-31 13:20:00,2024-01-31 13:25:00,Long,2037.75,2037.75,0.0,SL Hit,2037.75,1,227.8300000000047,5.0,-0.20000000000004547,0.9800000000000182
2024-01-31 18:25:00,2024-01-31 19:45:00,Short,2049.0299999999997,2050.13,-2.2000000000007276,SL Hit,2050.13,2,225.63000000000397,80.0,1.3600000000001273,-8.9699999999998
2024-01-31 19:50:00,2024-01-31 20:00:00,Long,2046.6950000000002,2040.06,-13.270000000000437,SL Hit,2040.06,2,212.36000000000354,10.0,-13.455000000000155,2.9349999999999454
2024-02-02 02:05:00,2024-02-02 04:00:00,Short,2053.4533333333334,2054.67,-3.650000000000091,SL Hit,2054.67,3,208.71000000000345,115.0,1.5066666666666606,-1.5533333333332848
2024-02-02 04:05:00,2024-02-02 04:10:00,Short,2054.76,2055.075,-0.3149999999995998,SL Hit,2055.075,1,208.39500000000385,5.0,0.6999999999998181,-0.1000000000003638
2024-02-02 04:30:00,2024-02-02 05:25:00,Short,2054.3999999999996,2055.84,-2.8800000000010186,SL Hit,2055.84,2,205.51500000000283,55.0,1.7400000000002365,-0.5999999999994543
2024-02-02 05:35:00,2024-02-02 05:55:00,Long,2055.26,2055.26,0.0,SL Hit,2055.26,1,205.51500000000283,20.0,-0.6600000000003092,1.1599999999998545
2024-02-02 06:05:00,2024-02-02 06:20:00,Long,2055.76,2055.535,-0.2250000000003638,SL Hit,2055.535,1,205.29000000000246,15.0,-1.4400000000000546,0.7299999999995634
2024-02-02 07:30:00,2024-02-02 08:50:00,Long,2055.286666666667,2054.72,-1.7000000000011823,SL Hit,2054.72,3,203.59000000000128,80.0,-1.0566666666668425,1.4433333333331575
2024-02-02 10:05:00,2024-02-02 10:10:00,Short,2053.67,2053.7,-0.02999999999974534,SL Hit,2053.7,1,203.56000000000154,5.0,0.19000000000005457,-1.0700000000001637
2024-02-02 12:10:00,2024-02-02 12:45:00,Long,2055.4,2054.05,-1.349999999999909,SL Hit,2054.05,1,202.21000000000163,35.0,-1.5599999999999454,0.6999999999998181
2024-02-02 13:20:00,2024-02-02 13:25:00,Long,2055.73,2052.385,-3.3449999999998,SL Hit,2052.385,1,198.86500000000183,5.0,-3.619999999999891,1.0700000000001637
2024-02-02 16:50:00,2024-02-02 16:55:00,Long,2036.93,2036.24,-0.6900000000000546,SL Hit,2036.24,1,198.17500000000177,5.0,-1.1400000000001,0.37999999999988177
2024-02-02 18:30:00,2024-02-05 00:20:00,Long,2037.8849999999998,2036.1,-7.139999999999418,SL Hit,2036.1,4,191.03500000000236,3230.0,-2.444999999999709,4.515000000000327
2024-02-05 03:10:00,2024-02-05 10:30:00,Short,2028.8449999999998,2024.09,19.019999999999527,SL Hit,2024.09,4,210.05500000000188,440.0,5.0150000000001,-8.124999999999773
2024-02-05 17:05:00,2024-02-05 17:10:00,Long,2022.97,2022.505,-0.46499999999991815,SL Hit,2022.505,1,209.59000000000196,5.0,-0.7699999999999818,0.14999999999986358
2024-02-05 17:40:00,2024-02-05 20:00:00,Long,2025.1399999999999,2025.28,0.2800000000002001,SL Hit,2025.28,2,209.87000000000216,140.0,-1.6399999999998727,2.2100000000000364
2024-02-05 21:20:00,2024-02-05 23:00:00,Short,2024.86,2024.9950000000001,-0.13500000000021828,SL Hit,2024.9950000000001,1,209.73500000000195,100.0,0.540000000000191,-1.5599999999999454
2024-02-06 03:15:00,2024-02-06 05:00:00,Short,2024.1950000000002,2026.53,-4.669999999999618,SL Hit,2026.53,2,205.06500000000233,105.0,2.424999999999727,-1.0950000000002547
2024-02-06 05:05:00,2024-02-06 05:10:00,Long,2026.02,2025.8850000000002,-0.13499999999976353,SL Hit,2025.8850000000002,1,204.93000000000256,5.0,-0.22000000000002728,0.5399999999999636
2024-02-06 08:10:00,2024-02-06 08:25:00,Short,2025.48,2026.17,-0.6900000000000546,SL Hit,2026.17,1,204.2400000000025,15.0,0.6900000000000546,-0.4500000000000455
2024-02-06 10:45:00,2024-02-06 11:30:00,Short,2024.0500000000002,2026.2,-4.299999999999727,SL Hit,2026.2,2,199.94000000000278,45.0,2.559999999999718,-1.1100000000001273
2024-02-06 12:10:00,2024-02-06 12:15:00,Long,2026.48,2026.015,-0.46499999999991815,SL Hit,2026.015,1,199.47500000000286,5.0,-1.6800000000000637,0.5899999999999181
2024-02-06 12:20:00,2024-02-06 12:30:00,Long,2026.07,2024.915,-1.1549999999999727,SL Hit,2024.915,1,198.3200000000029,10.0,-1.4600000000000364,0.09000000000014552
2024-02-06 12:45:00,2024-02-06 20:50:00,Long,2033.4642857142858,2035.1,11.449999999998909,SL Hit,2035.1,7,209.7700000000018,485.0,-7.454285714285788,5.155714285714112
2024-02-06 20:55:00,2024-02-06 21:50:00,Short,2035.85,2035.85,0.0,SL Hit,2035.85,1,209.7700000000018,55.0,0.0500000000001819,-1.449999999999818
2024-02-07 00:50:00,2024-02-07 01:00:00,Short,2035.03,2035.255,-0.22500000000013642,SL Hit,2035.255,1,209.54500000000166,10.0,0.4900000000000091,-1.1299999999998818
2024-02-07 01:05:00,2024-02-07 04:50:00,Short,2035.0533333333333,2035.3,-0.7400000000000091,SL Hit,2035.3,3,208.80500000000166,225.0,0.5966666666668061,-1.6533333333331939
2024-02-07 04:55:00,2024-02-07 05:35:00,Long,2035.145,2034.0,-2.2899999999999636,SL Hit,2034.0,2,206.5150000000017,40.0,-2.144999999999982,0.23500000000012733
2024-02-07 05:50:00,2024-02-07 07:15:00,Short,2034.05,2034.455,-0.4049999999999727,SL Hit,2034.455,1,206.11000000000172,85.0,1.2200000000000273,-2.349999999999909
2024-02-07 07:25:00,2024-02-07 08:10:00,Long,2034.1,2034.1,0.0,SL Hit,2034.1,1,206.11000000000172,45.0,-0.16999999999984539,1.8300000000001546
2024-02-07 08:40:00,2024-02-07 08:45:00,Short,2031.83,2033.555,-1.7250000000001364,SL Hit,2033.555,1,204.38500000000158,5.0,1.7799999999999727,-0.4299999999998363
2024-02-07 10:40:00,2024-02-07 10:45:00,Short,2032.93,2033.4099999999999,-0.4799999999997908,SL Hit,2033.4099999999999,1,203.9050000000018,5.0,0.4800000000000182,-0.03999999999996362
2024-02-07 11:30:00,2024-02-07 11:35:00,Long,2034.85,2034.85,0.0,SL Hit,2034.85,1,203.9050000000018,5.0,-0.14999999999986358,0.7699999999999818
2024-02-07 12:20:00,2024-02-07 12:40:00,Short,2032.56,2032.56,0.0,SL Hit,2032.56,1,203.9050000000018,20.0,0.8300000000001546,-1.990000000000009
2024-02-07 13:50:00,2024-02-07 14:30:00,Long,2034.33,2034.3,-0.029999999999972715,SL Hit,2034.3,1,203.87500000000182,40.0,-1.6599999999998545,3.3200000000001637
2024-02-07 14:40:00,2024-02-07 17:05:00,Long,2037.9300000000003,2037.0,-2.790000000000873,SL Hit,2037.0,3,201.08500000000095,145.0,-3.2800000000002,6.539999999999736
2024-02-07 20:40:00,2024-02-07 23:05:00,Short,2034.92,2035.77,-1.699999999999818,SL Hit,2035.77,2,199.38500000000113,145.0,0.8799999999998818,-2.1200000000001182
2024-02-08 01:55:00,2024-02-08 02:25:00,Long,2037.725,2036.77,-1.9099999999998545,SL Hit,2036.77,2,197.47500000000127,30.0,-1.1949999999999363,0.7050000000001546
2024-02-08 02:30:00,2024-02-08 06:45:00,Short,2035.5966666666666,2033.54,6.169999999999845,SL Hit,2033.54,3,203.64500000000112,255.0,1.3733333333334485,-4.49666666666667
2024-02-08 07:00:00,2024-02-08 07:45:00,Long,2033.0700000000002,2031.8,-2.5400000000004184,SL Hit,2031.8,2,201.1050000000007,45.0,-1.4700000000002547,1.8599999999999
2024-02-08 07:50:00,2024-02-08 09:55:00,Short,2031.755,2034.93,-6.349999999999909,SL Hit,2034.93,2,194.7550000000008,125.0,4.104999999999791,-2.665000000000191
2024-02-08 11:45:00,2024-02-08 14:25:00,Short,2025.67,2026.29,-1.2399999999997817,SL Hit,2026.29,2,193.515000000001,160.0,4.009999999999991,-5.330000000000155
2024-02-08 16:00:00,2024-02-08 16:10:00,Long,2031.51,2029.995,-1.5150000000001,SL Hit,2029.995,1,192.0000000000009,10.0,-1.6900000000000546,0.25
2024-02-08 16:40:00,2024-02-08 16:55:00,Short,2028.28,2031.1000000000001,-2.8200000000001637,SL Hit,2031.1000000000001,1,189.18000000000075,15.0,3.4400000000000546,-0.0
2024-02-08 20:15:00,2024-02-08 20:20:00,Long,2033.21,2032.88,-0.32999999999992724,SL Hit,2032.88,1,188.85000000000082,5.0,-1.009999999999991,0.12999999999988177
2024-02-08 21:30:00,2024-02-09 00:10:00,Long,2033.6100000000001,2033.1,-1.0200000000004366,SL Hit,2033.1,2,187.83000000000038,160.0,-0.7100000000000364,1.209999999999809
2024-02-09 00:15:00,2024-02-09 01:15:00,Short,2033.74,2034.35,-1.2199999999998,SL Hit,2034.35,2,186.61000000000058,60.0,0.650000000000091,-1.8199999999999363
2024-02-09 01:20:00,2024-02-09 01:25:00,Long,2034.39,2034.39,0.0,SL Hit,2034.39,1,186.61000000000058,5.0,-0.36000000000012733,0.32999999999992724
2024-02-09 01:30:00,2024-02-09 04:05:00,Long,2034.095,2031.92,-4.349999999999909,SL Hit,2031.92,2,182.26000000000067,155.0,-2.5950000000000273,0.8550000000000182
2024-02-09 04:10:00,2024-02-09 04:15:00,Short,2032.37,2032.67,-0.3000000000001819,SL Hit,2032.67,1,181.9600000000005,5.0,0.6600000000000819,-0.9699999999997999
2024-02-09 07:10:00,2024-02-09 07:35:00,Long,2033.61,2032.9350000000002,-0.6749999999997272,SL Hit,2032.9350000000002,1,181.28500000000076,25.0,-0.75,0.5300000000002001
2024-02-09 08:25:00,2024-02-09 08:30:00,Short,2032.0,2032.96,-0.9600000000000364,SL Hit,2032.96,1,180.32500000000073,5.0,1.0699999999999363,-0.0
2024-02-09 08:55:00,2024-02-09 09:05:00,Short,2032.42,2032.5549999999998,-0.13499999999976353,SL Hit,2032.5549999999998,1,180.19000000000096,10.0,0.2300000000000182,-1.0199999999999818
2024-02-09 09:10:00,2024-02-09 09:25:00,Short,2031.67,2031.775,-0.10500000000001819,SL Hit,2031.775,1,180.08500000000095,15.0,0.6999999999998181,-0.7699999999999818
2024-02-09 09:50:00,2024-02-09 11:15:00,Short,2032.256666666667,2032.97,-2.139999999999418,SL Hit,2032.97,3,177.94500000000153,85.0,0.8833333333332121,-1.3266666666668243
2024-02-09 11:20:00,2024-02-09 11:35:00,Long,2033.05,2032.75,-0.2999999999999545,SL Hit,2032.75,1,177.64500000000157,15.0,-1.5499999999999545,0.30999999999994543
2024-02-09 11:55:00,2024-02-09 13:30:00,Short,2031.88,2033.36,-2.9599999999995816,SL Hit,2033.36,2,174.685000000002,95.0,4.869999999999891,-6.190000000000055
2024-02-09 13:35:00,2024-02-09 13:40:00,Long,2031.69,2028.5099999999998,-3.180000000000291,SL Hit,2028.5099999999998,1,171.5050000000017,5.0,-4.039999999999964,0.19000000000005457
2024-02-09 14:05:00,2024-02-09 14:10:00,Short,2026.16,2029.4599999999998,-3.299999999999727,SL Hit,2029.4599999999998,1,168.20500000000197,5.0,4.220000000000027,-0.25
2024-02-09 15:10:00,2024-02-09 17:40:00,Short,2022.9766666666667,2023.77,-2.3799999999998818,SL Hit,2023.77,3,165.8250000000021,150.0,4.073333333333267,-2.6766666666667334
2024-02-09 20:30:00,2024-02-09 20:35:00,Long,2025.81,2025.21,-0.599999999999909,SL Hit,2025.21,1,165.22500000000218,5.0,-1.0,0.049999999999954525
2024-02-11 22:00:00,2024-02-11 23:00:00,Short,2023.45,2023.45,0.0,SL Hit,2023.45,1,165.22500000000218,60.0,3.099999999999909,-0.0
2024-02-12 01:20:00,2024-02-12 01:30:00,Short,2024.46,2024.46,0.0,SL Hit,2024.46,1,165.22500000000218,10.0,0.33999999999991815,-0.8600000000001273
2024-02-12 01:50:00,2024-02-12 04:20:00,Short,2023.96,2023.96,0.0,SL Hit,2023.96,1,165.22500000000218,150.0,0.06999999999993634,-2.9600000000000364
2024-02-12 06:15:00,2024-02-12 09:00:00,Long,2024.605,2023.04,-3.130000000000109,SL Hit,2023.04,2,162.09500000000207,165.0,-2.005000000000109,2.375
2024-02-12 09:05:00,2024-02-12 13:05:00,Short,2022.77,2022.45,0.6399999999998727,SL Hit,2022.45,2,162.73500000000195,240.0,1.1200000000001182,-3.4700000000000273
2024-02-12 19:25:00,2024-02-12 23:10:00,Long,2019.8575,2018.9,-3.8299999999999272,SL Hit,2018.9,4,158.90500000000202,225.0,-1.8575000000000728,0.5824999999999818
2024-02-12 23:15:00,2024-02-12 23:20:00,Short,2018.81,2018.96,-0.15000000000009095,SL Hit,2018.96,1,158.75500000000193,5.0,0.2400000000000091,-0.7100000000000364
2024-02-12 23:25:00,2024-02-13 00:55:00,Short,2018.5,2019.37,-0.8699999999998909,SL Hit,2019.37,1,157.88500000000204,90.0,0.9200000000000728,-0.7000000000000455
2024-02-13 01:10:00,2024-02-13 01:15:00,Long,2020.3,2020.15,-0.14999999999986358,SL Hit,2020.15,1,157.73500000000217,5.0,-1.2999999999999545,0.21000000000003638
2024-02-13 02:55:00,2024-02-13 04:10:00,Short,2019.09,2019.27,-0.18000000000006366,SL Hit,2019.27,1,157.5550000000021,75.0,0.3300000000001546,-2.8899999999998727
2024-02-13 10:25:00,2024-02-13 13:30:00,Long,2027.243333333333,2026.8,-1.3299999999994725,SL Hit,2026.8,3,156.22500000000264,185.0,-12.193333333333157,2.4666666666669244
2024-02-13 19:10:00,2024-02-13 20:30:00,Short,1992.38,1992.965,-0.584999999999809,SL Hit,1992.965,1,155.64000000000283,80.0,0.6899999999998272,-1.4800000000000182
2024-02-13 21:05:00,2024-02-13 21:15:00,Short,1992.69,1993.065,-0.375,SL Hit,1993.065,1,155.26500000000283,10.0,0.599999999999909,-0.19000000000005457
2024-02-13 21:25:00,2024-02-14 02:05:00,Short,1991.35,1993.09,-3.480000000000018,SL Hit,1993.09,2,151.7850000000028,280.0,2.150000000000091,-2.949999999999818
2024-02-14 02:15:00,2024-02-14 02:30:00,Long,1992.37,1991.6650000000002,-0.7049999999996999,SL Hit,1991.6650000000002,1,151.0800000000031,15.0,-0.7299999999997908,0.0
2024-02-14 05:45:00,2024-02-14 06:10:00,Long,1992.1,1992.1,0.0,SL Hit,1992.1,1,151.0800000000031,25.0,-0.35999999999989996,1.1700000000000728
2024-02-14 06:50:00,2024-02-14 07:00:00,Short,1991.14,1992.1899999999998,-1.0499999999997272,SL Hit,1992.1899999999998,1,150.03000000000338,10.0,1.6699999999998454,-0.060000000000172804
2024-02-14 07:55:00,2024-02-14 08:00:00,Short,1989.75,1990.38,-0.6300000000001091,SL Hit,1990.38,1,149.40000000000327,5.0,0.650000000000091,-0.43000000000006366
2024-02-14 11:05:00,2024-02-14 11:25:00,Long,1992.19,1991.455,-0.7350000000001273,SL Hit,1991.455,1,148.66500000000315,20.0,-0.9900000000000091,0.9600000000000364
2024-02-14 11:45:00,2024-02-14 11:50:00,Long,1992.34,1991.2599999999998,-1.0800000000001546,SL Hit,1991.2599999999998,1,147.585000000003,5.0,-1.1099999999999,0.0
2024-02-14 12:35:00,2024-02-14 13:05:00,Short,1989.76,1991.0349999999999,-1.2749999999998636,SL Hit,1991.0349999999999,1,146.31000000000313,30.0,1.6300000000001091,-0.12999999999988177
2024-02-14 13:25:00,2024-02-14 13:30:00,Short,1991.85,1991.85,0.0,SL Hit,1991.85,1,146.31000000000313,5.0,1.0,-1.509999999999991
2024-02-14 14:05:00,2024-02-14 14:40:00,Short,1989.86,1991.75,-1.8900000000001,SL Hit,1991.75,1,144.42000000000303,35.0,1.9400000000000546,-0.5699999999999363
2024-02-14 14:55:00,2024-02-14 16:30:00,Short,1987.49,1991.8,-8.61999999999989,SL Hit,1991.8,2,135.80000000000314,95.0,5.2000000000000455,-2.2200000000000273
2024-02-14 16:45:00,2024-02-14 19:30:00,Long,1990.49,1990.0100000000002,-0.4799999999997908,SL Hit,1990.0100000000002,1,135.32000000000335,165.0,-0.7899999999999636,5.509999999999991
2024-02-14 20:35:00,2024-02-14 20:55:00,Short,1989.98,1991.0900000000001,-1.1100000000001273,SL Hit,1991.0900000000001,1,134.21000000000322,20.0,1.240000000000009,-0.07999999999992724
2024-02-14 21:30:00,2024-02-14 21:40:00,Short,1990.5,1991.3849999999998,-0.8849999999997635,SL Hit,1991.3849999999998,1,133.32500000000346,10.0,1.3599999999999,-0.20000000000004547
2024-02-14 22:00:00,2024-02-14 23:00:00,Short,1991.97,1991.97,0.0,SL Hit,1991.97,1,133.32500000000346,60.0,1.4700000000000273,-5.620000000000118
2024-02-14 23:05:00,2024-02-14 23:55:00,Short,1992.5,1993.625,-1.125,SL Hit,1993.625,1,132.20000000000346,50.0,1.25,-0.5299999999999727
2024-02-15 01:50:00,2024-02-15 02:25:00,Short,1992.93,1993.185,-0.25499999999988177,SL Hit,1993.185,1,131.94500000000357,35.0,0.3999999999998636,-1.0299999999999727
2024-02-15 03:30:00,2024-02-15 05:00:00,Short,1992.07,1992.31,-0.2400000000000091,SL Hit,1992.31,1,131.70500000000357,90.0,0.42000000000007276,-1.8899999999998727
2024-02-15 06:30:00,2024-02-15 20:05:00,Long,1997.927142857143,2003.7,40.409999999998945,SL Hit,2003.7,7,172.1150000000025,815.0,-6.367142857143108,9.972857142857038
2024-02-15 21:00:00,2024-02-15 21:05:00,Short,2004.22,2004.25,-0.029999999999972715,SL Hit,2004.25,1,172.08500000000254,5.0,0.05999999999994543,-0.32999999999992724
2024-02-15 21:20:00,2024-02-15 23:00:00,Short,2004.39,2004.435,-0.044999999999845386,SL Hit,2004.435,1,172.0400000000027,100.0,0.32999999999992724,-3.009999999999991
2024-02-16 02:40:00,2024-02-16 02:50:00,Long,2004.56,2004.1999999999998,-0.36000000000012733,SL Hit,2004.1999999999998,1,171.68000000000256,10.0,-1.3599999999999,0.01999999999998181
2024-02-16 03:00:00,2024-02-16 03:15:00,Long,2004.69,2003.6999999999998,-0.9900000000002365,SL Hit,2003.6999999999998,1,170.69000000000233,15.0,-1.490000000000009,0.0
2024-02-16 07:25:00,2024-02-16 08:10:00,Long,2004.58,2004.565,-0.01499999999987267,SL Hit,2004.565,1,170.67500000000246,45.0,-0.07999999999992724,1.5900000000001455
2024-02-16 13:10:00,2024-02-16 13:25:00,Short,2006.15,2006.4049999999997,-0.2549999999996544,SL Hit,2006.4049999999997,1,170.4200000000028,15.0,0.5099999999999909,-0.44000000000005457
2024-02-16 17:25:00,2024-02-16 20:05:00,Long,2012.395,2011.31,-2.1700000000000728,SL Hit,2011.31,2,168.25000000000273,160.0,-2.605000000000018,2.625
2024-02-16 20:10:00,2024-02-16 20:15:00,Short,2011.49,2011.6549999999997,-0.16499999999973625,SL Hit,2011.6549999999997,1,168.085000000003,5.0,0.44000000000005457,-0.19000000000005457
2024-02-18 23:10:00,2024-02-19 00:10:00,Short,2012.1,2014.815,-2.7150000000001455,SL Hit,2014.815,1,165.37000000000285,60.0,4.290000000000191,-5.730000000000018
2024-02-19 08:40:00,2024-02-19 09:15:00,Short,2020.0,2020.4499999999998,-0.4499999999998181,SL Hit,2020.4499999999998,1,164.92000000000303,35.0,0.5899999999999181,-1.599999999999909
2024-02-19 11:30:00,2024-02-19 17:30:00,Short,2017.7075,2017.56,0.5900000000001455,SL Hit,2017.56,4,165.51000000000317,360.0,1.7725000000000364,-4.417500000000018
2024-02-20 04:35:00,2024-02-20 06:00:00,Long,2018.92,2017.6,-2.6400000000003274,SL Hit,2017.6,2,162.87000000000285,85.0,-1.8200000000001637,0.7100000000000364
2024-02-20 06:05:00,2024-02-20 06:10:00,Short,2017.98,2018.025,-0.04500000000007276,SL Hit,2018.025,1,162.82500000000277,5.0,0.8099999999999454,-0.15000000000009095
2024-02-20 06:35:00,2024-02-20 14:45:00,Long,2022.52,2025.7,12.720000000000255,SL Hit,2025.7,4,175.54500000000303,490.0,-3.9200000000000728,8.1400000000001
2024-02-20 14:50:00,2024-02-20 14:55:00,Short,2027.15,2027.9450000000002,-0.7950000000000728,SL Hit,2027.9450000000002,1,174.75000000000296,5.0,1.0199999999999818,-0.8500000000001364
2024-02-20 17:15:00,2024-02-20 17:30:00,Short,2025.93,2026.5299999999997,-0.5999999999996817,SL Hit,2026.5299999999997,1,174.15000000000327,15.0,1.2799999999999727,-1.2300000000000182
2024-02-20 17:55:00,2024-02-20 18:15:00,Long,2028.02,2028.02,0.0,SL Hit,2028.02,1,174.15000000000327,20.0,-0.10999999999989996,0.7899999999999636
2024-02-21 00:15:00,2024-02-21 00:20:00,Short,2022.99,2023.11,-0.11999999999989086,SL Hit,2023.11,1,174.03000000000338,5.0,0.42000000000007276,-0.14000000000010004
2024-02-21 00:40:00,2024-02-21 01:10:00,Short,2023.45,2023.975,-0.5249999999998636,SL Hit,2023.975,1,173.50500000000352,30.0,0.7799999999999727,-0.75
2024-02-21 05:15:00,2024-02-21 05:20:00,Long,2030.165,2029.7,-0.9299999999998363,SL Hit,2029.7,2,172.57500000000368,5.0,-0.5249999999998636,0.25500000000010914
2024-02-21 05:25:00,2024-02-21 05:35:00,Short,2029.75,2030.8000000000002,-1.050000000000182,SL Hit,2030.8000000000002,1,171.5250000000035,10.0,1.5299999999999727,-0.22000000000002728
2024-02-21 05:40:00,2024-02-21 06:00:00,Long,2031.05,2030.7799999999997,-0.2700000000002092,SL Hit,2030.7799999999997,1,171.2550000000033,20.0,-0.2999999999999545,0.9300000000000637
2024-02-21 06:20:00,2024-02-21 13:00:00,Short,2028.85,2029.92,-4.280000000000655,SL Hit,2029.92,4,166.97500000000264,400.0,1.6900000000000546,-3.0499999999999545
2024-02-21 13:05:00,2024-02-21 14:30:00,Long,2029.8,2027.75,-6.149999999999864,SL Hit,2027.75,3,160.82500000000277,85.0,-2.75,1.5
2024-02-21 14:40:00,2024-02-21 15:15:00,Short,2028.21,2029.875,-1.6649999999999636,SL Hit,2029.875,1,159.1600000000028,35.0,1.8699999999998909,-1.2000000000000455
2024-02-21 17:05:00,2024-02-21 19:00:00,Short,2022.8133333333333,2024.54,-5.180000000000064,SL Hit,2024.54,3,153.98000000000275,115.0,2.6666666666667425,-2.3433333333332484
2024-02-21 19:05:00,2024-02-21 19:10:00,Short,2024.35,2024.35,0.0,SL Hit,2024.35,1,153.98000000000275,5.0,1.6400000000001,-1.5899999999999181
2024-02-21 19:20:00,2024-02-21 21:15:00,Long,2024.7633333333333,2024.08,-2.050000000000182,SL Hit,2024.08,3,151.93000000000256,115.0,-1.0033333333333303,1.966666666666697
2024-02-21 21:20:00,2024-02-21 21:35:00,Short,2024.04,2024.5950000000003,-0.555000000000291,SL Hit,2024.5950000000003,1,151.37500000000227,15.0,0.8299999999999272,-0.13999999999987267
2024-02-21 21:40:00,2024-02-21 23:05:00,Short,2024.54,2026.4299999999998,-1.8899999999998727,SL Hit,2026.4299999999998,1,149.4850000000024,85.0,1.9400000000000546,-2.519999999999982
2024-02-22 01:00:00,2024-02-22 01:15:00,Long,2026.66,2026.1499999999999,-0.5100000000002183,SL Hit,2026.1499999999999,1,148.97500000000218,15.0,-0.5600000000001728,0.6699999999998454
2024-02-22 03:50:00,2024-02-22 04:25:00,Short,2025.6,2027.1,-1.5,SL Hit,2027.1,1,147.47500000000218,35.0,1.8300000000001546,-0.01999999999998181
2024-02-22 06:30:00,2024-02-22 06:35:00,Long,2029.73,2029.73,0.0,SL Hit,2029.73,1,147.47500000000218,5.0,-0.16000000000008185,0.5
2024-02-22 06:40:00,2024-02-22 06:45:00,Long,2029.14,2028.51,-0.6300000000001091,SL Hit,2028.51,1,146.84500000000207,5.0,-0.6300000000001091,0.11999999999989086
2024-02-22 07:15:00,2024-02-22 10:55:00,Long,2029.7,2028.68,-3.0599999999999454,SL Hit,2028.68,3,143.78500000000213,220.0,-1.2000000000000455,4.669999999999845
2024-02-22 11:00:00,2024-02-22 17:30:00,Short,2027.1425,2024.38,11.049999999999272,SL Hit,2024.38,4,154.8350000000014,390.0,2.6175000000000637,-7.372499999999945
2024-02-23 01:35:00,2024-02-23 02:25:00,Long,2025.56,2024.9450000000002,-0.6149999999997817,SL Hit,2024.9450000000002,1,154.22000000000162,50.0,-0.6599999999998545,1.6600000000000819
2024-02-23 08:00:00,2024-02-23 08:05:00,Long,2022.13,2021.59,-0.540000000000191,SL Hit,2021.59,1,153.68000000000143,5.0,-1.4800000000000182,0.31999999999993634
2024-02-23 08:50:00,2024-02-23 08:55:00,Short,2018.86,2018.875,-0.015000000000100044,SL Hit,2018.875,1,153.66500000000133,5.0,0.6900000000000546,-0.5399999999999636
2024-02-23 11:05:00,2024-02-23 14:35:00,Long,2023.8100000000002,2024.52,2.129999999999427,SL Hit,2024.52,3,155.79500000000075,210.0,-2.310000000000173,5.2199999999998
2024-02-23 14:40:00,2024-02-23 14:50:00,Short,2024.64,2025.4650000000001,-0.8250000000000455,SL Hit,2025.4650000000001,1,154.9700000000007,10.0,1.2799999999999727,-0.2300000000000182
2024-02-23 20:05:00,2024-02-26 05:50:00,Short,2033.9250000000002,2033.91,0.03000000000020009,SL Hit,2033.91,2,155.0000000000009,3465.0,3.214999999999918,-4.125000000000227
2024-02-26 05:55:00,2024-02-26 06:10:00,Long,2033.61,2032.0949999999998,-1.5150000000001,SL Hit,2032.0949999999998,1,153.4850000000008,15.0,-1.7299999999997908,0.0
2024-02-26 07:20:00,2024-02-26 09:10:00,Long,2034.07,2033.4850000000001,-0.584999999999809,SL Hit,2033.4850000000001,1,152.900000000001,110.0,-0.7000000000000455,2.7100000000000364
2024-02-26 09:40:00,2024-02-26 09:45:00,Long,2033.53,2033.215,-0.31500000000005457,SL Hit,2033.215,1,152.58500000000095,5.0,-0.8699999999998909,0.38000000000010914
2024-02-26 11:55:00,2024-02-26 12:00:00,Short,2031.38,2031.4250000000002,-0.04500000000007276,SL Hit,2031.4250000000002,1,152.54000000000087,5.0,0.2599999999999909,-0.6800000000000637
2024-02-26 12:05:00,2024-02-26 12:15:00,Short,2030.6,2032.1299999999999,-1.5299999999999727,SL Hit,2032.1299999999999,1,151.0100000000009,10.0,1.740000000000009,-0.0
2024-02-26 13:40:00,2024-02-26 13:45:00,Long,2033.97,2033.73,-0.2400000000000091,SL Hit,2033.73,1,150.7700000000009,5.0,-0.39000000000010004,0.2599999999999909
2024-02-26 15:25:00,2024-02-26 15:35:00,Short,2026.51,2026.6599999999999,-0.14999999999986358,SL Hit,2026.6599999999999,1,150.62000000000103,10.0,0.7200000000000273,-1.3099999999999454
2024-02-27 03:20:00,2024-02-27 03:50:00,Short,2032.49,2032.895,-0.4049999999999727,SL Hit,2032.895,1,150.21500000000106,30.0,0.5699999999999363,-0.10999999999989996
2024-02-27 04:40:00,2024-02-27 04:50:00,Long,2033.3,2033.3,0.0,SL Hit,2033.3,1,150.21500000000106,10.0,-0.599999999999909,0.9300000000000637
2024-02-27 06:45:00,2024-02-27 06:50:00,Long,2033.7,2033.7,0.0,SL Hit,2033.7,1,150.21500000000106,5.0,-0.029999999999972715,0.34999999999990905
2024-02-27 07:20:00,2024-02-27 14:00:00,Long,2036.11,2034.9,-4.839999999999236,SL Hit,2034.9,4,145.37500000000182,400.0,-1.7999999999999545,3.1800000000000637
2024-02-27 14:20:00,2024-02-27 18:10:00,Short,2032.86,2034.25,-4.1700000000003,SL Hit,2034.25,3,141.20500000000152,230.0,3.560000000000173,-3.089999999999918
2024-02-27 18:15:00,2024-02-27 18:25:00,Long,2035.02,2034.375,-0.6449999999999818,SL Hit,2034.375,1,140.56000000000154,10.0,-0.8099999999999454,0.9800000000000182
2024-02-27 19:25:00,2024-02-27 21:40:00,Short,2029.565,2030.23,-1.3299999999999272,SL Hit,2030.23,2,139.2300000000016,135.0,1.384999999999991,-0.7850000000000819
2024-02-27 21:45:00,2024-02-27 23:55:00,Long,2030.44,2029.3,-2.2800000000002,SL Hit,2029.3,2,136.9500000000014,130.0,-1.240000000000009,0.25
2024-02-28 00:00:00,2024-02-28 00:40:00,Short,2029.87,2030.69,-1.6400000000003274,SL Hit,2030.69,2,135.31000000000108,40.0,0.8300000000001546,-0.8699999999998909
2024-02-28 01:05:00,2024-02-28 04:15:00,Long,2031.293333333333,2029.88,-4.239999999998872,SL Hit,2029.88,3,131.0700000000022,190.0,-1.8933333333329756,2.3666666666670153
2024-02-28 04:20:00,2024-02-28 04:25:00,Short,2030.37,2030.3850000000002,-0.015000000000327418,SL Hit,2030.3850000000002,1,131.05500000000188,5.0,0.5200000000002092,-0.5599999999999454
2024-02-28 16:25:00,2024-02-28 16:30:00,Long,2033.44,2033.1999999999998,-0.24000000000023647,SL Hit,2033.1999999999998,1,130.81500000000165,5.0,-0.7999999999999545,0.21000000000003638
2024-02-28 21:40:00,2024-02-29 03:25:00,Long,2035.0075,2035.1,0.36999999999989086,SL Hit,2035.1,4,131.18500000000154,345.0,-1.7074999999999818,1.9125000000001364
2024-02-29 05:05:00,2024-02-29 05:50:00,Short,2035.68,2035.68,0.0,SL Hit,2035.68,1,131.18500000000154,45.0,0.08999999999991815,-1.8800000000001091
2024-02-29 06:45:00,2024-02-29 07:00:00,Long,2036.61,2036.61,0.0,SL Hit,2036.61,1,131.18500000000154,15.0,-0.16999999999984539,0.37000000000011823
2024-02-29 07:25:00,2024-02-29 08:05:00,Long,2036.58,2036.0,-1.1599999999998545,SL Hit,2036.0,2,130.02500000000168,40.0,-0.7699999999999818,1.1000000000001364
2024-02-29 09:30:00,2024-02-29 13:15:00,Short,2033.7133333333334,2031.64,6.2199999999998,SL Hit,2031.64,3,136.24500000000148,225.0,2.206666666666706,-5.553333333333285
2024-02-29 13:20:00,2024-02-29 16:05:00,Long,2039.73,2046.04,12.61999999999989,SL Hit,2046.04,2,148.86500000000137,165.0,-7.670000000000073,10.690000000000055
2024-02-29 16:10:00,2024-02-29 18:10:00,Short,2045.9099999999999,2046.3,-0.7800000000002001,SL Hit,2046.3,2,148.08500000000117,120.0,1.1300000000001091,-2.589999999999918
2024-02-29 18:20:00,2024-02-29 18:30:00,Long,2045.7,2045.3400000000001,-0.35999999999989996,SL Hit,2045.3400000000001,1,147.72500000000127,10.0,-0.6200000000001182,0.5699999999999363
2024-02-29 19:00:00,2024-02-29 19:05:00,Long,2046.37,2046.145,-0.22499999999990905,SL Hit,2046.145,1,147.50000000000136,5.0,-0.25,0.42000000000007276
2024-02-29 20:40:00,2024-03-01 01:30:00,Short,2043.8566666666666,2044.13,-0.8200000000006185,SL Hit,2044.13,3,146.68000000000075,290.0,0.4533333333333758,-1.5566666666666151
2024-03-01 01:35:00,2024-03-01 01:50:00,Long,2044.18,2044.0,-0.18000000000006366,SL Hit,2044.0,1,146.50000000000068,15.0,-0.3400000000001455,0.4199999999998454
2024-03-01 01:55:00,2024-03-01 04:55:00,Long,2045.0149999999999,2044.8,-0.4299999999998363,SL Hit,2044.8,2,146.07000000000085,180.0,-1.1749999999999545,1.7150000000001455
2024-03-01 05:00:00,2024-03-01 06:00:00,Short,2045.51,2045.51,0.0,SL Hit,2045.51,1,146.07000000000085,60.0,0.39000000000010004,-2.119999999999891
2024-03-01 20:30:00,2024-03-03 23:10:00,Short,2084.12,2084.8550000000005,-0.7350000000005821,SL Hit,2084.8550000000005,1,145.33500000000026,3040.0,1.2699999999999818,-3.319999999999709
2024-03-04 01:10:00,2024-03-04 05:40:00,Short,2081.0575,2081.88,-3.290000000000873,SL Hit,2081.88,4,142.0449999999994,270.0,2.292500000000018,-1.6574999999998
2024-03-04 05:45:00,2024-03-04 05:50:00,Long,2081.51,2079.5449999999996,-1.9650000000006003,Bearish Trade Reversal,2079.5449999999996,1,140.0799999999988,5.0,-1.3100000000004002,0.1499999999996362
2024-03-04 05:50:00,2024-03-04 06:00:00,Short,2081.28,2081.8499999999995,-0.5699999999992542,SL Hit,2081.8499999999995,1,139.50999999999954,10.0,0.6899999999995998,-0.2800000000002001
2024-03-04 06:05:00,2024-03-04 06:20:00,Long,2081.6,2081.585,-0.01499999999987267,SL Hit,2081.585,1,139.49499999999966,15.0,-0.5099999999997635,1.1900000000000546
2024-03-04 11:30:00,2024-03-04 11:50:00,Short,2083.03,2083.54,-0.5099999999997635,SL Hit,2083.54,1,138.9849999999999,20.0,0.7699999999999818,-0.7100000000000364
2024-03-04 11:55:00,2024-03-04 13:30:00,Short,2082.61,2084.0649999999996,-1.4549999999994725,SL Hit,2084.0649999999996,1,137.53000000000043,95.0,3.019999999999982,-1.1300000000001091
2024-03-04 21:40:00,2024-03-04 23:35:00,Short,2115.24,2115.3,-0.06000000000040018,SL Hit,2115.3,1,137.47000000000003,115.0,0.43000000000029104,-2.3399999999996908
2024-03-04 23:40:00,2024-03-05 01:05:00,Short,2115.2250000000004,2115.76,-1.069999999999709,SL Hit,2115.76,2,136.40000000000032,85.0,1.4149999999995089,-1.7250000000003638
2024-03-05 03:45:00,2024-03-05 12:15:00,Long,2116.9075000000003,2122.66,23.0099999999984,SL Hit,2122.66,4,159.40999999999872,510.0,-4.807500000000346,10.192499999999654
2024-03-05 12:25:00,2024-03-05 12:45:00,Short,2123.35,2123.35,0.0,SL Hit,2123.35,1,159.40999999999872,20.0,0.3200000000001637,-1.9400000000000546
2024-03-05 13:15:00,2024-03-05 13:50:00,Long,2126.8,2124.25,-2.550000000000182,SL Hit,2124.25,1,156.85999999999854,35.0,-4.070000000000164,14.819999999999709
2024-03-05 15:55:00,2024-03-05 16:00:00,Short,2125.22,2127.5600000000004,-2.3400000000006003,SL Hit,2127.5600000000004,1,154.51999999999794,5.0,3.200000000000273,-0.0
2024-03-05 16:10:00,2024-03-05 16:15:00,Short,2125.59,2127.42,-1.8299999999999272,SL Hit,2127.42,1,152.689999999998,5.0,2.4200000000000728,-0.75
2024-03-05 16:25:00,2024-03-05 16:30:00,Short,2125.85,2126.705,-0.8550000000000182,SL Hit,2126.705,1,151.834999999998,5.0,1.7100000000000364,-0.7199999999997999
2024-03-05 16:50:00,2024-03-05 16:55:00,Short,2125.87,2127.115,-1.2449999999998909,SL Hit,2127.115,1,150.5899999999981,5.0,2.2100000000000364,-0.0
2024-03-05 23:20:00,2024-03-05 23:25:00,Short,2127.22,2127.91,-0.6900000000000546,SL Hit,2127.91,1,149.89999999999804,5.0,0.8900000000003274,-0.419999999999618
2024-03-06 01:00:00,2024-03-06 02:55:00,Short,2125.5499999999997,2126.33,-2.3400000000006003,SL Hit,2126.33,3,147.55999999999744,115.0,2.330000000000382,-1.849999999999909
2024-03-06 03:55:00,2024-03-06 04:00:00,Short,2123.94,2124.915,-0.974999999999909,SL Hit,2124.915,1,146.58499999999754,5.0,1.7999999999997272,-0.0
2024-03-06 05:10:00,2024-03-06 05:35:00,Long,2126.51,2126.495,-0.015000000000327418,SL Hit,2126.495,1,146.5699999999972,25.0,-0.7100000000000364,1.3599999999996726
2024-03-06 08:05:00,2024-03-06 08:25:00,Long,2127.75,2127.4800000000005,-0.26999999999952706,SL Hit,2127.4800000000005,1,146.29999999999768,20.0,-1.2699999999999818,1.2300000000000182
2024-03-06 08:45:00,2024-03-06 09:20:00,Short,2124.96,2126.1900000000005,-1.230000000000473,SL Hit,2126.1900000000005,1,145.0699999999972,35.0,1.3600000000001273,-0.5799999999999272
2024-03-06 10:50:00,2024-03-06 11:00:00,Short,2124.82,2126.215,-1.3949999999999818,SL Hit,2126.215,1,143.67499999999723,10.0,1.9099999999998545,-0.0
2024-03-06 18:35:00,2024-03-06 18:55:00,Long,2148.33,2148.0,-0.32999999999992724,SL Hit,2148.0,1,143.3449999999973,20.0,-1.3299999999999272,2.450000000000273
2024-03-06 19:15:00,2024-03-06 19:50:00,Short,2142.17,2144.105,-1.9349999999999454,SL Hit,2144.105,1,141.40999999999735,35.0,2.5799999999999272,-2.1100000000001273
2024-03-06 21:40:00,2024-03-07 01:00:00,Long,2146.86,2146.8,-0.11999999999989086,SL Hit,2146.8,2,141.28999999999746,200.0,-0.5199999999999818,2.549999999999727
2024-03-07 01:10:00,2024-03-07 02:30:00,Short,2146.235,2148.89,-5.309999999999491,SL Hit,2148.89,2,135.97999999999797,80.0,4.815000000000055,-1.974999999999909
2024-03-07 08:40:00,2024-03-07 08:45:00,Long,2157.18,2156.88,-0.29999999999972715,SL Hit,2156.88,1,135.67999999999824,5.0,-1.2100000000000364,0.5300000000002001
2024-03-07 11:25:00,2024-03-07 11:30:00,Short,2154.59,2154.6049999999996,-0.014999999999417923,SL Hit,2154.6049999999996,1,135.66499999999883,5.0,0.4899999999997817,-0.8500000000003638
2024-03-07 13:10:00,2024-03-07 14:10:00,Long,2159.41,2154.2,-10.420000000000073,SL Hit,2154.2,2,125.24499999999875,60.0,-5.2199999999998,3.7400000000002365
2024-03-07 14:15:00,2024-03-07 16:25:00,Short,2155.31,2157.38,-4.140000000000327,SL Hit,2157.38,2,121.10499999999843,130.0,3.0,-6.880000000000109
2024-03-07 17:20:00,2024-03-07 17:25:00,Long,2157.73,2157.5649999999996,-0.16500000000041837,SL Hit,2157.5649999999996,1,120.93999999999801,5.0,-1.1700000000000728,0.6100000000001273
2024-03-07 19:40:00,2024-03-07 20:15:00,Long,2158.93,2157.9850000000006,-0.9449999999992542,SL Hit,2157.9850000000006,1,119.99499999999875,35.0,-1.3299999999999272,1.7600000000002183
2024-03-07 23:55:00,2024-03-08 00:05:00,Long,2160.62,2160.56,-0.05999999999994543,SL Hit,2160.56,1,119.93499999999881,10.0,-0.5199999999999818,1.5100000000002183
2024-03-08 00:10:00,2024-03-08 00:45:00,Long,2160.66,2160.045,-0.6149999999997817,SL Hit,2160.045,1,119.31999999999903,35.0,-1.5599999999999454,2.6200000000003456
2024-03-08 01:45:00,2024-03-08 04:15:00,Short,2158.41,2158.875,-0.4650000000001455,SL Hit,2158.875,1,118.85499999999888,150.0,0.5599999999999454,-4.379999999999654
2024-03-08 07:50:00,2024-03-08 11:40:00,Long,2163.383333333333,2166.76,10.130000000001019,SL Hit,2166.76,3,128.9849999999999,230.0,-2.4933333333333394,7.096666666666806
2024-03-08 13:05:00,2024-03-08 13:20:00,Short,2166.16,2166.175,-0.015000000000327418,SL Hit,2166.175,1,128.96999999999957,15.0,0.5900000000001455,-1.6900000000000546
2024-03-08 13:25:00,2024-03-08 13:30:00,Short,2166.56,2167.43,-0.8699999999998909,SL Hit,2167.43,1,128.09999999999968,5.0,14.690000000000055,-6.699999999999818
2024-03-08 13:35:00,2024-03-08 13:40:00,Short,2177.61,2180.8049999999994,-3.194999999999254,SL Hit,2180.8049999999994,1,124.90500000000043,5.0,7.25,-2.1999999999989086
2024-03-08 17:05:00,2024-03-08 18:05:00,Long,2189.03,2179.700000000001,-9.329999999999018,SL Hit,2179.700000000001,1,115.57500000000141,60.0,-11.519999999999982,5.859999999999673
2024-03-08 21:00:00,2024-03-08 21:35:00,Long,2177.03,2177.03,0.0,SL Hit,2177.03,1,115.57500000000141,35.0,-0.43000000000029104,0.9699999999997999
2024-03-11 01:55:00,2024-03-11 04:00:00,Short,2179.43,2180.54,-1.1100000000001273,SL Hit,2180.54,1,114.46500000000128,125.0,1.3500000000003638,-2.9299999999998363
2024-03-11 05:15:00,2024-03-11 05:30:00,Long,2181.2,2179.7,-1.5,SL Hit,2179.7,1,112.96500000000128,15.0,-1.7100000000000364,0.3400000000001455
2024-03-11 07:55:00,2024-03-11 08:10:00,Long,2181.76,2180.875,-0.8850000000002183,SL Hit,2180.875,1,112.08000000000106,15.0,-0.9100000000003092,0.9799999999995634
2024-03-11 08:50:00,2024-03-11 09:05:00,Short,2178.08,2178.6349999999998,-0.5549999999998363,SL Hit,2178.6349999999998,1,111.52500000000123,15.0,1.4400000000000546,-1.5799999999999272
2024-03-11 09:30:00,2024-03-11 09:35:00,Short,2178.25,2178.25,0.0,SL Hit,2178.25,1,111.52500000000123,5.0,0.5500000000001819,-1.449999999999818
2024-03-11 11:20:00,2024-03-11 11:25:00,Short,2176.93,2176.9750000000004,-0.04500000000052751,SL Hit,2176.9750000000004,1,111.4800000000007,5.0,0.6200000000003456,-0.4800000000000182
2024-03-11 13:35:00,2024-03-11 17:50:00,Long,2181.95,2178.62,-13.319999999999709,SL Hit,2178.62,4,98.16000000000099,255.0,-5.619999999999891,3.5
2024-03-11 17:55:00,2024-03-11 18:55:00,Short,2178.1,2180.545,-2.4450000000001637,SL Hit,2180.545,1,95.71500000000083,60.0,2.6600000000003092,-0.900000000000091
2024-03-11 22:50:00,2024-03-11 23:00:00,Short,2180.1,2182.6200000000003,-2.5200000000004366,SL Hit,2182.6200000000003,1,93.19500000000039,10.0,2.5599999999999454,-0.0
2024-03-12 02:20:00,2024-03-12 08:55:00,Short,2178.9675,2177.72,4.990000000001601,SL Hit,2177.72,4,98.18500000000199,395.0,1.7925000000000182,-5.667500000000018
2024-03-12 09:15:00,2024-03-12 09:20:00,Long,2177.24,2177.045,-0.19499999999970896,SL Hit,2177.045,1,97.99000000000228,5.0,-0.5399999999999636,0.8200000000001637
2024-03-12 09:55:00,2024-03-12 10:00:00,Long,2177.42,2176.01,-1.4099999999998545,SL Hit,2176.01,1,96.58000000000243,5.0,-1.7000000000002728,0.0
2024-03-12 12:25:00,2024-03-12 12:30:00,Short,2171.34,2171.34,0.0,SL Hit,2171.34,1,96.58000000000243,5.0,2.1399999999998727,-10.610000000000127
2024-03-12 12:35:00,2024-03-12 12:40:00,Short,2170.97,2180.3,-9.330000000000382,SL Hit,2180.3,1,87.25000000000205,5.0,9.950000000000273,-0.0
2024-03-12 16:45:00,2024-03-12 17:00:00,Long,2164.47,2164.38,-0.08999999999969077,SL Hit,2164.38,1,87.16000000000236,15.0,-0.9099999999998545,1.8700000000003456
2024-03-12 23:35:00,2024-03-12 23:40:00,Short,2156.34,2157.3,-0.9600000000000364,SL Hit,2157.3,1,86.20000000000232,5.0,1.0299999999997453,-0.8400000000001455
2024-03-13 02:35:00,2024-03-13 03:15:00,Long,2160.13,2159.26,-0.8699999999998909,SL Hit,2159.26,1,85.33000000000243,40.0,-1.430000000000291,1.2999999999997272
2024-03-13 04:30:00,2024-03-13 04:35:00,Short,2157.82,2157.82,0.0,SL Hit,2157.82,1,85.33000000000243,5.0,0.31999999999970896,-0.580000000000382
2024-03-13 08:45:00,2024-03-13 09:15:00,Short,2158.86,2159.595,-0.7349999999996726,SL Hit,2159.595,1,84.59500000000276,30.0,1.1199999999998909,-1.0799999999999272
2024-03-13 15:10:00,2024-03-14 01:35:00,Long,2173.724,2173.3,-2.119999999999891,SL Hit,2173.3,5,82.47500000000286,625.0,-3.97400000000016,5.30600000000004
2024-03-14 01:40:00,2024-03-14 01:45:00,Short,2173.99,2173.99,0.0,SL Hit,2173.99,1,82.47500000000286,5.0,0.1000000000003638,-0.6499999999996362
2024-03-14 01:55:00,2024-03-14 08:10:00,Short,2171.532,2168.85,13.410000000001219,SL Hit,2168.85,5,95.88500000000408,375.0,3.737999999999829,-4.231999999999971
2024-03-14 08:15:00,2024-03-14 09:15:00,Long,2168.4,2168.16,-0.24000000000023647,SL Hit,2168.16,1,95.64500000000385,60.0,-0.4600000000000364,1.5399999999999636
2024-03-14 11:30:00,2024-03-14 19:10:00,Short,2163.9125,2162.28,6.529999999998836,SL Hit,2162.28,4,102.17500000000268,460.0,6.067500000000109,-10.93249999999989
2024-03-14 19:15:00,2024-03-14 22:40:00,Long,2162.32,2160.9,-4.260000000000218,SL Hit,2160.9,3,97.91500000000246,205.0,-1.5199999999999818,1.449999999999818
2024-03-14 22:45:00,2024-03-15 00:40:00,Short,2160.865,2162.03,-2.3300000000008367,SL Hit,2162.03,2,95.58500000000163,115.0,1.4450000000001637,-0.8649999999997817
2024-03-15 08:10:00,2024-03-15 08:20:00,Short,2167.04,2167.04,0.0,SL Hit,2167.04,1,95.58500000000163,10.0,0.40000000000009095,-1.5199999999999818
2024-03-15 09:35:00,2024-03-15 11:10:00,Long,2169.83,2166.9,-5.859999999999673,SL Hit,2166.9,2,89.72500000000196,95.0,-3.5299999999997453,2.6100000000001273
2024-03-15 11:15:00,2024-03-15 11:40:00,Short,2167.54,2167.54,0.0,SL Hit,2167.54,1,89.72500000000196,25.0,0.24000000000023647,-1.9400000000000546
2024-03-15 11:45:00,2024-03-17 23:55:00,Short,2160.018333333334,2155.99,24.17000000000462,SL Hit,2155.99,6,113.89500000000658,3610.0,7.761666666666315,-8.418333333333976
2024-03-18 06:55:00,2024-03-18 07:00:00,Long,2148.04,2147.41,-0.6300000000001091,SL Hit,2147.41,1,113.26500000000647,5.0,-0.7300000000000182,0.0
2024-03-18 10:15:00,2024-03-18 10:25:00,Long,2156.01,2155.245,-0.7650000000003274,SL Hit,2155.245,1,112.50000000000614,10.0,-1.2100000000000364,0.30000000000063665
2024-03-18 13:00:00,2024-03-18 15:20:00,Short,2159.356666666667,2160.56,-3.609999999998763,SL Hit,2160.56,3,108.89000000000738,140.0,1.4833333333331211,-3.646666666666988
2024-03-18 15:25:00,2024-03-18 15:35:00,Long,2160.28,2160.175,-0.10500000000001819,SL Hit,2160.175,1,108.78500000000736,10.0,-2.2800000000002,0.9099999999998545
2024-03-18 20:30:00,2024-03-18 20:55:00,Short,2159.85,2159.85,0.0,SL Hit,2159.85,1,108.78500000000736,25.0,0.34999999999990905,-0.849999999999909
2024-03-19 05:00:00,2024-03-19 11:45:00,Short,2155.58,2156.13,-2.2000000000007276,SL Hit,2156.13,4,106.58500000000663,405.0,4.809999999999945,-8.460000000000036
2024-03-19 11:50:00,2024-03-19 12:00:00,Long,2155.6,2155.36,-0.23999999999978172,SL Hit,2155.36,1,106.34500000000685,10.0,-0.2899999999999636,0.7800000000002001
2024-03-19 12:20:00,2024-03-19 12:30:00,Long,2155.51,2151.385,-4.125,SL Hit,2151.385,1,102.22000000000685,10.0,-4.150000000000091,0.10999999999967258
2024-03-19 13:50:00,2024-03-19 14:30:00,Short,2151.61,2152.96,-1.349999999999909,SL Hit,2152.96,1,100.87000000000694,40.0,1.6199999999998909,-2.700000000000273
2024-03-19 16:20:00,2024-03-19 16:30:00,Long,2154.87,2154.54,-0.32999999999992724,SL Hit,2154.54,1,100.54000000000701,10.0,-1.6700000000000728,0.9700000000002547
2024-03-19 17:15:00,2024-03-19 17:20:00,Long,2155.55,2153.8999999999996,-1.6500000000005457,SL Hit,2153.8999999999996,1,98.89000000000647,5.0,-1.8500000000003638,0.0
2024-03-19 18:40:00,2024-03-19 18:45:00,Long,2156.95,2156.335,-0.6149999999997817,SL Hit,2156.335,1,98.27500000000668,5.0,-0.7799999999997453,0.0
2024-03-19 19:15:00,2024-03-19 19:20:00,Long,2157.63,2157.285,-0.34500000000025466,SL Hit,2157.285,1,97.93000000000643,5.0,-0.43000000000029104,0.17000000000007276
2024-03-20 00:15:00,2024-03-20 00:50:00,Short,2156.29,2156.755,-0.4650000000001455,SL Hit,2156.755,1,97.46500000000628,35.0,0.8099999999999454,-1.6900000000000546
2024-03-20 03:55:00,2024-03-20 04:20:00,Long,2158.9449999999997,2157.6,-2.6899999999996,SL Hit,2157.6,2,94.77500000000668,25.0,-1.544999999999618,1.1350000000002183
2024-03-20 04:25:00,2024-03-20 07:10:00,Short,2158.5066666666667,2158.18,0.9800000000004729,SL Hit,2158.18,3,95.75500000000716,165.0,0.7233333333333576,-2.7066666666664787
2024-03-20 07:15:00,2024-03-20 08:05:00,Long,2158.3199999999997,2155.8,-5.039999999999054,SL Hit,2155.8,2,90.7150000000081,50.0,-2.7099999999995816,0.9600000000004911
2024-03-20 10:00:00,2024-03-20 11:35:00,Short,2153.8566666666666,2154.69,-2.5000000000004547,SL Hit,2154.69,3,88.21500000000765,95.0,0.8633333333332303,-1.4566666666664787
2024-03-20 11:40:00,2024-03-20 11:45:00,Long,2154.53,2154.29,-0.24000000000023647,SL Hit,2154.29,1,87.97500000000741,5.0,-0.5300000000002001,0.29999999999972715
2024-03-20 12:00:00,2024-03-20 12:05:00,Long,2153.99,2153.99,0.0,SL Hit,2153.99,1,87.97500000000741,5.0,-1.8899999999998727,1.1700000000000728
2024-03-20 12:10:00,2024-03-20 12:20:00,Short,2153.1,2153.475,-0.375,SL Hit,2153.475,1,87.60000000000741,10.0,1.4600000000000364,-0.900000000000091
2024-03-20 13:15:00,2024-03-20 13:20:00,Long,2155.69,2152.285,-3.4050000000002,SL Hit,2152.285,1,84.19500000000721,5.0,-3.7800000000002,0.0
2024-03-20 13:50:00,2024-03-21 03:45:00,Long,2174.8033333333333,2201.8,161.98000000000138,SL Hit,2201.8,6,246.1750000000086,835.0,-20.903333333333194,47.25666666666666
2024-03-21 03:55:00,2024-03-21 04:00:00,Short,2202.58,2202.67,-0.09000000000014552,SL Hit,2202.67,1,246.08500000000845,5.0,0.38999999999987267,-0.5799999999999272
2024-03-21 05:15:00,2024-03-21 08:00:00,Long,2204.9375,2205.0,0.25,SL Hit,2205.0,4,246.33500000000845,165.0,-3.0275000000001455,4.862500000000182
2024-03-21 08:05:00,2024-03-21 08:15:00,Short,2205.17,2205.7700000000004,-0.6000000000003638,SL Hit,2205.7700000000004,1,245.73500000000809,10.0,0.6700000000000728,-0.8200000000001637
2024-03-21 10:15:00,2024-03-21 10:35:00,Long,2209.32,2209.32,0.0,SL Hit,2209.32,1,245.73500000000809,20.0,-0.580000000000382,2.25
2024-03-21 12:50:00,2024-03-21 18:45:00,Short,2197.0433333333335,2183.53,40.539999999999964,SL Hit,2183.53,3,286.27500000000805,355.0,11.00666666666666,-30.723333333333358
2024-03-21 18:50:00,2024-03-21 19:20:00,Long,2182.82,2181.9049999999997,-0.9150000000004184,SL Hit,2181.9049999999997,1,285.36000000000763,30.0,-1.1100000000001273,0.7599999999997635
2024-03-21 22:50:00,2024-03-21 23:05:00,Short,2181.09,2181.3599999999997,-0.26999999999952706,SL Hit,2181.3599999999997,1,285.0900000000081,15.0,0.4299999999998363,-0.8900000000003274
2024-03-21 23:15:00,2024-03-22 00:10:00,Short,2180.5,2182.0299999999997,-1.5299999999997453,SL Hit,2182.0299999999997,1,283.56000000000836,55.0,1.9800000000000182,-0.599999999999909
2024-03-22 02:45:00,2024-03-22 03:35:00,Short,2173.36,2174.7400000000002,-1.3800000000001091,SL Hit,2174.7400000000002,1,282.18000000000825,50.0,1.7300000000000182,-1.4600000000000364
2024-03-22 04:50:00,2024-03-22 05:15:00,Short,2173.775,2175.36,-3.1700000000000728,SL Hit,2175.36,2,279.0100000000082,25.0,1.6849999999999454,-1.474999999999909
2024-03-22 05:25:00,2024-03-22 05:30:00,Long,2174.19,2173.755,-0.43499999999994543,SL Hit,2173.755,1,278.57500000000823,5.0,-0.7899999999999636,0.13000000000010914
2024-03-22 06:20:00,2024-03-22 06:25:00,Long,2174.85,2174.58,-0.2699999999999818,SL Hit,2174.58,1,278.30500000000825,5.0,-2.349999999999909,0.680000000000291
2024-03-22 09:20:00,2024-03-22 09:55:00,Long,2169.52,2166.115,-3.4050000000002,SL Hit,2166.115,1,274.90000000000805,35.0,-3.880000000000109,0.0
2024-03-22 11:45:00,2024-03-22 11:50:00,Short,2165.4,2166.1049999999996,-0.7049999999994725,SL Hit,2166.1049999999996,1,274.1950000000086,5.0,0.7999999999997272,-1.0
2024-03-22 11:55:00,2024-03-22 12:00:00,Short,2166.17,2166.71,-0.5399999999999636,SL Hit,2166.71,1,273.6550000000086,5.0,1.949999999999818,-0.21000000000003638
2024-03-22 16:35:00,2024-03-22 19:45:00,Short,2163.945,2164.64,-1.389999999999418,SL Hit,2164.64,2,272.2650000000092,190.0,1.4549999999999272,-6.595000000000255
2024-03-22 19:50:00,2024-03-22 19:55:00,Long,2164.61,2164.475,-0.13500000000021828,SL Hit,2164.475,1,272.130000000009,5.0,-1.1700000000000728,0.4800000000000182
2024-03-22 20:00:00,2024-03-25 00:25:00,Long,2165.92,2164.4,-3.0399999999999636,SL Hit,2164.4,2,269.090000000009,3145.0,-2.4099999999998545,9.289999999999964
2024-03-25 00:30:00,2024-03-25 00:35:00,Short,2165.07,2165.91,-0.8399999999996908,SL Hit,2165.91,1,268.2500000000093,5.0,0.919999999999618,-0.9800000000000182
2024-03-25 02:30:00,2024-03-25 03:00:00,Long,2175.5,2174.0,-1.5,SL Hit,2174.0,1,266.7500000000093,30.0,-1.800000000000182,2.1700000000000728
2024-03-25 06:15:00,2024-03-25 10:05:00,Short,2166.116666666667,2168.82,-8.110000000000127,SL Hit,2168.82,3,258.6400000000092,230.0,3.503333333333103,-2.196666666666715
2024-03-25 17:20:00,2024-03-25 17:35:00,Short,2175.73,2175.8199999999997,-0.08999999999969077,SL Hit,2175.8199999999997,1,258.5500000000095,15.0,0.09000000000014552,-1.1199999999998909
2024-03-25 20:00:00,2024-03-25 20:05:00,Short,2171.14,2171.14,0.0,SL Hit,2171.14,1,258.5500000000095,5.0,0.2699999999999818,-0.32999999999992724
2024-03-25 23:40:00,2024-03-25 23:55:00,Short,2170.6,2172.8050000000003,-2.205000000000382,SL Hit,2172.8050000000003,1,256.3450000000091,15.0,2.5799999999999272,-0.0
2024-03-26 04:10:00,2024-03-26 04:20:00,Short,2170.56,2170.8450000000003,-0.28500000000030923,SL Hit,2170.8450000000003,1,256.0600000000088,10.0,1.150000000000091,-0.2699999999999818
2024-03-26 05:05:00,2024-03-26 05:25:00,Long,2172.18,2171.67,-0.5099999999997635,SL Hit,2171.67,1,255.55000000000905,20.0,-0.7699999999999818,0.5900000000001455
2024-03-26 05:45:00,2024-03-26 06:40:00,Long,2171.77,2171.4100000000003,-0.3599999999996726,SL Hit,2171.4100000000003,1,255.19000000000938,55.0,-0.5700000000001637,2.2400000000002365
2024-03-26 08:00:00,2024-03-26 12:20:00,Long,2182.5066666666667,2195.08,37.7199999999998,SL Hit,2195.08,3,292.9100000000092,260.0,-11.206666666666479,17.133333333333212
2024-03-26 14:35:00,2024-03-26 14:40:00,Short,2181.31,2182.6000000000004,-1.2900000000004184,SL Hit,2182.6000000000004,1,291.62000000000876,5.0,1.8899999999998727,-0.900000000000091
2024-03-26 20:15:00,2024-03-26 20:50:00,Short,2176.995,2178.02,-2.050000000000182,SL Hit,2178.02,2,289.5700000000086,35.0,1.305000000000291,-2.3449999999998
2024-03-26 20:55:00,2024-03-26 22:00:00,Long,2177.63,2177.63,0.0,SL Hit,2177.63,1,289.5700000000086,65.0,-0.47000000000025466,0.9899999999997817
2024-03-27 00:35:00,2024-03-27 03:10:00,Short,2176.483333333333,2180.07,-10.760000000001128,SL Hit,2180.07,3,278.81000000000745,155.0,3.776666666667097,-2.8133333333330484
2024-03-27 03:20:00,2024-03-27 05:05:00,Long,2178.8333333333335,2176.8,-6.099999999999909,SL Hit,2176.8,3,272.71000000000754,105.0,-2.533333333333303,1.2066666666664787
2024-03-27 05:10:00,2024-03-27 05:25:00,Short,2177.41,2177.41,0.0,SL Hit,2177.41,1,272.71000000000754,15.0,0.0500000000001819,-1.7100000000000364
2024-03-27 07:15:00,2024-03-27 08:45:00,Long,2179.55,2176.9,-5.300000000000182,SL Hit,2176.9,2,267.41000000000736,90.0,-3.0,3.0399999999999636
2024-03-27 13:05:00,2024-03-27 13:10:00,Short,2184.45,2184.75,-0.3000000000001819,SL Hit,2184.75,1,267.1100000000072,5.0,1.580000000000382,-0.5299999999997453
2024-03-27 17:55:00,2024-03-27 19:50:00,Short,2190.226666666667,2192.42,-6.5799999999994725,SL Hit,2192.42,3,260.5300000000077,115.0,2.623333333332994,-1.0166666666668789
2024-03-27 22:10:00,2024-03-28 02:10:00,Short,2191.1099999999997,2190.34,1.5399999999990541,SL Hit,2190.34,2,262.07000000000676,240.0,2.480000000000473,-4.109999999999673
2024-03-28 04:25:00,2024-03-28 07:20:00,Long,2197.175,2194.8,-4.75,SL Hit,2194.8,2,257.32000000000676,175.0,-2.875,3.324999999999818
2024-03-28 09:55:00,2024-03-28 12:35:00,Long,2204.635,2207.4,5.529999999999745,SL Hit,2207.4,2,262.8500000000065,160.0,-8.295000000000073,11.274999999999636
2024-03-28 12:40:00,2024-03-28 13:00:00,Short,2208.9300000000003,2215.91,-13.959999999999127,SL Hit,2215.91,2,248.89000000000738,20.0,7.859999999999673,-2.8600000000001273
2024-03-28 13:05:00,2024-03-28 13:20:00,Long,2214.88,2210.665,-4.2150000000001455,SL Hit,2210.665,1,244.67500000000723,15.0,-4.680000000000291,0.13000000000010914
2024-03-28 13:40:00,2024-03-28 13:45:00,Short,2206.51,2208.6699999999996,-2.1599999999993997,SL Hit,2208.6699999999996,1,242.51500000000783,5.0,3.3299999999999272,-0.5900000000001455
2024-03-28 14:00:00,2024-03-28 14:30:00,Short,2208.78,2208.78,0.0,SL Hit,2208.78,1,242.51500000000783,30.0,0.5899999999996908,-4.220000000000255
2024-03-28 19:45:00,2024-03-28 19:55:00,Short,2219.45,2220.965,-1.5150000000003274,SL Hit,2220.965,1,241.0000000000075,10.0,2.5399999999999636,-0.4299999999998363
2024-03-28 20:40:00,2024-04-01 05:30:00,Long,2242.148,2257.9,78.75999999999976,SL Hit,2257.9,5,319.76000000000727,4850.0,-20.528000000000247,23.221999999999753
2024-04-01 05:35:00,2024-04-01 05:45:00,Short,2260.34,2261.165,-0.8249999999998181,SL Hit,2261.165,1,318.93500000000745,10.0,2.199999999999818,-0.4800000000000182
2024-04-01 07:50:00,2024-04-01 12:35:00,Short,2253.195,2250.7,9.980000000001382,SL Hit,2250.7,4,328.91500000000883,285.0,6.754999999999654,-9.1550000000002
2024-04-01 12:50:00,2024-04-01 13:40:00,Long,2250.18,2249.715,-0.46499999999969077,SL Hit,2249.715,1,328.45000000000914,50.0,-1.7699999999999818,7.5300000000002
2024-04-01 14:00:00,2024-04-01 19:05:00,Short,2240.1,2241.16,-3.1799999999998363,SL Hit,2241.16,3,325.2700000000093,305.0,4.019999999999982,-11.529999999999745
2024-04-02 01:10:00,2024-04-02 02:35:00,Short,2248.693333333333,2249.8,-3.320000000001073,SL Hit,2249.8,3,321.95000000000823,85.0,1.3066666666668425,-2.1933333333331575
2024-04-02 02:40:00,2024-04-02 12:10:00,Long,2256.7962500000003,2256.31,-3.890000000003056,SL Hit,2256.31,8,318.0600000000052,570.0,-7.1862500000002,8.943749999999454
2024-04-02 12:25:00,2024-04-02 13:35:00,Short,2256.325,2261.31,-9.970000000000255,SL Hit,2261.31,2,308.0900000000049,70.0,7.3650000000002365,-2.744999999999891
2024-04-03 01:20:00,2024-04-03 01:25:00,Short,2278.03,2279.2599999999998,-1.2299999999995634,SL Hit,2279.2599999999998,1,306.86000000000536,5.0,1.6899999999995998,-0.15000000000009095
2024-04-03 03:20:00,2024-04-03 03:25:00,Long,2287.23,2284.635,-2.5949999999998,SL Hit,2284.635,1,304.26500000000556,5.0,-3.4299999999998363,0.0
2024-04-03 10:35:00,2024-04-03 11:55:00,Short,2270.7200000000003,2273.01,-4.579999999999927,SL Hit,2273.01,2,299.68500000000563,80.0,3.3799999999996544,-1.8200000000001637
2024-04-03 12:55:00,2024-04-03 22:05:00,Long,2284.685,2294.6,59.48999999999978,SL Hit,2294.6,6,359.1750000000054,550.0,-12.324999999999818,16.235000000000127
2024-04-03 22:10:00,2024-04-03 22:20:00,Short,2299.39,2300.83,-1.4400000000000546,SL Hit,2300.83,1,357.73500000000536,10.0,1.5599999999999454,-0.0
2024-04-04 01:05:00,2024-04-04 01:10:00,Long,2300.28,2299.17,-1.1100000000001273,SL Hit,2299.17,1,356.62500000000523,5.0,-2.2900000000004184,0.11999999999989086
2024-04-04 01:55:00,2024-04-04 02:05:00,Long,2302.06,2300.305,-1.7550000000001091,SL Hit,2300.305,1,354.8700000000051,10.0,-1.849999999999909,0.11999999999989086
2024-04-04 03:00:00,2024-04-04 11:00:00,Short,2296.3340000000003,2294.98,6.770000000001346,SL Hit,2294.98,5,361.64000000000647,480.0,4.205999999999676,-5.634000000000469
2024-04-04 11:05:00,2024-04-04 11:25:00,Long,2294.79,2292.55,-4.479999999999563,SL Hit,2292.55,2,357.1600000000069,20.0,-2.300000000000182,0.32999999999992724
2024-04-04 11:30:00,2024-04-04 14:25:00,Short,2292.915,2295.12,-4.4099999999998545,SL Hit,2295.12,2,352.75000000000705,175.0,3.5850000000000364,-9.8449999999998
2024-04-04 14:30:00,2024-04-04 14:55:00,Long,2298.01,2294.1099999999997,-3.9000000000005457,SL Hit,2294.1099999999997,1,348.8500000000065,25.0,-3.9900000000002365,0.669999999999618
2024-04-04 18:25:00,2024-04-04 19:00:00,Long,2297.64,2297.1900000000005,-0.44999999999936335,SL Hit,2297.1900000000005,1,348.40000000000714,35.0,-4.849999999999909,7.390000000000327
2024-04-04 19:45:00,2024-04-04 20:15:00,Short,2286.32,2288.7200000000003,-2.400000000000091,SL Hit,2288.7200000000003,1,346.00000000000705,30.0,3.099999999999909,-5.3400000000001455
2024-04-05 00:15:00,2024-04-05 04:30:00,Short,2282.885,2279.25,7.270000000000437,SL Hit,2279.25,2,353.2700000000075,255.0,5.964999999999691,-14.9050000000002
2024-04-05 04:35:00,2024-04-05 04:55:00,Long,2278.73,2277.335,-1.3949999999999818,SL Hit,2277.335,1,351.8750000000075,20.0,-2.5300000000002,0.8600000000001273
2024-04-05 05:35:00,2024-04-05 05:55:00,Long,2279.79,2278.755,-1.0349999999998545,SL Hit,2278.755,1,350.84000000000765,20.0,-1.300000000000182,2.0
2024-04-05 06:00:00,2024-04-05 06:15:00,Long,2279.86,2279.8149999999996,-0.04500000000052751,SL Hit,2279.8149999999996,1,350.7950000000071,15.0,-0.42000000000007276,3.0099999999997635
2024-04-05 07:10:00,2024-04-05 11:50:00,Long,2287.5533333333337,2291.53,11.929999999999382,SL Hit,2291.53,3,362.7250000000065,280.0,-5.373333333333903,7.7266666666664605
2024-04-05 12:05:00,2024-04-05 12:15:00,Short,2293.23,2293.23,0.0,SL Hit,2293.23,1,362.7250000000065,10.0,0.44000000000005457,-2.7100000000000364
2024-04-05 12:20:00,2024-04-05 12:25:00,Short,2293.24,2293.24,0.0,SL Hit,2293.24,1,362.7250000000065,5.0,1.5900000000001455,-2.3099999999999454
2024-04-05 13:25:00,2024-04-05 13:30:00,Long,2293.74,2293.125,-0.6149999999997817,SL Hit,2293.125,1,362.1100000000067,5.0,-0.9299999999998363,2.4900000000002365
2024-04-05 13:35:00,2024-04-05 19:00:00,Long,2316.2366666666667,2323.5,21.789999999999964,SL Hit,2323.5,3,383.9000000000067,325.0,-22.826666666666824,13.89333333333343
2024-04-05 19:05:00,2024-04-05 20:20:00,Short,2323.46,2324.585,-1.125,SL Hit,2324.585,1,382.7750000000067,75.0,1.6399999999998727,-2.9600000000000364
2024-04-05 20:55:00,2024-04-07 22:00:00,Long,2327.55,2327.55,0.0,SL Hit,2327.55,1,382.7750000000067,2945.0,-7.2400000000002365,2.1399999999998727
2024-04-07 22:05:00,2024-04-08 01:25:00,Short,2315.9633333333336,2313.75,6.640000000000782,SL Hit,2313.75,3,389.41500000000747,200.0,10.876666666666551,-12.493333333333794
2024-04-08 04:35:00,2024-04-08 08:15:00,Short,2340.065,2340.64,-1.1499999999996362,SL Hit,2340.64,2,388.26500000000783,220.0,4.2150000000001455,-8.664999999999964
2024-04-08 08:20:00,2024-04-08 08:25:00,Long,2338.13,2335.6699999999996,-2.460000000000491,SL Hit,2335.6699999999996,1,385.80500000000734,5.0,-3.130000000000109,0.0
2024-04-08 11:45:00,2024-04-08 17:10:00,Short,2330.4939999999997,2329.87,3.1199999999989814,SL Hit,2329.87,5,388.9250000000063,325.0,8.786000000000513,-12.393999999999778
2024-04-08 17:15:00,2024-04-08 22:00:00,Long,2332.5833333333335,2337.0,13.249999999999545,SL Hit,2337.0,3,402.17500000000587,285.0,-3.8933333333334303,9.206666666666479
2024-04-08 22:05:00,2024-04-08 22:10:00,Short,2337.34,2337.79,-0.4499999999998181,SL Hit,2337.79,1,401.72500000000605,5.0,0.8299999999999272,-0.0
2024-04-08 22:20:00,2024-04-08 23:05:00,Short,2337.625,2339.26,-3.2700000000004366,SL Hit,2339.26,2,398.4550000000056,45.0,2.125,-0.8249999999998181
2024-04-08 23:15:00,2024-04-08 23:50:00,Long,2339.03,2337.785,-1.2450000000003456,SL Hit,2337.785,1,397.21000000000527,35.0,-1.6300000000001091,1.2699999999999818
2024-04-08 23:55:00,2024-04-09 06:25:00,Long,2341.7875,2342.7,3.649999999999636,SL Hit,2342.7,4,400.8600000000049,390.0,-4.387499999999818,6.112500000000182
2024-04-09 06:30:00,2024-04-09 07:10:00,Short,2345.87,2346.4249999999997,-0.5549999999998363,SL Hit,2346.4249999999997,1,400.30500000000507,40.0,7.550000000000182,-1.4299999999998363
2024-04-09 13:40:00,2024-04-09 14:40:00,Long,2356.33,2352.49,-3.8400000000001455,SL Hit,2352.49,1,396.4650000000049,60.0,-10.360000000000127,7.019999999999982
2024-04-09 14:45:00,2024-04-09 14:50:00,Short,2346.28,2350.1349999999998,-3.8549999999995634,SL Hit,2350.1349999999998,1,392.61000000000536,5.0,5.799999999999727,-0.3000000000001819
2024-04-09 15:10:00,2024-04-09 15:15:00,Short,2346.78,2348.145,-1.3649999999997817,SL Hit,2348.145,1,391.2450000000056,5.0,2.8299999999999272,-1.8700000000003456
2024-04-10 01:00:00,2024-04-10 02:30:00,Short,2351.62,2351.62,0.0,SL Hit,2351.62,1,391.2450000000056,90.0,0.7400000000002365,-6.7199999999998
2024-04-10 04:30:00,2024-04-10 07:40:00,Long,2355.1266666666666,2353.96,-3.4999999999995453,SL Hit,2353.96,3,387.74500000000603,190.0,-1.416666666666515,4.7733333333335395
2024-04-10 07:45:00,2024-04-10 08:25:00,Short,2354.58,2354.58,0.0,SL Hit,2354.58,1,387.74500000000603,40.0,0.07999999999992724,-2.119999999999891
2024-04-10 08:30:00,2024-04-10 14:20:00,Short,2344.3433333333337,2350.08,-17.209999999998672,SL Hit,2350.08,3,370.53500000000736,350.0,11.536666666666406,-24.473333333333812
2024-04-10 14:30:00,2024-04-10 15:00:00,Long,2346.69,2342.625,-4.065000000000055,SL Hit,2342.625,1,366.4700000000073,30.0,-6.5300000000002,5.0900000000001455
2024-04-10 19:00:00,2024-04-10 19:05:00,Short,2327.84,2330.1349999999998,-2.294999999999618,SL Hit,2330.1349999999998,1,364.1750000000077,5.0,2.8599999999996726,-0.07000000000016371
2024-04-11 13:20:00,2024-04-11 13:25:00,Long,2343.32,2342.375,-0.9450000000001637,SL Hit,2342.375,1,363.2300000000075,5.0,-2.4600000000000364,1.2599999999997635
2024-04-11 13:35:00,2024-04-11 13:40:00,Long,2344.4,2342.0,-2.400000000000091,SL Hit,2342.0,1,360.83000000000743,5.0,-2.8099999999999454,1.4299999999998363
2024-04-11 13:45:00,2024-04-11 14:10:00,Long,2343.14,2342.375,-0.7649999999998727,SL Hit,2342.375,1,360.06500000000756,25.0,-0.8599999999996726,3.8600000000001273
2024-04-11 19:35:00,2024-04-12 09:20:00,Long,2382.7687499999997,2394.19,91.37000000000262,SL Hit,2394.19,8,451.4350000000102,825.0,-18.70874999999978,17.44125000000031
2024-04-12 09:25:00,2024-04-12 09:45:00,Short,2394.36,2396.76,-2.400000000000091,SL Hit,2396.76,1,449.0350000000101,20.0,2.9299999999998363,-0.21000000000003638
2024-04-12 11:20:00,2024-04-12 11:25:00,Short,2393.88,2393.88,0.0,SL Hit,2393.88,1,449.0350000000101,5.0,0.6799999999998363,-1.7800000000002
2024-04-12 11:30:00,2024-04-12 11:40:00,Short,2393.89,2393.89,0.0,SL Hit,2393.89,1,449.0350000000101,10.0,0.8200000000001637,-3.3799999999996544
2024-04-15 05:10:00,2024-04-15 05:15:00,Short,2354.96,2355.575,-0.6149999999997817,SL Hit,2355.575,1,448.4200000000103,5.0,1.199999999999818,-0.30999999999994543
2024-04-15 07:55:00,2024-04-15 08:05:00,Short,2352.99,2353.8300000000004,-0.8400000000006003,SL Hit,2353.8300000000004,1,447.5800000000097,10.0,2.7400000000002365,-3.619999999999891
2024-04-15 16:00:00,2024-04-15 16:20:00,Long,2351.64,2347.6950000000006,-3.944999999999254,SL Hit,2347.6950000000006,1,443.63500000001045,20.0,-3.9899999999997817,0.0
2024-04-15 18:45:00,2024-04-16 01:15:00,Long,2380.49,2380.0,-1.4699999999993452,SL Hit,2380.0,3,442.1650000000111,390.0,-10.7199999999998,11.370000000000346
2024-04-16 01:20:00,2024-04-16 02:40:00,Short,2382.215,2384.39,-4.349999999999454,SL Hit,2384.39,2,437.81500000001165,80.0,2.274999999999636,-2.3150000000000546
2024-04-16 02:45:00,2024-04-16 06:25:00,Long,2385.3133333333335,2383.1,-6.640000000000782,SL Hit,2383.1,3,431.17500000001087,220.0,-4.263333333333321,3.696666666666715
2024-04-16 07:30:00,2024-04-16 07:35:00,Short,2370.96,2371.995,-1.0349999999998545,SL Hit,2371.995,1,430.140000000011,5.0,1.599999999999909,-1.150000000000091
2024-04-16 12:00:00,2024-04-16 12:20:00,Long,2373.96,2370.54,-3.4200000000000728,SL Hit,2370.54,1,426.72000000001094,20.0,-5.079999999999927,1.3099999999999454
2024-04-16 12:40:00,2024-04-16 13:55:00,Long,2375.84,2371.09,-14.25,SL Hit,2371.09,3,412.47000000001094,75.0,-9.539999999999964,3.2199999999998
2024-04-16 21:00:00,2024-04-16 22:00:00,Short,2382.64,2382.64,0.0,SL Hit,2382.64,1,412.47000000001094,60.0,0.75,-0.29999999999972715
2024-04-16 23:50:00,2024-04-17 00:20:00,Short,2383.83,2384.1900000000005,-0.3600000000005821,SL Hit,2384.1900000000005,1,412.11000000001036,30.0,0.5,-2.7399999999997817
2024-04-17 02:20:00,2024-04-17 02:45:00,Long,2384.63,2383.04,-1.5900000000001455,SL Hit,2383.04,1,410.5200000000102,25.0,-1.8099999999999454,0.9800000000000182
2024-04-17 03:20:00,2024-04-17 07:45:00,Short,2381.4533333333334,2381.21,0.7300000000000182,SL Hit,2381.21,3,411.25000000001023,265.0,1.5166666666664241,-8.633333333333212
2024-04-17 12:15:00,2024-04-17 13:10:00,Short,2385.6,2387.4000000000005,-1.8000000000006366,SL Hit,2387.4000000000005,1,409.4500000000096,55.0,1.930000000000291,-7.389999999999873
2024-04-17 13:35:00,2024-04-17 14:00:00,Long,2389.38,2389.38,0.0,SL Hit,2389.38,1,409.4500000000096,25.0,-1.1900000000000546,4.9699999999998
2024-04-17 14:50:00,2024-04-17 15:15:00,Long,2392.755,2386.44,-12.63000000000011,SL Hit,2386.44,2,396.8200000000095,25.0,-8.644999999999982,2.5149999999998727
2024-04-17 15:40:00,2024-04-17 15:50:00,Short,2387.17,2387.17,0.0,SL Hit,2387.17,1,396.8200000000095,10.0,0.2699999999999818,-2.3400000000001455
2024-04-18 00:55:00,2024-04-18 01:25:00,Long,2369.11,2368.12,-0.9900000000002365,SL Hit,2368.12,1,395.83000000000925,30.0,-2.8400000000001455,2.3899999999998727
2024-04-18 02:20:00,2024-04-18 07:30:00,Long,2375.2200000000003,2376.66,5.759999999998399,SL Hit,2376.66,4,401.59000000000765,310.0,-6.650000000000091,5.559999999999945
2024-04-18 09:55:00,2024-04-18 10:00:00,Long,2380.34,2379.155,-1.1849999999999454,SL Hit,2379.155,1,400.4050000000077,5.0,-2.0399999999999636,0.33999999999969077
2024-04-18 10:10:00,2024-04-18 10:20:00,Short,2377.1,2378.855,-1.7550000000001091,SL Hit,2378.855,1,398.6500000000076,10.0,3.7800000000002,-0.0
2024-04-18 11:35:00,2024-04-18 11:50:00,Long,2383.16,2381.255,-1.9049999999997453,SL Hit,2381.255,1,396.74500000000785,15.0,-2.269999999999982,0.0
2024-04-18 18:45:00,2024-04-18 19:05:00,Short,2382.62,2383.31,-0.6900000000000546,SL Hit,2383.31,1,396.0550000000078,20.0,0.8400000000001455,-2.119999999999891
2024-04-18 20:25:00,2024-04-18 22:00:00,Short,2378.96,2379.17,-0.21000000000003638,SL Hit,2379.17,1,395.84500000000776,95.0,0.6199999999998909,-2.0100000000002183
2024-04-19 01:05:00,2024-04-19 04:40:00,Long,2387.23,2384.1,-6.260000000000218,SL Hit,2384.1,2,389.58500000000754,215.0,-7.329999999999927,29.98999999999978
2024-04-19 06:05:00,2024-04-19 06:55:00,Short,2381.74,2384.85,-6.220000000000255,SL Hit,2384.85,2,383.3650000000073,50.0,9.7800000000002,-3.0399999999999636
2024-04-19 08:30:00,2024-04-19 08:40:00,Short,2380.89,2383.2599999999998,-2.369999999999891,SL Hit,2383.2599999999998,1,380.9950000000074,10.0,2.950000000000273,-0.0
2024-04-19 12:40:00,2024-04-19 12:50:00,Long,2381.88,2381.685,-0.1950000000001637,SL Hit,2381.685,1,380.80000000000723,10.0,-1.0799999999999272,2.1799999999998363
2024-04-21 22:10:00,2024-04-22 09:20:00,Short,2374.802857142857,2362.9,83.31999999999971,SL Hit,2362.9,7,464.12000000000694,670.0,12.417142857142608,-22.942857142857065
2024-04-22 13:05:00,2024-04-22 22:00:00,Short,2333.14,2330.09,18.299999999998363,SL Hit,2330.09,6,482.4200000000053,535.0,10.260000000000218,-7.920000000000073
2024-04-22 22:20:00,2024-04-22 22:25:00,Long,2329.23,2327.85,-1.3800000000001091,SL Hit,2327.85,1,481.0400000000052,5.0,-2.3299999999999272,0.0
2024-04-22 22:50:00,2024-04-22 23:00:00,Long,2330.24,2329.865,-0.375,SL Hit,2329.865,1,480.6650000000052,10.0,-0.9399999999995998,0.75
2024-04-23 01:15:00,2024-04-23 01:20:00,Long,2333.94,2332.875,-1.0650000000000546,SL Hit,2332.875,1,479.60000000000514,5.0,-1.8800000000001091,0.07000000000016371
2024-04-23 01:30:00,2024-04-23 04:30:00,Short,2311.2374999999997,2307.14,16.389999999999418,SL Hit,2307.14,4,495.99000000000456,180.0,18.142500000000382,-13.457499999999527
2024-04-23 04:35:00,2024-04-23 04:40:00,Long,2306.52,2306.34,-0.1799999999998363,SL Hit,2306.34,1,495.8100000000047,5.0,-0.6700000000000728,1.1100000000001273
2024-04-23 04:45:00,2024-04-23 04:50:00,Long,2305.53,2305.035,-0.4950000000003456,SL Hit,2305.035,1,495.3150000000044,5.0,-0.6400000000003274,0.669999999999618
2024-04-23 12:15:00,2024-04-23 18:30:00,Long,2317.5766666666664,2325.21,22.900000000001,SL Hit,2325.21,3,518.2150000000054,375.0,-12.626666666666551,14.14333333333343
2024-04-23 18:35:00,2024-04-24 03:15:00,Short,2322.6625,2322.81,-0.5900000000001455,SL Hit,2322.81,4,517.6250000000052,520.0,3.7474999999999454,-7.762499999999818
2024-04-24 12:35:00,2024-04-24 14:15:00,Long,2318.7533333333336,2317.25,-4.510000000000673,SL Hit,2317.25,3,513.1150000000046,100.0,-3.9233333333336304,6.666666666666515
2024-04-24 14:20:00,2024-04-24 14:30:00,Short,2318.62,2322.79,-4.170000000000073,SL Hit,2322.79,1,508.9450000000045,10.0,4.660000000000309,-0.0
2024-04-24 14:45:00,2024-04-24 18:30:00,Long,2326.3233333333333,2320.8,-16.569999999999254,SL Hit,2320.8,3,492.37500000000523,225.0,-7.7933333333330665,10.306666666666843
2024-04-24 19:55:00,2024-04-25 00:30:00,Short,2318.17,2318.26,-0.27000000000043656,SL Hit,2318.26,3,492.1050000000048,275.0,1.25,-4.570000000000164
2024-04-25 00:35:00,2024-04-25 01:10:00,Long,2317.73,2316.9649999999997,-0.7650000000003274,SL Hit,2316.9649999999997,1,491.34000000000447,35.0,-1.7300000000000182,1.5700000000001637
2024-04-25 06:40:00,2024-04-25 12:10:00,Long,2324.7833333333333,2326.85,6.199999999999818,SL Hit,2326.85,3,497.5400000000043,330.0,-5.323333333333267,5.6266666666665515
2024-04-25 12:15:00,2024-04-25 12:30:00,Short,2327.04,2327.0699999999997,-0.02999999999974534,SL Hit,2327.0699999999997,1,497.51000000000454,15.0,3.1599999999998545,-3.0099999999997635
2024-04-25 12:35:00,2024-04-25 12:45:00,Long,2326.33,2323.615,-2.7150000000001455,Bearish Trade Reversal,2323.615,1,494.7950000000044,10.0,-1.8099999999999454,4.480000000000018
2024-04-25 12:45:00,2024-04-25 12:50:00,Short,2328.91,2331.76,-2.850000000000364,SL Hit,2331.76,1,491.94500000000403,5.0,4.870000000000346,-1.75
2024-04-25 22:10:00,2024-04-25 22:20:00,Short,2332.47,2332.83,-0.36000000000012733,SL Hit,2332.83,1,491.5850000000039,10.0,0.5300000000002001,-1.2699999999999818
2024-04-25 23:25:00,2024-04-26 01:35:00,Short,2331.46,2331.5650000000005,-0.10500000000047294,SL Hit,2331.5650000000005,1,491.48000000000343,130.0,0.19000000000005457,-5.039999999999964
2024-04-26 05:55:00,2024-04-26 10:25:00,Long,2342.88,2347.16,17.11999999999898,SL Hit,2347.16,4,508.6000000000024,270.0,-6.410000000000309,9.049999999999727
2024-04-26 11:35:00,2024-04-26 12:30:00,Short,2346.11,2346.5299999999997,-0.419999999999618,SL Hit,2346.5299999999997,1,508.1800000000028,55.0,2.4299999999998363,-4.0
2024-04-26 12:35:00,2024-04-26 17:45:00,Short,2339.8775000000005,2338.62,5.030000000002474,SL Hit,2338.62,4,513.2100000000053,310.0,10.892499999999472,-11.047500000000582
2024-04-26 18:00:00,2024-04-26 19:20:00,Long,2338.39,2337.325,-1.0650000000000546,SL Hit,2337.325,1,512.1450000000052,80.0,-2.0399999999999636,2.4200000000000728
2024-04-26 20:55:00,2024-04-28 21:05:00,Short,2336.8,2338.075,-1.2749999999996362,SL Hit,2338.075,1,510.8700000000056,2890.0,1.6199999999998909,-0.43000000000029104
2024-04-29 04:30:00,2024-04-29 05:50:00,Long,2331.28,2329.9449999999997,-1.3350000000004911,SL Hit,2329.9449999999997,1,509.5350000000051,80.0,-1.8500000000003638,5.029999999999745
2024-04-29 13:45:00,2024-04-29 13:50:00,Short,2329.9,2332.8549999999996,-2.9549999999994725,SL Hit,2332.8549999999996,1,506.5800000000056,5.0,3.6399999999998727,-2.349999999999909
2024-04-29 18:50:00,2024-05-01 06:15:00,Short,2310.475,2288.4,264.8999999999978,SL Hit,2288.4,12,771.4800000000034,2125.0,30.77500000000009,-26.634999999999764
2024-05-01 07:45:00,2024-05-01 07:50:00,Short,2284.5,2284.5,0.0,SL Hit,2284.5,1,771.4800000000034,5.0,0.38999999999987267,-1.099999999999909
2024-05-01 07:55:00,2024-05-01 09:00:00,Short,2284.6,2286.76,-2.1600000000003092,SL Hit,2286.76,1,769.3200000000031,65.0,2.519999999999982,-1.400000000000091
2024-05-01 09:40:00,2024-05-01 17:20:00,Long,2300.0425,2302.05,8.030000000000655,SL Hit,2302.05,4,777.3500000000038,460.0,-11.3425000000002,10.207499999999982
2024-05-02 05:10:00,2024-05-02 06:20:00,Short,2316.32,2316.9800000000005,-0.6600000000003092,SL Hit,2316.9800000000005,1,776.6900000000035,70.0,1.7799999999997453,-3.8200000000001637
2024-05-02 07:00:00,2024-05-02 12:25:00,Short,2307.8733333333334,2302.6,15.820000000000618,SL Hit,2302.6,3,792.5100000000041,325.0,7.056666666666388,-12.42333333333363
2024-05-02 12:35:00,2024-05-02 12:55:00,Long,2301.185,2297.1,-8.170000000000073,SL Hit,2297.1,2,784.340000000004,20.0,-7.445000000000164,2.894999999999982
2024-05-03 00:30:00,2024-05-03 01:05:00,Short,2300.63,2304.51,-7.760000000000218,SL Hit,2304.51,2,776.5800000000038,35.0,5.549999999999727,-0.6300000000001091
2024-05-03 02:30:00,2024-05-03 02:35:00,Short,2300.37,2301.135,-0.7650000000003274,SL Hit,2301.135,1,775.8150000000035,5.0,1.2400000000002365,-0.2199999999997999
2024-05-03 09:20:00,2024-05-03 09:30:00,Short,2300.1800000000003,2301.87,-3.3799999999991996,SL Hit,2301.87,2,772.4350000000043,10.0,1.8399999999996908,-0.580000000000382
2024-05-03 09:35:00,2024-05-03 09:50:00,Long,2301.15,2300.34,-0.8099999999999454,SL Hit,2300.34,1,771.6250000000043,15.0,-1.0599999999999454,1.6900000000000546
2024-05-03 11:00:00,2024-05-03 11:05:00,Short,2299.17,2299.3950000000004,-0.2250000000003638,SL Hit,2299.3950000000004,1,771.400000000004,5.0,0.38000000000010914,-0.8699999999998909
2024-05-03 11:55:00,2024-05-03 12:05:00,Short,2297.02,2298.5350000000003,-1.5150000000003274,SL Hit,2298.5350000000003,1,769.8850000000036,10.0,1.6199999999998909,-0.40000000000009095
2024-05-03 16:40:00,2024-05-05 23:35:00,Long,2299.7200000000003,2295.4,-8.640000000000327,SL Hit,2295.4,2,761.2450000000033,3295.0,-6.160000000000309,3.3899999999998727
2024-05-05 23:55:00,2024-05-06 00:50:00,Short,2294.1,2295.3900000000003,-1.2900000000004184,SL Hit,2295.3900000000003,1,759.9550000000029,55.0,2.0599999999999454,-1.9699999999998
2024-05-06 05:10:00,2024-05-06 11:40:00,Long,2315.9919999999997,2318.4,12.040000000001783,SL Hit,2318.4,5,771.9950000000047,390.0,-6.1919999999995525,7.568000000000211
2024-05-06 16:35:00,2024-05-06 16:45:00,Short,2319.27,2323.7850000000003,-4.515000000000327,SL Hit,2323.7850000000003,1,767.4800000000043,10.0,5.139999999999873,-0.2300000000000182
2024-05-06 20:20:00,2024-05-07 01:50:00,Long,2325.943333333333,2323.5,-7.3299999999994725,SL Hit,2323.5,3,760.1500000000049,330.0,-3.123333333332994,3.7766666666666424
2024-05-07 03:35:00,2024-05-07 03:40:00,Long,2324.35,2321.95,-2.400000000000091,SL Hit,2321.95,1,757.7500000000048,5.0,-2.4400000000000546,0.0
2024-05-07 03:55:00,2024-05-07 04:10:00,Long,2324.24,2324.0299999999997,-0.21000000000003638,SL Hit,2324.0299999999997,1,757.5400000000047,15.0,-0.34999999999990905,0.7100000000000364
2024-05-07 05:35:00,2024-05-07 05:40:00,Short,2321.12,2321.195,-0.07500000000027285,SL Hit,2321.195,1,757.4650000000045,5.0,0.2800000000002001,-1.6199999999998909
2024-05-07 05:45:00,2024-05-07 12:40:00,Short,2316.62,2316.46,0.6399999999994179,SL Hit,2316.46,4,758.1050000000039,415.0,6.150000000000091,-6.420000000000073
2024-05-07 12:50:00,2024-05-07 14:55:00,Long,2315.33,2313.8599999999997,-1.4700000000002547,SL Hit,2313.8599999999997,1,756.6350000000036,125.0,-2.5099999999997635,8.0300000000002
2024-05-07 16:55:00,2024-05-07 17:20:00,Short,2313.14,2314.28,-1.1400000000003274,SL Hit,2314.28,1,755.4950000000033,25.0,1.2600000000002183,-2.099999999999909
2024-05-07 20:10:00,2024-05-07 20:15:00,Long,2315.36,2313.92,-1.4400000000000546,SL Hit,2313.92,1,754.0550000000032,5.0,-1.5700000000001637,0.0
2024-05-08 01:25:00,2024-05-08 02:45:00,Short,2312.86,2314.0150000000003,-1.1550000000002,SL Hit,2314.0150000000003,1,752.900000000003,80.0,1.1700000000000728,-5.559999999999945
2024-05-08 04:15:00,2024-05-08 04:25:00,Long,2318.36,2318.0,-0.36000000000012733,SL Hit,2318.0,1,752.5400000000029,10.0,-0.5700000000001637,0.599999999999909
2024-05-08 05:05:00,2024-05-08 05:25:00,Long,2318.99,2318.555,-0.43499999999994543,SL Hit,2318.555,1,752.105000000003,20.0,-0.4499999999998181,0.6600000000003092
2024-05-08 12:10:00,2024-05-08 13:10:00,Long,2317.005,2313.15,-7.710000000000036,SL Hit,2313.15,2,744.3950000000029,60.0,-4.015000000000327,0.9949999999998909
2024-05-08 13:15:00,2024-05-08 14:15:00,Short,2313.7,2313.7,0.0,SL Hit,2313.7,1,744.3950000000029,60.0,0.19000000000005457,-6.480000000000018
2024-05-08 15:30:00,2024-05-08 15:45:00,Long,2316.86,2316.86,0.0,SL Hit,2316.86,1,744.3950000000029,15.0,-0.01999999999998181,3.0299999999997453
2024-05-08 18:25:00,2024-05-08 18:30:00,Short,2311.73,2312.2700000000004,-0.5400000000004184,SL Hit,2312.2700000000004,1,743.8550000000025,5.0,0.9499999999998181,-0.2199999999997999
2024-05-08 18:35:00,2024-05-09 01:20:00,Short,2311.185,2310.55,1.269999999999527,SL Hit,2310.55,2,745.125000000002,405.0,2.005000000000109,-3.9850000000001273
2024-05-09 01:25:00,2024-05-09 01:55:00,Long,2310.71,2309.5550000000003,-1.1549999999997453,SL Hit,2309.5550000000003,1,743.9700000000023,30.0,-1.1700000000000728,1.3600000000001273
2024-05-09 02:15:00,2024-05-09 03:20:00,Short,2309.3149999999996,2312.07,-5.510000000001128,SL Hit,2312.07,2,738.4600000000012,65.0,3.4450000000006185,-0.6649999999995089
2024-05-09 03:30:00,2024-05-09 03:50:00,Long,2311.59,2311.59,0.0,SL Hit,2311.59,1,738.4600000000012,20.0,-0.3900000000003274,1.2799999999997453
2024-05-09 11:35:00,2024-05-09 15:55:00,Long,2322.3733333333334,2328.71,19.009999999999764,SL Hit,2328.71,3,757.4700000000009,260.0,-10.203333333333376,15.086666666666588
2024-05-09 16:00:00,2024-05-09 16:05:00,Short,2330.07,2331.24,-1.169999999999618,SL Hit,2331.24,1,756.3000000000013,5.0,1.3299999999999272,-0.5300000000002001
2024-05-09 17:35:00,2024-05-10 02:30:00,Long,2345.4260000000004,2347.9,12.369999999998527,SL Hit,2347.9,5,768.6699999999998,535.0,-13.346000000000458,9.483999999999469
2024-05-10 02:40:00,2024-05-10 02:45:00,Short,2347.6,2349.7,-2.099999999999909,SL Hit,2349.7,1,766.5699999999999,5.0,2.369999999999891,-0.0
2024-05-10 04:45:00,2024-05-10 12:20:00,Long,2364.174,2371.1,34.629999999999654,SL Hit,2371.1,5,801.1999999999996,455.0,-11.273999999999887,13.635999999999967
2024-05-10 14:05:00,2024-05-10 14:10:00,Short,2371.93,2372.935,-1.0050000000001091,Bullish Trade Reversal,2372.935,1,800.1949999999995,5.0,0.6700000000000728,-5.980000000000018
2024-05-10 14:10:00,2024-05-10 14:20:00,Long,2368.14,2364.8549999999996,-3.2850000000003092,SL Hit,2364.8549999999996,1,796.9099999999992,10.0,-6.099999999999909,0.8000000000001819
2024-05-10 18:05:00,2024-05-10 18:15:00,Long,2369.0,2368.1000000000004,-0.8999999999996362,SL Hit,2368.1000000000004,1,796.0099999999995,10.0,-0.9600000000000364,0.5900000000001455
2024-05-10 20:25:00,2024-05-10 20:30:00,Short,2363.13,2364.12,-0.9899999999997817,SL Hit,2364.12,1,795.0199999999998,5.0,1.4699999999998,-0.32999999999992724
2024-05-12 23:40:00,2024-05-13 00:15:00,Short,2360.685,2362.33,-3.2899999999999636,SL Hit,2362.33,2,791.7299999999998,35.0,2.075000000000273,-1.6849999999999454
2024-05-13 00:25:00,2024-05-13 01:15:00,Long,2362.955,2359.0,-7.9099999999998545,SL Hit,2359.0,2,783.8199999999999,50.0,-4.3849999999997635,1.425000000000182
2024-05-13 01:20:00,2024-05-13 11:35:00,Short,2351.304285714286,2343.74,52.950000000003,SL Hit,2343.74,7,836.7700000000029,615.0,8.365714285714148,-12.46428571428578
2024-05-13 11:40:00,2024-05-13 13:35:00,Long,2345.2066666666665,2343.81,-4.1899999999996,SL Hit,2343.81,3,832.5800000000033,115.0,-3.8066666666663878,4.2733333333335395
2024-05-13 13:40:00,2024-05-13 14:00:00,Short,2345.14,2345.14,0.0,SL Hit,2345.14,1,832.5800000000033,20.0,0.40000000000009095,-4.819999999999709
2024-05-13 15:05:00,2024-05-13 16:45:00,Short,2336.575,2337.46,-1.7700000000004366,SL Hit,2337.46,2,830.8100000000029,100.0,2.105000000000018,-3.8049999999998363
2024-05-13 16:50:00,2024-05-13 17:15:00,Long,2336.6,2334.7400000000002,-1.8599999999996726,SL Hit,2334.7400000000002,1,828.9500000000032,25.0,-2.069999999999709,0.20000000000027285
2024-05-13 17:45:00,2024-05-13 20:15:00,Long,2337.2533333333336,2335.8,-4.360000000000127,SL Hit,2335.8,3,824.5900000000031,150.0,-1.813333333333503,0.986666666666224
2024-05-13 20:45:00,2024-05-13 22:00:00,Short,2335.1,2337.11,-2.0100000000002183,SL Hit,2337.11,1,822.5800000000029,75.0,2.300000000000182,-0.29999999999972715
2024-05-13 22:25:00,2024-05-14 00:35:00,Long,2338.5299999999997,2336.5,-4.059999999999491,SL Hit,2336.5,2,818.5200000000034,130.0,-2.1399999999998727,0.9400000000000546
2024-05-14 01:15:00,2024-05-14 01:20:00,Long,2340.43,2338.51,-1.919999999999618,SL Hit,2338.51,1,816.6000000000038,5.0,-2.730000000000018,0.5100000000002183
2024-05-14 01:35:00,2024-05-14 01:40:00,Long,2339.77,2338.6900000000005,-1.0799999999994725,SL Hit,2338.6900000000005,1,815.5200000000043,5.0,-2.769999999999982,0.2600000000002183
2024-05-14 04:50:00,2024-05-14 05:05:00,Long,2344.48,2342.86,-1.6199999999998909,SL Hit,2342.86,1,813.9000000000044,15.0,-1.9800000000000182,0.09000000000014552
2024-05-14 06:15:00,2024-05-14 08:55:00,Short,2342.18,2343.185,-1.0050000000001091,SL Hit,2343.185,1,812.8950000000043,160.0,1.5399999999999636,-6.269999999999982
2024-05-14 11:35:00,2024-05-14 11:45:00,Short,2344.09,2344.09,0.0,SL Hit,2344.09,1,812.8950000000043,10.0,0.05999999999994543,-1.0399999999999636
2024-05-14 12:25:00,2024-05-14 12:30:00,Long,2344.35,2343.1500000000005,-1.1999999999993634,SL Hit,2343.1500000000005,1,811.6950000000049,5.0,-5.839999999999691,0.8800000000001091
2024-05-14 12:35:00,2024-05-14 12:50:00,Short,2341.18,2348.785,-7.605000000000018,SL Hit,2348.785,1,804.0900000000049,15.0,8.360000000000127,-0.0
2024-05-14 13:05:00,2024-05-14 23:50:00,Long,2350.6459999999997,2355.17,22.62000000000171,SL Hit,2355.17,5,826.7100000000066,645.0,-5.355999999999767,8.804000000000087
2024-05-14 23:55:00,2024-05-15 00:00:00,Short,2355.71,2355.7850000000003,-0.07500000000027285,SL Hit,2355.7850000000003,1,826.6350000000064,5.0,0.34999999999990905,-0.5300000000002001
2024-05-15 00:45:00,2024-05-15 01:30:00,Short,2355.425,2356.71,-2.569999999999709,SL Hit,2356.71,2,824.0650000000066,45.0,3.2049999999999272,-1.2250000000003638
2024-05-15 03:00:00,2024-05-15 04:50:00,Long,2358.15,2356.425,-1.724999999999909,SL Hit,2356.425,1,822.3400000000067,110.0,-2.349999999999909,2.6799999999998363
2024-05-15 16:30:00,2024-05-16 02:55:00,Long,2386.293333333333,2386.91,3.7000000000007276,SL Hit,2386.91,6,826.0400000000075,625.0,-3.8933333333329756,10.776666666667097
2024-05-16 03:00:00,2024-05-16 03:20:00,Short,2386.3,2389.345,-3.044999999999618,SL Hit,2389.345,1,822.9950000000078,20.0,3.1099999999996726,-0.0
2024-05-16 06:40:00,2024-05-16 06:45:00,Short,2387.42,2388.095,-0.6749999999997272,SL Hit,2388.095,1,822.3200000000081,5.0,0.9299999999998363,-0.32999999999992724
2024-05-16 07:05:00,2024-05-16 07:20:00,Short,2387.73,2387.73,0.0,SL Hit,2387.73,1,822.3200000000081,15.0,2.25,-2.4600000000000364
2024-05-16 08:40:00,2024-05-17 02:25:00,Short,2382.56,2379.36,22.399999999998727,SL Hit,2379.36,7,844.7200000000068,1065.0,5.0300000000002,-11.519999999999982
2024-05-17 02:35:00,2024-05-17 02:40:00,Long,2379.11,2377.8049999999994,-1.3050000000007458,SL Hit,2377.8049999999994,1,843.4150000000061,5.0,-1.5399999999999636,0.2899999999999636
2024-05-17 05:40:00,2024-05-17 09:25:00,Long,2382.295,2380.9,-2.7899999999999636,SL Hit,2380.9,2,840.6250000000061,225.0,-2.894999999999982,5.275000000000091
2024-05-17 09:30:00,2024-05-17 09:35:00,Short,2382.33,2382.7349999999997,-0.40499999999974534,SL Hit,2382.7349999999997,1,840.2200000000064,5.0,0.7100000000000364,-0.4699999999997999
2024-05-17 20:35:00,2024-05-17 20:45:00,Long,2418.05,2415.7099999999996,-2.3400000000006003,SL Hit,2415.7099999999996,1,837.8800000000058,10.0,-3.25,1.1399999999998727
2024-05-20 00:15:00,2024-05-20 00:20:00,Short,2417.22,2418.1500000000005,-0.9300000000007458,SL Hit,2418.1500000000005,1,836.950000000005,5.0,3.1900000000000546,-0.4399999999995998
2024-05-20 00:45:00,2024-05-20 06:35:00,Long,2428.7375,2435.02,25.1299999999992,SL Hit,2435.02,4,862.0800000000042,350.0,-5.877500000000055,21.192499999999654
2024-05-20 06:45:00,2024-05-20 06:50:00,Short,2435.59,2437.525,-1.9349999999999454,SL Hit,2437.525,1,860.1450000000043,5.0,2.2100000000000364,-0.8400000000001455
2024-05-20 08:05:00,2024-05-20 08:10:00,Long,2438.7,2438.325,-0.375,SL Hit,2438.325,1,859.7700000000043,5.0,-0.6999999999998181,1.1600000000003092
2024-05-20 14:50:00,2024-05-20 19:20:00,Long,2426.653333333333,2431.86,15.6200000000008,SL Hit,2431.86,3,875.3900000000051,270.0,-8.763333333333321,10.456666666666933
2024-05-20 23:35:00,2024-05-21 00:00:00,Short,2426.46,2426.625,-0.16499999999996362,SL Hit,2426.625,1,875.2250000000051,25.0,0.4499999999998181,-1.9600000000000364
2024-05-21 00:40:00,2024-05-21 00:45:00,Short,2425.36,2427.175,-1.8150000000000546,SL Hit,2427.175,1,873.4100000000051,5.0,2.5899999999996908,-0.5599999999999454
2024-05-21 01:05:00,2024-05-21 01:55:00,Long,2429.985,2424.2,-11.570000000000618,SL Hit,2424.2,2,861.8400000000045,50.0,-9.885000000000218,1.9649999999996908
2024-05-21 11:10:00,2024-05-21 11:15:00,Long,2420.38,2417.9500000000003,-2.4299999999998363,SL Hit,2417.9500000000003,1,859.4100000000046,5.0,-2.8600000000001273,0.0
2024-05-21 18:05:00,2024-05-21 18:15:00,Short,2418.72,2420.0550000000003,-1.3350000000004911,SL Hit,2420.0550000000003,1,858.0750000000041,10.0,1.3800000000001091,-0.10999999999967258
2024-05-22 00:15:00,2024-05-22 00:35:00,Long,2421.6549999999997,2420.3,-2.709999999999127,SL Hit,2420.3,2,855.365000000005,20.0,-1.6549999999997453,1.2250000000003638
2024-05-22 00:40:00,2024-05-22 01:15:00,Short,2420.82,2422.88,-4.119999999999891,SL Hit,2422.88,2,851.2450000000051,35.0,2.2399999999997817,-0.9200000000000728
2024-05-22 01:20:00,2024-05-22 01:25:00,Long,2422.33,2421.2349999999997,-1.0950000000002547,SL Hit,2421.2349999999997,1,850.1500000000049,5.0,-1.6300000000001091,0.4099999999998545
2024-05-22 03:40:00,2024-05-22 05:55:00,Short,2414.91,2415.94,-2.0600000000004,SL Hit,2415.94,2,848.0900000000045,135.0,2.2899999999999636,-3.2100000000000364
2024-05-22 07:20:00,2024-05-22 07:25:00,Long,2417.41,2413.345,-4.065000000000055,SL Hit,2413.345,1,844.0250000000044,5.0,-4.670000000000073,0.09000000000014552
2024-05-22 10:40:00,2024-05-22 10:45:00,Short,2415.77,2415.77,0.0,SL Hit,2415.77,1,844.0250000000044,5.0,0.5900000000001455,-0.6199999999998909
2024-05-22 11:00:00,2024-05-22 11:05:00,Short,2414.88,2414.88,0.0,SL Hit,2414.88,1,844.0250000000044,5.0,0.15999999999985448,-1.180000000000291
2024-05-22 16:55:00,2024-05-22 17:25:00,Long,2393.15,2389.74,-6.8200000000006185,SL Hit,2389.74,2,837.2050000000038,30.0,-3.6900000000000546,1.7699999999999818
2024-05-22 22:10:00,2024-05-23 00:55:00,Long,2378.36,2378.2400000000002,-0.11999999999989086,SL Hit,2378.2400000000002,1,837.0850000000039,165.0,-0.16000000000030923,5.170000000000073
2024-05-23 01:15:00,2024-05-23 01:20:00,Long,2375.1,2374.9950000000003,-0.10499999999956344,SL Hit,2374.9950000000003,1,836.9800000000043,5.0,-0.4699999999997999,2.1700000000000728
2024-05-23 08:00:00,2024-05-23 08:30:00,Short,2355.39,2357.835,-2.4450000000001637,SL Hit,2357.835,1,834.5350000000042,30.0,4.200000000000273,-0.06999999999970896
2024-05-23 13:30:00,2024-05-23 13:45:00,Long,2363.645,2360.58,-6.130000000000109,SL Hit,2360.58,2,828.4050000000041,15.0,-7.864999999999782,5.085000000000036
2024-05-23 17:00:00,2024-05-23 23:35:00,Short,2335.0533333333337,2331.99,9.190000000001874,SL Hit,2331.99,3,837.5950000000059,395.0,7.566666666666151,-7.723333333333812
2024-05-23 23:40:00,2024-05-24 00:15:00,Long,2332.005,2329.3,-5.4099999999998545,SL Hit,2329.3,2,832.1850000000061,35.0,-2.7049999999999272,1.2849999999998545
2024-05-24 00:25:00,2024-05-24 00:50:00,Short,2329.11,2330.175,-1.0650000000000546,SL Hit,2330.175,1,831.120000000006,25.0,1.569999999999709,-1.7100000000000364
2024-05-24 01:40:00,2024-05-24 02:25:00,Long,2332.59,2326.73,-11.720000000000255,SL Hit,2326.73,2,819.4000000000058,45.0,-5.920000000000073,2.3799999999996544
2024-05-24 02:35:00,2024-05-24 04:05:00,Short,2327.54,2331.6800000000003,-4.140000000000327,SL Hit,2331.6800000000003,1,815.2600000000054,90.0,5.039999999999964,-1.6900000000000546
2024-05-24 07:20:00,2024-05-24 07:30:00,Long,2337.9,2337.9,0.0,SL Hit,2337.9,1,815.2600000000054,10.0,-0.7300000000000182,1.6199999999998909
2024-05-24 08:45:00,2024-05-24 09:35:00,Long,2340.4,2338.15,-2.25,SL Hit,2338.15,1,813.0100000000054,50.0,-2.5100000000002183,2.6100000000001273
2024-05-24 10:35:00,2024-05-24 12:30:00,Long,2340.62,2337.04,-7.1599999999998545,SL Hit,2337.04,2,805.8500000000056,115.0,-3.8899999999998727,1.300000000000182
2024-05-24 12:35:00,2024-05-24 12:40:00,Short,2340.16,2340.385,-0.2250000000003638,SL Hit,2340.385,1,805.6250000000052,5.0,0.49000000000023647,-1.1499999999996362
2024-05-24 13:15:00,2024-05-24 13:45:00,Long,2341.52,2340.1850000000004,-1.3349999999995816,SL Hit,2340.1850000000004,1,804.2900000000056,30.0,-1.900000000000091,5.559999999999945
2024-05-24 14:00:00,2024-05-26 22:00:00,Short,2336.238333333333,2334.96,7.669999999996435,SL Hit,2334.96,6,811.9600000000021,3360.0,6.531666666667206,-4.938333333332594
2024-05-26 22:20:00,2024-05-27 05:35:00,Long,2339.632,2340.9,6.3400000000001455,SL Hit,2340.9,5,818.3000000000022,435.0,-6.032000000000153,7.628000000000156
2024-05-27 05:40:00,2024-05-27 05:55:00,Short,2341.78,2343.325,-1.544999999999618,SL Hit,2343.325,1,816.7550000000026,15.0,2.2399999999997817,-0.38000000000010914
2024-05-27 07:10:00,2024-05-27 07:15:00,Short,2340.71,2340.92,-0.21000000000003638,SL Hit,2340.92,1,816.5450000000026,5.0,0.4299999999998363,-0.8899999999998727
2024-05-27 07:20:00,2024-05-27 08:10:00,Short,2340.77,2340.995,-0.22499999999990905,SL Hit,2340.995,1,816.3200000000027,50.0,0.5500000000001819,-2.9699999999998
2024-05-27 12:20:00,2024-05-27 15:45:00,Long,2350.48,2353.5,12.079999999999927,SL Hit,2353.5,4,828.4000000000026,205.0,-5.769999999999982,7.769999999999982
2024-05-27 23:10:00,2024-05-27 23:15:00,Short,2351.24,2351.7350000000006,-0.49500000000080036,SL Hit,2351.7350000000006,1,827.9050000000018,5.0,0.9100000000003092,-0.20999999999958163
2024-05-28 01:20:00,2024-05-28 01:25:00,Short,2351.21,2351.42,-0.21000000000003638,SL Hit,2351.42,1,827.6950000000018,5.0,1.1399999999998727,-0.7699999999999818
2024-05-28 03:25:00,2024-05-28 08:00:00,Short,2349.5975,2344.68,19.670000000000073,SL Hit,2344.68,4,847.3650000000018,275.0,3.832499999999982,-8.287499999999909
2024-05-28 08:05:00,2024-05-28 08:10:00,Long,2344.72,2342.2,-2.519999999999982,SL Hit,2342.2,1,844.8450000000018,5.0,-3.1599999999998545,0.0
2024-05-28 09:05:00,2024-05-28 09:10:00,Long,2344.24,2343.175,-1.0649999999995998,SL Hit,2343.175,1,843.7800000000022,5.0,-1.199999999999818,0.04000000000041837
2024-05-28 10:20:00,2024-05-28 18:25:00,Long,2349.7400000000002,2353.72,19.899999999997817,SL Hit,2353.72,5,863.6800000000001,485.0,-6.3400000000001455,13.669999999999618
2024-05-28 18:30:00,2024-05-28 18:40:00,Short,2353.65,2354.04,-0.38999999999987267,SL Hit,2354.04,1,863.2900000000002,10.0,0.7899999999999636,-0.8099999999999454
2024-05-29 00:50:00,2024-05-29 01:00:00,Short,2358.34,2358.34,0.0,SL Hit,2358.34,1,863.2900000000002,10.0,0.31999999999970896,-1.2600000000002183
2024-05-29 02:25:00,2024-05-29 02:55:00,Long,2359.4700000000003,2355.3,-8.340000000000146,SL Hit,2355.3,2,854.95,30.0,-5.230000000000473,1.2899999999999636
2024-05-29 05:40:00,2024-05-29 05:50:00,Long,2359.99,2357.365,-2.625,SL Hit,2357.365,1,852.325,10.0,-2.949999999999818,1.0400000000004184
2024-05-29 10:45:00,2024-05-29 11:00:00,Long,2345.98,2345.725,-0.25500000000010914,SL Hit,2345.725,1,852.0699999999999,15.0,-0.2899999999999636,1.0399999999999636
2024-05-29 11:20:00,2024-05-29 13:10:00,Short,2343.4733333333334,2343.37,0.3100000000004002,SL Hit,2343.37,3,852.3800000000003,110.0,1.9066666666667516,-8.673333333333176
2024-05-29 13:15:00,2024-05-29 18:45:00,Long,2343.0424999999996,2339.29,-15.0099999999984,SL Hit,2339.29,4,837.3700000000019,330.0,-7.542499999999563,3.4975000000004
2024-05-29 18:50:00,2024-05-30 01:15:00,Short,2338.2333333333336,2338.9,-1.9999999999995453,SL Hit,2338.9,3,835.3700000000024,385.0,1.2566666666662059,-4.823333333333721
2024-05-30 01:25:00,2024-05-30 01:30:00,Long,2337.75,2337.75,0.0,SL Hit,2337.75,1,835.3700000000024,5.0,-0.7399999999997817,0.8400000000001455
2024-05-30 01:50:00,2024-05-30 07:10:00,Short,2333.6800000000003,2336.9,-9.6599999999994,SL Hit,2336.9,3,825.710000000003,320.0,3.2799999999997453,-11.100000000000364
2024-05-30 07:15:00,2024-05-30 07:25:00,Long,2336.1,2334.9000000000005,-1.1999999999993634,SL Hit,2334.9000000000005,1,824.5100000000036,10.0,-1.699999999999818,1.349999999999909
2024-05-30 09:10:00,2024-05-30 09:15:00,Long,2337.42,2336.6549999999997,-0.7650000000003274,SL Hit,2336.6549999999997,1,823.7450000000033,5.0,-1.150000000000091,0.0
2024-05-30 10:00:00,2024-05-30 10:35:00,Short,2333.06,2333.0750000000003,-0.015000000000327418,SL Hit,2333.0750000000003,1,823.730000000003,35.0,1.4400000000000546,-2.4200000000000728
2024-05-30 12:30:00,2024-05-30 19:00:00,Long,2341.0875,2341.2,0.4499999999989086,SL Hit,2341.2,4,824.1800000000019,390.0,-6.1775000000002365,9.90249999999969
2024-05-30 19:10:00,2024-05-30 19:35:00,Short,2341.86,2342.25,-0.38999999999987267,SL Hit,2342.25,1,823.790000000002,25.0,0.5299999999997453,-1.180000000000291
2024-05-30 19:45:00,2024-05-30 19:55:00,Short,2340.97,2341.6150000000002,-0.6450000000004366,SL Hit,2341.6150000000002,1,823.1450000000016,10.0,0.8800000000001091,-0.7099999999995816
2024-05-30 20:00:00,2024-05-30 20:20:00,Short,2341.555,2342.39,-1.6700000000000728,SL Hit,2342.39,2,821.4750000000015,20.0,0.9950000000003456,-0.18499999999994543
2024-05-30 20:30:00,2024-05-30 20:35:00,Long,2342.13,2341.7699999999995,-0.3600000000005821,SL Hit,2341.7699999999995,1,821.1150000000009,5.0,-0.5300000000002001,0.6099999999996726
2024-05-30 20:50:00,2024-05-31 01:15:00,Long,2343.73,2342.56,-4.680000000000291,SL Hit,2342.56,4,816.4350000000006,265.0,-2.5300000000002,3.4400000000000546
2024-05-31 01:20:00,2024-05-31 01:25:00,Short,2343.75,2346.3599999999997,-2.6099999999996726,SL Hit,2346.3599999999997,1,813.825000000001,5.0,3.0100000000002183,-0.4699999999997999
2024-05-31 03:00:00,2024-05-31 03:50:00,Short,2342.02,2343.04,-1.0199999999999818,SL Hit,2343.04,1,812.805000000001,50.0,1.0199999999999818,-4.989999999999782
2024-05-31 03:55:00,2024-05-31 04:00:00,Short,2343.03,2343.675,-0.6449999999999818,SL Hit,2343.675,1,812.160000000001,5.0,1.849999999999909,-0.2800000000002001
2024-05-31 05:40:00,2024-05-31 05:55:00,Long,2343.68,2342.165,-1.5149999999998727,SL Hit,2342.165,1,810.6450000000011,15.0,-2.069999999999709,0.03000000000020009
2024-05-31 06:10:00,2024-05-31 07:35:00,Long,2343.42,2341.61,-3.619999999999891,SL Hit,2341.61,2,807.0250000000012,85.0,-1.8899999999998727,3.5399999999999636
2024-05-31 07:40:00,2024-05-31 08:45:00,Short,2342.03,2342.84,-0.8099999999999454,SL Hit,2342.84,1,806.2150000000013,65.0,1.0499999999997272,-2.100000000000364
2024-05-31 11:20:00,2024-05-31 11:25:00,Long,2344.35,2342.8950000000004,-1.4549999999994725,SL Hit,2342.8950000000004,1,804.7600000000018,5.0,-1.6199999999998909,0.0
2024-05-31 12:25:00,2024-05-31 14:10:00,Long,2343.86,2342.8999999999996,-0.9600000000004911,SL Hit,2342.8999999999996,1,803.8000000000013,105.0,-5.910000000000309,15.4699999999998
2024-05-31 14:20:00,2024-06-03 00:45:00,Short,2330.026,2326.07,19.77999999999838,SL Hit,2326.07,5,823.5799999999997,3505.0,13.69399999999996,-9.64599999999973
2024-06-03 03:35:00,2024-06-03 07:00:00,Short,2321.675,2323.39,-3.4299999999993815,SL Hit,2323.39,2,820.1500000000003,205.0,2.824999999999818,-6.825000000000273
2024-06-03 08:35:00,2024-06-03 08:40:00,Long,2327.53,2326.1049999999996,-1.4250000000006366,SL Hit,2326.1049999999996,1,818.7249999999997,5.0,-2.6600000000003092,0.0
2024-06-03 10:00:00,2024-06-03 13:50:00,Long,2328.7599999999998,2330.3,4.620000000001255,SL Hit,2330.3,3,823.3450000000009,230.0,-2.9799999999995634,7.660000000000309
2024-06-03 13:55:00,2024-06-03 14:00:00,Short,2333.41,2334.835,-1.425000000000182,SL Hit,2334.835,1,821.9200000000008,5.0,7.7400000000002365,-1.4299999999998363
2024-06-03 19:25:00,2024-06-03 19:50:00,Short,2346.36,2346.36,0.0,SL Hit,2346.36,1,821.9200000000008,25.0,0.1799999999998363,-1.680000000000291
2024-06-04 00:05:00,2024-06-04 00:10:00,Long,2351.08,2349.7,-1.3800000000001091,SL Hit,2349.7,1,820.5400000000006,5.0,-1.8800000000001091,0.0
2024-06-04 01:10:00,2024-06-04 04:55:00,Short,2347.525,2349.28,-3.5100000000002183,SL Hit,2349.28,2,817.0300000000004,225.0,2.144999999999982,-5.025000000000091
2024-06-04 05:00:00,2024-06-04 05:05:00,Long,2349.18,2348.1449999999995,-1.0350000000003092,SL Hit,2348.1449999999995,1,815.9950000000001,5.0,-1.1799999999998363,0.21000000000003638
2024-06-04 06:10:00,2024-06-04 06:20:00,Long,2349.5,2349.41,-0.09000000000014552,SL Hit,2349.41,1,815.905,10.0,-0.21000000000003638,1.75
2024-06-04 06:40:00,2024-06-04 12:55:00,Short,2341.52,2334.27,21.75,SL Hit,2334.27,3,837.655,375.0,6.9699999999998,-16.110000000000127
2024-06-04 13:10:00,2024-06-04 13:35:00,Long,2332.92,2331.285,-1.6350000000002183,SL Hit,2331.285,1,836.0199999999998,25.0,-2.4200000000000728,4.849999999999909
2024-06-04 17:45:00,2024-06-04 17:50:00,Long,2328.93,2328.0299999999997,-0.900000000000091,SL Hit,2328.0299999999997,1,835.1199999999997,5.0,-1.1299999999996544,0.24000000000023647
2024-06-04 20:25:00,2024-06-04 22:00:00,Short,2326.4300000000003,2327.69,-2.519999999999527,SL Hit,2327.69,2,832.6000000000001,95.0,1.449999999999818,-0.45000000000027285
2024-06-04 22:05:00,2024-06-04 22:10:00,Long,2327.56,2327.56,0.0,SL Hit,2327.56,1,832.6000000000001,5.0,-0.02999999999974534,0.4299999999998363
2024-06-04 22:20:00,2024-06-05 01:00:00,Long,2327.8900000000003,2326.7,-2.3800000000010186,SL Hit,2326.7,2,830.2199999999991,160.0,-1.6900000000005093,1.449999999999818
2024-06-05 01:10:00,2024-06-05 01:45:00,Short,2327.0150000000003,2329.34,-4.649999999999636,SL Hit,2329.34,2,825.5699999999995,35.0,2.9849999999996726,-0.955000000000382
2024-06-05 01:50:00,2024-06-05 06:05:00,Long,2334.3999999999996,2335.5,2.2000000000007276,SL Hit,2335.5,2,827.7700000000002,255.0,-5.699999999999818,7.130000000000564
2024-06-05 08:20:00,2024-06-05 10:05:00,Long,2332.24,2331.11,-2.259999999999309,SL Hit,2331.11,2,825.5100000000009,105.0,-2.2199999999998,2.680000000000291
2024-06-05 10:45:00,2024-06-06 05:35:00,Long,2349.4244444444444,2366.81,156.47000000000025,SL Hit,2366.81,9,981.9800000000012,1130.0,-19.324444444444453,25.005555555555475
2024-06-06 05:40:00,2024-06-06 12:30:00,Short,2362.5325,2361.7,3.3299999999999272,SL Hit,2361.7,4,985.3100000000011,410.0,6.807500000000346,-5.2824999999998
2024-06-06 13:40:00,2024-06-06 18:05:00,Long,2368.326,2370.79,12.319999999999709,SL Hit,2370.79,5,997.6300000000008,265.0,-9.27599999999984,9.844000000000051
2024-06-06 23:10:00,2024-06-06 23:40:00,Long,2376.35,2376.3199999999997,-0.03000000000020009,SL Hit,2376.3199999999997,1,997.6000000000006,30.0,-1.0499999999997272,1.5100000000002183
2024-06-07 00:25:00,2024-06-07 01:10:00,Long,2377.34,2375.795,-1.5450000000000728,SL Hit,2375.795,1,996.0550000000005,45.0,-3.700000000000273,2.4899999999997817
2024-06-07 04:05:00,2024-06-07 04:10:00,Long,2379.41,2379.41,0.0,SL Hit,2379.41,1,996.0550000000005,5.0,-0.009999999999763531,2.450000000000273
2024-06-07 16:10:00,2024-06-07 16:15:00,Short,2307.28,2308.915,-1.6349999999997635,SL Hit,2308.915,1,994.4200000000008,5.0,2.019999999999982,-1.6700000000000728
2024-06-07 18:25:00,2024-06-10 01:40:00,Short,2300.4700000000003,2296.84,7.260000000000218,SL Hit,2296.84,2,1001.680000000001,3315.0,4.849999999999909,-14.470000000000255
2024-06-10 06:35:00,2024-06-10 07:20:00,Short,2294.02,2294.02,0.0,SL Hit,2294.02,1,1001.680000000001,45.0,0.8600000000001273,-6.2800000000002
2024-06-10 07:55:00,2024-06-10 08:50:00,Long,2297.15,2293.925,-3.224999999999909,SL Hit,2293.925,1,998.4550000000011,55.0,-3.3899999999998727,0.15000000000009095
2024-06-10 09:35:00,2024-06-10 19:50:00,Long,2303.888333333334,2309.7,34.86999999999625,SL Hit,2309.7,6,1033.3249999999973,615.0,-9.288333333333867,9.611666666666224
2024-06-10 23:05:00,2024-06-10 23:10:00,Short,2309.44,2309.74,-0.29999999999972715,SL Hit,2309.74,1,1033.0249999999976,5.0,0.30999999999994543,-0.0
2024-06-11 01:55:00,2024-06-11 03:30:00,Short,2303.18,2303.915,-0.7350000000001273,SL Hit,2303.915,1,1032.2899999999975,95.0,0.8900000000003274,-4.379999999999654
2024-06-11 06:40:00,2024-06-11 06:45:00,Long,2303.03,2302.415,-0.6150000000002365,SL Hit,2302.415,1,1031.6749999999972,5.0,-2.330000000000382,0.1499999999996362
2024-06-11 07:35:00,2024-06-11 07:40:00,Long,2303.73,2303.58,-0.15000000000009095,SL Hit,2303.58,1,1031.5249999999971,5.0,-0.7600000000002183,0.8200000000001637
2024-06-11 07:45:00,2024-06-11 07:55:00,Long,2304.05,2303.2099999999996,-0.8400000000006003,SL Hit,2303.2099999999996,1,1030.6849999999965,10.0,-0.8800000000001091,0.4899999999997817
2024-06-11 08:05:00,2024-06-11 09:25:00,Long,2304.33,2302.8,-3.0599999999994907,SL Hit,2302.8,2,1027.624999999997,80.0,-2.0399999999999636,3.2400000000002365
2024-06-11 14:55:00,2024-06-11 15:00:00,Long,2315.54,2314.46,-1.0799999999999272,SL Hit,2314.46,1,1026.5449999999971,5.0,-1.2599999999997635,0.22000000000025466
2024-06-11 16:05:00,2024-06-11 17:50:00,Short,2312.03,2312.1349999999998,-0.10499999999956344,SL Hit,2312.1349999999998,1,1026.4399999999976,105.0,0.3999999999996362,-6.050000000000182
2024-06-11 20:05:00,2024-06-11 22:00:00,Long,2315.515,2312.5,-6.029999999999745,SL Hit,2312.5,2,1020.4099999999978,115.0,-3.5349999999998545,1.1649999999999636
2024-06-11 22:05:00,2024-06-11 22:40:00,Short,2315.9,2316.68,-1.5599999999994907,SL Hit,2316.68,2,1018.8499999999983,35.0,0.9600000000000364,-1.0
2024-06-12 01:00:00,2024-06-12 01:50:00,Short,2313.03,2313.84,-0.8099999999999454,SL Hit,2313.84,1,1018.0399999999984,50.0,1.4599999999995816,-2.0600000000004
2024-06-12 03:25:00,2024-06-12 03:45:00,Long,2315.2,2315.125,-0.0749999999998181,SL Hit,2315.125,1,1017.9649999999986,20.0,-0.23999999999978172,0.9200000000000728
2024-06-12 05:25:00,2024-06-12 05:30:00,Short,2313.29,2313.3050000000003,-0.015000000000327418,SL Hit,2313.3050000000003,1,1017.9499999999982,5.0,0.5500000000001819,-0.40000000000009095
2024-06-12 06:25:00,2024-06-12 07:00:00,Long,2316.6,2314.6200000000003,-1.9799999999995634,SL Hit,2314.6200000000003,1,1015.9699999999987,35.0,-2.1399999999998727,0.9500000000002728
2024-06-12 07:30:00,2024-06-12 07:45:00,Short,2312.4,2312.8050000000003,-0.4050000000002001,SL Hit,2312.8050000000003,1,1015.5649999999985,15.0,0.599999999999909,-1.2100000000000364
2024-06-12 08:50:00,2024-06-12 08:55:00,Short,2311.93,2312.8600000000006,-0.9300000000007458,SL Hit,2312.8600000000006,1,1014.6349999999977,5.0,1.050000000000182,-0.5099999999997635
2024-06-12 11:30:00,2024-06-12 12:15:00,Short,2313.2200000000003,2314.61,-2.7799999999997453,SL Hit,2314.61,2,1011.854999999998,45.0,1.599999999999909,-1.6200000000003456
2024-06-12 12:20:00,2024-06-12 12:25:00,Short,2313.7,2316.58,-2.880000000000109,Bullish Trade Reversal,2316.58,1,1008.9749999999979,5.0,1.9200000000000728,-0.38999999999987267
2024-06-12 12:25:00,2024-06-12 12:30:00,Long,2314.66,2312.635,-2.024999999999636,SL Hit,2312.635,1,1006.9499999999982,5.0,-3.699999999999818,13.550000000000182
2024-06-12 12:35:00,2024-06-12 12:50:00,Short,2324.68,2332.87,-8.190000000000055,SL Hit,2332.87,1,998.7599999999982,15.0,12.059999999999945,-2.4600000000000364
2024-06-12 19:00:00,2024-06-13 06:55:00,Short,2317.3116666666665,2314.6,16.269999999999527,SL Hit,2314.6,6,1015.0299999999977,715.0,7.508333333333667,-8.741666666666333
2024-06-13 07:05:00,2024-06-13 09:45:00,Long,2314.816666666667,2314.27,-1.640000000001237,SL Hit,2314.27,3,1013.3899999999965,160.0,-1.6166666666672427,3.473333333332903
2024-06-13 09:50:00,2024-06-13 09:55:00,Short,2314.55,2315.6150000000002,-1.0650000000000546,SL Hit,2315.6150000000002,1,1012.3249999999964,5.0,1.1199999999998909,-0.3900000000003274
2024-06-13 10:55:00,2024-06-13 11:00:00,Long,2317.65,2316.3,-1.349999999999909,SL Hit,2316.3,1,1010.9749999999965,5.0,-2.900000000000091,0.0
2024-06-13 11:10:00,2024-06-13 11:15:00,Short,2313.36,2313.8099999999995,-0.44999999999936335,SL Hit,2313.8099999999995,1,1010.5249999999971,5.0,0.6399999999998727,-0.9900000000002365
2024-06-13 15:20:00,2024-06-13 19:20:00,Short,2305.9266666666667,2303.93,5.990000000000691,SL Hit,2303.93,3,1016.5149999999978,240.0,4.423333333333176,-10.026666666666642
2024-06-13 19:25:00,2024-06-13 19:55:00,Long,2303.87,2303.0299999999997,-0.8400000000001455,SL Hit,2303.0299999999997,1,1015.6749999999977,30.0,-1.069999999999709,0.8400000000001455
2024-06-13 20:40:00,2024-06-13 20:50:00,Short,2303.48,2303.66,-0.1799999999998363,SL Hit,2303.66,1,1015.4949999999978,10.0,0.3200000000001637,-0.8800000000001091
2024-06-13 23:05:00,2024-06-14 00:00:00,Short,2303.02,2303.02,0.0,SL Hit,2303.02,1,1015.4949999999978,55.0,0.44000000000005457,-2.019999999999982
2024-06-14 03:05:00,2024-06-14 04:05:00,Long,2305.9849999999997,2304.19,-3.589999999999236,SL Hit,2304.19,2,1011.9049999999986,60.0,-2.3849999999997635,2.3950000000004366
2024-06-14 04:10:00,2024-06-14 04:30:00,Short,2304.38,2304.83,-0.4499999999998181,SL Hit,2304.83,1,1011.4549999999988,20.0,1.449999999999818,-1.180000000000291
2024-06-14 14:10:00,2024-06-14 15:00:00,Long,2331.57,2327.205,-4.3650000000002365,SL Hit,2327.205,1,1007.0899999999986,50.0,-4.650000000000091,3.2599999999997635
2024-06-14 15:55:00,2024-06-14 16:00:00,Short,2325.17,2326.5200000000004,-1.3500000000003638,SL Hit,2326.5200000000004,1,1005.7399999999982,5.0,2.8299999999999272,-0.9600000000000364
2024-06-14 19:45:00,2024-06-14 20:00:00,Long,2333.56,2332.0,-3.119999999999891,SL Hit,2332.0,2,1002.6199999999983,15.0,-1.8600000000001273,1.0799999999999272
2024-06-16 22:20:00,2024-06-17 04:30:00,Short,2327.6175000000003,2324.72,11.590000000001965,SL Hit,2324.72,4,1014.2100000000003,370.0,3.2424999999998363,-6.417500000000473
2024-06-17 04:35:00,2024-06-17 04:50:00,Long,2324.61,2323.245,-1.3650000000002365,SL Hit,2323.245,1,1012.845,15.0,-1.6900000000000546,1.199999999999818
2024-06-17 05:15:00,2024-06-17 05:20:00,Short,2321.61,2321.6400000000003,-0.03000000000020009,SL Hit,2321.6400000000003,1,1012.8149999999998,5.0,0.06999999999970896,-0.34999999999990905
2024-06-17 05:30:00,2024-06-17 08:15:00,Short,2319.3,2319.99,-1.3799999999991996,SL Hit,2319.99,2,1011.4350000000006,165.0,2.169999999999618,-3.680000000000291
2024-06-17 08:35:00,2024-06-17 11:30:00,Long,2320.585,2319.19,-2.7899999999999636,SL Hit,2319.19,2,1008.6450000000007,175.0,-2.5850000000000364,1.8150000000000546
2024-06-17 11:40:00,2024-06-17 11:45:00,Short,2320.21,2320.21,0.0,SL Hit,2320.21,1,1008.6450000000007,5.0,0.42000000000007276,-1.8099999999999454
2024-06-17 11:55:00,2024-06-17 13:10:00,Short,2319.06,2321.63,-5.140000000000327,SL Hit,2321.63,2,1003.5050000000003,75.0,4.1599999999998545,-2.269999999999982
2024-06-17 13:15:00,2024-06-17 13:40:00,Long,2324.44,2321.1099999999997,-3.330000000000382,SL Hit,2321.1099999999997,1,1000.175,25.0,-4.6599999999998545,1.4200000000000728
2024-06-17 22:35:00,2024-06-18 04:05:00,Long,2321.7599999999998,2322.8,4.1600000000016735,SL Hit,2322.8,4,1004.3350000000016,330.0,-2.8099999999999454,3.730000000000018
2024-06-18 04:10:00,2024-06-18 04:15:00,Short,2322.7,2324.0950000000003,-1.3950000000004366,SL Hit,2324.0950000000003,1,1002.9400000000012,5.0,1.7300000000000182,-0.0
2024-06-18 04:50:00,2024-06-18 05:35:00,Short,2322.89,2323.2349999999997,-0.3449999999997999,SL Hit,2323.2349999999997,1,1002.5950000000014,45.0,0.49000000000023647,-3.9899999999997817
2024-06-18 12:25:00,2024-06-18 22:05:00,Long,2324.3433333333337,2328.47,24.75999999999658,SL Hit,2328.47,6,1027.354999999998,580.0,-12.733333333333576,8.286666666666406
2024-06-18 22:10:00,2024-06-18 22:40:00,Short,2329.01,2329.19,-0.1799999999998363,SL Hit,2329.19,1,1027.1749999999981,30.0,0.25,-2.3100000000004
2024-06-19 02:10:00,2024-06-19 02:15:00,Long,2329.16,2329.16,0.0,SL Hit,2329.16,1,1027.1749999999981,5.0,-0.11999999999989086,0.75
2024-06-19 02:20:00,2024-06-19 03:25:00,Long,2329.9,2328.9849999999997,-0.9150000000004184,SL Hit,2328.9849999999997,1,1026.2599999999977,65.0,-1.400000000000091,1.5499999999997272
2024-06-19 05:05:00,2024-06-19 05:15:00,Short,2327.34,2328.1949999999997,-0.8549999999995634,SL Hit,2328.1949999999997,1,1025.4049999999982,10.0,1.0499999999997272,-0.44000000000005457
2024-06-19 05:40:00,2024-06-19 05:45:00,Short,2327.43,2328.24,-0.8099999999999454,SL Hit,2328.24,1,1024.5949999999982,5.0,1.6200000000003456,-0.0
2024-06-19 07:10:00,2024-06-19 07:15:00,Long,2329.88,2329.88,0.0,SL Hit,2329.88,1,1024.5949999999982,5.0,0.0,1.4299999999998363
2024-06-19 10:05:00,2024-06-19 10:10:00,Short,2328.16,2328.4300000000003,-0.27000000000043656,SL Hit,2328.4300000000003,1,1024.3249999999978,5.0,1.3500000000003638,-0.8599999999996726
2024-06-19 10:15:00,2024-06-19 11:35:00,Short,2328.48,2329.61,-2.2600000000002183,SL Hit,2329.61,2,1022.0649999999976,80.0,1.1599999999998545,-2.269999999999982
2024-06-19 11:45:00,2024-06-19 12:25:00,Long,2328.0,2328.0,0.0,SL Hit,2328.0,1,1022.0649999999976,40.0,-0.7899999999999636,4.769999999999982
2024-06-19 12:30:00,2024-06-19 16:20:00,Short,2327.1466666666665,2331.15,-12.010000000000673,SL Hit,2331.15,3,1010.0549999999969,230.0,4.1233333333334485,-3.2766666666666424
2024-06-19 18:10:00,2024-06-19 22:10:00,Short,2328.82,2329.2250000000004,-0.4050000000002001,SL Hit,2329.2250000000004,1,1009.6499999999967,240.0,0.7399999999997817,-3.8600000000001273
2024-06-19 22:50:00,2024-06-20 01:00:00,Short,2329.48,2330.26,-1.5600000000004002,SL Hit,2330.26,2,1008.0899999999963,130.0,4.050000000000182,-2.0799999999999272
2024-06-20 06:30:00,2024-06-20 07:45:00,Long,2344.145,2339.9,-8.489999999999782,SL Hit,2339.9,2,999.5999999999965,75.0,-4.6349999999997635,0.8550000000000182
2024-06-20 07:50:00,2024-06-20 11:40:00,Short,2338.3866666666668,2340.54,-6.459999999999582,SL Hit,2340.54,3,993.1399999999969,230.0,2.83333333333303,-6.5566666666668425
2024-06-20 12:15:00,2024-06-20 12:20:00,Short,2337.48,2341.035,-3.5549999999998363,SL Hit,2341.035,1,989.5849999999971,5.0,3.9099999999998545,-0.0
2024-06-20 12:25:00,2024-06-20 12:35:00,Long,2341.03,2339.0649999999996,-1.9650000000006003,SL Hit,2339.0649999999996,1,987.6199999999965,10.0,-3.300000000000182,1.3599999999996726
2024-06-20 12:45:00,2024-06-20 12:50:00,Short,2338.66,2339.665,-1.0050000000001091,SL Hit,2339.665,1,986.6149999999964,5.0,3.930000000000291,-0.2899999999999636
2024-06-20 12:55:00,2024-06-20 20:10:00,Long,2347.91,2357.6,38.76000000000022,SL Hit,2357.6,4,1025.3749999999966,435.0,-11.029999999999745,17.190000000000055
2024-06-20 20:15:00,2024-06-20 20:55:00,Short,2358.71,2359.0999999999995,-0.3899999999994179,SL Hit,2359.0999999999995,1,1024.9849999999972,40.0,1.0199999999999818,-0.6100000000001273
2024-06-20 22:25:00,2024-06-20 23:15:00,Short,2358.28,2359.915,-1.6349999999997635,SL Hit,2359.915,1,1023.3499999999974,50.0,1.699999999999818,-0.18000000000029104
2024-06-21 04:05:00,2024-06-21 06:20:00,Long,2361.98,2361.7,-0.5600000000004002,SL Hit,2361.7,2,1022.789999999997,135.0,-1.5799999999999272,3.3899999999998727
2024-06-21 08:20:00,2024-06-21 09:30:00,Long,2363.85,2363.85,0.0,SL Hit,2363.85,1,1022.789999999997,70.0,-0.8399999999996908,4.0
2024-06-21 13:05:00,2024-06-21 13:10:00,Short,2361.28,2363.0649999999996,-1.7849999999993997,SL Hit,2363.0649999999996,1,1021.0049999999976,5.0,2.230000000000018,-1.4200000000000728
2024-06-21 13:20:00,2024-06-24 01:05:00,Short,2334.3233333333333,2321.96,37.08999999999969,SL Hit,2321.96,3,1058.0949999999973,3585.0,27.476666666666915,-17.523333333333085
2024-06-24 03:15:00,2024-06-24 03:35:00,Long,2325.76,2324.32,-1.4400000000000546,SL Hit,2324.32,1,1056.6549999999972,20.0,-1.5600000000004002,0.7099999999995816
2024-06-24 05:35:00,2024-06-24 05:45:00,Long,2325.52,2323.375,-2.144999999999982,Bearish Trade Reversal,2323.375,1,1054.5099999999973,10.0,-1.7599999999997635,0.0
2024-06-24 05:45:00,2024-06-24 05:55:00,Short,2324.02,2325.4,-1.3800000000001091,SL Hit,2325.4,1,1053.1299999999972,10.0,1.4099999999998545,-0.0
2024-06-24 06:05:00,2024-06-24 06:25:00,Short,2323.26,2323.7699999999995,-0.5099999999993088,SL Hit,2323.7699999999995,1,1052.6199999999978,20.0,0.6799999999998363,-1.8500000000003638
2024-06-24 07:20:00,2024-06-24 09:00:00,Long,2328.59,2329.2,1.8299999999990177,SL Hit,2329.2,3,1054.4499999999969,100.0,-4.4900000000002365,4.0099999999997635
2024-06-24 09:05:00,2024-06-24 09:20:00,Short,2329.67,2329.67,0.0,SL Hit,2329.67,1,1054.4499999999969,15.0,0.7199999999997999,-3.619999999999891
2024-06-24 11:15:00,2024-06-24 11:20:00,Short,2324.94,2325.3599999999997,-0.419999999999618,SL Hit,2325.3599999999997,1,1054.0299999999972,5.0,0.5,-1.2400000000002365
2024-06-24 12:30:00,2024-06-24 12:55:00,Short,2325.34,2327.575,-2.2349999999996726,SL Hit,2327.575,1,1051.7949999999976,25.0,2.3399999999996908,-1.180000000000291
2024-06-24 13:20:00,2024-06-24 16:00:00,Long,2329.89,2326.98,-5.819999999999709,SL Hit,2326.98,2,1045.9749999999979,160.0,-3.3899999999998727,3.599999999999909
2024-06-24 16:05:00,2024-06-24 16:10:00,Short,2329.15,2329.15,0.0,SL Hit,2329.15,1,1045.9749999999979,5.0,0.5299999999997453,-1.4500000000002728
2024-06-24 18:20:00,2024-06-24 18:25:00,Long,2332.8,2332.8,0.0,SL Hit,2332.8,1,1045.9749999999979,5.0,-0.1000000000003638,1.0799999999999272
2024-06-24 22:20:00,2024-06-24 22:25:00,Long,2332.82,2332.6549999999997,-0.16500000000041837,SL Hit,2332.6549999999997,1,1045.8099999999974,5.0,-0.5199999999999818,0.5
2024-06-24 22:30:00,2024-06-24 22:35:00,Long,2333.01,2332.4249999999997,-0.5850000000004911,SL Hit,2332.4249999999997,1,1045.224999999997,5.0,-1.0100000000002183,0.09999999999990905
2024-06-25 00:20:00,2024-06-25 00:55:00,Short,2330.02,2330.08,-0.05999999999994543,SL Hit,2330.08,1,1045.164999999997,35.0,0.19000000000005457,-2.8200000000001637
2024-06-25 05:10:00,2024-06-25 05:15:00,Long,2328.13,2327.59,-0.5399999999999636,SL Hit,2327.59,1,1044.624999999997,5.0,-0.680000000000291,0.27999999999974534
2024-06-25 08:05:00,2024-06-25 08:10:00,Short,2323.18,2326.75,-3.5700000000001637,SL Hit,2326.75,1,1041.0549999999969,5.0,3.6100000000001273,-0.0
2024-06-25 12:35:00,2024-06-25 19:05:00,Short,2321.654,2319.75,9.519999999999982,SL Hit,2319.75,5,1050.5749999999969,390.0,7.126000000000204,-5.923999999999978
2024-06-25 19:10:00,2024-06-25 19:25:00,Long,2319.48,2319.0299999999997,-0.45000000000027285,SL Hit,2319.0299999999997,1,1050.1249999999966,15.0,-0.6799999999998363,0.5900000000001455
2024-06-25 22:35:00,2024-06-25 22:40:00,Long,2320.03,2319.715,-0.31500000000005457,SL Hit,2319.715,1,1049.8099999999965,5.0,-1.2300000000000182,0.4399999999995998
2024-06-26 00:20:00,2024-06-26 00:35:00,Long,2319.3,2319.3,0.0,SL Hit,2319.3,1,1049.8099999999965,15.0,-1.400000000000091,1.3899999999998727
2024-06-26 00:40:00,2024-06-26 00:45:00,Short,2319.2,2319.2,0.0,SL Hit,2319.2,1,1049.8099999999965,5.0,0.010000000000218279,-0.4800000000000182
2024-06-26 00:55:00,2024-06-26 01:10:00,Short,2319.04,2319.04,0.0,SL Hit,2319.04,1,1049.8099999999965,15.0,1.199999999999818,-2.1399999999998727
2024-06-26 01:15:00,2024-06-26 02:25:00,Short,2316.1099999999997,2320.57,-8.920000000000982,SL Hit,2320.57,2,1040.8899999999956,70.0,4.880000000000109,-5.319999999999709
2024-06-26 03:50:00,2024-06-26 08:30:00,Short,2315.395,2317.19,-7.180000000000291,SL Hit,2317.19,4,1033.7099999999953,280.0,2.5349999999998545,-5.735000000000127
2024-06-26 08:35:00,2024-06-26 10:15:00,Long,2316.4750000000004,2312.2,-8.550000000001091,SL Hit,2312.2,2,1025.1599999999942,100.0,-5.245000000000346,1.4949999999994361
2024-06-26 18:55:00,2024-06-26 19:55:00,Short,2299.08,2299.08,0.0,SL Hit,2299.08,1,1025.1599999999942,60.0,0.07999999999992724,-2.2799999999997453
2024-06-26 20:35:00,2024-06-27 00:10:00,Short,2297.3199999999997,2298.77,-2.9000000000005457,SL Hit,2298.77,2,1022.2599999999936,215.0,1.6200000000003456,-0.7199999999997999
2024-06-27 00:15:00,2024-06-27 01:40:00,Long,2299.1099999999997,2297.1,-4.019999999999527,SL Hit,2297.1,2,1018.2399999999941,85.0,-2.2099999999995816,0.9000000000005457
2024-06-27 01:50:00,2024-06-27 02:00:00,Short,2297.21,2297.9,-0.6900000000000546,SL Hit,2297.9,1,1017.549999999994,10.0,1.1100000000001273,-0.05999999999994543
2024-06-27 02:50:00,2024-06-27 03:00:00,Long,2299.36,2298.955,-0.4050000000002001,SL Hit,2298.955,1,1017.1449999999938,10.0,-0.6200000000003456,0.5399999999999636
2024-06-27 03:40:00,2024-06-27 03:45:00,Short,2298.09,2298.5550000000003,-0.4650000000001455,SL Hit,2298.5550000000003,1,1016.6799999999937,5.0,0.5599999999999454,-0.3900000000003274
2024-06-27 06:00:00,2024-06-27 06:05:00,Short,2297.06,2299.07,-2.0100000000002183,SL Hit,2299.07,1,1014.6699999999935,5.0,2.1700000000000728,-0.5
2024-06-27 08:10:00,2024-06-27 08:25:00,Long,2303.74,2303.4850000000006,-0.25499999999919964,SL Hit,2303.4850000000006,1,1014.4149999999943,15.0,-0.669999999999618,0.7100000000000364
2024-06-27 13:35:00,2024-06-27 13:40:00,Long,2324.0,2319.665,-4.335000000000036,SL Hit,2319.665,1,1010.0799999999942,5.0,-4.4699999999998,0.0
2024-06-27 14:00:00,2024-06-27 14:20:00,Long,2323.13,2323.13,0.0,SL Hit,2323.13,1,1010.0799999999942,20.0,-0.07999999999992724,7.179999999999836
2024-06-27 15:20:00,2024-06-27 15:25:00,Long,2328.97,2328.8650000000002,-0.10499999999956344,SL Hit,2328.8650000000002,1,1009.9749999999947,5.0,-3.1399999999998727,1.4400000000000546
2024-06-27 16:20:00,2024-06-27 16:30:00,Short,2325.2,2326.115,-0.9149999999999636,SL Hit,2326.115,1,1009.0599999999947,10.0,1.25,-1.199999999999818
2024-06-27 18:15:00,2024-06-27 18:20:00,Short,2323.71,2324.55,-0.8400000000001455,SL Hit,2324.55,1,1008.2199999999946,5.0,0.8800000000001091,-1.1100000000001273
2024-06-27 18:25:00,2024-06-27 18:50:00,Short,2324.44,2324.665,-0.22499999999990905,SL Hit,2324.665,1,1007.9949999999947,25.0,1.0700000000001637,-1.800000000000182
2024-06-27 20:55:00,2024-06-27 22:00:00,Long,2327.68,2326.51,-1.169999999999618,SL Hit,2326.51,1,1006.824999999995,65.0,-1.1799999999998363,0.0
2024-06-27 22:25:00,2024-06-27 22:45:00,Short,2326.4,2326.5049999999997,-0.10499999999956344,SL Hit,2326.5049999999997,1,1006.7199999999955,20.0,0.5199999999999818,-0.8000000000001819
2024-06-28 00:35:00,2024-06-28 05:40:00,Short,2323.4500000000003,2324.63,-3.539999999999509,SL Hit,2324.63,3,1003.179999999996,305.0,1.7899999999995089,-4.410000000000309
2024-06-28 05:45:00,2024-06-28 13:30:00,Long,2330.1375000000003,2331.39,5.009999999998399,SL Hit,2331.39,4,1008.1899999999944,465.0,-5.757500000000164,9.112499999999727
2024-06-28 17:15:00,2024-06-28 17:20:00,Long,2331.92,2330.6150000000002,-1.3049999999998363,SL Hit,2330.6150000000002,1,1006.8849999999945,5.0,-2.1100000000001273,0.6300000000001091
2024-06-28 17:50:00,2024-06-28 18:10:00,Short,2327.9,2327.9300000000003,-0.03000000000020009,SL Hit,2327.9300000000003,1,1006.8549999999943,20.0,0.03999999999996362,-1.599999999999909
2024-06-28 18:20:00,2024-06-28 20:50:00,Short,2325.955,2326.0,-0.09000000000014552,SL Hit,2326.0,2,1006.7649999999942,150.0,1.9450000000001637,-3.2950000000000728
2024-06-30 22:10:00,2024-07-01 01:10:00,Short,2324.0833333333335,2325.86,-5.329999999999927,SL Hit,2325.86,3,1001.4349999999943,180.0,2.086666666666588,-2.1433333333334303
2024-07-01 03:40:00,2024-07-01 06:20:00,Short,2324.1433333333334,2325.93,-5.359999999999218,SL Hit,2325.93,3,996.074999999995,160.0,1.866666666666788,-5.8733333333334485
2024-07-01 09:15:00,2024-07-01 09:40:00,Long,2328.3,2327.25,-1.050000000000182,SL Hit,2327.25,1,995.0249999999949,25.0,-1.8700000000003456,1.0399999999999636
2024-07-01 10:05:00,2024-07-01 14:20:00,Long,2329.15,2325.5,-10.950000000000273,SL Hit,2325.5,3,984.0749999999946,255.0,-7.75,8.989999999999782
2024-07-01 19:45:00,2024-07-02 03:05:00,Long,2331.37,2330.7,-2.680000000000291,SL Hit,2330.7,4,981.3949999999943,440.0,-1.9699999999998,2.700000000000273
2024-07-02 08:25:00,2024-07-02 08:30:00,Long,2329.86,2329.5599999999995,-0.30000000000063665,SL Hit,2329.5599999999995,1,981.0949999999937,5.0,-0.680000000000291,1.2699999999999818
2024-07-02 09:40:00,2024-07-02 12:45:00,Short,2326.1549999999997,2326.41,-0.5100000000002183,SL Hit,2326.41,2,980.5849999999934,185.0,2.325000000000273,-6.854999999999563
2024-07-02 12:50:00,2024-07-02 14:10:00,Long,2326.16,2326.16,0.0,SL Hit,2326.16,1,980.5849999999934,80.0,-2.3899999999998727,10.039999999999964
2024-07-02 23:05:00,2024-07-02 23:25:00,Long,2330.82,2329.74,-1.080000000000382,SL Hit,2329.74,1,979.5049999999931,20.0,-1.2300000000000182,0.25
2024-07-03 00:20:00,2024-07-03 00:30:00,Long,2331.26,2331.1099999999997,-0.1500000000005457,SL Hit,2331.1099999999997,1,979.3549999999925,10.0,-0.9600000000000364,0.7199999999997999
2024-07-03 01:30:00,2024-07-03 02:05:00,Short,2330.19,2330.25,-0.05999999999994543,SL Hit,2330.25,1,979.2949999999926,35.0,0.7799999999997453,-1.7899999999999636
2024-07-03 02:40:00,2024-07-03 03:15:00,Short,2329.4,2329.4,0.0,SL Hit,2329.4,1,979.2949999999926,35.0,0.15999999999985448,-2.800000000000182
2024-07-03 06:30:00,2024-07-03 06:35:00,Long,2335.36,2333.995,-1.3650000000002365,SL Hit,2333.995,1,977.9299999999923,5.0,-1.3800000000001091,0.0
2024-07-03 13:55:00,2024-07-03 17:05:00,Long,2356.33,2354.2,-2.130000000000109,SL Hit,2354.2,1,975.7999999999922,190.0,-2.3600000000001273,8.240000000000236
2024-07-03 19:40:00,2024-07-03 20:05:00,Short,2354.7,2354.865,-0.16499999999996362,SL Hit,2354.865,1,975.6349999999923,25.0,0.2800000000002001,-1.0399999999999636
2024-07-03 23:50:00,2024-07-04 00:00:00,Long,2358.56,2357.945,-0.6149999999997817,SL Hit,2357.945,1,975.0199999999925,10.0,-1.4600000000000364,0.44000000000005457
2024-07-04 01:00:00,2024-07-04 04:00:00,Long,2358.365,2357.36,-2.009999999999309,SL Hit,2357.36,2,973.0099999999932,180.0,-1.0649999999995998,3.975000000000364
2024-07-04 04:05:00,2024-07-04 04:55:00,Short,2359.06,2359.2250000000004,-0.16500000000041837,SL Hit,2359.2250000000004,1,972.8449999999928,50.0,0.2600000000002183,-2.4600000000000364
2024-07-04 05:20:00,2024-07-04 07:40:00,Short,2356.07,2356.73,-1.9799999999995634,SL Hit,2356.73,3,970.8649999999932,140.0,1.3899999999998727,-5.380000000000109
2024-07-04 07:50:00,2024-07-04 15:20:00,Long,2356.984,2357.09,0.5300000000011096,SL Hit,2357.09,5,971.3949999999943,450.0,-2.1839999999997417,4.566000000000258
2024-07-04 15:25:00,2024-07-04 23:45:00,Short,2356.33,2357.28,-2.8500000000008185,SL Hit,2357.28,3,968.5449999999935,500.0,3.5100000000002183,-2.6599999999998545
2024-07-04 23:50:00,2024-07-05 00:05:00,Long,2356.96,2356.0600000000004,-0.8999999999996362,SL Hit,2356.0600000000004,1,967.6449999999938,15.0,-0.9800000000000182,0.3000000000001819
2024-07-05 02:15:00,2024-07-05 09:50:00,Long,2361.9225,2362.3,1.5100000000002183,SL Hit,2362.3,4,969.1549999999941,455.0,-3.0225000000000364,5.747499999999945
2024-07-05 09:55:00,2024-07-05 10:00:00,Short,2362.5,2363.295,-0.7950000000000728,SL Hit,2363.295,1,968.359999999994,5.0,1.0300000000002,-0.6900000000000546
2024-07-05 10:05:00,2024-07-05 10:10:00,Short,2362.75,2363.2749999999996,-0.5249999999996362,SL Hit,2363.2749999999996,1,967.8349999999944,5.0,0.5799999999999272,-0.36000000000012733
2024-07-05 15:30:00,2024-07-05 15:35:00,Long,2384.73,2384.5200000000004,-0.20999999999958163,SL Hit,2384.5200000000004,1,967.6249999999948,5.0,-0.4299999999998363,3.4699999999998
2024-07-05 17:10:00,2024-07-05 17:15:00,Long,2388.31,2388.16,-0.15000000000009095,SL Hit,2388.16,1,967.4749999999947,5.0,-1.400000000000091,0.5900000000001455
2024-07-05 17:20:00,2024-07-05 17:35:00,Long,2386.92,2386.92,0.0,SL Hit,2386.92,1,967.4749999999947,15.0,-1.6199999999998909,2.7100000000000364
2024-07-05 18:35:00,2024-07-05 19:50:00,Long,2390.47,2389.09,-1.3799999999996544,SL Hit,2389.09,1,966.094999999995,75.0,-1.7699999999999818,2.25
2024-07-07 22:20:00,2024-07-08 00:20:00,Short,2387.11,2386.78,0.9899999999997817,SL Hit,2386.78,3,967.0849999999948,120.0,1.2300000000000182,-3.3099999999999454
2024-07-08 00:25:00,2024-07-08 00:30:00,Long,2385.5,2385.5,0.0,SL Hit,2385.5,1,967.0849999999948,5.0,0.0,1.2899999999999636
2024-07-08 00:35:00,2024-07-08 02:40:00,Long,2386.1225,2384.36,-7.049999999999272,SL Hit,2384.36,4,960.0349999999955,125.0,-2.5524999999997817,4.457499999999982
2024-07-08 04:55:00,2024-07-08 05:00:00,Long,2384.05,2383.795,-0.25500000000010914,SL Hit,2383.795,1,959.7799999999954,5.0,-0.45000000000027285,0.5799999999999272
2024-07-08 06:35:00,2024-07-08 14:00:00,Short,2378.16,2377.03,4.519999999998618,SL Hit,2377.03,4,964.299999999994,445.0,3.3700000000003456,-9.859999999999673
2024-07-08 18:15:00,2024-07-08 19:05:00,Short,2356.86,2357.1450000000004,-0.28500000000030923,SL Hit,2357.1450000000004,1,964.0149999999937,50.0,0.4800000000000182,-2.5599999999999454
2024-07-08 19:55:00,2024-07-08 20:05:00,Long,2359.48,2358.79,-0.6900000000000546,SL Hit,2358.79,1,963.3249999999937,10.0,-0.8200000000001637,0.25
2024-07-08 20:10:00,2024-07-08 20:15:00,Long,2358.68,2358.62,-0.05999999999994543,SL Hit,2358.62,1,963.2649999999937,5.0,-0.6599999999998545,0.3400000000001455
2024-07-09 01:20:00,2024-07-09 02:00:00,Long,2363.38,2362.12,-1.2600000000002183,SL Hit,2362.12,1,962.0049999999935,40.0,-2.180000000000291,1.5099999999997635
2024-07-09 02:15:00,2024-07-09 02:20:00,Short,2361.1,2362.9300000000003,-1.830000000000382,SL Hit,2362.9300000000003,1,960.1749999999931,5.0,2.0100000000002183,-0.900000000000091
2024-07-09 05:30:00,2024-07-09 09:00:00,Short,2363.52,2361.59,5.789999999999509,SL Hit,2361.59,3,965.9649999999926,210.0,2.519999999999982,-5.25
2024-07-09 11:40:00,2024-07-09 11:50:00,Short,2359.02,2359.2299999999996,-0.20999999999958163,SL Hit,2359.2299999999996,1,965.7549999999931,10.0,0.9099999999998545,-1.3299999999999272
2024-07-09 12:35:00,2024-07-09 12:45:00,Short,2358.24,2358.465,-0.2250000000003638,SL Hit,2358.465,1,965.5299999999927,10.0,0.24000000000023647,-1.9699999999998
2024-07-09 13:45:00,2024-07-09 14:00:00,Long,2364.9,2364.5550000000003,-0.3449999999997999,SL Hit,2364.5550000000003,1,965.1849999999929,15.0,-2.0100000000002183,3.369999999999891
2024-07-09 15:05:00,2024-07-09 15:45:00,Short,2358.18,2358.18,0.0,SL Hit,2358.18,1,965.1849999999929,40.0,0.7000000000002728,-7.879999999999654
2024-07-09 18:15:00,2024-07-09 22:05:00,Long,2363.4300000000003,2362.82,-1.2200000000002547,SL Hit,2362.82,2,963.9649999999926,230.0,-0.7300000000004729,1.949999999999818
2024-07-09 22:10:00,2024-07-09 22:20:00,Short,2363.23,2363.5599999999995,-0.3299999999994725,SL Hit,2363.5599999999995,1,963.6349999999932,10.0,0.32999999999992724,-0.7300000000000182
2024-07-09 22:30:00,2024-07-09 22:40:00,Short,2363.53,2363.6800000000003,-0.15000000000009095,SL Hit,2363.6800000000003,1,963.4849999999931,10.0,0.18999999999959982,-12.490000000000236
2024-07-09 23:05:00,2024-07-10 09:30:00,Long,2368.8325,2371.8,23.7400000000016,SL Hit,2371.8,8,987.2249999999947,625.0,-5.432499999999891,6.007500000000164
2024-07-10 09:35:00,2024-07-10 10:30:00,Short,2373.12,2374.215,-1.0950000000002547,SL Hit,2374.215,1,986.1299999999944,55.0,1.7200000000002547,-1.4200000000000728
2024-07-10 11:15:00,2024-07-10 11:30:00,Short,2373.43,2374.165,-0.7350000000001273,SL Hit,2374.165,1,985.3949999999943,15.0,1.8099999999999454,-0.7999999999997272
2024-07-10 11:35:00,2024-07-10 14:40:00,Long,2377.806666666667,2376.42,-4.160000000000309,SL Hit,2376.42,3,981.234999999994,185.0,-3.8566666666670244,8.443333333333157
2024-07-10 14:45:00,2024-07-10 14:50:00,Short,2376.9,2377.125,-0.22499999999990905,SL Hit,2377.125,1,981.0099999999941,5.0,0.7199999999997999,-1.4600000000000364
2024-07-10 22:05:00,2024-07-10 22:30:00,Short,2368.96,2372.4700000000003,-3.5100000000002183,SL Hit,2372.4700000000003,1,977.4999999999939,25.0,3.5599999999999454,-0.9700000000002547
2024-07-11 00:35:00,2024-07-11 00:40:00,Long,2372.81,2372.255,-0.5549999999998363,SL Hit,2372.255,1,976.944999999994,5.0,-1.0099999999997635,0.32999999999992724
2024-07-11 02:35:00,2024-07-11 10:30:00,Long,2379.4659999999994,2382.0,12.670000000002801,SL Hit,2382.0,5,989.6149999999968,475.0,-3.665999999999258,5.014000000000578
2024-07-11 11:50:00,2024-07-11 12:05:00,Short,2381.05,2381.5,-0.4499999999998181,SL Hit,2381.5,1,989.164999999997,15.0,1.3099999999999454,-1.6400000000003274
2024-07-11 18:10:00,2024-07-11 18:20:00,Long,2415.39,2413.92,-1.4699999999998,SL Hit,2413.92,1,987.6949999999972,10.0,-2.3899999999998727,0.24000000000023647
2024-07-11 22:10:00,2024-07-11 23:55:00,Short,2412.135,2415.28,-6.289999999999964,SL Hit,2415.28,2,981.4049999999972,105.0,3.7849999999998545,-1.4350000000004002
2024-07-12 00:15:00,2024-07-12 05:45:00,Short,2409.9480000000003,2409.79,0.7900000000017826,SL Hit,2409.79,5,982.194999999999,330.0,4.05199999999968,-4.4080000000003565
2024-07-12 05:50:00,2024-07-12 05:55:00,Long,2408.59,2407.015,-1.5750000000002728,SL Hit,2407.015,1,980.6199999999988,5.0,-2.25,0.1799999999998363
2024-07-12 08:10:00,2024-07-12 08:15:00,Short,2405.89,2405.89,0.0,Bullish Trade Reversal,2405.89,1,980.6199999999988,5.0,-0.0,-1.6099999999996726
2024-07-12 08:15:00,2024-07-12 08:20:00,Long,2404.28,2404.28,0.0,Bearish Trade Reversal,2404.28,1,980.6199999999988,5.0,0.0,2.4899999999997817
2024-07-12 08:20:00,2024-07-12 08:40:00,Short,2405.61,2407.35,-1.7399999999997817,SL Hit,2407.35,1,978.879999999999,20.0,2.349999999999909,-0.47000000000025466
2024-07-12 13:25:00,2024-07-14 23:20:00,Long,2404.29,2406.2,3.819999999999709,SL Hit,2406.2,2,982.6999999999987,3475.0,-4.460000000000036,13.769999999999982
2024-07-14 23:30:00,2024-07-14 23:35:00,Short,2406.81,2406.81,0.0,SL Hit,2406.81,1,982.6999999999987,5.0,0.03999999999996362,-1.9099999999998545
2024-07-14 23:40:00,2024-07-14 23:45:00,Short,2406.33,2406.585,-0.25500000000010914,SL Hit,2406.585,1,982.4449999999986,5.0,0.8899999999998727,-0.6300000000001091
2024-07-15 01:10:00,2024-07-15 01:20:00,Short,2407.32,2407.32,0.0,SL Hit,2407.32,1,982.4449999999986,10.0,0.1499999999996362,-2.3099999999999454
2024-07-15 02:05:00,2024-07-15 05:50:00,Long,2410.0550000000003,2408.5,-3.110000000000582,SL Hit,2408.5,2,979.334999999998,225.0,-1.8150000000005093,3.5349999999998545
2024-07-15 10:10:00,2024-07-15 22:45:00,Long,2418.45,2420.18,8.650000000000091,SL Hit,2420.18,5,987.9849999999981,755.0,-7.549999999999727,21.080000000000382
2024-07-15 22:50:00,2024-07-15 23:10:00,Short,2421.01,2421.25,-0.23999999999978172,SL Hit,2421.25,1,987.7449999999983,20.0,0.34999999999990905,-0.19000000000005457
2024-07-16 01:05:00,2024-07-16 12:30:00,Long,2428.708,2438.22,47.55999999999858,SL Hit,2438.22,5,1035.3049999999969,685.0,-6.347999999999956,15.141999999999825
2024-07-16 18:00:00,2024-07-16 18:30:00,Long,2464.62,2463.09,-1.5299999999997453,SL Hit,2463.09,1,1033.7749999999971,30.0,-2.0399999999999636,1.6700000000000728
2024-07-16 22:50:00,2024-07-17 04:55:00,Long,2469.4233333333336,2468.27,-3.460000000000946,SL Hit,2468.27,3,1030.3149999999962,365.0,-1.8033333333337396,3.166666666666515
2024-07-17 07:30:00,2024-07-17 09:20:00,Long,2468.725,2471.62,5.789999999999964,SL Hit,2471.62,2,1036.1049999999962,110.0,-4.114999999999782,10.055000000000291
2024-07-17 13:15:00,2024-07-17 13:30:00,Long,2477.01,2471.34,-5.670000000000073,SL Hit,2471.34,1,1030.434999999996,15.0,-5.910000000000309,0.0
2024-07-18 02:40:00,2024-07-18 10:00:00,Long,2466.5999999999995,2464.89,-8.549999999997908,SL Hit,2464.89,5,1021.8849999999982,440.0,-3.489999999999327,8.0900000000006
2024-07-18 12:10:00,2024-07-18 12:20:00,Long,2466.05,2465.7650000000003,-0.2849999999998545,SL Hit,2465.7650000000003,1,1021.5999999999983,10.0,-0.7400000000002365,1.4399999999995998
2024-07-18 12:25:00,2024-07-18 12:40:00,Long,2465.7,2465.0400000000004,-0.6599999999993997,SL Hit,2465.0400000000004,1,1020.9399999999989,15.0,-1.919999999999618,2.7100000000000364
2024-07-18 12:45:00,2024-07-18 12:50:00,Long,2463.63,2463.63,0.0,SL Hit,2463.63,1,1020.9399999999989,5.0,-0.9500000000002728,1.1099999999996726
2024-07-18 13:20:00,2024-07-18 13:55:00,Short,2462.12,2464.2650000000003,-2.1450000000004366,SL Hit,2464.2650000000003,1,1018.7949999999985,35.0,2.930000000000291,-3.849999999999909
2024-07-18 16:50:00,2024-07-19 03:40:00,Short,2440.9824999999996,2429.02,47.849999999998545,SL Hit,2429.02,4,1066.644999999997,650.0,16.7775000000006,-18.202499999999418
2024-07-19 03:50:00,2024-07-19 03:55:00,Long,2428.65,2428.65,0.0,SL Hit,2428.65,1,1066.644999999997,5.0,-0.03000000000020009,0.7999999999997272
2024-07-19 04:00:00,2024-07-19 04:05:00,Long,2428.52,2428.13,-0.38999999999987267,SL Hit,2428.13,1,1066.2549999999972,5.0,-1.0199999999999818,0.5199999999999818
2024-07-19 05:10:00,2024-07-19 15:05:00,Short,2413.746,2406.2,37.73000000000138,SL Hit,2406.2,5,1103.9849999999985,595.0,12.114000000000033,-19.826000000000022
2024-07-19 19:40:00,2024-07-19 20:50:00,Short,2399.015,2399.96,-1.8900000000003274,SL Hit,2399.96,2,1102.0949999999982,70.0,1.2850000000003092,-1.9149999999999636
2024-07-22 01:10:00,2024-07-22 01:15:00,Short,2406.16,2408.23,-2.0700000000001637,SL Hit,2408.23,1,1100.024999999998,5.0,3.8700000000003456,-0.0
2024-07-22 01:35:00,2024-07-22 02:00:00,Long,2410.715,2405.94,-9.550000000000182,SL Hit,2405.94,2,1090.4749999999979,25.0,-5.945000000000164,1.1050000000000182
2024-07-22 02:05:00,2024-07-22 02:45:00,Short,2405.69,2406.9049999999997,-1.2149999999996908,SL Hit,2406.9049999999997,1,1089.2599999999982,40.0,2.0700000000001637,-2.450000000000273
2024-07-22 04:55:00,2024-07-22 05:00:00,Short,2405.35,2405.785,-0.43499999999994543,SL Hit,2405.785,1,1088.8249999999982,5.0,1.5700000000001637,-1.069999999999709
2024-07-22 06:05:00,2024-07-22 09:45:00,Short,2403.0074999999997,2404.48,-5.890000000001237,SL Hit,2404.48,4,1082.934999999997,220.0,2.2025000000003274,-3.9074999999998
2024-07-22 10:00:00,2024-07-22 11:20:00,Long,2404.16,2403.5600000000004,-0.5999999999994543,SL Hit,2403.5600000000004,1,1082.3349999999975,80.0,-1.2199999999998,3.900000000000091
2024-07-22 16:35:00,2024-07-22 16:45:00,Long,2391.22,2391.1899999999996,-0.03000000000020009,SL Hit,2391.1899999999996,1,1082.3049999999973,10.0,-0.5199999999999818,1.4600000000000364
2024-07-23 01:00:00,2024-07-23 01:05:00,Long,2399.14,2398.675,-0.46499999999969077,SL Hit,2398.675,1,1081.8399999999976,5.0,-1.9400000000000546,0.8700000000003456
2024-07-23 01:15:00,2024-07-23 02:45:00,Long,2400.8,2399.87,-1.860000000000582,SL Hit,2399.87,2,1079.979999999997,90.0,-2.200000000000273,2.9699999999998
2024-07-23 05:00:00,2024-07-23 07:45:00,Short,2396.66,2396.84,-0.18000000000029104,SL Hit,2396.84,1,1079.7999999999968,165.0,0.7100000000000364,-9.059999999999945
2024-07-23 13:20:00,2024-07-23 13:30:00,Short,2404.7,2404.7,0.0,SL Hit,2404.7,1,1079.7999999999968,10.0,0.21000000000003638,-3.0299999999997453
2024-07-23 15:50:00,2024-07-23 16:00:00,Long,2406.28,2404.585,-1.6950000000001637,SL Hit,2404.585,1,1078.1049999999966,10.0,-1.8200000000001637,0.0
2024-07-23 17:30:00,2024-07-23 17:40:00,Long,2405.78,2403.6049999999996,-2.1750000000006366,SL Hit,2403.6049999999996,1,1075.929999999996,10.0,-2.980000000000018,0.0
2024-07-23 17:45:00,2024-07-23 17:50:00,Short,2402.9,2404.16,-1.2599999999997635,SL Hit,2404.16,1,1074.6699999999962,5.0,2.5399999999999636,-0.8000000000001819
2024-07-23 19:00:00,2024-07-24 01:20:00,Long,2407.798,2407.6,-0.989999999999327,SL Hit,2407.6,5,1073.6799999999969,380.0,-2.9979999999995925,4.152000000000044
2024-07-24 01:25:00,2024-07-24 01:35:00,Short,2407.67,2407.97,-0.29999999999972715,SL Hit,2407.97,1,1073.3799999999972,10.0,1.1900000000000546,-2.519999999999982
2024-07-24 03:10:00,2024-07-24 05:15:00,Long,2414.555,2414.3,-0.5099999999993088,SL Hit,2414.3,2,1072.8699999999978,125.0,-0.9849999999996726,3.255000000000109
2024-07-24 05:30:00,2024-07-24 06:00:00,Short,2414.45,2417.76,-6.6200000000008,SL Hit,2417.76,2,1066.249999999997,30.0,3.769999999999982,-0.9399999999995998
2024-07-24 06:05:00,2024-07-24 07:35:00,Long,2416.365,2414.51,-3.709999999999127,SL Hit,2414.51,2,1062.539999999998,90.0,-3.1849999999999454,2.4950000000003456
2024-07-24 08:05:00,2024-07-24 10:20:00,Short,2414.76,2414.76,0.0,SL Hit,2414.76,1,1062.539999999998,135.0,1.099999999999909,-4.960000000000036
2024-07-24 11:55:00,2024-07-24 17:35:00,Long,2420.11,2414.35,-17.280000000000655,SL Hit,2414.35,3,1045.2599999999973,340.0,-6.7400000000002365,11.699999999999818
2024-07-24 19:35:00,2024-07-24 23:20:00,Short,2399.98,2399.71,0.5399999999999636,SL Hit,2399.71,2,1045.7999999999972,225.0,7.0900000000001455,-6.800000000000182
2024-07-25 01:05:00,2024-07-25 06:05:00,Short,2382.09,2377.73,13.080000000000382,SL Hit,2377.73,3,1058.8799999999976,300.0,17.799999999999727,-15.070000000000164
2024-07-25 07:10:00,2024-07-25 07:15:00,Short,2367.32,2368.1749999999997,-0.8549999999995634,SL Hit,2368.1749999999997,1,1058.024999999998,5.0,3.6099999999996726,-1.1300000000001091
2024-07-25 11:50:00,2024-07-25 12:20:00,Short,2370.31,2371.06,-0.75,SL Hit,2371.06,1,1057.274999999998,30.0,4.130000000000109,-7.170000000000073
2024-07-25 13:20:00,2024-07-25 13:30:00,Long,2372.43,2369.565,-2.8649999999997817,SL Hit,2369.565,1,1054.4099999999983,10.0,-4.730000000000018,2.0399999999999636
2024-07-25 13:55:00,2024-07-25 14:00:00,Short,2365.0,2365.435,-0.43499999999994543,SL Hit,2365.435,1,1053.9749999999983,5.0,0.8699999999998909,-2.8200000000001637
2024-07-25 14:05:00,2024-07-25 14:25:00,Short,2364.93,2366.1000000000004,-1.1700000000005275,SL Hit,2366.1000000000004,1,1052.8049999999978,20.0,1.7800000000002,-6.75
2024-07-25 16:10:00,2024-07-25 16:15:00,Short,2358.78,2358.78,0.0,SL Hit,2358.78,1,1052.8049999999978,5.0,1.8899999999998727,-1.8800000000001091
2024-07-25 16:20:00,2024-07-25 19:20:00,Short,2356.98,2360.11,-9.390000000000327,SL Hit,2360.11,3,1043.4149999999975,180.0,8.039999999999964,-3.7400000000002365
2024-07-25 19:25:00,2024-07-26 00:45:00,Long,2362.8675000000003,2361.95,-3.6700000000018917,SL Hit,2361.95,4,1039.7449999999956,320.0,-3.5275000000001455,2.4424999999996544
2024-07-26 00:50:00,2024-07-26 01:25:00,Short,2362.92,2363.295,-0.375,SL Hit,2363.295,1,1039.3699999999956,35.0,2.4400000000000546,-6.7800000000002
2024-07-26 06:25:00,2024-07-26 06:45:00,Short,2368.21,2369.1850000000004,-0.9750000000003638,SL Hit,2369.1850000000004,1,1038.3949999999952,20.0,1.800000000000182,-1.2100000000000364
2024-07-26 09:00:00,2024-07-26 09:25:00,Long,2372.8,2371.87,-0.930000000000291,SL Hit,2371.87,1,1037.464999999995,25.0,-1.7000000000002728,1.5299999999997453
2024-07-26 09:35:00,2024-07-26 11:05:00,Long,2373.37,2371.1,-4.539999999999964,SL Hit,2371.1,2,1032.924999999995,90.0,-2.769999999999982,1.8600000000001273
2024-07-26 11:15:00,2024-07-26 11:35:00,Short,2371.77,2374.125,-2.355000000000018,SL Hit,2374.125,1,1030.569999999995,20.0,2.8099999999999454,-0.0
2024-07-26 11:50:00,2024-07-26 11:55:00,Long,2374.71,2373.1949999999997,-1.5150000000003274,SL Hit,2373.1949999999997,1,1029.0549999999946,5.0,-2.0100000000002183,0.5299999999997453
2024-07-26 12:10:00,2024-07-26 12:20:00,Long,2375.72,2372.54,-3.1799999999998363,SL Hit,2372.54,1,1025.8749999999948,10.0,-4.519999999999982,0.0
2024-07-26 19:30:00,2024-07-29 01:30:00,Long,2389.3433333333337,2393.7,13.069999999998345,SL Hit,2393.7,3,1038.9449999999931,3240.0,-5.443333333333612,12.896666666666079
2024-07-29 04:05:00,2024-07-29 04:20:00,Long,2394.35,2394.23,-0.11999999999989086,SL Hit,2394.23,1,1038.8249999999932,15.0,-0.21000000000003638,1.180000000000291
2024-07-29 04:50:00,2024-07-29 04:55:00,Long,2394.76,2394.535,-0.2250000000003638,SL Hit,2394.535,1,1038.5999999999929,5.0,-1.1600000000003092,0.5899999999996908
2024-07-29 05:00:00,2024-07-29 05:30:00,Long,2394.945,2393.35,-3.1900000000005093,SL Hit,2393.35,2,1035.4099999999924,30.0,-3.225000000000364,1.125
2024-07-29 07:05:00,2024-07-29 07:15:00,Short,2390.78,2392.265,-1.4849999999996726,SL Hit,2392.265,1,1033.9249999999927,10.0,1.5,-1.2699999999999818
2024-07-29 11:40:00,2024-07-29 12:30:00,Short,2391.22,2391.6550000000007,-0.4350000000008549,SL Hit,2391.6550000000007,1,1033.4899999999918,50.0,0.45000000000027285,-5.7599999999997635
2024-07-29 13:15:00,2024-07-29 13:20:00,Long,2394.49,2393.0200000000004,-1.4699999999993452,SL Hit,2393.0200000000004,1,1032.0199999999925,5.0,-2.3399999999996908,1.0600000000004002
2024-07-29 13:30:00,2024-07-29 14:20:00,Long,2394.68,2389.055,-5.625,SL Hit,2389.055,1,1026.3949999999925,50.0,-6.359999999999673,1.4100000000003092
2024-07-29 23:35:00,2024-07-30 00:00:00,Short,2382.48,2382.48,0.0,SL Hit,2382.48,1,1026.3949999999925,25.0,0.15999999999985448,-2.480000000000018
2024-07-30 00:55:00,2024-07-30 01:00:00,Long,2381.82,2380.9199999999996,-0.9000000000005457,SL Hit,2380.9199999999996,1,1025.494999999992,5.0,-1.9100000000003092,0.25999999999976353
2024-07-30 01:05:00,2024-07-30 03:10:00,Short,2380.285,2383.58,-6.5900000000001455,SL Hit,2383.58,2,1018.9049999999918,125.0,3.4050000000002,-3.9849999999996726
2024-07-30 03:15:00,2024-07-30 08:55:00,Long,2386.9900000000002,2388.1,3.3299999999990177,SL Hit,2388.1,3,1022.2349999999908,340.0,-5.290000000000418,4.729999999999563
2024-07-30 09:00:00,2024-07-30 09:10:00,Short,2389.34,2389.3549999999996,-0.014999999999417923,SL Hit,2389.3549999999996,1,1022.2199999999914,10.0,0.08999999999969077,-1.5
2024-07-30 09:15:00,2024-07-30 09:20:00,Short,2389.1,2389.355,-0.25500000000010914,SL Hit,2389.355,1,1021.9649999999913,5.0,0.5599999999999454,-0.38999999999987267
2024-07-30 09:30:00,2024-07-30 10:05:00,Short,2388.86,2390.21,-1.349999999999909,SL Hit,2390.21,1,1020.6149999999914,35.0,2.2899999999999636,-0.8600000000001273
2024-07-30 11:05:00,2024-07-30 11:45:00,Long,2390.9049999999997,2388.12,-5.569999999999709,SL Hit,2388.12,2,1015.0449999999917,40.0,-2.8349999999995816,1.1350000000002183
2024-07-30 11:55:00,2024-07-30 13:00:00,Short,2388.15,2388.285,-0.13499999999976353,SL Hit,2388.285,1,1014.9099999999919,65.0,0.4099999999998545,-2.450000000000273
2024-07-30 16:55:00,2024-07-31 00:20:00,Long,2403.2566666666667,2407.8,13.630000000000564,SL Hit,2407.8,3,1028.5399999999925,445.0,-8.986666666666679,9.013333333333321
2024-07-31 06:25:00,2024-07-31 07:20:00,Long,2420.9,2416.72,-8.360000000000582,SL Hit,2416.72,2,1020.1799999999919,55.0,-4.200000000000273,4.150000000000091
2024-07-31 07:25:00,2024-07-31 07:45:00,Short,2418.22,2418.22,0.0,SL Hit,2418.22,1,1020.1799999999919,20.0,0.9900000000002365,-2.049999999999727
2024-07-31 07:50:00,2024-07-31 08:40:00,Short,2417.92,2418.4449999999997,-0.5249999999996362,SL Hit,2418.4449999999997,1,1019.6549999999922,50.0,1.0399999999999636,-2.450000000000273
2024-07-31 10:20:00,2024-07-31 10:25:00,Long,2421.23,2419.6400000000003,-1.5899999999996908,SL Hit,2419.6400000000003,1,1018.0649999999926,5.0,-2.5300000000002,0.01999999999998181
2024-07-31 10:45:00,2024-07-31 11:40:00,Short,2418.825,2422.67,-7.690000000000509,SL Hit,2422.67,2,1010.374999999992,55.0,4.125,-1.125
2024-07-31 11:45:00,2024-07-31 12:00:00,Long,2420.71,2418.49,-2.2200000000002547,SL Hit,2418.49,1,1008.1549999999918,15.0,-2.4099999999998545,0.15000000000009095
2024-08-01 00:55:00,2024-08-01 01:00:00,Long,2447.64,2447.085,-0.5549999999998363,SL Hit,2447.085,1,1007.599999999992,5.0,-1.1099999999996726,0.45000000000027285
2024-08-01 06:05:00,2024-08-01 06:40:00,Long,2446.9,2444.7549999999997,-2.1450000000004366,SL Hit,2444.7549999999997,1,1005.4549999999915,35.0,-2.6900000000000546,1.1399999999998727
2024-08-01 07:10:00,2024-08-01 11:20:00,Short,2439.875,2436.57,6.609999999999673,SL Hit,2436.57,2,1012.0649999999912,250.0,4.804999999999836,-9.625
2024-08-01 11:35:00,2024-08-01 15:45:00,Long,2442.99,2443.98,1.980000000000473,SL Hit,2443.98,2,1014.0449999999917,250.0,-6.459999999999582,18.5
2024-08-01 18:40:00,2024-08-01 18:50:00,Short,2437.28,2437.28,0.0,SL Hit,2437.28,1,1014.0449999999917,10.0,1.25,-1.7900000000004184
2024-08-01 19:20:00,2024-08-02 01:10:00,Long,2443.8266666666664,2444.1,0.8200000000006185,SL Hit,2444.1,3,1014.8649999999923,350.0,-5.69666666666626,7.833333333333485
2024-08-02 04:55:00,2024-08-02 11:10:00,Long,2461.7966666666666,2461.03,-2.2999999999992724,SL Hit,2461.03,3,1012.564999999993,375.0,-4.536666666666406,6.313333333333503
2024-08-02 11:15:00,2024-08-02 12:30:00,Short,2461.32,2461.875,-0.5549999999998363,SL Hit,2461.875,1,1012.0099999999932,75.0,12.11999999999989,-5.260000000000218
2024-08-05 01:00:00,2024-08-05 01:05:00,Short,2420.85,2428.545,-7.695000000000164,SL Hit,2428.545,1,1004.314999999993,5.0,8.970000000000255,-0.29999999999972715
2024-08-05 09:20:00,2024-08-05 14:40:00,Short,2411.4066666666663,2396.56,44.539999999999054,SL Hit,2396.56,3,1048.854999999992,320.0,16.95333333333383,-46.69666666666626
2024-08-05 14:45:00,2024-08-05 14:50:00,Long,2393.72,2393.54,-0.1799999999998363,SL Hit,2393.54,1,1048.6749999999922,5.0,-0.20999999999958163,2.8700000000003456
2024-08-05 15:00:00,2024-08-05 23:30:00,Long,2405.888571428571,2408.0,14.780000000002019,SL Hit,2408.0,7,1063.4549999999942,510.0,-10.378571428570922,6.5014285714287325
2024-08-05 23:35:00,2024-08-06 00:10:00,Short,2408.4,2408.865,-0.46499999999969077,SL Hit,2408.865,1,1062.9899999999946,35.0,1.199999999999818,-3.7800000000002
2024-08-06 00:25:00,2024-08-06 05:30:00,Long,2410.44,2406.69,-15.0,SL Hit,2406.69,4,1047.9899999999946,305.0,-4.170000000000073,7.329999999999927
2024-08-06 05:35:00,2024-08-06 07:40:00,Short,2405.1666666666665,2408.06,-8.680000000000291,SL Hit,2408.06,3,1039.3099999999943,125.0,5.42333333333363,-10.206666666666479
2024-08-06 09:40:00,2024-08-06 09:45:00,Long,2414.1,2412.915,-1.1849999999999454,SL Hit,2412.915,1,1038.1249999999943,5.0,-2.2199999999998,0.6199999999998909
2024-08-06 10:10:00,2024-08-06 10:50:00,Long,2415.3,2412.2099999999996,-3.0900000000006003,SL Hit,2412.2099999999996,1,1035.0349999999937,40.0,-3.6100000000001273,0.0
2024-08-06 14:35:00,2024-08-06 14:40:00,Short,2389.8,2392.5599999999995,-2.759999999999309,SL Hit,2392.5599999999995,1,1032.2749999999944,5.0,3.269999999999982,-2.2899999999999636
2024-08-06 14:45:00,2024-08-06 17:55:00,Short,2391.84,2392.7549999999997,-0.9149999999995089,SL Hit,2392.7549999999997,1,1031.359999999995,190.0,1.3699999999998909,-10.0300000000002
2024-08-07 10:45:00,2024-08-07 11:10:00,Long,2395.95,2395.7250000000004,-0.2249999999994543,SL Hit,2395.7250000000004,1,1031.1349999999954,25.0,-0.30999999999994543,1.8400000000001455
2024-08-07 11:20:00,2024-08-07 11:30:00,Long,2397.18,2397.18,0.0,SL Hit,2397.18,1,1031.1349999999954,10.0,-0.919999999999618,1.2899999999999636
2024-08-07 11:35:00,2024-08-07 11:40:00,Long,2397.98,2396.975,-1.0050000000001091,SL Hit,2396.975,1,1030.1299999999953,5.0,-3.550000000000182,0.2899999999999636
2024-08-07 11:45:00,2024-08-07 13:40:00,Long,2400.616666666667,2398.9,-5.150000000000091,SL Hit,2398.9,3,1024.9799999999952,115.0,-5.16666666666697,5.993333333333339
2024-08-07 14:55:00,2024-08-07 23:10:00,Short,2392.418,2384.28,40.6899999999996,SL Hit,2384.28,5,1065.6699999999948,495.0,9.811999999999898,-11.818000000000211
2024-08-08 00:50:00,2024-08-08 05:20:00,Long,2390.1,2392.1,8.0,SL Hit,2392.1,4,1073.6699999999948,270.0,-5.420000000000073,5.720000000000255
2024-08-08 06:25:00,2024-08-08 08:25:00,Long,2397.3733333333334,2394.79,-7.750000000000455,SL Hit,2394.79,3,1065.9199999999944,120.0,-3.1233333333334485,2.9766666666664605
2024-08-08 09:10:00,2024-08-08 09:25:00,Long,2397.2,2395.5350000000003,-1.6649999999995089,SL Hit,2395.5350000000003,1,1064.2549999999949,15.0,-1.849999999999909,0.03000000000020009
2024-08-08 10:10:00,2024-08-08 23:20:00,Long,2413.7485714285713,2424.1,72.46000000000049,SL Hit,2424.1,7,1136.7149999999954,790.0,-16.848571428571177,13.621428571428623
2024-08-08 23:40:00,2024-08-08 23:55:00,Short,2424.57,2424.57,0.0,SL Hit,2424.57,1,1136.7149999999954,15.0,0.08999999999969077,-1.6400000000003274
2024-08-09 00:35:00,2024-08-09 01:20:00,Short,2422.98,2424.63,-1.650000000000091,SL Hit,2424.63,1,1135.0649999999953,45.0,1.650000000000091,-2.8099999999999454
2024-08-09 01:35:00,2024-08-09 03:35:00,Long,2424.5699999999997,2420.17,-8.799999999999272,SL Hit,2420.17,2,1126.264999999996,120.0,-4.6899999999996,4.300000000000182
2024-08-09 03:45:00,2024-08-09 03:50:00,Short,2420.65,2420.7549999999997,-0.10499999999956344,SL Hit,2420.7549999999997,1,1126.1599999999964,5.0,0.650000000000091,-1.3400000000001455
2024-08-09 03:55:00,2024-08-09 04:10:00,Short,2421.27,2421.4350000000004,-0.16500000000041837,SL Hit,2421.4350000000004,1,1125.994999999996,15.0,0.4299999999998363,-2.0700000000001637
2024-08-09 04:15:00,2024-08-09 04:30:00,Short,2421.22,2421.7450000000003,-0.5250000000005457,SL Hit,2421.7450000000003,1,1125.4699999999955,15.0,0.8400000000001455,-0.5399999999999636
2024-08-09 05:45:00,2024-08-09 06:05:00,Short,2418.8,2419.7149999999997,-0.9149999999995089,SL Hit,2419.7149999999997,1,1124.554999999996,20.0,0.9800000000000182,-1.8500000000003638
2024-08-09 07:35:00,2024-08-09 07:40:00,Long,2423.84,2423.795,-0.04500000000007276,SL Hit,2423.795,1,1124.509999999996,5.0,-0.6400000000003274,1.3599999999996726
2024-08-09 07:50:00,2024-08-09 07:55:00,Long,2425.86,2423.55,-2.3099999999999454,SL Hit,2423.55,1,1122.199999999996,5.0,-2.5599999999999454,0.0
2024-08-09 13:35:00,2024-08-09 13:40:00,Long,2430.5,2425.505,-4.994999999999891,SL Hit,2425.505,1,1117.204999999996,5.0,-7.349999999999909,0.2600000000002183
2024-08-09 16:50:00,2024-08-09 18:15:00,Long,2433.1800000000003,2427.54,-11.280000000000655,SL Hit,2427.54,2,1105.9249999999954,85.0,-5.980000000000473,3.6899999999996
2024-08-09 20:10:00,2024-08-11 22:00:00,Long,2429.5550000000003,2427.35,-4.410000000000764,SL Hit,2427.35,2,1101.5149999999946,2990.0,-2.585000000000491,2.394999999999527
2024-08-11 22:05:00,2024-08-11 22:15:00,Short,2427.1,2429.8900000000003,-2.7900000000004184,SL Hit,2429.8900000000003,1,1098.7249999999942,10.0,4.460000000000036,-0.29999999999972715
2024-08-12 00:40:00,2024-08-12 01:00:00,Short,2427.43,2429.2300000000005,-1.8000000000006366,SL Hit,2429.2300000000005,1,1096.9249999999936,20.0,2.0399999999999636,-0.6299999999996544
2024-08-12 01:05:00,2024-08-12 01:35:00,Long,2429.0950000000003,2426.64,-4.910000000000764,SL Hit,2426.64,2,1092.0149999999928,30.0,-2.775000000000091,0.974999999999909
2024-08-12 01:45:00,2024-08-12 04:20:00,Short,2426.4,2430.07,-7.3400000000001455,SL Hit,2430.07,2,1084.6749999999927,155.0,3.849999999999909,-2.6100000000001273
2024-08-12 06:00:00,2024-08-13 00:40:00,Long,2452.401111111111,2469.77,156.32000000000244,SL Hit,2469.77,9,1240.9949999999951,1120.0,-19.291111111110695,24.318888888888978
2024-08-13 00:50:00,2024-08-13 06:50:00,Short,2464.1875,2464.34,-0.6100000000005821,SL Hit,2464.34,4,1240.3849999999945,360.0,9.142499999999927,-5.787499999999909
2024-08-13 07:10:00,2024-08-13 08:15:00,Long,2462.955,2461.21,-3.4899999999997817,SL Hit,2461.21,2,1236.8949999999948,65.0,-2.525000000000091,2.9650000000001455
2024-08-13 08:20:00,2024-08-13 08:25:00,Short,2461.7,2462.705,-1.0050000000001091,SL Hit,2462.705,1,1235.8899999999946,5.0,1.2000000000002728,-0.09999999999990905
2024-08-13 08:35:00,2024-08-13 09:55:00,Short,2461.2,2461.2,0.0,SL Hit,2461.2,1,1235.8899999999946,80.0,0.2899999999999636,-2.699999999999818
2024-08-13 11:15:00,2024-08-13 13:20:00,Long,2463.915,2459.51,-8.80999999999949,SL Hit,2459.51,2,1227.0799999999952,125.0,-4.724999999999909,7.954999999999927
2024-08-13 13:25:00,2024-08-13 13:30:00,Short,2465.37,2468.6400000000003,-3.2700000000004366,SL Hit,2468.6400000000003,1,1223.8099999999947,5.0,4.5900000000001455,-4.859999999999673
2024-08-13 17:50:00,2024-08-13 18:00:00,Short,2467.71,2468.0099999999998,-0.29999999999972715,SL Hit,2468.0099999999998,1,1223.509999999995,10.0,0.5900000000001455,-0.5
2024-08-13 18:45:00,2024-08-13 18:55:00,Short,2466.84,2466.84,0.0,SL Hit,2466.84,1,1223.509999999995,10.0,0.8599999999996726,-0.49000000000023647
2024-08-13 19:30:00,2024-08-14 00:15:00,Short,2464.695,2466.06,-5.459999999999127,SL Hit,2466.06,4,1218.0499999999959,285.0,2.994999999999891,-2.1950000000001637
2024-08-14 00:20:00,2024-08-14 00:25:00,Long,2465.17,2465.17,0.0,SL Hit,2465.17,1,1218.0499999999959,5.0,-0.07000000000016371,1.1399999999998727
2024-08-14 00:45:00,2024-08-14 00:55:00,Long,2466.11,2465.8399999999997,-0.27000000000043656,SL Hit,2465.8399999999997,1,1217.7799999999954,10.0,-0.5700000000001637,1.1399999999998727
2024-08-14 01:00:00,2024-08-14 01:50:00,Long,2465.43,2465.115,-0.31500000000005457,SL Hit,2465.115,1,1217.4649999999954,50.0,-0.8999999999996362,6.559999999999945
2024-08-14 02:05:00,2024-08-14 05:55:00,Short,2461.9500000000003,2462.07,-0.3599999999996726,SL Hit,2462.07,3,1217.1049999999957,230.0,2.1399999999998727,-6.100000000000364
2024-08-14 06:05:00,2024-08-14 06:10:00,Long,2462.15,2460.41,-1.7400000000002365,SL Hit,2460.41,1,1215.3649999999955,5.0,-1.8699999999998909,0.30999999999994543
2024-08-14 10:20:00,2024-08-14 10:25:00,Short,2471.44,2471.875,-0.43499999999994543,SL Hit,2471.875,1,1214.9299999999955,5.0,1.1100000000001273,-1.3400000000001455
2024-08-14 10:30:00,2024-08-14 10:35:00,Short,2472.31,2472.67,-0.36000000000012733,SL Hit,2472.67,1,1214.5699999999954,5.0,0.7300000000000182,-1.2100000000000364
2024-08-14 12:40:00,2024-08-14 12:45:00,Long,2471.02,2469.325,-1.6950000000001637,SL Hit,2469.325,1,1212.8749999999952,5.0,-4.559999999999945,0.900000000000091
2024-08-14 14:40:00,2024-08-14 18:35:00,Short,2445.985,2444.79,2.3900000000003274,SL Hit,2444.79,2,1215.2649999999956,235.0,7.904999999999745,-6.855000000000018
2024-08-14 22:05:00,2024-08-14 23:35:00,Short,2447.64,2448.31,-2.0100000000002183,SL Hit,2448.31,3,1213.2549999999953,90.0,1.0799999999999272,-11.269999999999982
2024-08-15 04:00:00,2024-08-15 05:10:00,Long,2453.8,2452.45,-1.3500000000003638,SL Hit,2452.45,1,1211.904999999995,70.0,-1.580000000000382,1.4600000000000364
2024-08-15 08:20:00,2024-08-15 08:40:00,Short,2453.81,2456.3900000000003,-2.580000000000382,SL Hit,2456.3900000000003,1,1209.3249999999946,20.0,3.1399999999998727,-0.0
2024-08-15 08:45:00,2024-08-15 12:35:00,Long,2457.71,2457.3,-1.639999999999418,SL Hit,2457.3,4,1207.6849999999952,230.0,-4.679999999999836,11.989999999999782
2024-08-15 23:45:00,2024-08-16 00:35:00,Long,2457.33,2456.8050000000003,-0.5249999999996362,SL Hit,2456.8050000000003,1,1207.1599999999955,50.0,-0.7300000000000182,2.269999999999982
2024-08-16 01:25:00,2024-08-16 01:30:00,Long,2458.82,2457.3500000000004,-1.4699999999998,SL Hit,2457.3500000000004,1,1205.6899999999957,5.0,-2.7200000000002547,0.0
2024-08-16 01:40:00,2024-08-16 05:20:00,Short,2456.3399999999997,2453.5,8.519999999999072,SL Hit,2453.5,3,1214.2099999999948,220.0,2.6700000000005275,-5.9399999999996
2024-08-16 05:25:00,2024-08-16 07:30:00,Long,2453.7200000000003,2451.9,-3.6400000000003274,SL Hit,2451.9,2,1210.5699999999945,125.0,-2.2600000000002183,3.919999999999618
2024-08-16 09:10:00,2024-08-16 09:30:00,Long,2463.77,2461.625,-2.144999999999982,SL Hit,2461.625,1,1208.4249999999945,20.0,-2.380000000000109,0.15999999999985448
2024-08-16 10:55:00,2024-08-18 22:00:00,Long,2490.106,2505.65,77.71999999999935,SL Hit,2505.65,5,1286.1449999999938,3545.0,-26.106000000000222,19.393999999999778
2024-08-19 00:10:00,2024-08-19 00:20:00,Long,2505.21,2504.9400000000005,-0.26999999999952706,SL Hit,2504.9400000000005,1,1285.8749999999943,10.0,-1.3899999999998727,1.4299999999998363
2024-08-19 00:30:00,2024-08-19 06:10:00,Short,2502.0375,2504.42,-9.530000000000655,SL Hit,2504.42,4,1276.3449999999937,340.0,3.432499999999891,-6.537499999999909
2024-08-19 06:15:00,2024-08-19 06:20:00,Long,2503.2,2500.3500000000004,-2.8499999999994543,SL Hit,2500.3500000000004,1,1273.4949999999942,5.0,-4.699999999999818,0.650000000000091
2024-08-19 06:25:00,2024-08-19 08:15:00,Short,2502.915,2505.08,-4.329999999999927,SL Hit,2505.08,2,1269.1649999999943,110.0,2.8650000000002365,-2.9049999999997453
2024-08-19 08:40:00,2024-08-19 08:45:00,Long,2504.85,2503.725,-1.125,SL Hit,2503.725,1,1268.0399999999943,5.0,-2.0899999999996908,0.38999999999987267
2024-08-19 14:00:00,2024-08-19 20:45:00,Long,2500.744,2503.17,12.129999999999654,SL Hit,2503.17,5,1280.169999999994,405.0,-6.1840000000001965,6.49599999999964
2024-08-19 20:50:00,2024-08-20 00:00:00,Short,2503.4449999999997,2504.48,-2.0700000000006185,SL Hit,2504.48,2,1278.0999999999933,190.0,1.1550000000002,-1.7449999999998909
2024-08-20 00:05:00,2024-08-20 00:10:00,Long,2504.32,2504.2,-0.12000000000034561,SL Hit,2504.2,1,1277.979999999993,5.0,-0.2300000000000182,0.36999999999989086
2024-08-20 00:15:00,2024-08-20 01:10:00,Long,2503.86,2503.095,-0.7650000000003274,SL Hit,2503.095,1,1277.2149999999926,55.0,-1.7699999999999818,3.1900000000000546
2024-08-20 01:15:00,2024-08-20 01:20:00,Short,2503.39,2505.13,-1.7400000000002365,SL Hit,2505.13,1,1275.4749999999924,5.0,2.0900000000001455,-1.1299999999996544
2024-08-20 01:55:00,2024-08-20 03:50:00,Short,2501.395,2501.65,-0.5100000000002183,SL Hit,2501.65,2,1274.9649999999922,115.0,1.7649999999998727,-2.6950000000001637
2024-08-20 04:05:00,2024-08-20 04:20:00,Long,2502.05,2500.475,-1.5750000000002728,SL Hit,2500.475,1,1273.389999999992,15.0,-1.680000000000291,0.13999999999987267
2024-08-20 04:50:00,2024-08-20 04:55:00,Long,2501.62,2500.7350000000006,-0.8849999999993088,SL Hit,2500.7350000000006,1,1272.5049999999926,5.0,-0.9299999999998363,0.0
2024-08-20 06:05:00,2024-08-20 06:25:00,Short,2499.82,2499.94,-0.11999999999989086,SL Hit,2499.94,1,1272.3849999999927,20.0,4.960000000000036,-2.380000000000109
2024-08-20 06:35:00,2024-08-20 10:50:00,Long,2511.22,2520.86,38.56000000000131,SL Hit,2520.86,4,1310.944999999994,255.0,-10.109999999999673,13.730000000000018
2024-08-20 10:55:00,2024-08-20 11:20:00,Short,2522.41,2524.21,-3.600000000000364,SL Hit,2524.21,2,1307.3449999999937,25.0,2.75,-0.7999999999997272
2024-08-20 11:45:00,2024-08-20 12:00:00,Long,2523.55,2523.55,0.0,SL Hit,2523.55,1,1307.3449999999937,15.0,-0.3500000000003638,3.349999999999909
2024-08-20 12:40:00,2024-08-20 13:35:00,Long,2522.76,2522.07,-0.6900000000000546,SL Hit,2522.07,1,1306.6549999999936,55.0,-1.9700000000002547,8.75
2024-08-20 20:05:00,2024-08-20 20:50:00,Long,2515.0,2515.0,0.0,SL Hit,2515.0,1,1306.6549999999936,45.0,-1.25,1.800000000000182
2024-08-20 20:55:00,2024-08-20 21:10:00,Long,2514.72,2513.1450000000004,-1.5749999999993634,SL Hit,2513.1450000000004,1,1305.0799999999942,15.0,-2.619999999999891,0.0
2024-08-20 23:40:00,2024-08-20 23:55:00,Long,2514.5699999999997,2512.7,-3.7399999999997817,SL Hit,2512.7,2,1301.3399999999945,15.0,-2.069999999999709,0.580000000000382
2024-08-21 00:00:00,2024-08-21 00:15:00,Short,2512.75,2513.665,-0.9149999999999636,SL Hit,2513.665,1,1300.4249999999945,15.0,0.9899999999997817,-0.4499999999998181
2024-08-21 00:40:00,2024-08-21 00:45:00,Long,2514.3,2513.97,-0.330000000000382,SL Hit,2513.97,1,1300.0949999999941,5.0,-0.42000000000007276,0.6899999999995998
2024-08-21 01:15:00,2024-08-21 01:20:00,Long,2513.36,2511.875,-1.4850000000001273,SL Hit,2511.875,1,1298.609999999994,5.0,-1.550000000000182,1.2399999999997817
2024-08-21 01:25:00,2024-08-21 01:40:00,Short,2512.46,2513.21,-0.75,SL Hit,2513.21,1,1297.859999999994,15.0,1.9800000000000182,-1.4600000000000364
2024-08-21 06:35:00,2024-08-21 06:40:00,Long,2517.33,2516.5650000000005,-0.7649999999994179,SL Hit,2516.5650000000005,1,1297.0949999999946,5.0,-1.819999999999709,1.050000000000182
2024-08-21 10:00:00,2024-08-21 10:05:00,Short,2505.53,2505.92,-0.38999999999987267,SL Hit,2505.92,1,1296.7049999999947,5.0,0.4099999999998545,-0.9500000000002728
2024-08-21 13:25:00,2024-08-21 15:15:00,Short,2504.34,2506.2,-3.719999999999345,SL Hit,2506.2,2,1292.9849999999954,110.0,3.5,-9.289999999999964
2024-08-21 15:20:00,2024-08-21 16:10:00,Long,2504.89,2504.89,0.0,SL Hit,2504.89,1,1292.9849999999954,50.0,-1.5,5.640000000000327
2024-08-21 17:25:00,2024-08-21 17:35:00,Long,2510.33,2509.175,-1.1549999999997453,SL Hit,2509.175,1,1291.8299999999956,10.0,-1.3299999999999272,0.03999999999996362
2024-08-21 17:55:00,2024-08-21 20:00:00,Long,2511.145,2510.99,-0.3100000000004002,SL Hit,2510.99,2,1291.5199999999952,125.0,-1.625,7.7849999999998545
2024-08-21 20:05:00,2024-08-21 20:10:00,Short,2510.92,2511.25,-0.32999999999992724,SL Hit,2511.25,1,1291.1899999999953,5.0,0.3400000000001455,-1.2200000000002547
2024-08-21 20:15:00,2024-08-22 05:55:00,Short,2509.616,2504.57,25.22999999999911,SL Hit,2504.57,5,1316.4199999999944,580.0,4.69399999999996,-10.02599999999984
2024-08-22 06:00:00,2024-08-22 08:15:00,Long,2506.515,2504.48,-8.139999999999418,SL Hit,2504.48,4,1308.279999999995,135.0,-3.1549999999997453,3.9050000000002
2024-08-22 11:45:00,2024-08-22 12:35:00,Short,2501.87,2502.4700000000003,-0.6000000000003638,SL Hit,2502.4700000000003,1,1307.6799999999946,50.0,2.119999999999891,-5.420000000000073
2024-08-22 13:20:00,2024-08-22 16:10:00,Short,2487.055,2483.27,7.569999999999709,SL Hit,2483.27,2,1315.2499999999943,170.0,10.115000000000236,-15.924999999999727
2024-08-22 21:00:00,2024-08-22 22:00:00,Long,2484.37,2484.37,0.0,SL Hit,2484.37,1,1315.2499999999943,60.0,-0.36999999999989086,0.5100000000002183
2024-08-22 22:10:00,2024-08-23 02:30:00,Long,2486.03,2488.04,6.029999999999291,SL Hit,2488.04,3,1321.2799999999936,260.0,-1.75,5.789999999999964
2024-08-23 03:35:00,2024-08-23 05:50:00,Long,2492.575,2491.7,-1.75,SL Hit,2491.7,2,1319.5299999999936,135.0,-1.444999999999709,2.975000000000364
2024-08-23 06:00:00,2024-08-23 08:05:00,Short,2491.76,2495.55,-7.579999999999927,SL Hit,2495.55,2,1311.9499999999937,125.0,3.8899999999998727,-1.300000000000182
2024-08-23 15:30:00,2024-08-23 15:40:00,Long,2516.02,2515.27,-0.75,SL Hit,2515.27,1,1311.1999999999937,10.0,-1.3299999999999272,1.1799999999998363
2024-08-26 00:35:00,2024-08-26 00:40:00,Long,2516.41,2514.79,-1.6199999999998909,SL Hit,2514.79,1,1309.5799999999938,5.0,-2.7100000000000364,0.03999999999996362
2024-08-26 01:15:00,2024-08-26 06:15:00,Short,2512.0499999999997,2511.07,2.9399999999986903,SL Hit,2511.07,3,1312.5199999999925,300.0,3.1400000000003274,-3.449999999999818
2024-08-26 06:25:00,2024-08-26 10:30:00,Long,2518.155,2522.6,8.889999999999418,SL Hit,2522.6,2,1321.409999999992,245.0,-7.775000000000091,8.384999999999764
2024-08-26 22:05:00,2024-08-26 22:10:00,Short,2517.37,2517.37,0.0,SL Hit,2517.37,1,1321.409999999992,5.0,0.09999999999990905,-1.2699999999999818
2024-08-26 22:15:00,2024-08-27 05:10:00,Short,2512.0625,2509.16,11.610000000000582,SL Hit,2509.16,4,1333.0199999999925,415.0,5.567500000000109,-6.292500000000018
2024-08-27 05:15:00,2024-08-27 07:20:00,Long,2511.23,2513.25,6.059999999999945,SL Hit,2513.25,3,1339.0799999999924,125.0,-2.8600000000001273,6.139999999999873
2024-08-27 07:25:00,2024-08-27 09:05:00,Short,2511.0933333333337,2512.35,-3.7699999999986176,SL Hit,2512.35,3,1335.3099999999938,100.0,2.8066666666663878,-7.083333333333485
2024-08-27 14:00:00,2024-08-28 00:35:00,Long,2517.714,2523.95,31.17999999999938,SL Hit,2523.95,5,1366.4899999999932,635.0,-8.923999999999978,11.106000000000222
2024-08-28 00:40:00,2024-08-28 09:40:00,Short,2516.4200000000005,2511.08,26.700000000003,SL Hit,2511.08,5,1393.1899999999962,540.0,8.739999999999327,-12.530000000000655
2024-08-28 09:45:00,2024-08-28 09:55:00,Long,2510.43,2510.01,-0.419999999999618,SL Hit,2510.01,1,1392.7699999999966,10.0,-0.569999999999709,0.5900000000001455
2024-08-28 14:25:00,2024-08-28 16:10:00,Long,2507.17,2504.72,-4.900000000000546,SL Hit,2504.72,2,1387.869999999996,105.0,-2.8600000000001273,2.880000000000109
2024-08-29 03:50:00,2024-08-29 12:25:00,Long,2518.005,2515.4,-10.420000000000073,SL Hit,2515.4,4,1377.449999999996,515.0,-4.4050000000002,6.304999999999836
2024-08-29 12:30:00,2024-08-29 13:50:00,Short,2514.03,2516.4300000000003,-2.400000000000091,SL Hit,2516.4300000000003,1,1375.0499999999959,80.0,3.3299999999999272,-10.090000000000146
2024-08-29 15:15:00,2024-08-29 15:20:00,Long,2523.45,2519.88,-3.569999999999709,SL Hit,2519.88,1,1371.4799999999962,5.0,-3.599999999999909,0.0
2024-08-29 20:40:00,2024-08-29 20:45:00,Short,2521.89,2521.89,0.0,SL Hit,2521.89,1,1371.4799999999962,5.0,0.11000000000012733,-0.75
2024-08-29 23:15:00,2024-08-29 23:20:00,Short,2520.23,2520.23,0.0,SL Hit,2520.23,1,1371.4799999999962,5.0,0.34999999999990905,-0.5900000000001455
2024-08-29 23:30:00,2024-08-30 05:15:00,Short,2515.65,2514.37,5.1200000000008,SL Hit,2514.37,4,1376.599999999997,345.0,4.460000000000036,-3.650000000000091
2024-08-30 05:20:00,2024-08-30 05:25:00,Long,2514.09,2513.415,-0.6750000000001819,SL Hit,2513.415,1,1375.9249999999968,5.0,-0.7800000000002001,0.30999999999994543
2024-08-30 09:00:00,2024-08-30 10:10:00,Long,2523.895,2522.05,-3.6899999999996,SL Hit,2522.05,2,1372.2349999999972,70.0,-2.2950000000000728,2.8049999999998363
2024-08-30 13:15:00,2024-08-30 13:40:00,Short,2514.87,2518.365,-3.494999999999891,SL Hit,2518.365,1,1368.7399999999973,25.0,3.6700000000000728,-1.699999999999818
2024-08-30 14:10:00,2024-09-01 21:05:00,Short,2506.2233333333334,2503.69,7.599999999999909,SL Hit,2503.69,3,1376.3399999999972,3295.0,11.936666666666497,-11.433333333333394
2024-09-01 22:05:00,2024-09-02 00:30:00,Short,2502.463333333333,2503.47,-3.019999999999982,SL Hit,2503.47,3,1373.3199999999972,145.0,2.016666666666879,-1.5633333333330484
2024-09-02 01:05:00,2024-09-02 06:00:00,Short,2498.764,2498.21,2.7700000000004366,SL Hit,2498.21,5,1376.0899999999976,295.0,5.3659999999999854,-8.524000000000342
2024-09-02 06:05:00,2024-09-02 06:55:00,Long,2497.21,2497.21,0.0,SL Hit,2497.21,1,1376.0899999999976,50.0,-0.6599999999998545,3.8400000000001455
2024-09-02 11:05:00,2024-09-02 11:15:00,Short,2498.12,2498.585,-0.4650000000001455,SL Hit,2498.585,1,1375.6249999999975,10.0,1.3699999999998909,-0.9699999999997999
2024-09-02 17:50:00,2024-09-02 18:00:00,Short,2499.7,2499.7,0.0,SL Hit,2499.7,1,1375.6249999999975,10.0,0.07000000000016371,-1.0099999999997635
2024-09-02 18:05:00,2024-09-03 04:25:00,Short,2497.2625,2496.27,3.969999999999345,SL Hit,2496.27,4,1379.5949999999968,620.0,2.5475000000001273,-7.142499999999927
2024-09-03 04:40:00,2024-09-03 05:05:00,Long,2495.85,2495.0550000000003,-0.794999999999618,SL Hit,2495.0550000000003,1,1378.7999999999972,25.0,-1.449999999999818,0.5100000000002183
2024-09-03 05:50:00,2024-09-03 06:15:00,Short,2495.02,2495.77,-0.75,SL Hit,2495.77,1,1378.0499999999972,25.0,1.2400000000002365,-2.269999999999982
2024-09-03 06:30:00,2024-09-03 10:35:00,Long,2495.83,2494.2250000000004,-1.6049999999995634,SL Hit,2494.2250000000004,1,1376.4449999999977,245.0,-1.849999999999909,10.139999999999873
2024-09-03 12:15:00,2024-09-03 12:20:00,Long,2497.76,2494.46,-3.300000000000182,SL Hit,2494.46,1,1373.1449999999975,5.0,-4.600000000000364,0.33999999999969077
2024-09-03 19:15:00,2024-09-03 20:25:00,Long,2492.01,2490.915,-1.0950000000002547,SL Hit,2490.915,1,1372.0499999999972,70.0,-1.3100000000004002,2.1099999999996726
2024-09-04 01:05:00,2024-09-04 01:15:00,Short,2491.96,2492.8150000000005,-0.8550000000004729,SL Hit,2492.8150000000005,1,1371.1949999999968,10.0,1.5299999999997453,-0.1999999999998181
2024-09-04 05:15:00,2024-09-04 14:00:00,Short,2492.3820000000005,2490.79,7.960000000002765,SL Hit,2490.79,5,1379.1549999999995,525.0,6.007999999999356,-20.4320000000007
2024-09-04 14:05:00,2024-09-04 14:40:00,Short,2494.125,2498.39,-8.529999999999745,SL Hit,2498.39,2,1370.6249999999998,35.0,4.864999999999782,-5.434999999999945
2024-09-04 14:45:00,2024-09-04 15:00:00,Long,2498.96,2495.795,-3.1649999999999636,SL Hit,2495.795,1,1367.4599999999998,15.0,-4.360000000000127,0.8800000000001091
2024-09-04 18:10:00,2024-09-04 18:15:00,Short,2493.08,2493.5,-0.42000000000007276,SL Hit,2493.5,1,1367.0399999999997,5.0,0.7300000000000182,-0.5299999999997453
2024-09-04 18:30:00,2024-09-04 18:45:00,Short,2493.32,2493.5299999999997,-0.20999999999958163,SL Hit,2493.5299999999997,1,1366.8300000000002,15.0,0.27999999999974534,-0.6700000000000728
2024-09-05 01:15:00,2024-09-05 04:00:00,Long,2496.9,2494.46,-4.880000000000109,SL Hit,2494.46,2,1361.95,165.0,-2.8099999999999454,2.150000000000091
2024-09-05 04:10:00,2024-09-05 05:05:00,Short,2494.86,2494.86,0.0,SL Hit,2494.86,1,1361.95,55.0,0.25999999999976353,-1.9600000000000364
2024-09-05 05:50:00,2024-09-05 13:10:00,Long,2512.0225,2513.7,6.709999999999127,SL Hit,2513.7,4,1368.6599999999992,440.0,-12.322500000000218,10.747499999999945
2024-09-05 13:15:00,2024-09-05 13:30:00,Short,2514.88,2518.81,-3.9299999999998363,SL Hit,2518.81,1,1364.7299999999993,15.0,4.380000000000109,-0.599999999999909
2024-09-05 15:15:00,2024-09-05 15:35:00,Short,2508.25,2508.25,0.0,SL Hit,2508.25,1,1364.7299999999993,20.0,2.5100000000002183,-2.8099999999999454
2024-09-05 16:55:00,2024-09-05 17:00:00,Long,2510.71,2509.8849999999998,-0.8250000000002728,SL Hit,2509.8849999999998,1,1363.904999999999,5.0,-1.4600000000000364,0.07999999999992724
2024-09-05 22:05:00,2024-09-05 22:10:00,Long,2516.14,2516.14,0.0,SL Hit,2516.14,1,1363.904999999999,5.0,-0.009999999999763531,0.30999999999994543
2024-09-05 23:05:00,2024-09-06 00:35:00,Long,2517.1499999999996,2515.72,-2.8599999999996726,SL Hit,2515.72,2,1361.0449999999994,90.0,-1.6299999999996544,0.5000000000004547
2024-09-06 00:40:00,2024-09-06 02:30:00,Short,2516.14,2516.545,-0.4050000000002001,SL Hit,2516.545,1,1360.6399999999992,110.0,0.930000000000291,-3.1799999999998363
2024-09-06 02:50:00,2024-09-06 06:35:00,Long,2518.065,2517.2,-1.730000000000473,SL Hit,2517.2,2,1358.9099999999987,225.0,-2.1649999999999636,3.2849999999998545
2024-09-06 06:40:00,2024-09-06 07:55:00,Long,2518.295,2516.84,-2.9099999999998545,SL Hit,2516.84,2,1355.9999999999989,75.0,-1.7550000000001091,1.474999999999909
2024-09-06 08:00:00,2024-09-06 08:05:00,Short,2516.51,2516.57,-0.05999999999994543,SL Hit,2516.57,1,1355.939999999999,5.0,0.169999999999618,-0.8200000000001637
2024-09-06 08:15:00,2024-09-06 08:25:00,Long,2518.05,2516.2650000000003,-1.7849999999998545,SL Hit,2516.2650000000003,1,1354.154999999999,10.0,-1.830000000000382,0.0
2024-09-06 09:15:00,2024-09-06 11:40:00,Long,2518.3500000000004,2516.44,-3.8200000000006185,SL Hit,2516.44,2,1350.3349999999984,145.0,-2.480000000000473,1.7299999999995634
2024-09-06 13:15:00,2024-09-06 13:20:00,Short,2513.33,2513.33,0.0,SL Hit,2513.33,1,1350.3349999999984,5.0,0.38000000000010914,-4.880000000000109
2024-09-06 13:25:00,2024-09-06 14:40:00,Short,2512.67,2512.67,0.0,SL Hit,2512.67,1,1350.3349999999984,75.0,2.299999999999727,-11.960000000000036
2024-09-06 19:50:00,2024-09-06 20:00:00,Long,2495.82,2495.5199999999995,-0.30000000000063665,SL Hit,2495.5199999999995,1,1350.0349999999978,10.0,-0.5100000000002183,0.7999999999997272
2024-09-08 22:05:00,2024-09-08 22:15:00,Long,2496.72,2495.4900000000002,-1.2299999999995634,SL Hit,2495.4900000000002,1,1348.8049999999982,10.0,-1.419999999999618,1.0100000000002183
2024-09-08 23:00:00,2024-09-08 23:25:00,Long,2496.8,2495.0,-3.600000000000364,SL Hit,2495.0,2,1345.2049999999979,25.0,-2.0,1.2599999999997635
2024-09-08 23:30:00,2024-09-09 01:10:00,Short,2496.04,2498.0,-5.880000000000109,SL Hit,2498.0,3,1339.3249999999978,100.0,2.1599999999998545,-1.3400000000001455
2024-09-09 01:15:00,2024-09-09 04:45:00,Long,2497.65,2496.76,-2.669999999999618,SL Hit,2496.76,3,1336.6549999999982,210.0,-1.8800000000001091,2.6599999999998545
2024-09-09 04:50:00,2024-09-09 07:25:00,Short,2493.8050000000003,2493.21,1.1900000000005093,SL Hit,2493.21,2,1337.8449999999987,155.0,4.624999999999545,-7.995000000000346
2024-09-09 09:30:00,2024-09-09 09:35:00,Long,2496.09,2495.535,-0.555000000000291,SL Hit,2495.535,1,1337.2899999999984,5.0,-0.6700000000000728,0.32999999999992724
2024-09-09 09:45:00,2024-09-09 10:15:00,Long,2495.86,2495.755,-0.10500000000001819,SL Hit,2495.755,1,1337.1849999999984,30.0,-1.4200000000000728,3.1799999999998363
2024-09-09 13:55:00,2024-09-09 14:00:00,Short,2499.71,2499.995,-0.2849999999998545,SL Hit,2499.995,1,1336.8999999999985,5.0,0.32999999999992724,-2.3099999999999454
2024-09-09 14:30:00,2024-09-09 16:00:00,Short,2498.78,2500.205,-1.4249999999997272,SL Hit,2500.205,1,1335.4749999999988,90.0,2.049999999999727,-5.7800000000002
2024-09-09 17:40:00,2024-09-09 17:45:00,Long,2504.15,2501.645,-2.505000000000109,SL Hit,2501.645,1,1332.9699999999987,5.0,-2.75,0.2699999999999818
2024-09-09 19:50:00,2024-09-10 01:15:00,Long,2505.83,2504.7,-2.2600000000002183,SL Hit,2504.7,2,1330.7099999999984,325.0,-1.5199999999999818,1.680000000000291
2024-09-10 01:25:00,2024-09-10 05:45:00,Short,2504.2099999999996,2504.21,-1.3642420526593924e-12,SL Hit,2504.21,3,1330.709999999997,260.0,1.4100000000003092,-3.519999999999527
2024-09-10 05:50:00,2024-09-10 07:05:00,Long,2504.29,2503.0599999999995,-1.230000000000473,SL Hit,2503.0599999999995,1,1329.4799999999966,75.0,-1.3200000000001637,2.119999999999891
2024-09-10 08:00:00,2024-09-10 10:10:00,Short,2501.955,2507.12,-10.329999999999927,SL Hit,2507.12,2,1319.1499999999967,130.0,5.4650000000001455,-2.0450000000000728
2024-09-10 14:35:00,2024-09-10 14:50:00,Short,2504.63,2507.4049999999997,-2.774999999999636,SL Hit,2507.4049999999997,1,1316.374999999997,15.0,3.5099999999997635,-0.5300000000002001
2024-09-10 15:40:00,2024-09-10 15:50:00,Long,2514.28,2514.28,0.0,SL Hit,2514.28,1,1316.374999999997,10.0,-0.9800000000000182,2.769999999999982
2024-09-10 20:05:00,2024-09-11 01:05:00,Long,2517.063333333333,2515.3,-5.289999999998599,SL Hit,2515.3,3,1311.0849999999984,300.0,-2.133333333333212,1.9366666666669516
2024-09-11 01:10:00,2024-09-11 01:30:00,Short,2516.295,2519.0,-5.4099999999998545,SL Hit,2519.0,2,1305.6749999999986,20.0,3.505000000000109,-0.49499999999989086
2024-09-11 05:45:00,2024-09-11 05:50:00,Long,2520.31,2519.68,-0.6300000000001091,SL Hit,2519.68,1,1305.0449999999985,5.0,-0.7100000000000364,0.599999999999909
2024-09-11 14:10:00,2024-09-11 14:15:00,Short,2504.74,2505.3250000000003,-0.5850000000004911,SL Hit,2505.3250000000003,1,1304.459999999998,5.0,3.200000000000273,-0.9399999999995998
2024-09-11 15:10:00,2024-09-11 18:25:00,Long,2513.1099999999997,2512.4,-1.4199999999991633,SL Hit,2512.4,2,1303.0399999999988,195.0,-1.9299999999998363,6.320000000000164
2024-09-11 18:30:00,2024-09-11 18:40:00,Short,2512.24,2512.7350000000006,-0.49500000000080036,SL Hit,2512.7350000000006,1,1302.544999999998,10.0,0.8800000000001091,-1.3399999999996908
2024-09-11 18:45:00,2024-09-11 19:55:00,Short,2512.83,2512.92,-0.09000000000014552,SL Hit,2512.92,1,1302.4549999999979,70.0,0.15999999999985448,-3.0299999999997453
2024-09-11 22:40:00,2024-09-11 23:50:00,Long,2512.92,2511.7,-3.660000000000764,SL Hit,2511.7,3,1298.7949999999971,70.0,-1.5199999999999818,0.8099999999999454
2024-09-11 23:55:00,2024-09-12 01:00:00,Short,2512.02,2512.455,-0.43499999999994543,SL Hit,2512.455,1,1298.3599999999972,65.0,1.1399999999998727,-0.9499999999998181
2024-09-12 01:25:00,2024-09-12 01:55:00,Long,2513.02,2513.02,0.0,SL Hit,2513.02,1,1298.3599999999972,30.0,-0.3000000000001819,1.800000000000182
2024-09-12 08:20:00,2024-09-12 08:40:00,Long,2517.25,2516.8900000000003,-0.3599999999996726,SL Hit,2516.8900000000003,1,1297.9999999999975,20.0,-0.5,1.9600000000000364
2024-09-12 10:05:00,2024-09-12 10:20:00,Long,2518.78,2518.78,0.0,SL Hit,2518.78,1,1297.9999999999975,15.0,-0.24000000000023647,2.1299999999996544
2024-09-12 12:10:00,2024-09-12 12:30:00,Long,2520.65,2519.165,-1.4850000000001273,SL Hit,2519.165,1,1296.5149999999974,20.0,-1.6900000000000546,2.6700000000000728
2024-09-12 14:55:00,2024-09-12 15:15:00,Long,2550.61,2550.61,0.0,SL Hit,2550.61,1,1296.5149999999974,20.0,-1.0900000000001455,4.0099999999997635
2024-09-12 18:00:00,2024-09-12 22:55:00,Long,2556.193333333333,2557.04,2.5400000000004184,SL Hit,2557.04,3,1299.0549999999978,295.0,-4.003333333333103,3.7066666666669335
2024-09-12 23:00:00,2024-09-12 23:05:00,Short,2557.26,2557.785,-0.5249999999996362,SL Hit,2557.785,1,1298.5299999999982,5.0,0.9099999999998545,-1.0600000000004002
2024-09-13 00:50:00,2024-09-13 05:45:00,Long,2563.6940000000004,2567.1,17.02999999999747,SL Hit,2567.1,5,1315.5599999999956,295.0,-5.664000000000215,6.325999999999567
2024-09-13 05:55:00,2024-09-13 06:30:00,Short,2567.67,2568.045,-0.375,SL Hit,2568.045,1,1315.1849999999956,35.0,0.4499999999998181,-4.210000000000036
2024-09-13 10:55:00,2024-09-13 11:00:00,Short,2566.51,2567.365,-0.8549999999995634,SL Hit,2567.365,1,1314.329999999996,5.0,0.8599999999996726,-0.330000000000382
2024-09-13 11:50:00,2024-09-13 12:20:00,Short,2566.25,2568.4700000000003,-2.2200000000002547,SL Hit,2568.4700000000003,1,1312.1099999999958,30.0,2.599999999999909,-0.07000000000016371
2024-09-13 15:20:00,2024-09-13 15:50:00,Short,2574.79,2579.5599999999995,-4.769999999999527,SL Hit,2579.5599999999995,1,1307.3399999999963,30.0,6.269999999999982,-0.01999999999998181
2024-09-13 17:05:00,2024-09-13 17:10:00,Long,2585.5,2584.09,-1.4099999999998545,SL Hit,2584.09,1,1305.9299999999964,5.0,-3.199999999999818,0.1799999999998363
2024-09-13 18:50:00,2024-09-16 00:05:00,Short,2580.7233333333334,2580.35,1.1200000000003456,SL Hit,2580.35,3,1307.0499999999968,3195.0,1.9966666666664423,-4.713333333333139
2024-09-16 01:20:00,2024-09-16 07:00:00,Long,2582.616666666667,2583.99,4.119999999998981,SL Hit,2583.99,3,1311.1699999999958,340.0,-2.4366666666669516,6.623333333332994
2024-09-16 14:25:00,2024-09-16 16:20:00,Short,2579.9833333333336,2581.68,-5.089999999998781,SL Hit,2581.68,3,1306.079999999997,115.0,1.7666666666664241,-3.8933333333334303
2024-09-16 16:25:00,2024-09-16 16:35:00,Long,2581.5,2581.5,0.0,SL Hit,2581.5,1,1306.079999999997,10.0,-0.11000000000012733,0.8099999999999454
2024-09-16 19:10:00,2024-09-16 19:20:00,Short,2580.5,2580.7999999999997,-0.29999999999972715,SL Hit,2580.7999999999997,1,1305.7799999999972,10.0,0.650000000000091,-0.8600000000001273
2024-09-16 20:00:00,2024-09-16 20:15:00,Long,2582.15,2581.625,-0.525000000000091,SL Hit,2581.625,1,1305.2549999999972,15.0,-0.650000000000091,0.4800000000000182
2024-09-16 20:40:00,2024-09-16 22:00:00,Long,2581.9,2581.8100000000004,-0.08999999999969077,SL Hit,2581.8100000000004,1,1305.1649999999975,80.0,-0.599999999999909,1.3399999999996908
2024-09-16 22:10:00,2024-09-16 22:20:00,Long,2582.72,2582.0600000000004,-0.6599999999993997,SL Hit,2582.0600000000004,1,1304.504999999998,10.0,-0.7199999999997999,0.6700000000000728
2024-09-16 22:30:00,2024-09-16 22:45:00,Long,2582.68,2582.6499999999996,-0.03000000000020009,SL Hit,2582.6499999999996,1,1304.4749999999979,15.0,-0.7799999999997453,0.40000000000009095
2024-09-16 23:45:00,2024-09-17 00:00:00,Long,2583.15,2582.67,-0.4800000000000182,SL Hit,2582.67,1,1303.9949999999978,15.0,-0.650000000000091,0.9400000000000546
2024-09-17 00:15:00,2024-09-17 02:10:00,Short,2583.04,2584.18,-2.2799999999997453,SL Hit,2584.18,2,1301.714999999998,115.0,2.1100000000001273,-4.5
2024-09-17 03:30:00,2024-09-17 05:45:00,Short,2577.83,2579.03,-2.4000000000005457,SL Hit,2579.03,2,1299.3149999999976,135.0,1.6399999999998727,-3.2799999999997453
2024-09-17 05:50:00,2024-09-17 08:00:00,Long,2580.9233333333336,2582.87,5.839999999998781,SL Hit,2582.87,3,1305.1549999999963,130.0,-2.1033333333334667,5.206666666666479
2024-09-17 08:20:00,2024-09-17 11:25:00,Short,2577.36,2575.82,3.0799999999999272,SL Hit,2575.82,2,1308.2349999999963,185.0,6.440000000000055,-7.480000000000018
2024-09-17 14:20:00,2024-09-17 14:25:00,Long,2581.83,2579.4449999999997,-2.3850000000002183,SL Hit,2579.4449999999997,1,1305.849999999996,5.0,-3.3400000000001455,0.0
2024-09-17 14:55:00,2024-09-17 15:00:00,Short,2576.55,2576.61,-0.05999999999994543,SL Hit,2576.61,1,1305.789999999996,5.0,0.1799999999998363,-1.4800000000000182
2024-09-17 17:00:00,2024-09-17 17:40:00,Short,2562.425,2566.23,-7.609999999999673,SL Hit,2566.23,2,1298.1799999999964,40.0,5.024999999999636,-1.3250000000002728
2024-09-17 17:45:00,2024-09-17 19:20:00,Long,2568.225,2568.57,0.6900000000005093,SL Hit,2568.57,2,1298.869999999997,95.0,-1.775000000000091,3.1649999999999636
2024-09-18 01:05:00,2024-09-18 02:00:00,Long,2574.34,2571.41,-5.860000000000582,SL Hit,2571.41,2,1293.0099999999964,55.0,-3.1100000000001273,1.6199999999998909
2024-09-18 03:25:00,2024-09-18 04:30:00,Long,2574.3199999999997,2572.3,-4.039999999999054,SL Hit,2572.3,2,1288.9699999999973,65.0,-2.419999999999618,1.8800000000001091
2024-09-18 04:35:00,2024-09-18 09:55:00,Short,2571.32,2571.79,-1.4099999999993997,SL Hit,2571.79,3,1287.559999999998,320.0,1.199999999999818,-5.720000000000255
2024-09-18 10:00:00,2024-09-18 13:40:00,Long,2573.846666666667,2573.52,-0.9800000000004729,SL Hit,2573.52,3,1286.5799999999974,220.0,-2.7266666666669153,6.553333333333285
2024-09-18 14:10:00,2024-09-18 16:55:00,Short,2572.6899999999996,2574.14,-2.9000000000005457,SL Hit,2574.14,2,1283.6799999999969,165.0,2.430000000000291,-4.479999999999563
2024-09-18 17:05:00,2024-09-18 17:10:00,Long,2574.39,2573.145,-1.2449999999998909,SL Hit,2573.145,1,1282.434999999997,5.0,-1.6299999999996544,0.0
2024-09-18 17:55:00,2024-09-18 18:00:00,Short,2567.7,2568.8100000000004,-1.110000000000582,SL Hit,2568.8100000000004,1,1281.3249999999964,5.0,18.240000000000236,-1.0799999999999272
2024-09-19 01:00:00,2024-09-19 01:30:00,Long,2557.74,2552.49,-5.25,SL Hit,2552.49,1,1276.0749999999964,30.0,-5.479999999999563,1.0700000000001637
2024-09-19 07:25:00,2024-09-19 12:35:00,Long,2583.6566666666668,2584.78,3.3700000000003456,SL Hit,2584.78,3,1279.4449999999968,310.0,-6.6566666666667516,10.74333333333334
2024-09-19 13:50:00,2024-09-19 13:55:00,Short,2572.46,2575.025,-2.5650000000000546,SL Hit,2575.025,1,1276.8799999999967,5.0,4.019999999999982,-2.2800000000002
2024-09-19 18:30:00,2024-09-19 18:35:00,Short,2588.15,2589.2299999999996,-1.0799999999994725,SL Hit,2589.2299999999996,1,1275.7999999999972,5.0,1.2999999999997272,-1.4500000000002728
2024-09-19 19:25:00,2024-09-19 19:55:00,Short,2586.69,2587.815,-1.125,SL Hit,2587.815,1,1274.6749999999972,30.0,1.9299999999998363,-1.5900000000001455
2024-09-19 21:00:00,2024-09-19 22:00:00,Short,2586.4,2586.4,0.0,SL Hit,2586.4,1,1274.6749999999972,60.0,0.06999999999970896,-0.44000000000005457
2024-09-20 00:10:00,2024-09-20 00:15:00,Short,2586.69,2586.69,0.0,SL Hit,2586.69,1,1274.6749999999972,5.0,0.6799999999998363,-0.5900000000001455
2024-09-20 00:50:00,2024-09-20 00:55:00,Long,2587.7,2587.7,0.0,SL Hit,2587.7,1,1274.6749999999972,5.0,-0.07999999999992724,0.680000000000291
2024-09-20 01:05:00,2024-09-20 01:10:00,Long,2587.35,2586.9900000000002,-0.3599999999996726,SL Hit,2586.9900000000002,1,1274.3149999999976,5.0,-0.40000000000009095,0.8000000000001819
2024-09-20 01:25:00,2024-09-20 01:30:00,Short,2585.41,2586.25,-0.8400000000001455,SL Hit,2586.25,1,1273.4749999999974,5.0,2.5700000000001637,-0.32999999999992724
2024-09-20 01:50:00,2024-09-20 09:55:00,Long,2594.54,2604.7,40.63999999999942,SL Hit,2604.7,4,1314.1149999999968,485.0,-7.349999999999909,17.86999999999989
2024-09-20 10:00:00,2024-09-20 10:05:00,Short,2606.7,2607.24,-0.5399999999999636,SL Hit,2607.24,1,1313.5749999999969,5.0,1.9600000000000364,-0.6099999999996726
2024-09-20 13:20:00,2024-09-20 14:30:00,Short,2612.78,2613.89,-1.1099999999996726,SL Hit,2613.89,1,1312.4649999999972,70.0,1.5299999999997453,-9.940000000000055
2024-09-20 19:00:00,2024-09-20 20:05:00,Long,2621.81,2619.965,-1.8449999999998,SL Hit,2619.965,1,1310.6199999999974,65.0,-2.2100000000000364,1.5799999999999272
2024-09-23 05:50:00,2024-09-23 06:10:00,Long,2630.85,2628.105,-2.744999999999891,SL Hit,2628.105,1,1307.8749999999975,20.0,-2.9099999999998545,0.07999999999992724
2024-09-23 06:30:00,2024-09-23 09:25:00,Short,2622.305,2619.18,6.25,SL Hit,2619.18,2,1314.1249999999975,175.0,6.535000000000309,-8.565000000000055
2024-09-23 09:30:00,2024-09-23 15:05:00,Long,2626.7966666666666,2626.22,-1.730000000000473,SL Hit,2626.22,3,1312.394999999997,335.0,-8.836666666666588,7.763333333333321
2024-09-23 17:35:00,2024-09-23 17:40:00,Short,2626.88,2627.84,-0.9600000000000364,SL Hit,2627.84,1,1311.434999999997,5.0,1.8699999999998909,-0.0
2024-09-23 18:05:00,2024-09-23 18:10:00,Short,2626.25,2626.7749999999996,-0.5249999999996362,SL Hit,2626.7749999999996,1,1310.9099999999974,5.0,1.650000000000091,-0.0
2024-09-23 18:55:00,2024-09-23 20:50:00,Short,2626.6566666666668,2627.8,-3.430000000000291,SL Hit,2627.8,3,1307.479999999997,115.0,1.7033333333333758,-2.0566666666668425
2024-09-23 22:05:00,2024-09-23 23:30:00,Long,2626.665,2625.9,-1.5299999999997453,SL Hit,2625.9,2,1305.9499999999973,85.0,-0.7950000000000728,1.324999999999818
2024-09-23 23:35:00,2024-09-24 01:00:00,Short,2625.165,2626.36,-2.3900000000003274,SL Hit,2626.36,2,1303.559999999997,85.0,1.5050000000001091,-1.4049999999997453
2024-09-24 01:05:00,2024-09-24 05:45:00,Long,2629.6800000000003,2632.21,10.119999999998981,SL Hit,2632.21,4,1313.679999999996,280.0,-3.2700000000004366,9.799999999999727
2024-09-24 07:45:00,2024-09-24 07:50:00,Short,2626.52,2629.3100000000004,-2.7900000000004184,SL Hit,2629.3100000000004,1,1310.8899999999956,5.0,2.849999999999909,-1.2199999999998
2024-09-24 11:55:00,2024-09-24 12:20:00,Short,2626.75,2626.75,0.0,SL Hit,2626.75,1,1310.8899999999956,25.0,0.6100000000001273,-2.8600000000001273
2024-09-24 13:15:00,2024-09-24 13:45:00,Long,2632.6,2632.6,0.0,SL Hit,2632.6,1,1310.8899999999956,30.0,-0.8600000000001273,4.360000000000127
2024-09-24 14:05:00,2024-09-25 00:00:00,Long,2647.4139999999998,2656.74,46.63000000000011,SL Hit,2656.74,5,1357.5199999999957,595.0,-12.433999999999742,16.61600000000044
2024-09-25 00:05:00,2024-09-25 00:10:00,Short,2657.29,2658.22,-0.9299999999998363,SL Hit,2658.22,1,1356.5899999999958,5.0,1.0399999999999636,-0.09999999999990905
2024-09-25 00:40:00,2024-09-25 00:45:00,Long,2658.57,2658.57,0.0,SL Hit,2658.57,1,1356.5899999999958,5.0,-0.09000000000014552,0.9600000000000364
2024-09-25 00:50:00,2024-09-25 01:25:00,Long,2658.64,2658.37,-0.2699999999999818,SL Hit,2658.37,1,1356.3199999999958,35.0,-0.9200000000000728,3.8700000000003456
2024-09-25 02:15:00,2024-09-25 02:35:00,Long,2661.72,2661.66,-0.05999999999994543,SL Hit,2661.66,1,1356.259999999996,20.0,-0.45999999999958163,3.100000000000364
2024-09-25 02:40:00,2024-09-25 03:20:00,Long,2661.94,2661.055,-0.8850000000002183,SL Hit,2661.055,1,1355.3749999999957,40.0,-1.0,7.7599999999997635
2024-09-25 05:15:00,2024-09-25 10:25:00,Short,2657.01,2657.53,-2.0799999999999272,SL Hit,2657.53,4,1353.2949999999958,310.0,2.5299999999997453,-4.75
2024-09-25 10:30:00,2024-09-25 10:45:00,Long,2657.87,2656.6549999999997,-1.2150000000001455,SL Hit,2656.6549999999997,1,1352.0799999999956,15.0,-1.449999999999818,0.010000000000218279
2024-09-25 14:15:00,2024-09-25 14:45:00,Long,2663.505,2660.64,-5.730000000000473,SL Hit,2660.64,2,1346.3499999999951,30.0,-4.545000000000073,3.625
2024-09-25 16:15:00,2024-09-25 16:20:00,Short,2655.76,2655.835,-0.0749999999998181,SL Hit,2655.835,1,1346.2749999999953,5.0,0.15999999999985448,-2.480000000000018
2024-09-25 16:25:00,2024-09-25 17:15:00,Short,2655.17,2655.95,-0.7799999999997453,SL Hit,2655.95,1,1345.4949999999956,50.0,1.1799999999998363,-4.619999999999891
2024-09-25 20:20:00,2024-09-25 22:45:00,Short,2659.25,2659.37,-0.11999999999989086,SL Hit,2659.37,1,1345.3749999999957,145.0,0.3000000000001819,-4.289999999999964
2024-09-26 00:55:00,2024-09-26 01:25:00,Long,2659.14,2658.21,-0.9299999999998363,SL Hit,2658.21,1,1344.4449999999958,30.0,-1.4200000000000728,1.5
2024-09-26 02:00:00,2024-09-26 02:45:00,Long,2660.55,2658.45,-2.100000000000364,SL Hit,2658.45,1,1342.3449999999955,45.0,-3.2200000000002547,0.7899999999999636
2024-09-26 03:45:00,2024-09-26 04:50:00,Long,2660.5,2660.305,-0.1950000000001637,SL Hit,2660.305,1,1342.1499999999953,65.0,-0.2800000000002001,2.119999999999891
2024-09-26 05:30:00,2024-09-26 05:35:00,Long,2663.24,2661.5750000000003,-1.6649999999995089,SL Hit,2661.5750000000003,1,1340.4849999999958,5.0,-2.2199999999998,0.0
2024-09-26 05:55:00,2024-09-26 07:00:00,Short,2661.1000000000004,2663.24,-4.279999999998836,SL Hit,2663.24,2,1336.204999999997,65.0,2.7799999999997453,-2.8200000000001637
2024-09-26 07:05:00,2024-09-26 07:10:00,Long,2663.49,2661.3450000000003,-2.144999999999527,SL Hit,2661.3450000000003,1,1334.0599999999974,5.0,-2.8399999999996908,0.0
2024-09-26 07:45:00,2024-09-26 13:10:00,Long,2665.873333333333,2667.03,3.470000000001619,SL Hit,2667.03,3,1337.529999999999,325.0,-2.203333333332921,19.256666666667115
2024-09-26 13:30:00,2024-09-26 13:35:00,Short,2668.09,2668.765,-0.6749999999997272,SL Hit,2668.765,1,1336.8549999999993,5.0,1.199999999999818,-6.25
2024-09-26 16:15:00,2024-09-26 16:50:00,Short,2665.58,2670.455,-4.875,SL Hit,2670.455,1,1331.9799999999993,35.0,4.880000000000109,-0.7899999999999636
2024-09-26 22:05:00,2024-09-26 22:10:00,Short,2672.0,2672.1499999999996,-0.1499999999996362,SL Hit,2672.1499999999996,1,1331.8299999999997,5.0,0.19000000000005457,-0.2699999999999818
2024-09-26 23:45:00,2024-09-26 23:50:00,Long,2672.21,2672.21,0.0,SL Hit,2672.21,1,1331.8299999999997,5.0,-0.21000000000003638,0.6700000000000728
2024-09-27 01:05:00,2024-09-27 01:20:00,Short,2669.41,2671.675,-2.2650000000003274,SL Hit,2671.675,1,1329.5649999999994,15.0,2.3700000000003456,-0.0
2024-09-27 05:30:00,2024-09-27 11:20:00,Short,2664.1674999999996,2667.53,-13.450000000002547,SL Hit,2667.53,4,1316.1149999999968,350.0,4.682500000000346,-5.717499999999745
2024-09-27 11:30:00,2024-09-27 11:55:00,Long,2667.32,2666.5249999999996,-0.7950000000005275,SL Hit,2666.5249999999996,1,1315.3199999999963,25.0,-1.7600000000002183,1.7399999999997817
2024-09-27 17:30:00,2024-09-27 18:45:00,Short,2645.91,2647.98,-2.0700000000001637,SL Hit,2647.98,1,1313.2499999999961,75.0,2.4600000000000364,-2.5399999999999636
2024-09-30 01:10:00,2024-09-30 04:20:00,Short,2655.9566666666665,2654.92,3.109999999999218,SL Hit,2654.92,3,1316.3599999999954,190.0,5.443333333333612,-8.146666666666533
2024-09-30 04:25:00,2024-09-30 04:30:00,Long,2654.77,2654.65,-0.11999999999989086,SL Hit,2654.65,1,1316.2399999999955,5.0,-1.2399999999997817,0.6700000000000728
2024-09-30 04:35:00,2024-09-30 07:35:00,Long,2654.8933333333334,2655.76,2.600000000000364,SL Hit,2655.76,3,1318.8399999999958,180.0,-1.4133333333334122,5.586666666666588
2024-09-30 07:40:00,2024-09-30 16:15:00,Short,2644.025,2636.18,47.07000000000153,SL Hit,2636.18,6,1365.9099999999974,515.0,12.474999999999909,-15.025000000000091
2024-09-30 23:20:00,2024-10-01 11:25:00,Long,2641.335714285714,2648.39,49.38000000000147,SL Hit,2648.39,7,1415.2899999999988,725.0,-7.735714285714039,10.334285714286125
2024-10-01 12:00:00,2024-10-01 15:05:00,Long,2657.085,2658.11,4.100000000000364,SL Hit,2658.11,4,1419.3899999999992,185.0,-8.914999999999964,13.894999999999982
2024-10-01 15:15:00,2024-10-01 15:25:00,Short,2661.03,2664.525,-3.494999999999891,SL Hit,2664.525,1,1415.8949999999993,10.0,4.039999999999964,-1.3200000000001637
2024-10-01 16:15:00,2024-10-01 16:20:00,Long,2664.29,2663.375,-0.9149999999999636,SL Hit,2663.375,1,1414.9799999999993,5.0,-1.8099999999999454,0.5700000000001637
2024-10-01 16:30:00,2024-10-01 17:35:00,Long,2664.82,2663.5449999999996,-1.2750000000005457,SL Hit,2663.5449999999996,1,1413.7049999999988,65.0,-2.930000000000291,7.7599999999997635
2024-10-02 01:05:00,2024-10-02 01:15:00,Short,2657.74,2658.88,-1.1400000000003274,SL Hit,2658.88,1,1412.5649999999985,10.0,1.180000000000291,-1.3899999999998727
2024-10-02 01:20:00,2024-10-02 01:25:00,Short,2658.7,2659.6900000000005,-0.9900000000006912,SL Hit,2659.6900000000005,1,1411.5749999999978,5.0,1.0100000000002183,-0.0
2024-10-02 03:35:00,2024-10-02 09:20:00,Short,2653.45,2654.23,-3.9000000000010004,SL Hit,2654.23,5,1407.6749999999968,345.0,5.260000000000218,-8.909999999999854
2024-10-02 09:25:00,2024-10-02 09:35:00,Long,2653.76,2653.31,-0.45000000000027285,SL Hit,2653.31,1,1407.2249999999965,10.0,-1.7800000000002,1.5099999999997635
2024-10-02 11:05:00,2024-10-02 11:10:00,Short,2649.07,2649.07,0.0,SL Hit,2649.07,1,1407.2249999999965,5.0,1.1099999999996726,-0.9200000000000728
2024-10-02 12:40:00,2024-10-02 12:45:00,Long,2651.64,2648.5650000000005,-3.0749999999993634,SL Hit,2648.5650000000005,1,1404.1499999999971,5.0,-3.5899999999996908,0.09000000000014552
2024-10-02 13:20:00,2024-10-02 14:50:00,Long,2654.95,2651.2900000000004,-3.6599999999993997,SL Hit,2651.2900000000004,1,1400.4899999999977,90.0,-4.4099999999998545,7.220000000000255
2024-10-02 17:15:00,2024-10-02 17:25:00,Short,2648.4,2649.1349999999998,-0.7349999999996726,SL Hit,2649.1349999999998,1,1399.754999999998,10.0,0.9400000000000546,-1.2600000000002183
2024-10-02 18:10:00,2024-10-03 00:25:00,Long,2657.4500000000003,2658.3,2.549999999999727,SL Hit,2658.3,3,1402.3049999999978,375.0,-6.070000000000164,5.029999999999745
2024-10-03 00:45:00,2024-10-03 06:20:00,Short,2656.93,2656.42,2.039999999999054,SL Hit,2656.42,4,1404.3449999999968,335.0,1.7000000000002728,-5.569999999999709
2024-10-03 06:25:00,2024-10-03 06:30:00,Long,2656.2,2655.0600000000004,-1.139999999999418,SL Hit,2655.0600000000004,1,1403.2049999999974,5.0,-2.099999999999909,0.16000000000030923
2024-10-03 06:45:00,2024-10-03 06:50:00,Long,2657.1,2655.5699999999997,-1.5300000000002,SL Hit,2655.5699999999997,1,1401.6749999999972,5.0,-1.6700000000000728,0.0
2024-10-03 09:10:00,2024-10-03 09:30:00,Short,2642.0,2645.18,-3.1799999999998363,SL Hit,2645.18,1,1398.4949999999974,20.0,3.849999999999909,-1.0700000000001637
2024-10-03 11:20:00,2024-10-03 11:35:00,Short,2644.75,2645.755,-1.0050000000001091,SL Hit,2645.755,1,1397.4899999999973,15.0,1.9699999999998,-1.050000000000182
2024-10-03 12:15:00,2024-10-03 12:40:00,Long,2647.22,2646.725,-0.49499999999989086,SL Hit,2646.725,1,1396.9949999999974,25.0,-2.4399999999996,3.830000000000382
2024-10-03 12:55:00,2024-10-03 13:30:00,Short,2642.79,2651.05,-16.520000000000437,SL Hit,2651.05,2,1380.474999999997,35.0,8.289999999999964,-0.5700000000001637
2024-10-03 14:05:00,2024-10-03 14:10:00,Short,2645.84,2652.125,-6.2849999999998545,SL Hit,2652.125,1,1374.189999999997,5.0,6.569999999999709,-3.630000000000109
2024-10-03 15:20:00,2024-10-03 15:25:00,Long,2651.68,2651.4700000000003,-0.20999999999958163,SL Hit,2651.4700000000003,1,1373.9799999999975,5.0,-1.0899999999996908,0.900000000000091
2024-10-03 15:30:00,2024-10-03 15:35:00,Long,2652.23,2651.4649999999997,-0.7650000000003274,SL Hit,2651.4649999999997,1,1373.2149999999972,5.0,-2.0700000000001637,2.150000000000091
2024-10-03 20:00:00,2024-10-03 20:05:00,Short,2657.61,2657.745,-0.13499999999976353,SL Hit,2657.745,1,1373.0799999999974,5.0,0.15999999999985448,-0.6100000000001273
2024-10-03 20:40:00,2024-10-04 00:05:00,Short,2656.2299999999996,2656.48,-0.5000000000009095,SL Hit,2656.48,2,1372.5799999999965,205.0,1.1000000000003638,-2.1299999999996544
2024-10-04 00:20:00,2024-10-04 00:35:00,Long,2656.23,2656.0649999999996,-0.16500000000041837,SL Hit,2656.0649999999996,1,1372.414999999996,15.0,-0.5700000000001637,1.1100000000001273
2024-10-04 00:40:00,2024-10-04 06:55:00,Long,2658.9966666666664,2660.6,4.8100000000004,SL Hit,2660.6,3,1377.2249999999965,375.0,-3.616666666666333,8.683333333333394
2024-10-04 09:05:00,2024-10-04 10:35:00,Short,2659.95,2660.0400000000004,-0.09000000000060027,SL Hit,2660.0400000000004,1,1377.134999999996,90.0,0.21000000000003638,-3.0
2024-10-04 11:35:00,2024-10-04 12:05:00,Long,2660.6400000000003,2657.61,-6.0600000000004,SL Hit,2657.61,2,1371.0749999999955,30.0,-4.3400000000001455,1.8599999999996726
2024-10-04 12:20:00,2024-10-04 14:40:00,Short,2649.6233333333334,2654.79,-15.499999999999545,SL Hit,2654.79,3,1355.574999999996,140.0,8.346666666666351,-17.51333333333332
2024-10-04 14:50:00,2024-10-04 16:30:00,Long,2653.8566666666666,2647.94,-17.749999999999545,SL Hit,2647.94,3,1337.8249999999964,100.0,-9.806666666666388,15.453333333333376
2024-10-07 00:05:00,2024-10-07 00:10:00,Short,2649.66,2649.75,-0.09000000000014552,SL Hit,2649.75,1,1337.7349999999963,5.0,0.6700000000000728,-1.9600000000000364
2024-10-07 08:00:00,2024-10-07 09:00:00,Long,2652.2,2651.7200000000003,-0.47999999999956344,SL Hit,2651.7200000000003,1,1337.2549999999967,60.0,-1.2799999999997453,3.8900000000003274
2024-10-07 10:55:00,2024-10-07 12:20:00,Long,2657.4,2655.29,-4.220000000000255,SL Hit,2655.29,2,1333.0349999999964,85.0,-7.019999999999982,1.9899999999997817
2024-10-07 18:35:00,2024-10-07 22:25:00,Short,2644.1,2644.52,-0.8400000000001455,SL Hit,2644.52,2,1332.1949999999963,230.0,2.0399999999999636,-4.5
2024-10-07 22:30:00,2024-10-07 22:40:00,Long,2644.36,2643.0699999999997,-1.2900000000004184,SL Hit,2643.0699999999997,1,1330.9049999999959,10.0,-1.5599999999999454,3.900000000000091
2024-10-08 01:25:00,2024-10-08 01:45:00,Short,2641.64,2641.64,0.0,SL Hit,2641.64,1,1330.9049999999959,20.0,0.5,-3.4200000000000728
2024-10-08 05:00:00,2024-10-08 05:10:00,Short,2643.01,2643.25,-0.23999999999978172,SL Hit,2643.25,1,1330.664999999996,10.0,0.5499999999997272,-1.5400000000004184
2024-10-08 05:40:00,2024-10-08 05:45:00,Long,2645.12,2644.88,-0.23999999999978172,SL Hit,2644.88,1,1330.4249999999963,5.0,-0.7899999999999636,1.050000000000182
2024-10-08 05:50:00,2024-10-08 06:25:00,Long,2644.45,2642.125,-2.324999999999818,SL Hit,2642.125,1,1328.0999999999965,35.0,-3.1399999999998727,1.8600000000001273
2024-10-08 08:25:00,2024-10-08 08:30:00,Short,2632.54,2636.605,-4.065000000000055,SL Hit,2636.605,1,1324.0349999999964,5.0,4.099999999999909,-0.0
2024-10-08 08:45:00,2024-10-08 13:20:00,Long,2639.8199999999997,2640.11,1.1600000000016735,SL Hit,2640.11,4,1325.1949999999981,275.0,-4.029999999999745,12.790000000000418
2024-10-08 13:50:00,2024-10-08 17:20:00,Short,2624.725,2616.12,17.210000000000036,SL Hit,2616.12,2,1342.4049999999982,210.0,15.934999999999945,-19.00500000000011
2024-10-09 00:45:00,2024-10-09 00:50:00,Short,2621.54,2622.0649999999996,-0.5249999999996362,SL Hit,2622.0649999999996,1,1341.8799999999985,5.0,0.9600000000000364,-0.38999999999987267
2024-10-09 01:05:00,2024-10-09 01:15:00,Short,2621.01,2622.7949999999996,-1.7849999999993997,SL Hit,2622.7949999999996,1,1340.0949999999991,10.0,1.8299999999999272,-0.8400000000001455
2024-10-09 01:20:00,2024-10-09 01:25:00,Short,2622.28,2624.71,-2.4299999999998363,Bullish Trade Reversal,2624.71,1,1337.6649999999993,5.0,1.6199999999998909,-2.1400000000003274
2024-10-09 01:25:00,2024-10-09 01:30:00,Long,2622.54,2618.9399999999996,-3.600000000000364,SL Hit,2618.9399999999996,1,1334.064999999999,5.0,-4.039999999999964,0.0
2024-10-09 01:40:00,2024-10-09 01:45:00,Short,2621.16,2622.21,-1.050000000000182,SL Hit,2622.21,1,1333.0149999999987,5.0,1.2899999999999636,-0.8099999999999454
2024-10-09 06:30:00,2024-10-09 08:30:00,Short,2613.65,2615.29,-3.2799999999997453,SL Hit,2615.29,2,1329.734999999999,120.0,3.400000000000091,-4.220000000000255
2024-10-09 08:50:00,2024-10-09 12:30:00,Long,2617.9400000000005,2617.29,-2.600000000002183,SL Hit,2617.29,4,1327.1349999999968,220.0,-3.680000000000291,4.4299999999993815
2024-10-09 12:40:00,2024-10-09 12:45:00,Short,2617.62,2617.62,0.0,SL Hit,2617.62,1,1327.1349999999968,5.0,1.1199999999998909,-2.0399999999999636
2024-10-09 12:50:00,2024-10-09 12:55:00,Short,2618.69,2618.69,0.0,SL Hit,2618.69,1,1327.1349999999968,5.0,-0.0,-1.800000000000182
2024-10-09 13:10:00,2024-10-10 00:30:00,Short,2611.066666666667,2609.33,10.420000000002801,SL Hit,2609.33,6,1337.5549999999996,680.0,6.723333333332903,-6.106666666667024
2024-10-10 00:35:00,2024-10-10 06:40:00,Long,2611.313333333333,2612.53,7.30000000000291,SL Hit,2612.53,6,1344.8550000000025,365.0,-4.11333333333323,5.476666666666915
2024-10-10 07:00:00,2024-10-10 07:25:00,Short,2611.27,2613.775,-2.505000000000109,SL Hit,2613.775,1,1342.3500000000024,25.0,2.980000000000018,-1.1700000000000728
2024-10-10 07:40:00,2024-10-10 07:50:00,Long,2615.71,2615.275,-0.43499999999994543,SL Hit,2615.275,1,1341.9150000000025,10.0,-0.4800000000000182,0.9499999999998181
2024-10-10 07:55:00,2024-10-10 11:20:00,Long,2616.3340000000003,2615.66,-3.3700000000021646,SL Hit,2615.66,5,1338.5450000000003,205.0,-2.72400000000016,2.49599999999964
2024-10-10 12:40:00,2024-10-10 13:20:00,Long,2618.15,2617.79,-0.36000000000012733,SL Hit,2617.79,1,1338.1850000000002,40.0,-0.5500000000001819,8.759999999999764
2024-10-10 13:55:00,2024-10-10 14:05:00,Long,2625.75,2625.75,0.0,SL Hit,2625.75,1,1338.1850000000002,10.0,-1.0,3.550000000000182
2024-10-10 14:10:00,2024-10-10 14:25:00,Long,2626.42,2623.9449999999997,-2.475000000000364,SL Hit,2623.9449999999997,1,1335.7099999999998,15.0,-3.2600000000002183,2.8899999999998727
2024-10-10 18:45:00,2024-10-10 18:50:00,Long,2628.07,2627.7999999999997,-0.27000000000043656,SL Hit,2627.7999999999997,1,1335.4399999999994,5.0,-1.7100000000000364,0.8999999999996362
2024-10-10 19:10:00,2024-10-10 19:50:00,Long,2628.45,2628.45,0.0,SL Hit,2628.45,1,1335.4399999999994,40.0,-0.08999999999969077,2.8100000000004
2024-10-10 22:05:00,2024-10-10 23:00:00,Short,2628.13,2628.91,-0.7799999999997453,SL Hit,2628.91,1,1334.6599999999996,55.0,1.1300000000001091,-0.8299999999999272
2024-10-10 23:20:00,2024-10-10 23:25:00,Long,2631.33,2631.33,0.0,SL Hit,2631.33,1,1334.6599999999996,5.0,-0.2300000000000182,1.1300000000001091
2024-10-11 01:10:00,2024-10-11 06:25:00,Long,2639.4500000000003,2643.11,14.639999999999418,SL Hit,2643.11,4,1349.299999999999,315.0,-6.950000000000273,7.359999999999673
2024-10-11 14:00:00,2024-10-11 18:30:00,Long,2653.7133333333336,2656.46,8.239999999999327,SL Hit,2656.46,3,1357.5399999999984,270.0,-7.253333333333558,7.57666666666637
2024-10-11 18:35:00,2024-10-11 18:40:00,Short,2656.46,2656.5350000000003,-0.07500000000027285,SL Hit,2656.5350000000003,1,1357.464999999998,5.0,0.42000000000007276,-0.4099999999998545
2024-10-11 19:20:00,2024-10-14 02:30:00,Short,2651.45,2648.29,12.639999999999418,SL Hit,2648.29,4,1370.1049999999975,3310.0,5.8400000000001455,-8.129999999999654
2024-10-14 06:25:00,2024-10-14 08:10:00,Long,2663.476666666667,2659.44,-12.110000000000582,SL Hit,2659.44,3,1357.994999999997,105.0,-4.506666666667115,2.8633333333332303
2024-10-14 08:15:00,2024-10-14 08:20:00,Short,2659.54,2659.735,-0.1950000000001637,SL Hit,2659.735,1,1357.7999999999968,5.0,0.44000000000005457,-0.38999999999987267
2024-10-14 09:45:00,2024-10-14 10:10:00,Short,2658.95,2660.24,-1.2899999999999636,SL Hit,2660.24,1,1356.5099999999968,25.0,1.7100000000000364,-1.449999999999818
2024-10-14 13:35:00,2024-10-14 14:20:00,Long,2656.7349999999997,2648.02,-17.42999999999938,SL Hit,2648.02,2,1339.0799999999974,45.0,-9.99499999999989,4.395000000000437
2024-10-14 14:25:00,2024-10-14 14:35:00,Short,2650.81,2650.81,0.0,SL Hit,2650.81,1,1339.0799999999974,10.0,0.22000000000025466,-2.7599999999997635
2024-10-14 16:45:00,2024-10-14 16:50:00,Long,2648.79,2648.6849999999995,-0.10500000000047294,SL Hit,2648.6849999999995,1,1338.974999999997,5.0,-1.2899999999999636,0.8200000000001637
2024-10-14 17:40:00,2024-10-14 20:45:00,Long,2649.6533333333336,2647.63,-6.0700000000006185,SL Hit,2647.63,3,1332.9049999999963,185.0,-3.513333333333776,3.5466666666661695
2024-10-15 01:35:00,2024-10-15 01:40:00,Long,2649.66,2649.1949999999997,-0.4650000000001455,SL Hit,2649.1949999999997,1,1332.4399999999962,5.0,-1.449999999999818,1.430000000000291
2024-10-15 03:35:00,2024-10-15 06:35:00,Short,2646.91,2647.3900000000003,-0.48000000000047294,SL Hit,2647.3900000000003,1,1331.9599999999957,180.0,0.8299999999999272,-8.569999999999709
2024-10-15 07:35:00,2024-10-15 08:00:00,Long,2651.73,2649.915,-1.8150000000000546,SL Hit,2649.915,1,1330.1449999999957,25.0,-1.849999999999909,1.1300000000001091
2024-10-15 09:30:00,2024-10-15 09:45:00,Long,2653.13,2652.8599999999997,-0.27000000000043656,SL Hit,2652.8599999999997,1,1329.8749999999952,15.0,-0.7300000000000182,1.4099999999998545
2024-10-15 10:25:00,2024-10-15 10:35:00,Long,2654.91,2654.715,-0.19499999999970896,SL Hit,2654.715,1,1329.6799999999955,10.0,-0.5,1.550000000000182
2024-10-15 11:35:00,2024-10-15 12:20:00,Short,2652.26,2652.26,0.0,SL Hit,2652.26,1,1329.6799999999955,45.0,2.9899999999997817,-6.210000000000036
2024-10-15 12:35:00,2024-10-15 12:45:00,Long,2657.15,2653.2200000000003,-3.9299999999998363,SL Hit,2653.2200000000003,1,1325.7499999999957,10.0,-4.460000000000036,0.0
2024-10-15 23:10:00,2024-10-15 23:35:00,Short,2661.52,2661.745,-0.22499999999990905,SL Hit,2661.745,1,1325.5249999999958,25.0,0.8000000000001819,-1.2199999999998
2024-10-16 00:50:00,2024-10-16 00:55:00,Short,2658.79,2659.6,-0.8099999999999454,SL Hit,2659.6,1,1324.7149999999958,5.0,1.3699999999998909,-0.0
2024-10-16 01:10:00,2024-10-16 11:00:00,Long,2667.4966666666664,2673.22,34.340000000000146,SL Hit,2673.22,6,1359.054999999996,590.0,-6.996666666666442,14.89333333333343
2024-10-16 13:10:00,2024-10-16 13:50:00,Long,2681.34,2679.9449999999997,-1.3950000000004366,SL Hit,2679.9449999999997,1,1357.6599999999955,40.0,-5.890000000000327,3.730000000000018
2024-10-16 17:50:00,2024-10-16 18:00:00,Long,2675.11,2674.9299999999994,-0.18000000000074579,SL Hit,2674.9299999999994,1,1357.4799999999948,10.0,-0.41000000000030923,0.4899999999997817
2024-10-16 18:05:00,2024-10-16 19:05:00,Long,2675.67,2672.9,-5.539999999999964,SL Hit,2672.9,2,1351.9399999999948,60.0,-2.8899999999998727,0.849999999999909
2024-10-16 19:10:00,2024-10-16 19:15:00,Short,2672.85,2674.08,-1.2300000000000182,SL Hit,2674.08,1,1350.7099999999948,5.0,1.3899999999998727,-0.0
2024-10-16 19:35:00,2024-10-16 19:55:00,Short,2674.31,2674.5950000000003,-0.28500000000030923,SL Hit,2674.5950000000003,1,1350.4249999999945,20.0,0.6199999999998909,-1.1100000000001273
2024-10-17 07:00:00,2024-10-17 07:10:00,Short,2681.48,2681.48,0.0,SL Hit,2681.48,1,1350.4249999999945,10.0,1.1399999999998727,-2.269999999999982
2024-10-17 07:15:00,2024-10-17 07:45:00,Short,2682.0,2682.33,-0.32999999999992724,SL Hit,2682.33,1,1350.0949999999946,30.0,1.4699999999998,-2.9099999999998545
2024-10-17 09:15:00,2024-10-17 09:40:00,Short,2680.5,2680.5,0.0,SL Hit,2680.5,1,1350.0949999999946,25.0,0.5900000000001455,-3.400000000000091
2024-10-17 12:35:00,2024-10-17 12:45:00,Short,2676.13,2677.87,-1.7399999999997817,SL Hit,2677.87,1,1348.3549999999948,10.0,1.7799999999997453,-2.119999999999891
2024-10-17 14:20:00,2024-10-17 16:25:00,Long,2690.7799999999997,2687.81,-5.9399999999996,SL Hit,2687.81,2,1342.4149999999952,125.0,-5.179999999999836,5.7400000000002365
2024-10-17 17:50:00,2024-10-17 18:00:00,Long,2692.24,2691.385,-0.8549999999995634,SL Hit,2691.385,1,1341.5599999999956,10.0,-1.449999999999818,0.650000000000091
2024-10-17 20:55:00,2024-10-17 22:00:00,Long,2692.66,2692.255,-0.40499999999974534,SL Hit,2692.255,1,1341.1549999999959,65.0,-9.799999999999727,0.11000000000012733
2024-10-17 22:05:00,2024-10-17 22:15:00,Short,2692.1,2692.25,-0.15000000000009095,SL Hit,2692.25,1,1341.0049999999958,10.0,0.7300000000000182,-0.7799999999997453
2024-10-17 22:20:00,2024-10-18 06:20:00,Long,2700.055,2707.6,45.27000000000044,SL Hit,2707.6,6,1386.2749999999962,480.0,-9.054999999999836,13.715000000000146
2024-10-18 08:05:00,2024-10-18 08:45:00,Short,2704.13,2704.94,-0.8099999999999454,SL Hit,2704.94,1,1385.4649999999963,40.0,1.5899999999996908,-2.5300000000002
2024-10-18 09:15:00,2024-10-18 10:30:00,Long,2709.44,2709.29,-0.15000000000009095,SL Hit,2709.29,1,1385.3149999999962,75.0,-0.22000000000025466,3.6700000000000728
2024-10-18 11:35:00,2024-10-18 12:10:00,Short,2710.26,2711.415,-1.1549999999997453,SL Hit,2711.415,1,1384.1599999999964,35.0,1.9799999999995634,-1.75
2024-10-18 13:25:00,2024-10-18 13:40:00,Short,2707.63,2710.195,-2.5650000000000546,SL Hit,2710.195,1,1381.5949999999964,15.0,4.5099999999997635,-2.8299999999999272
2024-10-18 20:35:00,2024-10-18 20:55:00,Long,2720.8,2720.7099999999996,-0.09000000000060027,SL Hit,2720.7099999999996,1,1381.5049999999958,20.0,-0.2699999999999818,1.6099999999996726
2024-10-20 23:45:00,2024-10-21 05:55:00,Long,2725.28,2724.91,-0.7400000000006912,SL Hit,2724.91,2,1380.764999999995,370.0,-3.7400000000002365,7.369999999999891
2024-10-21 08:25:00,2024-10-21 08:45:00,Long,2731.64,2731.64,0.0,SL Hit,2731.64,1,1380.764999999995,20.0,-1.0099999999997635,1.3400000000001455
2024-10-21 10:20:00,2024-10-21 10:45:00,Short,2729.2,2731.09,-1.8900000000003274,SL Hit,2731.09,1,1378.8749999999948,25.0,2.330000000000382,-1.4299999999998363
2024-10-21 11:35:00,2024-10-21 11:50:00,Long,2737.53,2735.895,-1.6350000000002183,SL Hit,2735.895,1,1377.2399999999946,15.0,-2.519999999999982,0.3799999999996544
2024-10-21 12:35:00,2024-10-21 14:25:00,Long,2737.883333333333,2733.78,-12.309999999999036,SL Hit,2733.78,3,1364.9299999999955,110.0,-5.013333333333321,2.5766666666668243
2024-10-21 18:50:00,2024-10-21 19:25:00,Short,2719.0,2719.0,0.0,SL Hit,2719.0,1,1364.9299999999955,35.0,1.0599999999999454,-5.599999999999909
2024-10-21 22:50:00,2024-10-21 22:55:00,Long,2720.61,2720.475,-0.13500000000021828,SL Hit,2720.475,1,1364.7949999999953,5.0,-1.1100000000001273,0.6599999999998545
2024-10-21 23:00:00,2024-10-22 09:40:00,Long,2727.4919999999997,2731.8,21.540000000002237,SL Hit,2731.8,5,1386.3349999999975,640.0,-7.5919999999996435,10.658000000000357
2024-10-22 10:10:00,2024-10-22 10:20:00,Short,2731.61,2735.585,-3.974999999999909,SL Hit,2735.585,1,1382.3599999999976,10.0,4.829999999999927,-0.07000000000016371
2024-10-22 10:40:00,2024-10-22 11:15:00,Long,2738.14,2736.7299999999996,-1.4100000000003092,SL Hit,2736.7299999999996,1,1380.9499999999973,35.0,-3.1099999999996726,0.8900000000003274
2024-10-22 11:45:00,2024-10-22 11:55:00,Short,2731.66,2731.7650000000003,-0.10500000000047294,SL Hit,2731.7650000000003,1,1380.8449999999968,10.0,1.0300000000002,-2.1299999999996544
2024-10-22 15:00:00,2024-10-22 15:15:00,Long,2741.81,2741.12,-0.6900000000000546,SL Hit,2741.12,1,1380.1549999999968,15.0,-0.9499999999998181,2.25
2024-10-22 15:20:00,2024-10-22 15:25:00,Long,2741.86,2741.035,-0.8250000000002728,SL Hit,2741.035,1,1379.3299999999965,5.0,-0.8400000000001455,1.2399999999997817
2024-10-22 17:50:00,2024-10-22 18:00:00,Long,2746.27,2746.27,0.0,SL Hit,2746.27,1,1379.3299999999965,10.0,-0.40000000000009095,0.7800000000002001
2024-10-22 18:45:00,2024-10-22 18:50:00,Short,2745.08,2745.2299999999996,-0.1499999999996362,SL Hit,2745.2299999999996,1,1379.1799999999969,5.0,0.34999999999990905,-0.8600000000001273
2024-10-22 22:20:00,2024-10-23 03:35:00,Short,2742.9775,2740.92,8.229999999999563,SL Hit,2740.92,4,1387.4099999999964,315.0,4.942500000000109,-5.577499999999873
2024-10-23 06:45:00,2024-10-23 07:35:00,Short,2749.035,2753.07,-8.070000000000618,SL Hit,2753.07,2,1379.3399999999958,50.0,5.375,-0.5249999999996362
2024-10-23 10:55:00,2024-10-23 11:15:00,Short,2750.285,2752.4,-4.230000000000473,SL Hit,2752.4,2,1375.1099999999954,20.0,2.394999999999982,-1.3849999999997635
2024-10-23 11:20:00,2024-10-23 11:25:00,Long,2751.45,2751.45,0.0,SL Hit,2751.45,1,1375.1099999999954,5.0,-0.9699999999997999,1.4400000000000546
2024-10-23 16:45:00,2024-10-23 17:00:00,Long,2721.78,2719.245,-2.5350000000003092,SL Hit,2719.245,1,1372.574999999995,15.0,-3.2400000000002365,0.0
2024-10-24 04:35:00,2024-10-24 11:15:00,Long,2733.2899999999995,2735.9,7.830000000001746,SL Hit,2735.9,3,1380.4049999999968,400.0,-8.019999999999527,5.730000000000473
2024-10-24 11:30:00,2024-10-24 11:35:00,Short,2735.96,2738.2850000000003,-2.325000000000273,SL Hit,2738.2850000000003,1,1378.0799999999965,5.0,2.519999999999982,-0.07999999999992724
2024-10-24 13:25:00,2024-10-24 13:35:00,Long,2740.39,2740.39,0.0,SL Hit,2740.39,1,1378.0799999999965,10.0,-0.6099999999996726,2.8200000000001637
2024-10-24 13:50:00,2024-10-24 14:00:00,Short,2734.81,2734.81,0.0,SL Hit,2734.81,1,1378.0799999999965,10.0,0.36999999999989086,-5.039999999999964
2024-10-24 16:55:00,2024-10-25 00:00:00,Long,2734.895,2733.5,-2.7899999999999636,SL Hit,2733.5,2,1375.2899999999966,425.0,-2.2950000000000728,2.7150000000001455
2024-10-25 00:05:00,2024-10-25 01:10:00,Short,2734.55,2734.6400000000003,-0.09000000000014552,SL Hit,2734.6400000000003,1,1375.1999999999964,65.0,0.3999999999996362,-3.3100000000004
2024-10-25 04:40:00,2024-10-25 05:00:00,Short,2725.75,2727.27,-3.0399999999999636,SL Hit,2727.27,2,1372.1599999999964,20.0,1.849999999999909,-0.7699999999999818
2024-10-25 08:10:00,2024-10-25 10:55:00,Short,2721.6,2722.15,-1.1000000000003638,SL Hit,2722.15,2,1371.059999999996,165.0,3.2600000000002183,-4.460000000000036
2024-10-25 11:00:00,2024-10-27 22:00:00,Long,2732.455,2740.1,30.579999999999927,SL Hit,2740.1,4,1401.639999999996,3540.0,-11.224999999999909,15.75500000000011
2024-10-28 10:25:00,2024-10-28 10:40:00,Short,2730.59,2732.3599999999997,-1.769999999999527,SL Hit,2732.3599999999997,1,1399.8699999999965,15.0,2.2199999999998,-1.400000000000091
2024-10-28 12:05:00,2024-10-28 18:20:00,Long,2739.054,2740.37,6.579999999999018,SL Hit,2740.37,5,1406.4499999999955,375.0,-7.403999999999996,6.425999999999931
2024-10-28 18:25:00,2024-10-28 18:40:00,Short,2740.44,2740.995,-0.5549999999998363,SL Hit,2740.995,1,1405.8949999999957,15.0,1.3699999999998909,-0.34999999999990905
2024-10-28 22:10:00,2024-10-28 22:15:00,Short,2740.68,2740.68,0.0,SL Hit,2740.68,1,1405.8949999999957,5.0,0.36000000000012733,-0.8099999999999454
2024-10-29 09:25:00,2024-10-29 09:30:00,Long,2754.98,2754.005,-0.974999999999909,SL Hit,2754.005,1,1404.9199999999958,5.0,-1.6199999999998909,0.6199999999998909
2024-10-29 11:30:00,2024-10-29 11:50:00,Short,2747.35,2751.8199999999997,-4.4699999999998,SL Hit,2751.8199999999997,1,1400.449999999996,20.0,4.980000000000018,-0.0
2024-10-29 12:55:00,2024-10-30 02:30:00,Long,2767.66,2777.0,65.38000000000102,SL Hit,2777.0,7,1465.829999999997,815.0,-18.929999999999836,14.25
2024-10-30 02:35:00,2024-10-30 02:50:00,Short,2776.33,2779.6600000000003,-3.330000000000382,SL Hit,2779.6600000000003,1,1462.4999999999966,15.0,4.010000000000218,-0.03999999999996362
2024-10-30 11:05:00,2024-10-30 11:20:00,Short,2780.83,2780.89,-0.05999999999994543,SL Hit,2780.89,1,1462.4399999999966,15.0,0.15000000000009095,-1.9099999999998545
2024-10-30 12:45:00,2024-10-30 13:30:00,Long,2781.7200000000003,2774.98,-13.480000000000473,SL Hit,2774.98,2,1448.9599999999962,45.0,-9.300000000000182,5.679999999999836
2024-10-30 19:50:00,2024-10-30 19:55:00,Short,2785.17,2786.505,-1.3350000000000364,SL Hit,2786.505,1,1447.6249999999961,5.0,2.5099999999997635,-0.0
2024-10-30 20:50:00,2024-10-30 20:55:00,Long,2787.5,2786.5249999999996,-0.9750000000003638,SL Hit,2786.5249999999996,1,1446.6499999999958,5.0,-1.400000000000091,0.11999999999989086
2024-10-30 23:10:00,2024-10-31 00:00:00,Long,2787.48,2785.11,-2.369999999999891,SL Hit,2785.11,1,1444.2799999999959,50.0,-2.6399999999998727,0.0
2024-10-31 00:20:00,2024-10-31 00:25:00,Long,2787.98,2786.0,-1.9800000000000182,SL Hit,2786.0,1,1442.2999999999959,5.0,-2.0900000000001455,0.11000000000012733
2024-10-31 02:00:00,2024-10-31 02:35:00,Short,2784.98,2787.95,-2.9699999999998,SL Hit,2787.95,1,1439.329999999996,35.0,3.880000000000109,-0.4800000000000182
2024-10-31 04:35:00,2024-10-31 04:50:00,Short,2783.3,2784.62,-1.319999999999709,SL Hit,2784.62,1,1438.0099999999964,15.0,1.4099999999998545,-0.6000000000003638
2024-10-31 05:35:00,2024-10-31 05:50:00,Short,2783.19,2784.4049999999997,-1.2149999999996908,SL Hit,2784.4049999999997,1,1436.7949999999967,15.0,1.2899999999999636,-0.49000000000023647
2024-10-31 06:35:00,2024-10-31 10:35:00,Short,2779.4475,2779.62,-0.6899999999986903,SL Hit,2779.62,4,1436.104999999998,240.0,5.492499999999836,-5.9675000000002
2024-10-31 10:40:00,2024-10-31 12:25:00,Long,2780.096666666667,2777.07,-9.079999999999927,SL Hit,2777.07,3,1427.024999999998,105.0,-4.026666666666642,2.2933333333330665
2024-11-01 01:00:00,2024-11-01 01:10:00,Short,2745.21,2747.085,-1.875,SL Hit,2747.085,1,1425.149999999998,10.0,2.269999999999982,-0.0
2024-11-01 01:35:00,2024-11-01 10:25:00,Long,2749.68,2748.3,-5.519999999998618,SL Hit,2748.3,4,1419.6299999999994,530.0,-4.019999999999982,7.630000000000109
2024-11-01 12:15:00,2024-11-01 14:20:00,Long,2754.49,2752.67,-5.459999999999127,SL Hit,2752.67,3,1414.1700000000003,125.0,-4.089999999999691,7.0
2024-11-01 20:10:00,2024-11-01 20:50:00,Short,2733.66,2735.175,-1.5150000000003274,SL Hit,2735.175,1,1412.655,40.0,1.5900000000001455,-0.36999999999989086
2024-11-04 01:10:00,2024-11-04 01:15:00,Short,2736.46,2736.925,-0.4650000000001455,SL Hit,2736.925,1,1412.1899999999998,5.0,1.2699999999999818,-1.2600000000002183
2024-11-04 02:00:00,2024-11-04 02:05:00,Long,2738.89,2738.89,0.0,SL Hit,2738.89,1,1412.1899999999998,5.0,-0.6099999999996726,1.6700000000000728
2024-11-04 03:20:00,2024-11-04 04:25:00,Long,2740.75,2739.805,-0.9450000000001637,SL Hit,2739.805,1,1411.2449999999997,65.0,-1.0399999999999636,1.5300000000002
2024-11-04 05:20:00,2024-11-04 05:30:00,Long,2740.9,2740.75,-0.15000000000009095,SL Hit,2740.75,1,1411.0949999999996,10.0,-1.5300000000002,1.4600000000000364
2024-11-04 06:25:00,2024-11-04 06:50:00,Short,2736.36,2739.0299999999997,-2.669999999999618,SL Hit,2739.0299999999997,1,1408.425,25.0,2.7799999999997453,-0.2899999999999636
2024-11-04 07:15:00,2024-11-04 07:20:00,Long,2742.55,2741.485,-1.0650000000000546,SL Hit,2741.485,1,1407.36,5.0,-1.4400000000000546,0.4099999999998545
2024-11-04 08:00:00,2024-11-04 08:05:00,Short,2735.38,2735.8450000000003,-0.4650000000001455,SL Hit,2735.8450000000003,1,1406.8949999999998,5.0,1.5499999999997272,-0.8699999999998909
2024-11-04 08:10:00,2024-11-04 08:30:00,Short,2736.6,2736.6,0.0,SL Hit,2736.6,1,1406.8949999999998,20.0,1.430000000000291,-2.400000000000091
2024-11-04 08:35:00,2024-11-04 09:20:00,Short,2735.035,2738.03,-5.990000000000691,SL Hit,2738.03,2,1400.904999999999,45.0,4.255000000000109,-2.8849999999997635
2024-11-04 15:05:00,2024-11-04 15:30:00,Long,2742.875,2739.57,-6.609999999999673,SL Hit,2739.57,2,1394.2949999999994,25.0,-3.9149999999999636,2.275000000000091
2024-11-04 15:40:00,2024-11-05 06:35:00,Short,2737.2599999999998,2737.03,0.6899999999986903,SL Hit,2737.03,3,1394.984999999998,895.0,4.790000000000418,-12.329999999999927
2024-11-05 13:35:00,2024-11-05 15:15:00,Long,2743.8450000000003,2736.62,-14.450000000000728,SL Hit,2736.62,2,1380.5349999999974,100.0,-7.995000000000346,5.854999999999563
2024-11-05 15:20:00,2024-11-05 15:40:00,Short,2737.61,2737.985,-0.375,SL Hit,2737.985,1,1380.1599999999974,20.0,0.650000000000091,-4.320000000000164
2024-11-05 18:10:00,2024-11-05 18:15:00,Long,2742.03,2740.62,-1.4100000000003092,SL Hit,2740.62,1,1378.749999999997,5.0,-1.4200000000000728,1.0099999999997635
2024-11-05 20:55:00,2024-11-06 00:10:00,Long,2742.4350000000004,2742.16,-0.5500000000010914,SL Hit,2742.16,2,1378.199999999996,195.0,-0.9050000000002001,3.6249999999995453
2024-11-06 00:15:00,2024-11-06 01:40:00,Short,2739.965,2746.06,-12.1899999999996,SL Hit,2746.06,2,1366.0099999999964,85.0,7.904999999999745,-6.855000000000018
2024-11-06 08:20:00,2024-11-06 08:25:00,Short,2733.06,2733.06,0.0,Bullish Trade Reversal,2733.06,1,1366.0099999999964,5.0,-0.0,-3.9299999999998363
2024-11-06 08:25:00,2024-11-06 08:30:00,Long,2729.95,2728.7200000000003,-1.2299999999995634,SL Hit,2728.7200000000003,1,1364.7799999999968,5.0,-3.6099999999996726,2.380000000000109
2024-11-06 17:45:00,2024-11-06 18:00:00,Short,2664.49,2664.6400000000003,-0.1500000000005457,SL Hit,2664.6400000000003,1,1364.6299999999962,15.0,2.1200000000003456,-2.8299999999999272
2024-11-07 01:15:00,2024-11-07 02:55:00,Short,2655.67,2657.02,-2.699999999999818,SL Hit,2657.02,2,1361.9299999999964,100.0,2.519999999999982,-9.110000000000127
2024-11-07 03:10:00,2024-11-07 04:40:00,Long,2656.64,2656.0550000000003,-0.5849999999995816,SL Hit,2656.0550000000003,1,1361.3449999999968,90.0,-1.1799999999998363,4.210000000000036
2024-11-07 06:15:00,2024-11-07 06:20:00,Short,2654.52,2658.015,-3.494999999999891,SL Hit,2658.015,1,1357.849999999997,5.0,3.7800000000002,-0.0
2024-11-07 07:15:00,2024-11-07 08:45:00,Long,2660.27,2660.27,0.0,SL Hit,2660.27,1,1357.849999999997,90.0,-1.3600000000001273,7.139999999999873
2024-11-07 10:30:00,2024-11-07 19:00:00,Long,2672.3720000000003,2691.06,93.43999999999824,SL Hit,2691.06,5,1451.2899999999952,510.0,-8.332000000000335,27.567999999999756
2024-11-07 19:10:00,2024-11-07 19:30:00,Short,2691.7,2694.25,-2.550000000000182,SL Hit,2694.25,1,1448.739999999995,20.0,2.9600000000000364,-1.5799999999999272
2024-11-07 19:35:00,2024-11-07 20:00:00,Short,2694.54,2695.605,-1.0650000000000546,SL Hit,2695.605,1,1447.674999999995,25.0,4.970000000000255,-6.230000000000018
2024-11-08 05:25:00,2024-11-08 05:30:00,Long,2695.91,2695.205,-0.7049999999999272,SL Hit,2695.205,1,1446.969999999995,5.0,-1.319999999999709,0.07999999999992724
2024-11-08 13:35:00,2024-11-08 14:45:00,Long,2692.33,2689.6600000000003,-2.669999999999618,SL Hit,2689.6600000000003,1,1444.2999999999954,70.0,-4.019999999999982,11.570000000000164
2024-11-08 18:55:00,2024-11-08 19:35:00,Short,2684.16,2685.5699999999997,-1.4099999999998545,SL Hit,2685.5699999999997,1,1442.8899999999956,40.0,1.9400000000000546,-0.8999999999996362
2024-11-08 21:25:00,2024-11-08 21:50:00,Short,2683.75,2684.1099999999997,-0.3599999999996726,SL Hit,2684.1099999999997,1,1442.5299999999959,25.0,0.6700000000000728,-1.25
2024-11-11 05:25:00,2024-11-11 05:30:00,Short,2668.84,2669.53,-0.6900000000000546,SL Hit,2669.53,1,1441.8399999999958,5.0,0.7199999999997999,-0.2899999999999636
2024-11-11 08:00:00,2024-11-11 08:10:00,Short,2669.25,2669.835,-0.5850000000000364,SL Hit,2669.835,1,1441.2549999999958,10.0,2.1700000000000728,-0.44000000000005457
2024-11-11 08:30:00,2024-11-11 08:35:00,Short,2668.8,2670.4649999999997,-1.6649999999995089,SL Hit,2670.4649999999997,1,1439.5899999999963,5.0,1.7699999999999818,-1.150000000000091
2024-11-11 08:40:00,2024-11-11 08:55:00,Short,2670.44,2670.44,0.0,SL Hit,2670.44,1,1439.5899999999963,15.0,0.05999999999994543,-1.8600000000001273
2024-11-11 12:40:00,2024-11-11 18:40:00,Short,2643.7566666666667,2617.98,77.32999999999993,SL Hit,2617.98,3,1516.9199999999962,360.0,18.323333333333267,-33.08666666666659
2024-11-11 18:50:00,2024-11-12 03:35:00,Long,2620.876,2620.7,-0.8800000000019281,SL Hit,2620.7,5,1516.0399999999943,525.0,-3.6159999999999854,5.823999999999614
2024-11-12 03:40:00,2024-11-12 10:45:00,Short,2607.8050000000003,2596.15,69.9300000000012,SL Hit,2596.15,6,1585.9699999999955,425.0,13.21499999999969,-17.975000000000364
2024-11-12 11:35:00,2024-11-12 11:40:00,Long,2597.88,2595.69,-2.1900000000000546,SL Hit,2595.69,1,1583.7799999999954,5.0,-2.7800000000002,0.0
2024-11-12 14:40:00,2024-11-12 14:45:00,Long,2614.19,2612.06,-2.130000000000109,SL Hit,2612.06,1,1581.6499999999953,5.0,-2.200000000000273,1.599999999999909
2024-11-12 20:10:00,2024-11-12 20:15:00,Short,2596.74,2597.9550000000004,-1.2150000000006003,SL Hit,2597.9550000000004,1,1580.4349999999947,5.0,1.680000000000291,-0.8599999999996726
2024-11-12 20:50:00,2024-11-12 20:55:00,Long,2600.95,2599.3599999999997,-1.5900000000001455,SL Hit,2599.3599999999997,1,1578.8449999999946,5.0,-2.449999999999818,0.0
2024-11-13 00:45:00,2024-11-13 00:55:00,Long,2599.1,2598.71,-0.38999999999987267,SL Hit,2598.71,1,1578.4549999999947,10.0,-0.44000000000005457,0.4800000000000182
2024-11-13 05:15:00,2024-11-13 05:20:00,Short,2606.6,2606.915,-0.31500000000005457,SL Hit,2606.915,1,1578.1399999999946,5.0,0.47000000000025466,-0.4899999999997817
2024-11-13 08:20:00,2024-11-13 08:30:00,Short,2603.79,2606.7149999999997,-2.924999999999727,SL Hit,2606.7149999999997,1,1575.214999999995,10.0,4.320000000000164,-0.8400000000001455
2024-11-13 09:35:00,2024-11-13 09:45:00,Long,2610.58,2608.3,-2.2799999999997453,SL Hit,2608.3,1,1572.9349999999952,10.0,-2.569999999999709,0.07000000000016371
2024-11-13 11:15:00,2024-11-13 11:25:00,Long,2609.6,2608.76,-0.8399999999996908,SL Hit,2608.76,1,1572.0949999999955,10.0,-1.150000000000091,0.2699999999999818
2024-11-13 11:45:00,2024-11-13 11:50:00,Short,2608.5,2610.045,-1.5450000000000728,SL Hit,2610.045,1,1570.5499999999954,5.0,2.1599999999998545,-0.75
2024-11-13 13:35:00,2024-11-13 13:40:00,Long,2611.0,2611.0,0.0,SL Hit,2611.0,1,1570.5499999999954,5.0,-0.7199999999997999,3.0700000000001637
2024-11-13 14:45:00,2024-11-13 23:20:00,Short,2587.9579999999996,2576.92,55.18999999999778,SL Hit,2576.92,5,1625.7399999999932,515.0,20.112000000000535,-16.19799999999941
2024-11-14 05:30:00,2024-11-14 06:00:00,Short,2560.14,2560.14,0.0,SL Hit,2560.14,1,1625.7399999999932,30.0,0.18000000000029104,-4.599999999999909
2024-11-14 07:05:00,2024-11-14 07:30:00,Short,2555.19,2556.99,-1.7999999999997272,SL Hit,2556.99,1,1623.9399999999935,25.0,2.4400000000000546,-4.880000000000109
2024-11-14 14:05:00,2024-11-14 18:20:00,Long,2565.7799999999997,2567.7,5.760000000000218,SL Hit,2567.7,3,1629.6999999999937,255.0,-10.849999999999909,11.520000000000437
2024-11-14 18:30:00,2024-11-14 18:40:00,Short,2568.27,2570.58,-2.3099999999999454,SL Hit,2570.58,1,1627.3899999999937,10.0,2.6100000000001273,-0.8099999999999454
2024-11-14 20:15:00,2024-11-14 20:25:00,Short,2566.6,2571.1150000000002,-4.515000000000327,SL Hit,2571.1150000000002,1,1622.8749999999934,10.0,6.2800000000002,-0.05999999999994543
2024-11-15 10:05:00,2024-11-15 10:15:00,Short,2563.83,2565.1949999999997,-1.3649999999997817,SL Hit,2565.1949999999997,1,1621.5099999999936,10.0,2.0599999999999454,-0.650000000000091
2024-11-15 10:35:00,2024-11-15 12:10:00,Long,2570.0666666666666,2566.67,-10.1899999999996,SL Hit,2566.67,3,1611.319999999994,95.0,-3.7466666666664423,2.913333333333412
2024-11-15 12:15:00,2024-11-15 13:10:00,Short,2565.6,2572.98,-14.760000000000218,SL Hit,2572.98,2,1596.5599999999938,55.0,9.5300000000002,-0.5
2024-11-15 15:15:00,2024-11-15 15:20:00,Long,2572.6400000000003,2567.7,-9.880000000001019,SL Hit,2567.7,2,1586.6799999999928,5.0,-5.0600000000004,1.2499999999995453
2024-11-15 15:25:00,2024-11-17 23:00:00,Short,2564.636,2563.78,4.279999999998836,SL Hit,2563.78,5,1590.9599999999916,3335.0,8.514000000000124,-5.436000000000149
2024-11-18 08:20:00,2024-11-18 12:25:00,Long,2590.648,2590.52,-0.6400000000007822,SL Hit,2590.52,5,1590.3199999999908,245.0,-7.038000000000011,6.481999999999971
2024-11-18 12:30:00,2024-11-18 12:35:00,Short,2590.47,2592.255,-1.7850000000003092,SL Hit,2592.255,1,1588.5349999999905,5.0,3.9700000000002547,-0.0
2024-11-18 12:50:00,2024-11-18 12:55:00,Long,2594.91,2593.725,-1.1849999999999454,SL Hit,2593.725,1,1587.3499999999906,5.0,-1.7100000000000364,0.5
2024-11-18 19:00:00,2024-11-18 20:40:00,Long,2610.68,2608.41,-6.809999999999945,SL Hit,2608.41,3,1580.5399999999906,100.0,-3.3799999999996544,1.7000000000002728
2024-11-18 21:25:00,2024-11-18 21:30:00,Long,2611.03,2610.715,-0.31500000000005457,SL Hit,2610.715,1,1580.2249999999906,5.0,-0.7699999999999818,0.38999999999987267
2024-11-18 23:35:00,2024-11-18 23:40:00,Long,2612.35,2612.17,-0.1799999999998363,SL Hit,2612.17,1,1580.0449999999908,5.0,-0.849999999999909,0.2300000000000182
2024-11-18 23:55:00,2024-11-19 00:00:00,Long,2612.53,2611.87,-0.6600000000003092,SL Hit,2611.87,1,1579.3849999999904,5.0,-2.230000000000018,0.3799999999996544
2024-11-19 00:05:00,2024-11-19 05:00:00,Long,2615.61,2621.3,22.76000000000022,SL Hit,2621.3,4,1602.1449999999907,295.0,-4.559999999999945,9.730000000000018
2024-11-19 05:05:00,2024-11-19 05:15:00,Short,2622.5,2622.56,-0.05999999999994543,SL Hit,2622.56,1,1602.0849999999907,10.0,0.2800000000002001,-1.7100000000000364
2024-11-19 08:55:00,2024-11-19 14:15:00,Long,2630.48,2629.01,-2.9399999999996,SL Hit,2629.01,2,1599.1449999999911,320.0,-5.929999999999836,8.75
2024-11-19 14:45:00,2024-11-19 17:05:00,Short,2627.08,2628.31,-2.4600000000000364,SL Hit,2628.31,2,1596.684999999991,140.0,3.5799999999999272,-6.0
2024-11-19 23:30:00,2024-11-19 23:45:00,Long,2633.86,2633.41,-0.45000000000027285,SL Hit,2633.41,1,1596.2349999999908,15.0,-0.8600000000001273,1.0099999999997635
2024-11-20 02:35:00,2024-11-20 02:50:00,Long,2641.29,2639.625,-1.6649999999999636,SL Hit,2639.625,1,1594.5699999999908,15.0,-2.0599999999999454,0.0
2024-11-20 14:30:00,2024-11-20 18:20:00,Long,2646.066666666667,2647.9,5.4999999999990905,SL Hit,2647.9,3,1600.06999999999,230.0,-9.156666666667206,8.993333333332885
2024-11-20 18:30:00,2024-11-20 18:55:00,Short,2648.28,2649.0600000000004,-0.7800000000002001,SL Hit,2649.0600000000004,1,1599.2899999999897,25.0,0.9800000000000182,-1.4400000000000546
2024-11-21 03:05:00,2024-11-21 03:15:00,Short,2652.23,2652.485,-0.25500000000010914,SL Hit,2652.485,1,1599.0349999999896,10.0,0.9699999999997999,-0.9099999999998545
2024-11-21 07:25:00,2024-11-21 12:55:00,Long,2665.8433333333332,2663.44,-7.209999999999582,SL Hit,2663.44,3,1591.82499999999,330.0,-4.83333333333303,7.466666666666697
2024-11-21 13:00:00,2024-11-21 13:05:00,Short,2662.92,2665.0200000000004,-2.100000000000364,SL Hit,2665.0200000000004,1,1589.7249999999897,5.0,3.4299999999998363,-1.9200000000000728
2024-11-21 14:10:00,2024-11-21 14:40:00,Long,2667.96,2666.46,-1.5,SL Hit,2666.46,1,1588.2249999999897,30.0,-2.9600000000000364,3.380000000000109
2024-11-21 17:50:00,2024-11-21 18:05:00,Long,2669.41,2669.2750000000005,-0.13499999999930878,SL Hit,2669.2750000000005,1,1588.0899999999904,15.0,-0.34999999999990905,3.1600000000003092
2024-11-21 23:20:00,2024-11-21 23:50:00,Short,2668.26,2669.6549999999997,-1.394999999999527,SL Hit,2669.6549999999997,1,1586.6949999999908,30.0,1.569999999999709,-0.2600000000002183
2024-11-22 07:05:00,2024-11-22 07:10:00,Long,2692.24,2690.9800000000005,-1.2599999999993088,SL Hit,2690.9800000000005,1,1585.4349999999915,5.0,-1.7599999999997635,0.6100000000001273
2024-11-22 07:15:00,2024-11-22 13:10:00,Long,2698.2225,2697.25,-3.889999999999418,SL Hit,2697.25,4,1581.5449999999921,355.0,-7.632499999999709,11.6875
2024-11-22 13:15:00,2024-11-22 15:40:00,Short,2696.6000000000004,2704.44,-15.679999999999382,SL Hit,2704.44,2,1565.8649999999927,145.0,8.149999999999636,-12.090000000000146
2024-11-22 15:50:00,2024-11-22 16:00:00,Long,2701.19,2701.19,0.0,SL Hit,2701.19,1,1565.8649999999927,10.0,-0.21000000000003638,2.9400000000000546
2024-11-22 17:55:00,2024-11-25 14:05:00,Long,2707.6100000000006,2705.53,-8.320000000001528,SL Hit,2705.53,4,1557.5449999999912,4090.0,-38.55000000000064,8.209999999999582
2024-11-25 23:20:00,2024-11-25 23:30:00,Long,2627.6,2624.6,-3.0,SL Hit,2624.6,1,1554.5449999999912,10.0,-3.9099999999998545,0.0
2024-11-26 01:15:00,2024-11-26 01:25:00,Long,2625.59,2625.0950000000003,-0.49499999999989086,SL Hit,2625.0950000000003,1,1554.0499999999913,10.0,-1.2800000000002,3.0099999999997635
2024-11-26 12:05:00,2024-11-26 12:25:00,Long,2631.62,2630.7799999999997,-0.8400000000001455,SL Hit,2630.7799999999997,1,1553.2099999999912,20.0,-2.0,2.930000000000291
2024-11-26 14:40:00,2024-11-26 14:45:00,Short,2620.76,2624.195,-3.4349999999999454,SL Hit,2624.195,1,1549.7749999999912,5.0,4.389999999999873,-3.4100000000003092
2024-11-26 17:20:00,2024-11-26 17:25:00,Short,2626.26,2626.26,0.0,SL Hit,2626.26,1,1549.7749999999912,5.0,1.169999999999618,-1.2700000000004366
2024-11-27 00:40:00,2024-11-27 01:05:00,Short,2629.27,2629.27,0.0,SL Hit,2629.27,1,1549.7749999999912,25.0,0.1999999999998181,-2.0700000000001637
2024-11-27 04:10:00,2024-11-27 04:25:00,Short,2637.16,2638.6899999999996,-1.5299999999997453,SL Hit,2638.6899999999996,1,1548.2449999999915,15.0,2.9400000000000546,-0.6599999999998545
2024-11-27 08:25:00,2024-11-27 08:35:00,Long,2645.96,2645.87,-0.09000000000014552,SL Hit,2645.87,1,1548.1549999999913,10.0,-0.5900000000001455,2.5700000000001637
2024-11-27 11:15:00,2024-11-27 11:20:00,Short,2645.73,2648.22,-2.4899999999997817,SL Hit,2648.22,1,1545.6649999999916,5.0,2.869999999999891,-0.0
2024-11-27 12:20:00,2024-11-27 12:50:00,Long,2651.5,2651.5,0.0,SL Hit,2651.5,1,1545.6649999999916,30.0,-1.1399999999998727,3.2199999999998
2024-11-27 17:05:00,2024-11-27 17:10:00,Short,2638.74,2640.255,-1.5150000000003274,SL Hit,2640.255,1,1544.1499999999912,5.0,2.5700000000001637,-1.1299999999996544
2024-11-27 23:05:00,2024-11-28 00:30:00,Short,2636.1800000000003,2637.75,-3.139999999999418,SL Hit,2637.75,2,1541.0099999999918,85.0,1.699999999999818,-0.830000000000382
2024-11-28 00:35:00,2024-11-28 00:40:00,Long,2637.77,2637.6949999999997,-0.07500000000027285,SL Hit,2637.6949999999997,1,1540.9349999999915,5.0,-1.300000000000182,0.3200000000001637
2024-11-28 00:45:00,2024-11-28 00:50:00,Long,2637.17,2636.7650000000003,-0.40499999999974534,SL Hit,2636.7650000000003,1,1540.5299999999918,5.0,-1.4700000000002547,0.1999999999998181
2024-11-28 03:25:00,2024-11-28 12:20:00,Long,2637.33,2644.98,45.900000000000546,SL Hit,2644.98,6,1586.4299999999923,535.0,-8.929999999999836,11.829999999999927
2024-11-28 13:50:00,2024-11-28 14:20:00,Long,2646.44,2645.12,-1.3200000000001637,SL Hit,2645.12,1,1585.1099999999922,30.0,-1.4099999999998545,1.2799999999997453
2024-11-29 00:40:00,2024-11-29 00:45:00,Long,2638.89,2637.33,-1.5599999999999454,SL Hit,2637.33,1,1583.5499999999922,5.0,-1.900000000000091,0.0
2024-11-29 04:45:00,2024-11-29 04:50:00,Long,2659.97,2659.7450000000003,-0.2249999999994543,SL Hit,2659.7450000000003,1,1583.3249999999928,5.0,-0.45999999999958163,0.8800000000001091
2024-11-29 05:35:00,2024-11-29 05:40:00,Long,2662.69,2661.13,-1.5599999999999454,SL Hit,2661.13,1,1581.7649999999928,5.0,-2.150000000000091,0.38999999999987267
2024-11-29 08:30:00,2024-11-29 09:45:00,Short,2658.89,2662.48,-7.180000000000291,SL Hit,2662.48,2,1574.5849999999925,75.0,3.7400000000002365,-4.789999999999964
2024-11-29 10:20:00,2024-11-29 11:50:00,Long,2662.45,2660.9,-3.0999999999994543,SL Hit,2660.9,2,1571.484999999993,90.0,-1.7699999999999818,3.0100000000002183
2024-11-29 12:15:00,2024-11-29 12:20:00,Short,2660.78,2662.49,-1.7099999999995816,SL Hit,2662.49,1,1569.7749999999935,5.0,3.5099999999997635,-0.6700000000000728
2024-11-29 12:25:00,2024-12-02 07:05:00,Short,2647.874,2628.17,197.03999999999724,SL Hit,2628.17,10,1766.8149999999907,4000.0,16.496000000000095,-25.884000000000015
2024-12-02 07:10:00,2024-12-02 08:40:00,Long,2628.49,2627.15,-2.6799999999993815,SL Hit,2627.15,2,1764.1349999999914,90.0,-1.849999999999909,5.0
2024-12-02 08:45:00,2024-12-02 09:10:00,Short,2628.455,2632.31,-7.710000000000036,SL Hit,2632.31,2,1756.4249999999913,25.0,5.525000000000091,-1.1549999999997453
2024-12-02 13:30:00,2024-12-02 13:35:00,Long,2644.83,2643.0,-1.8299999999999272,SL Hit,2643.0,1,1754.5949999999914,5.0,-2.3299999999999272,1.4200000000000728
2024-12-02 13:50:00,2024-12-02 14:45:00,Long,2644.65,2643.5999999999995,-1.0500000000006366,SL Hit,2643.5999999999995,1,1753.5449999999908,55.0,-1.550000000000182,6.7599999999997635
2024-12-02 17:10:00,2024-12-02 20:20:00,Short,2639.47,2641.705,-2.2350000000001273,SL Hit,2641.705,1,1751.3099999999906,190.0,2.4400000000000546,-6.569999999999709
2024-12-02 20:35:00,2024-12-02 20:40:00,Long,2643.67,2641.975,-1.6950000000001637,SL Hit,2641.975,1,1749.6149999999905,5.0,-1.8699999999998909,0.38999999999987267
2024-12-03 01:50:00,2024-12-03 01:55:00,Short,2634.78,2636.325,-1.544999999999618,SL Hit,2636.325,1,1748.0699999999908,5.0,2.0299999999997453,-0.14000000000032742
2024-12-03 06:05:00,2024-12-03 07:35:00,Long,2644.02,2645.2,2.3599999999996726,SL Hit,2645.2,2,1750.4299999999905,90.0,-1.949999999999818,5.599999999999909
2024-12-03 07:40:00,2024-12-03 07:50:00,Short,2644.79,2645.6,-0.8099999999999454,SL Hit,2645.6,1,1749.6199999999906,10.0,1.1399999999998727,-0.38000000000010914
2024-12-03 07:55:00,2024-12-03 09:00:00,Short,2645.73,2645.97,-0.23999999999978172,SL Hit,2645.97,1,1749.3799999999908,65.0,2.0799999999999272,-6.460000000000036
2024-12-03 12:10:00,2024-12-03 13:15:00,Short,2642.04,2643.8399999999997,-1.7999999999997272,SL Hit,2643.8399999999997,1,1747.579999999991,65.0,2.4099999999998545,-3.980000000000018
2024-12-03 13:25:00,2024-12-03 13:35:00,Long,2644.5,2644.29,-0.21000000000003638,SL Hit,2644.29,1,1747.369999999991,10.0,-0.3400000000001455,2.2600000000002183
2024-12-03 15:25:00,2024-12-03 15:50:00,Short,2641.12,2641.63,-0.5100000000002183,SL Hit,2641.63,1,1746.8599999999908,25.0,0.5599999999999454,-4.789999999999964
2024-12-03 18:05:00,2024-12-03 18:35:00,Long,2646.885,2643.48,-6.8100000000004,SL Hit,2643.48,2,1740.0499999999904,30.0,-3.8850000000002183,1.5849999999995816
2024-12-03 18:40:00,2024-12-03 18:45:00,Short,2644.31,2644.31,0.0,SL Hit,2644.31,1,1740.0499999999904,5.0,1.1799999999998363,-0.9499999999998181
2024-12-03 23:25:00,2024-12-03 23:30:00,Short,2641.71,2641.89,-0.1799999999998363,SL Hit,2641.89,1,1739.8699999999906,5.0,0.42000000000007276,-0.6300000000001091
2024-12-04 00:45:00,2024-12-04 01:20:00,Short,2640.68,2641.19,-0.5100000000002183,SL Hit,2641.19,1,1739.3599999999904,35.0,1.050000000000182,-3.0399999999999636
2024-12-04 06:50:00,2024-12-04 07:00:00,Long,2650.89,2648.625,-2.2649999999998727,SL Hit,2648.625,1,1737.0949999999905,10.0,-3.1900000000000546,0.0
2024-12-04 10:40:00,2024-12-04 12:45:00,Long,2641.15,2640.925,-0.22499999999990905,SL Hit,2640.925,1,1736.8699999999906,125.0,-1.6100000000001273,6.199999999999818
2024-12-04 14:20:00,2024-12-04 19:00:00,Long,2649.93,2649.4,-1.589999999999236,SL Hit,2649.4,3,1735.2799999999913,280.0,-4.429999999999836,6.4900000000002365
2024-12-04 19:05:00,2024-12-04 19:10:00,Short,2649.98,2651.7650000000003,-1.7850000000003092,SL Hit,2651.7650000000003,1,1733.494999999991,5.0,2.9600000000000364,-1.1300000000001091
2024-12-05 01:45:00,2024-12-05 01:50:00,Short,2647.17,2647.17,0.0,SL Hit,2647.17,1,1733.494999999991,5.0,0.15999999999985448,-0.8600000000001273
2024-12-05 07:05:00,2024-12-05 07:10:00,Short,2646.85,2647.4950000000003,-0.6450000000004366,SL Hit,2647.4950000000003,1,1732.8499999999906,5.0,0.9500000000002728,-0.5399999999999636
2024-12-05 08:45:00,2024-12-05 10:05:00,Short,2646.04,2646.235,-0.1950000000001637,SL Hit,2646.235,1,1732.6549999999904,80.0,1.1900000000000546,-4.639999999999873
2024-12-05 11:35:00,2024-12-05 12:30:00,Long,2649.46,2647.7200000000003,-1.7399999999997817,SL Hit,2647.7200000000003,1,1730.9149999999906,55.0,-1.9200000000000728,2.9400000000000546
2024-12-05 13:05:00,2024-12-05 13:25:00,Long,2651.48,2647.54,-7.880000000000109,SL Hit,2647.54,2,1723.0349999999905,20.0,-5.150000000000091,1.4800000000000182
2024-12-05 14:50:00,2024-12-05 19:45:00,Short,2636.9466666666663,2631.1,17.539999999999054,SL Hit,2631.1,3,1740.5749999999896,295.0,9.433333333333849,-13.376666666666097
2024-12-05 19:55:00,2024-12-05 20:10:00,Long,2631.1,2629.3149999999996,-1.7850000000003092,SL Hit,2629.3149999999996,1,1738.7899999999893,15.0,-2.1799999999998363,0.49000000000023647
2024-12-05 21:15:00,2024-12-05 21:20:00,Long,2631.2,2630.9150000000004,-0.28499999999939973,SL Hit,2630.9150000000004,1,1738.5049999999899,5.0,-1.099999999999909,0.330000000000382
2024-12-05 23:25:00,2024-12-06 00:55:00,Long,2633.05,2630.4,-5.300000000000182,SL Hit,2630.4,2,1733.2049999999897,90.0,-4.690000000000055,0.669999999999618
2024-12-06 08:55:00,2024-12-06 10:10:00,Long,2643.1099999999997,2637.9,-10.419999999999163,SL Hit,2637.9,2,1722.7849999999905,75.0,-6.0099999999997635,2.050000000000182
2024-12-06 10:15:00,2024-12-06 12:15:00,Short,2638.41,2640.2700000000004,-1.860000000000582,SL Hit,2640.2700000000004,1,1720.92499999999,120.0,2.4700000000002547,-5.769999999999982
2024-12-06 13:05:00,2024-12-06 13:30:00,Short,2636.395,2641.26,-9.730000000000473,SL Hit,2641.26,2,1711.1949999999895,25.0,5.545000000000073,-4.6349999999997635
2024-12-06 13:35:00,2024-12-06 13:40:00,Long,2637.74,2634.365,-3.375,Bearish Trade Reversal,2634.365,1,1707.8199999999895,5.0,-2.25,5.2400000000002365
2024-12-06 13:40:00,2024-12-06 16:20:00,Short,2634.18,2640.29,-18.330000000000382,SL Hit,2640.29,3,1689.489999999989,160.0,7.7800000000002,-10.169999999999618
2024-12-06 16:25:00,2024-12-06 17:00:00,Long,2639.65,2638.525,-1.125,SL Hit,2638.525,1,1688.364999999989,35.0,-4.039999999999964,1.7399999999997817
2024-12-06 19:25:00,2024-12-06 20:00:00,Short,2634.97,2634.97,0.0,SL Hit,2634.97,1,1688.364999999989,35.0,0.42000000000007276,-2.0299999999997453
2024-12-09 01:25:00,2024-12-09 01:40:00,Long,2648.53,2645.9350000000004,-2.5949999999998,SL Hit,2645.9350000000004,1,1685.7699999999893,15.0,-3.3400000000001455,1.3399999999996908
2024-12-09 03:30:00,2024-12-09 06:50:00,Short,2641.78,2643.8199999999997,-2.039999999999509,SL Hit,2643.8199999999997,1,1683.7299999999898,200.0,2.4099999999998545,-7.480000000000018
2024-12-09 07:40:00,2024-12-09 08:35:00,Long,2646.63,2646.63,0.0,SL Hit,2646.63,1,1683.7299999999898,55.0,-0.5700000000001637,4.369999999999891
2024-12-09 11:15:00,2024-12-09 11:25:00,Long,2658.06,2656.7999999999997,-1.2600000000002183,SL Hit,2656.7999999999997,1,1682.4699999999896,10.0,-1.8400000000001455,2.0599999999999454
2024-12-09 11:30:00,2024-12-09 11:40:00,Long,2655.59,2655.035,-0.555000000000291,SL Hit,2655.035,1,1681.9149999999893,10.0,-1.6300000000001091,2.1799999999998363
2024-12-09 11:50:00,2024-12-09 13:30:00,Short,2656.545,2660.12,-7.149999999999636,SL Hit,2660.12,2,1674.7649999999896,100.0,3.6149999999997817,-3.0850000000000364
2024-12-09 13:35:00,2024-12-09 19:50:00,Long,2660.86,2659.495,-1.3650000000002365,SL Hit,2659.495,1,1673.3999999999894,375.0,-2.019999999999982,15.2199999999998
2024-12-10 00:15:00,2024-12-10 00:50:00,Short,2659.26,2661.45,-4.3799999999992,SL Hit,2661.45,2,1669.0199999999902,35.0,2.6599999999998545,-0.36000000000012733
2024-12-10 02:00:00,2024-12-10 07:50:00,Long,2668.1225,2665.97,-8.610000000000582,SL Hit,2665.97,4,1660.4099999999896,350.0,-3.162499999999909,5.3474999999998545
2024-12-10 09:55:00,2024-12-10 20:50:00,Long,2679.792,2690.8,55.04000000000133,SL Hit,2690.8,5,1715.449999999991,655.0,-16.771999999999935,15.608000000000175
2024-12-10 20:55:00,2024-12-10 21:05:00,Short,2691.48,2692.35,-0.8699999999998909,SL Hit,2692.35,1,1714.579999999991,10.0,1.0900000000001455,-0.010000000000218279
2024-12-10 21:40:00,2024-12-11 02:50:00,Long,2698.5733333333337,2698.59,0.049999999999272404,SL Hit,2698.59,3,1714.6299999999903,310.0,-6.67333333333363,5.336666666666133
2024-12-11 02:55:00,2024-12-11 09:55:00,Short,2695.18,2695.45,-1.0799999999999272,SL Hit,2695.45,4,1713.5499999999904,420.0,6.019999999999982,-21.11999999999989
2024-12-11 10:10:00,2024-12-11 10:35:00,Long,2695.46,2695.115,-0.34500000000025466,SL Hit,2695.115,1,1713.2049999999902,25.0,-2.0799999999999272,3.650000000000091
2024-12-11 13:05:00,2024-12-11 13:15:00,Long,2697.28,2696.3499999999995,-0.9300000000007458,SL Hit,2696.3499999999995,1,1712.2749999999894,10.0,-1.4200000000000728,0.4299999999998363
2024-12-11 13:25:00,2024-12-11 13:30:00,Short,2692.04,2696.6,-4.559999999999945,SL Hit,2696.6,1,1707.7149999999895,5.0,7.210000000000036,-0.5299999999997453
2024-12-11 14:55:00,2024-12-11 18:50:00,Long,2710.5666666666666,2714.08,10.539999999999964,SL Hit,2714.08,3,1718.2549999999894,235.0,-7.166666666666515,10.233333333333576
2024-12-11 18:55:00,2024-12-11 19:10:00,Short,2714.59,2715.34,-0.75,SL Hit,2715.34,1,1717.5049999999894,15.0,0.9400000000000546,-2.3900000000003274
2024-12-11 22:00:00,2024-12-11 23:00:00,Short,2717.1,2717.1,0.0,SL Hit,2717.1,1,1717.5049999999894,60.0,0.36999999999989086,-3.299999999999727
2024-12-11 23:05:00,2024-12-11 23:10:00,Short,2716.03,2716.54,-0.5099999999997635,SL Hit,2716.54,1,1716.9949999999897,5.0,0.669999999999618,-0.9400000000000546
2024-12-12 05:45:00,2024-12-12 05:55:00,Long,2713.45,2713.09,-0.3599999999996726,SL Hit,2713.09,1,1716.63499999999,10.0,-0.669999999999618,2.730000000000018
2024-12-12 06:55:00,2024-12-12 07:45:00,Long,2716.4,2715.9799999999996,-0.4200000000005275,SL Hit,2715.9799999999996,1,1716.2149999999895,50.0,-0.5,3.549999999999727
2024-12-12 10:15:00,2024-12-12 10:30:00,Short,2713.28,2713.28,0.0,SL Hit,2713.28,1,1716.2149999999895,15.0,0.6299999999996544,-3.100000000000364
2024-12-12 11:05:00,2024-12-13 00:50:00,Short,2696.8599999999997,2682.46,100.79999999999745,SL Hit,2682.46,7,1817.014999999987,825.0,15.950000000000273,-21.61999999999989
2024-12-13 06:15:00,2024-12-13 06:40:00,Short,2686.96,2687.83,-0.8699999999998909,SL Hit,2687.83,1,1816.144999999987,25.0,1.2899999999999636,-3.199999999999818
2024-12-13 08:50:00,2024-12-13 12:15:00,Short,2672.9166666666665,2669.7,9.650000000000091,SL Hit,2669.7,3,1825.794999999987,205.0,7.89333333333343,-9.616666666666333
2024-12-13 12:35:00,2024-12-13 13:30:00,Long,2669.905,2663.3,-13.210000000000036,SL Hit,2663.3,2,1812.584999999987,55.0,-7.325000000000273,2.7549999999996544
2024-12-13 13:35:00,2024-12-15 23:15:00,Short,2655.82,2649.66,18.480000000000928,SL Hit,2649.66,3,1831.064999999988,3460.0,9.199999999999818,-9.670000000000073
2024-12-15 23:20:00,2024-12-16 00:45:00,Long,2648.0,2647.8500000000004,-0.1499999999996362,SL Hit,2647.8500000000004,1,1830.9149999999884,85.0,-2.199999999999818,4.730000000000018
2024-12-16 00:50:00,2024-12-16 01:00:00,Short,2645.79,2647.6500000000005,-1.860000000000582,SL Hit,2647.6500000000005,1,1829.0549999999878,10.0,4.710000000000036,-2.380000000000109
2024-12-16 03:45:00,2024-12-16 04:45:00,Long,2653.61,2652.29,-1.3200000000001637,SL Hit,2652.29,1,1827.7349999999876,60.0,-1.7400000000002365,0.7199999999997999
2024-12-16 05:20:00,2024-12-16 05:25:00,Short,2650.82,2651.57,-0.75,SL Hit,2651.57,1,1826.9849999999876,5.0,1.1900000000000546,-0.01999999999998181
2024-12-16 06:35:00,2024-12-16 07:05:00,Long,2653.9,2651.83,-2.0700000000001637,SL Hit,2651.83,1,1824.9149999999875,30.0,-2.2400000000002365,0.0
2024-12-16 07:25:00,2024-12-16 07:30:00,Long,2654.28,2652.9300000000003,-1.349999999999909,SL Hit,2652.9300000000003,1,1823.5649999999875,5.0,-1.7900000000004184,0.2199999999997999
2024-12-16 07:45:00,2024-12-16 12:35:00,Long,2657.4625,2657.88,1.6700000000000728,SL Hit,2657.88,4,1825.2349999999876,290.0,-4.852499999999964,6.527499999999691
2024-12-16 12:40:00,2024-12-16 13:00:00,Short,2657.5,2661.205,-3.7049999999999272,SL Hit,2661.205,1,1821.5299999999877,20.0,4.860000000000127,-0.0
2024-12-16 14:25:00,2024-12-16 18:50:00,Short,2655.495,2655.21,1.139999999999418,SL Hit,2655.21,4,1822.669999999987,265.0,4.335000000000036,-6.264999999999873
2024-12-16 19:00:00,2024-12-16 19:20:00,Long,2655.34,2654.5,-0.8400000000001455,SL Hit,2654.5,1,1821.829999999987,20.0,-1.4600000000000364,0.1799999999998363
2024-12-16 21:30:00,2024-12-17 00:00:00,Short,2652.01,2652.85,-1.6799999999993815,SL Hit,2652.85,2,1820.1499999999876,150.0,1.2199999999998,-1.3100000000004002
2024-12-17 00:05:00,2024-12-17 00:10:00,Long,2652.52,2652.145,-0.375,SL Hit,2652.145,1,1819.7749999999876,5.0,-1.0099999999997635,0.0500000000001819
2024-12-17 00:45:00,2024-12-17 00:50:00,Short,2651.44,2652.19,-0.75,SL Hit,2652.19,1,1819.0249999999876,5.0,2.130000000000109,-0.0
2024-12-17 00:55:00,2024-12-17 01:00:00,Long,2653.83,2653.83,0.0,SL Hit,2653.83,1,1819.0249999999876,5.0,-0.32999999999992724,1.9200000000000728
2024-12-17 05:00:00,2024-12-17 05:15:00,Short,2651.19,2651.79,-0.599999999999909,SL Hit,2651.79,1,1818.4249999999877,15.0,0.599999999999909,-1.7899999999999636
2024-12-17 06:40:00,2024-12-17 07:05:00,Short,2649.82,2649.82,0.0,SL Hit,2649.82,1,1818.4249999999877,25.0,0.25,-3.25
2024-12-17 08:30:00,2024-12-17 08:45:00,Short,2647.61,2649.23,-1.6199999999998909,SL Hit,2649.23,1,1816.8049999999878,15.0,1.6199999999998909,-1.800000000000182
2024-12-17 12:05:00,2024-12-17 12:10:00,Long,2643.35,2641.715,-1.6349999999997635,SL Hit,2641.715,1,1815.169999999988,5.0,-2.119999999999891,0.0
2024-12-17 12:15:00,2024-12-17 13:30:00,Long,2642.38,2640.535,-1.8450000000002547,SL Hit,2640.535,1,1813.3249999999878,75.0,-2.7600000000002183,4.170000000000073
2024-12-17 14:00:00,2024-12-17 14:25:00,Short,2637.37,2640.46,-3.0900000000001455,SL Hit,2640.46,1,1810.2349999999876,25.0,3.5599999999999454,-4.5
2024-12-17 15:20:00,2024-12-17 16:30:00,Long,2640.44,2637.23,-9.63000000000011,SL Hit,2637.23,3,1800.6049999999875,70.0,-3.5300000000002,2.1100000000001273
2024-12-17 16:35:00,2024-12-17 17:30:00,Short,2637.33,2642.58,-5.25,SL Hit,2642.58,1,1795.3549999999875,55.0,5.789999999999964,-0.0
2024-12-17 17:40:00,2024-12-17 20:05:00,Long,2644.3450000000003,2644.8,0.9099999999998545,SL Hit,2644.8,2,1796.2649999999874,145.0,-2.225000000000364,4.434999999999945
2024-12-17 20:10:00,2024-12-17 20:25:00,Short,2645.49,2646.51,-1.0200000000004366,SL Hit,2646.51,1,1795.244999999987,15.0,1.0600000000004002,-0.569999999999709
2024-12-18 00:25:00,2024-12-18 04:00:00,Long,2646.91,2644.4,-5.019999999999527,SL Hit,2644.4,2,1790.2249999999874,215.0,-3.3099999999999454,4.570000000000164
2024-12-18 04:40:00,2024-12-18 05:15:00,Short,2644.17,2646.375,-2.2049999999999272,SL Hit,2646.375,1,1788.0199999999875,35.0,2.400000000000091,-0.25
2024-12-18 07:35:00,2024-12-18 08:30:00,Short,2644.1949999999997,2646.96,-5.530000000000655,SL Hit,2646.96,2,1782.4899999999868,55.0,2.7950000000000728,-1.9849999999996726
2024-12-18 08:35:00,2024-12-18 08:45:00,Short,2646.75,2648.205,-1.4549999999999272,SL Hit,2648.205,1,1781.034999999987,10.0,2.0399999999999636,-0.0
2024-12-18 10:00:00,2024-12-18 10:05:00,Short,2646.56,2647.3999999999996,-0.8399999999996908,SL Hit,2647.3999999999996,1,1780.1949999999872,5.0,0.900000000000091,-0.5799999999999272
2024-12-18 12:50:00,2024-12-18 13:20:00,Short,2644.26,2645.2349999999997,-0.9749999999994543,SL Hit,2645.2349999999997,1,1779.2199999999877,30.0,2.6099999999996726,-2.7400000000002365
2024-12-18 17:35:00,2024-12-18 17:45:00,Long,2639.09,2637.3199999999997,-1.7700000000004366,SL Hit,2637.3199999999997,1,1777.4499999999873,10.0,-1.9400000000000546,0.0
2024-12-18 18:45:00,2024-12-18 18:55:00,Short,2636.23,2636.425,-0.1950000000001637,SL Hit,2636.425,1,1777.2549999999871,10.0,0.4499999999998181,-0.8400000000001455
2024-12-18 19:00:00,2024-12-19 00:25:00,Short,2612.25,2591.74,61.530000000000655,SL Hit,2591.74,3,1838.7849999999878,325.0,24.340000000000146,-29.170000000000073
2024-12-19 06:00:00,2024-12-19 06:20:00,Short,2607.22,2608.045,-0.8250000000002728,SL Hit,2608.045,1,1837.9599999999875,20.0,1.0600000000004002,-4.209999999999582
2024-12-19 09:45:00,2024-12-19 10:00:00,Long,2619.2,2619.2,0.0,SL Hit,2619.2,1,1837.9599999999875,15.0,-1.4699999999998,2.6100000000001273
2024-12-19 11:55:00,2024-12-19 18:35:00,Short,2601.5166666666664,2595.98,16.609999999999218,SL Hit,2595.98,3,1854.5699999999867,400.0,16.30333333333374,-14.506666666666206
2024-12-19 19:45:00,2024-12-19 19:55:00,Long,2599.77,2597.25,-2.519999999999982,SL Hit,2597.25,1,1852.0499999999868,10.0,-2.9400000000000546,0.5599999999999454
2024-12-19 20:15:00,2024-12-19 20:40:00,Short,2597.24,2599.7749999999996,-2.5349999999998545,SL Hit,2599.7749999999996,1,1849.514999999987,25.0,2.7600000000002183,-0.0
2024-12-19 20:55:00,2024-12-20 01:10:00,Short,2595.2766666666666,2596.57,-3.880000000000564,SL Hit,2596.57,3,1845.6349999999863,255.0,3.8233333333332666,-6.076666666666824
2024-12-20 05:35:00,2024-12-20 05:40:00,Short,2598.58,2599.78,-1.2000000000002728,SL Hit,2599.78,1,1844.434999999986,5.0,1.849999999999909,-0.5900000000001455
2024-12-20 05:55:00,2024-12-20 06:00:00,Long,2600.3,2599.4299999999994,-0.8700000000008004,SL Hit,2599.4299999999994,1,1843.5649999999853,5.0,-1.3600000000001273,0.4600000000000364
2024-12-20 06:10:00,2024-12-20 11:00:00,Long,2604.1733333333336,2603.28,-2.680000000000291,SL Hit,2603.28,3,1840.884999999985,290.0,-3.8033333333337396,3.3166666666661513
2024-12-20 11:05:00,2024-12-20 11:55:00,Short,2603.97,2604.375,-0.4050000000002001,SL Hit,2604.375,1,1840.4799999999848,50.0,0.6700000000000728,-4.669999999999618
2024-12-20 13:35:00,2024-12-20 17:35:00,Long,2614.616666666667,2622.37,23.25999999999931,SL Hit,2622.37,3,1863.739999999984,240.0,-8.876666666667006,16.31333333333305
2024-12-22 23:45:00,2024-12-22 23:50:00,Long,2622.3,2622.3,0.0,SL Hit,2622.3,1,1863.739999999984,5.0,-0.1000000000003638,1.9899999999997817
2024-12-23 00:45:00,2024-12-23 02:10:00,Short,2619.64,2623.82,-8.360000000000582,SL Hit,2623.82,2,1855.3799999999835,85.0,6.329999999999927,-1.6399999999998727
2024-12-23 02:25:00,2024-12-23 03:30:00,Long,2623.65,2623.0650000000005,-0.5849999999995816,SL Hit,2623.0650000000005,1,1854.794999999984,65.0,-1.400000000000091,3.5099999999997635
2024-12-23 06:25:00,2024-12-23 09:55:00,Long,2629.943333333333,2625.99,-11.860000000000127,SL Hit,2625.99,3,1842.9349999999838,210.0,-4.013333333333321,3.0366666666668607
2024-12-23 10:00:00,2024-12-23 13:35:00,Short,2620.63,2618.46,4.3400000000001455,SL Hit,2618.46,2,1847.274999999984,215.0,5.75,-7.450000000000273
2024-12-23 13:40:00,2024-12-23 13:55:00,Long,2618.06,2617.565,-0.49499999999989086,SL Hit,2617.565,1,1846.779999999984,15.0,-0.9800000000000182,1.5799999999999272
2024-12-23 21:00:00,2024-12-23 21:20:00,Short,2610.67,2610.97,-0.29999999999972715,SL Hit,2610.97,1,1846.4799999999843,20.0,0.7399999999997817,-0.8699999999998909
2024-12-24 01:10:00,2024-12-24 08:45:00,Long,2617.2200000000003,2617.63,2.0499999999992724,SL Hit,2617.63,5,1848.5299999999836,455.0,-2.7400000000002365,3.9699999999998
2024-12-24 09:05:00,2024-12-24 16:30:00,Short,2614.7999999999997,2616.89,-6.270000000000437,SL Hit,2616.89,3,1842.2599999999832,445.0,3.3200000000001637,-4.899999999999636
2024-12-24 16:40:00,2024-12-24 16:55:00,Long,2615.8,2615.8,0.0,SL Hit,2615.8,1,1842.2599999999832,15.0,-1.2000000000002728,1.7100000000000364
2024-12-25 23:35:00,2024-12-26 05:05:00,Long,2622.8925,2625.8,11.630000000001019,SL Hit,2625.8,4,1853.8899999999842,330.0,-5.792500000000018,5.887500000000273
2024-12-26 05:10:00,2024-12-26 07:10:00,Short,2626.3900000000003,2628.78,-4.779999999999745,SL Hit,2628.78,2,1849.1099999999844,120.0,2.4699999999998,-2.1900000000005093
2024-12-26 07:15:00,2024-12-26 07:20:00,Long,2627.23,2624.725,-2.505000000000109,SL Hit,2624.725,1,1846.6049999999843,5.0,-3.269999999999982,0.0
2024-12-26 12:15:00,2024-12-26 12:25:00,Short,2625.15,2626.1850000000004,-1.0350000000003092,SL Hit,2626.1850000000004,1,1845.569999999984,10.0,1.2399999999997817,-0.5500000000001819
2024-12-26 12:30:00,2024-12-26 13:00:00,Short,2626.11,2627.61,-1.5,SL Hit,2627.61,1,1844.069999999984,30.0,4.129999999999654,-1.1100000000001273
2024-12-26 13:05:00,2024-12-26 13:20:00,Long,2630.16,2628.36,-1.7999999999997272,SL Hit,2628.36,1,1842.2699999999843,15.0,-3.4099999999998545,0.19000000000005457
2024-12-26 13:40:00,2024-12-26 15:00:00,Short,2624.415,2630.35,-11.86999999999989,SL Hit,2630.35,2,1830.3999999999844,80.0,6.345000000000255,-2.6149999999997817
2024-12-26 20:20:00,2024-12-26 20:25:00,Long,2635.94,2635.205,-0.7350000000001273,SL Hit,2635.205,1,1829.6649999999843,5.0,-1.0199999999999818,0.19000000000005457
2024-12-27 02:25:00,2024-12-27 02:30:00,Short,2630.31,2630.4750000000004,-0.16500000000041837,SL Hit,2630.4750000000004,1,1829.4999999999839,5.0,0.2300000000000182,-1.0
2024-12-27 06:55:00,2024-12-27 07:50:00,Long,2633.93,2633.81,-0.11999999999989086,SL Hit,2633.81,1,1829.379999999984,55.0,-0.9400000000000546,3.880000000000109
2024-12-27 11:30:00,2024-12-27 12:55:00,Long,2625.68,2625.68,0.0,SL Hit,2625.68,1,1829.379999999984,85.0,-0.34999999999990905,5.730000000000018
2024-12-27 13:15:00,2024-12-27 15:45:00,Short,2619.75,2618.4,2.699999999999818,SL Hit,2618.4,2,1832.0799999999838,150.0,7.329999999999927,-8.449999999999818
2024-12-27 16:00:00,2024-12-27 16:10:00,Long,2618.17,2617.255,-0.9149999999999636,SL Hit,2617.255,1,1831.1649999999838,10.0,-1.9099999999998545,0.4299999999998363
2024-12-27 16:35:00,2024-12-27 16:40:00,Long,2617.52,2617.52,0.0,SL Hit,2617.52,1,1831.1649999999838,5.0,-0.8800000000001091,1.1700000000000728
2024-12-27 16:55:00,2024-12-27 17:00:00,Long,2617.38,2616.93,-0.45000000000027285,SL Hit,2616.93,1,1830.7149999999835,5.0,-1.7400000000002365,0.9299999999998363
2024-12-27 20:25:00,2024-12-27 21:55:00,Short,2613.44,2621.18,-15.479999999999563,SL Hit,2621.18,2,1815.234999999984,90.0,7.739999999999782,-0.9099999999998545
2024-12-30 01:30:00,2024-12-30 04:30:00,Long,2625.42,2622.89,-10.1200000000008,SL Hit,2622.89,4,1805.1149999999832,180.0,-2.9900000000002365,2.5
2024-12-30 04:50:00,2024-12-30 05:10:00,Short,2623.23,2623.23,0.0,SL Hit,2623.23,1,1805.1149999999832,20.0,0.15999999999985448,-2.630000000000109
2024-12-30 05:40:00,2024-12-30 06:00:00,Short,2621.71,2623.89,-4.359999999999673,SL Hit,2623.89,2,1800.7549999999835,20.0,2.699999999999818,-0.599999999999909
2024-12-30 06:05:00,2024-12-30 06:10:00,Long,2623.91,2623.205,-0.7049999999999272,SL Hit,2623.205,1,1800.0499999999836,5.0,-1.2599999999997635,0.41000000000030923
2024-12-30 06:45:00,2024-12-30 06:50:00,Short,2619.65,2619.65,0.0,SL Hit,2619.65,1,1800.0499999999836,5.0,0.19000000000005457,-1.5100000000002183
2024-12-30 11:25:00,2024-12-30 13:35:00,Long,2618.0966666666664,2615.54,-7.669999999999163,SL Hit,2615.54,3,1792.3799999999844,130.0,-4.186666666666497,4.243333333333794
2024-12-30 13:40:00,2024-12-30 19:40:00,Short,2609.785,2606.57,6.4299999999993815,SL Hit,2606.57,2,1798.8099999999838,360.0,5.894999999999982,-13.585000000000036
2024-12-30 19:50:00,2024-12-31 03:45:00,Long,2606.7875,2604.0,-11.149999999999636,SL Hit,2604.0,4,1787.6599999999842,475.0,-3.487499999999727,4.4025000000001455
2024-12-31 03:50:00,2024-12-31 03:55:00,Short,2604.6,2604.6450000000004,-0.04500000000052751,SL Hit,2604.6450000000004,1,1787.6149999999836,5.0,0.21000000000003638,-1.0399999999999636
2024-12-31 04:05:00,2024-12-31 04:35:00,Short,2604.33,2605.4849999999997,-1.1549999999997453,SL Hit,2605.4849999999997,1,1786.459999999984,30.0,1.4099999999998545,-0.19000000000005457
2024-12-31 06:00:00,2024-12-31 06:20:00,Short,2604.18,2605.38,-1.2000000000002728,SL Hit,2605.38,1,1785.2599999999836,20.0,3.430000000000291,-0.6799999999998363
2024-12-31 06:30:00,2024-12-31 10:20:00,Long,2609.8233333333333,2613.23,10.220000000000255,SL Hit,2613.23,3,1795.4799999999839,230.0,-4.523333333333085,7.756666666666661
2024-12-31 10:25:00,2024-12-31 13:25:00,Short,2611.8050000000003,2613.75,-3.889999999999418,SL Hit,2613.75,2,1791.5899999999845,180.0,2.774999999999636,-6.225000000000364
2024-12-31 14:45:00,2024-12-31 14:50:00,Long,2614.27,2613.2349999999997,-1.0350000000003092,SL Hit,2613.2349999999997,1,1790.5549999999841,5.0,-1.900000000000091,0.5599999999999454
2024-12-31 16:45:00,2024-12-31 17:30:00,Long,2626.42,2624.0200000000004,-2.399999999999636,SL Hit,2624.0200000000004,1,1788.1549999999845,45.0,-2.5599999999999454,0.7999999999997272
2025-01-02 04:35:00,2025-01-02 04:50:00,Short,2632.6,2632.6,0.0,SL Hit,2632.6,1,1788.1549999999845,15.0,1.180000000000291,-1.5
2025-01-02 05:45:00,2025-01-02 06:00:00,Long,2634.58,2633.755,-0.8249999999998181,SL Hit,2633.755,1,1787.3299999999847,15.0,-2.819999999999709,0.7699999999999818
2025-01-02 08:05:00,2025-01-02 08:10:00,Long,2636.06,2634.71,-1.349999999999909,SL Hit,2634.71,1,1785.9799999999848,5.0,-2.150000000000091,0.6900000000000546
2025-01-02 08:35:00,2025-01-02 08:45:00,Short,2633.6949999999997,2636.75,-6.110000000000582,SL Hit,2636.75,2,1779.8699999999842,10.0,3.9150000000004184,-1.3549999999995634
2025-01-02 08:50:00,2025-01-02 13:10:00,Long,2640.2225000000003,2640.31,0.3499999999985448,SL Hit,2640.31,4,1780.2199999999827,260.0,-8.22250000000031,6.117499999999836
2025-01-02 14:00:00,2025-01-03 01:40:00,Long,2654.6466666666665,2656.9,13.520000000001346,SL Hit,2656.9,6,1793.739999999984,700.0,-14.126666666666551,7.243333333333339
2025-01-03 02:10:00,2025-01-03 02:15:00,Short,2659.13,2660.2250000000004,-1.0950000000002547,SL Hit,2660.2250000000004,1,1792.6449999999838,5.0,4.319999999999709,-0.4800000000000182
2025-01-03 02:20:00,2025-01-03 02:25:00,Long,2661.88,2659.63,-2.25,SL Hit,2659.63,1,1790.3949999999838,5.0,-3.150000000000091,0.15999999999985448
2025-01-03 03:10:00,2025-01-03 03:40:00,Long,2662.45,2662.1950000000006,-0.25499999999919964,SL Hit,2662.1950000000006,1,1790.1399999999846,30.0,-0.3799999999996544,2.350000000000364
2025-01-03 16:30:00,2025-01-03 16:35:00,Short,2641.4,2643.0650000000005,-1.6650000000004184,SL Hit,2643.0650000000005,1,1788.4749999999842,5.0,1.6900000000000546,-0.6300000000001091
2025-01-03 20:00:00,2025-01-03 21:45:00,Short,2639.03,2640.2,-1.169999999999618,SL Hit,2640.2,1,1787.3049999999846,105.0,1.6199999999998909,-2.930000000000291
2025-01-06 01:05:00,2025-01-06 02:00:00,Long,2640.98,2640.875,-0.10500000000001819,SL Hit,2640.875,1,1787.1999999999846,55.0,-1.1700000000000728,6.0300000000002
2025-01-06 03:45:00,2025-01-06 03:50:00,Short,2640.49,2640.835,-0.34500000000025466,SL Hit,2640.835,1,1786.8549999999843,5.0,0.5,-1.7899999999999636
2025-01-06 04:00:00,2025-01-06 09:00:00,Short,2633.0,2633.31,-0.9299999999998363,SL Hit,2633.31,3,1785.9249999999845,300.0,7.639999999999873,-7.610000000000127
2025-01-06 11:15:00,2025-01-06 13:25:00,Long,2642.1400000000003,2642.07,-0.14000000000032742,SL Hit,2642.07,2,1785.7849999999842,130.0,-5.610000000000127,6.7599999999997635
2025-01-06 13:30:00,2025-01-06 16:30:00,Short,2635.853333333333,2639.23,-10.130000000001019,SL Hit,2639.23,3,1775.6549999999831,180.0,6.826666666666824,-21.193333333333157
2025-01-06 16:35:00,2025-01-06 17:15:00,Long,2638.09,2638.09,0.0,SL Hit,2638.09,1,1775.6549999999831,40.0,-0.3200000000001637,2.9400000000000546
2025-01-06 20:30:00,2025-01-06 20:40:00,Short,2633.98,2634.0699999999997,-0.08999999999969077,SL Hit,2634.0699999999997,1,1775.5649999999835,10.0,0.40000000000009095,-0.6300000000001091
2025-01-07 00:40:00,2025-01-07 00:45:00,Short,2633.2,2634.0099999999998,-0.8099999999999454,SL Hit,2634.0099999999998,1,1774.7549999999835,5.0,1.3500000000003638,-0.25999999999976353
2025-01-07 01:05:00,2025-01-07 04:45:00,Long,2636.8566666666666,2636.91,0.15999999999985448,SL Hit,2636.91,3,1774.9149999999834,220.0,-1.6966666666667152,4.153333333333649
2025-01-07 04:50:00,2025-01-07 05:15:00,Short,2638.5,2640.0,-1.5,SL Hit,2640.0,1,1773.4149999999834,25.0,2.1700000000000728,-1.3699999999998909
2025-01-07 10:35:00,2025-01-07 10:45:00,Long,2643.36,2643.36,0.0,SL Hit,2643.36,1,1773.4149999999834,10.0,-0.5599999999999454,1.2100000000000364
2025-01-07 11:00:00,2025-01-07 11:15:00,Long,2643.41,2643.41,0.0,SL Hit,2643.41,1,1773.4149999999834,15.0,-0.4800000000000182,3.3700000000003456
2025-01-07 17:35:00,2025-01-07 17:40:00,Long,2653.3,2651.755,-1.5450000000000728,SL Hit,2651.755,1,1771.8699999999833,5.0,-2.180000000000291,0.4899999999997817
2025-01-07 19:25:00,2025-01-07 19:30:00,Short,2647.52,2647.79,-0.2699999999999818,SL Hit,2647.79,1,1771.5999999999833,5.0,0.6399999999998727,-0.8200000000001637
2025-01-07 19:35:00,2025-01-07 19:40:00,Short,2648.16,2648.535,-0.375,SL Hit,2648.535,1,1771.2249999999833,5.0,1.6900000000000546,-0.6900000000000546
2025-01-07 21:00:00,2025-01-07 21:35:00,Long,2650.22,2649.035,-1.1849999999999454,SL Hit,2649.035,1,1770.0399999999834,35.0,-1.819999999999709,0.0
2025-01-08 00:35:00,2025-01-08 01:00:00,Long,2650.74,2648.3,-4.8799999999992,SL Hit,2648.3,2,1765.1599999999842,25.0,-2.4699999999998,0.45000000000027285
2025-01-08 01:05:00,2025-01-08 02:50:00,Short,2648.42,2649.6800000000003,-1.2600000000002183,SL Hit,2649.6800000000003,1,1763.899999999984,105.0,1.7100000000000364,-3.3200000000001637
2025-01-08 04:45:00,2025-01-08 04:55:00,Short,2646.05,2646.3349999999996,-0.28499999999939973,SL Hit,2646.3349999999996,1,1763.6149999999845,10.0,0.6899999999995998,-1.650000000000091
2025-01-08 09:15:00,2025-01-08 09:20:00,Long,2653.68,2652.99,-0.6900000000000546,SL Hit,2652.99,1,1762.9249999999845,5.0,-1.1399999999998727,0.3000000000001819
2025-01-08 09:35:00,2025-01-08 09:45:00,Long,2653.85,2653.04,-0.8099999999999454,SL Hit,2653.04,1,1762.1149999999845,10.0,-2.049999999999727,0.5100000000002183
2025-01-08 10:40:00,2025-01-08 11:05:00,Long,2654.46,2651.7,-5.520000000000437,SL Hit,2651.7,2,1756.594999999984,25.0,-2.9299999999998363,0.4800000000000182
2025-01-08 11:10:00,2025-01-08 13:00:00,Short,2652.14,2654.94,-5.600000000000364,SL Hit,2654.94,2,1750.9949999999837,110.0,4.180000000000291,-6.359999999999673
2025-01-08 13:35:00,2025-01-08 17:25:00,Long,2663.4533333333334,2662.86,-1.7799999999997453,SL Hit,2662.86,3,1749.214999999984,230.0,-10.783333333333303,6.3066666666668425
2025-01-09 02:20:00,2025-01-09 03:10:00,Short,2657.285,2660.73,-6.890000000000327,SL Hit,2660.73,2,1742.3249999999837,50.0,3.7350000000001273,-0.8849999999997635
2025-01-09 03:15:00,2025-01-09 03:25:00,Long,2660.46,2659.1099999999997,-1.3500000000003638,SL Hit,2659.1099999999997,1,1740.9749999999833,10.0,-1.4600000000000364,0.17000000000007276
2025-01-09 03:35:00,2025-01-09 03:50:00,Long,2661.26,2660.3450000000003,-0.9149999999999636,SL Hit,2660.3450000000003,1,1740.0599999999833,15.0,-1.6000000000003638,0.6799999999998363
2025-01-09 08:40:00,2025-01-09 14:00:00,Long,2669.295,2671.4,4.210000000000036,SL Hit,2671.4,2,1744.2699999999834,320.0,-7.764999999999873,8.554999999999836
2025-01-09 14:10:00,2025-01-09 21:45:00,Short,2671.228333333333,2670.58,3.8899999999985084,SL Hit,2670.58,6,1748.159999999982,455.0,4.3316666666669335,-8.438333333333048
2025-01-09 21:50:00,2025-01-09 23:05:00,Long,2670.26,2669.57,-0.6900000000000546,SL Hit,2669.57,1,1747.4699999999818,75.0,-1.3600000000001273,0.5299999999997453
2025-01-10 00:40:00,2025-01-10 01:00:00,Long,2670.01,2669.7999999999997,-0.21000000000049113,SL Hit,2669.7999999999997,1,1747.2599999999813,20.0,-0.3000000000001819,0.8599999999996726
2025-01-10 01:05:00,2025-01-10 01:10:00,Long,2670.45,2670.45,0.0,SL Hit,2670.45,1,1747.2599999999813,5.0,-0.4399999999995998,1.0199999999999818
2025-01-10 01:15:00,2025-01-10 01:20:00,Long,2670.75,2666.7749999999996,-3.975000000000364,Bearish Trade Reversal,2666.7749999999996,1,1743.284999999981,5.0,-2.650000000000091,0.0
2025-01-10 01:20:00,2025-01-10 01:25:00,Short,2669.92,2670.73,-0.8099999999999454,SL Hit,2670.73,1,1742.474999999981,5.0,1.6799999999998363,-0.5199999999999818
2025-01-10 01:40:00,2025-01-10 04:10:00,Long,2671.8575,2672.56,2.8099999999994907,SL Hit,2672.56,4,1745.2849999999805,150.0,-2.3575000000000728,2.662499999999909
2025-01-10 04:15:00,2025-01-10 05:25:00,Short,2673.09,2673.9749999999995,-0.8849999999993088,SL Hit,2673.9749999999995,1,1744.3999999999812,70.0,1.0899999999996908,-2.4900000000002365
2025-01-10 05:50:00,2025-01-10 07:45:00,Long,2674.12,2674.0750000000003,-0.04499999999961801,SL Hit,2674.0750000000003,1,1744.3549999999816,115.0,-0.31999999999970896,4.300000000000182
2025-01-10 09:30:00,2025-01-10 12:10:00,Long,2680.6475,2678.4,-8.989999999999782,SL Hit,2678.4,4,1735.3649999999818,160.0,-2.837500000000091,2.1525000000001455
2025-01-10 12:50:00,2025-01-10 13:10:00,Short,2679.51,2679.615,-0.10499999999956344,SL Hit,2679.615,1,1735.2599999999823,20.0,0.599999999999909,-4.3100000000004
2025-01-10 13:15:00,2025-01-10 13:20:00,Short,2680.07,2680.07,0.0,SL Hit,2680.07,1,1735.2599999999823,5.0,0.4499999999998181,-1.830000000000382
2025-01-10 14:10:00,2025-01-10 18:25:00,Long,2686.16,2687.38,2.4400000000005093,SL Hit,2687.38,2,1737.6999999999828,255.0,-5.039999999999964,11.230000000000018
2025-01-10 18:30:00,2025-01-10 20:05:00,Short,2687.71,2688.0999999999995,-0.3899999999994179,SL Hit,2688.0999999999995,1,1737.3099999999833,95.0,0.8400000000001455,-3.230000000000018
2025-01-13 04:10:00,2025-01-13 04:15:00,Long,2689.76,2688.5,-1.2600000000002183,SL Hit,2688.5,1,1736.0499999999831,5.0,-2.080000000000382,0.33999999999969077
2025-01-13 04:40:00,2025-01-13 04:45:00,Short,2684.49,2685.9750000000004,-1.485000000000582,SL Hit,2685.9750000000004,1,1734.5649999999825,5.0,1.8800000000001091,-0.0
2025-01-13 05:40:00,2025-01-13 05:45:00,Short,2684.32,2684.59,-0.2699999999999818,SL Hit,2684.59,1,1734.2949999999826,5.0,0.5099999999997635,-0.7400000000002365
2025-01-13 05:50:00,2025-01-13 05:55:00,Short,2685.25,2686.495,-1.2449999999998909,SL Hit,2686.495,1,1733.0499999999827,5.0,1.5399999999999636,-1.0700000000001637
2025-01-13 06:25:00,2025-01-13 06:35:00,Long,2690.76,2689.44,-1.3200000000001637,SL Hit,2689.44,1,1731.7299999999825,10.0,-1.4500000000002728,0.4399999999995998
2025-01-13 09:30:00,2025-01-13 20:30:00,Short,2666.208,2660.42,28.940000000000055,SL Hit,2660.42,5,1760.6699999999826,660.0,21.822000000000116,-9.327999999999975
2025-01-14 02:40:00,2025-01-14 03:20:00,Long,2670.38,2668.53,-3.699999999999818,SL Hit,2668.53,2,1756.9699999999827,40.0,-1.8800000000001091,1.6799999999998363
2025-01-14 03:25:00,2025-01-14 03:30:00,Short,2669.71,2670.9400000000005,-1.230000000000473,SL Hit,2670.9400000000005,1,1755.7399999999823,5.0,2.130000000000109,-0.9400000000000546
2025-01-14 04:25:00,2025-01-14 04:35:00,Short,2669.52,2670.03,-0.5100000000002183,SL Hit,2670.03,1,1755.229999999982,10.0,0.7400000000002365,-0.40000000000009095
2025-01-14 04:50:00,2025-01-14 05:35:00,Long,2672.64,2668.38,-8.519999999999527,SL Hit,2668.38,2,1746.7099999999825,45.0,-4.440000000000055,2.430000000000291
2025-01-14 05:40:00,2025-01-14 07:00:00,Short,2669.43,2670.0,-0.5700000000001637,SL Hit,2670.0,1,1746.1399999999824,80.0,0.7699999999999818,-2.1099999999996726
2025-01-14 07:35:00,2025-01-14 07:40:00,Short,2668.07,2669.93,-1.8599999999996726,SL Hit,2669.93,1,1744.2799999999827,5.0,1.949999999999818,-0.2899999999999636
2025-01-14 09:40:00,2025-01-14 09:45:00,Short,2666.41,2666.86,-0.45000000000027285,SL Hit,2666.86,1,1743.8299999999824,5.0,0.8400000000001455,-1.3899999999998727
2025-01-14 10:25:00,2025-01-14 11:00:00,Short,2665.66,2666.965,-1.305000000000291,SL Hit,2666.965,1,1742.5249999999821,35.0,1.3500000000003638,-0.819999999999709
2025-01-14 11:25:00,2025-01-14 11:30:00,Short,2664.98,2666.225,-1.2449999999998909,SL Hit,2666.225,1,1741.2799999999822,5.0,2.5900000000001455,-0.01999999999998181
2025-01-14 13:35:00,2025-01-14 13:40:00,Long,2666.99,2658.245,-8.74499999999989,Bearish Trade Reversal,2658.245,1,1732.5349999999823,5.0,-5.829999999999927,2.6600000000003092
2025-01-14 13:40:00,2025-01-14 13:45:00,Short,2665.01,2665.2649999999994,-0.25499999999919964,SL Hit,2665.2649999999994,1,1732.2799999999831,5.0,3.369999999999891,-1.9500000000002728
2025-01-14 13:50:00,2025-01-14 16:50:00,Short,2664.9049999999997,2673.44,-17.07000000000062,SL Hit,2673.44,2,1715.2099999999825,180.0,8.875000000000455,-5.504999999999654
2025-01-14 16:55:00,2025-01-14 17:00:00,Long,2671.99,2670.505,-1.4849999999996726,SL Hit,2670.505,1,1713.7249999999829,5.0,-1.919999999999618,0.830000000000382
2025-01-14 17:15:00,2025-01-14 19:15:00,Short,2668.7349999999997,2673.78,-10.090000000001055,SL Hit,2673.78,2,1703.6349999999818,120.0,5.175000000000182,-3.2349999999996726
2025-01-14 19:20:00,2025-01-14 19:25:00,Long,2673.74,2672.96,-0.7799999999997453,SL Hit,2672.96,1,1702.854999999982,5.0,-1.2599999999997635,0.04000000000041837
2025-01-14 19:55:00,2025-01-14 20:00:00,Long,2673.88,2673.205,-0.6750000000001819,SL Hit,2673.205,1,1702.1799999999819,5.0,-1.0799999999999272,0.6700000000000728
2025-01-14 20:05:00,2025-01-14 20:10:00,Long,2673.93,2672.19,-1.7399999999997817,SL Hit,2672.19,1,1700.439999999982,5.0,-1.8899999999998727,0.0
2025-01-14 20:40:00,2025-01-15 01:10:00,Long,2674.85,2671.92,-5.859999999999673,SL Hit,2671.92,2,1694.5799999999824,270.0,-2.949999999999818,3.0300000000002
2025-01-15 01:15:00,2025-01-15 01:20:00,Short,2672.54,2672.63,-0.09000000000014552,SL Hit,2672.63,1,1694.4899999999823,5.0,0.9600000000000364,-0.7699999999999818
2025-01-15 01:45:00,2025-01-15 02:05:00,Short,2671.58,2671.745,-0.16499999999996362,SL Hit,2671.745,1,1694.3249999999823,20.0,1.25,-2.380000000000109
2025-01-15 04:15:00,2025-01-15 04:25:00,Long,2675.9,2675.4350000000004,-0.46499999999969077,SL Hit,2675.4350000000004,1,1693.8599999999826,10.0,-0.900000000000091,0.5299999999997453
2025-01-15 04:30:00,2025-01-15 04:35:00,Long,2675.26,2675.26,0.0,SL Hit,2675.26,1,1693.8599999999826,5.0,-0.27000000000043656,0.5899999999996908
2025-01-15 07:35:00,2025-01-15 07:45:00,Long,2682.14,2682.02,-0.11999999999989086,SL Hit,2682.02,1,1693.7399999999827,10.0,-0.5,1.6900000000000546
2025-01-15 07:50:00,2025-01-15 12:20:00,Long,2683.64,2684.5,2.580000000000382,SL Hit,2684.5,3,1696.319999999983,270.0,-3.299999999999727,5.160000000000309
2025-01-15 12:25:00,2025-01-15 13:30:00,Short,2685.32,2687.33,-2.0099999999997635,SL Hit,2687.33,1,1694.3099999999833,65.0,7.419999999999618,-2.5100000000002183
2025-01-15 13:35:00,2025-01-15 14:30:00,Long,2692.46,2682.81,-19.300000000000182,SL Hit,2682.81,2,1675.0099999999832,55.0,-10.429999999999836,3.099999999999909
2025-01-15 14:55:00,2025-01-15 16:20:00,Short,2683.0,2683.7799999999997,-0.7799999999997453,SL Hit,2683.7799999999997,1,1674.2299999999834,85.0,1.4699999999998,-5.960000000000036
2025-01-15 19:55:00,2025-01-15 23:00:00,Long,2694.5,2692.3999999999996,-2.100000000000364,SL Hit,2692.3999999999996,1,1672.129999999983,185.0,-3.5399999999999636,2.4600000000000364
2025-01-16 03:20:00,2025-01-16 03:30:00,Short,2696.57,2697.7999999999997,-1.2299999999995634,SL Hit,2697.7999999999997,1,1670.8999999999835,10.0,1.2899999999999636,-1.6700000000000728
2025-01-16 05:10:00,2025-01-16 07:15:00,Short,2695.73,2697.84,-4.220000000000255,SL Hit,2697.84,2,1666.6799999999832,125.0,2.5700000000001637,-5.730000000000018
2025-01-16 07:20:00,2025-01-16 07:25:00,Long,2697.33,2696.0099999999998,-1.3200000000001637,SL Hit,2696.0099999999998,1,1665.359999999983,5.0,-1.4699999999998,0.0
2025-01-16 07:35:00,2025-01-16 07:45:00,Long,2697.37,2696.68,-0.6900000000000546,SL Hit,2696.68,1,1664.669999999983,10.0,-0.75,1.7899999999999636
2025-01-16 07:55:00,2025-01-16 19:45:00,Long,2710.2325,2714.89,18.6299999999992,SL Hit,2714.89,4,1683.2999999999822,710.0,-13.3125,14.167500000000018
2025-01-16 19:55:00,2025-01-16 20:15:00,Short,2715.04,2715.7450000000003,-0.705000000000382,SL Hit,2715.7450000000003,1,1682.5949999999818,20.0,1.199999999999818,-1.7399999999997817
2025-01-16 20:20:00,2025-01-16 20:50:00,Short,2716.13,2716.6549999999997,-0.5249999999996362,SL Hit,2716.6549999999997,1,1682.0699999999822,30.0,0.7100000000000364,-1.1700000000000728
2025-01-16 21:45:00,2025-01-16 21:50:00,Short,2713.5,2713.5,0.0,SL Hit,2713.5,1,1682.0699999999822,5.0,0.5700000000001637,-1.5
2025-01-16 23:50:00,2025-01-17 01:00:00,Long,2714.66,2712.1,-5.119999999999891,SL Hit,2712.1,2,1676.9499999999823,70.0,-4.269999999999982,1.2400000000002365
2025-01-17 02:20:00,2025-01-17 02:25:00,Long,2715.74,2715.545,-0.19499999999970896,SL Hit,2715.545,1,1676.7549999999826,5.0,-0.7599999999997635,0.8100000000004002
2025-01-17 02:30:00,2025-01-17 02:40:00,Long,2714.97,2714.97,0.0,SL Hit,2714.97,1,1676.7549999999826,10.0,-0.02999999999974534,1.3800000000001091
2025-01-17 02:50:00,2025-01-17 02:55:00,Long,2715.33,2714.3849999999998,-0.9450000000001637,SL Hit,2714.3849999999998,1,1675.8099999999824,5.0,-1.2300000000000182,0.5599999999999454
2025-01-17 04:30:00,2025-01-17 04:40:00,Short,2715.3,2715.3,0.0,SL Hit,2715.3,1,1675.8099999999824,10.0,0.07999999999992724,-1.7000000000002728
2025-01-17 05:25:00,2025-01-17 11:15:00,Short,2709.71,2705.94,15.079999999999927,SL Hit,2705.94,4,1690.8899999999824,350.0,4.800000000000182,-6.309999999999945
2025-01-17 11:30:00,2025-01-17 11:40:00,Long,2705.43,2705.25,-0.1799999999998363,SL Hit,2705.25,1,1690.7099999999825,10.0,-0.7300000000000182,1.4900000000002365
2025-01-17 11:50:00,2025-01-17 14:00:00,Long,2707.045,2704.29,-5.510000000000218,SL Hit,2704.29,2,1685.1999999999823,130.0,-3.6550000000002,4.434999999999945
2025-01-17 16:00:00,2025-01-17 17:05:00,Long,2713.79,2713.6849999999995,-0.10500000000047294,SL Hit,2713.6849999999995,1,1685.0949999999818,65.0,-2.5799999999999272,3.4099999999998545
2025-01-17 21:10:00,2025-01-17 21:25:00,Short,2700.29,2700.5,-0.21000000000003638,SL Hit,2700.5,1,1684.8849999999818,15.0,1.2699999999999818,-1.599999999999909
2025-01-20 03:40:00,2025-01-20 07:55:00,Long,2705.4,2703.54,-5.580000000000382,SL Hit,2703.54,3,1679.3049999999814,255.0,-3.5,8.170000000000073
2025-01-20 08:05:00,2025-01-20 08:10:00,Short,2704.76,2706.08,-1.319999999999709,SL Hit,2706.08,1,1677.9849999999817,5.0,1.4899999999997817,-1.050000000000182
2025-01-20 10:55:00,2025-01-20 11:20:00,Long,2708.48,2708.12,-0.36000000000012733,SL Hit,2708.12,1,1677.6249999999816,25.0,-0.9699999999997999,3.2800000000002
2025-01-20 13:35:00,2025-01-20 13:45:00,Short,2706.58,2707.2250000000004,-0.6450000000004366,SL Hit,2707.2250000000004,1,1676.9799999999811,10.0,2.0900000000001455,-4.289999999999964
2025-01-20 14:15:00,2025-01-20 16:10:00,Long,2710.0166666666664,2705.8,-12.649999999998727,SL Hit,2705.8,3,1664.3299999999824,115.0,-4.916666666666515,1.1433333333334303
2025-01-20 16:15:00,2025-01-20 16:20:00,Short,2706.56,2706.6050000000005,-0.04500000000052751,SL Hit,2706.6050000000005,1,1664.284999999982,5.0,0.6399999999998727,-2.4200000000000728
2025-01-20 16:25:00,2025-01-20 16:35:00,Short,2705.81,2707.6100000000006,-1.8000000000006366,SL Hit,2707.6100000000006,1,1662.4849999999813,10.0,2.2899999999999636,-1.0399999999999636
2025-01-20 18:50:00,2025-01-20 19:00:00,Long,2709.79,2709.085,-0.7049999999999272,SL Hit,2709.085,1,1661.7799999999813,10.0,-0.8299999999999272,0.8899999999998727
2025-01-20 19:05:00,2025-01-20 19:10:00,Long,2709.35,2707.595,-1.7550000000001091,SL Hit,2707.595,1,1660.0249999999812,5.0,-2.2899999999999636,0.36000000000012733
2025-01-20 23:55:00,2025-01-21 00:00:00,Long,2710.42,2710.0599999999995,-0.3600000000005821,SL Hit,2710.0599999999995,1,1659.6649999999806,5.0,-0.7300000000000182,0.4099999999998545
2025-01-21 04:35:00,2025-01-21 04:40:00,Long,2725.62,2724.4049999999997,-1.2150000000001455,SL Hit,2724.4049999999997,1,1658.4499999999805,5.0,-2.019999999999982,0.7899999999999636
2025-01-21 06:20:00,2025-01-21 06:25:00,Long,2728.76,2726.7349999999997,-2.0250000000005457,SL Hit,2726.7349999999997,1,1656.42499999998,5.0,-2.830000000000382,0.4499999999998181
2025-01-21 06:45:00,2025-01-21 07:35:00,Short,2726.16,2729.21,-6.100000000000364,SL Hit,2729.21,2,1650.3249999999796,50.0,4.920000000000073,-3.149999999999636
2025-01-21 08:50:00,2025-01-21 09:00:00,Short,2723.11,2723.11,0.0,SL Hit,2723.11,1,1650.3249999999796,10.0,0.4899999999997817,-3.8299999999999272
2025-01-21 11:15:00,2025-01-21 11:25:00,Short,2717.93,2718.59,-0.6600000000003092,SL Hit,2718.59,1,1649.6649999999793,10.0,2.0900000000001455,-1.3699999999998909
2025-01-21 11:30:00,2025-01-21 11:35:00,Short,2719.8,2721.5849999999996,-1.7849999999993997,SL Hit,2721.5849999999996,1,1647.8799999999799,5.0,2.1399999999998727,-1.0
2025-01-21 12:05:00,2025-01-21 20:20:00,Long,2734.6175,2739.82,20.81000000000131,SL Hit,2739.82,4,1668.6899999999812,495.0,-12.177499999999782,11.072500000000218
2025-01-21 20:25:00,2025-01-21 20:30:00,Short,2740.18,2741.5150000000003,-1.3350000000004911,SL Hit,2741.5150000000003,1,1667.3549999999807,5.0,1.4200000000000728,-0.07999999999992724
2025-01-22 03:05:00,2025-01-22 03:15:00,Long,2749.0,2748.13,-0.8699999999998909,SL Hit,2748.13,1,1666.4849999999808,10.0,-1.0700000000001637,0.15000000000009095
2025-01-22 03:45:00,2025-01-22 06:15:00,Long,2752.5550000000003,2750.56,-3.990000000000691,SL Hit,2750.56,2,1662.49499999998,150.0,-4.005000000000109,5.7849999999998545
2025-01-22 10:45:00,2025-01-22 10:50:00,Long,2760.35,2759.21,-1.1399999999998727,SL Hit,2759.21,1,1661.3549999999802,5.0,-1.75,1.1199999999998909
2025-01-22 14:40:00,2025-01-22 14:45:00,Short,2750.47,2755.72,-5.25,SL Hit,2755.72,1,1656.1049999999802,5.0,6.950000000000273,-0.0
2025-01-22 20:15:00,2025-01-22 20:55:00,Short,2755.84,2756.2599999999998,-0.419999999999618,SL Hit,2756.2599999999998,1,1655.6849999999806,40.0,1.0899999999996908,-1.2400000000002365
2025-01-22 21:35:00,2025-01-22 21:40:00,Short,2755.5,2755.83,-0.32999999999992724,SL Hit,2755.83,1,1655.3549999999807,5.0,0.5900000000001455,-0.23999999999978172
2025-01-22 21:55:00,2025-01-22 23:50:00,Short,2755.4700000000003,2756.19,-1.4399999999995998,SL Hit,2756.19,2,1653.914999999981,115.0,0.8299999999999272,-1.9100000000003092
2025-01-22 23:55:00,2025-01-23 00:00:00,Long,2754.76,2754.76,0.0,SL Hit,2754.76,1,1653.914999999981,5.0,-1.4500000000002728,1.0099999999997635
2025-01-23 01:20:00,2025-01-23 01:25:00,Short,2754.81,2754.81,0.0,SL Hit,2754.81,1,1653.914999999981,5.0,0.0500000000001819,-1.7100000000000364
2025-01-23 16:00:00,2025-01-23 16:10:00,Long,2745.47,2745.47,0.0,SL Hit,2745.47,1,1653.914999999981,10.0,-1.199999999999818,2.6900000000000546
2025-01-23 16:15:00,2025-01-23 19:55:00,Long,2752.593333333333,2754.4,5.420000000001892,SL Hit,2754.4,3,1659.334999999983,220.0,-5.573333333332812,6.016666666667334
2025-01-24 00:35:00,2025-01-24 00:40:00,Long,2758.03,2758.03,0.0,SL Hit,2758.03,1,1659.334999999983,5.0,-0.08000000000038199,2.0799999999999272
2025-01-24 04:30:00,2025-01-24 04:35:00,Short,2772.15,2773.965,-1.8150000000000546,SL Hit,2773.965,1,1657.519999999983,5.0,2.4400000000000546,-0.0
2025-01-24 05:55:00,2025-01-24 07:05:00,Long,2775.1549999999997,2773.23,-3.8499999999994543,SL Hit,2773.23,2,1653.6699999999835,70.0,-1.9549999999999272,2.9050000000002
2025-01-24 08:00:00,2025-01-24 08:05:00,Short,2772.65,2772.65,0.0,SL Hit,2772.65,1,1653.6699999999835,5.0,0.03999999999996362,-1.599999999999909
2025-01-24 09:15:00,2025-01-24 09:30:00,Long,2774.65,2774.65,0.0,SL Hit,2774.65,1,1653.6699999999835,15.0,-0.7899999999999636,2.6599999999998545
2025-01-24 09:35:00,2025-01-24 16:45:00,Long,2775.7666666666664,2773.8,-5.899999999998727,SL Hit,2773.8,3,1647.7699999999847,430.0,-4.836666666666588,9.67333333333363
2025-01-24 19:15:00,2025-01-24 19:40:00,Short,2772.505,2773.8,-2.5900000000001455,SL Hit,2773.8,2,1645.1799999999846,25.0,1.6050000000000182,-1.4050000000002
2025-01-24 21:20:00,2025-01-24 21:25:00,Short,2770.83,2771.025,-0.1950000000001637,SL Hit,2771.025,1,1644.9849999999844,5.0,0.36999999999989086,-0.4699999999997999
2025-01-27 00:55:00,2025-01-27 01:30:00,Long,2769.365,2765.8,-7.1299999999992,SL Hit,2765.8,2,1637.8549999999852,35.0,-3.9649999999996908,2.8950000000004366
2025-01-27 01:35:00,2025-01-27 08:15:00,Short,2759.702,2754.81,24.4600000000014,SL Hit,2754.81,5,1662.3149999999866,400.0,7.447999999999865,-12.102000000000317
2025-01-27 10:05:00,2025-01-27 12:20:00,Long,2763.99,2763.0299999999997,-0.9600000000000364,SL Hit,2763.0299999999997,1,1661.3549999999866,135.0,-2.2399999999997817,7.4900000000002365
2025-01-27 14:35:00,2025-01-27 14:40:00,Short,2748.7,2753.59,-4.890000000000327,SL Hit,2753.59,1,1656.4649999999863,5.0,5.420000000000073,-1.1899999999995998
2025-01-27 18:35:00,2025-01-28 02:00:00,Long,2740.593333333333,2739.8,-2.3799999999978354,SL Hit,2739.8,3,1654.0849999999884,445.0,-5.933333333332939,4.366666666667243
2025-01-28 02:10:00,2025-01-28 04:55:00,Short,2739.68,2741.43,-3.5,SL Hit,2741.43,2,1650.5849999999884,165.0,2.130000000000109,-1.8599999999996726
2025-01-28 07:30:00,2025-01-28 07:35:00,Long,2742.35,2741.675,-0.6749999999997272,SL Hit,2741.675,1,1649.9099999999887,5.0,-1.2999999999997272,0.38000000000010914
2025-01-28 07:55:00,2025-01-28 08:00:00,Short,2739.21,2739.4799999999996,-0.26999999999952706,SL Hit,2739.4799999999996,1,1649.6399999999892,5.0,0.3400000000001455,-0.9200000000000728
2025-01-28 08:05:00,2025-01-28 08:50:00,Short,2738.3,2740.0699999999997,-1.769999999999527,SL Hit,2740.0699999999997,1,1647.8699999999897,45.0,2.1099999999996726,-3.430000000000291
2025-01-28 21:55:00,2025-01-28 23:05:00,Short,2763.33,2763.4350000000004,-0.10500000000047294,SL Hit,2763.4350000000004,1,1647.7649999999892,70.0,0.5900000000001455,-1.3299999999999272
2025-01-28 23:25:00,2025-01-29 00:35:00,Short,2763.205,2764.04,-1.6700000000000728,SL Hit,2764.04,2,1646.094999999989,70.0,1.0450000000000728,-1.6050000000000182
2025-01-29 00:40:00,2025-01-29 03:15:00,Long,2764.3733333333334,2762.8,-4.7199999999998,SL Hit,2762.8,3,1641.3749999999893,155.0,-1.933333333333394,1.466666666666697
2025-01-29 03:25:00,2025-01-29 04:35:00,Short,2762.2,2764.075,-1.875,SL Hit,2764.075,1,1639.4999999999893,70.0,1.8900000000003274,-0.5899999999996908
2025-01-29 05:15:00,2025-01-29 08:05:00,Short,2761.45,2761.72,-0.5399999999999636,SL Hit,2761.72,2,1638.9599999999893,170.0,1.4700000000002547,-4.0
2025-01-29 08:10:00,2025-01-29 09:10:00,Long,2761.24,2760.925,-0.3149999999995998,SL Hit,2760.925,1,1638.6449999999897,60.0,-0.5199999999999818,4.430000000000291
2025-01-29 12:15:00,2025-01-29 12:30:00,Short,2757.16,2757.475,-0.31500000000005457,SL Hit,2757.475,1,1638.3299999999897,15.0,0.5100000000002183,-1.2399999999997817
2025-01-29 12:35:00,2025-01-29 13:00:00,Short,2757.92,2757.92,0.0,SL Hit,2757.92,1,1638.3299999999897,25.0,0.8400000000001455,-2.5300000000002
2025-01-29 14:00:00,2025-01-29 14:20:00,Long,2758.76,2758.37,-0.3900000000003274,SL Hit,2758.37,1,1637.9399999999894,20.0,-1.6600000000003092,2.0599999999999454
2025-01-29 14:25:00,2025-01-29 15:20:00,Long,2757.4,2756.215,-1.1849999999999454,SL Hit,2756.215,1,1636.7549999999894,55.0,-2.4600000000000364,3.3600000000001273
2025-01-29 17:55:00,2025-01-29 18:00:00,Long,2753.1,2752.605,-0.49499999999989086,SL Hit,2752.605,1,1636.2599999999895,5.0,-3.8899999999998727,0.5100000000002183
2025-01-29 23:05:00,2025-01-30 02:40:00,Long,2759.7599999999998,2758.5,-3.7799999999992906,SL Hit,2758.5,3,1632.4799999999902,215.0,-1.9999999999995453,2.600000000000364
2025-01-30 02:45:00,2025-01-30 02:50:00,Short,2759.65,2759.71,-0.05999999999994543,SL Hit,2759.71,1,1632.4199999999903,5.0,0.5599999999999454,-1.25
2025-01-30 03:25:00,2025-01-30 04:45:00,Long,2760.39,2760.12,-0.2699999999999818,SL Hit,2760.12,1,1632.1499999999903,80.0,-0.4099999999998545,2.730000000000018
2025-01-30 05:45:00,2025-01-30 05:55:00,Short,2759.02,2760.49,-1.4699999999998,SL Hit,2760.49,1,1630.6799999999905,10.0,1.9299999999998363,-0.2199999999997999
2025-01-30 11:25:00,2025-01-30 11:45:00,Long,2778.69,2777.9249999999997,-0.7650000000003274,SL Hit,2777.9249999999997,1,1629.9149999999902,20.0,-0.8200000000001637,0.5499999999997272
2025-01-30 14:35:00,2025-01-30 19:20:00,Long,2790.1225,2792.36,8.950000000000728,SL Hit,2792.36,4,1638.864999999991,285.0,-9.492499999999836,7.997499999999945
2025-01-30 20:50:00,2025-01-30 21:15:00,Long,2795.96,2792.495,-3.4650000000001455,SL Hit,2792.495,1,1635.3999999999908,25.0,-6.170000000000073,1.8400000000001455
2025-01-30 21:30:00,2025-01-31 00:05:00,Short,2790.6400000000003,2797.8,-14.319999999999709,SL Hit,2797.8,2,1621.079999999991,155.0,8.529999999999745,-1.4100000000003092
2025-01-31 04:20:00,2025-01-31 04:25:00,Short,2795.15,2795.405,-0.25500000000010914,SL Hit,2795.405,1,1620.824999999991,5.0,0.4099999999998545,-0.2899999999999636
2025-01-31 05:50:00,2025-01-31 07:10:00,Short,2795.09,2795.495,-0.40499999999974534,SL Hit,2795.495,1,1620.4199999999912,80.0,0.849999999999909,-3.1100000000001273
2025-01-31 10:20:00,2025-01-31 11:10:00,Short,2793.89,2794.7599999999998,-0.8699999999998909,SL Hit,2794.7599999999998,1,1619.5499999999913,50.0,1.2800000000002,-2.6700000000000728
2025-01-31 13:45:00,2025-01-31 17:10:00,Long,2807.67,2805.11,-10.239999999999782,SL Hit,2805.11,4,1609.3099999999915,205.0,-3.7899999999999636,9.150000000000091
2025-01-31 17:15:00,2025-01-31 17:45:00,Short,2804.51,2815.565,-11.054999999999836,SL Hit,2815.565,1,1598.2549999999917,30.0,11.159999999999854,-0.0
2025-02-02 23:05:00,2025-02-02 23:10:00,Short,2800.78,2801.08,-0.29999999999972715,SL Hit,2801.08,1,1597.954999999992,5.0,0.6799999999998363,-3.700000000000273
2025-02-03 03:30:00,2025-02-03 04:00:00,Short,2775.35,2776.8650000000002,-1.5150000000003274,SL Hit,2776.8650000000002,1,1596.4399999999916,30.0,2.0399999999999636,-3.1399999999998727
2025-02-03 05:25:00,2025-02-03 10:05:00,Long,2790.773333333333,2794.4,10.880000000001019,SL Hit,2794.4,3,1607.3199999999927,280.0,-8.663333333332957,9.346666666666806
2025-02-03 10:10:00,2025-02-03 10:45:00,Short,2794.73,2796.6500000000005,-1.9200000000005275,SL Hit,2796.6500000000005,1,1605.3999999999921,35.0,2.9299999999998363,-1.7300000000000182
2025-02-03 12:35:00,2025-02-03 16:55:00,Long,2812.215,2813.4,2.369999999999891,SL Hit,2813.4,2,1607.769999999992,260.0,-10.305000000000291,17.634999999999764
2025-02-03 17:00:00,2025-02-03 17:50:00,Short,2815.04,2820.6800000000003,-5.640000000000327,SL Hit,2820.6800000000003,1,1602.1299999999917,50.0,7.050000000000182,-1.199999999999818
2025-02-04 04:55:00,2025-02-04 08:10:00,Short,2814.86,2813.93,1.860000000000582,SL Hit,2813.93,2,1603.9899999999923,195.0,4.699999999999818,-7.640000000000327
2025-02-04 17:15:00,2025-02-04 21:50:00,Long,2842.31,2840.5,-5.429999999999836,SL Hit,2840.5,3,1598.5599999999924,275.0,-2.1100000000001273,2.480000000000018
2025-02-04 21:55:00,2025-02-04 23:45:00,Short,2841.56,2842.3999999999996,-0.8399999999996908,SL Hit,2842.3999999999996,1,1597.7199999999928,110.0,0.9099999999998545,-2.3600000000001273
2025-02-05 01:40:00,2025-02-05 01:45:00,Short,2840.62,2840.7250000000004,-0.10500000000047294,SL Hit,2840.7250000000004,1,1597.6149999999923,5.0,2.1700000000000728,-1.2199999999998
2025-02-05 03:25:00,2025-02-05 03:45:00,Long,2853.36,2852.475,-0.8850000000002183,SL Hit,2852.475,1,1596.729999999992,20.0,-1.9600000000000364,0.7300000000000182
2025-02-05 06:05:00,2025-02-05 07:00:00,Long,2857.59,2855.655,-1.9349999999999454,SL Hit,2855.655,1,1594.7949999999921,55.0,-2.1400000000003274,4.049999999999727
2025-02-05 10:25:00,2025-02-05 10:40:00,Long,2871.63,2870.8500000000004,-0.7799999999997453,SL Hit,2870.8500000000004,1,1594.0149999999924,15.0,-1.1400000000003274,4.809999999999945
2025-02-05 12:55:00,2025-02-05 13:05:00,Long,2869.2,2868.84,-0.3599999999996726,SL Hit,2868.84,1,1593.6549999999927,10.0,-0.6399999999998727,1.4100000000003092
2025-02-05 14:55:00,2025-02-05 16:05:00,Long,2870.43,2870.16,-0.2699999999999818,SL Hit,2870.16,1,1593.3849999999927,70.0,-2.0799999999999272,11.580000000000382
2025-02-05 19:10:00,2025-02-05 19:15:00,Short,2864.98,2866.48,-1.5,SL Hit,2866.48,1,1591.8849999999927,5.0,2.949999999999818,-0.34999999999990905
2025-02-05 20:00:00,2025-02-05 20:10:00,Short,2863.08,2863.77,-0.6900000000000546,SL Hit,2863.77,1,1591.1949999999927,10.0,1.5100000000002183,-0.5099999999997635
2025-02-06 06:30:00,2025-02-06 06:35:00,Long,2869.45,2869.45,0.0,SL Hit,2869.45,1,1591.1949999999927,5.0,-1.5199999999999818,1.6600000000003092
2025-02-06 06:50:00,2025-02-06 10:20:00,Short,2858.6125,2859.58,-3.8699999999989814,SL Hit,2859.58,4,1587.3249999999937,210.0,2.987499999999727,-9.332499999999982
2025-02-06 11:00:00,2025-02-06 11:25:00,Long,2858.59,2858.59,0.0,SL Hit,2858.59,1,1587.3249999999937,25.0,-0.20000000000027285,3.4200000000000728
2025-02-06 11:30:00,2025-02-06 13:50:00,Long,2860.71,2857.93,-5.5600000000004,SL Hit,2857.93,2,1581.7649999999933,140.0,-3.8299999999999272,9.070000000000164
2025-02-06 14:20:00,2025-02-06 18:40:00,Short,2853.8633333333332,2852.5,4.089999999999691,SL Hit,2852.5,3,1585.854999999993,260.0,5.506666666666661,-18.603333333333012
2025-02-07 05:05:00,2025-02-07 05:15:00,Short,2866.41,2866.6800000000003,-0.27000000000043656,SL Hit,2866.6800000000003,1,1585.5849999999925,10.0,0.30999999999994543,-0.7300000000000182
2025-02-07 08:25:00,2025-02-07 12:20:00,Long,2865.5766666666664,2864.7,-2.6299999999996544,SL Hit,2864.7,3,1582.9549999999929,235.0,-2.136666666666315,4.573333333333721
2025-02-07 12:25:00,2025-02-07 12:30:00,Short,2866.08,2866.875,-0.7950000000000728,SL Hit,2866.875,1,1582.1599999999928,5.0,0.8000000000001819,-0.4699999999997999
2025-02-07 13:45:00,2025-02-07 13:50:00,Long,2862.48,2859.915,-2.5650000000000546,SL Hit,2859.915,1,1579.5949999999928,5.0,-3.5,1.6599999999998545
2025-02-09 22:00:00,2025-02-09 23:00:00,Short,2860.45,2860.45,0.0,SL Hit,2860.45,1,1579.5949999999928,60.0,0.6900000000000546,-2.149999999999636
2025-02-09 23:05:00,2025-02-09 23:10:00,Short,2859.6,2865.21,-5.610000000000127,Bullish Trade Reversal,2865.21,1,1573.9849999999926,5.0,3.7400000000002365,-0.0
2025-02-09 23:10:00,2025-02-10 13:40:00,Long,2882.1099999999997,2901.43,173.88000000000147,SL Hit,2901.43,9,1747.864999999994,870.0,-20.609999999999673,27.950000000000273
2025-02-10 13:55:00,2025-02-10 14:20:00,Short,2902.47,2904.1200000000003,-1.6500000000005457,SL Hit,2904.1200000000003,1,1746.2149999999936,25.0,2.1400000000003274,-5.809999999999945
2025-02-10 15:25:00,2025-02-10 15:30:00,Long,2908.5,2907.63,-0.8699999999998909,SL Hit,2907.63,1,1745.3449999999937,5.0,-2.449999999999818,1.050000000000182
2025-02-10 15:45:00,2025-02-10 16:25:00,Long,2906.825,2905.22,-3.2100000000000364,SL Hit,2905.22,2,1742.1349999999936,40.0,-2.1349999999997635,3.2850000000003092
2025-02-10 16:30:00,2025-02-10 18:25:00,Short,2906.32,2906.3949999999995,-0.07499999999936335,SL Hit,2906.3949999999995,1,1742.0599999999943,115.0,0.419999999999618,-9.559999999999945
2025-02-10 21:50:00,2025-02-11 07:00:00,Long,2914.463333333333,2914.9,1.310000000000855,SL Hit,2914.9,3,1743.3699999999951,550.0,-7.663333333332957,27.716666666666697
2025-02-11 07:10:00,2025-02-11 15:40:00,Short,2903.9874999999997,2903.94,0.18999999999869033,SL Hit,2903.94,4,1743.5599999999938,510.0,14.052500000000236,-21.467499999999745
2025-02-11 15:45:00,2025-02-11 16:45:00,Long,2904.6,2902.755,-1.8449999999998,SL Hit,2902.755,1,1741.714999999994,60.0,-1.9299999999998363,3.599999999999909
2025-02-11 19:25:00,2025-02-12 06:10:00,Short,2895.168,2890.27,24.49000000000069,SL Hit,2890.27,5,1766.2049999999947,645.0,7.991999999999734,-11.458000000000084
2025-02-12 09:55:00,2025-02-12 10:20:00,Short,2888.34,2888.37,-0.02999999999974534,SL Hit,2888.37,1,1766.174999999995,25.0,0.3599999999996726,-2.050000000000182
2025-02-12 10:25:00,2025-02-12 14:05:00,Short,2880.9300000000003,2885.59,-13.979999999999563,SL Hit,2885.59,3,1752.1949999999954,220.0,8.55999999999949,-15.94000000000051
2025-02-13 02:45:00,2025-02-13 02:50:00,Long,2908.05,2907.345,-0.705000000000382,SL Hit,2907.345,1,1751.489999999995,5.0,-1.2000000000002728,0.7199999999997999
2025-02-13 03:05:00,2025-02-13 08:10:00,Long,2912.01,2912.68,1.339999999999236,SL Hit,2912.68,2,1752.8299999999942,305.0,-4.370000000000346,10.4399999999996
2025-02-13 08:20:00,2025-02-13 09:45:00,Short,2913.61,2916.1,-2.4899999999997817,SL Hit,2916.1,1,1750.3399999999945,85.0,4.429999999999836,-4.210000000000036
2025-02-13 10:45:00,2025-02-13 10:55:00,Long,2918.01,2917.8899999999994,-0.12000000000080036,SL Hit,2917.8899999999994,1,1750.2199999999937,10.0,-0.9400000000000546,1.2899999999999636
2025-02-13 12:20:00,2025-02-13 13:00:00,Long,2918.39,2915.61,-5.559999999999491,SL Hit,2915.61,2,1744.6599999999942,40.0,-4.9099999999998545,2.6400000000003274
2025-02-13 13:10:00,2025-02-13 18:45:00,Short,2915.5866666666666,2920.66,-15.2199999999998,SL Hit,2920.66,3,1729.4399999999944,335.0,5.103333333333467,-8.57666666666637
2025-02-13 20:30:00,2025-02-13 20:45:00,Long,2925.79,2925.4300000000003,-0.3599999999996726,SL Hit,2925.4300000000003,1,1729.0799999999947,15.0,-0.9899999999997817,2.6700000000000728
2025-02-13 20:50:00,2025-02-14 02:15:00,Long,2929.5550000000003,2926.5,-6.110000000000582,SL Hit,2926.5,2,1722.9699999999941,325.0,-3.475000000000364,4.024999999999636
2025-02-14 02:20:00,2025-02-14 03:00:00,Short,2926.63,2928.685,-2.0549999999998363,SL Hit,2928.685,1,1720.9149999999943,40.0,3.119999999999891,-0.6300000000001091
2025-02-14 05:50:00,2025-02-14 11:10:00,Long,2932.37,2934.04,6.680000000000291,SL Hit,2934.04,4,1727.5949999999946,320.0,-3.9699999999998,7.559999999999945
2025-02-14 11:15:00,2025-02-14 11:20:00,Short,2935.26,2935.3949999999995,-0.13499999999930878,SL Hit,2935.3949999999995,1,1727.4599999999953,5.0,0.7699999999999818,-0.900000000000091
2025-02-14 11:35:00,2025-02-14 13:30:00,Short,2931.81,2932.81,-2.0,SL Hit,2932.81,2,1725.4599999999953,115.0,2.700000000000273,-5.039999999999964
2025-02-14 13:35:00,2025-02-14 13:40:00,Long,2932.25,2930.165,-2.0850000000000364,SL Hit,2930.165,1,1723.3749999999952,5.0,-13.940000000000055,0.6700000000000728
2025-02-14 16:40:00,2025-02-14 16:55:00,Short,2895.23,2895.755,-0.525000000000091,SL Hit,2895.755,1,1722.8499999999951,15.0,1.3600000000001273,-5.880000000000109
2025-02-14 19:40:00,2025-02-14 20:55:00,Short,2882.03,2882.705,-0.6749999999997272,SL Hit,2882.705,1,1722.1749999999954,75.0,3.3799999999996544,-5.040000000000418
2025-02-16 23:30:00,2025-02-16 23:40:00,Short,2881.02,2881.02,0.0,SL Hit,2881.02,1,1722.1749999999954,10.0,0.7199999999997999,-1.8299999999999272
2025-02-16 23:45:00,2025-02-17 01:10:00,Short,2880.98,2887.71,-20.190000000000055,SL Hit,2887.71,3,1701.9849999999954,85.0,7.8400000000001455,-2.5399999999999636
2025-02-17 09:05:00,2025-02-17 09:10:00,Long,2901.78,2901.675,-0.10500000000001819,SL Hit,2901.675,1,1701.8799999999953,5.0,-0.9500000000002728,1.3899999999998727
2025-02-17 14:40:00,2025-02-17 14:45:00,Long,2899.32,2899.125,-0.1950000000001637,SL Hit,2899.125,1,1701.6849999999952,5.0,-0.22000000000025466,1.569999999999709
2025-02-17 23:20:00,2025-02-17 23:45:00,Short,2897.47,2898.77,-2.600000000000364,SL Hit,2898.77,2,1699.0849999999948,25.0,1.5100000000002183,-1.4699999999998
2025-02-18 00:25:00,2025-02-18 00:30:00,Long,2898.59,2898.0950000000003,-0.49499999999989086,SL Hit,2898.0950000000003,1,1698.589999999995,5.0,-0.5900000000001455,0.6999999999998181
2025-02-18 01:15:00,2025-02-18 02:35:00,Short,2896.9,2900.14,-6.479999999999563,SL Hit,2900.14,2,1692.1099999999954,80.0,5.429999999999836,-5.059999999999945
2025-02-18 07:55:00,2025-02-18 08:10:00,Short,2911.37,2912.0750000000003,-0.705000000000382,SL Hit,2912.0750000000003,1,1691.404999999995,15.0,1.050000000000182,-4.269999999999982
2025-02-18 09:40:00,2025-02-18 10:25:00,Long,2912.31,2910.14,-4.3400000000001455,SL Hit,2910.14,2,1687.0649999999948,45.0,-2.7399999999997817,0.8200000000001637
2025-02-18 10:30:00,2025-02-18 11:50:00,Short,2909.21,2913.13,-7.8400000000001455,SL Hit,2913.13,2,1679.2249999999947,80.0,4.0099999999997635,-1.7899999999999636
2025-02-18 12:10:00,2025-02-18 18:25:00,Long,2922.5924999999997,2928.6,24.030000000000655,SL Hit,2928.6,4,1703.2549999999953,375.0,-10.312499999999545,10.7475000000004
2025-02-18 18:30:00,2025-02-18 18:40:00,Short,2930.56,2931.82,-1.2600000000002183,SL Hit,2931.82,1,1701.9949999999951,10.0,1.4600000000000364,-0.15999999999985448
2025-02-18 18:55:00,2025-02-19 00:00:00,Long,2933.4733333333334,2932.1,-4.120000000000346,SL Hit,2932.1,3,1697.8749999999948,305.0,-1.7733333333335395,3.3066666666668425
2025-02-19 00:05:00,2025-02-19 01:40:00,Short,2932.7,2934.7250000000004,-2.0250000000005457,SL Hit,2934.7250000000004,1,1695.8499999999942,95.0,3.4600000000000364,-4.480000000000018
2025-02-19 02:50:00,2025-02-19 02:55:00,Short,2926.2,2928.7200000000003,-2.5200000000004366,SL Hit,2928.7200000000003,1,1693.3299999999938,5.0,3.2200000000002547,-1.5299999999997453
2025-02-19 10:00:00,2025-02-19 10:10:00,Long,2945.44,2945.245,-0.1950000000001637,SL Hit,2945.245,1,1693.1349999999936,10.0,-2.9400000000000546,1.25
2025-02-19 16:10:00,2025-02-19 19:15:00,Short,2927.4750000000004,2929.3,-3.649999999999636,SL Hit,2929.3,2,1689.484999999994,185.0,2.914999999999509,-8.675000000000182
2025-02-19 19:20:00,2025-02-19 19:30:00,Long,2929.17,2928.6,-0.5700000000001637,SL Hit,2928.6,1,1688.9149999999938,10.0,-0.6100000000001273,1.0599999999999454
2025-02-19 19:35:00,2025-02-20 09:30:00,Long,2942.1357142857146,2952.2,70.44999999999663,SL Hit,2952.2,7,1759.3649999999905,835.0,-13.31571428571442,12.574285714285452
2025-02-20 10:45:00,2025-02-20 15:55:00,Short,2942.6499999999996,2939.42,12.919999999998254,SL Hit,2939.42,4,1772.2849999999887,310.0,10.460000000000491,-18.299999999999727
2025-02-20 16:00:00,2025-02-20 18:00:00,Long,2941.9449999999997,2940.41,-3.069999999999709,SL Hit,2940.41,2,1769.214999999989,120.0,-6.1349999999997635,4.775000000000091
2025-02-20 18:10:00,2025-02-20 23:30:00,Short,2939.285,2940.12,-3.3400000000001455,SL Hit,2940.12,4,1765.8749999999889,320.0,2.8450000000002547,-5.7849999999998545
2025-02-21 00:30:00,2025-02-21 01:00:00,Short,2937.98,2940.335,-2.355000000000018,SL Hit,2940.335,1,1763.5199999999888,30.0,6.019999999999982,-0.7800000000002001
2025-02-21 01:05:00,2025-02-21 01:35:00,Long,2943.2,2943.2,0.0,SL Hit,2943.2,1,1763.5199999999888,30.0,-1.8999999999996362,5.800000000000182
2025-02-21 02:15:00,2025-02-21 11:10:00,Short,2932.205,2932.61,-1.6200000000008004,SL Hit,2932.61,4,1761.899999999988,535.0,8.414999999999964,-14.375
2025-02-21 12:00:00,2025-02-21 12:05:00,Short,2928.85,2928.9399999999996,-0.08999999999969077,SL Hit,2928.9399999999996,1,1761.8099999999883,5.0,1.0100000000002183,-1.4400000000000546
2025-02-21 14:20:00,2025-02-21 14:30:00,Long,2934.1,2933.6949999999997,-0.4050000000002001,SL Hit,2933.6949999999997,1,1761.4049999999881,10.0,-2.769999999999982,1.2899999999999636
2025-02-21 14:35:00,2025-02-21 15:15:00,Long,2930.46,2927.64,-2.8200000000001637,SL Hit,2927.64,1,1758.584999999988,40.0,-3.099999999999909,8.029999999999745
2025-02-21 15:20:00,2025-02-21 15:30:00,Short,2926.79,2928.8149999999996,-2.024999999999636,SL Hit,2928.8149999999996,1,1756.5599999999883,10.0,2.0900000000001455,-5.029999999999745
2025-02-21 17:25:00,2025-02-21 19:40:00,Long,2938.665,2937.4,-2.5299999999997453,SL Hit,2937.4,2,1754.0299999999886,135.0,-1.9650000000001455,3.8850000000002183
2025-02-21 19:45:00,2025-02-21 21:40:00,Short,2937.61,2937.61,0.0,SL Hit,2937.61,1,1754.0299999999886,115.0,0.3599999999996726,-5.910000000000309
2025-02-24 00:30:00,2025-02-24 02:20:00,Short,2931.31,2930.8,1.019999999999527,SL Hit,2930.8,2,1755.0499999999881,110.0,4.75,-9.840000000000146
2025-02-24 05:45:00,2025-02-24 07:30:00,Short,2938.5833333333335,2941.36,-8.329999999999927,SL Hit,2941.36,3,1746.7199999999882,105.0,3.386666666666315,-3.233333333333576
2025-02-24 17:05:00,2025-02-25 00:25:00,Long,2947.548,2948.5,4.760000000001128,SL Hit,2948.5,5,1751.4799999999893,440.0,-6.377999999999702,5.552000000000135
2025-02-25 00:30:00,2025-02-25 01:05:00,Short,2948.71,2950.12,-1.4099999999998545,SL Hit,2950.12,1,1750.0699999999895,35.0,3.019999999999982,-0.8099999999999454
2025-02-25 08:50:00,2025-02-25 09:10:00,Long,2939.55,2939.55,0.0,SL Hit,2939.55,1,1750.0699999999895,20.0,-1.6300000000001091,2.6799999999998363
2025-02-25 11:05:00,2025-02-25 12:10:00,Short,2939.2233333333334,2940.33,-3.319999999999709,SL Hit,2940.33,3,1746.7499999999898,65.0,1.366666666666788,-1.313333333333503
2025-02-25 12:25:00,2025-02-25 12:30:00,Long,2937.1,2933.455,-3.644999999999982,SL Hit,2933.455,1,1743.1049999999898,5.0,-11.539999999999964,0.7699999999999818
2025-02-25 23:25:00,2025-02-25 23:30:00,Short,2914.27,2914.27,0.0,SL Hit,2914.27,1,1743.1049999999898,5.0,1.0300000000002,-1.3699999999998909
2025-02-25 23:50:00,2025-02-26 01:55:00,Long,2920.3600000000006,2920.7,1.019999999997708,SL Hit,2920.7,3,1744.1249999999875,125.0,-4.960000000000491,9.52999999999929
2025-02-26 04:25:00,2025-02-26 05:05:00,Short,2914.29,2916.0150000000003,-1.7250000000003638,SL Hit,2916.0150000000003,1,1742.3999999999871,40.0,3.2400000000002365,-2.0900000000001455
2025-02-26 09:05:00,2025-02-26 10:45:00,Long,2915.9799999999996,2912.48,-10.499999999998636,SL Hit,2912.48,3,1731.8999999999885,100.0,-4.199999999999363,1.580000000000382
2025-02-26 13:45:00,2025-02-26 15:30:00,Short,2910.85,2911.135,-0.28500000000030923,SL Hit,2911.135,1,1731.6149999999882,105.0,1.1300000000001091,-19.9699999999998
2025-02-26 19:25:00,2025-02-26 19:35:00,Long,2915.49,2915.49,0.0,SL Hit,2915.49,1,1731.6149999999882,10.0,-0.9899999999997817,0.43000000000029104
2025-02-27 00:50:00,2025-02-27 10:30:00,Short,2902.4750000000004,2891.99,41.94000000000233,SL Hit,2891.99,4,1773.5549999999905,580.0,15.384999999999764,-25.245000000000346
2025-02-27 10:35:00,2025-02-27 11:25:00,Long,2891.62,2887.99,-3.630000000000109,SL Hit,2887.99,1,1769.9249999999904,50.0,-4.150000000000091,2.9100000000003092
2025-02-27 13:35:00,2025-02-27 13:40:00,Short,2884.75,2887.21,-2.4600000000000364,SL Hit,2887.21,1,1767.4649999999904,5.0,2.7100000000000364,-1.3699999999998909
2025-02-27 14:25:00,2025-02-27 14:30:00,Long,2890.35,2888.61,-1.7399999999997817,SL Hit,2888.61,1,1765.7249999999906,5.0,-2.7599999999997635,0.6199999999998909
2025-02-27 21:05:00,2025-02-27 21:30:00,Short,2871.99,2876.2350000000006,-4.2450000000008,SL Hit,2876.2350000000006,1,1761.4799999999898,25.0,4.970000000000255,-0.02999999999974534
2025-02-28 00:05:00,2025-02-28 00:15:00,Short,2875.56,2875.56,0.0,SL Hit,2875.56,1,1761.4799999999898,10.0,1.0399999999999636,-0.6599999999998545
2025-02-28 00:50:00,2025-02-28 01:50:00,Long,2877.4,2876.74,-0.6600000000003092,SL Hit,2876.74,1,1760.8199999999895,60.0,-2.7600000000002183,7.039999999999964
2025-02-28 02:00:00,2025-02-28 02:05:00,Short,2874.98,2874.98,0.0,SL Hit,2874.98,1,1760.8199999999895,5.0,0.32999999999992724,-3.8200000000001637
2025-02-28 12:05:00,2025-02-28 12:10:00,Long,2864.09,2863.2200000000003,-0.8699999999998909,SL Hit,2863.2200000000003,1,1759.9499999999896,5.0,-3.1600000000003092,0.4800000000000182
2025-02-28 13:10:00,2025-02-28 13:15:00,Short,2859.83,2860.205,-0.375,SL Hit,2860.205,1,1759.5749999999896,5.0,1.7400000000002365,-1.5199999999999818
2025-02-28 20:20:00,2025-02-28 20:30:00,Long,2851.76,2849.465,-2.2950000000000728,SL Hit,2849.465,1,1757.2799999999895,10.0,-3.7600000000002183,0.6399999999998727
2025-03-03 01:05:00,2025-03-03 01:25:00,Short,2865.74,2869.76,-4.020000000000437,SL Hit,2869.76,1,1753.259999999989,20.0,5.100000000000364,-0.0
2025-03-03 02:25:00,2025-03-03 02:45:00,Long,2870.92,2869.12,-1.800000000000182,SL Hit,2869.12,1,1751.459999999989,20.0,-2.3099999999999454,0.40000000000009095
2025-03-03 03:10:00,2025-03-03 03:50:00,Short,2863.65,2864.8799999999997,-1.2299999999995634,SL Hit,2864.8799999999997,1,1750.2299999999893,40.0,1.9600000000000364,-3.2600000000002183
2025-03-03 07:05:00,2025-03-03 07:25:00,Long,2864.3999999999996,2861.71,-5.3799999999992,SL Hit,2861.71,2,1744.8499999999901,20.0,-3.7399999999997817,1.0600000000004002
2025-03-03 07:35:00,2025-03-03 07:50:00,Short,2862.31,2862.31,0.0,SL Hit,2862.31,1,1744.8499999999901,15.0,0.7600000000002183,-2.199999999999818
2025-03-03 08:30:00,2025-03-03 08:35:00,Short,2859.4,2862.4449999999997,-3.044999999999618,SL Hit,2862.4449999999997,1,1741.8049999999905,5.0,5.980000000000018,-0.13999999999987267
2025-03-03 12:15:00,2025-03-03 13:05:00,Long,2874.71,2874.05,-0.6599999999998545,SL Hit,2874.05,1,1741.1449999999907,50.0,-4.039999999999964,2.349999999999909
2025-03-03 16:40:00,2025-03-03 17:20:00,Long,2890.62,2889.63,-0.9899999999997817,SL Hit,2889.63,1,1740.1549999999909,40.0,-2.130000000000109,2.1400000000003274
2025-03-03 19:50:00,2025-03-03 20:45:00,Short,2886.88,2886.88,0.0,SL Hit,2886.88,1,1740.1549999999909,55.0,1.2599999999997635,-8.019999999999982
2025-03-04 05:15:00,2025-03-04 05:20:00,Long,2892.52,2892.25,-0.2699999999999818,SL Hit,2892.25,1,1739.884999999991,5.0,-0.5300000000002001,1.5
2025-03-04 07:00:00,2025-03-04 07:05:00,Short,2887.53,2888.28,-0.75,SL Hit,2888.28,1,1739.134999999991,5.0,2.0599999999999454,-0.3900000000003274
2025-03-04 09:25:00,2025-03-04 09:35:00,Long,2918.17,2917.6899999999996,-0.48000000000047294,SL Hit,2917.6899999999996,1,1738.6549999999904,10.0,-0.7300000000000182,2.9299999999998363
2025-03-04 11:55:00,2025-03-04 14:10:00,Long,2923.0649999999996,2919.22,-7.6899999999996,SL Hit,2919.22,2,1730.9649999999908,135.0,-5.464999999999691,4.355000000000473
2025-03-05 00:10:00,2025-03-05 00:15:00,Short,2914.08,2914.9799999999996,-0.8999999999996362,SL Hit,2914.9799999999996,1,1730.0649999999912,5.0,1.0799999999999272,-0.4899999999997817
2025-03-05 02:40:00,2025-03-05 05:25:00,Short,2908.6450000000004,2912.45,-15.219999999997526,SL Hit,2912.45,4,1714.8449999999937,165.0,4.344999999999345,-6.395000000000437
2025-03-05 05:30:00,2025-03-05 07:50:00,Long,2913.523333333333,2913.92,1.190000000000964,SL Hit,2913.92,3,1716.0349999999946,140.0,-2.253333333333103,7.766666666666879
2025-03-05 07:55:00,2025-03-05 08:00:00,Short,2914.7,2919.1099999999997,-4.4099999999998545,SL Hit,2919.1099999999997,1,1711.6249999999948,5.0,4.470000000000255,-0.0
2025-03-05 08:10:00,2025-03-05 09:35:00,Long,2918.34,2913.08,-10.520000000000437,SL Hit,2913.08,2,1701.1049999999943,85.0,-5.8400000000001455,3.5599999999999454
2025-03-05 09:40:00,2025-03-05 09:50:00,Short,2917.01,2918.66,-1.6499999999996362,SL Hit,2918.66,1,1699.4549999999947,10.0,2.0399999999999636,-0.8000000000001819
2025-03-05 11:00:00,2025-03-05 11:40:00,Short,2913.16,2916.1450000000004,-2.985000000000582,SL Hit,2916.1450000000004,1,1696.4699999999941,40.0,3.200000000000273,-0.5499999999997272
2025-03-05 15:10:00,2025-03-05 17:55:00,Long,2922.3999999999996,2914.98,-14.839999999999236,SL Hit,2914.98,2,1681.6299999999949,165.0,-8.299999999999727,7.0300000000002
2025-03-05 18:00:00,2025-03-05 18:15:00,Short,2915.69,2919.035,-3.3449999999998,SL Hit,2919.035,1,1678.284999999995,15.0,3.630000000000109,-2.869999999999891
2025-03-06 01:35:00,2025-03-06 04:35:00,Long,2920.74,2916.0,-9.479999999999563,SL Hit,2916.0,2,1668.8049999999955,180.0,-4.739999999999782,5.610000000000127
2025-03-06 04:45:00,2025-03-06 04:50:00,Short,2916.41,2917.04,-0.6300000000001091,SL Hit,2917.04,1,1668.1749999999954,5.0,1.1400000000003274,-0.009999999999763531
2025-03-06 05:05:00,2025-03-06 05:30:00,Short,2917.06,2917.06,0.0,SL Hit,2917.06,1,1668.1749999999954,25.0,2.2100000000000364,-2.549999999999727
2025-03-06 06:55:00,2025-03-06 07:05:00,Long,2921.48,2919.5150000000003,-1.9649999999996908,SL Hit,2919.5150000000003,1,1666.2099999999957,10.0,-2.1900000000000546,0.7800000000002001
2025-03-06 07:35:00,2025-03-06 11:30:00,Short,2908.25,2904.81,6.880000000000109,SL Hit,2904.81,2,1673.0899999999958,235.0,7.510000000000218,-16.289999999999964
2025-03-06 13:20:00,2025-03-06 18:40:00,Long,2910.785,2914.52,14.94000000000051,SL Hit,2914.52,4,1688.0299999999963,320.0,-9.674999999999727,10.934999999999945
2025-03-06 18:50:00,2025-03-07 05:05:00,Short,2910.3866666666668,2908.84,9.279999999999745,SL Hit,2908.84,6,1697.309999999996,615.0,6.783333333333303,-13.00666666666666
2025-03-07 05:10:00,2025-03-07 06:10:00,Long,2908.65,2907.8100000000004,-0.8399999999996908,SL Hit,2907.8100000000004,1,1696.4699999999964,60.0,-0.9500000000002728,3.480000000000018
2025-03-07 06:50:00,2025-03-07 11:50:00,Long,2916.215,2917.21,1.9899999999997817,SL Hit,2917.21,2,1698.4599999999962,300.0,-5.394999999999982,6.514999999999873
2025-03-07 11:55:00,2025-03-07 12:20:00,Short,2916.77,2920.46,-3.6900000000000546,SL Hit,2920.46,1,1694.7699999999961,25.0,4.440000000000055,-0.0
2025-03-07 12:30:00,2025-03-07 12:45:00,Long,2920.78,2920.78,0.0,SL Hit,2920.78,1,1694.7699999999961,15.0,-0.25,1.7899999999999636
2025-03-07 13:35:00,2025-03-07 13:40:00,Short,2918.36,2929.475,-11.114999999999782,Bullish Trade Reversal,2929.475,1,1683.6549999999963,5.0,7.4099999999998545,-0.5900000000001455
2025-03-07 13:40:00,2025-03-07 13:50:00,Long,2920.41,2916.975,-3.4349999999999454,SL Hit,2916.975,1,1680.2199999999964,10.0,-3.7199999999998,2.8700000000003456
2025-03-07 18:20:00,2025-03-07 18:25:00,Short,2905.15,2905.675,-0.525000000000091,SL Hit,2905.675,1,1679.6949999999963,5.0,0.75,-2.880000000000109
2025-03-07 18:30:00,2025-03-07 19:20:00,Short,2906.88,2908.305,-1.4249999999997272,SL Hit,2908.305,1,1678.2699999999966,50.0,2.199999999999818,-3.2400000000002365
2025-03-07 21:35:00,2025-03-07 21:40:00,Long,2910.82,2910.7,-0.12000000000034561,SL Hit,2910.7,1,1678.1499999999962,5.0,-1.2200000000002547,0.3999999999996362
2025-03-07 21:45:00,2025-03-07 21:55:00,Long,2910.75,2910.06,-0.6900000000000546,SL Hit,2910.06,1,1677.4599999999962,10.0,-3.6100000000001273,1.4699999999998
2025-03-09 21:00:00,2025-03-10 01:55:00,Long,2911.135,2912.7,3.1299999999991996,SL Hit,2912.7,2,1680.5899999999954,295.0,-3.9950000000003456,6.7849999999998545
2025-03-10 02:05:00,2025-03-10 02:40:00,Short,2913.82,2913.82,0.0,SL Hit,2913.82,1,1680.5899999999954,35.0,0.4899999999997817,-4.150000000000091
2025-03-10 05:25:00,2025-03-10 05:35:00,Short,2908.08,2908.62,-0.5399999999999636,SL Hit,2908.62,1,1680.0499999999954,10.0,1.4500000000002728,-1.0599999999999454
2025-03-10 06:15:00,2025-03-10 07:50:00,Long,2910.54,2909.25,-1.2899999999999636,SL Hit,2909.25,1,1678.7599999999954,95.0,-4.789999999999964,4.559999999999945
2025-03-10 07:55:00,2025-03-10 14:10:00,Short,2905.9525,2907.87,-7.670000000000073,SL Hit,2907.87,4,1671.0899999999954,375.0,9.057500000000346,-9.872499999999945
2025-03-10 14:15:00,2025-03-10 14:20:00,Long,2907.98,2906.165,-1.8150000000000546,SL Hit,2906.165,1,1669.2749999999953,5.0,-2.9099999999998545,0.8800000000001091
2025-03-10 15:05:00,2025-03-10 15:15:00,Long,2905.79,2901.6949999999997,-4.095000000000255,SL Hit,2901.6949999999997,1,1665.179999999995,10.0,-4.5099999999997635,1.0799999999999272
2025-03-10 16:45:00,2025-03-11 01:00:00,Short,2888.55,2888.03,2.0799999999999272,SL Hit,2888.03,4,1667.259999999995,495.0,12.259999999999764,-9.350000000000364
2025-03-11 01:05:00,2025-03-11 01:10:00,Long,2885.49,2883.21,-2.2799999999997453,SL Hit,2883.21,1,1664.9799999999952,5.0,-3.7899999999999636,2.230000000000018
2025-03-11 01:30:00,2025-03-11 12:15:00,Long,2901.5983333333334,2910.78,55.090000000001055,SL Hit,2910.78,6,1720.0699999999963,645.0,-14.038333333333412,13.501666666666551
2025-03-11 12:20:00,2025-03-11 12:25:00,Short,2910.72,2912.625,-1.9050000000002,SL Hit,2912.625,1,1718.164999999996,5.0,2.9100000000003092,-0.18999999999959982
2025-03-11 12:50:00,2025-03-11 12:55:00,Long,2914.07,2911.625,-2.4450000000001637,SL Hit,2911.625,1,1715.719999999996,5.0,-2.830000000000382,0.0
2025-03-11 13:05:00,2025-03-11 13:35:00,Short,2909.325,2915.43,-12.210000000000036,SL Hit,2915.43,2,1703.509999999996,30.0,9.664999999999964,-2.1549999999997453
2025-03-11 17:15:00,2025-03-11 17:20:00,Long,2919.2,2918.1950000000006,-1.0049999999991996,SL Hit,2918.1950000000006,1,1702.5049999999967,5.0,-3.369999999999891,0.47000000000025466
2025-03-11 17:30:00,2025-03-11 19:15:00,Short,2916.16,2920.01,-7.700000000000728,SL Hit,2920.01,2,1694.804999999996,105.0,4.140000000000327,-0.9899999999997817
2025-03-11 19:20:00,2025-03-11 19:50:00,Long,2920.51,2919.745,-0.7650000000003274,SL Hit,2919.745,1,1694.0399999999956,30.0,-1.5900000000001455,0.6599999999998545
2025-03-11 22:00:00,2025-03-11 22:10:00,Short,2915.16,2915.5649999999996,-0.40499999999974534,SL Hit,2915.5649999999996,1,1693.634999999996,10.0,1.5300000000002,-1.7599999999997635
2025-03-12 00:10:00,2025-03-12 00:15:00,Short,2913.85,2913.9399999999996,-0.08999999999969077,SL Hit,2913.9399999999996,1,1693.5449999999962,5.0,0.21000000000003638,-0.9499999999998181
2025-03-12 00:20:00,2025-03-12 00:25:00,Short,2913.69,2914.005,-0.31500000000005457,SL Hit,2914.005,1,1693.2299999999962,5.0,0.6999999999998181,-0.2800000000002001
2025-03-12 01:00:00,2025-03-12 01:30:00,Short,2912.1,2915.0250000000005,-2.9250000000006366,SL Hit,2915.0250000000005,1,1690.3049999999955,30.0,3.950000000000273,-1.3099999999999454
2025-03-12 02:40:00,2025-03-12 04:00:00,Long,2916.38,2914.91,-1.4700000000002547,SL Hit,2914.91,1,1688.8349999999953,80.0,-2.880000000000109,2.9899999999997817
2025-03-12 05:55:00,2025-03-12 06:45:00,Long,2916.46,2912.27,-8.38000000000011,SL Hit,2912.27,2,1680.4549999999952,50.0,-4.369999999999891,4.150000000000091
2025-03-12 06:50:00,2025-03-12 08:05:00,Short,2912.58,2915.655,-3.075000000000273,SL Hit,2915.655,1,1677.3799999999949,75.0,4.230000000000018,-3.4600000000000364
2025-03-12 08:55:00,2025-03-12 09:10:00,Long,2920.55,2919.62,-0.930000000000291,SL Hit,2919.62,1,1676.4499999999946,15.0,-2.0900000000001455,4.460000000000036
2025-03-12 11:35:00,2025-03-12 12:30:00,Short,2914.6099999999997,2916.47,-3.7200000000002547,SL Hit,2916.47,2,1672.7299999999943,55.0,8.270000000000437,-2.419999999999618
2025-03-12 13:20:00,2025-03-12 13:35:00,Short,2909.7,2912.49,-2.7899999999999636,SL Hit,2912.49,1,1669.9399999999944,15.0,3.1600000000003092,-3.0599999999999454
2025-03-12 19:30:00,2025-03-12 22:05:00,Short,2934.18,2934.81,-0.6300000000001091,SL Hit,2934.81,1,1669.3099999999943,155.0,1.0599999999999454,-3.4699999999998
2025-03-13 01:55:00,2025-03-13 02:05:00,Short,2938.32,2939.01,-0.6900000000000546,SL Hit,2939.01,1,1668.6199999999942,10.0,1.6299999999996544,-0.7699999999999818
2025-03-13 02:20:00,2025-03-13 06:05:00,Long,2940.1000000000004,2936.49,-7.220000000001164,SL Hit,2936.49,2,1661.399999999993,225.0,-4.5300000000002,6.379999999999654
2025-03-13 06:10:00,2025-03-13 08:10:00,Short,2935.39,2939.665,-4.275000000000091,SL Hit,2939.665,1,1657.124999999993,120.0,5.7800000000002,-2.3799999999996544
2025-03-13 12:05:00,2025-03-13 12:10:00,Long,2948.52,2946.7349999999997,-1.7850000000003092,SL Hit,2946.7349999999997,1,1655.3399999999926,5.0,-2.7199999999998,0.5799999999999272
2025-03-13 13:05:00,2025-03-13 13:30:00,Short,2944.01,2945.3599999999997,-1.3499999999994543,SL Hit,2945.3599999999997,1,1653.9899999999932,25.0,2.9899999999997817,-1.9400000000000546
2025-03-13 13:50:00,2025-03-14 00:25:00,Long,2974.8,2984.9,40.399999999999636,SL Hit,2984.9,4,1694.3899999999928,635.0,-27.039999999999964,14.269999999999982
2025-03-14 00:30:00,2025-03-14 00:55:00,Short,2985.38,2986.865,-1.4849999999996726,SL Hit,2986.865,1,1692.9049999999932,25.0,2.6099999999996726,-1.5799999999999272
2025-03-14 01:20:00,2025-03-14 01:25:00,Long,2989.05,2984.4900000000002,-4.559999999999945,SL Hit,2984.4900000000002,1,1688.3449999999932,5.0,-5.850000000000364,0.0
2025-03-14 01:30:00,2025-03-14 01:35:00,Short,2984.09,2984.09,0.0,SL Hit,2984.09,1,1688.3449999999932,5.0,2.899999999999636,-1.5199999999999818
2025-03-14 06:25:00,2025-03-14 06:45:00,Short,2982.3999999999996,2986.2,-7.600000000000364,SL Hit,2986.2,2,1680.7449999999928,20.0,4.820000000000164,-1.2799999999997453
2025-03-14 06:55:00,2025-03-14 07:20:00,Long,2985.16,2981.02,-8.279999999999745,SL Hit,2981.02,2,1672.464999999993,25.0,-4.359999999999673,0.7699999999999818
2025-03-14 12:40:00,2025-03-14 12:45:00,Long,2997.38,2997.38,0.0,SL Hit,2997.38,1,1672.464999999993,5.0,-1.4100000000003092,1.8800000000001091
2025-03-14 13:05:00,2025-03-16 21:05:00,Short,2989.4225,2990.12,-2.789999999999054,SL Hit,2990.12,4,1669.674999999994,3360.0,6.257499999999709,-10.282500000000255
2025-03-17 17:35:00,2025-03-17 17:50:00,Long,2998.23,2997.4649999999997,-0.7650000000003274,SL Hit,2997.4649999999997,1,1668.9099999999937,15.0,-0.8299999999999272,1.050000000000182
2025-03-17 18:00:00,2025-03-18 01:00:00,Long,2999.8559999999998,2999.3,-2.7799999999979264,SL Hit,2999.3,5,1666.1299999999958,420.0,-3.655999999999949,3.244000000000142
2025-03-18 01:05:00,2025-03-18 01:15:00,Short,3000.0,3001.785,-1.7849999999998545,SL Hit,3001.785,1,1664.344999999996,10.0,1.800000000000182,-0.05999999999994543
2025-03-18 01:40:00,2025-03-18 01:45:00,Long,3003.27,3002.64,-0.6300000000001091,SL Hit,3002.64,1,1663.7149999999958,5.0,-0.7699999999999818,1.5399999999999636
2025-03-18 06:10:00,2025-03-18 06:15:00,Long,3016.03,3014.7549999999997,-1.2750000000005457,SL Hit,3014.7549999999997,1,1662.4399999999953,5.0,-1.3500000000003638,0.5199999999999818
2025-03-18 07:00:00,2025-03-18 22:10:00,Long,3025.675714285714,3031.5,40.770000000001346,SL Hit,3031.5,7,1703.2099999999966,910.0,-11.215714285714057,12.11428571428587
2025-03-18 23:25:00,2025-03-19 02:45:00,Short,3031.7233333333334,3033.5,-5.329999999999927,SL Hit,3033.5,3,1697.8799999999967,200.0,1.8866666666667697,-4.223333333333358
2025-03-19 02:50:00,2025-03-19 06:30:00,Long,3035.56,3034.64,-1.8400000000001455,SL Hit,3034.64,2,1696.0399999999966,220.0,-3.2399999999997817,9.400000000000091
2025-03-19 06:35:00,2025-03-19 06:40:00,Short,3036.43,3039.0249999999996,-2.5949999999998,SL Hit,3039.0249999999996,1,1693.4449999999968,5.0,3.2899999999999636,-0.27999999999974534
2025-03-19 12:40:00,2025-03-19 12:50:00,Long,3039.74,3038.6450000000004,-1.0949999999993452,SL Hit,3038.6450000000004,1,1692.3499999999974,10.0,-1.8799999999996544,1.2700000000004366
2025-03-19 13:25:00,2025-03-19 16:10:00,Short,3034.85,3034.85,0.0,SL Hit,3034.85,1,1692.3499999999974,165.0,0.5500000000001819,-8.190000000000055
2025-03-19 22:05:00,2025-03-20 05:25:00,Long,3051.145,3047.6,-14.180000000000291,SL Hit,3047.6,4,1678.1699999999971,440.0,-6.105000000000018,5.7849999999998545
2025-03-20 05:30:00,2025-03-20 06:10:00,Short,3048.31,3048.625,-0.31500000000005457,SL Hit,3048.625,1,1677.854999999997,40.0,0.8899999999998727,-3.3299999999999272
2025-03-20 07:25:00,2025-03-20 07:30:00,Short,3046.12,3046.69,-0.5700000000001637,SL Hit,3046.69,1,1677.284999999997,5.0,1.4400000000000546,-0.75
2025-03-20 07:45:00,2025-03-20 09:20:00,Short,3045.01,3045.01,0.0,SL Hit,3045.01,1,1677.284999999997,95.0,0.4299999999998363,-6.330000000000382
2025-03-20 16:00:00,2025-03-20 16:10:00,Long,3040.87,3039.6400000000003,-1.2299999999995634,SL Hit,3039.6400000000003,1,1676.0549999999973,10.0,-1.7300000000000182,0.7699999999999818
2025-03-20 16:20:00,2025-03-20 16:30:00,Long,3039.79,3038.3050000000003,-1.4849999999996726,SL Hit,3038.3050000000003,1,1674.5699999999977,10.0,-5.279999999999745,0.21000000000003638
2025-03-20 18:10:00,2025-03-20 18:35:00,Long,3042.57,3041.6099999999997,-0.9600000000004911,SL Hit,3041.6099999999997,1,1673.6099999999972,25.0,-1.6600000000003092,2.6299999999996544
2025-03-20 19:35:00,2025-03-20 19:50:00,Long,3045.32,3045.0950000000003,-0.22499999999990905,SL Hit,3045.0950000000003,1,1673.3849999999973,15.0,-0.6300000000001091,0.4600000000000364
2025-03-20 23:10:00,2025-03-20 23:25:00,Long,3044.78,3044.5550000000003,-0.22499999999990905,SL Hit,3044.5550000000003,1,1673.1599999999974,15.0,-0.45000000000027285,0.7799999999997453
2025-03-20 23:50:00,2025-03-20 23:55:00,Long,3045.53,3045.2299999999996,-0.30000000000063665,SL Hit,3045.2299999999996,1,1672.8599999999967,5.0,-0.6300000000001091,0.919999999999618
2025-03-21 00:20:00,2025-03-21 00:30:00,Short,3042.76,3044.125,-1.3649999999997817,SL Hit,3044.125,1,1671.494999999997,10.0,1.8599999999996726,-1.7600000000002183
2025-03-21 01:20:00,2025-03-21 06:10:00,Short,3034.16,3032.14,6.059999999999945,SL Hit,3032.14,3,1677.5549999999969,290.0,9.170000000000073,-12.319999999999709
2025-03-21 06:15:00,2025-03-21 08:15:00,Long,3030.963333333333,3028.0,-8.889999999999418,SL Hit,3028.0,3,1668.6649999999975,120.0,-3.5433333333330665,3.5866666666670426
2025-03-21 08:20:00,2025-03-21 08:30:00,Short,3028.57,3029.74,-1.169999999999618,SL Hit,3029.74,1,1667.4949999999978,10.0,3.049999999999727,-1.3600000000001273
2025-03-21 10:55:00,2025-03-21 11:00:00,Long,3033.03,3030.3449999999993,-2.685000000000855,SL Hit,3030.3449999999993,1,1664.809999999997,5.0,-3.880000000000109,0.0
2025-03-21 12:55:00,2025-03-21 13:00:00,Long,3035.41,3033.4300000000003,-1.9799999999995634,SL Hit,3033.4300000000003,1,1662.8299999999974,5.0,-2.119999999999891,0.4600000000000364
2025-03-21 17:15:00,2025-03-21 17:20:00,Long,3017.45,3016.67,-0.7799999999997453,SL Hit,3016.67,1,1662.0499999999977,5.0,-2.369999999999891,0.3400000000001455
2025-03-21 18:25:00,2025-03-21 19:00:00,Long,3017.08,3017.08,0.0,SL Hit,3017.08,1,1662.0499999999977,35.0,-1.1100000000001273,3.869999999999891
2025-03-24 02:50:00,2025-03-24 03:20:00,Short,3016.5,3018.885,-2.3850000000002183,SL Hit,3018.885,1,1659.6649999999975,30.0,2.880000000000109,-0.4299999999998363
2025-03-24 05:00:00,2025-03-24 06:10:00,Long,3018.83,3018.83,0.0,SL Hit,3018.83,1,1659.6649999999975,70.0,-0.9899999999997817,3.7800000000002
2025-03-24 06:35:00,2025-03-24 12:45:00,Long,3025.6220000000003,3024.14,-7.410000000002128,SL Hit,3024.14,5,1652.2549999999953,370.0,-4.822000000000116,7.207999999999629
2025-03-24 12:55:00,2025-03-24 20:15:00,Short,3017.428,3007.98,47.23999999999933,SL Hit,3007.98,5,1699.4949999999947,440.0,10.192000000000007,-14.938000000000102
2025-03-24 23:45:00,2025-03-25 00:10:00,Short,3009.43,3010.7650000000003,-1.3350000000004911,SL Hit,3010.7650000000003,1,1698.1599999999942,25.0,1.930000000000291,-1.1299999999996544
2025-03-25 02:10:00,2025-03-25 03:10:00,Short,3009.2,3012.275,-3.075000000000273,SL Hit,3012.275,1,1695.084999999994,60.0,3.150000000000091,-1.5899999999996908
2025-03-25 11:10:00,2025-03-25 11:15:00,Long,3023.67,3023.67,0.0,SL Hit,3023.67,1,1695.084999999994,5.0,-0.36999999999989086,1.150000000000091
2025-03-25 11:25:00,2025-03-25 11:45:00,Long,3025.07,3022.6099999999997,-2.460000000000491,SL Hit,3022.6099999999997,1,1692.6249999999934,20.0,-2.850000000000364,1.0599999999999454
2025-03-25 18:20:00,2025-03-25 22:00:00,Short,3019.76,3020.57,-2.4299999999998363,SL Hit,3020.57,3,1690.1949999999936,220.0,1.1899999999995998,-2.0600000000004
2025-03-26 01:15:00,2025-03-26 01:35:00,Short,3018.57,3020.115,-1.544999999999618,SL Hit,3020.115,1,1688.649999999994,20.0,1.9800000000000182,-1.7699999999999818
2025-03-26 07:15:00,2025-03-26 07:20:00,Long,3026.26,3025.435,-0.8250000000002728,SL Hit,3025.435,1,1687.8249999999937,5.0,-1.0400000000004184,0.32999999999992724
2025-03-26 07:25:00,2025-03-26 08:50:00,Long,3025.73,3025.385,-0.3449999999997999,SL Hit,3025.385,1,1687.4799999999939,85.0,-1.699999999999818,6.070000000000164
2025-03-26 10:15:00,2025-03-26 10:20:00,Short,3018.27,3021.465,-3.1950000000001637,SL Hit,3021.465,1,1684.2849999999937,5.0,4.230000000000018,-0.8299999999999272
2025-03-26 18:15:00,2025-03-26 18:30:00,Long,3019.54,3019.285,-0.25500000000010914,SL Hit,3019.285,1,1684.0299999999936,15.0,-0.40000000000009095,0.9800000000000182
2025-03-26 18:35:00,2025-03-26 18:50:00,Long,3019.16,3018.71,-0.4499999999998181,SL Hit,3018.71,1,1683.5799999999938,15.0,-1.0199999999999818,0.900000000000091
2025-03-26 20:45:00,2025-03-26 20:50:00,Long,3019.95,3019.95,0.0,SL Hit,3019.95,1,1683.5799999999938,5.0,-0.8799999999996544,0.8400000000001455
2025-03-26 23:10:00,2025-03-26 23:30:00,Short,3019.3,3020.605,-1.3049999999998363,SL Hit,3020.605,1,1682.274999999994,20.0,1.5099999999997635,-1.800000000000182
2025-03-26 23:35:00,2025-03-27 17:30:00,Long,3033.5,3048.2,102.89999999999873,SL Hit,3048.2,7,1785.1749999999927,1075.0,-14.13000000000011,25.5300000000002
2025-03-27 17:35:00,2025-03-27 17:50:00,Short,3049.68,3051.375,-1.6950000000001637,SL Hit,3051.375,1,1783.4799999999925,15.0,3.2600000000002183,-1.169999999999618
2025-03-27 22:20:00,2025-03-27 22:25:00,Short,3054.44,3056.0149999999994,-1.5749999999993634,SL Hit,3056.0149999999994,1,1781.9049999999932,5.0,1.8400000000001455,-0.5399999999999636
2025-03-27 23:00:00,2025-03-28 00:05:00,Short,3054.54,3056.85,-4.619999999999891,SL Hit,3056.85,2,1777.2849999999933,65.0,4.360000000000127,-0.8400000000001455
2025-03-28 08:55:00,2025-03-28 09:40:00,Short,3072.76,3074.06,-2.5999999999994543,SL Hit,3074.06,2,1774.6849999999938,45.0,2.8899999999998727,-2.6200000000003456
2025-03-28 09:45:00,2025-03-28 10:05:00,Long,3075.05,3072.005,-3.0450000000000728,SL Hit,3072.005,1,1771.6399999999937,20.0,-3.950000000000273,0.0
2025-03-28 10:15:00,2025-03-28 10:35:00,Short,3071.9,3072.3499999999995,-0.44999999999936335,SL Hit,3072.3499999999995,1,1771.1899999999944,20.0,0.8099999999999454,-4.25
2025-03-28 11:10:00,2025-03-28 12:00:00,Long,3075.61,3075.535,-0.07500000000027285,SL Hit,3075.535,1,1771.114999999994,50.0,-0.8700000000003456,3.6900000000000546
2025-03-28 13:20:00,2025-03-28 13:50:00,Short,3073.71,3081.0,-14.579999999999927,SL Hit,3081.0,2,1756.5349999999942,30.0,8.929999999999836,-1.849999999999909
2025-03-28 14:40:00,2025-03-28 15:05:00,Short,3071.44,3074.8599999999997,-3.419999999999618,SL Hit,3074.8599999999997,1,1753.1149999999946,25.0,4.230000000000018,-3.7100000000000364
2025-03-28 17:35:00,2025-03-28 19:00:00,Short,3079.683333333334,3080.28,-1.7899999999990541,SL Hit,3080.28,3,1751.3249999999955,85.0,2.4266666666662786,-6.003333333334012
2025-03-28 19:15:00,2025-03-31 00:00:00,Long,3082.986666666666,3087.2,12.640000000000782,SL Hit,3087.2,3,1763.9649999999963,3165.0,-4.686666666666042,16.563333333333958
2025-03-31 04:30:00,2025-03-31 05:00:00,Long,3110.92,3108.88,-2.0399999999999636,SL Hit,3108.88,1,1761.9249999999963,30.0,-2.8299999999999272,4.489999999999782
2025-03-31 10:00:00,2025-03-31 10:10:00,Short,3114.78,3114.78,0.0,SL Hit,3114.78,1,1761.9249999999963,10.0,0.09999999999990905,-2.3700000000003456
2025-03-31 12:20:00,2025-03-31 12:35:00,Long,3122.1,3121.545,-0.5549999999998363,SL Hit,3121.545,1,1761.3699999999965,15.0,-0.9600000000000364,3.9100000000003092
2025-03-31 15:15:00,2025-03-31 15:20:00,Long,3123.91,3123.8199999999997,-0.09000000000014552,SL Hit,3123.8199999999997,1,1761.2799999999963,5.0,-0.8899999999998727,1.6600000000003092
2025-03-31 22:25:00,2025-03-31 23:05:00,Short,3122.1400000000003,3125.37,-6.459999999999127,SL Hit,3125.37,2,1754.8199999999972,40.0,3.5099999999997635,-0.8400000000001455
2025-03-31 23:10:00,2025-03-31 23:45:00,Long,3125.24,3123.38,-1.8599999999996726,SL Hit,3123.38,1,1752.9599999999975,35.0,-1.8699999999998909,0.9700000000002547
2025-03-31 23:50:00,2025-04-01 07:35:00,Long,3127.8133333333335,3128.07,0.7699999999999818,SL Hit,3128.07,3,1753.7299999999975,465.0,-8.613333333333685,20.156666666666297
2025-04-01 11:30:00,2025-04-01 13:00:00,Short,3130.79,3134.735,-3.9450000000001637,SL Hit,3134.735,1,1749.7849999999974,90.0,3.9900000000002365,-2.7599999999997635
2025-04-01 20:00:00,2025-04-01 20:50:00,Long,3118.39,3116.3050000000003,-2.0849999999995816,SL Hit,3116.3050000000003,1,1747.6999999999978,50.0,-5.190000000000055,1.9900000000002365
2025-04-01 20:55:00,2025-04-01 23:45:00,Short,3112.9966666666664,3113.33,-1.0000000000004547,SL Hit,3113.33,3,1746.6999999999973,170.0,1.5533333333337396,-5.236666666666224
2025-04-02 07:45:00,2025-04-02 10:25:00,Long,3124.156666666667,3127.01,8.559999999999036,SL Hit,3127.01,3,1755.2599999999964,160.0,-4.916666666667425,9.373333333332994
2025-04-02 13:55:00,2025-04-02 16:05:00,Short,3121.9833333333336,3128.96,-20.92999999999938,SL Hit,3128.96,3,1734.329999999997,130.0,7.296666666666624,-4.263333333333776
2025-04-02 17:05:00,2025-04-02 17:10:00,Long,3128.87,3128.87,0.0,SL Hit,3128.87,1,1734.329999999997,5.0,-0.1999999999998181,1.6100000000001273
2025-04-02 17:20:00,2025-04-02 17:25:00,Long,3127.47,3125.04,-2.4299999999998363,SL Hit,3125.04,1,1731.8999999999971,5.0,-4.369999999999891,1.2699999999999818
2025-04-02 17:40:00,2025-04-02 18:00:00,Short,3120.82,3124.7649999999994,-3.944999999999254,SL Hit,3124.7649999999994,1,1727.9549999999979,20.0,5.049999999999727,-0.0
2025-04-02 18:25:00,2025-04-02 18:35:00,Short,3120.66,3121.9350000000004,-1.2750000000005457,SL Hit,3121.9350000000004,1,1726.6799999999973,10.0,1.930000000000291,-2.5599999999999454
2025-04-02 20:25:00,2025-04-02 20:30:00,Short,3121.22,3137.5250000000005,-16.305000000000746,Bullish Trade Reversal,3137.5250000000005,1,1710.3749999999966,5.0,15.090000000000146,-17.4699999999998
2025-04-02 20:30:00,2025-04-03 04:45:00,Long,3141.0675,3141.99,3.6899999999986903,SL Hit,3141.99,4,1714.0649999999953,495.0,-18.30749999999989,25.602499999999964
2025-04-03 08:05:00,2025-04-03 08:10:00,Long,3129.18,3129.18,0.0,SL Hit,3129.18,1,1714.0649999999953,5.0,-1.6799999999998363,2.6600000000003092
2025-04-03 10:05:00,2025-04-03 14:25:00,Short,3121.48,3121.48,0.0,SL Hit,3121.48,1,1714.0649999999953,260.0,3.7800000000002,-66.01999999999998
2025-04-03 14:55:00,2025-04-03 15:00:00,Long,3131.9,3125.6299999999997,-6.270000000000437,SL Hit,3125.6299999999997,1,1707.7949999999948,5.0,-6.650000000000091,0.0
2025-04-03 16:10:00,2025-04-03 18:55:00,Short,3105.6,3109.7,-12.299999999999727,SL Hit,3109.7,3,1695.4949999999951,165.0,5.700000000000273,-5.369999999999891
2025-04-03 19:25:00,2025-04-03 19:30:00,Long,3109.12,3105.7000000000003,-3.419999999999618,SL Hit,3105.7000000000003,1,1692.0749999999955,5.0,-5.7199999999998,0.5
2025-04-03 19:55:00,2025-04-03 20:25:00,Short,3105.24,3109.2749999999996,-4.0349999999998545,SL Hit,3109.2749999999996,1,1688.0399999999956,30.0,5.120000000000346,-0.31999999999970896
2025-04-03 23:55:00,2025-04-04 00:25:00,Long,3114.34,3110.6800000000003,-3.6599999999998545,SL Hit,3110.6800000000003,1,1684.3799999999958,30.0,-5.100000000000364,0.7899999999999636
2025-04-04 05:35:00,2025-04-04 06:30:00,Long,3102.76,3101.4700000000003,-1.2899999999999636,SL Hit,3101.4700000000003,1,1683.0899999999958,55.0,-1.5200000000004366,6.389999999999873
2025-04-04 12:45:00,2025-04-04 19:45:00,Short,3057.875,3035.43,44.89000000000033,SL Hit,3035.43,2,1727.9799999999962,420.0,30.684999999999945,-41.195000000000164
2025-04-06 22:05:00,2025-04-06 22:10:00,Short,3024.54,3024.54,0.0,SL Hit,3024.54,1,1727.9799999999962,5.0,4.019999999999982,-20.829999999999927
2025-04-06 22:15:00,2025-04-07 01:15:00,Short,3006.605,3007.37,-1.5299999999997453,SL Hit,3007.37,2,1726.4499999999964,180.0,23.485000000000127,-33.49499999999989
2025-04-07 05:05:00,2025-04-07 05:10:00,Long,3031.32,3029.115,-2.205000000000382,SL Hit,3029.115,1,1724.244999999996,5.0,-4.900000000000091,2.269999999999982
2025-04-07 06:30:00,2025-04-07 06:35:00,Short,3020.44,3025.495,-5.054999999999836,SL Hit,3025.495,1,1719.1899999999962,5.0,10.259999999999764,-2.3899999999998727
2025-04-07 10:40:00,2025-04-07 10:45:00,Long,3033.23,3031.79,-1.4400000000000546,SL Hit,3031.79,1,1717.7499999999961,5.0,-2.8099999999999454,2.25
2025-04-07 10:55:00,2025-04-07 12:00:00,Long,3033.97,3029.635,-4.334999999999582,SL Hit,3029.635,1,1713.4149999999966,65.0,-6.7599999999997635,11.320000000000164
2025-04-07 14:20:00,2025-04-07 14:25:00,Long,3028.77,3016.0650000000005,-12.704999999999472,SL Hit,3016.0650000000005,1,1700.709999999997,5.0,-22.0,0.15999999999985448
2025-04-07 14:50:00,2025-04-07 19:30:00,Short,2985.4750000000004,2976.24,18.470000000001164,SL Hit,2976.24,2,1719.1799999999982,280.0,19.18499999999949,-28.115000000000236
2025-04-07 23:25:00,2025-04-08 00:25:00,Short,2982.31,2988.09,-11.5600000000004,SL Hit,2988.09,2,1707.6199999999978,60.0,6.4099999999998545,-4.309999999999945
2025-04-08 00:55:00,2025-04-08 04:30:00,Long,2993.683333333333,2994.0,0.9500000000011823,SL Hit,2994.0,3,1708.569999999999,215.0,-9.773333333333085,10.66666666666697
2025-04-08 04:40:00,2025-04-08 04:45:00,Short,2994.5,2997.56,-3.0599999999999454,SL Hit,2997.56,1,1705.509999999999,5.0,3.7399999999997817,-2.5900000000001455
2025-04-08 10:35:00,2025-04-08 12:25:00,Long,3006.75,3005.9249999999997,-0.8250000000002728,SL Hit,3005.9249999999997,1,1704.6849999999988,110.0,-2.4600000000000364,12.360000000000127
2025-04-08 23:30:00,2025-04-09 01:25:00,Short,2976.556666666667,2986.42,-29.58999999999969,SL Hit,2986.42,3,1675.0949999999991,115.0,13.203333333333376,-6.63666666666677
2025-04-09 04:30:00,2025-04-09 10:15:00,Long,3024.8,3039.75,74.74999999999909,SL Hit,3039.75,5,1749.8449999999982,345.0,-19.38000000000011,25.84999999999991
2025-04-09 10:25:00,2025-04-09 10:30:00,Short,3039.93,3042.0299999999997,-2.099999999999909,SL Hit,3042.0299999999997,1,1747.7449999999983,5.0,3.480000000000018,-1.3799999999996544
2025-04-09 11:05:00,2025-04-09 11:15:00,Short,3044.1,3046.1400000000003,-2.0400000000004184,SL Hit,3046.1400000000003,1,1745.7049999999979,10.0,12.110000000000127,-1.6199999999998909
2025-04-09 14:10:00,2025-04-09 14:50:00,Long,3074.08,3071.7250000000004,-2.3549999999995634,SL Hit,3071.7250000000004,1,1743.3499999999983,40.0,-4.449999999999818,9.690000000000055
2025-04-09 16:25:00,2025-04-09 17:20:00,Long,3087.7,3081.9700000000003,-5.729999999999563,SL Hit,3081.9700000000003,1,1737.6199999999988,55.0,-10.569999999999709,10.320000000000164
2025-04-09 17:25:00,2025-04-09 17:30:00,Long,3070.58,3055.67,-14.909999999999854,SL Hit,3055.67,1,1722.709999999999,5.0,-19.670000000000073,16.860000000000127
2025-04-09 17:35:00,2025-04-09 17:45:00,Short,3068.59,3068.59,0.0,SL Hit,3068.59,1,1722.709999999999,10.0,4.730000000000018,-14.070000000000164
2025-04-09 17:50:00,2025-04-09 19:40:00,Short,3068.15,3098.02,-59.73999999999978,SL Hit,3098.02,2,1662.9699999999991,110.0,30.029999999999745,-17.5300000000002
2025-04-09 19:50:00,2025-04-09 19:55:00,Long,3089.75,3087.335,-2.4149999999999636,SL Hit,3087.335,1,1660.5549999999992,5.0,-5.4699999999998,4.800000000000182
2025-04-10 08:35:00,2025-04-10 08:40:00,Short,3106.98,3110.175,-3.1950000000001637,SL Hit,3110.175,1,1657.359999999999,5.0,4.960000000000036,-1.3800000000001091
2025-04-10 11:50:00,2025-04-10 12:35:00,Long,3119.34,3119.145,-0.1950000000001637,SL Hit,3119.145,1,1657.1649999999988,45.0,-2.3400000000001455,13.75
2025-04-10 18:25:00,2025-04-11 10:45:00,Long,3195.1637499999997,3212.94,142.21000000000276,SL Hit,3212.94,8,1799.3750000000016,980.0,-32.35374999999976,40.06625000000031
2025-04-11 10:50:00,2025-04-11 11:00:00,Short,3214.18,3215.305,-1.125,SL Hit,3215.305,1,1798.2500000000016,10.0,4.510000000000218,-4.099999999999909
2025-04-11 13:15:00,2025-04-11 13:50:00,Long,3234.87,3226.8300000000004,-8.039999999999509,SL Hit,3226.8300000000004,1,1790.210000000002,35.0,-9.9699999999998,8.670000000000073
2025-04-11 16:10:00,2025-04-11 16:15:00,Long,3242.85,3242.415,-0.43499999999994543,SL Hit,3242.415,1,1789.7750000000021,5.0,-2.4600000000000364,1.2300000000000182
2025-04-14 00:05:00,2025-04-14 01:00:00,Long,3222.495,3217.3,-10.389999999999418,SL Hit,3217.3,2,1779.3850000000027,55.0,-5.855000000000018,4.414999999999964
2025-04-14 01:10:00,2025-04-14 01:20:00,Short,3219.52,3223.3,-3.7800000000002,SL Hit,3223.3,1,1775.6050000000025,10.0,8.0,-2.2100000000000364
2025-04-14 05:00:00,2025-04-14 05:10:00,Short,3226.91,3226.91,0.0,SL Hit,3226.91,1,1775.6050000000025,10.0,0.42000000000007276,-2.8599999999996726
2025-04-14 06:00:00,2025-04-14 07:45:00,Long,3231.13,3228.1,-6.0600000000004,SL Hit,3228.1,2,1769.5450000000021,105.0,-4.809999999999945,5.859999999999673
2025-04-14 12:45:00,2025-04-14 14:45:00,Short,3204.2200000000003,3209.55,-10.659999999999854,SL Hit,3209.55,2,1758.8850000000023,120.0,10.499999999999545,-9.63000000000011
2025-04-14 22:40:00,2025-04-14 22:45:00,Long,3214.18,3212.9800000000005,-1.1999999999993634,SL Hit,3212.9800000000005,1,1757.685000000003,5.0,-1.9400000000000546,0.7800000000002001
2025-04-15 01:10:00,2025-04-15 07:15:00,Long,3220.4350000000004,3221.02,1.1699999999991633,SL Hit,3221.02,2,1758.855000000002,365.0,-7.525000000000546,11.804999999999382
2025-04-15 07:20:00,2025-04-15 07:55:00,Short,3221.73,3222.285,-0.5549999999998363,SL Hit,3222.285,1,1758.3000000000022,35.0,3.2899999999999636,-3.980000000000018
2025-04-15 10:55:00,2025-04-15 11:00:00,Short,3222.21,3222.42,-0.21000000000003638,SL Hit,3222.42,1,1758.0900000000022,5.0,1.1399999999998727,-2.519999999999982
2025-04-15 11:05:00,2025-04-15 12:10:00,Short,3223.55,3223.55,0.0,SL Hit,3223.55,1,1758.0900000000022,65.0,0.1499999999996362,-6.400000000000091
2025-04-15 12:30:00,2025-04-15 12:45:00,Short,3218.1,3221.955,-3.855000000000018,SL Hit,3221.955,1,1754.2350000000022,15.0,4.7400000000002365,-2.4899999999997817
2025-04-15 13:10:00,2025-04-15 13:20:00,Long,3224.97,3221.1150000000002,-3.8549999999995634,SL Hit,3221.1150000000002,1,1750.3800000000026,10.0,-5.309999999999945,0.0
2025-04-15 17:30:00,2025-04-16 11:05:00,Long,3272.0829999999996,3300.0,279.1700000000037,SL Hit,3300.0,10,2029.5500000000063,1055.0,-49.35299999999961,44.337000000000444
2025-04-16 11:20:00,2025-04-16 11:45:00,Short,3297.145,3306.48,-18.670000000000073,SL Hit,3306.48,2,2010.8800000000062,25.0,13.565000000000055,-3.605000000000018
2025-04-16 13:30:00,2025-04-16 13:50:00,Short,3303.3,3305.85,-2.549999999999727,SL Hit,3305.85,1,2008.3300000000065,20.0,6.480000000000018,-5.970000000000255
2025-04-17 00:00:00,2025-04-17 00:30:00,Short,3349.87,3349.87,0.0,SL Hit,3349.87,1,2008.3300000000065,30.0,0.6100000000001273,-6.170000000000073
2025-04-17 00:40:00,2025-04-17 00:50:00,Short,3347.48,3347.48,0.0,SL Hit,3347.48,1,2008.3300000000065,10.0,0.15999999999985448,-4.75
2025-04-17 01:15:00,2025-04-17 10:25:00,Short,3336.9260000000004,3325.87,55.280000000002474,SL Hit,3325.87,5,2063.6100000000088,550.0,18.40399999999954,-23.96600000000035
2025-04-17 10:30:00,2025-04-17 13:20:00,Long,3326.1066666666666,3322.39,-11.150000000000091,SL Hit,3322.39,3,2052.4600000000087,170.0,-4.186666666666497,12.043333333333521
2025-04-17 13:30:00,2025-04-17 16:15:00,Short,3313.7424999999994,3304.3,37.7699999999968,SL Hit,3304.3,4,2090.2300000000055,165.0,17.2775000000006,-37.30249999999933
2025-04-17 18:50:00,2025-04-22 02:45:00,Short,3314.51,3318.575,-4.0649999999996,SL Hit,3318.575,1,2086.165000000006,6235.0,158.0899999999997,-0.5500000000001819
2025-04-22 05:30:00,2025-04-22 05:35:00,Short,3479.36,3481.22,-1.8599999999996726,SL Hit,3481.22,1,2084.305000000006,5.0,2.849999999999909,-5.220000000000255
2025-04-22 08:35:00,2025-04-22 10:05:00,Short,3462.24,3463.635,-1.3950000000004366,SL Hit,3463.635,1,2082.9100000000058,90.0,5.5600000000004,-19.149999999999636
2025-04-22 11:10:00,2025-04-22 11:50:00,Short,3453.52,3458.4400000000005,-4.9200000000005275,SL Hit,3458.4400000000005,1,2077.9900000000052,40.0,6.579999999999927,-5.5099999999997635
2025-04-22 12:40:00,2025-04-23 00:25:00,Short,3396.9324999999994,3348.94,383.93999999999505,SL Hit,3348.94,8,2461.9300000000003,705.0,53.87750000000051,-78.99249999999938
2025-04-23 02:45:00,2025-04-23 04:45:00,Short,3347.935,3345.63,4.609999999999673,SL Hit,3345.63,2,2466.54,120.0,14.25500000000011,-18.565000000000055
2025-04-23 04:50:00,2025-04-23 05:35:00,Long,3343.9350000000004,3335.66,-16.55000000000109,SL Hit,3335.66,2,2449.989999999999,45.0,-15.115000000000236,4.984999999999673
2025-04-23 11:20:00,2025-04-23 12:00:00,Long,3334.51,3322.51,-24.0,SL Hit,3322.51,2,2425.989999999999,40.0,-13.580000000000382,4.069999999999709
2025-04-23 12:05:00,2025-04-23 12:20:00,Short,3322.66,3322.66,0.0,SL Hit,3322.66,1,2425.989999999999,15.0,6.510000000000218,-8.359999999999673
2025-04-23 22:05:00,2025-04-24 02:35:00,Long,3322.0266666666666,3348.66,79.89999999999964,SL Hit,3348.66,3,2505.8899999999985,270.0,-17.026666666666642,43.39333333333343
2025-04-24 05:05:00,2025-04-24 05:35:00,Short,3325.98,3328.98,-3.0,SL Hit,3328.98,1,2502.8899999999985,30.0,8.509999999999764,-4.019999999999982
2025-04-24 05:40:00,2025-04-24 07:05:00,Short,3330.07,3334.49,-8.839999999999236,SL Hit,3334.49,2,2494.0499999999993,85.0,8.11999999999989,-14.940000000000055
2025-04-24 09:00:00,2025-04-24 09:25:00,Long,3336.34,3335.1850000000004,-1.1549999999997453,SL Hit,3335.1850000000004,1,2492.8949999999995,25.0,-1.300000000000182,4.7199999999998
2025-04-24 12:40:00,2025-04-24 13:00:00,Long,3343.42,3334.6450000000004,-8.774999999999636,SL Hit,3334.6450000000004,1,2484.12,20.0,-13.170000000000073,0.0
2025-04-24 15:35:00,2025-04-24 15:45:00,Long,3328.36,3322.5549999999994,-5.805000000000746,SL Hit,3322.5549999999994,1,2478.314999999999,10.0,-6.960000000000036,0.0
2025-04-24 17:25:00,2025-04-24 22:10:00,Long,3341.4600000000005,3338.2,-9.780000000002019,SL Hit,3338.2,3,2468.534999999997,285.0,-27.760000000000673,13.319999999999709
2025-04-24 22:15:00,2025-04-24 22:20:00,Long,3313.7,3313.7,0.0,Bearish Trade Reversal,3313.7,1,2468.534999999997,5.0,0.0,41.5300000000002
2025-04-24 22:20:00,2025-04-24 22:25:00,Short,3353.64,3356.025,-2.3850000000002183,SL Hit,3356.025,1,2466.149999999997,5.0,9.63000000000011,-5.039999999999964
2025-04-25 01:15:00,2025-04-25 01:25:00,Long,3353.1,3348.28,-9.639999999999418,SL Hit,3348.28,2,2456.5099999999975,10.0,-4.819999999999709,2.75
2025-04-25 01:45:00,2025-04-25 02:10:00,Short,3349.37,3350.63,-1.2600000000002183,SL Hit,3350.63,1,2455.2499999999973,25.0,3.2899999999999636,-7.069999999999709
2025-04-25 16:35:00,2025-04-25 16:40:00,Long,3284.85,3282.84,-2.0099999999997635,SL Hit,3282.84,1,2453.2399999999975,5.0,-4.199999999999818,0.5599999999999454
2025-04-25 16:45:00,2025-04-28 01:45:00,Long,3290.9499999999994,3288.01,-8.819999999997435,SL Hit,3288.01,3,2444.42,3420.0,-10.599999999999454,40.000000000000455
2025-04-28 01:55:00,2025-04-28 11:05:00,Short,3281.5033333333336,3293.65,-36.4399999999996,SL Hit,3293.65,3,2407.9800000000005,550.0,12.276666666666642,-10.683333333333394
2025-04-28 11:10:00,2025-04-28 11:15:00,Long,3288.57,3287.115,-1.455000000000382,SL Hit,3287.115,1,2406.525,5.0,-2.0100000000002183,0.15999999999985448
2025-04-28 11:50:00,2025-04-28 13:45:00,Long,3292.75,3290.78,-5.9099999999994,SL Hit,3290.78,3,2400.6150000000007,115.0,-5.480000000000018,8.699999999999818
2025-04-28 17:35:00,2025-04-28 17:50:00,Long,3339.46,3335.74,-3.7200000000002547,SL Hit,3335.74,1,2396.8950000000004,15.0,-3.8299999999999272,0.07999999999992724
2025-04-28 20:05:00,2025-04-28 20:15:00,Long,3350.39,3349.3849999999998,-1.0050000000001091,SL Hit,3349.3849999999998,1,2395.8900000000003,10.0,-1.2100000000000364,0.42000000000007276
2025-04-29 00:35:00,2025-04-29 01:35:00,Short,3331.4,3335.96,-4.559999999999945,SL Hit,3335.96,1,2391.3300000000004,60.0,6.819999999999709,-7.0
2025-04-29 02:00:00,2025-04-29 06:20:00,Short,3318.7325,3315.56,12.69000000000051,SL Hit,3315.56,4,2404.020000000001,260.0,14.527500000000146,-13.43249999999989
2025-04-29 06:25:00,2025-04-29 07:10:00,Long,3313.98,3313.125,-0.8550000000000182,SL Hit,3313.125,1,2403.165000000001,45.0,-1.599999999999909,9.269999999999982
2025-04-29 08:05:00,2025-04-29 08:30:00,Long,3320.61,3318.915,-1.6950000000001637,SL Hit,3318.915,1,2401.4700000000007,25.0,-1.800000000000182,1.6599999999998545
2025-04-29 09:05:00,2025-04-29 09:20:00,Short,3314.4,3314.4,0.0,SL Hit,3314.4,1,2401.4700000000007,15.0,0.08999999999969077,-5.460000000000036
2025-04-29 10:55:00,2025-04-29 11:00:00,Long,3312.81,3312.255,-0.5549999999998363,SL Hit,3312.255,1,2400.915000000001,5.0,-2.400000000000091,1.0300000000002
2025-04-29 11:10:00,2025-04-29 11:55:00,Long,3315.66,3308.5200000000004,-7.139999999999418,SL Hit,3308.5200000000004,1,2393.7750000000015,45.0,-7.769999999999982,0.19000000000005457
2025-04-29 12:15:00,2025-04-29 12:25:00,Short,3309.88,3309.88,0.0,SL Hit,3309.88,1,2393.7750000000015,10.0,0.5299999999997453,-7.349999999999909
2025-04-29 13:20:00,2025-04-29 13:40:00,Long,3316.65,3311.925,-4.724999999999909,SL Hit,3311.925,1,2389.0500000000015,20.0,-5.150000000000091,4.279999999999745
2025-04-29 13:55:00,2025-04-29 14:00:00,Short,3307.33,3307.33,0.0,SL Hit,3307.33,1,2389.0500000000015,5.0,1.7000000000002728,-3.0599999999999454
2025-04-29 20:50:00,2025-04-29 22:05:00,Short,3318.97,3319.585,-0.6150000000002365,SL Hit,3319.585,1,2388.4350000000013,75.0,3.730000000000018,-3.869999999999891
2025-04-30 00:10:00,2025-04-30 00:15:00,Long,3322.92,3322.755,-0.16499999999996362,SL Hit,3322.755,1,2388.2700000000013,5.0,-1.8400000000001455,4.329999999999927
2025-04-30 00:50:00,2025-04-30 01:15:00,Short,3313.02,3315.675,-2.6550000000002,SL Hit,3315.675,1,2385.615000000001,25.0,4.889999999999873,-3.449999999999818
2025-04-30 02:05:00,2025-04-30 02:10:00,Short,3309.58,3309.58,0.0,SL Hit,3309.58,1,2385.615000000001,5.0,2.8299999999999272,-2.2899999999999636
2025-04-30 03:00:00,2025-04-30 03:10:00,Short,3306.46,3308.875,-2.4149999999999636,SL Hit,3308.875,1,2383.200000000001,10.0,3.6900000000000546,-1.4099999999998545
2025-04-30 03:35:00,2025-04-30 03:45:00,Short,3306.4,3307.5999999999995,-1.1999999999993634,SL Hit,3307.5999999999995,1,2382.000000000002,10.0,2.2199999999998,-2.3899999999998727
2025-04-30 07:50:00,2025-04-30 07:55:00,Long,3312.7,3308.875,-3.824999999999818,SL Hit,3308.875,1,2378.175000000002,5.0,-5.349999999999909,0.06000000000040018
2025-04-30 09:25:00,2025-04-30 09:30:00,Short,3281.42,3282.635,-1.2150000000001455,SL Hit,3282.635,1,2376.960000000002,5.0,3.1399999999998727,-0.7200000000002547
2025-04-30 11:30:00,2025-04-30 12:05:00,Long,3279.74,3268.76,-21.959999999999127,SL Hit,3268.76,2,2355.0000000000027,35.0,-11.809999999999945,1.6100000000001273
2025-04-30 12:10:00,2025-04-30 12:15:00,Short,3274.99,3278.2300000000005,-3.240000000000691,SL Hit,3278.2300000000005,1,2351.760000000002,5.0,10.140000000000327,-0.0
2025-04-30 18:05:00,2025-04-30 18:10:00,Short,3306.61,3306.61,0.0,SL Hit,3306.61,1,2351.760000000002,5.0,0.5199999999999818,-3.550000000000182
2025-04-30 18:15:00,2025-05-01 12:40:00,Short,3253.3500000000004,3226.83,212.1600000000035,SL Hit,3226.83,8,2563.9200000000055,1105.0,53.78999999999951,-50.94000000000051
2025-05-01 12:45:00,2025-05-01 13:05:00,Long,3226.97,3222.98,-3.9899999999997817,SL Hit,3222.98,1,2559.9300000000057,20.0,-5.129999999999654,5.0300000000002
2025-05-01 15:30:00,2025-05-01 15:55:00,Short,3213.96,3214.92,-0.9600000000000364,SL Hit,3214.92,1,2558.9700000000057,25.0,3.5900000000001455,-9.240000000000236
2025-05-01 17:05:00,2025-05-02 00:45:00,Long,3226.626,3234.51,39.42000000000007,SL Hit,3234.51,5,2598.390000000006,460.0,-16.506000000000313,17.19399999999996
2025-05-02 09:15:00,2025-05-02 12:25:00,Long,3262.623333333333,3257.38,-15.729999999998654,SL Hit,3257.38,3,2582.660000000007,190.0,-6.0133333333328665,5.8866666666672245
2025-05-02 12:30:00,2025-05-02 12:35:00,Short,3258.48,3258.48,0.0,SL Hit,3258.48,1,2582.660000000007,5.0,0.7199999999997999,-8.019999999999982
2025-05-02 12:40:00,2025-05-02 14:35:00,Short,3249.24,3258.43,-18.38000000000011,SL Hit,3258.43,2,2564.280000000007,115.0,13.5,-9.5
2025-05-02 14:45:00,2025-05-02 15:25:00,Long,3253.38,3250.1099999999997,-3.2700000000004366,SL Hit,3250.1099999999997,1,2561.0100000000066,40.0,-6.869999999999891,10.269999999999982
2025-05-02 17:30:00,2025-05-05 03:10:00,Long,3246.465,3260.05,81.51000000000022,SL Hit,3260.05,6,2642.520000000007,3460.0,-22.115000000000236,25.355000000000018
2025-05-05 03:15:00,2025-05-05 05:05:00,Short,3259.2999999999997,3259.29,0.029999999999290594,SL Hit,3259.29,3,2642.550000000006,110.0,1.7400000000002365,-6.4099999999998545
2025-05-05 05:10:00,2025-05-05 14:00:00,Long,3281.852,3311.01,145.79000000000178,SL Hit,3311.01,5,2788.340000000008,530.0,-27.341999999999643,40.2180000000003
2025-05-05 14:05:00,2025-05-05 17:55:00,Short,3313.31,3317.07,-11.280000000000655,SL Hit,3317.07,3,2777.060000000007,230.0,14.079999999999927,-7.199999999999818
2025-05-05 18:00:00,2025-05-06 00:20:00,Long,3327.1433333333334,3327.38,0.7100000000000364,SL Hit,3327.38,3,2777.7700000000073,380.0,-13.213333333333594,9.876666666666551
2025-05-06 05:30:00,2025-05-06 05:55:00,Short,3356.22,3360.3,-4.080000000000382,SL Hit,3360.3,1,2773.690000000007,25.0,5.200000000000273,-5.539999999999964
2025-05-06 07:05:00,2025-05-06 11:35:00,Long,3376.6725,3376.56,-0.4500000000007276,SL Hit,3376.56,4,2773.240000000006,270.0,-11.012500000000273,7.547499999999673
2025-05-06 11:40:00,2025-05-06 11:45:00,Short,3375.71,3375.71,0.0,SL Hit,3375.71,1,2773.240000000006,5.0,1.6700000000000728,-1.7600000000002183
2025-05-06 11:50:00,2025-05-06 12:35:00,Short,3377.535,3384.22,-13.36999999999989,SL Hit,3384.22,2,2759.8700000000063,45.0,10.015000000000327,-4.174999999999727
2025-05-06 15:40:00,2025-05-06 15:45:00,Long,3395.86,3394.735,-1.125,SL Hit,3394.735,1,2758.7450000000063,5.0,-1.8600000000001273,1.069999999999709
2025-05-06 22:15:00,2025-05-07 05:20:00,Short,3390.781666666667,3386.77,24.070000000003347,SL Hit,3386.77,6,2782.8150000000096,425.0,23.238333333332776,-30.661666666667315
2025-05-07 05:25:00,2025-05-07 05:30:00,Long,3386.06,3383.315,-2.744999999999891,SL Hit,3383.315,1,2780.0700000000097,5.0,-2.9600000000000364,0.6199999999998909
2025-05-07 05:45:00,2025-05-07 05:50:00,Long,3386.8,3385.3900000000003,-1.4099999999998545,SL Hit,3385.3900000000003,1,2778.66000000001,5.0,-2.300000000000182,1.2999999999997272
2025-05-07 07:20:00,2025-05-07 07:30:00,Long,3393.19,3388.3599999999997,-4.830000000000382,SL Hit,3388.3599999999997,1,2773.8300000000095,10.0,-7.329999999999927,0.9699999999997999
2025-05-07 08:55:00,2025-05-07 09:00:00,Short,3381.62,3384.125,-2.505000000000109,SL Hit,3384.125,1,2771.3250000000094,5.0,3.0799999999999272,-1.4099999999998545
2025-05-07 09:15:00,2025-05-07 10:10:00,Short,3382.92,3383.085,-0.16499999999996362,SL Hit,3383.085,1,2771.1600000000094,55.0,3.0099999999997635,-13.539999999999964
2025-05-07 13:25:00,2025-05-07 13:30:00,Short,3384.88,3386.41,-1.5299999999997453,SL Hit,3386.41,1,2769.6300000000097,5.0,2.980000000000018,-2.980000000000018
2025-05-07 13:35:00,2025-05-07 13:45:00,Short,3387.14,3394.58,-7.440000000000055,SL Hit,3394.58,1,2762.1900000000096,10.0,10.470000000000255,-1.5299999999997453
2025-05-07 14:25:00,2025-05-07 14:30:00,Short,3383.49,3385.665,-2.175000000000182,SL Hit,3385.665,1,2760.0150000000094,5.0,2.5600000000004,-1.3399999999996908
2025-05-07 18:35:00,2025-05-07 23:25:00,Short,3382.0066666666667,3373.24,26.300000000000637,SL Hit,3373.24,3,2786.31500000001,290.0,7.563333333333503,-18.28666666666686
2025-05-07 23:35:00,2025-05-08 05:05:00,Long,3380.91,3379.26,-3.2999999999992724,SL Hit,3379.26,2,2783.015000000011,330.0,-9.509999999999764,32.820000000000164
2025-05-08 05:10:00,2025-05-08 10:20:00,Short,3352.8999999999996,3344.19,26.129999999998745,SL Hit,3344.19,3,2809.1450000000095,310.0,27.0600000000004,-31.98999999999978
2025-05-08 20:30:00,2025-05-08 20:35:00,Long,3309.53,3307.535,-1.9950000000003456,SL Hit,3307.535,1,2807.150000000009,5.0,-2.1900000000000546,0.02999999999974534
2025-05-08 22:05:00,2025-05-09 01:20:00,Long,3314.596666666667,3309.12,-16.430000000000746,SL Hit,3309.12,3,2790.7200000000084,195.0,-9.096666666666806,8.933333333333394
2025-05-09 10:25:00,2025-05-09 10:35:00,Long,3326.29,3322.8700000000003,-3.419999999999618,SL Hit,3322.8700000000003,1,2787.300000000009,10.0,-4.029999999999745,0.0
2025-05-09 11:10:00,2025-05-09 11:30:00,Long,3328.01,3328.01,0.0,SL Hit,3328.01,1,2787.300000000009,20.0,-3.230000000000018,9.019999999999982
2025-05-09 13:05:00,2025-05-09 14:00:00,Long,3333.1949999999997,3328.51,-9.369999999998981,SL Hit,3328.51,2,2777.93000000001,55.0,-9.8449999999998,6.595000000000255
2025-05-09 14:35:00,2025-05-09 14:40:00,Long,3336.57,3336.57,0.0,SL Hit,3336.57,1,2777.93000000001,5.0,-2.5399999999999636,2.5099999999997635
2025-05-09 15:15:00,2025-05-09 18:50:00,Long,3339.7533333333336,3336.36,-10.180000000000291,SL Hit,3336.36,3,2767.7500000000095,215.0,-4.05333333333374,7.016666666666424
2025-05-09 18:55:00,2025-05-09 19:00:00,Short,3337.64,3339.3500000000004,-1.7100000000004911,SL Hit,3339.3500000000004,1,2766.040000000009,5.0,1.8800000000001091,-0.07999999999992724
2025-05-12 03:25:00,2025-05-12 04:30:00,Long,3277.77,3277.77,0.0,SL Hit,3277.77,1,2766.040000000009,65.0,-0.8000000000001819,6.190000000000055
2025-05-12 05:45:00,2025-05-12 05:50:00,Short,3270.16,3273.04,-2.880000000000109,SL Hit,3273.04,1,2763.160000000009,5.0,3.2899999999999636,-0.3999999999996362
2025-05-12 09:55:00,2025-05-12 10:00:00,Short,3217.21,3217.21,0.0,SL Hit,3217.21,1,2763.160000000009,5.0,1.0799999999999272,-5.309999999999945
2025-05-12 12:10:00,2025-05-12 16:10:00,Long,3232.013333333334,3232.93,2.749999999998181,SL Hit,3232.93,3,2765.910000000007,240.0,-11.603333333333921,16.336666666666133
2025-05-12 18:25:00,2025-05-12 18:45:00,Short,3221.37,3224.3250000000003,-2.955000000000382,SL Hit,3224.3250000000003,1,2762.9550000000067,20.0,5.269999999999982,-0.5099999999997635
2025-05-12 20:20:00,2025-05-12 20:30:00,Long,3236.2,3234.25,-1.949999999999818,SL Hit,3234.25,1,2761.005000000007,10.0,-2.299999999999727,1.5199999999999818
2025-05-12 22:05:00,2025-05-12 22:10:00,Long,3235.7,3233.42,-2.2799999999997453,SL Hit,3233.42,1,2758.725000000007,5.0,-3.699999999999818,2.2600000000002183
2025-05-12 22:15:00,2025-05-12 22:20:00,Short,3236.18,3237.17,-0.9900000000002365,SL Hit,3237.17,1,2757.735000000007,5.0,1.0900000000001455,-2.8799999999996544
2025-05-13 08:30:00,2025-05-13 11:20:00,Short,3253.65,3255.79,-8.55999999999949,SL Hit,3255.79,4,2749.1750000000075,170.0,4.349999999999909,-3.650000000000091
2025-05-13 11:30:00,2025-05-13 11:40:00,Long,3255.31,3255.31,0.0,SL Hit,3255.31,1,2749.1750000000075,10.0,-1.4899999999997817,2.900000000000091
2025-05-13 13:20:00,2025-05-13 13:25:00,Short,3241.12,3243.4750000000004,-2.355000000000473,SL Hit,3243.4750000000004,1,2746.820000000007,5.0,4.5900000000001455,-0.0
2025-05-13 18:50:00,2025-05-14 00:05:00,Long,3251.0200000000004,3247.2,-11.460000000001855,SL Hit,3247.2,3,2735.360000000005,315.0,-4.720000000000255,5.6799999999993815
2025-05-14 02:00:00,2025-05-14 05:45:00,Short,3233.876666666667,3230.11,11.300000000000637,SL Hit,3230.11,3,2746.6600000000058,225.0,6.993333333332885,-12.096666666666806
2025-05-14 07:45:00,2025-05-14 11:45:00,Long,3235.9975000000004,3229.7,-25.19000000000233,SL Hit,3229.7,4,2721.4700000000034,240.0,-9.2175000000002,6.3224999999997635
2025-05-14 15:10:00,2025-05-14 15:15:00,Short,3180.38,3182.7349999999997,-2.3549999999995634,SL Hit,3182.7349999999997,1,2719.115000000004,5.0,3.9600000000000364,-1.1400000000003274
2025-05-14 16:15:00,2025-05-14 16:20:00,Short,3179.65,3182.035,-2.3849999999997635,SL Hit,3182.035,1,2716.730000000004,5.0,5.299999999999727,-0.2600000000002183
2025-05-14 18:55:00,2025-05-14 19:20:00,Short,3173.87,3173.87,0.0,SL Hit,3173.87,1,2716.730000000004,25.0,0.3400000000001455,-4.9099999999998545
2025-05-14 23:10:00,2025-05-14 23:15:00,Long,3183.81,3181.8450000000003,-1.9649999999996908,SL Hit,3181.8450000000003,1,2714.7650000000044,5.0,-2.0099999999997635,1.7699999999999818
2025-05-14 23:20:00,2025-05-15 00:10:00,Long,3182.935,3180.0,-5.869999999999891,SL Hit,3180.0,2,2708.8950000000045,50.0,-2.9349999999999454,3.9850000000001273
2025-05-15 00:45:00,2025-05-15 00:50:00,Short,3182.17,3184.0150000000003,-1.8450000000002547,SL Hit,3184.0150000000003,1,2707.0500000000043,5.0,4.599999999999909,-1.300000000000182
2025-05-15 04:15:00,2025-05-15 04:25:00,Short,3148.49,3150.035,-1.5450000000000728,SL Hit,3150.035,1,2705.505000000004,10.0,1.5700000000001637,-1.919999999999618
2025-05-15 05:35:00,2025-05-15 06:30:00,Short,3131.79,3142.57,-21.5600000000004,SL Hit,3142.57,2,2683.945000000004,55.0,13.25,-10.13000000000011
2025-05-15 12:05:00,2025-05-15 12:10:00,Long,3181.34,3180.8149999999996,-0.5250000000005457,SL Hit,3180.8149999999996,1,2683.4200000000033,5.0,-2.5100000000002183,1.0599999999999454
2025-05-15 12:20:00,2025-05-16 01:45:00,Long,3203.1866666666665,3216.6,40.24000000000024,SL Hit,3216.6,3,2723.6600000000035,805.0,-25.50666666666666,48.27333333333354
2025-05-16 01:55:00,2025-05-16 02:00:00,Short,3221.06,3222.4700000000003,-1.4100000000003092,SL Hit,3222.4700000000003,1,2722.250000000003,5.0,3.8200000000001637,-2.6799999999998363
2025-05-16 03:05:00,2025-05-16 06:05:00,Short,3214.693333333333,3221.81,-21.350000000000364,SL Hit,3221.81,3,2700.900000000003,180.0,11.196666666666715,-7.963333333333139
2025-05-16 07:10:00,2025-05-16 09:25:00,Short,3209.3100000000004,3208.74,1.140000000001237,SL Hit,3208.74,2,2702.040000000004,135.0,8.449999999999818,-13.290000000000418
2025-05-16 12:45:00,2025-05-16 12:50:00,Long,3178.33,3176.665,-1.6649999999999636,SL Hit,3176.665,1,2700.375000000004,5.0,-2.119999999999891,2.550000000000182
2025-05-16 13:00:00,2025-05-16 13:15:00,Long,3179.84,3175.49,-4.350000000000364,SL Hit,3175.49,1,2696.0250000000037,15.0,-9.13000000000011,5.569999999999709
2025-05-16 13:55:00,2025-05-16 14:40:00,Long,3182.12,3170.05,-24.139999999999418,SL Hit,3170.05,2,2671.8850000000043,45.0,-15.779999999999745,4.980000000000018
2025-05-16 20:50:00,2025-05-16 20:55:00,Long,3202.2,3198.6900000000005,-3.509999999999309,SL Hit,3198.6900000000005,1,2668.375000000005,5.0,-4.289999999999964,1.5600000000004002
2025-05-18 23:10:00,2025-05-18 23:15:00,Long,3244.46,3243.155,-1.3049999999998363,SL Hit,3243.155,1,2667.070000000005,5.0,-3.2600000000002183,0.03999999999996362
2025-05-19 07:40:00,2025-05-19 12:50:00,Long,3236.8525,3234.21,-10.569999999999709,SL Hit,3234.21,4,2656.5000000000055,310.0,-10.612500000000182,10.997499999999945
2025-05-19 12:55:00,2025-05-19 13:10:00,Short,3234.2,3234.2599999999998,-0.05999999999994543,SL Hit,3234.2599999999998,1,2656.4400000000055,15.0,0.9800000000000182,-6.379999999999654
2025-05-19 13:15:00,2025-05-19 15:50:00,Short,3235.365,3235.83,-0.930000000000291,SL Hit,3235.83,2,2655.510000000005,155.0,4.245000000000346,-17.734999999999673
2025-05-19 17:15:00,2025-05-19 18:25:00,Short,3228.4266666666667,3232.86,-13.300000000000182,SL Hit,3232.86,3,2642.210000000005,70.0,5.223333333333358,-3.0266666666666424
2025-05-19 22:20:00,2025-05-19 22:30:00,Short,3225.74,3227.0750000000003,-1.3350000000004911,SL Hit,3227.0750000000003,1,2640.8750000000045,10.0,1.580000000000382,-0.4399999999995998
2025-05-19 22:40:00,2025-05-20 01:00:00,Short,3220.81,3223.92,-6.220000000000255,SL Hit,3223.92,2,2634.6550000000043,140.0,7.179999999999836,-6.559999999999945
2025-05-20 02:15:00,2025-05-20 04:15:00,Short,3213.42,3213.61,-0.38000000000010914,SL Hit,3213.61,2,2634.275000000004,120.0,3.519999999999982,-9.11999999999989
2025-05-20 04:20:00,2025-05-20 04:25:00,Long,3212.78,3212.78,0.0,SL Hit,3212.78,1,2634.275000000004,5.0,-1.180000000000291,1.7899999999999636
2025-05-20 04:30:00,2025-05-20 04:40:00,Long,3212.55,3211.0649999999996,-1.485000000000582,SL Hit,3211.0649999999996,1,2632.7900000000036,10.0,-1.9500000000002728,0.5099999999997635
2025-05-20 05:45:00,2025-05-20 05:50:00,Short,3211.74,3213.0150000000003,-1.2750000000005457,SL Hit,3213.0150000000003,1,2631.515000000003,5.0,1.3100000000004002,-2.0399999999999636
2025-05-20 05:55:00,2025-05-20 06:05:00,Short,3210.82,3214.96,-4.139999999999873,SL Hit,3214.96,1,2627.375000000003,10.0,5.5,-1.080000000000382
2025-05-20 06:45:00,2025-05-20 06:50:00,Short,3209.9,3210.335,-0.43499999999994543,SL Hit,3210.335,1,2626.9400000000032,5.0,0.6300000000001091,-1.2600000000002183
2025-05-20 07:00:00,2025-05-20 07:15:00,Short,3208.87,3212.3949999999995,-3.524999999999636,SL Hit,3212.3949999999995,1,2623.4150000000036,15.0,4.420000000000073,-0.569999999999709
2025-05-20 11:25:00,2025-05-20 11:30:00,Long,3238.9,3237.64,-1.2600000000002183,SL Hit,3237.64,1,2622.1550000000034,5.0,-1.9100000000003092,0.5499999999997272
2025-05-20 12:15:00,2025-05-20 13:05:00,Long,3236.96,3234.64,-4.640000000000327,SL Hit,3234.64,2,2617.515000000003,50.0,-3.5700000000001637,11.320000000000164
2025-05-20 13:10:00,2025-05-20 13:30:00,Short,3234.64,3238.7349999999997,-4.0949999999998,SL Hit,3238.7349999999997,1,2613.4200000000033,20.0,5.720000000000255,-1.5299999999997453
2025-05-20 13:55:00,2025-05-20 16:35:00,Long,3268.8233333333337,3276.2,22.12999999999829,SL Hit,3276.2,3,2635.5500000000015,160.0,-23.77333333333354,16.39666666666608
2025-05-20 17:15:00,2025-05-20 17:25:00,Long,3280.81,3280.81,0.0,SL Hit,3280.81,1,2635.5500000000015,10.0,-0.5099999999997635,4.0300000000002
2025-05-20 17:30:00,2025-05-21 01:25:00,Long,3291.35,3288.1,-9.75,SL Hit,3288.1,3,2625.8000000000015,475.0,-11.039999999999964,22.38000000000011
2025-05-21 06:35:00,2025-05-21 07:05:00,Long,3317.41,3315.04,-2.369999999999891,SL Hit,3315.04,1,2623.4300000000017,30.0,-4.029999999999745,2.7200000000002547
2025-05-21 09:30:00,2025-05-21 09:35:00,Long,3310.06,3309.805,-0.25500000000010914,SL Hit,3309.805,1,2623.1750000000015,5.0,-2.1100000000001273,1.7300000000000182
2025-05-21 09:40:00,2025-05-21 09:45:00,Long,3308.21,3307.415,-0.7950000000000728,SL Hit,3307.415,1,2622.3800000000015,5.0,-1.0599999999999454,1.6300000000001091
2025-05-21 11:55:00,2025-05-21 12:00:00,Short,3310.21,3311.14,-0.9299999999998363,SL Hit,3311.14,1,2621.4500000000016,5.0,1.7799999999997453,-2.5300000000002
2025-05-21 12:05:00,2025-05-21 15:05:00,Short,3303.58,3308.91,-10.659999999999854,SL Hit,3308.91,2,2610.790000000002,180.0,7.940000000000055,-11.960000000000036
2025-05-21 17:30:00,2025-05-22 03:55:00,Long,3322.0466666666666,3336.2,84.91999999999916,SL Hit,3336.2,6,2695.710000000001,625.0,-15.836666666666588,22.933333333333394
2025-05-22 06:05:00,2025-05-22 13:10:00,Short,3323.726666666667,3314.39,28.010000000001128,SL Hit,3314.39,3,2723.720000000002,425.0,10.953333333332921,-39.606666666667024
2025-05-22 13:25:00,2025-05-22 13:50:00,Long,3312.38,3301.17,-22.420000000000073,SL Hit,3301.17,2,2701.300000000002,25.0,-19.570000000000164,1.1300000000001091
2025-05-22 16:45:00,2025-05-22 16:50:00,Long,3302.59,3302.425,-0.16499999999996362,SL Hit,3302.425,1,2701.135000000002,5.0,-1.5900000000001455,2.0099999999997635
2025-05-22 16:55:00,2025-05-22 17:00:00,Long,3301.7,3300.6349999999998,-1.0650000000000546,SL Hit,3300.6349999999998,1,2700.070000000002,5.0,-2.5599999999999454,0.3100000000004002
2025-05-22 22:10:00,2025-05-22 22:15:00,Long,3297.38,3294.74,-2.6400000000003274,SL Hit,3294.74,1,2697.4300000000017,5.0,-3.0799999999999272,0.0
2025-05-22 22:35:00,2025-05-23 00:50:00,Long,3299.2833333333333,3294.13,-15.459999999999582,SL Hit,3294.13,3,2681.970000000002,135.0,-10.163333333333412,9.35666666666657
2025-05-23 00:55:00,2025-05-23 01:05:00,Short,3293.3,3304.205,-10.904999999999745,SL Hit,3304.205,1,2671.0650000000023,10.0,12.08999999999969,-3.1900000000000546
2025-05-23 02:25:00,2025-05-23 04:10:00,Short,3294.325,3305.29,-21.93000000000029,SL Hit,3305.29,2,2649.135000000002,105.0,11.585000000000036,-3.274999999999636
2025-05-23 06:50:00,2025-05-23 07:00:00,Long,3330.75,3328.44,-2.3099999999999454,SL Hit,3328.44,1,2646.825000000002,10.0,-2.5100000000002183,1.9099999999998545
2025-05-23 07:05:00,2025-05-23 08:20:00,Long,3330.71,3325.0699999999997,-5.640000000000327,SL Hit,3325.0699999999997,1,2641.1850000000018,75.0,-6.139999999999873,3.0399999999999636
2025-05-23 15:55:00,2025-05-23 16:05:00,Long,3360.23,3359.225,-1.0050000000001091,SL Hit,3359.225,1,2640.1800000000017,10.0,-2.6599999999998545,2.0300000000002
2025-05-23 18:15:00,2025-05-23 18:40:00,Long,3364.88,3363.365,-1.5150000000003274,SL Hit,3363.365,1,2638.6650000000013,25.0,-2.180000000000291,0.849999999999909
2025-05-23 20:50:00,2025-05-26 11:50:00,Short,3341.0911111111113,3332.48,77.50000000000182,SL Hit,3332.48,9,2716.165000000003,3780.0,18.988888888888596,-17.491111111111422
2025-05-26 13:05:00,2025-05-26 13:10:00,Long,3334.61,3332.855,-1.7550000000001091,SL Hit,3332.855,1,2714.410000000003,5.0,-2.6400000000003274,0.5499999999997272
2025-05-26 22:10:00,2025-05-26 22:15:00,Long,3343.27,3342.37,-0.900000000000091,SL Hit,3342.37,1,2713.510000000003,5.0,-1.1700000000000728,0.8299999999999272
2025-05-27 00:20:00,2025-05-27 01:05:00,Long,3345.78,3341.46,-4.320000000000164,SL Hit,3341.46,1,2709.190000000003,45.0,-4.630000000000109,1.25
2025-05-27 01:25:00,2025-05-27 01:30:00,Short,3338.96,3339.905,-0.9450000000001637,SL Hit,3339.905,1,2708.2450000000026,5.0,2.0900000000001455,-1.400000000000091
2025-05-27 01:35:00,2025-05-27 02:15:00,Short,3340.01,3340.01,0.0,SL Hit,3340.01,1,2708.2450000000026,40.0,1.7099999999995816,-8.010000000000218
2025-05-27 03:30:00,2025-05-27 03:35:00,Long,3346.41,3345.4950000000003,-0.9149999999995089,SL Hit,3345.4950000000003,1,2707.330000000003,5.0,-1.6499999999996362,0.5799999999999272
2025-05-27 10:20:00,2025-05-27 13:30:00,Short,3295.14,3299.9700000000003,-4.830000000000382,SL Hit,3299.9700000000003,1,2702.5000000000027,190.0,7.539999999999964,-7.150000000000091
2025-05-27 19:05:00,2025-05-27 19:20:00,Long,3303.62,3303.56,-0.05999999999994543,SL Hit,3303.56,1,2702.440000000003,15.0,-0.2199999999997999,1.2400000000002365
2025-05-27 21:00:00,2025-05-27 22:00:00,Short,3300.39,3300.39,0.0,SL Hit,3300.39,1,2702.440000000003,60.0,3.3600000000001273,-0.4499999999998181
2025-05-27 23:15:00,2025-05-28 01:40:00,Long,3307.8,3301.3,-13.0,SL Hit,3301.3,2,2689.440000000003,145.0,-7.0900000000001455,7.779999999999745
2025-05-28 01:45:00,2025-05-28 01:50:00,Short,3301.19,3303.3500000000004,-2.1600000000003092,SL Hit,3303.3500000000004,1,2687.2800000000025,5.0,2.8600000000001273,-2.369999999999891
2025-05-28 07:05:00,2025-05-28 10:35:00,Long,3315.205,3315.48,0.5500000000001819,SL Hit,3315.48,2,2687.8300000000027,210.0,-7.674999999999727,9.855000000000018
2025-05-28 13:20:00,2025-05-28 17:20:00,Short,3302.14,3298.71,10.289999999999509,SL Hit,3298.71,3,2698.120000000002,240.0,7.440000000000055,-12.61999999999989
2025-05-28 17:25:00,2025-05-28 17:30:00,Long,3297.69,3296.1749999999997,-1.5150000000003274,SL Hit,3296.1749999999997,1,2696.605000000002,5.0,-2.3299999999999272,0.5799999999999272
2025-05-28 19:20:00,2025-05-29 02:40:00,Short,3282.933333333333,3268.6,42.99999999999909,SL Hit,3268.6,3,2739.605000000001,440.0,15.356666666667024,-37.68333333333294
2025-05-29 09:30:00,2025-05-29 09:35:00,Short,3278.35,3282.7450000000003,-4.395000000000437,SL Hit,3282.7450000000003,1,2735.2100000000005,5.0,4.650000000000091,-0.0
2025-05-29 18:30:00,2025-05-30 01:15:00,Short,3316.7700000000004,3318.56,-8.949999999997544,SL Hit,3318.56,5,2726.260000000003,405.0,4.5799999999994725,-7.770000000000437
2025-05-30 01:55:00,2025-05-30 02:00:00,Short,3308.94,3311.34,-2.400000000000091,SL Hit,3311.34,1,2723.860000000003,5.0,2.9400000000000546,-1.4200000000000728
2025-05-30 05:10:00,2025-05-30 05:20:00,Short,3292.08,3293.895,-1.8150000000000546,SL Hit,3293.895,1,2722.045000000003,10.0,3.3400000000001455,-1.8299999999999272
2025-05-30 10:55:00,2025-05-30 11:00:00,Short,3295.46,3296.3,-0.8400000000001455,SL Hit,3296.3,1,2721.2050000000027,5.0,1.3800000000001091,-1.8699999999998909
2025-05-30 11:30:00,2025-05-30 11:55:00,Short,3293.11,3294.1,-0.9899999999997817,SL Hit,3294.1,1,2720.215000000003,25.0,1.099999999999909,-4.710000000000036
2025-05-30 12:00:00,2025-05-30 12:10:00,Short,3294.13,3294.13,0.0,SL Hit,3294.13,1,2720.215000000003,10.0,11.730000000000018,-6.849999999999909
2025-05-30 12:15:00,2025-05-30 12:20:00,Short,3299.12,3302.51,-3.3900000000003274,SL Hit,3302.51,1,2716.8250000000025,5.0,5.360000000000127,-1.5099999999997635
2025-05-30 13:15:00,2025-05-30 13:45:00,Long,3302.47,3291.1150000000002,-11.354999999999563,SL Hit,3291.1150000000002,1,2705.470000000003,30.0,-18.139999999999873,1.0700000000001637
2025-05-30 18:35:00,2025-05-30 19:10:00,Long,3294.59,3292.715,-1.875,SL Hit,3292.715,1,2703.595000000003,35.0,-1.9900000000002365,0.0
2025-05-30 20:05:00,2025-05-30 20:15:00,Long,3294.16,3292.63,-1.5299999999997453,SL Hit,3292.63,1,2702.0650000000032,10.0,-3.2899999999999636,0.47000000000025466
2025-06-02 03:40:00,2025-06-02 03:45:00,Short,3304.21,3306.2200000000003,-2.0100000000002183,SL Hit,3306.2200000000003,1,2700.055000000003,5.0,2.630000000000109,-0.1799999999998363
2025-06-02 04:15:00,2025-06-02 16:20:00,Long,3351.8779999999997,3370.73,94.26000000000158,SL Hit,3370.73,5,2794.3150000000046,725.0,-41.017999999999574,27.1520000000005
2025-06-02 16:25:00,2025-06-02 16:30:00,Short,3371.37,3374.1449999999995,-2.774999999999636,SL Hit,3374.1449999999995,1,2791.540000000005,5.0,3.5300000000002,-0.2300000000000182
2025-06-02 16:45:00,2025-06-02 17:00:00,Short,3371.14,3373.1349999999998,-1.9949999999998909,SL Hit,3373.1349999999998,1,2789.545000000005,15.0,2.3200000000001637,-1.7899999999999636
