Entry Time,Exit Time,Direction,Entry Price,Exit Price,PnL,Exit Reason,SL Price,Units,Cumulative PnL,Duration,MAE,MFE
2023-06-14 05:40:00,2023-06-14 07:25:00,Short,1947.71,1948.5500000000002,-0.8400000000001455,SL Hit,1948.5500000000002,1,-0.8400000000001455,105.0,1.5199999999999818,-2.910000000000082
2023-06-14 07:45:00,2023-06-14 16:20:00,Long,1952.1899999999998,1955.15,11.840000000001055,SL Hit,1955.15,4,11.00000000000091,515.0,-6.889999999999873,7.510000000000218
2023-06-14 16:35:00,2023-06-14 23:30:00,Short,1949.8,1945.12,9.360000000000127,SL Hit,1945.12,2,20.360000000001037,415.0,6.289999999999964,-10.139999999999873
2023-06-14 23:35:00,2023-06-14 23:40:00,Long,1944.28,1944.28,0.0,SL Hit,1944.28,1,20.360000000001037,5.0,-0.37999999999988177,0.6200000000001182
2023-06-15 05:05:00,2023-06-15 05:25:00,Short,1932.96,1934.88,-1.9200000000000728,SL Hit,1934.88,1,18.440000000000964,20.0,2.8999999999998636,-2.2000000000000455
2023-06-15 09:50:00,2023-06-15 11:20:00,Long,1933.52,1932.08,-1.4400000000000546,SL Hit,1932.08,1,17.00000000000091,90.0,-1.6299999999998818,2.8900000000001
2023-06-15 12:20:00,2023-06-15 13:05:00,Short,1930.69,1936.73,-6.039999999999964,SL Hit,1936.73,1,10.960000000000946,45.0,7.139999999999873,-4.480000000000018
2023-06-15 16:35:00,2023-06-15 17:15:00,Long,1958.73,1958.5700000000002,-0.15999999999985448,SL Hit,1958.5700000000002,1,10.800000000001091,40.0,-0.32999999999992724,1.3299999999999272
2023-06-15 18:00:00,2023-06-15 18:05:00,Long,1958.75,1958.75,0.0,SL Hit,1958.75,1,10.800000000001091,5.0,-1.150000000000091,0.6099999999999
2023-06-16 00:45:00,2023-06-16 01:40:00,Short,1957.085,1959.27,-4.369999999999891,SL Hit,1959.27,2,6.4300000000012005,55.0,3.744999999999891,-1.2850000000000819
2023-06-16 02:50:00,2023-06-16 03:30:00,Short,1956.24,1957.6200000000001,-1.3800000000001091,SL Hit,1957.6200000000001,1,5.050000000001091,40.0,1.5199999999999818,-1.6400000000001
2023-06-16 05:05:00,2023-06-16 05:25:00,Short,1955.18,1956.0200000000002,-0.8400000000001455,SL Hit,1956.0200000000002,1,4.210000000000946,20.0,1.5299999999999727,-1.1800000000000637
2023-06-16 06:30:00,2023-06-16 06:50:00,Long,1960.6,1960.6,0.0,SL Hit,1960.6,1,4.210000000000946,20.0,-0.07999999999992724,2.5
2023-06-16 09:00:00,2023-06-16 09:20:00,Long,1963.52,1962.9,-0.6199999999998909,SL Hit,1962.9,1,3.590000000001055,20.0,-0.9200000000000728,0.9600000000000364
2023-06-16 10:45:00,2023-06-16 12:50:00,Long,1964.28,1963.4399999999998,-0.8400000000001455,SL Hit,1963.4399999999998,1,2.7500000000009095,125.0,-1.2000000000000455,3.519999999999982
2023-06-16 14:15:00,2023-06-18 20:00:00,Short,1958.0274999999997,1959.46,-5.730000000001382,SL Hit,1959.46,4,-2.980000000000473,3225.0,3.402500000000373,-4.527499999999691
2023-06-18 23:45:00,2023-06-19 00:25:00,Short,1956.95,1958.3700000000001,-1.4200000000000728,SL Hit,1958.3700000000001,1,-4.400000000000546,40.0,1.5299999999999727,-1.0499999999999545
2023-06-19 00:40:00,2023-06-19 08:15:00,Short,1956.07,1957.29,-3.660000000000082,SL Hit,1957.29,3,-8.060000000000628,455.0,2.0399999999999636,-3.2899999999999636
2023-06-19 08:20:00,2023-06-19 09:40:00,Long,1957.4650000000001,1952.78,-9.370000000000346,SL Hit,1952.78,2,-17.430000000000973,80.0,-4.795000000000073,1.0249999999998636
2023-06-19 09:45:00,2023-06-19 15:05:00,Short,1952.87,1953.22,-0.7000000000002728,SL Hit,1953.22,2,-18.130000000001246,320.0,0.4900000000000091,-5.069999999999936
2023-06-19 16:05:00,2023-06-19 22:05:00,Short,1950.51,1951.85,-2.6799999999998363,SL Hit,1951.85,2,-20.810000000001082,360.0,1.6300000000001091,-1.8099999999999454
2023-06-20 01:25:00,2023-06-20 02:45:00,Short,1949.34,1950.4999999999998,-1.1599999999998545,SL Hit,1950.4999999999998,1,-21.970000000000937,80.0,1.2100000000000364,-4.209999999999809
2023-06-20 04:35:00,2023-06-20 04:40:00,Long,1950.66,1950.6000000000001,-0.05999999999994543,SL Hit,1950.6000000000001,1,-22.030000000000882,5.0,-0.9600000000000364,0.38999999999987267
2023-06-20 06:30:00,2023-06-20 10:35:00,Long,1951.26,1950.24,-1.0199999999999818,SL Hit,1950.24,1,-23.050000000000864,245.0,-1.1600000000000819,5.130000000000109
2023-06-20 16:45:00,2023-06-20 20:15:00,Long,1936.1,1935.44,-0.6599999999998545,SL Hit,1935.44,1,-23.71000000000072,210.0,-0.6999999999998181,2.25
2023-06-21 04:15:00,2023-06-21 07:35:00,Short,1934.78,1936.68,-3.800000000000182,SL Hit,1936.68,2,-27.5100000000009,200.0,2.5499999999999545,-3.519999999999982
2023-06-21 17:05:00,2023-06-21 19:50:00,Long,1934.6533333333334,1933.3,-4.0600000000004,SL Hit,1933.3,3,-31.5700000000013,165.0,-1.4833333333333485,2.7566666666666606
2023-06-21 20:00:00,2023-06-21 23:50:00,Short,1933.7,1934.27,-1.1399999999998727,SL Hit,1934.27,2,-32.71000000000117,230.0,1.0399999999999636,-1.8700000000001182
2023-06-22 01:05:00,2023-06-22 01:50:00,Short,1932.76,1934.0800000000002,-1.3200000000001637,SL Hit,1934.0800000000002,1,-34.03000000000134,45.0,1.3900000000001,-1.0599999999999454
2023-06-22 04:30:00,2023-06-22 08:10:00,Short,1929.905,1931.33,-2.849999999999909,SL Hit,1931.33,2,-36.880000000001246,220.0,2.4750000000001364,-2.7649999999998727
2023-06-22 12:15:00,2023-06-22 12:30:00,Short,1925.97,1927.93,-1.9600000000000364,SL Hit,1927.93,1,-38.84000000000128,15.0,4.240000000000009,-2.2100000000000364
2023-06-22 12:35:00,2023-06-22 12:40:00,Long,1928.81,1926.67,-2.1399999999998727,SL Hit,1926.67,1,-40.980000000001155,5.0,-2.8999999999998636,1.7300000000000182
2023-06-22 14:20:00,2023-06-23 00:50:00,Short,1915.5260000000003,1915.78,-1.2699999999983902,SL Hit,1915.78,5,-42.249999999999545,630.0,4.423999999999751,-3.1260000000002037
2023-06-23 01:45:00,2023-06-23 04:35:00,Short,1913.1,1915.2999999999997,-2.199999999999818,SL Hit,1915.2999999999997,1,-44.44999999999936,170.0,2.3900000000001,-2.8999999999998636
2023-06-23 07:40:00,2023-06-23 19:50:00,Long,1918.7,1918.6,-0.6000000000008185,SL Hit,1918.6,6,-45.05000000000018,730.0,-2.6000000000001364,17.86999999999989
2023-06-26 01:35:00,2023-06-26 01:45:00,Long,1927.3,1927.0800000000002,-0.2199999999997999,SL Hit,1927.0800000000002,1,-45.26999999999998,10.0,-0.5,1.0299999999999727
2023-06-26 04:25:00,2023-06-26 04:40:00,Short,1925.0,1925.1799999999998,-0.1799999999998363,SL Hit,1925.1799999999998,1,-45.44999999999982,15.0,0.5599999999999454,-1.099999999999909
2023-06-26 05:50:00,2023-06-26 05:55:00,Long,1926.2,1926.2,0.0,SL Hit,1926.2,1,-45.44999999999982,5.0,-0.20000000000004547,0.5499999999999545
2023-06-26 06:00:00,2023-06-26 06:05:00,Long,1926.77,1926.77,0.0,SL Hit,1926.77,1,-45.44999999999982,5.0,-0.8699999999998909,0.6900000000000546
2023-06-26 13:25:00,2023-06-27 01:15:00,Short,1925.05,1924.6,2.2500000000002274,SL Hit,1924.6,5,-43.19999999999959,710.0,3.509999999999991,-4.649999999999864
2023-06-27 01:20:00,2023-06-27 05:35:00,Long,1926.905,1927.6,1.3899999999998727,SL Hit,1927.6,2,-41.80999999999972,255.0,-2.535000000000082,3.134999999999991
2023-06-27 09:40:00,2023-06-27 12:05:00,Short,1922.4850000000001,1924.38,-3.7899999999999636,SL Hit,1924.38,2,-45.59999999999968,145.0,2.5149999999998727,-2.6150000000002365
2023-06-27 17:45:00,2023-06-27 18:20:00,Short,1912.45,1912.99,-0.5399999999999636,SL Hit,1912.99,1,-46.139999999999645,35.0,0.8599999999999,-1.8500000000001364
2023-06-28 10:10:00,2023-06-28 15:20:00,Short,1908.32,1910.7,-7.140000000000327,SL Hit,1910.7,3,-53.27999999999997,310.0,3.3500000000001364,-4.8599999999999
2023-06-28 18:25:00,2023-06-28 18:30:00,Long,1912.59,1912.3300000000002,-0.25999999999976353,SL Hit,1912.3300000000002,1,-53.539999999999736,5.0,-0.459999999999809,0.3200000000001637
2023-06-28 23:30:00,2023-06-28 23:40:00,Long,1909.2,1909.2,0.0,SL Hit,1909.2,1,-53.539999999999736,10.0,-0.10000000000013642,0.7899999999999636
2023-06-29 01:10:00,2023-06-29 01:45:00,Long,1910.54,1910.38,-0.15999999999985448,SL Hit,1910.38,1,-53.69999999999959,35.0,-0.15999999999985448,2.1200000000001182
2023-06-29 02:35:00,2023-06-29 07:35:00,Short,1904.79,1905.8,-2.019999999999982,SL Hit,1905.8,2,-55.71999999999957,300.0,2.2999999999999545,-2.490000000000009
2023-06-29 07:45:00,2023-06-29 12:30:00,Long,1906.0900000000001,1903.93,-4.320000000000164,SL Hit,1903.93,2,-60.039999999999736,285.0,-5.3400000000001455,5.979999999999791
2023-06-29 18:05:00,2023-06-29 18:15:00,Short,1907.35,1907.8899999999999,-0.5399999999999636,SL Hit,1907.8899999999999,1,-60.5799999999997,10.0,0.6800000000000637,-1.0499999999999545
2023-06-29 18:25:00,2023-06-30 00:00:00,Short,1907.9666666666665,1908.77,-2.4100000000005366,SL Hit,1908.77,3,-62.99000000000024,335.0,1.1733333333336304,-2.266666666666424
2023-06-30 01:00:00,2023-06-30 01:15:00,Long,1908.84,1907.9600000000003,-0.8799999999996544,SL Hit,1907.9600000000003,1,-63.86999999999989,15.0,-0.9399999999998272,0.7799999999999727
2023-06-30 01:50:00,2023-06-30 05:30:00,Short,1907.3775,1909.23,-7.4099999999998545,SL Hit,1909.23,4,-71.27999999999975,220.0,2.1924999999998818,-1.0775000000001
2023-06-30 12:30:00,2023-06-30 19:05:00,Long,1911.78,1917.4,16.860000000000355,SL Hit,1917.4,3,-54.41999999999939,395.0,-5.5499999999999545,10.829999999999927
2023-07-02 20:00:00,2023-07-02 23:15:00,Long,1919.375,1917.5,-3.75,SL Hit,1917.5,2,-58.16999999999939,195.0,-1.875,0.27500000000009095
2023-07-03 00:40:00,2023-07-03 01:35:00,Short,1917.72,1918.77,-2.099999999999909,SL Hit,1918.77,2,-60.2699999999993,55.0,1.0599999999999454,-2.1200000000001182
2023-07-03 04:00:00,2023-07-03 05:55:00,Long,1918.18,1917.6000000000001,-0.5799999999999272,SL Hit,1917.6000000000001,1,-60.84999999999923,115.0,-1.5800000000001546,2.2899999999999636
2023-07-03 12:25:00,2023-07-03 20:05:00,Long,1917.3833333333332,1920.2,8.4500000000005,SL Hit,1920.2,3,-52.39999999999873,460.0,-3.403333333333194,13.116666666666788
2023-07-03 23:20:00,2023-07-03 23:25:00,Short,1920.77,1920.79,-0.01999999999998181,SL Hit,1920.79,1,-52.41999999999871,5.0,0.11000000000012733,-0.009999999999990905
2023-07-04 00:15:00,2023-07-04 01:05:00,Long,1921.08,1919.9,-2.3599999999996726,SL Hit,1919.9,2,-54.77999999999838,50.0,-1.5799999999999272,0.8800000000001091
2023-07-04 01:40:00,2023-07-04 01:50:00,Long,1921.65,1921.0699999999997,-0.580000000000382,SL Hit,1921.0699999999997,1,-55.35999999999876,10.0,-0.8500000000001364,1.4199999999998454
2023-07-04 03:45:00,2023-07-04 03:50:00,Long,1922.87,1922.87,0.0,SL Hit,1922.87,1,-55.35999999999876,5.0,-0.6699999999998454,0.5
2023-07-04 04:05:00,2023-07-04 04:15:00,Long,1922.81,1922.71,-0.09999999999990905,SL Hit,1922.71,1,-55.45999999999867,10.0,-0.30999999999994543,0.7799999999999727
2023-07-05 01:50:00,2023-07-05 04:45:00,Short,1924.63,1925.5100000000002,-0.8800000000001091,SL Hit,1925.5100000000002,1,-56.33999999999878,175.0,1.0399999999999636,-1.9300000000000637
2023-07-05 06:10:00,2023-07-05 11:30:00,Short,1924.69,1926.69,-2.0,SL Hit,1926.69,1,-58.33999999999878,320.0,2.2000000000000455,-3.630000000000109
2023-07-05 12:15:00,2023-07-05 12:25:00,Long,1926.99,1926.99,0.0,SL Hit,1926.99,1,-58.33999999999878,10.0,-1.0599999999999454,1.7799999999999727
2023-07-05 12:30:00,2023-07-05 13:45:00,Long,1930.075,1925.17,-9.809999999999945,SL Hit,1925.17,2,-68.14999999999873,75.0,-6.055000000000064,4.754999999999882
2023-07-05 17:35:00,2023-07-05 22:30:00,Short,1917.6066666666666,1917.73,-0.3700000000003456,SL Hit,1917.73,3,-68.51999999999907,295.0,3.593333333333476,-3.5066666666666606
2023-07-06 05:30:00,2023-07-06 12:15:00,Long,1921.2699999999998,1919.1,-6.509999999999536,SL Hit,1919.1,3,-75.02999999999861,405.0,-5.699999999999818,6.050000000000182
2023-07-07 04:15:00,2023-07-07 04:25:00,Short,1910.6,1910.9599999999996,-0.3599999999996726,SL Hit,1910.9599999999996,1,-75.38999999999828,10.0,0.7000000000000455,-1.199999999999818
2023-07-07 04:50:00,2023-07-07 12:15:00,Long,1913.8325000000002,1915.2,5.469999999999345,SL Hit,1915.2,4,-69.91999999999894,445.0,-2.0325000000002547,4.537499999999682
2023-07-07 12:20:00,2023-07-07 12:25:00,Long,1914.55,1914.55,0.0,SL Hit,1914.55,1,-69.91999999999894,5.0,0.0,1.4200000000000728
2023-07-07 12:25:00,2023-07-07 12:30:00,Short,1915.65,1916.7300000000005,-1.080000000000382,SL Hit,1916.7300000000005,1,-70.99999999999932,5.0,12.059999999999945,-0.540000000000191
2023-07-09 23:05:00,2023-07-10 09:25:00,Short,1924.5733333333335,1925.62,-3.1399999999991905,SL Hit,1925.62,3,-74.13999999999851,620.0,2.2166666666664696,-5.7733333333335395
2023-07-10 20:50:00,2023-07-11 00:15:00,Short,1925.29,1925.85,-0.5599999999999454,SL Hit,1925.85,1,-74.69999999999845,205.0,0.8800000000001091,-1.5899999999999181
2023-07-11 00:35:00,2023-07-11 02:10:00,Long,1924.9,1924.9,0.0,SL Hit,1924.9,1,-74.69999999999845,95.0,-0.07000000000016371,2.709999999999809
2023-07-11 04:40:00,2023-07-11 04:50:00,Long,1928.34,1928.34,0.0,SL Hit,1928.34,1,-74.69999999999845,10.0,-0.03999999999996362,0.8500000000001364
2023-07-11 04:55:00,2023-07-11 05:25:00,Long,1928.63,1928.4899999999998,-0.14000000000032742,SL Hit,1928.4899999999998,1,-74.83999999999878,30.0,-0.4900000000000091,1.2899999999999636
2023-07-11 22:20:00,2023-07-11 22:40:00,Long,1932.24,1932.24,0.0,SL Hit,1932.24,1,-74.83999999999878,20.0,-0.2400000000000091,1.4300000000000637
2023-07-12 06:30:00,2023-07-12 08:40:00,Short,1936.23,1935.99,0.4800000000000182,SL Hit,1935.99,2,-74.35999999999876,130.0,1.5199999999999818,-3.0299999999999727
2023-07-12 08:45:00,2023-07-12 09:00:00,Long,1935.28,1934.66,-0.6199999999998909,SL Hit,1934.66,1,-74.97999999999865,15.0,-0.8699999999998909,1.0499999999999545
2023-07-12 11:25:00,2023-07-12 11:30:00,Short,1934.21,1935.0700000000002,-0.8600000000001273,SL Hit,1935.0700000000002,1,-75.83999999999878,5.0,0.9500000000000455,-0.43000000000006366
2023-07-12 22:05:00,2023-07-13 00:15:00,Short,1957.685,1958.18,-0.9900000000002365,SL Hit,1958.18,2,-76.82999999999902,130.0,1.1050000000000182,-1.1849999999999454
2023-07-13 00:20:00,2023-07-13 00:35:00,Long,1958.27,1956.7,-3.1399999999998727,SL Hit,1956.7,2,-79.96999999999889,15.0,-1.7699999999999818,0.32999999999992724
2023-07-13 00:40:00,2023-07-13 01:10:00,Short,1957.93,1958.79,-1.7199999999998,SL Hit,1958.79,2,-81.68999999999869,30.0,1.0199999999999818,-1.7300000000000182
2023-07-13 01:20:00,2023-07-13 04:55:00,Long,1958.5333333333335,1958.97,1.3099999999994907,SL Hit,1958.97,3,-80.3799999999992,215.0,-2.1833333333336213,3.546666666666397
2023-07-13 06:35:00,2023-07-13 09:10:00,Long,1961.5366666666666,1959.54,-5.990000000000009,SL Hit,1959.54,3,-86.36999999999921,155.0,-2.4366666666667243,1.673333333333403
2023-07-13 09:50:00,2023-07-13 11:00:00,Short,1960.05,1960.41,-0.36000000000012733,SL Hit,1960.41,1,-86.72999999999934,70.0,0.43000000000006366,-2.349999999999909
2023-07-13 22:15:00,2023-07-13 22:20:00,Long,1960.58,1960.56,-0.01999999999998181,SL Hit,1960.56,1,-86.74999999999932,5.0,-0.7799999999999727,0.14000000000010004
2023-07-14 00:05:00,2023-07-14 01:35:00,Short,1959.69,1961.4700000000003,-1.7800000000002,SL Hit,1961.4700000000003,1,-88.52999999999952,90.0,1.9500000000000455,-1.990000000000009
2023-07-14 04:10:00,2023-07-14 11:05:00,Short,1958.0966666666666,1957.11,2.9600000000000364,SL Hit,1957.11,3,-85.56999999999948,415.0,3.6333333333334394,-3.816666666666606
2023-07-14 11:10:00,2023-07-14 13:00:00,Long,1956.64,1956.64,0.0,SL Hit,1956.64,1,-85.56999999999948,110.0,-1.3700000000001182,5.939999999999827
2023-07-14 15:05:00,2023-07-14 15:15:00,Long,1958.46,1958.2199999999998,-0.24000000000023647,SL Hit,1958.2199999999998,1,-85.80999999999972,10.0,-0.6600000000000819,1.509999999999991
2023-07-14 19:05:00,2023-07-17 05:00:00,Short,1955.5725,1953.69,7.529999999999745,SL Hit,1953.69,4,-78.27999999999997,3475.0,3.2574999999999363,-4.572499999999991
2023-07-17 05:10:00,2023-07-17 06:05:00,Long,1953.71,1953.4299999999998,-0.2800000000002001,SL Hit,1953.4299999999998,1,-78.56000000000017,55.0,-0.3500000000001364,3.0499999999999545
2023-07-18 03:10:00,2023-07-18 06:00:00,Long,1959.37,1958.7,-1.3399999999996908,SL Hit,1958.7,2,-79.89999999999986,170.0,-0.959999999999809,2.25
2023-07-18 06:05:00,2023-07-18 06:55:00,Short,1958.53,1961.62,-6.179999999999836,SL Hit,1961.62,2,-86.0799999999997,50.0,3.3900000000001,-0.6800000000000637
2023-07-18 07:05:00,2023-07-18 12:40:00,Long,1962.6825000000001,1961.23,-5.8100000000004,SL Hit,1961.23,4,-91.8900000000001,335.0,-2.1825000000001182,8.437499999999773
2023-07-18 20:15:00,2023-07-18 20:20:00,Long,1977.92,1977.6599999999999,-0.2600000000002183,SL Hit,1977.6599999999999,1,-92.15000000000032,5.0,-0.7200000000000273,0.599999999999909
2023-07-19 05:50:00,2023-07-19 06:30:00,Long,1977.04,1975.52,-1.5199999999999818,SL Hit,1975.52,1,-93.6700000000003,40.0,-2.519999999999982,2.6200000000001182
2023-07-19 07:20:00,2023-07-19 07:30:00,Long,1979.86,1979.4400000000003,-0.419999999999618,SL Hit,1979.4400000000003,1,-94.08999999999992,10.0,-1.2299999999997908,0.9300000000000637
2023-07-20 00:50:00,2023-07-20 07:40:00,Long,1980.4099999999999,1979.14,-2.539999999999509,SL Hit,1979.14,2,-96.62999999999943,410.0,-2.1099999999999,6.910000000000082
2023-07-21 04:50:00,2023-07-21 06:10:00,Short,1969.955,1970.87,-1.8299999999999272,SL Hit,1970.87,2,-98.45999999999935,80.0,1.0150000000001,-1.9049999999999727
2023-07-21 06:25:00,2023-07-21 07:35:00,Long,1971.385,1968.05,-6.670000000000073,SL Hit,1968.05,2,-105.12999999999943,70.0,-4.295000000000073,0.6749999999999545
2023-07-21 11:40:00,2023-07-21 12:35:00,Long,1964.38,1963.8599999999997,-0.5200000000004366,SL Hit,1963.8599999999997,1,-105.64999999999986,55.0,-0.540000000000191,3.5699999999999363
2023-07-21 13:00:00,2023-07-21 16:45:00,Short,1961.76,1962.78,-4.079999999999927,SL Hit,1962.78,4,-109.72999999999979,225.0,3.160000000000082,-3.6800000000000637
2023-07-21 19:10:00,2023-07-24 06:55:00,Short,1961.2024999999999,1961.74,-2.1500000000005457,SL Hit,1961.74,4,-111.88000000000034,3585.0,1.6975000000002183,-3.2024999999998727
2023-07-24 07:00:00,2023-07-24 08:20:00,Long,1961.94,1961.8400000000001,-0.09999999999990905,SL Hit,1961.8400000000001,1,-111.98000000000025,80.0,-0.22000000000002728,3.3299999999999272
2023-07-24 10:50:00,2023-07-24 10:55:00,Long,1965.26,1965.0200000000002,-0.23999999999978172,SL Hit,1965.0200000000002,1,-112.22000000000003,5.0,-1.0599999999999454,0.2699999999999818
2023-07-25 06:30:00,2023-07-25 06:45:00,Long,1962.53,1961.7700000000002,-0.7599999999997635,SL Hit,1961.7700000000002,1,-112.97999999999979,15.0,-1.3299999999999272,0.9300000000000637
2023-07-25 08:10:00,2023-07-25 08:40:00,Short,1960.34,1962.36,-2.019999999999982,SL Hit,1962.36,1,-114.99999999999977,30.0,2.040000000000191,-1.009999999999991
2023-07-25 14:05:00,2023-07-25 14:55:00,Short,1958.76,1960.89,-4.260000000000218,SL Hit,1960.89,2,-119.25999999999999,50.0,3.019999999999982,-3.0
2023-07-25 19:05:00,2023-07-26 01:20:00,Long,1963.8049999999998,1963.4,-0.8099999999994907,SL Hit,1963.4,2,-120.06999999999948,375.0,-1.0049999999998818,2.325000000000273
2023-07-26 05:55:00,2023-07-26 10:10:00,Long,1967.9199999999998,1971.07,12.600000000000364,SL Hit,1971.07,4,-107.46999999999912,255.0,-3.8199999999999363,4.4500000000000455
2023-07-26 10:15:00,2023-07-26 11:00:00,Short,1971.18,1972.4800000000002,-1.300000000000182,SL Hit,1972.4800000000002,1,-108.7699999999993,45.0,2.0499999999999545,-1.509999999999991
2023-07-26 11:25:00,2023-07-26 11:50:00,Long,1971.72,1971.72,0.0,SL Hit,1971.72,1,-108.7699999999993,25.0,-0.36000000000012733,2.0
2023-07-26 12:05:00,2023-07-26 13:00:00,Long,1971.89,1971.53,-0.36000000000012733,SL Hit,1971.53,1,-109.12999999999943,55.0,-1.759999999999991,1.990000000000009
2023-07-27 02:00:00,2023-07-27 05:00:00,Long,1978.06,1976.56,-1.5,SL Hit,1976.56,1,-110.62999999999943,180.0,-2.5599999999999454,3.8700000000001182
2023-07-27 07:30:00,2023-07-27 08:25:00,Long,1977.88,1977.8399999999997,-0.04000000000041837,SL Hit,1977.8399999999997,1,-110.66999999999985,55.0,-0.5200000000002092,3.939999999999827
2023-07-27 11:30:00,2023-07-27 12:10:00,Long,1976.7,1975.72,-0.9800000000000182,SL Hit,1975.72,1,-111.64999999999986,40.0,-1.6600000000000819,2.3799999999998818
2023-07-27 16:40:00,2023-07-27 17:10:00,Short,1942.9850000000001,1947.12,-8.269999999999527,SL Hit,1947.12,2,-119.91999999999939,30.0,6.3849999999997635,-0.4250000000001819
2023-07-28 01:25:00,2023-07-28 02:15:00,Long,1947.95,1947.95,0.0,SL Hit,1947.95,1,-119.91999999999939,50.0,-0.049999999999954525,3.1399999999998727
2023-07-28 07:35:00,2023-07-28 09:50:00,Short,1949.245,1953.06,-7.630000000000109,SL Hit,1953.06,2,-127.5499999999995,135.0,4.115000000000009,-1.1849999999999454
2023-07-28 11:00:00,2023-07-28 13:05:00,Long,1953.07,1952.8700000000001,-0.1999999999998181,SL Hit,1952.8700000000001,1,-127.74999999999932,125.0,-1.0699999999999363,7.009999999999991
2023-07-28 14:20:00,2023-07-28 19:00:00,Long,1959.44,1958.81,-1.2600000000002183,SL Hit,1958.81,2,-129.00999999999954,280.0,-1.7699999999999818,4.019999999999982
2023-07-30 23:15:00,2023-07-31 06:15:00,Short,1956.415,1955.29,2.25,SL Hit,1955.29,2,-126.75999999999954,420.0,2.9850000000001273,-3.5149999999998727
2023-07-31 08:40:00,2023-07-31 09:00:00,Short,1953.98,1954.7200000000003,-0.7400000000002365,SL Hit,1954.7200000000003,1,-127.49999999999977,20.0,0.8399999999999181,-1.1900000000000546
2023-07-31 10:05:00,2023-07-31 10:35:00,Long,1956.88,1956.38,-0.5,SL Hit,1956.38,1,-127.99999999999977,30.0,-0.5500000000001819,1.199999999999818
2023-07-31 10:45:00,2023-07-31 19:10:00,Long,1964.0600000000002,1965.61,4.6499999999991815,SL Hit,1965.61,3,-123.35000000000059,505.0,-7.660000000000082,8.169999999999845
2023-07-31 19:15:00,2023-08-01 18:05:00,Short,1957.3499999999997,1943.43,83.51999999999771,SL Hit,1943.43,6,-39.83000000000288,1370.0,9.290000000000418,-16.059999999999718
2023-08-01 19:25:00,2023-08-01 20:00:00,Long,1944.78,1944.1200000000001,-0.6599999999998545,SL Hit,1944.1200000000001,1,-40.49000000000274,35.0,-0.8799999999998818,0.36000000000012733
2023-08-01 23:10:00,2023-08-01 23:15:00,Long,1950.63,1950.5699999999997,-0.06000000000040018,SL Hit,1950.5699999999997,1,-40.55000000000314,5.0,-0.6300000000001091,0.459999999999809
2023-08-02 04:40:00,2023-08-02 05:00:00,Short,1947.34,1947.7199999999996,-0.3799999999996544,SL Hit,1947.7199999999996,1,-40.93000000000279,20.0,0.5500000000001819,-2.439999999999827
2023-08-02 06:05:00,2023-08-02 06:10:00,Long,1949.27,1949.27,0.0,SL Hit,1949.27,1,-40.93000000000279,5.0,-0.8699999999998909,0.9200000000000728
2023-08-02 07:55:00,2023-08-02 08:20:00,Short,1948.86,1950.6199999999997,-1.7599999999997635,SL Hit,1950.6199999999997,1,-42.690000000002556,25.0,1.8500000000001364,-1.259999999999991
2023-08-02 12:20:00,2023-08-02 17:25:00,Short,1939.1666666666667,1938.4,2.2999999999999545,SL Hit,1938.4,3,-40.3900000000026,305.0,9.99333333333334,-5.726666666666688
2023-08-02 17:35:00,2023-08-02 18:00:00,Long,1937.28,1936.3999999999999,-0.8800000000001091,SL Hit,1936.3999999999999,1,-41.27000000000271,25.0,-1.0,0.8199999999999363
2023-08-02 19:10:00,2023-08-02 22:50:00,Short,1935.4650000000001,1936.74,-2.549999999999727,SL Hit,1936.74,2,-43.82000000000244,220.0,1.3449999999998,-1.8650000000002365
2023-08-03 01:30:00,2023-08-03 03:05:00,Long,1937.21,1934.5,-5.420000000000073,SL Hit,1934.5,2,-49.24000000000251,95.0,-3.1400000000001,1.5799999999999272
2023-08-03 07:50:00,2023-08-03 09:50:00,Long,1936.43,1935.02,-4.230000000000246,SL Hit,1935.02,3,-53.470000000002756,120.0,-1.6300000000001091,1.7699999999999818
2023-08-03 10:35:00,2023-08-03 12:40:00,Short,1935.15,1937.3900000000003,-2.2400000000002365,SL Hit,1937.3900000000003,1,-55.71000000000299,125.0,2.9699999999998,-5.400000000000091
2023-08-03 14:35:00,2023-08-03 14:45:00,Long,1936.29,1936.29,0.0,SL Hit,1936.29,1,-55.71000000000299,10.0,-1.7899999999999636,1.3700000000001182
2023-08-03 22:15:00,2023-08-03 23:00:00,Long,1934.61,1934.51,-0.09999999999990905,SL Hit,1934.51,1,-55.8100000000029,45.0,-0.5099999999999909,2.1900000000000546
2023-08-04 01:35:00,2023-08-04 01:50:00,Long,1936.09,1935.7900000000002,-0.29999999999972715,SL Hit,1935.7900000000002,1,-56.11000000000263,15.0,-0.3999999999998636,0.7599999999999909
2023-08-04 04:25:00,2023-08-04 04:35:00,Short,1933.7,1934.64,-0.9400000000000546,SL Hit,1934.64,1,-57.05000000000268,10.0,1.2899999999999636,-0.4700000000000273
2023-08-04 06:50:00,2023-08-04 07:10:00,Short,1933.08,1933.62,-0.5399999999999636,SL Hit,1933.62,1,-57.59000000000265,20.0,0.9300000000000637,-0.6299999999998818
2023-08-04 07:15:00,2023-08-04 12:30:00,Short,1932.67,1933.28,-1.8299999999996999,SL Hit,1933.28,3,-59.42000000000235,315.0,4.149999999999864,-2.259999999999991
2023-08-04 18:20:00,2023-08-04 18:55:00,Short,1940.62,1941.1999999999998,-0.5799999999999272,SL Hit,1941.1999999999998,1,-60.000000000002274,35.0,0.7400000000000091,-1.2199999999998
2023-08-04 20:45:00,2023-08-07 01:45:00,Long,1942.33,1941.27,-1.0599999999999454,SL Hit,1941.27,1,-61.06000000000222,3180.0,-1.2699999999999818,2.4500000000000455
2023-08-07 08:25:00,2023-08-07 08:45:00,Short,1935.13,1936.4700000000003,-1.3400000000001455,SL Hit,1936.4700000000003,1,-62.400000000002365,20.0,1.4299999999998363,-0.6700000000000728
2023-08-07 09:55:00,2023-08-07 11:40:00,Short,1934.7,1935.74,-1.0399999999999636,SL Hit,1935.74,1,-63.44000000000233,105.0,1.4300000000000637,-1.400000000000091
2023-08-07 15:40:00,2023-08-07 17:05:00,Short,1933.36,1935.0799999999997,-1.7199999999998,SL Hit,1935.0799999999997,1,-65.16000000000213,85.0,1.790000000000191,-1.4299999999998363
2023-08-07 20:30:00,2023-08-07 20:40:00,Short,1935.86,1936.2199999999996,-0.3599999999996726,SL Hit,1936.2199999999996,1,-65.5200000000018,10.0,0.39000000000010004,-0.1799999999998363
2023-08-08 00:20:00,2023-08-08 08:50:00,Short,1933.8475,1934.14,-1.1700000000000728,SL Hit,1934.14,4,-66.69000000000187,510.0,2.152499999999918,-3.6275000000000546
2023-08-09 01:25:00,2023-08-09 08:20:00,Long,1928.1166666666668,1928.61,1.479999999999336,SL Hit,1928.61,3,-65.21000000000254,415.0,-1.7266666666666879,4.11333333333323
2023-08-09 08:35:00,2023-08-09 14:05:00,Short,1925.7199999999998,1926.26,-1.080000000000382,SL Hit,1926.26,2,-66.29000000000292,330.0,3.1200000000001182,-5.119999999999891
2023-08-09 14:35:00,2023-08-09 23:25:00,Short,1917.6599999999999,1916.77,4.449999999999363,SL Hit,1916.77,5,-61.840000000003556,530.0,5.900000000000091,-4.2599999999997635
2023-08-10 04:40:00,2023-08-10 05:20:00,Short,1917.42,1917.6200000000003,-0.20000000000027285,SL Hit,1917.6200000000003,1,-62.04000000000383,40.0,0.3999999999998636,-1.4600000000000364
2023-08-10 06:15:00,2023-08-10 07:00:00,Short,1917.455,1918.78,-2.650000000000091,SL Hit,1918.78,2,-64.69000000000392,45.0,1.9950000000001182,-1.134999999999991
2023-08-10 08:35:00,2023-08-10 13:25:00,Long,1923.17,1920.8,-4.7400000000002365,SL Hit,1920.8,2,-69.43000000000416,290.0,-4.3400000000001455,6.349999999999909
2023-08-10 20:30:00,2023-08-11 01:00:00,Short,1913.29,1915.0699999999997,-1.7799999999997453,SL Hit,1915.0699999999997,1,-71.2100000000039,270.0,1.8500000000001364,-2.3899999999998727
2023-08-11 01:15:00,2023-08-11 01:25:00,Long,1914.78,1914.3,-0.4800000000000182,SL Hit,1914.3,1,-71.69000000000392,10.0,-1.0799999999999272,0.6300000000001091
2023-08-11 04:50:00,2023-08-11 05:30:00,Short,1913.12,1914.5599999999995,-1.4399999999995998,SL Hit,1914.5599999999995,1,-73.13000000000352,40.0,1.75,-0.8199999999999363
2023-08-11 05:55:00,2023-08-11 12:30:00,Long,1917.39,1917.0,-1.1700000000003001,SL Hit,1917.0,3,-74.30000000000382,395.0,-2.240000000000009,3.439999999999827
2023-08-11 17:55:00,2023-08-13 20:00:00,Short,1913.25,1913.85,-1.199999999999818,SL Hit,1913.85,2,-75.50000000000364,3005.0,1.5499999999999545,-1.150000000000091
2023-08-13 22:05:00,2023-08-13 22:45:00,Long,1913.63,1912.9899999999998,-0.6400000000003274,SL Hit,1912.9899999999998,1,-76.14000000000397,40.0,-0.9300000000000637,1.4699999999998
2023-08-14 00:15:00,2023-08-14 01:45:00,Short,1911.94,1912.8400000000001,-0.900000000000091,SL Hit,1912.8400000000001,1,-77.04000000000406,90.0,0.9400000000000546,-2.4400000000000546
2023-08-15 01:35:00,2023-08-15 01:45:00,Short,1904.52,1906.56,-2.0399999999999636,SL Hit,1906.56,1,-79.08000000000402,10.0,2.9300000000000637,-1.0199999999999818
2023-08-15 06:45:00,2023-08-15 12:45:00,Short,1904.0966666666666,1904.82,-2.1700000000000728,SL Hit,1904.82,3,-81.25000000000409,360.0,1.323333333333494,-7.406666666666524
2023-08-15 12:55:00,2023-08-15 13:00:00,Long,1903.28,1902.5400000000002,-0.7399999999997817,SL Hit,1902.5400000000002,1,-81.99000000000387,5.0,-1.2699999999999818,1.6400000000001
2023-08-15 18:50:00,2023-08-16 01:25:00,Short,1902.5266666666666,1902.37,0.47000000000025466,SL Hit,1902.37,3,-81.52000000000362,395.0,1.173333333333403,-2.306666666666615
2023-08-16 10:55:00,2023-08-16 11:00:00,Short,1906.17,1906.4500000000003,-0.2800000000002001,SL Hit,1906.4500000000003,1,-81.80000000000382,5.0,0.4199999999998454,-0.19000000000005457
2023-08-16 11:30:00,2023-08-16 13:35:00,Short,1905.03,1905.39,-0.36000000000012733,SL Hit,1905.39,1,-82.16000000000395,125.0,0.6100000000001273,-4.690000000000055
2023-08-16 16:15:00,2023-08-17 04:55:00,Short,1895.315,1893.81,6.020000000000437,SL Hit,1893.81,4,-76.14000000000351,760.0,5.494999999999891,-5.5750000000000455
2023-08-17 06:15:00,2023-08-17 14:30:00,Long,1894.8366666666668,1893.67,-3.5000000000002274,SL Hit,1893.67,3,-79.64000000000374,495.0,-1.6366666666667697,8.123333333333221
2023-08-17 22:25:00,2023-08-18 04:50:00,Long,1890.8200000000002,1891.0,0.3599999999996726,SL Hit,1891.0,2,-79.28000000000407,385.0,-1.9200000000000728,4.189999999999827
2023-08-18 18:00:00,2023-08-22 07:35:00,Short,1888.91,1890.3700000000001,-1.4600000000000364,SL Hit,1890.3700000000001,1,-80.7400000000041,5135.0,11.220000000000027,-2.1100000000001273
2023-08-22 23:40:00,2023-08-23 04:25:00,Long,1899.2966666666669,1900.1,2.4099999999991724,SL Hit,1900.1,3,-78.33000000000493,285.0,-1.5966666666668061,3.263333333333094
2023-08-23 08:50:00,2023-08-23 09:25:00,Long,1903.97,1903.1499999999999,-0.8200000000001637,SL Hit,1903.1499999999999,1,-79.1500000000051,35.0,-0.8600000000001273,1.1099999999999
2023-08-23 09:50:00,2023-08-23 09:55:00,Short,1902.23,1902.25,-0.01999999999998181,SL Hit,1902.25,1,-79.17000000000507,5.0,0.34999999999990905,-0.009999999999990905
2023-08-23 10:30:00,2023-08-23 10:50:00,Short,1901.77,1902.4299999999998,-0.6599999999998545,SL Hit,1902.4299999999998,1,-79.83000000000493,20.0,1.6800000000000637,-0.35999999999989996
2023-08-23 13:00:00,2023-08-23 20:10:00,Long,1910.0700000000002,1915.6,11.05999999999949,SL Hit,1915.6,2,-68.77000000000544,430.0,-6.660000000000082,10.059999999999945
2023-08-23 20:30:00,2023-08-23 22:05:00,Short,1915.85,1916.4899999999998,-0.6399999999998727,SL Hit,1916.4899999999998,1,-69.41000000000531,95.0,1.5700000000001637,-1.490000000000009
2023-08-23 23:50:00,2023-08-24 07:45:00,Long,1919.3219999999997,1919.9,2.8900000000021464,SL Hit,1919.9,5,-66.52000000000317,475.0,-2.7219999999997526,3.2680000000002565
2023-08-24 09:20:00,2023-08-24 10:05:00,Short,1920.13,1920.4700000000003,-0.3400000000001455,SL Hit,1920.4700000000003,1,-66.86000000000331,45.0,0.5199999999999818,-1.8300000000001546
2023-08-24 14:55:00,2023-08-24 15:00:00,Long,1920.74,1920.74,0.0,SL Hit,1920.74,1,-66.86000000000331,5.0,-0.14000000000010004,1.1700000000000728
2023-08-25 03:05:00,2023-08-25 07:30:00,Short,1914.38,1914.98,-1.199999999999818,SL Hit,1914.98,2,-68.06000000000313,265.0,0.7899999999999636,-2.0800000000001546
2023-08-25 13:10:00,2023-08-25 14:15:00,Short,1917.44,1921.1800000000003,-3.7400000000002365,SL Hit,1921.1800000000003,1,-71.80000000000337,65.0,4.809999999999945,-6.150000000000091
2023-08-25 20:55:00,2023-08-28 04:30:00,Long,1915.2733333333333,1914.7,-1.7199999999998,SL Hit,1914.7,3,-73.52000000000317,3335.0,-1.433333333333394,1.9466666666667152
2023-08-28 07:15:00,2023-08-28 12:40:00,Short,1914.975,1915.65,-1.3500000000003638,SL Hit,1915.65,2,-74.87000000000353,325.0,1.7150000000001455,-1.875
2023-08-28 22:45:00,2023-08-29 06:45:00,Long,1922.17,1923.1,3.719999999999345,SL Hit,1923.1,4,-71.15000000000418,480.0,-2.3700000000001182,3.5
2023-08-29 06:50:00,2023-08-29 07:25:00,Short,1923.09,1923.1699999999998,-0.07999999999992724,SL Hit,1923.1699999999998,1,-71.23000000000411,35.0,0.3000000000001819,-1.2300000000000182
2023-08-29 10:20:00,2023-08-29 14:00:00,Short,1922.15,1924.4,-4.5,SL Hit,1924.4,2,-75.73000000000411,220.0,7.490000000000009,-7.620000000000118
2023-08-29 23:55:00,2023-08-30 02:20:00,Short,1936.1,1937.04,-1.8800000000001091,SL Hit,1937.04,2,-77.61000000000422,145.0,1.0800000000001546,-0.8999999999998636
2023-08-30 02:30:00,2023-08-30 03:10:00,Long,1936.83,1935.37,-1.4600000000000364,SL Hit,1935.37,1,-79.07000000000426,40.0,-1.3299999999999272,0.44000000000005457
2023-08-30 03:10:00,2023-08-30 09:15:00,Short,1936.2024999999999,1936.74,-2.1500000000005457,SL Hit,1936.74,4,-81.2200000000048,365.0,0.8275000000001,-1.5024999999998272
2023-08-30 11:30:00,2023-08-30 18:35:00,Long,1941.3899999999999,1943.0,3.2200000000002547,SL Hit,1943.0,2,-78.00000000000455,425.0,-3.689999999999827,7.310000000000173
2023-08-30 18:40:00,2023-08-30 18:55:00,Short,1943.5,1943.9,-0.40000000000009095,SL Hit,1943.9,1,-78.40000000000464,15.0,0.40000000000009095,-0.2599999999999909
2023-08-30 20:15:00,2023-08-30 22:10:00,Short,1943.57,1944.3099999999997,-0.7399999999997817,SL Hit,1944.3099999999997,1,-79.14000000000442,115.0,0.9700000000000273,-1.6699999999998454
2023-08-31 07:25:00,2023-08-31 10:20:00,Long,1944.83,1943.61,-3.660000000000082,SL Hit,1943.61,3,-82.8000000000045,175.0,-1.2300000000000182,1.3600000000001273
2023-08-31 12:10:00,2023-08-31 12:30:00,Long,1945.02,1944.92,-0.09999999999990905,SL Hit,1944.92,1,-82.90000000000441,20.0,-0.10999999999989996,2.5599999999999454
2023-08-31 13:35:00,2023-09-01 00:00:00,Short,1941.4879999999998,1940.13,6.789999999998599,SL Hit,1940.13,5,-76.11000000000581,625.0,3.422000000000253,-3.087999999999738
2023-09-01 03:55:00,2023-09-01 04:35:00,Short,1939.03,1939.3299999999997,-0.29999999999972715,SL Hit,1939.3299999999997,1,-76.41000000000554,40.0,0.6800000000000637,-1.5299999999999727
2023-09-01 11:15:00,2023-09-01 11:20:00,Long,1944.54,1944.54,0.0,SL Hit,1944.54,1,-76.41000000000554,5.0,-0.6399999999998727,0.5599999999999454
2023-09-01 11:45:00,2023-09-01 13:45:00,Long,1944.01,1944.01,0.0,SL Hit,1944.01,1,-76.41000000000554,120.0,-1.4600000000000364,8.279999999999973
2023-09-01 20:45:00,2023-09-01 20:50:00,Short,1939.68,1939.8800000000003,-0.20000000000027285,SL Hit,1939.8800000000003,1,-76.61000000000581,5.0,0.25,-0.19000000000005457
2023-09-01 21:00:00,2023-09-04 00:45:00,Short,1940.07,1940.47,-0.40000000000009095,SL Hit,1940.47,1,-77.0100000000059,3105.0,1.5900000000001455,-0.20000000000004547
2023-09-04 01:00:00,2023-09-04 01:15:00,Long,1940.79,1940.79,0.0,SL Hit,1940.79,1,-77.0100000000059,15.0,-0.2799999999999727,1.1300000000001091
2023-09-04 01:20:00,2023-09-04 08:45:00,Long,1942.405,1943.12,1.4299999999998363,SL Hit,1943.12,2,-75.58000000000607,445.0,-1.6749999999999545,3.7450000000001182
2023-09-04 13:50:00,2023-09-05 04:25:00,Short,1937.54,1937.33,0.8400000000001455,SL Hit,1937.33,4,-74.74000000000592,875.0,2.259999999999991,-2.6399999999998727
2023-09-05 08:00:00,2023-09-05 12:40:00,Short,1932.775,1932.29,0.9700000000002547,SL Hit,1932.29,2,-73.77000000000567,280.0,2.7549999999998818,-4.775000000000091
2023-09-05 12:45:00,2023-09-06 10:05:00,Short,1927.53875,1926.5,8.30999999999949,SL Hit,1926.5,8,-65.46000000000618,1280.0,6.801249999999982,-4.838749999999891
2023-09-07 01:15:00,2023-09-07 07:15:00,Long,1917.48,1917.3200000000002,-0.15999999999985448,SL Hit,1917.3200000000002,1,-65.62000000000603,360.0,-0.18000000000006366,3.1099999999999
2023-09-07 13:20:00,2023-09-08 03:30:00,Long,1921.0950000000003,1924.4,19.829999999999018,SL Hit,1924.4,6,-45.79000000000701,850.0,-4.195000000000164,5.974999999999682
2023-09-08 03:35:00,2023-09-08 06:10:00,Short,1924.73,1926.9900000000002,-2.2600000000002183,SL Hit,1926.9900000000002,1,-48.05000000000723,155.0,2.3899999999998727,-1.1300000000001091
2023-09-08 08:10:00,2023-09-08 08:20:00,Short,1924.05,1924.3499999999997,-0.29999999999972715,SL Hit,1924.3499999999997,1,-48.35000000000696,10.0,0.39000000000010004,-0.4500000000000455
2023-09-08 08:30:00,2023-09-08 09:10:00,Short,1924.33,1924.9299999999998,-0.599999999999909,SL Hit,1924.9299999999998,1,-48.95000000000687,40.0,0.7200000000000273,-1.7300000000000182
2023-09-10 22:45:00,2023-09-10 23:40:00,Short,1917.99,1919.1699999999998,-1.1799999999998363,SL Hit,1919.1699999999998,1,-50.1300000000067,55.0,1.1800000000000637,-0.7899999999999636
2023-09-11 12:35:00,2023-09-11 12:45:00,Short,1925.71,1926.25,-0.5399999999999636,SL Hit,1926.25,1,-50.67000000000667,10.0,0.7000000000000455,-0.37000000000011823
2023-09-11 13:10:00,2023-09-11 14:05:00,Long,1928.81,1924.46,-8.699999999999818,SL Hit,1924.46,2,-59.370000000006485,55.0,-4.440000000000055,1.1400000000001
2023-09-11 14:10:00,2023-09-11 22:15:00,Short,1924.2925,1923.04,5.010000000000218,SL Hit,1923.04,4,-54.360000000006266,485.0,2.2374999999999545,-3.4925000000000637
2023-09-11 23:30:00,2023-09-12 01:10:00,Short,1921.74,1923.22,-1.4800000000000182,SL Hit,1923.22,1,-55.840000000006285,100.0,1.6700000000000728,-1.6400000000001
2023-09-12 01:30:00,2023-09-12 03:20:00,Short,1921.61,1923.41,-3.600000000000364,SL Hit,1923.41,2,-59.44000000000665,110.0,1.8700000000001182,-2.1099999999999
2023-09-12 09:25:00,2023-09-12 16:10:00,Short,1916.8933333333334,1914.35,7.630000000000564,SL Hit,1914.35,3,-51.810000000006085,405.0,2.6466666666665333,-9.02333333333354
2023-09-12 22:50:00,2023-09-13 00:35:00,Long,1913.4050000000002,1912.2,-2.4100000000003092,SL Hit,1912.2,2,-54.220000000006394,105.0,-1.2050000000001546,0.2949999999998454
2023-09-13 01:35:00,2023-09-13 10:55:00,Short,1911.3049999999998,1912.46,-4.6200000000008,SL Hit,1912.46,4,-58.840000000007194,560.0,1.3050000000000637,-3.8049999999998363
2023-09-13 12:30:00,2023-09-13 12:35:00,Short,1907.65,1910.2300000000005,-2.580000000000382,SL Hit,1910.2300000000005,1,-61.420000000007576,5.0,3.839999999999918,-1.290000000000191
2023-09-13 13:00:00,2023-09-13 13:10:00,Long,1911.5,1910.94,-0.5599999999999454,SL Hit,1910.94,1,-61.98000000000752,10.0,-2.0599999999999454,1.7999999999999545
2023-09-13 19:15:00,2023-09-13 19:20:00,Short,1908.58,1908.7799999999997,-0.1999999999998181,SL Hit,1908.7799999999997,1,-62.18000000000734,5.0,0.4500000000000455,-0.2799999999999727
2023-09-13 19:55:00,2023-09-13 20:10:00,Short,1908.61,1908.8099999999997,-0.1999999999998181,SL Hit,1908.8099999999997,1,-62.38000000000716,15.0,0.21000000000003638,-1.1099999999999
2023-09-13 20:30:00,2023-09-14 00:30:00,Short,1908.8,1910.8,-2.0,SL Hit,1910.8,1,-64.38000000000716,240.0,2.0,-1.8999999999998636
2023-09-14 14:55:00,2023-09-14 15:00:00,Long,1909.33,1908.5300000000002,-0.7999999999997272,SL Hit,1908.5300000000002,1,-65.18000000000688,5.0,-0.8999999999998636,0.7400000000000091
2023-09-14 15:10:00,2023-09-14 15:15:00,Long,1910.03,1910.03,0.0,SL Hit,1910.03,1,-65.18000000000688,5.0,-0.5899999999999181,1.0899999999999181
2023-09-14 16:25:00,2023-09-14 18:50:00,Long,1909.8133333333335,1907.9,-5.7400000000002365,SL Hit,1907.9,3,-70.92000000000712,145.0,-2.0133333333335486,1.9666666666664696
2023-09-14 18:55:00,2023-09-14 19:10:00,Short,1908.35,1908.7299999999996,-0.3799999999996544,SL Hit,1908.7299999999996,1,-71.30000000000678,15.0,0.5,-0.1899999999998272
2023-09-15 00:15:00,2023-09-15 00:20:00,Long,1910.87,1910.87,0.0,SL Hit,1910.87,1,-71.30000000000678,5.0,-1.0699999999999363,0.17000000000007276
2023-09-15 00:35:00,2023-09-15 00:40:00,Long,1911.13,1911.13,0.0,SL Hit,1911.13,1,-71.30000000000678,5.0,-0.08000000000015461,0.10999999999989996
2023-09-15 01:10:00,2023-09-15 16:55:00,Long,1919.08,1924.87,34.73999999999978,SL Hit,1924.87,6,-36.560000000006994,945.0,-8.879999999999882,11.190000000000055
2023-09-15 17:10:00,2023-09-18 01:00:00,Short,1924.825,1925.2,-0.75,SL Hit,1925.2,2,-37.310000000006994,3350.0,0.9249999999999545,-3.125
2023-09-18 07:45:00,2023-09-18 13:15:00,Short,1926.1999999999998,1927.95,-5.250000000000682,SL Hit,1927.95,3,-42.560000000007676,330.0,1.900000000000091,-2.569999999999709
2023-09-18 14:00:00,2023-09-18 15:45:00,Short,1923.83,1928.4,-9.140000000000327,SL Hit,1928.4,2,-51.700000000008004,105.0,5.220000000000027,-1.6299999999998818
2023-09-18 16:10:00,2023-09-18 16:15:00,Long,1928.53,1928.49,-0.03999999999996362,SL Hit,1928.49,1,-51.74000000000797,5.0,-0.2699999999999818,0.21000000000003638
2023-09-18 16:20:00,2023-09-18 16:30:00,Long,1928.58,1928.54,-0.03999999999996362,SL Hit,1928.54,1,-51.78000000000793,10.0,-0.07999999999992724,1.0700000000001637
2023-09-18 19:55:00,2023-09-18 20:00:00,Long,1933.21,1933.21,0.0,SL Hit,1933.21,1,-51.78000000000793,5.0,-0.05999999999994543,0.2999999999999545
2023-09-18 23:35:00,2023-09-18 23:55:00,Long,1933.2,1933.2,0.0,SL Hit,1933.2,1,-51.78000000000793,20.0,0.0,1.240000000000009
2023-09-19 00:15:00,2023-09-19 00:35:00,Long,1933.1,1933.1,0.0,SL Hit,1933.1,1,-51.78000000000793,20.0,-0.6999999999998181,1.0300000000002
2023-09-19 05:00:00,2023-09-19 05:05:00,Short,1931.2,1931.28,-0.07999999999992724,SL Hit,1931.28,1,-51.86000000000786,5.0,0.33999999999991815,-0.14000000000010004
2023-09-19 05:15:00,2023-09-19 05:30:00,Short,1931.34,1931.5399999999997,-0.1999999999998181,SL Hit,1931.5399999999997,1,-52.060000000007676,15.0,0.38000000000010914,-0.7300000000000182
2023-09-19 05:35:00,2023-09-19 07:25:00,Short,1931.56,1932.52,-0.9600000000000364,SL Hit,1932.52,1,-53.02000000000771,110.0,1.0700000000001637,-2.0599999999999454
2023-09-19 12:45:00,2023-09-20 05:50:00,Short,1932.4485714285715,1931.36,7.6200000000014825,SL Hit,1931.36,7,-45.40000000000623,1025.0,3.8114285714284506,-4.748571428571495
2023-09-20 05:55:00,2023-09-20 07:10:00,Long,1931.1399999999999,1929.3,-3.6799999999998363,SL Hit,1929.3,2,-49.080000000006066,75.0,-2.439999999999827,1.0700000000001637
2023-09-20 07:15:00,2023-09-20 10:05:00,Short,1929.1550000000002,1932.21,-6.109999999999673,SL Hit,1932.21,2,-55.19000000000574,170.0,3.1449999999997544,-1.2450000000001182
2023-09-20 10:30:00,2023-09-20 10:35:00,Long,1931.65,1931.65,0.0,SL Hit,1931.65,1,-55.19000000000574,5.0,-0.009999999999990905,0.6099999999999
2023-09-20 10:45:00,2023-09-20 11:00:00,Long,1932.15,1932.15,0.0,SL Hit,1932.15,1,-55.19000000000574,15.0,-0.19000000000005457,0.4900000000000091
2023-09-20 16:50:00,2023-09-20 17:25:00,Long,1945.44,1945.4,-0.03999999999996362,SL Hit,1945.4,1,-55.2300000000057,35.0,-0.10000000000013642,1.8999999999998636
2023-09-21 00:20:00,2023-09-21 03:05:00,Short,1927.895,1927.45,0.8899999999998727,SL Hit,1927.45,2,-54.34000000000583,165.0,1.375,-3.5950000000000273
2023-09-21 05:35:00,2023-09-21 07:30:00,Long,1928.4,1927.01,-2.7800000000002,SL Hit,1927.01,2,-57.12000000000603,115.0,-1.9400000000000546,1.949999999999818
2023-09-21 07:35:00,2023-09-21 23:30:00,Short,1921.6100000000001,1920.98,3.1500000000005457,SL Hit,1920.98,5,-53.970000000005484,955.0,5.899999999999864,-7.710000000000036
2023-09-22 06:00:00,2023-09-22 06:05:00,Long,1924.46,1924.2199999999998,-0.24000000000023647,SL Hit,1924.2199999999998,1,-54.21000000000572,5.0,-0.4600000000000364,0.9800000000000182
2023-09-22 13:10:00,2023-09-22 13:25:00,Long,1926.4,1926.2399999999998,-0.16000000000030923,SL Hit,1926.2399999999998,1,-54.37000000000603,15.0,-0.40000000000009095,1.009999999999991
2023-09-22 13:35:00,2023-09-22 13:50:00,Long,1925.2,1925.2,0.0,SL Hit,1925.2,1,-54.37000000000603,15.0,-0.2300000000000182,2.9099999999998545
2023-09-22 14:00:00,2023-09-22 14:05:00,Long,1926.29,1926.29,0.0,SL Hit,1926.29,1,-54.37000000000603,5.0,-0.03999999999996362,1.4800000000000182
2023-09-22 14:20:00,2023-09-22 17:00:00,Long,1927.615,1924.97,-5.289999999999964,SL Hit,1924.97,2,-59.660000000005994,160.0,-2.855000000000018,1.2349999999999
2023-09-25 00:15:00,2023-09-25 00:55:00,Short,1924.28,1924.9599999999998,-0.6799999999998363,SL Hit,1924.9599999999998,1,-60.34000000000583,40.0,0.7899999999999636,-1.0799999999999272
2023-09-25 02:20:00,2023-09-25 02:50:00,Short,1923.09,1923.6299999999999,-0.5399999999999636,SL Hit,1923.6299999999999,1,-60.88000000000579,30.0,0.5700000000001637,-0.4499999999998181
2023-09-25 05:45:00,2023-09-25 06:50:00,Short,1922.53,1923.3700000000001,-0.8400000000001455,SL Hit,1923.3700000000001,1,-61.72000000000594,65.0,1.2300000000000182,-2.0299999999999727
2023-09-25 07:00:00,2023-09-25 13:25:00,Long,1924.58,1923.72,-4.2999999999995,SL Hit,1923.72,5,-66.02000000000544,385.0,-3.6099999999999,2.3700000000001182
2023-09-25 13:40:00,2023-09-25 13:50:00,Short,1923.9,1924.9600000000005,-1.0600000000004002,SL Hit,1924.9600000000005,1,-67.08000000000584,10.0,1.9099999999998545,-0.9300000000000637
2023-09-25 13:55:00,2023-09-26 08:00:00,Short,1916.96,1915.05,15.280000000000655,SL Hit,1915.05,8,-51.800000000005184,1085.0,9.319999999999936,-7.019999999999982
2023-09-26 12:30:00,2023-09-26 22:10:00,Short,1904.4233333333332,1901.01,10.239999999999554,SL Hit,1901.01,3,-41.56000000000563,580.0,6.326666666666824,-5.72333333333313
2023-09-26 22:45:00,2023-09-26 22:50:00,Long,1900.9,1900.88,-0.01999999999998181,SL Hit,1900.88,1,-41.58000000000561,5.0,-0.8000000000001819,0.14999999999986358
2023-09-26 23:00:00,2023-09-26 23:10:00,Long,1900.92,1900.9,-0.01999999999998181,SL Hit,1900.9,1,-41.60000000000559,10.0,-0.3200000000001637,0.6499999999998636
2023-09-27 01:05:00,2023-09-27 01:20:00,Short,1900.3,1900.84,-0.5399999999999636,SL Hit,1900.84,1,-42.14000000000556,15.0,1.1300000000001091,-0.43000000000006366
2023-09-27 09:55:00,2023-09-27 10:25:00,Short,1895.66,1896.0600000000002,-0.40000000000009095,SL Hit,1896.0600000000002,1,-42.54000000000565,30.0,0.6199999999998909,-1.4600000000000364
2023-09-27 13:25:00,2023-09-27 23:10:00,Short,1881.1033333333332,1877.08,12.069999999999936,SL Hit,1877.08,3,-30.47000000000571,585.0,9.016666666666652,-9.303333333333285
2023-09-27 23:35:00,2023-09-28 01:15:00,Long,1876.79,1875.9299999999998,-0.8600000000001273,SL Hit,1875.9299999999998,1,-31.33000000000584,100.0,-1.5699999999999363,0.9800000000000182
2023-09-28 08:35:00,2023-09-28 09:40:00,Short,1874.95,1876.01,-1.0599999999999454,SL Hit,1876.01,1,-32.390000000005784,65.0,1.2699999999999818,-1.1800000000000637
2023-09-28 13:55:00,2023-09-28 14:00:00,Short,1873.11,1874.0499999999995,-0.9399999999995998,SL Hit,1874.0499999999995,1,-33.330000000005384,5.0,1.900000000000091,-0.4699999999997999
2023-09-28 18:50:00,2023-09-28 19:00:00,Long,1865.48,1865.08,-0.40000000000009095,SL Hit,1865.08,1,-33.730000000005475,10.0,-0.42000000000007276,0.36999999999989086
2023-09-29 02:55:00,2023-09-29 05:45:00,Short,1865.15,1865.7900000000004,-0.6400000000003274,SL Hit,1865.7900000000004,1,-34.3700000000058,170.0,1.3299999999999272,-2.290000000000191
2023-09-29 06:05:00,2023-09-29 11:05:00,Long,1869.935,1870.8,1.7300000000000182,SL Hit,1870.8,2,-32.640000000005784,300.0,-3.5049999999998818,3.9450000000001637
2023-09-29 12:55:00,2023-09-29 13:45:00,Long,1873.14,1871.74,-1.400000000000091,SL Hit,1871.74,1,-34.040000000005875,50.0,-1.9400000000000546,6.089999999999918
2023-09-29 17:05:00,2023-10-01 19:00:00,Short,1850.5199999999998,1850.04,1.4399999999993724,SL Hit,1850.04,3,-32.6000000000065,2995.0,1.930000000000291,-4.6199999999996635
2023-10-01 22:40:00,2023-10-02 06:30:00,Short,1845.3799999999999,1844.83,1.6499999999998636,SL Hit,1844.83,3,-30.95000000000664,470.0,3.4300000000000637,-6.009999999999991
2023-10-02 06:35:00,2023-10-02 08:55:00,Long,1844.2866666666666,1839.55,-14.210000000000036,SL Hit,1839.55,3,-45.160000000006676,140.0,-4.7666666666666515,1.6933333333333849
2023-10-02 09:00:00,2023-10-03 06:05:00,Short,1830.76125,1821.63,73.04999999999927,SL Hit,1821.63,8,27.889999999992597,1265.0,9.128750000000082,-16.061249999999973
2023-10-03 06:10:00,2023-10-03 06:20:00,Long,1821.77,1820.9499999999998,-0.8200000000001637,SL Hit,1820.9499999999998,1,27.069999999992433,10.0,-1.4600000000000364,1.3900000000001
2023-10-03 06:25:00,2023-10-03 11:10:00,Long,1824.5175000000002,1823.87,-2.590000000001055,SL Hit,1823.87,4,24.479999999991378,285.0,-3.837500000000091,4.412499999999909
2023-10-03 14:40:00,2023-10-03 14:50:00,Long,1830.08,1828.54,-1.5399999999999636,SL Hit,1828.54,1,22.939999999991414,10.0,-4.919999999999845,1.6400000000001
2023-10-03 18:05:00,2023-10-03 18:45:00,Short,1823.21,1825.0500000000002,-1.8400000000001455,SL Hit,1825.0500000000002,1,21.09999999999127,40.0,2.1299999999998818,-1.240000000000009
2023-10-04 02:55:00,2023-10-04 04:55:00,Short,1821.53,1823.7499999999998,-2.2199999999998,SL Hit,1823.7499999999998,1,18.87999999999147,120.0,2.230000000000018,-1.7699999999999818
2023-10-04 13:35:00,2023-10-04 23:30:00,Short,1822.6433333333334,1823.55,-2.7199999999995725,SL Hit,1823.55,3,16.159999999991896,595.0,3.056666666666615,-6.043333333333521
2023-10-05 07:05:00,2023-10-05 10:30:00,Short,1822.27,1823.65,-1.3800000000001091,SL Hit,1823.65,1,14.779999999991787,205.0,1.4200000000000728,-3.1700000000000728
2023-10-05 17:35:00,2023-10-05 17:40:00,Long,1818.05,1817.95,-0.09999999999990905,SL Hit,1817.95,1,14.679999999991878,5.0,-0.25,0.8800000000001091
2023-10-05 17:50:00,2023-10-05 20:50:00,Long,1819.1033333333335,1819.4,0.8899999999998727,SL Hit,1819.4,3,15.56999999999175,180.0,-1.3533333333334667,1.686666666666497
2023-10-06 02:00:00,2023-10-06 06:25:00,Long,1822.915,1819.4,-7.029999999999745,SL Hit,1819.4,2,8.539999999992006,265.0,-4.3250000000000455,1.5450000000000728
2023-10-06 06:40:00,2023-10-06 07:40:00,Short,1819.54,1820.2999999999997,-0.7599999999997635,SL Hit,1820.2999999999997,1,7.779999999992242,60.0,0.8099999999999454,-1.240000000000009
2023-10-06 14:15:00,2023-10-06 14:50:00,Long,1824.41,1824.41,0.0,SL Hit,1824.41,1,7.779999999992242,35.0,-0.3400000000001455,6.639999999999873
2023-10-09 02:20:00,2023-10-09 02:40:00,Long,1851.0,1851.0,0.0,SL Hit,1851.0,1,7.779999999992242,20.0,-0.01999999999998181,1.2799999999999727
2023-10-09 12:10:00,2023-10-09 12:15:00,Short,1849.01,1849.6299999999999,-0.6199999999998909,SL Hit,1849.6299999999999,1,7.159999999992351,5.0,0.8399999999999181,-0.30999999999994543
2023-10-09 12:25:00,2023-10-09 14:25:00,Short,1847.925,1850.37,-4.889999999999873,SL Hit,1850.37,2,2.2699999999924785,120.0,2.9750000000001364,-3.625
2023-10-09 14:30:00,2023-10-09 14:50:00,Long,1850.83,1849.5300000000002,-1.2999999999997272,SL Hit,1849.5300000000002,1,0.9699999999927513,20.0,-1.759999999999991,1.4700000000000273
2023-10-10 04:00:00,2023-10-10 14:00:00,Short,1858.545,1857.51,4.140000000000327,SL Hit,1857.51,4,5.109999999993079,600.0,3.8450000000000273,-5.154999999999973
2023-10-10 14:05:00,2023-10-10 14:40:00,Long,1856.91,1855.49,-1.4200000000000728,SL Hit,1855.49,1,3.689999999993006,35.0,-2.509999999999991,1.6499999999998636
2023-10-10 15:25:00,2023-10-11 03:10:00,Long,1859.805,1859.78,-0.1500000000005457,SL Hit,1859.78,6,3.5399999999924603,705.0,-3.115000000000009,2.9049999999999727
2023-10-11 03:15:00,2023-10-11 06:40:00,Short,1860.5,1861.92,-2.8400000000001455,SL Hit,1861.92,2,0.6999999999923148,205.0,2.8199999999999363,-1.8299999999999272
2023-10-11 12:35:00,2023-10-11 12:45:00,Short,1870.79,1872.5499999999997,-1.7599999999997635,SL Hit,1872.5499999999997,1,-1.0600000000074488,10.0,2.0799999999999272,-0.8799999999998818
2023-10-11 13:40:00,2023-10-11 16:00:00,Short,1870.385,1874.88,-8.990000000000236,SL Hit,1874.88,2,-10.050000000007685,140.0,5.105000000000018,-2.0150000000001
2023-10-11 23:40:00,2023-10-11 23:45:00,Long,1875.03,1874.95,-0.07999999999992724,SL Hit,1874.95,1,-10.130000000007612,5.0,-0.5299999999999727,0.37000000000011823
2023-10-12 00:15:00,2023-10-12 00:20:00,Long,1875.03,1874.93,-0.09999999999990905,SL Hit,1874.93,1,-10.230000000007522,5.0,-0.12999999999988177,0.40000000000009095
2023-10-12 11:20:00,2023-10-12 12:30:00,Long,1882.38,1881.38,-1.0,SL Hit,1881.38,1,-11.230000000007522,70.0,-3.160000000000082,1.959999999999809
2023-10-12 12:50:00,2023-10-13 00:05:00,Short,1873.9266666666665,1871.11,8.449999999999818,SL Hit,1871.11,3,-2.7800000000077034,675.0,6.0233333333335395,-6.1266666666665515
2023-10-13 02:40:00,2023-10-15 22:00:00,Long,1891.475,1927.5,144.10000000000036,SL Hit,1927.5,4,141.31999999999266,4040.0,-19.074999999999818,41.42500000000018
2023-10-15 22:05:00,2023-10-16 09:15:00,Short,1921.6733333333334,1913.17,51.01999999999998,SL Hit,1913.17,6,192.33999999999264,670.0,5.406666666666524,-13.24333333333334
2023-10-16 12:50:00,2023-10-16 13:25:00,Long,1918.25,1916.9699999999998,-1.2800000000002,SL Hit,1916.9699999999998,1,191.05999999999244,35.0,-1.8099999999999454,0.7699999999999818
2023-10-16 14:00:00,2023-10-16 14:05:00,Long,1917.88,1916.52,-1.3600000000001273,SL Hit,1916.52,1,189.69999999999231,5.0,-1.4200000000000728,0.8299999999999272
2023-10-16 14:10:00,2023-10-16 17:40:00,Long,1918.95,1919.6,1.9499999999995907,SL Hit,1919.6,3,191.6499999999919,210.0,-2.2999999999999545,3.6800000000000637
2023-10-16 17:45:00,2023-10-16 22:40:00,Short,1919.47,1920.6,-3.3899999999996453,SL Hit,1920.6,3,188.25999999999226,295.0,1.349999999999909,-2.0699999999999363
2023-10-17 06:25:00,2023-10-17 12:30:00,Long,1920.17,1922.2,4.059999999999945,SL Hit,1922.2,2,192.3199999999922,365.0,-4.360000000000127,8.279999999999973
2023-10-17 22:40:00,2023-10-17 22:45:00,Long,1924.92,1924.6399999999999,-0.2800000000002001,SL Hit,1924.6399999999999,1,192.039999999992,5.0,-0.7200000000000273,0.34999999999990905
2023-10-18 09:15:00,2023-10-18 14:45:00,Long,1943.3400000000001,1944.33,1.9799999999995634,SL Hit,1944.33,2,194.01999999999157,330.0,-4.4900000000002365,19.069999999999936
2023-10-18 20:10:00,2023-10-18 20:20:00,Short,1949.1,1949.3799999999997,-0.27999999999974534,SL Hit,1949.3799999999997,1,193.73999999999182,10.0,0.41000000000008185,-0.13999999999987267
2023-10-18 20:40:00,2023-10-18 22:05:00,Short,1948.62,1948.8999999999996,-0.27999999999974534,SL Hit,1948.8999999999996,1,193.45999999999208,85.0,1.240000000000009,-1.7199999999998
2023-10-19 07:10:00,2023-10-19 09:30:00,Long,1948.62,1947.6800000000003,-0.9399999999995998,SL Hit,1947.6800000000003,1,192.51999999999248,140.0,-1.0199999999999818,5.420000000000073
2023-10-19 12:15:00,2023-10-19 13:30:00,Long,1950.98,1950.62,-0.36000000000012733,SL Hit,1950.62,1,192.15999999999235,75.0,-0.7699999999999818,5.730000000000018
2023-10-19 15:30:00,2023-10-20 01:05:00,Long,1963.8425,1972.2,33.43000000000029,SL Hit,1972.2,4,225.58999999999264,575.0,-11.522500000000036,15.557500000000118
2023-10-20 07:30:00,2023-10-20 07:50:00,Long,1979.78,1979.14,-0.6399999999998727,SL Hit,1979.14,1,224.94999999999277,20.0,-0.8799999999998818,2.269999999999982
2023-10-20 07:55:00,2023-10-20 11:45:00,Long,1981.6950000000002,1980.46,-2.4700000000002547,SL Hit,1980.46,2,222.47999999999251,230.0,-5.255000000000109,4.064999999999827
2023-10-23 00:20:00,2023-10-23 02:50:00,Short,1972.62,1973.4599999999996,-0.8399999999996908,SL Hit,1973.4599999999996,1,221.63999999999282,150.0,1.540000000000191,-8.099999999999909
2023-10-23 04:00:00,2023-10-23 04:05:00,Long,1973.64,1973.5999999999997,-0.04000000000041837,SL Hit,1973.5999999999997,1,221.5999999999924,5.0,-0.7599999999999909,0.9699999999997999
2023-10-23 04:10:00,2023-10-23 04:30:00,Long,1973.23,1973.23,0.0,SL Hit,1973.23,1,221.5999999999924,20.0,-0.6300000000001091,1.3699999999998909
2023-10-23 05:20:00,2023-10-23 05:25:00,Long,1973.35,1973.27,-0.07999999999992724,SL Hit,1973.27,1,221.51999999999248,5.0,-0.5499999999999545,0.5500000000001819
2023-10-23 05:35:00,2023-10-23 13:35:00,Long,1977.22,1975.16,-6.179999999999836,SL Hit,1975.16,3,215.33999999999264,480.0,-4.009999999999991,5.480000000000018
2023-10-23 19:35:00,2023-10-24 00:00:00,Short,1972.8000000000002,1973.66,-1.7199999999998,SL Hit,1973.66,2,213.61999999999284,265.0,0.9699999999997999,-1.550000000000182
2023-10-24 00:10:00,2023-10-24 04:10:00,Long,1975.6175,1975.54,-0.3100000000004002,SL Hit,1975.54,4,213.30999999999244,240.0,-3.197499999999991,4.832499999999982
2023-10-24 04:15:00,2023-10-24 04:50:00,Short,1975.73,1976.4900000000002,-0.7600000000002183,SL Hit,1976.4900000000002,1,212.54999999999222,35.0,1.599999999999909,-0.38000000000010914
2023-10-24 05:30:00,2023-10-24 06:10:00,Short,1975.71,1977.33,-3.2399999999997817,SL Hit,1977.33,2,209.30999999999244,40.0,1.7000000000000455,-0.9900000000000091
2023-10-24 06:50:00,2023-10-24 07:15:00,Long,1976.67,1976.23,-0.44000000000005457,SL Hit,1976.23,1,208.8699999999924,25.0,-0.7400000000000091,2.3199999999999363
2023-10-24 15:45:00,2023-10-24 22:00:00,Long,1969.1133333333335,1970.5,4.159999999999627,SL Hit,1970.5,3,213.02999999999201,375.0,-3.7333333333333485,8.36666666666656
2023-10-25 00:55:00,2023-10-25 02:50:00,Long,1972.25,1972.25,0.0,SL Hit,1972.25,1,213.02999999999201,115.0,-0.7200000000000273,4.410000000000082
2023-10-25 11:40:00,2023-10-25 11:55:00,Long,1974.23,1974.23,0.0,SL Hit,1974.23,1,213.02999999999201,15.0,-0.2799999999999727,2.1800000000000637
2023-10-25 12:00:00,2023-10-25 12:25:00,Long,1974.59,1974.59,0.0,SL Hit,1974.59,1,213.02999999999201,25.0,-0.7200000000000273,1.9400000000000546
2023-10-25 13:25:00,2023-10-25 15:00:00,Long,1977.635,1972.81,-9.650000000000091,SL Hit,1972.81,2,203.37999999999192,95.0,-14.224999999999909,8.9849999999999
2023-10-25 17:40:00,2023-10-25 17:55:00,Long,1983.42,1983.42,0.0,SL Hit,1983.42,1,203.37999999999192,15.0,-0.40000000000009095,1.7999999999999545
2023-10-26 00:20:00,2023-10-26 10:30:00,Long,1985.8880000000001,1988.5,13.059999999999263,SL Hit,1988.5,5,216.4399999999912,610.0,-4.088000000000193,7.311999999999898
2023-10-26 14:15:00,2023-10-26 14:40:00,Short,1975.72,1978.76,-3.0399999999999636,SL Hit,1978.76,1,213.39999999999122,25.0,3.259999999999991,-3.6200000000001182
2023-10-27 00:00:00,2023-10-27 01:15:00,Short,1984.24,1985.5200000000002,-1.2800000000002,SL Hit,1985.5200000000002,1,212.11999999999102,75.0,2.2899999999999636,-2.0399999999999636
2023-10-27 04:10:00,2023-10-27 04:40:00,Long,1988.82,1988.4199999999998,-0.40000000000009095,SL Hit,1988.4199999999998,1,211.71999999999093,30.0,-0.5199999999999818,0.9300000000000637
2023-10-27 08:40:00,2023-10-27 09:20:00,Short,1986.64,1987.7200000000005,-1.080000000000382,SL Hit,1987.7200000000005,1,210.63999999999055,40.0,1.1899999999998272,-0.8400000000001455
2023-10-27 09:50:00,2023-10-27 17:15:00,Short,1984.7075,1985.45,-2.9700000000002547,SL Hit,1985.45,4,207.6699999999903,445.0,1.9725000000000819,-8.017499999999927
2023-10-30 02:55:00,2023-10-30 12:30:00,Short,1998.4033333333334,1997.23,3.520000000000209,SL Hit,1997.23,3,211.1899999999905,575.0,4.986666666666679,-7.493333333333339
2023-10-30 12:40:00,2023-10-30 14:35:00,Long,1996.17,1994.4499999999998,-1.7200000000002547,SL Hit,1994.4499999999998,1,209.46999999999025,115.0,-2.4700000000000273,6.259999999999991
2023-10-30 17:20:00,2023-10-31 01:20:00,Short,1996.9033333333334,1996.5,1.2100000000002638,SL Hit,1996.5,3,210.6799999999905,480.0,2.826666666666597,-3.0033333333333303
2023-10-31 01:25:00,2023-10-31 01:30:00,Long,1996.2,1995.7,-0.5,SL Hit,1995.7,1,210.1799999999905,5.0,-0.6900000000000546,1.009999999999991
2023-10-31 03:25:00,2023-10-31 06:55:00,Short,1993.4499999999998,1994.81,-2.7200000000002547,SL Hit,1994.81,2,207.45999999999026,210.0,1.6300000000001091,-2.949999999999818
2023-10-31 10:25:00,2023-10-31 12:35:00,Long,1997.32,1996.9400000000003,-0.3799999999996544,SL Hit,1996.9400000000003,1,207.0799999999906,130.0,-0.6599999999998545,3.9400000000000546
2023-10-31 14:05:00,2023-10-31 14:55:00,Long,2001.26,1999.78,-1.4800000000000182,SL Hit,1999.78,1,205.5999999999906,50.0,-2.240000000000009,5.880000000000109
2023-10-31 15:15:00,2023-11-01 08:45:00,Short,1986.02,1980.91,20.4399999999996,SL Hit,1980.91,4,226.0399999999902,1050.0,10.990000000000009,-10.710000000000036
2023-11-01 08:50:00,2023-11-01 15:35:00,Long,1984.9250000000002,1981.37,-7.110000000000582,SL Hit,1981.37,2,218.9299999999896,405.0,-4.815000000000282,6.894999999999754
2023-11-01 22:10:00,2023-11-02 02:55:00,Long,1984.4050000000002,1983.5,-1.8100000000004002,SL Hit,1983.5,2,217.1199999999892,285.0,-2.755000000000109,3.434999999999718
2023-11-02 08:35:00,2023-11-02 10:15:00,Long,1986.28,1986.28,0.0,SL Hit,1986.28,1,217.1199999999892,100.0,-0.44000000000005457,3.1900000000000546
2023-11-02 12:35:00,2023-11-02 13:15:00,Long,1989.77,1986.81,-2.9600000000000364,SL Hit,1986.81,1,214.15999999998917,40.0,-2.9700000000000273,1.099999999999909
2023-11-02 13:20:00,2023-11-02 17:25:00,Short,1984.3433333333335,1985.21,-2.5999999999996817,SL Hit,1985.21,3,211.5599999999895,245.0,3.7566666666664332,-5.443333333333385
2023-11-03 05:45:00,2023-11-03 06:00:00,Long,1986.06,1986.06,0.0,SL Hit,1986.06,1,211.5599999999895,15.0,-0.2599999999999909,1.1800000000000637
2023-11-03 06:10:00,2023-11-05 23:05:00,Long,1990.9299999999998,1990.8,-1.169999999998936,SL Hit,1990.8,9,210.38999999999055,3895.0,-5.229999999999791,12.970000000000255
2023-11-05 23:10:00,2023-11-06 01:30:00,Short,1989.295,1993.0,-7.4099999999998545,SL Hit,1993.0,2,202.9799999999907,140.0,3.714999999999918,-2.2050000000001546
2023-11-06 03:05:00,2023-11-06 03:10:00,Short,1987.43,1987.47,-0.03999999999996362,SL Hit,1987.47,1,202.93999999999073,5.0,0.7899999999999636,-0.07000000000016371
2023-11-06 03:20:00,2023-11-06 08:10:00,Short,1985.29,1985.15,0.27999999999974534,SL Hit,1985.15,2,203.21999999999048,290.0,2.019999999999982,-3.7899999999999636
2023-11-06 10:15:00,2023-11-06 10:30:00,Long,1987.45,1987.09,-0.36000000000012733,SL Hit,1987.09,1,202.85999999999035,15.0,-0.6400000000001,0.75
2023-11-06 15:45:00,2023-11-07 18:15:00,Short,1971.1071428571431,1966.32,33.510000000002265,SL Hit,1966.32,7,236.36999999999261,1590.0,13.322857142856947,-14.497142857143217
2023-11-07 18:25:00,2023-11-07 18:30:00,Long,1966.84,1966.6000000000001,-0.23999999999978172,SL Hit,1966.6000000000001,1,236.12999999999283,5.0,-0.2400000000000091,0.9200000000000728
2023-11-08 00:10:00,2023-11-08 00:25:00,Long,1969.34,1969.0800000000002,-0.25999999999976353,SL Hit,1969.0800000000002,1,235.86999999999307,15.0,-0.5399999999999636,0.6200000000001182
2023-11-08 02:20:00,2023-11-08 02:25:00,Long,1970.08,1969.8000000000002,-0.27999999999974534,SL Hit,1969.8000000000002,1,235.58999999999332,5.0,-1.0199999999999818,0.8100000000001728
2023-11-08 04:35:00,2023-11-08 05:00:00,Short,1967.67,1967.8500000000004,-0.18000000000029104,SL Hit,1967.8500000000004,1,235.40999999999303,25.0,0.1899999999998272,-1.0700000000001637
2023-11-08 05:15:00,2023-11-08 06:20:00,Short,1966.4650000000001,1967.86,-2.789999999999509,SL Hit,1967.86,2,232.61999999999352,65.0,2.4849999999999,-1.8650000000002365
2023-11-08 14:35:00,2023-11-09 05:50:00,Short,1955.8100000000002,1949.75,18.18000000000052,SL Hit,1949.75,3,250.79999999999404,915.0,7.399999999999864,-9.010000000000218
2023-11-09 06:20:00,2023-11-09 08:10:00,Long,1949.25,1947.75,-1.5,SL Hit,1947.75,1,249.29999999999404,110.0,-3.150000000000091,1.1800000000000637
2023-11-09 14:10:00,2023-11-09 19:25:00,Long,1956.04,1958.5,4.920000000000073,SL Hit,1958.5,2,254.21999999999412,315.0,-7.399999999999864,9.5
2023-11-10 07:20:00,2023-11-10 21:15:00,Short,1950.2250000000001,1937.53,76.17000000000098,SL Hit,1937.53,6,330.3899999999951,835.0,6.764999999999873,-17.225000000000136
2023-11-13 03:00:00,2023-11-13 05:25:00,Short,1937.47,1938.1700000000003,-0.7000000000002728,SL Hit,1938.1700000000003,1,329.6899999999948,145.0,0.7599999999999909,-3.5699999999999363
2023-11-13 14:15:00,2023-11-13 15:45:00,Short,1934.8,1936.6199999999997,-1.819999999999709,SL Hit,1936.6199999999997,1,327.8699999999951,90.0,2.150000000000091,-2.509999999999991
2023-11-14 02:15:00,2023-11-14 09:15:00,Short,1945.45,1946.39,-2.8200000000001637,SL Hit,1946.39,3,325.04999999999495,420.0,2.2999999999999545,-2.3500000000001364
2023-11-14 09:35:00,2023-11-14 11:10:00,Long,1946.2,1945.9799999999998,-0.22000000000025466,SL Hit,1945.9799999999998,1,324.8299999999947,95.0,-0.40000000000009095,1.9099999999998545
2023-11-14 17:20:00,2023-11-14 20:15:00,Short,1963.0666666666668,1964.1,-3.099999999999227,SL Hit,1964.1,3,321.72999999999547,175.0,1.1233333333332212,-1.7666666666668789
2023-11-14 20:40:00,2023-11-14 20:45:00,Long,1964.09,1963.97,-0.11999999999989086,SL Hit,1963.97,1,321.6099999999956,5.0,-0.8299999999999272,0.3100000000001728
2023-11-15 00:20:00,2023-11-15 00:35:00,Short,1961.89,1962.4700000000005,-0.580000000000382,SL Hit,1962.4700000000005,1,321.0299999999952,15.0,0.7400000000000091,-1.0900000000001455
2023-11-15 02:50:00,2023-11-15 12:10:00,Long,1969.4119999999998,1971.3,9.440000000000737,SL Hit,1971.3,5,330.46999999999593,560.0,-5.551999999999907,4.458000000000084
2023-11-15 12:30:00,2023-11-15 13:30:00,Short,1971.53,1973.57,-2.0399999999999636,SL Hit,1973.57,1,328.42999999999597,60.0,2.8700000000001182,-3.4400000000000546
2023-11-16 01:00:00,2023-11-16 03:10:00,Short,1959.0749999999998,1961.24,-4.330000000000382,SL Hit,1961.24,2,324.0999999999956,130.0,2.8550000000002456,-2.674999999999727
2023-11-16 03:30:00,2023-11-16 03:35:00,Long,1960.69,1960.69,0.0,SL Hit,1960.69,1,324.0999999999956,5.0,-0.4900000000000091,0.6599999999998545
2023-11-16 09:05:00,2023-11-16 10:40:00,Long,1967.74,1964.84,-5.800000000000182,SL Hit,1964.84,2,318.2999999999954,95.0,-3.339999999999918,0.7400000000000091
2023-11-16 11:45:00,2023-11-16 13:30:00,Short,1963.875,1966.37,-4.989999999999782,SL Hit,1966.37,2,313.3099999999956,105.0,8.714999999999918,-1.7349999999999
2023-11-17 04:05:00,2023-11-17 04:10:00,Long,1986.65,1986.4299999999998,-0.22000000000025466,SL Hit,1986.4299999999998,1,313.08999999999537,5.0,-0.44000000000005457,0.34999999999990905
2023-11-17 04:15:00,2023-11-17 04:20:00,Long,1985.3,1985.3,0.0,SL Hit,1985.3,1,313.08999999999537,5.0,-0.20000000000004547,0.9300000000000637
2023-11-17 14:40:00,2023-11-17 16:05:00,Short,1982.82,1984.3999999999999,-1.5799999999999272,SL Hit,1984.3999999999999,1,311.50999999999544,85.0,1.8400000000001455,-3.2799999999999727
2023-11-17 16:45:00,2023-11-17 16:50:00,Short,1980.23,1981.19,-0.9600000000000364,SL Hit,1981.19,1,310.5499999999954,5.0,1.2999999999999545,-0.4800000000000182
2023-11-20 06:00:00,2023-11-20 15:50:00,Short,1976.3700000000001,1972.57,22.80000000000109,SL Hit,1972.57,6,333.3499999999965,590.0,5.189999999999827,-10.820000000000164
2023-11-20 15:55:00,2023-11-20 16:00:00,Long,1971.89,1971.89,0.0,SL Hit,1971.89,1,333.3499999999965,5.0,-0.22000000000002728,1.1199999999998909
2023-11-20 16:05:00,2023-11-20 16:35:00,Long,1972.9,1972.9,0.0,SL Hit,1972.9,1,333.3499999999965,30.0,-0.2300000000000182,2.019999999999982
2023-11-20 21:30:00,2023-11-20 21:45:00,Short,1977.23,1977.3899999999999,-0.15999999999985448,SL Hit,1977.3899999999999,1,333.18999999999664,15.0,0.16000000000008185,-0.2300000000000182
2023-11-21 07:40:00,2023-11-21 08:40:00,Long,1992.25,1991.17,-1.0799999999999272,SL Hit,1991.17,1,332.1099999999967,60.0,-1.7300000000000182,1.9600000000000364
2023-11-21 19:05:00,2023-11-22 04:40:00,Short,1997.205,1997.54,-1.3400000000001455,SL Hit,1997.54,4,330.76999999999657,575.0,3.275000000000091,-1.9049999999999727
2023-11-22 06:30:00,2023-11-22 10:35:00,Long,2000.6,1999.2,-2.799999999999727,SL Hit,1999.2,2,327.96999999999684,245.0,-1.7999999999999545,5.490000000000009
2023-11-23 00:00:00,2023-11-23 08:20:00,Long,1994.0733333333335,1994.33,0.7699999999992997,SL Hit,1994.33,3,328.73999999999614,500.0,-3.9933333333335668,4.336666666666588
2023-11-23 09:00:00,2023-11-23 09:05:00,Short,1994.61,1994.8099999999997,-0.1999999999998181,SL Hit,1994.8099999999997,1,328.5399999999963,5.0,0.6900000000000546,-1.509999999999991
2023-11-23 10:05:00,2023-11-23 14:45:00,Short,1993.5666666666666,1994.3,-2.2000000000000455,SL Hit,1994.3,3,326.3399999999963,280.0,1.2133333333333667,-1.8666666666665606
2023-11-23 15:55:00,2023-11-23 16:00:00,Short,1991.97,1992.11,-0.13999999999987267,SL Hit,1992.11,1,326.1999999999964,5.0,0.14999999999986358,-0.31999999999993634
2023-11-23 16:05:00,2023-11-23 23:00:00,Short,1991.8600000000001,1992.96,-2.199999999999818,SL Hit,1992.96,2,323.9999999999966,415.0,1.099999999999909,-2.560000000000173
2023-11-24 04:20:00,2023-11-24 04:25:00,Short,1991.97,1992.6700000000003,-0.7000000000002728,SL Hit,1992.6700000000003,1,323.2999999999963,5.0,0.9700000000000273,-0.3500000000001364
2023-11-24 05:00:00,2023-11-24 12:50:00,Long,1994.148,1994.5,1.7600000000004457,SL Hit,1994.5,5,325.05999999999676,470.0,-1.9079999999999018,2.9320000000000164
2023-11-24 12:55:00,2023-11-24 13:25:00,Short,1995.425,1997.08,-3.3099999999999454,SL Hit,1997.08,2,321.7499999999968,30.0,2.394999999999982,-0.7149999999999181
2023-11-26 23:05:00,2023-11-27 11:45:00,Long,2009.4633333333334,2011.82,14.139999999999418,SL Hit,2011.82,6,335.88999999999623,760.0,-9.163333333333412,8.10666666666657
2023-11-27 11:50:00,2023-11-27 13:25:00,Short,2013.365,2014.4,-2.0700000000001637,SL Hit,2014.4,2,333.81999999999607,95.0,1.2149999999999181,-2.0650000000000546
2023-11-27 13:45:00,2023-11-27 18:20:00,Short,2011.0075000000002,2011.18,-0.6899999999995998,SL Hit,2011.18,4,333.12999999999647,275.0,3.1424999999999272,-5.157500000000255
2023-11-28 04:10:00,2023-11-28 04:20:00,Short,2014.34,2014.6999999999996,-0.3599999999996726,SL Hit,2014.6999999999996,1,332.7699999999968,10.0,0.5099999999999909,-0.1999999999998181
2023-11-28 13:00:00,2023-11-28 13:25:00,Short,2013.745,2015.88,-4.270000000000437,SL Hit,2015.88,2,328.49999999999636,25.0,2.625,-1.9549999999999272
2023-11-29 07:15:00,2023-11-29 14:35:00,Short,2042.2966666666664,2042.88,-1.7500000000011369,SL Hit,2042.88,3,326.7499999999952,440.0,2.4133333333336395,-6.416666666666288
2023-11-30 02:05:00,2023-11-30 02:45:00,Short,2043.8,2044.72,-0.9200000000000728,SL Hit,2044.72,1,325.82999999999515,40.0,2.150000000000091,-1.2999999999999545
2023-11-30 05:25:00,2023-11-30 05:35:00,Short,2042.44,2042.7000000000003,-0.2600000000002183,SL Hit,2042.7000000000003,1,325.56999999999493,10.0,0.2699999999999818,-0.7000000000000455
2023-11-30 05:40:00,2023-11-30 06:25:00,Short,2042.42,2043.38,-0.9600000000000364,SL Hit,2043.38,1,324.6099999999949,45.0,1.2899999999999636,-1.0
2023-11-30 08:45:00,2023-11-30 13:10:00,Short,2039.8433333333332,2040.46,-1.8500000000003638,SL Hit,2040.46,3,322.75999999999453,265.0,2.4266666666667334,-3.783333333333303
2023-11-30 14:00:00,2023-11-30 23:00:00,Short,2036.9099999999999,2037.11,-0.8000000000001819,SL Hit,2037.11,4,321.95999999999435,540.0,4.160000000000082,-4.669999999999845
2023-12-01 08:50:00,2023-12-01 11:05:00,Long,2043.32,2042.0800000000002,-1.2399999999997817,SL Hit,2042.0800000000002,1,320.71999999999457,135.0,-1.3299999999999272,6.460000000000264
2023-12-03 23:05:00,2023-12-04 04:05:00,Long,2092.3866666666668,2083.21,-27.5300000000002,SL Hit,2083.21,3,293.18999999999437,300.0,-21.18666666666695,40.10333333333301
2023-12-04 04:10:00,2023-12-04 05:15:00,Short,2084.13,2085.6100000000006,-1.480000000000473,SL Hit,2085.6100000000006,1,291.7099999999939,65.0,2.599999999999909,-1.3299999999999272
2023-12-04 15:25:00,2023-12-04 19:45:00,Short,2028.8333333333333,2030.37,-4.6099999999999,SL Hit,2030.37,3,287.099999999994,260.0,8.14666666666676,-7.933333333333167
2023-12-04 19:50:00,2023-12-04 20:25:00,Long,2030.35,2029.19,-1.1599999999998545,SL Hit,2029.19,1,285.93999999999414,35.0,-1.6699999999998454,1.8600000000001273
2023-12-05 09:30:00,2023-12-05 13:10:00,Short,2028.31,2027.36,1.900000000000091,SL Hit,2027.36,2,287.83999999999423,220.0,3.650000000000091,-6.559999999999945
2023-12-05 15:05:00,2023-12-05 20:00:00,Short,2022.13,2020.35,3.5600000000004,SL Hit,2020.35,2,291.39999999999463,295.0,2.8899999999998727,-12.420000000000073
2023-12-05 20:05:00,2023-12-05 20:10:00,Long,2020.06,2020.06,0.0,SL Hit,2020.06,1,291.39999999999463,5.0,-0.07999999999992724,0.6900000000000546
2023-12-06 03:45:00,2023-12-06 04:00:00,Long,2022.13,2022.0099999999998,-0.12000000000034561,SL Hit,2022.0099999999998,1,291.2799999999943,15.0,-0.13000000000010914,1.9399999999998272
2023-12-06 05:45:00,2023-12-06 09:55:00,Long,2023.9,2020.2,-7.400000000000091,SL Hit,2020.2,2,283.8799999999942,250.0,-3.75,11.3599999999999
2023-12-06 11:35:00,2023-12-06 11:45:00,Short,2020.69,2021.27,-0.5799999999999272,SL Hit,2021.27,1,283.29999999999427,10.0,1.4199999999998454,-0.42000000000007276
2023-12-07 02:40:00,2023-12-07 04:00:00,Long,2028.18,2026.08,-4.200000000000273,SL Hit,2026.08,2,279.099999999994,80.0,-2.1000000000001364,1.6299999999998818
2023-12-07 04:30:00,2023-12-07 06:20:00,Short,2026.45,2027.49,-1.0399999999999636,SL Hit,2027.49,1,278.05999999999403,110.0,1.259999999999991,-1.150000000000091
2023-12-07 07:05:00,2023-12-07 07:15:00,Long,2029.1,2028.8000000000002,-0.29999999999972715,SL Hit,2028.8000000000002,1,277.7599999999943,10.0,-0.8099999999999454,0.44000000000005457
2023-12-07 07:40:00,2023-12-07 08:00:00,Long,2029.17,2029.17,0.0,SL Hit,2029.17,1,277.7599999999943,20.0,-0.39000000000010004,1.4700000000000273
2023-12-07 13:40:00,2023-12-07 14:10:00,Long,2034.2,2034.2,0.0,SL Hit,2034.2,1,277.7599999999943,30.0,-1.2999999999999545,5.460000000000036
2023-12-07 23:05:00,2023-12-08 00:20:00,Short,2028.8,2029.28,-0.4800000000000182,SL Hit,2029.28,1,277.2799999999943,75.0,0.6100000000001273,-1.9800000000000182
2023-12-08 02:05:00,2023-12-08 02:20:00,Long,2032.4,2032.4,0.0,SL Hit,2032.4,1,277.2799999999943,15.0,-0.15000000000009095,0.9399999999998272
2023-12-08 05:35:00,2023-12-08 07:45:00,Short,2030.4366666666665,2030.89,-1.3600000000008095,SL Hit,2030.89,3,275.9199999999935,130.0,1.2533333333335577,-1.6266666666665515
2023-12-08 10:10:00,2023-12-08 10:15:00,Long,2030.08,2030.08,0.0,SL Hit,2030.08,1,275.9199999999935,5.0,-0.38999999999987267,1.1200000000001182
2023-12-08 13:10:00,2023-12-11 07:25:00,Short,2006.55,1999.84,33.55000000000018,SL Hit,1999.84,5,309.46999999999366,3975.0,22.059999999999945,-11.849999999999909
2023-12-11 07:50:00,2023-12-11 11:10:00,Short,1994.92,1994.6,0.9600000000004911,SL Hit,1994.6,3,310.42999999999415,200.0,2.75,-3.3200000000001637
2023-12-11 11:20:00,2023-12-11 13:45:00,Long,1994.125,1991.6,-5.050000000000182,SL Hit,1991.6,2,305.37999999999397,145.0,-2.525000000000091,2.494999999999891
2023-12-11 14:00:00,2023-12-11 19:00:00,Short,1985.42,1982.61,5.620000000000346,SL Hit,1982.61,2,310.9999999999943,300.0,8.379999999999882,-10.019999999999982
2023-12-12 00:30:00,2023-12-12 01:40:00,Long,1983.91,1983.89,-0.01999999999998181,SL Hit,1983.89,1,310.97999999999433,70.0,-0.2400000000000091,3.0599999999999454
2023-12-12 12:05:00,2023-12-12 13:40:00,Long,1987.94,1986.7199999999998,-1.2200000000002547,SL Hit,1986.7199999999998,1,309.7599999999941,95.0,-2.630000000000109,7.019999999999982
2023-12-12 13:50:00,2023-12-12 19:25:00,Short,1983.4650000000001,1980.6,11.460000000000946,SL Hit,1980.6,4,321.219999999995,335.0,5.704999999999927,-6.305000000000064
2023-12-12 19:30:00,2023-12-12 19:40:00,Long,1979.95,1979.95,0.0,SL Hit,1979.95,1,321.219999999995,10.0,-0.4500000000000455,0.8899999999998727
2023-12-12 23:05:00,2023-12-13 01:25:00,Long,1980.7333333333333,1979.7,-3.099999999999909,SL Hit,1979.7,3,318.1199999999951,140.0,-1.033333333333303,1.9766666666666879
2023-12-13 02:05:00,2023-12-13 07:30:00,Short,1977.684,1979.61,-9.629999999999654,SL Hit,1979.61,5,308.48999999999546,325.0,2.405999999999949,-4.673999999999978
2023-12-13 08:05:00,2023-12-13 15:10:00,Long,1982.2333333333333,1979.81,-7.270000000000209,SL Hit,1979.81,3,301.21999999999525,425.0,-3.433333333333394,3.986666666666679
2023-12-13 15:20:00,2023-12-13 15:25:00,Short,1978.96,1979.1400000000003,-0.18000000000029104,SL Hit,1979.1400000000003,1,301.03999999999496,5.0,1.6599999999998545,-0.09000000000014552
2023-12-14 06:10:00,2023-12-14 06:25:00,Long,2035.18,2034.7,-0.4800000000000182,SL Hit,2034.7,1,300.55999999999494,15.0,-0.4800000000000182,2.0599999999999454
2023-12-14 07:40:00,2023-12-14 07:50:00,Short,2030.7,2032.0400000000002,-1.3400000000001455,SL Hit,2032.0400000000002,1,299.2199999999948,10.0,3.1800000000000637,-0.6700000000000728
2023-12-14 13:30:00,2023-12-14 14:05:00,Short,2032.62,2038.93,-12.620000000000346,SL Hit,2038.93,2,286.59999999999445,35.0,7.660000000000082,-4.569999999999936
2023-12-14 17:30:00,2023-12-14 23:05:00,Short,2036.71,2036.56,0.3000000000001819,SL Hit,2036.56,2,286.89999999999463,335.0,1.3799999999998818,-6.9500000000000455
2023-12-14 23:10:00,2023-12-14 23:55:00,Long,2035.85,2035.5100000000002,-0.33999999999969077,SL Hit,2035.5100000000002,1,286.55999999999494,45.0,-0.6499999999998636,2.7000000000000455
2023-12-15 07:40:00,2023-12-15 13:20:00,Long,2040.435,2040.23,-0.4099999999998545,SL Hit,2040.23,2,286.1499999999951,340.0,-3.2849999999998545,3.9850000000001273
2023-12-15 13:25:00,2023-12-15 13:30:00,Short,2040.96,2041.7200000000003,-0.7600000000002183,SL Hit,2041.7200000000003,1,285.38999999999487,5.0,2.1700000000000728,-4.420000000000073
2023-12-15 18:20:00,2023-12-18 01:05:00,Short,2020.3100000000002,2021.19,-2.6399999999996453,SL Hit,2021.19,3,282.7499999999952,3285.0,3.699999999999818,-5.010000000000218
2023-12-18 05:40:00,2023-12-18 05:50:00,Long,2023.42,2022.04,-1.3800000000001091,SL Hit,2022.04,1,281.3699999999951,10.0,-1.5199999999999818,0.2400000000000091
2023-12-18 09:00:00,2023-12-18 09:50:00,Long,2024.54,2023.12,-1.4200000000000728,SL Hit,2023.12,1,279.94999999999504,50.0,-1.6700000000000728,2.0799999999999272
2023-12-18 10:30:00,2023-12-18 13:00:00,Short,2022.31,2024.3899999999999,-2.0799999999999272,SL Hit,2024.3899999999999,1,277.8699999999951,150.0,2.1400000000001,-3.8099999999999454
2023-12-18 23:10:00,2023-12-18 23:15:00,Long,2027.21,2027.0700000000002,-0.13999999999987267,SL Hit,2027.0700000000002,1,277.72999999999524,5.0,-0.8099999999999454,0.13999999999987267
2023-12-19 00:00:00,2023-12-19 00:05:00,Long,2027.48,2027.48,0.0,SL Hit,2027.48,1,277.72999999999524,5.0,-0.17000000000007276,0.4800000000000182
2023-12-19 03:55:00,2023-12-19 04:45:00,Short,2023.31,2023.5699999999997,-0.25999999999976353,SL Hit,2023.5699999999997,1,277.4699999999955,50.0,0.43000000000006366,-2.2100000000000364
2023-12-19 06:45:00,2023-12-19 07:00:00,Long,2024.86,2024.2,-0.6599999999998545,SL Hit,2024.2,1,276.8099999999956,15.0,-1.259999999999991,0.9200000000000728
2023-12-19 08:20:00,2023-12-20 01:05:00,Long,2032.6171428571429,2038.79,43.20999999999958,SL Hit,2038.79,7,320.0199999999952,1005.0,-8.917142857142835,14.202857142857056
2023-12-20 01:25:00,2023-12-20 03:30:00,Short,2038.83,2040.4899999999998,-1.6599999999998545,SL Hit,2040.4899999999998,1,318.35999999999535,125.0,2.019999999999982,-2.230000000000018
2023-12-20 04:55:00,2023-12-20 10:00:00,Long,2040.993333333333,2039.6,-4.179999999999609,SL Hit,2039.6,3,314.17999999999574,305.0,-1.603333333333012,2.2966666666668516
2023-12-20 10:05:00,2023-12-20 14:00:00,Short,2036.98,2036.19,1.5799999999999272,SL Hit,2036.19,2,315.75999999999567,235.0,2.7999999999999545,-6.860000000000127
2023-12-20 18:35:00,2023-12-20 19:40:00,Long,2035.26,2034.72,-0.5399999999999636,SL Hit,2034.72,1,315.2199999999957,65.0,-1.1600000000000819,1.7899999999999636
2023-12-20 20:00:00,2023-12-21 00:10:00,Short,2031.8999999999999,2033.15,-3.750000000000682,SL Hit,2033.15,3,311.469999999995,250.0,1.7200000000000273,-4.3599999999999
2023-12-21 04:00:00,2023-12-21 04:10:00,Long,2037.47,2037.1699999999998,-0.3000000000001819,SL Hit,2037.1699999999998,1,311.16999999999484,10.0,-0.36000000000012733,0.2899999999999636
2023-12-21 06:15:00,2023-12-21 06:35:00,Short,2035.27,2036.0299999999997,-0.7599999999997635,SL Hit,2036.0299999999997,1,310.4099999999951,20.0,1.0699999999999363,-0.9700000000000273
2023-12-21 19:55:00,2023-12-22 03:35:00,Long,2047.2966666666664,2047.92,1.8700000000010277,SL Hit,2047.92,3,312.2799999999961,460.0,-4.496666666666442,7.493333333333567
2023-12-22 03:40:00,2023-12-22 07:40:00,Short,2048.1466666666665,2050.55,-7.210000000000946,SL Hit,2050.55,3,305.06999999999516,240.0,2.4533333333333758,-1.2466666666664423
2023-12-22 07:50:00,2023-12-22 16:05:00,Long,2057.735,2057.75,0.02999999999974534,SL Hit,2057.75,2,305.0999999999949,495.0,-8.085000000000036,12.46499999999969
2023-12-26 13:50:00,2023-12-26 19:20:00,Short,2059.8575,2059.8,0.22999999999956344,SL Hit,2059.8,4,305.32999999999447,330.0,1.882499999999709,-5.657500000000255
2023-12-27 04:05:00,2023-12-27 06:20:00,Short,2064.76,2066.07,-3.9299999999998363,SL Hit,2066.07,3,301.39999999999463,135.0,1.6799999999998363,-1.5600000000004002
2023-12-27 08:15:00,2023-12-27 08:30:00,Long,2066.7,2066.7,0.0,SL Hit,2066.7,1,301.39999999999463,15.0,-0.15999999999985448,1.580000000000382
2023-12-27 18:00:00,2023-12-27 18:30:00,Long,2081.1,2081.1,0.0,SL Hit,2081.1,1,301.39999999999463,30.0,-2.2100000000000364,2.8899999999998727
2023-12-27 23:35:00,2023-12-28 04:55:00,Long,2083.0,2085.7,8.099999999999454,SL Hit,2085.7,3,309.4999999999941,320.0,-5.199999999999818,5.309999999999945
2023-12-28 05:00:00,2023-12-28 07:10:00,Short,2085.6800000000003,2087.35,-3.339999999999236,SL Hit,2087.35,2,306.15999999999485,130.0,1.7499999999995453,-1.480000000000473
2023-12-28 07:15:00,2023-12-28 07:25:00,Long,2086.7,2085.5200000000004,-1.1799999999993815,SL Hit,2085.5200000000004,1,304.97999999999547,10.0,-1.3099999999999454,0.42000000000007276
2023-12-28 15:00:00,2023-12-28 15:15:00,Long,2079.1,2078.56,-0.5399999999999636,SL Hit,2078.56,1,304.4399999999955,15.0,-1.4400000000000546,1.6900000000000546
2023-12-28 18:45:00,2023-12-28 23:55:00,Short,2069.34,2066.92,4.8400000000001455,SL Hit,2066.92,2,309.27999999999565,310.0,3.6799999999998363,-4.7400000000002365
2023-12-29 00:00:00,2023-12-29 09:20:00,Long,2068.615,2067.81,-3.219999999999345,SL Hit,2067.81,4,306.0599999999963,560.0,-3.2149999999996908,5.895000000000437
2024-01-02 03:20:00,2024-01-02 03:50:00,Long,2069.27,2069.0499999999997,-0.22000000000025466,SL Hit,2069.0499999999997,1,305.83999999999605,30.0,-0.8000000000001819,0.9600000000000364
2024-01-02 03:55:00,2024-01-02 04:15:00,Long,2068.48,2068.48,0.0,SL Hit,2068.48,1,305.83999999999605,20.0,-0.07999999999992724,1.8699999999998909
2024-01-03 08:30:00,2024-01-04 07:35:00,Short,2051.17,2048.59,7.739999999999782,SL Hit,2048.59,3,313.57999999999583,1385.0,10.349999999999909,-20.289999999999964
2024-01-04 13:30:00,2024-01-04 15:25:00,Short,2041.38,2046.99,-11.2199999999998,SL Hit,2046.99,2,302.35999999999603,115.0,5.6599999999998545,-4.820000000000164
2024-01-05 12:45:00,2024-01-05 12:50:00,Long,2040.01,2039.51,-0.5,SL Hit,2039.51,1,301.85999999999603,5.0,-0.5099999999999909,0.849999999999909
2024-01-05 13:55:00,2024-01-07 23:40:00,Long,2043.7174999999997,2042.91,-3.229999999998654,SL Hit,2042.91,4,298.6299999999974,3465.0,-6.4074999999998,19.882500000000164
2024-01-07 23:45:00,2024-01-07 23:55:00,Short,2043.98,2044.1799999999998,-0.1999999999998181,SL Hit,2044.1799999999998,1,298.42999999999756,10.0,0.40000000000009095,-1.6800000000000637
2024-01-08 00:00:00,2024-01-08 01:20:00,Short,2044.1,2046.4999999999995,-2.399999999999636,SL Hit,2046.4999999999995,1,296.0299999999979,80.0,2.400000000000091,-1.199999999999818
2024-01-08 02:10:00,2024-01-08 14:55:00,Short,2031.0475,2025.27,23.109999999999673,SL Hit,2025.27,4,319.1399999999976,765.0,12.33250000000021,-12.427500000000009
2024-01-09 05:25:00,2024-01-09 06:40:00,Short,2032.45,2033.8700000000001,-1.4200000000000728,SL Hit,2033.8700000000001,1,317.7199999999975,75.0,2.2999999999999545,-2.25
2024-01-09 07:50:00,2024-01-09 08:05:00,Long,2035.88,2035.12,-0.7600000000002183,SL Hit,2035.12,1,316.9599999999973,15.0,-2.310000000000173,1.7399999999997817
2024-01-09 10:30:00,2024-01-09 10:35:00,Long,2037.8,2037.22,-0.5799999999999272,SL Hit,2037.22,1,316.3799999999974,5.0,-0.599999999999909,0.650000000000091
2024-01-09 15:50:00,2024-01-09 23:10:00,Short,2030.033333333333,2030.82,-2.360000000000582,SL Hit,2030.82,3,314.0199999999968,440.0,2.9466666666669425,-3.913333333333185
2024-01-09 23:15:00,2024-01-09 23:20:00,Long,2030.88,2030.6,-0.2800000000002001,SL Hit,2030.6,1,313.7399999999966,5.0,-0.5800000000001546,0.14999999999986358
2024-01-10 00:15:00,2024-01-10 00:20:00,Long,2030.66,2030.64,-0.01999999999998181,SL Hit,2030.64,1,313.7199999999966,5.0,-0.41000000000008185,0.2999999999999545
2024-01-10 01:45:00,2024-01-10 05:25:00,Long,2030.7033333333336,2028.13,-7.720000000000482,SL Hit,2028.13,3,305.99999999999613,220.0,-2.803333333333512,2.026666666666415
2024-01-10 05:30:00,2024-01-10 07:40:00,Short,2029.42,2030.7200000000003,-1.300000000000182,SL Hit,2030.7200000000003,1,304.69999999999595,130.0,1.7300000000000182,-5.570000000000164
2024-01-10 14:05:00,2024-01-10 14:30:00,Short,2030.72,2031.4400000000003,-0.7200000000002547,SL Hit,2031.4400000000003,1,303.9799999999957,25.0,2.099999999999909,-1.9600000000000364
2024-01-10 14:35:00,2024-01-10 23:00:00,Short,2026.086,2024.4,8.429999999999609,SL Hit,2024.4,5,312.4099999999953,505.0,6.253999999999905,-5.695999999999913
2024-01-11 04:20:00,2024-01-11 04:30:00,Long,2031.16,2031.0399999999997,-0.12000000000034561,SL Hit,2031.0399999999997,1,312.28999999999496,10.0,-0.7599999999999909,0.7200000000000273
2024-01-11 04:45:00,2024-01-11 09:00:00,Long,2031.51,2029.89,-1.6199999999998909,SL Hit,2029.89,1,310.66999999999507,255.0,-2.009999999999991,4.039999999999964
2024-01-11 13:35:00,2024-01-11 23:10:00,Short,2029.9599999999998,2034.23,-12.810000000000628,SL Hit,2034.23,3,297.85999999999444,575.0,4.760000000000218,-16.56999999999971
2024-01-12 07:50:00,2024-01-12 17:15:00,Long,2045.475,2044.31,-4.6599999999998545,SL Hit,2044.31,4,293.1999999999946,565.0,-8.875,16.6550000000002
2024-01-14 23:00:00,2024-01-14 23:10:00,Long,2047.1,2047.02,-0.07999999999992724,SL Hit,2047.02,1,293.11999999999466,10.0,-0.599999999999909,1.180000000000291
2024-01-15 07:45:00,2024-01-15 08:05:00,Short,2054.35,2054.8299999999995,-0.47999999999956344,SL Hit,2054.8299999999995,1,292.6399999999951,20.0,1.4600000000000364,-0.9299999999998363
2024-01-15 10:20:00,2024-01-15 10:30:00,Short,2053.35,2053.4899999999993,-0.13999999999941792,SL Hit,2053.4899999999993,1,292.4999999999957,10.0,0.18000000000029104,-1.2300000000000182
2024-01-15 10:40:00,2024-01-15 13:15:00,Short,2052.52,2053.7,-2.3599999999996726,SL Hit,2053.7,2,290.139999999996,155.0,1.4099999999998545,-1.6199999999998909
2024-01-15 13:55:00,2024-01-15 14:05:00,Long,2053.66,2053.6400000000003,-0.019999999999527063,SL Hit,2053.6400000000003,1,290.1199999999965,10.0,-0.7300000000000182,0.5799999999999272
2024-01-15 15:10:00,2024-01-15 15:50:00,Short,2051.41,2053.49,-2.0799999999999272,SL Hit,2053.49,1,288.03999999999655,40.0,2.1600000000003092,-1.7399999999997817
2024-01-15 17:00:00,2024-01-15 17:05:00,Long,2054.05,2053.75,-0.3000000000001819,SL Hit,2053.75,1,287.73999999999637,5.0,-0.40000000000009095,0.13999999999987267
2024-01-15 17:15:00,2024-01-15 23:30:00,Long,2053.895,2053.55,-0.6899999999995998,SL Hit,2053.55,2,287.04999999999677,375.0,-1.4949999999998909,2.1550000000002
2024-01-16 00:30:00,2024-01-16 06:50:00,Short,2050.4300000000003,2049.85,2.320000000001528,SL Hit,2049.85,4,289.3699999999983,380.0,2.599999999999909,-3.050000000000182
2024-01-16 06:55:00,2024-01-16 07:10:00,Long,2049.85,2048.9500000000003,-0.8999999999996362,SL Hit,2048.9500000000003,1,288.46999999999866,15.0,-0.9200000000000728,0.9900000000002365
2024-01-16 11:25:00,2024-01-16 11:50:00,Short,2039.62,2040.12,-0.5,SL Hit,2040.12,1,287.96999999999866,25.0,0.5500000000001819,-1.1199999999998909
2024-01-17 01:05:00,2024-01-17 01:10:00,Long,2027.1,2027.1,0.0,SL Hit,2027.1,1,287.96999999999866,5.0,-0.37999999999988177,0.9100000000000819
2024-01-17 01:30:00,2024-01-17 02:35:00,Long,2028.94,2027.62,-1.3200000000001637,SL Hit,2027.62,1,286.6499999999985,65.0,-1.5399999999999636,3.4199999999998454
2024-01-17 03:50:00,2024-01-17 07:50:00,Short,2022.645,2025.67,-6.050000000000182,SL Hit,2025.67,2,280.5999999999983,240.0,3.4349999999999454,-5.345000000000027
2024-01-17 07:55:00,2024-01-17 13:20:00,Long,2025.4425,2023.71,-6.930000000000291,SL Hit,2023.71,4,273.669999999998,325.0,-6.292500000000018,3.3274999999998727
2024-01-17 17:50:00,2024-01-17 20:40:00,Short,2005.0433333333333,2006.76,-5.150000000000091,SL Hit,2006.76,3,268.51999999999794,170.0,2.946666666666715,-3.643333333333203
2024-01-18 03:10:00,2024-01-18 05:10:00,Long,2007.205,2006.44,-1.5299999999997453,SL Hit,2006.44,2,266.9899999999982,120.0,-1.7049999999999272,1.8949999999999818
2024-01-18 11:40:00,2024-01-18 11:50:00,Long,2012.2,2011.9999999999998,-0.20000000000027285,SL Hit,2011.9999999999998,1,266.7899999999979,10.0,-0.7599999999999909,1.259999999999991
2024-01-18 12:00:00,2024-01-18 13:20:00,Long,2013.35,2011.9300000000003,-1.419999999999618,SL Hit,2011.9300000000003,1,265.3699999999983,80.0,-1.849999999999909,3.6700000000000728
2024-01-18 13:35:00,2024-01-18 16:25:00,Short,2012.06,2016.7199999999998,-4.6599999999998545,SL Hit,2016.7199999999998,1,260.70999999999844,170.0,5.529999999999973,-3.5499999999999545
2024-01-18 16:30:00,2024-01-18 16:35:00,Long,2016.01,2015.3700000000001,-0.6399999999998727,SL Hit,2015.3700000000001,1,260.0699999999986,5.0,-0.8799999999998818,1.1200000000001182
2024-01-18 18:25:00,2024-01-18 19:20:00,Long,2017.7,2017.64,-0.05999999999994543,SL Hit,2017.64,1,260.0099999999986,55.0,-0.20000000000004547,3.1699999999998454
2024-01-19 03:35:00,2024-01-19 03:40:00,Short,2022.38,2022.6000000000004,-0.22000000000025466,SL Hit,2022.6000000000004,1,259.7899999999984,5.0,0.4699999999997999,-0.15000000000009095
2024-01-19 04:00:00,2024-01-19 07:20:00,Short,2022.77,2025.5099999999998,-2.7399999999997817,SL Hit,2025.5099999999998,1,257.0499999999986,200.0,2.9700000000000273,-3.1700000000000728
2024-01-19 08:55:00,2024-01-19 14:40:00,Long,2029.6599999999999,2027.65,-6.029999999999291,SL Hit,2027.65,3,251.0199999999993,345.0,-2.619999999999891,9.63000000000011
2024-01-19 14:55:00,2024-01-19 19:35:00,Short,2027.1366666666665,2029.12,-5.9500000000000455,SL Hit,2029.12,3,245.06999999999925,280.0,3.9633333333333667,-3.906666666666524
2024-01-19 21:40:00,2024-01-19 21:45:00,Long,2029.37,2028.9500000000003,-0.419999999999618,SL Hit,2028.9500000000003,1,244.64999999999964,5.0,-0.6699999999998454,0.2700000000002092
2024-01-19 21:55:00,2024-01-21 23:00:00,Long,2028.3,2028.3,0.0,SL Hit,2028.3,1,244.64999999999964,2945.0,-0.44000000000005457,3.6000000000001364
2024-01-21 23:10:00,2024-01-22 01:10:00,Short,2027.455,2031.9,-8.890000000000327,SL Hit,2031.9,2,235.7599999999993,120.0,4.4650000000001455,-1.9349999999999454
2024-01-22 03:45:00,2024-01-22 08:20:00,Short,2025.275,2024.21,2.130000000000109,SL Hit,2024.21,2,237.88999999999942,275.0,1.7449999999998909,-6.205000000000155
2024-01-22 08:25:00,2024-01-22 08:30:00,Long,2024.24,2023.82,-0.42000000000007276,SL Hit,2023.82,1,237.46999999999935,5.0,-1.6900000000000546,1.6299999999998818
2024-01-22 12:10:00,2024-01-22 13:30:00,Long,2025.51,2023.6899999999998,-1.8200000000001637,SL Hit,2023.6899999999998,1,235.64999999999918,80.0,-2.6700000000000728,4.460000000000036
2024-01-22 14:35:00,2024-01-22 15:10:00,Short,2022.0,2023.7800000000002,-1.7800000000002,SL Hit,2023.7800000000002,1,233.86999999999898,35.0,2.400000000000091,-4.539999999999964
2024-01-22 17:55:00,2024-01-23 00:10:00,Short,2021.493333333333,2021.7,-0.6200000000008004,SL Hit,2021.7,3,233.24999999999818,375.0,0.9266666666669607,-2.7933333333330665
2024-01-23 03:20:00,2024-01-23 08:40:00,Long,2028.13,2027.87,-0.7800000000006548,SL Hit,2027.87,3,232.46999999999753,320.0,-5.600000000000136,9.519999999999982
2024-01-23 14:45:00,2024-01-23 15:05:00,Short,2023.49,2025.6299999999999,-2.1399999999998727,SL Hit,2025.6299999999999,1,230.32999999999765,20.0,3.019999999999982,-1.6400000000001
2024-01-24 13:15:00,2024-01-24 13:20:00,Long,2034.09,2033.39,-0.6999999999998181,SL Hit,2033.39,1,229.62999999999784,5.0,-0.9499999999998181,1.3100000000001728
2024-01-24 13:25:00,2024-01-24 13:35:00,Long,2032.29,2032.29,0.0,SL Hit,2032.29,1,229.62999999999784,10.0,-0.5599999999999454,4.039999999999964
2024-01-24 19:45:00,2024-01-24 21:55:00,Short,2012.78,2014.4599999999998,-1.6799999999998363,SL Hit,2014.4599999999998,1,227.949999999998,130.0,1.7300000000000182,-1.0
2024-01-25 06:15:00,2024-01-25 06:30:00,Short,2014.98,2016.1,-1.1199999999998909,SL Hit,2016.1,1,226.8299999999981,15.0,1.2000000000000455,-0.8800000000001091
2024-01-25 07:20:00,2024-01-25 07:25:00,Long,2015.89,2015.2899999999997,-0.6000000000003638,SL Hit,2015.2899999999997,1,226.22999999999774,5.0,-0.9500000000000455,0.459999999999809
2024-01-25 08:40:00,2024-01-25 09:35:00,Short,2014.96,2015.6600000000003,-0.7000000000002728,SL Hit,2015.6600000000003,1,225.52999999999747,55.0,1.7699999999999818,-2.230000000000018
2024-01-25 10:00:00,2024-01-25 10:05:00,Long,2017.8,2017.5600000000002,-0.23999999999978172,SL Hit,2017.5600000000002,1,225.2899999999977,5.0,-0.3999999999998636,1.1800000000000637
2024-01-25 10:40:00,2024-01-25 11:30:00,Long,2017.51,2017.11,-0.40000000000009095,SL Hit,2017.11,1,224.8899999999976,50.0,-0.9300000000000637,1.900000000000091
2024-01-25 13:50:00,2024-01-26 03:50:00,Long,2019.597142857143,2020.9,9.120000000000346,SL Hit,2020.9,7,234.00999999999794,840.0,-6.987142857142999,5.242857142857019
2024-01-26 08:45:00,2024-01-26 08:50:00,Short,2020.72,2021.0800000000002,-0.36000000000012733,SL Hit,2021.0800000000002,1,233.64999999999782,5.0,0.849999999999909,-0.7200000000000273
2024-01-26 10:25:00,2024-01-26 12:30:00,Long,2022.08,2021.12,-0.9600000000000364,SL Hit,2021.12,1,232.68999999999778,125.0,-1.009999999999991,2.2100000000000364
2024-01-26 14:50:00,2024-01-26 14:55:00,Short,2019.76,2020.3799999999999,-0.6199999999998909,SL Hit,2020.3799999999999,1,232.0699999999979,5.0,1.009999999999991,-0.30999999999994543
2024-01-26 15:35:00,2024-01-26 20:20:00,Short,2017.755,2018.18,-0.849999999999909,SL Hit,2018.18,2,231.21999999999798,285.0,1.4049999999999727,-1.7550000000001091
2024-01-26 20:30:00,2024-01-26 21:35:00,Long,2018.15,2017.83,-0.3200000000001637,SL Hit,2017.83,1,230.89999999999782,65.0,-0.9500000000000455,1.0899999999999181
2024-01-30 05:35:00,2024-01-30 05:40:00,Long,2032.72,2032.72,0.0,SL Hit,2032.72,1,230.89999999999782,5.0,-0.7200000000000273,0.4900000000000091
2024-01-31 13:10:00,2024-01-31 13:20:00,Short,2037.77,2041.71,-3.9400000000000546,SL Hit,2041.71,1,226.95999999999776,10.0,1.1800000000000637,-1.9700000000000273
2024-01-31 13:20:00,2024-01-31 13:25:00,Long,2037.75,2037.75,0.0,SL Hit,2037.75,1,226.95999999999776,5.0,-0.20000000000004547,0.9800000000000182
2024-01-31 19:45:00,2024-02-01 15:40:00,Short,2040.0466666666664,2041.13,-3.250000000001137,SL Hit,2041.13,3,223.70999999999663,1195.0,11.593333333333476,-9.046666666666397
2024-02-02 03:35:00,2024-02-02 03:55:00,Short,2054.13,2054.55,-0.42000000000007276,SL Hit,2054.55,1,223.28999999999655,20.0,0.5299999999997453,-1.0300000000002
2024-02-02 05:35:00,2024-02-02 05:55:00,Long,2055.26,2055.26,0.0,SL Hit,2055.26,1,223.28999999999655,20.0,-0.6600000000003092,1.1599999999998545
2024-02-02 06:05:00,2024-02-02 06:20:00,Long,2055.76,2055.46,-0.3000000000001819,SL Hit,2055.46,1,222.98999999999637,15.0,-1.4400000000000546,0.7299999999995634
2024-02-02 07:30:00,2024-02-02 08:55:00,Long,2055.2250000000004,2054.0,-2.4500000000007276,SL Hit,2054.0,2,220.53999999999564,85.0,-1.3850000000002183,1.5049999999996544
2024-02-02 09:40:00,2024-02-02 09:45:00,Short,2054.02,2054.1,-0.07999999999992724,SL Hit,2054.1,1,220.45999999999572,5.0,0.36000000000012733,-0.07000000000016371
2024-02-02 09:50:00,2024-02-02 10:30:00,Short,2054.13,2055.51,-1.3800000000001091,SL Hit,2055.51,1,219.0799999999956,40.0,1.4299999999998363,-1.5300000000002
2024-02-02 12:10:00,2024-02-02 12:50:00,Long,2055.4,2053.6,-1.800000000000182,SL Hit,2053.6,1,217.27999999999543,40.0,-2.0,0.6999999999998181
2024-02-02 13:05:00,2024-02-02 13:20:00,Long,2054.74,2054.74,0.0,SL Hit,2054.74,1,217.27999999999543,15.0,-1.2399999999997817,2.680000000000291
2024-02-02 18:30:00,2024-02-05 00:20:00,Long,2037.6466666666665,2036.1,-4.639999999999873,SL Hit,2036.1,3,212.63999999999555,3230.0,-2.2066666666664787,4.753333333333558
2024-02-05 03:10:00,2024-02-05 17:00:00,Short,2027.1979999999999,2023.41,18.939999999998918,SL Hit,2023.41,5,231.57999999999447,830.0,6.662000000000035,-12.797999999999774
2024-02-05 17:40:00,2024-02-05 20:00:00,Long,2025.225,2025.28,0.11000000000012733,SL Hit,2025.28,2,231.6899999999946,140.0,-1.724999999999909,2.125
2024-02-05 21:20:00,2024-02-05 23:00:00,Short,2024.86,2025.2599999999995,-0.3999999999996362,SL Hit,2025.2599999999995,1,231.28999999999496,100.0,0.540000000000191,-1.5599999999999454
2024-02-06 00:55:00,2024-02-06 02:05:00,Long,2026.3,2026.1000000000001,-0.1999999999998181,SL Hit,2026.1000000000001,1,231.08999999999514,70.0,-0.4700000000000273,2.019999999999982
2024-02-06 03:35:00,2024-02-06 04:25:00,Short,2024.28,2024.9199999999998,-0.6399999999998727,SL Hit,2024.9199999999998,1,230.44999999999527,50.0,0.9300000000000637,-1.1800000000000637
2024-02-06 06:10:00,2024-02-06 06:20:00,Long,2027.96,2027.8400000000001,-0.11999999999989086,SL Hit,2027.8400000000001,1,230.32999999999538,10.0,-0.32999999999992724,0.36999999999989086
2024-02-06 07:10:00,2024-02-06 07:25:00,Long,2027.53,2027.47,-0.05999999999994543,SL Hit,2027.47,1,230.26999999999543,15.0,-0.2999999999999545,1.3199999999999363
2024-02-06 08:20:00,2024-02-06 11:30:00,Short,2024.845,2026.2,-2.7100000000000364,SL Hit,2026.2,2,227.5599999999954,190.0,1.7649999999998727,-2.2450000000001182
2024-02-06 12:10:00,2024-02-06 12:15:00,Long,2026.48,2025.8600000000001,-0.6199999999998909,SL Hit,2025.8600000000001,1,226.9399999999955,5.0,-1.6800000000000637,0.5899999999999181
2024-02-06 12:45:00,2024-02-07 00:45:00,Long,2033.0514285714287,2034.47,9.929999999999382,SL Hit,2034.47,7,236.8699999999949,720.0,-7.041428571428696,5.568571428571204
2024-02-07 00:50:00,2024-02-07 04:50:00,Short,2034.99,2035.3,-0.9299999999998363,SL Hit,2035.3,3,235.93999999999505,240.0,0.6600000000000819,-1.5899999999999181
2024-02-07 04:55:00,2024-02-07 05:35:00,Long,2035.1,2033.7000000000003,-1.3999999999996362,SL Hit,2033.7000000000003,1,234.53999999999542,40.0,-2.099999999999909,0.2800000000002001
2024-02-07 07:25:00,2024-02-07 08:10:00,Long,2034.1,2034.1,0.0,SL Hit,2034.1,1,234.53999999999542,45.0,-0.16999999999984539,1.8300000000001546
2024-02-07 11:30:00,2024-02-07 11:35:00,Long,2034.85,2034.85,0.0,SL Hit,2034.85,1,234.53999999999542,5.0,-0.14999999999986358,0.7699999999999818
2024-02-07 12:20:00,2024-02-07 13:35:00,Short,2032.2350000000001,2035.62,-6.769999999999527,SL Hit,2035.62,2,227.7699999999959,75.0,4.024999999999864,-1.665000000000191
2024-02-07 13:50:00,2024-02-07 14:30:00,Long,2034.33,2034.29,-0.03999999999996362,SL Hit,2034.29,1,227.72999999999593,40.0,-1.6599999999998545,3.3200000000001637
2024-02-07 14:40:00,2024-02-07 20:35:00,Long,2035.5475000000001,2034.09,-5.830000000000837,SL Hit,2034.09,4,221.8999999999951,355.0,-2.347500000000082,8.9224999999999
2024-02-08 02:40:00,2024-02-08 09:55:00,Short,2034.9433333333334,2034.93,0.03999999999996362,SL Hit,2034.93,3,221.93999999999505,435.0,1.9866666666666788,-5.853333333333467
2024-02-09 02:10:00,2024-02-09 03:45:00,Long,2033.4,2033.0,-0.40000000000009095,SL Hit,2033.0,1,221.53999999999496,95.0,-0.6000000000001364,1.490000000000009
2024-02-09 08:55:00,2024-02-09 09:35:00,Short,2032.42,2033.3000000000002,-0.8800000000001091,SL Hit,2033.3000000000002,1,220.65999999999485,40.0,1.0799999999999272,-1.5199999999999818
2024-02-09 11:55:00,2024-02-09 12:00:00,Short,2031.73,2031.83,-0.09999999999990905,SL Hit,2031.83,1,220.55999999999494,5.0,0.31999999999993634,-0.25
2024-02-09 12:25:00,2024-02-09 13:30:00,Short,2031.5,2032.7399999999998,-1.2399999999997817,SL Hit,2032.7399999999998,1,219.31999999999516,65.0,5.25,-5.809999999999945
2024-02-09 13:35:00,2024-02-09 20:15:00,Short,2026.8674999999998,2025.86,4.029999999999745,SL Hit,2025.86,4,223.3499999999949,400.0,5.012500000000273,-6.567499999999882
2024-02-12 01:20:00,2024-02-12 06:10:00,Short,2023.9333333333334,2024.03,-0.28999999999973625,SL Hit,2024.03,3,223.05999999999517,290.0,0.8666666666665606,-2.933333333333394
2024-02-12 06:15:00,2024-02-12 09:00:00,Long,2024.605,2023.04,-3.130000000000109,SL Hit,2023.04,2,219.92999999999506,165.0,-2.005000000000109,2.375
2024-02-12 09:05:00,2024-02-12 13:05:00,Short,2022.6299999999999,2022.45,0.5399999999995089,SL Hit,2022.45,3,220.46999999999457,240.0,1.2600000000002183,-3.3299999999999272
2024-02-13 06:00:00,2024-02-13 06:15:00,Long,2020.74,2020.6000000000001,-0.13999999999987267,SL Hit,2020.6000000000001,1,220.3299999999947,15.0,-0.44000000000005457,0.5299999999999727
2024-02-13 19:15:00,2024-02-14 02:05:00,Short,1992.2366666666667,1993.09,-2.559999999999718,SL Hit,1993.09,3,217.76999999999498,410.0,1.423333333333403,-3.836666666666588
2024-02-14 05:45:00,2024-02-14 06:10:00,Long,1992.1,1992.1,0.0,SL Hit,1992.1,1,217.76999999999498,25.0,-0.35999999999989996,1.1700000000000728
2024-02-14 07:20:00,2024-02-14 10:55:00,Short,1991.17,1992.81,-3.2799999999997453,SL Hit,1992.81,2,214.48999999999523,215.0,1.9199999999998454,-5.009999999999991
2024-02-14 11:05:00,2024-02-14 11:25:00,Long,1992.19,1991.21,-0.9800000000000182,SL Hit,1991.21,1,213.50999999999522,20.0,-0.9900000000000091,0.9600000000000364
2024-02-14 12:40:00,2024-02-14 13:10:00,Short,1990.61,1992.2299999999998,-1.6199999999998909,SL Hit,1992.2299999999998,1,211.88999999999533,30.0,2.0300000000002,-0.8099999999999454
2024-02-14 13:25:00,2024-02-14 16:30:00,Short,1989.8433333333332,1991.8,-5.870000000000118,SL Hit,1991.8,3,206.0199999999952,185.0,3.0066666666666606,-4.573333333333267
2024-02-14 16:45:00,2024-02-14 19:30:00,Long,1990.49,1989.8500000000001,-0.6399999999998727,SL Hit,1989.8500000000001,1,205.37999999999533,165.0,-0.7899999999999636,5.509999999999991
2024-02-14 22:00:00,2024-02-14 23:00:00,Short,1991.97,1992.8500000000001,-0.8800000000001091,SL Hit,1992.8500000000001,1,204.49999999999523,60.0,1.4700000000000273,-5.620000000000118
2024-02-15 03:30:00,2024-02-15 07:25:00,Short,1991.94,1993.46,-3.0399999999999636,SL Hit,1993.46,2,201.45999999999526,235.0,1.9199999999998454,-1.759999999999991
2024-02-15 07:45:00,2024-02-16 13:30:00,Long,2001.2737499999998,2002.64,10.93000000000211,SL Hit,2002.64,8,212.38999999999737,1785.0,-8.293749999999818,6.676250000000209
2024-02-18 23:10:00,2024-02-19 00:55:00,Short,2012.1,2018.5399999999995,-6.4399999999996,SL Hit,2018.5399999999995,1,205.94999999999777,105.0,7.600000000000136,-5.730000000000018
2024-02-19 08:45:00,2024-02-19 17:30:00,Short,2017.3733333333332,2017.56,-0.5600000000001728,SL Hit,2017.56,3,205.3899999999976,525.0,3.216666666666697,-4.0833333333332575
2024-02-19 23:05:00,2024-02-20 01:25:00,Short,2016.6750000000002,2018.1,-2.8499999999994543,SL Hit,2018.1,2,202.53999999999814,140.0,1.7449999999998909,-2.4750000000001364
2024-02-20 04:35:00,2024-02-20 05:30:00,Long,2018.86,2018.28,-0.5799999999999272,SL Hit,2018.28,1,201.95999999999822,55.0,-0.959999999999809,0.7700000000002092
2024-02-20 06:35:00,2024-02-20 14:45:00,Long,2023.2166666666665,2025.7,7.450000000000728,SL Hit,2025.7,3,209.40999999999894,490.0,-4.616666666666561,7.443333333333612
2024-02-20 17:55:00,2024-02-20 20:00:00,Long,2028.115,2024.7,-6.829999999999927,SL Hit,2024.7,2,202.57999999999902,125.0,-4.255000000000109,0.6949999999999363
2024-02-21 00:15:00,2024-02-21 00:20:00,Short,2022.99,2023.2700000000002,-0.2800000000002001,SL Hit,2023.2700000000002,1,202.29999999999882,5.0,0.42000000000007276,-0.14000000000010004
2024-02-21 13:05:00,2024-02-21 13:20:00,Long,2030.21,2030.21,0.0,SL Hit,2030.21,1,202.29999999999882,15.0,-1.509999999999991,1.0899999999999181
2024-02-21 17:05:00,2024-02-21 19:35:00,Short,2023.69,2026.0700000000002,-2.380000000000109,SL Hit,2026.0700000000002,1,199.9199999999987,150.0,2.4400000000000546,-3.2200000000000273
2024-02-21 21:25:00,2024-02-21 21:35:00,Short,2024.16,2024.64,-0.4800000000000182,SL Hit,2024.64,1,199.4399999999987,10.0,0.709999999999809,-0.2599999999999909
2024-02-22 03:55:00,2024-02-22 04:30:00,Short,2026.6,2027.58,-0.9800000000000182,SL Hit,2027.58,1,198.45999999999867,35.0,1.3200000000001637,-1.0199999999999818
2024-02-22 06:30:00,2024-02-22 06:35:00,Long,2029.73,2029.73,0.0,SL Hit,2029.73,1,198.45999999999867,5.0,-0.16000000000008185,0.5
2024-02-22 07:15:00,2024-02-22 07:25:00,Long,2029.94,2029.46,-0.4800000000000182,SL Hit,2029.46,1,197.97999999999865,10.0,-0.7400000000000091,0.5899999999999181
2024-02-22 11:00:00,2024-02-22 17:30:00,Short,2026.6550000000002,2024.38,9.100000000000364,SL Hit,2024.38,4,207.07999999999902,390.0,3.104999999999791,-6.885000000000218
2024-02-23 01:05:00,2024-02-23 05:35:00,Long,2025.61,2023.5,-6.3299999999997,SL Hit,2023.5,3,200.74999999999932,270.0,-2.259999999999991,1.6100000000001273
2024-02-23 08:50:00,2024-02-23 10:35:00,Short,2018.86,2019.9399999999998,-1.0799999999999272,SL Hit,2019.9399999999998,1,199.6699999999994,105.0,1.3400000000001455,-2.869999999999891
2024-02-23 11:05:00,2024-02-23 20:00:00,Long,2029.6966666666667,2036.39,20.080000000000155,SL Hit,2036.39,3,219.74999999999955,535.0,-8.196666666666715,11.463333333333367
2024-02-23 20:05:00,2024-02-26 05:50:00,Short,2034.185,2033.91,0.5499999999997272,SL Hit,2033.91,2,220.29999999999927,3465.0,2.9550000000001546,-4.384999999999991
2024-02-26 07:25:00,2024-02-26 07:40:00,Long,2034.12,2034.12,0.0,SL Hit,2034.12,1,220.29999999999927,15.0,-0.5099999999999909,0.9800000000000182
2024-02-27 04:40:00,2024-02-27 04:50:00,Long,2033.3,2033.3,0.0,SL Hit,2033.3,1,220.29999999999927,10.0,-0.599999999999909,0.9300000000000637
2024-02-27 07:20:00,2024-02-27 14:05:00,Long,2035.185,2034.6,-1.1700000000000728,SL Hit,2034.6,2,219.1299999999992,405.0,-0.875,4.105000000000018
2024-02-27 14:20:00,2024-02-27 18:15:00,Short,2034.3600000000001,2035.61,-2.4999999999995453,SL Hit,2035.61,2,216.62999999999965,235.0,2.0599999999999454,-4.5900000000001455
2024-02-27 20:00:00,2024-02-28 00:40:00,Short,2029.91,2030.69,-1.5599999999999454,SL Hit,2030.69,2,215.0699999999997,280.0,0.7899999999999636,-1.1300000000001091
2024-02-28 01:05:00,2024-02-28 03:15:00,Long,2030.59,2029.97,-0.6199999999998909,SL Hit,2029.97,1,214.44999999999982,130.0,-0.709999999999809,3.0700000000001637
2024-02-28 04:20:00,2024-02-28 06:05:00,Short,2030.165,2031.69,-3.050000000000182,SL Hit,2031.69,2,211.39999999999964,105.0,1.8050000000000637,-0.46499999999991815
2024-02-28 21:40:00,2024-02-29 05:25:00,Long,2035.0149999999999,2033.85,-2.3299999999999272,SL Hit,2033.85,2,209.0699999999997,465.0,-1.7149999999999181,1.9050000000002
2024-02-29 06:45:00,2024-02-29 07:00:00,Long,2036.61,2036.61,0.0,SL Hit,2036.61,1,209.0699999999997,15.0,-0.16999999999984539,0.37000000000011823
2024-02-29 09:30:00,2024-02-29 13:30:00,Short,2034.975,2037.42,-4.890000000000327,SL Hit,2037.42,2,204.17999999999938,240.0,3.8450000000000273,-6.814999999999827
2024-02-29 13:35:00,2024-02-29 17:30:00,Long,2041.5149999999999,2043.92,4.8100000000004,SL Hit,2043.92,2,208.98999999999978,235.0,-3.5149999999998727,8.9050000000002
2024-02-29 21:25:00,2024-03-01 01:30:00,Short,2043.4,2044.13,-1.4600000000000364,SL Hit,2044.13,2,207.52999999999975,245.0,0.7799999999999727,-1.1000000000001364
2024-03-01 01:55:00,2024-03-01 04:55:00,Long,2044.57,2044.8,0.4600000000000364,SL Hit,2044.8,2,207.98999999999978,180.0,-0.7300000000000182,2.160000000000082
2024-03-01 05:00:00,2024-03-01 06:05:00,Short,2045.51,2046.01,-0.5,SL Hit,2046.01,1,207.48999999999978,65.0,1.0799999999999272,-2.119999999999891
2024-03-01 07:00:00,2024-03-01 07:25:00,Long,2046.48,2046.44,-0.03999999999996362,SL Hit,2046.44,1,207.44999999999982,25.0,-0.5799999999999272,2.199999999999818
2024-03-04 01:10:00,2024-03-04 06:55:00,Short,2080.9266666666667,2083.35,-7.269999999999527,SL Hit,2083.35,3,200.1800000000003,345.0,2.7433333333333394,-1.5266666666666424
2024-03-04 11:40:00,2024-03-04 13:30:00,Short,2083.16,2084.8399999999992,-1.6799999999993815,SL Hit,2084.8399999999992,1,198.5000000000009,110.0,2.4700000000002547,-1.6799999999998363
2024-03-04 23:10:00,2024-03-05 01:05:00,Short,2114.365,2115.76,-2.790000000000873,SL Hit,2115.76,2,195.71000000000004,115.0,2.275000000000091,-1.4649999999996908
2024-03-05 01:20:00,2024-03-05 05:30:00,Short,2112.29,2116.64,-8.699999999999818,SL Hit,2116.64,2,187.01000000000022,250.0,4.860000000000127,-2.2899999999999636
2024-03-05 09:05:00,2024-03-05 12:15:00,Long,2121.785,2122.66,1.75,SL Hit,2122.66,2,188.76000000000022,190.0,-2.444999999999709,5.315000000000055
2024-03-05 12:25:00,2024-03-05 13:05:00,Short,2123.35,2126.4899999999993,-3.139999999999418,SL Hit,2126.4899999999993,1,185.6200000000008,40.0,3.6399999999998727,-1.9400000000000546
2024-03-05 13:15:00,2024-03-06 00:55:00,Long,2128.1580000000004,2126.1,-10.290000000002237,SL Hit,2126.1,5,175.32999999999856,700.0,-5.428000000000338,13.461999999999534
2024-03-06 05:10:00,2024-03-06 05:35:00,Long,2126.51,2126.49,-0.020000000000436557,SL Hit,2126.49,1,175.30999999999813,25.0,-0.7100000000000364,1.3599999999996726
2024-03-06 08:10:00,2024-03-06 08:25:00,Long,2127.9,2127.6600000000003,-0.23999999999978172,SL Hit,2127.6600000000003,1,175.06999999999834,15.0,-1.4200000000000728,1.0799999999999272
2024-03-06 08:45:00,2024-03-06 09:10:00,Short,2124.96,2126.12,-1.1599999999998545,SL Hit,2126.12,1,173.9099999999985,25.0,1.1799999999998363,-0.5799999999999272
2024-03-06 16:50:00,2024-03-06 19:05:00,Long,2145.995,2142.13,-7.729999999999563,SL Hit,2142.13,2,166.17999999999893,135.0,-4.694999999999709,6.075000000000273
2024-03-06 19:20:00,2024-03-06 19:45:00,Short,2141.74,2142.4799999999996,-0.7399999999997817,SL Hit,2142.4799999999996,1,165.43999999999915,25.0,1.2200000000002547,-1.6799999999998363
2024-03-07 11:25:00,2024-03-07 11:55:00,Short,2154.59,2156.290000000001,-1.7000000000007276,SL Hit,2156.290000000001,1,163.73999999999842,30.0,1.8699999999998909,-0.8500000000003638
2024-03-07 16:35:00,2024-03-08 01:40:00,Long,2158.2519999999995,2158.0,-1.2599999999974898,SL Hit,2158.0,5,162.48000000000093,545.0,-2.981999999999516,5.028000000000702
2024-03-08 01:45:00,2024-03-08 04:10:00,Short,2158.41,2158.49,-0.07999999999992724,SL Hit,2158.49,1,162.400000000001,145.0,0.30999999999994543,-4.379999999999654
2024-03-08 07:50:00,2024-03-08 13:00:00,Long,2164.365,2165.6,2.4700000000002547,SL Hit,2165.6,2,164.87000000000126,310.0,-3.474999999999909,6.1150000000002365
2024-03-08 13:05:00,2024-03-08 13:30:00,Short,2166.16,2167.54,-1.3800000000001091,SL Hit,2167.54,1,163.49000000000115,25.0,15.090000000000146,-6.299999999999727
2024-03-08 17:05:00,2024-03-08 18:10:00,Long,2189.03,2176.5900000000015,-12.43999999999869,SL Hit,2176.5900000000015,1,151.05000000000246,65.0,-12.450000000000273,5.859999999999673
2024-03-08 21:00:00,2024-03-08 21:35:00,Long,2177.03,2177.03,0.0,SL Hit,2177.03,1,151.05000000000246,35.0,-0.43000000000029104,0.9699999999997999
2024-03-11 07:55:00,2024-03-11 08:15:00,Long,2181.76,2180.58,-1.180000000000291,SL Hit,2180.58,1,149.87000000000216,20.0,-1.580000000000382,0.9799999999995634
2024-03-11 08:55:00,2024-03-11 09:45:00,Short,2177.61,2179.8300000000004,-2.2200000000002547,SL Hit,2179.8300000000004,1,147.6500000000019,50.0,3.199999999999818,-1.5100000000002183
2024-03-11 11:20:00,2024-03-11 11:30:00,Short,2176.93,2177.89,-0.9600000000000364,SL Hit,2177.89,1,146.69000000000187,10.0,1.180000000000291,-0.4800000000000182
2024-03-11 13:35:00,2024-03-11 17:50:00,Long,2180.8866666666668,2178.62,-6.800000000000637,SL Hit,2178.62,3,139.89000000000124,255.0,-4.5566666666668425,4.563333333333048
2024-03-12 02:20:00,2024-03-12 12:40:00,Short,2179.726666666667,2179.13,1.7900000000004184,SL Hit,2179.13,3,141.68000000000166,620.0,1.1933333333331575,-18.996666666666897
2024-03-13 17:00:00,2024-03-13 19:15:00,Long,2173.29,2173.29,0.0,SL Hit,2173.29,1,141.68000000000166,135.0,-0.01999999999998181,5.7400000000002365
2024-03-13 22:55:00,2024-03-14 01:35:00,Long,2174.995,2173.3,-3.389999999999418,SL Hit,2173.3,2,138.29000000000224,160.0,-1.8949999999999818,1.7449999999998909
2024-03-14 01:40:00,2024-03-14 09:30:00,Short,2172.183333333333,2169.94,6.729999999998654,SL Hit,2169.94,3,145.0200000000009,470.0,3.0866666666670426,-4.883333333332757
2024-03-14 11:55:00,2024-03-14 12:40:00,Short,2168.67,2169.25,-0.5799999999999272,SL Hit,2169.25,1,144.44000000000096,45.0,1.0299999999997453,-5.960000000000036
2024-03-14 12:45:00,2024-03-15 01:05:00,Short,2163.6925,2163.77,-0.3099999999994907,SL Hit,2163.77,4,144.13000000000147,740.0,5.567500000000109,-10.712500000000091
2024-03-15 11:15:00,2024-03-18 00:50:00,Short,2159.3033333333337,2156.63,16.040000000001783,SL Hit,2156.63,6,160.17000000000326,3695.0,8.47666666666646,-7.7033333333338305
2024-03-18 15:25:00,2024-03-18 15:35:00,Long,2160.28,2160.14,-0.14000000000032742,SL Hit,2160.14,1,160.03000000000293,10.0,-2.2800000000002,0.9099999999998545
2024-03-19 05:00:00,2024-03-19 11:45:00,Short,2156.5733333333333,2156.13,1.3299999999994725,SL Hit,2156.13,3,161.3600000000024,405.0,3.816666666666606,-9.453333333333376
2024-03-19 12:00:00,2024-03-19 12:20:00,Long,2155.68,2154.94,-0.7399999999997817,SL Hit,2154.94,1,160.62000000000262,20.0,-2.919999999999618,1.080000000000382
2024-03-19 13:55:00,2024-03-19 16:15:00,Short,2153.5150000000003,2155.38,-3.7299999999995634,SL Hit,2155.38,2,156.89000000000306,140.0,2.0849999999995816,-4.605000000000473
2024-03-19 16:20:00,2024-03-19 16:30:00,Long,2154.87,2154.4300000000003,-0.4399999999995998,SL Hit,2154.4300000000003,1,156.45000000000346,10.0,-1.6700000000000728,0.9700000000002547
2024-03-19 17:05:00,2024-03-19 17:15:00,Long,2155.06,2154.8799999999997,-0.18000000000029104,SL Hit,2154.8799999999997,1,156.27000000000317,10.0,-0.6100000000001273,1.5300000000002
2024-03-19 17:20:00,2024-03-20 00:10:00,Long,2156.9224999999997,2155.87,-4.209999999999127,SL Hit,2155.87,4,152.06000000000404,410.0,-3.2224999999998545,2.617500000000291
2024-03-20 00:20:00,2024-03-20 00:55:00,Short,2156.38,2157.26,-0.8800000000001091,SL Hit,2157.26,1,151.18000000000393,35.0,1.0199999999999818,-1.7800000000002
2024-03-20 03:55:00,2024-03-20 04:05:00,Long,2159.39,2158.8300000000004,-0.5599999999994907,SL Hit,2158.8300000000004,1,150.62000000000444,10.0,-0.8899999999998727,0.6900000000000546
2024-03-20 05:10:00,2024-03-20 05:25:00,Short,2157.43,2157.7899999999995,-0.3599999999996726,SL Hit,2157.7899999999995,1,150.26000000000477,15.0,0.3900000000003274,-0.8299999999999272
2024-03-20 05:35:00,2024-03-20 07:10:00,Short,2157.25,2158.18,-1.8599999999996726,SL Hit,2158.18,2,148.4000000000051,95.0,1.1300000000001091,-1.449999999999818
2024-03-20 07:15:00,2024-03-20 08:05:00,Long,2157.765,2155.8,-3.9299999999993815,SL Hit,2155.8,2,144.4700000000057,50.0,-2.1549999999997453,1.5150000000003274
2024-03-20 10:00:00,2024-03-20 13:10:00,Short,2153.215,2155.16,-3.889999999999418,SL Hit,2155.16,2,140.5800000000063,190.0,2.4849999999996726,-3.555000000000291
2024-03-20 13:50:00,2024-03-21 08:30:00,Long,2179.765,2201.76,87.98000000000138,SL Hit,2201.76,4,228.56000000000768,1120.0,-25.86499999999978,42.29500000000007
2024-03-21 08:40:00,2024-03-21 10:15:00,Short,2202.23,2211.73,-9.5,SL Hit,2211.73,1,219.06000000000768,95.0,8.329999999999927,-4.75
2024-03-21 10:15:00,2024-03-21 10:35:00,Long,2209.32,2209.32,0.0,SL Hit,2209.32,1,219.06000000000768,20.0,-0.580000000000382,2.25
2024-03-21 23:20:00,2024-03-22 00:15:00,Short,2181.23,2183.4900000000002,-2.2600000000002183,SL Hit,2183.4900000000002,1,216.80000000000746,55.0,2.269999999999982,-1.3299999999999272
2024-03-22 11:45:00,2024-03-22 11:50:00,Short,2165.4,2165.7400000000002,-0.3400000000001455,SL Hit,2165.7400000000002,1,216.4600000000073,5.0,0.7999999999997272,-1.0
2024-03-22 11:55:00,2024-03-22 12:00:00,Short,2166.17,2166.4700000000003,-0.3000000000001819,SL Hit,2166.4700000000003,1,216.16000000000713,5.0,1.949999999999818,-0.21000000000003638
2024-03-22 17:05:00,2024-03-22 19:45:00,Short,2163.44,2164.64,-2.399999999999636,SL Hit,2164.64,2,213.7600000000075,160.0,1.4600000000000364,-6.0900000000001455
2024-03-22 19:55:00,2024-03-25 00:25:00,Long,2165.6099999999997,2164.4,-2.4199999999991633,SL Hit,2164.4,2,211.34000000000833,3150.0,-2.169999999999618,9.600000000000364
2024-03-25 10:45:00,2024-03-25 17:15:00,Long,2175.11,2175.0,-0.330000000000382,SL Hit,2175.0,3,211.01000000000795,390.0,-7.210000000000036,5.900000000000091
2024-03-25 17:20:00,2024-03-26 00:30:00,Short,2173.8,2173.44,0.7200000000002547,SL Hit,2173.44,2,211.7300000000082,430.0,2.6299999999996544,-3.900000000000091
2024-03-26 04:10:00,2024-03-26 04:20:00,Short,2170.56,2171.0799999999995,-0.5199999999995271,SL Hit,2171.0799999999995,1,211.21000000000868,10.0,1.150000000000091,-0.2699999999999818
2024-03-26 05:05:00,2024-03-26 05:25:00,Long,2172.18,2171.5000000000005,-0.6799999999993815,SL Hit,2171.5000000000005,1,210.5300000000093,20.0,-0.7699999999999818,0.5900000000001455
2024-03-26 05:45:00,2024-03-26 06:40:00,Long,2171.77,2171.2900000000004,-0.47999999999956344,SL Hit,2171.2900000000004,1,210.05000000000973,55.0,-0.5700000000001637,2.2400000000002365
2024-03-26 20:25:00,2024-03-26 20:50:00,Short,2175.865,2178.02,-4.3100000000004,SL Hit,2178.02,2,205.74000000000933,25.0,2.4350000000004,-1.2149999999996908
2024-03-26 20:55:00,2024-03-26 22:00:00,Long,2177.63,2177.63,0.0,SL Hit,2177.63,1,205.74000000000933,65.0,-0.47000000000025466,0.9899999999997817
2024-03-27 03:20:00,2024-03-27 03:35:00,Long,2178.78,2178.78,0.0,SL Hit,2178.78,1,205.74000000000933,15.0,-0.11000000000012733,1.1899999999995998
2024-03-27 05:10:00,2024-03-27 07:10:00,Short,2176.925,2180.04,-6.229999999999563,SL Hit,2180.04,2,199.51000000000977,120.0,3.3049999999998363,-1.2250000000003638
2024-03-27 07:55:00,2024-03-27 08:25:00,Long,2179.85,2179.61,-0.23999999999978172,SL Hit,2179.61,1,199.27000000001,30.0,-0.44000000000005457,2.7400000000002365
2024-03-27 13:05:00,2024-03-27 13:10:00,Short,2184.45,2185.5099999999993,-1.0599999999994907,SL Hit,2185.5099999999993,1,198.2100000000105,5.0,1.580000000000382,-0.5299999999997453
2024-03-28 01:15:00,2024-03-28 01:20:00,Short,2188.19,2188.9100000000003,-0.7200000000002547,SL Hit,2188.9100000000003,1,197.49000000001024,5.0,1.349999999999909,-0.36000000000012733
2024-03-28 09:55:00,2024-03-28 12:35:00,Long,2203.3999999999996,2207.4,8.00000000000091,SL Hit,2207.4,2,205.49000000001115,160.0,-7.059999999999491,12.510000000000218
2024-03-28 12:40:00,2024-03-28 12:55:00,Short,2209.08,2212.62,-3.5399999999999636,SL Hit,2212.62,1,201.9500000000112,15.0,6.760000000000218,-3.0099999999997635
2024-03-28 13:35:00,2024-03-28 16:20:00,Short,2210.9300000000003,2216.62,-17.0699999999988,SL Hit,2216.62,3,184.8800000000124,165.0,6.7199999999998,-8.640000000000327
2024-03-31 23:35:00,2024-04-01 05:30:00,Long,2250.58,2257.9,14.640000000000327,SL Hit,2257.9,2,199.52000000001271,355.0,-8.730000000000018,14.789999999999964
2024-04-01 08:20:00,2024-04-01 12:35:00,Short,2252.38,2250.7,3.360000000000582,SL Hit,2250.7,2,202.8800000000133,255.0,7.1599999999998545,-8.340000000000146
2024-04-01 12:50:00,2024-04-01 13:45:00,Long,2251.6549999999997,2244.04,-15.229999999999563,SL Hit,2244.04,2,187.65000000001373,55.0,-9.21499999999969,6.055000000000291
2024-04-01 14:00:00,2024-04-01 19:55:00,Short,2238.3233333333333,2243.07,-14.240000000000691,SL Hit,2243.07,3,173.41000000001304,355.0,5.796666666666624,-9.753333333333103
2024-04-02 12:25:00,2024-04-02 13:15:00,Short,2257.04,2258.92,-1.8800000000001091,SL Hit,2258.92,1,171.53000000001293,50.0,2.0900000000001455,-3.4600000000000364
2024-04-02 20:05:00,2024-04-02 20:15:00,Long,2275.9,2275.9,0.0,SL Hit,2275.9,1,171.53000000001293,10.0,-0.7000000000002728,0.9899999999997817
2024-04-02 20:25:00,2024-04-03 01:10:00,Long,2281.04,2278.01,-6.059999999999491,SL Hit,2278.01,2,165.47000000001344,285.0,-4.4099999999998545,6.619999999999891
2024-04-03 11:30:00,2024-04-03 11:55:00,Short,2270.91,2273.169999999999,-2.259999999999309,SL Hit,2273.169999999999,1,163.21000000001413,25.0,3.1900000000000546,-1.1799999999998363
2024-04-03 12:55:00,2024-04-04 05:50:00,Long,2288.772857142857,2296.9,56.89000000000169,SL Hit,2296.9,7,220.10000000001583,1015.0,-16.412857142856865,14.21714285714279
2024-04-04 07:40:00,2024-04-04 14:25:00,Short,2293.0766666666664,2295.12,-6.130000000000564,SL Hit,2295.12,3,213.97000000001526,405.0,4.693333333333612,-10.006666666666206
2024-04-04 18:25:00,2024-04-04 19:00:00,Long,2297.64,2297.0400000000004,-0.5999999999994543,SL Hit,2297.0400000000004,1,213.3700000000158,35.0,-4.849999999999909,7.390000000000327
2024-04-04 19:45:00,2024-04-04 22:20:00,Short,2286.32,2292.82,-6.5,SL Hit,2292.82,1,206.8700000000158,155.0,6.679999999999836,-5.3400000000001455
2024-04-05 00:15:00,2024-04-05 04:30:00,Short,2283.175,2279.25,7.850000000000364,SL Hit,2279.25,2,214.72000000001617,255.0,5.674999999999727,-15.195000000000164
2024-04-05 04:35:00,2024-04-05 04:55:00,Long,2278.73,2276.8700000000003,-1.8599999999996726,SL Hit,2276.8700000000003,1,212.8600000000165,20.0,-2.5300000000002,0.8600000000001273
2024-04-05 05:35:00,2024-04-05 12:30:00,Long,2283.535,2284.8,5.06000000000131,SL Hit,2284.8,4,217.9200000000178,415.0,-6.824999999999818,11.745000000000346
2024-04-05 13:25:00,2024-04-05 13:30:00,Long,2293.74,2292.92,-0.819999999999709,SL Hit,2292.92,1,217.1000000000181,5.0,-0.9299999999998363,2.4900000000002365
2024-04-05 13:35:00,2024-04-05 19:00:00,Long,2310.45,2323.5,26.100000000000364,SL Hit,2323.5,2,243.20000000001846,325.0,-17.039999999999964,19.68000000000029
2024-04-05 19:05:00,2024-04-05 20:20:00,Short,2323.46,2324.8199999999997,-1.3599999999996726,SL Hit,2324.8199999999997,1,241.8400000000188,75.0,1.6399999999998727,-2.9600000000000364
2024-04-05 20:55:00,2024-04-07 22:00:00,Long,2327.55,2327.55,0.0,SL Hit,2327.55,1,241.8400000000188,2945.0,-7.2400000000002365,2.1399999999998727
2024-04-07 22:05:00,2024-04-08 02:15:00,Short,2317.885,2329.69,-23.609999999999673,SL Hit,2329.69,2,218.23000000001912,250.0,14.504999999999654,-14.415000000000418
2024-04-08 02:20:00,2024-04-08 12:00:00,Long,2333.896666666666,2333.65,-0.7399999999979627,SL Hit,2333.65,3,217.49000000002115,580.0,-7.486666666666224,16.38333333333412
2024-04-08 22:20:00,2024-04-08 22:30:00,Short,2337.67,2337.7700000000004,-0.1000000000003638,SL Hit,2337.7700000000004,1,217.3900000000208,10.0,0.4800000000000182,-0.8699999999998909
2024-04-08 23:15:00,2024-04-09 06:25:00,Long,2341.9500000000003,2342.7,2.999999999998181,SL Hit,2342.7,4,220.39000000001897,430.0,-4.550000000000182,5.949999999999818
2024-04-09 15:10:00,2024-04-09 18:55:00,Short,2348.5766666666673,2349.62,-3.1299999999978354,SL Hit,2349.62,3,217.26000000002114,225.0,1.7633333333328665,-10.146666666667443
2024-04-10 01:00:00,2024-04-10 04:20:00,Short,2351.885,2354.01,-4.25,SL Hit,2354.01,2,213.01000000002114,200.0,2.1649999999999636,-6.985000000000127
2024-04-10 04:30:00,2024-04-10 04:40:00,Long,2354.07,2354.07,0.0,SL Hit,2354.07,1,213.01000000002114,10.0,-0.2699999999999818,1.4299999999998363
2024-04-10 12:50:00,2024-04-10 14:20:00,Short,2335.0249999999996,2350.08,-30.110000000000582,SL Hit,2350.08,2,182.90000000002055,90.0,16.63500000000022,-15.154999999999745
2024-04-10 14:30:00,2024-04-10 15:00:00,Long,2346.69,2341.27,-5.420000000000073,SL Hit,2341.27,1,177.48000000002048,30.0,-6.5300000000002,5.0900000000001455
2024-04-11 12:45:00,2024-04-11 13:00:00,Long,2339.91,2339.59,-0.31999999999970896,SL Hit,2339.59,1,177.16000000002077,15.0,-0.8899999999998727,2.6100000000001273
2024-04-11 13:10:00,2024-04-11 14:15:00,Long,2339.93,2339.7900000000004,-0.13999999999941792,SL Hit,2339.7900000000004,1,177.02000000002135,65.0,-3.3299999999999272,7.070000000000164
2024-04-12 07:35:00,2024-04-12 11:15:00,Long,2395.9700000000003,2393.7,-4.540000000000873,SL Hit,2393.7,2,172.48000000002048,220.0,-3.5300000000002,4.239999999999782
2024-04-12 11:20:00,2024-04-12 13:40:00,Short,2393.885,2400.14,-12.509999999999309,SL Hit,2400.14,2,159.97000000002117,140.0,8.49499999999989,-3.375
2024-04-12 15:50:00,2024-04-14 22:00:00,Short,2367.12,2345.21,43.81999999999971,SL Hit,2345.21,2,203.79000000002088,3250.0,28.0,-32.529999999999745
2024-04-15 07:50:00,2024-04-15 10:55:00,Short,2352.44,2355.78,-3.3400000000001455,SL Hit,2355.78,1,200.45000000002074,185.0,4.4699999999998,-7.200000000000273
2024-04-15 18:45:00,2024-04-16 01:15:00,Long,2381.306666666667,2380.0,-3.9200000000005275,SL Hit,2380.0,3,196.5300000000202,390.0,-11.53666666666686,10.553333333333285
2024-04-16 03:00:00,2024-04-16 04:35:00,Long,2385.8,2384.3599999999997,-1.4400000000005093,SL Hit,2384.3599999999997,1,195.0900000000197,95.0,-1.800000000000182,3.2100000000000364
2024-04-16 12:40:00,2024-04-16 13:05:00,Long,2374.11,2371.15,-2.9600000000000364,SL Hit,2371.15,1,192.13000000001966,25.0,-3.019999999999982,3.699999999999818
2024-04-16 14:05:00,2024-04-16 14:50:00,Short,2370.77,2379.06,-16.579999999999927,SL Hit,2379.06,2,175.55000000001974,45.0,11.940000000000055,-6.0099999999997635
2024-04-17 03:35:00,2024-04-17 07:50:00,Short,2381.805,2382.97,-2.3299999999999272,SL Hit,2382.97,2,173.2200000000198,255.0,1.1849999999999454,-8.984999999999673
2024-04-17 07:55:00,2024-04-17 12:10:00,Long,2385.73,2385.33,-0.8000000000001819,SL Hit,2385.33,2,172.42000000001963,255.0,-3.4400000000000546,8.239999999999782
2024-04-17 13:35:00,2024-04-17 14:00:00,Long,2389.38,2389.38,0.0,SL Hit,2389.38,1,172.42000000001963,25.0,-1.1900000000000546,4.9699999999998
2024-04-17 14:55:00,2024-04-17 15:15:00,Long,2391.385,2386.44,-9.890000000000327,SL Hit,2386.44,2,162.5300000000193,20.0,-7.275000000000091,1.794999999999618
2024-04-17 15:40:00,2024-04-17 23:50:00,Short,2374.76,2367.32,22.320000000000164,SL Hit,2367.32,3,184.85000000001946,490.0,12.679999999999836,-16.25
2024-04-18 00:15:00,2024-04-18 01:30:00,Long,2366.98,2364.6200000000003,-2.3599999999996726,SL Hit,2364.6200000000003,1,182.4900000000198,75.0,-2.5399999999999636,4.519999999999982
2024-04-18 01:50:00,2024-04-18 13:35:00,Long,2376.0016666666666,2379.09,18.530000000001564,SL Hit,2379.09,6,201.02000000002135,705.0,-9.871666666666442,16.228333333333467
2024-04-18 13:40:00,2024-04-18 14:10:00,Short,2378.95,2384.5699999999997,-5.619999999999891,SL Hit,2384.5699999999997,1,195.40000000002146,30.0,5.8100000000004,-2.8099999999999454
2024-04-18 14:25:00,2024-04-18 16:30:00,Short,2379.74,2385.459999999999,-5.719999999999345,SL Hit,2385.459999999999,1,189.68000000002212,125.0,6.730000000000018,-10.069999999999709
2024-04-19 01:05:00,2024-04-19 04:40:00,Long,2385.763333333333,2384.1,-4.989999999998872,SL Hit,2384.1,3,184.69000000002325,215.0,-5.8633333333327755,31.456666666666933
2024-04-19 12:40:00,2024-04-19 12:50:00,Long,2381.88,2381.62,-0.2600000000002183,SL Hit,2381.62,1,184.43000000002303,10.0,-1.0799999999999272,2.1799999999998363
2024-04-19 12:55:00,2024-04-19 13:05:00,Long,2380.99,2379.79,-1.199999999999818,SL Hit,2379.79,1,183.2300000000232,10.0,-2.769999999999982,1.3600000000001273
2024-04-19 13:50:00,2024-04-19 13:55:00,Long,2380.14,2380.14,0.0,SL Hit,2380.14,1,183.2300000000232,5.0,-1.6299999999996544,2.4100000000003092
2024-04-19 16:50:00,2024-04-19 17:40:00,Long,2395.08,2395.08,0.0,SL Hit,2395.08,1,183.2300000000232,50.0,-0.27999999999974534,6.5300000000002
2024-04-22 23:35:00,2024-04-23 01:25:00,Long,2332.2650000000003,2330.2,-4.130000000001019,SL Hit,2330.2,2,179.1000000000222,110.0,-2.555000000000291,1.8449999999998
2024-04-23 01:30:00,2024-04-23 12:05:00,Short,2308.524,2305.24,16.420000000000528,SL Hit,2305.24,5,195.52000000002272,635.0,20.856000000000222,-16.713999999999942
2024-04-23 12:15:00,2024-04-23 18:30:00,Long,2318.0633333333335,2325.21,21.4399999999996,SL Hit,2325.21,3,216.96000000002232,375.0,-13.113333333333685,13.656666666666297
2024-04-23 18:35:00,2024-04-23 18:45:00,Short,2325.32,2325.8400000000006,-0.5200000000004366,SL Hit,2325.8400000000006,1,216.44000000002188,10.0,1.0899999999996908,-0.3900000000003274
2024-04-23 18:50:00,2024-04-24 03:15:00,Short,2323.36,2324.14,-2.339999999999236,SL Hit,2324.14,3,214.10000000002265,505.0,1.4899999999997817,-8.460000000000036
2024-04-24 03:20:00,2024-04-24 07:05:00,Long,2326.005,2323.9,-4.210000000000036,SL Hit,2323.9,2,209.8900000000226,225.0,-3.1950000000001637,5.025000000000091
2024-04-24 12:40:00,2024-04-24 18:30:00,Long,2326.22,2320.8,-21.679999999998472,SL Hit,2320.8,4,188.21000000002414,350.0,-9.239999999999782,10.41000000000031
2024-04-24 20:00:00,2024-04-25 00:30:00,Short,2318.2499999999995,2318.26,-0.030000000002019078,SL Hit,2318.26,3,188.18000000002212,270.0,0.9700000000002547,-4.649999999999636
2024-04-25 00:55:00,2024-04-25 03:10:00,Long,2318.62,2315.7799999999997,-2.8400000000001455,SL Hit,2315.7799999999997,1,185.34000000002197,135.0,-9.609999999999673,3.300000000000182
2024-04-25 06:55:00,2024-04-25 07:00:00,Long,2321.7,2321.2,-0.5,SL Hit,2321.2,1,184.84000000002197,5.0,-0.849999999999909,1.7100000000000364
2024-04-25 11:00:00,2024-04-25 11:05:00,Long,2327.82,2327.5799999999995,-0.24000000000069122,SL Hit,2327.5799999999995,1,184.60000000002128,5.0,-0.3000000000001819,1.2399999999997817
2024-04-25 11:30:00,2024-04-25 12:10:00,Long,2326.85,2326.85,0.0,SL Hit,2326.85,1,184.60000000002128,40.0,-0.07999999999992724,3.5599999999999454
2024-04-25 23:25:00,2024-04-26 01:50:00,Short,2331.46,2332.24,-0.7799999999997453,SL Hit,2332.24,1,183.82000000002154,145.0,1.4400000000000546,-5.039999999999964
2024-04-26 05:55:00,2024-04-26 11:30:00,Long,2341.07,2345.98,14.729999999999563,SL Hit,2345.98,3,198.5500000000211,335.0,-4.600000000000364,10.859999999999673
2024-04-26 11:35:00,2024-04-26 12:30:00,Short,2346.11,2347.4100000000003,-1.300000000000182,SL Hit,2347.4100000000003,1,197.25000000002092,55.0,2.4299999999998363,-4.0
2024-04-26 12:40:00,2024-04-26 17:45:00,Short,2342.21,2338.62,10.770000000000437,SL Hit,2338.62,3,208.02000000002135,305.0,8.199999999999818,-13.38000000000011
2024-04-26 19:05:00,2024-04-26 19:20:00,Long,2339.11,2337.0899999999997,-2.0200000000004366,SL Hit,2337.0899999999997,1,206.00000000002092,15.0,-2.7600000000002183,0.4800000000000182
2024-04-29 04:30:00,2024-04-29 05:50:00,Long,2331.28,2329.4999999999995,-1.7800000000006548,SL Hit,2329.4999999999995,1,204.22000000002026,80.0,-1.8500000000003638,5.029999999999745
2024-04-29 23:50:00,2024-04-30 01:30:00,Short,2333.35,2335.4499999999994,-2.0999999999994543,SL Hit,2335.4499999999994,1,202.1200000000208,100.0,2.1100000000001273,-1.6399999999998727
2024-04-30 12:20:00,2024-05-01 06:15:00,Short,2294.1666666666665,2288.4,34.599999999998545,SL Hit,2288.4,6,236.72000000001935,1075.0,18.79333333333352,-10.32666666666637
2024-05-01 07:45:00,2024-05-01 07:55:00,Short,2284.5,2286.0,-1.5,SL Hit,2286.0,1,235.22000000001935,10.0,1.5399999999999636,-1.099999999999909
2024-05-01 09:40:00,2024-05-01 17:20:00,Long,2302.0025,2302.05,0.19000000000050932,SL Hit,2302.05,4,235.41000000001986,460.0,-13.302500000000236,8.247499999999945
2024-05-02 05:10:00,2024-05-02 06:35:00,Short,2316.32,2318.520000000001,-2.2000000000007276,SL Hit,2318.520000000001,1,233.21000000001914,85.0,2.4600000000000364,-3.8200000000001637
2024-05-02 07:10:00,2024-05-02 12:25:00,Short,2307.2400000000002,2302.6,13.920000000000982,SL Hit,2302.6,3,247.13000000002012,315.0,5.389999999999873,-11.790000000000418
2024-05-02 12:35:00,2024-05-02 12:55:00,Long,2299.35,2298.7500000000005,-0.5999999999994543,SL Hit,2298.7500000000005,1,246.53000000002066,20.0,-5.610000000000127,4.730000000000018
2024-05-02 15:05:00,2024-05-02 15:10:00,Long,2304.53,2303.27,-1.2600000000002183,SL Hit,2303.27,1,245.27000000002045,5.0,-2.6600000000003092,2.1799999999998363
2024-05-03 04:45:00,2024-05-03 06:15:00,Long,2305.9,2303.4999999999995,-2.4000000000005457,SL Hit,2303.4999999999995,1,242.8700000000199,90.0,-4.099999999999909,2.6599999999998545
2024-05-03 09:50:00,2024-05-03 10:50:00,Long,2300.5299999999997,2298.3,-4.459999999999127,SL Hit,2298.3,2,238.41000000002077,60.0,-2.4899999999997817,1.1700000000000728
2024-05-03 11:00:00,2024-05-03 12:30:00,Short,2299.17,2300.29,-1.1199999999998909,SL Hit,2300.29,1,237.29000000002088,90.0,20.34999999999991,-4.5300000000002
2024-05-03 16:45:00,2024-05-03 17:10:00,Long,2296.87,2296.8500000000004,-0.019999999999527063,SL Hit,2296.8500000000004,1,237.27000000002135,25.0,-1.4699999999998,3.0799999999999272
2024-05-07 01:05:00,2024-05-07 01:25:00,Long,2327.9,2325.2400000000002,-2.6599999999998545,SL Hit,2325.2400000000002,1,234.6100000000215,20.0,-3.300000000000182,1.819999999999709
2024-05-07 16:55:00,2024-05-07 17:25:00,Short,2313.14,2314.5399999999995,-1.3999999999996362,SL Hit,2314.5399999999995,1,233.21000000002186,30.0,2.9200000000000728,-2.099999999999909
2024-05-08 04:15:00,2024-05-08 04:25:00,Long,2318.36,2317.8799999999997,-0.48000000000047294,SL Hit,2317.8799999999997,1,232.7300000000214,10.0,-0.5700000000001637,0.599999999999909
2024-05-08 04:40:00,2024-05-08 06:05:00,Long,2317.82,2317.14,-0.680000000000291,SL Hit,2317.14,1,232.0500000000211,85.0,-1.7200000000002547,3.4899999999997817
2024-05-08 13:15:00,2024-05-08 15:30:00,Short,2313.7,2326.66,-12.960000000000036,SL Hit,2326.66,1,219.09000000002106,135.0,4.730000000000018,-6.480000000000018
2024-05-08 15:30:00,2024-05-08 15:45:00,Long,2316.86,2316.86,0.0,SL Hit,2316.86,1,219.09000000002106,15.0,-0.01999999999998181,3.0299999999997453
2024-05-09 01:30:00,2024-05-09 01:50:00,Long,2310.1,2310.1,0.0,SL Hit,2310.1,1,219.09000000002106,20.0,-0.03999999999996362,1.9700000000002547
2024-05-09 03:30:00,2024-05-09 03:50:00,Long,2311.59,2311.59,0.0,SL Hit,2311.59,1,219.09000000002106,20.0,-0.3900000000003274,1.2799999999997453
2024-05-09 11:35:00,2024-05-12 23:35:00,Long,2340.425,2359.54,152.91999999999825,SL Hit,2359.54,8,372.0100000000193,5040.0,-28.25500000000011,37.38499999999976
2024-05-13 00:30:00,2024-05-13 01:15:00,Long,2362.78,2359.0,-7.5600000000004,SL Hit,2359.0,2,364.4500000000189,45.0,-4.210000000000036,1.599999999999909
2024-05-13 01:20:00,2024-05-13 19:40:00,Short,2350.1983333333333,2337.87,73.97000000000025,SL Hit,2337.87,6,438.4200000000192,1100.0,9.471666666666806,-17.428333333333285
2024-05-13 19:50:00,2024-05-13 20:15:00,Long,2337.6499999999996,2335.8,-3.6999999999989086,SL Hit,2335.8,2,434.72000000002026,25.0,-1.8499999999994543,0.4600000000004911
2024-05-14 00:10:00,2024-05-14 00:25:00,Long,2337.77,2337.77,0.0,SL Hit,2337.77,1,434.72000000002026,15.0,-0.4699999999997999,1.699999999999818
2024-05-14 11:35:00,2024-05-14 12:10:00,Short,2344.09,2345.6900000000005,-1.6000000000003638,SL Hit,2345.6900000000005,1,433.1200000000199,35.0,2.6299999999996544,-1.0399999999999636
2024-05-14 13:05:00,2024-05-14 23:50:00,Long,2351.7174999999997,2355.17,13.81000000000131,SL Hit,2355.17,4,446.9300000000212,645.0,-6.427499999999782,7.732500000000073
2024-05-15 03:00:00,2024-05-15 04:50:00,Long,2358.15,2355.85,-2.300000000000182,SL Hit,2355.85,1,444.630000000021,110.0,-2.349999999999909,2.6799999999998363
2024-05-15 16:50:00,2024-05-15 16:55:00,Long,2384.73,2382.89,-1.8400000000001455,SL Hit,2382.89,1,442.7900000000209,5.0,-1.900000000000091,1.5700000000001637
2024-05-15 17:00:00,2024-05-16 06:35:00,Long,2387.4440000000004,2387.01,-2.1700000000009823,SL Hit,2387.01,5,440.6200000000199,815.0,-5.044000000000324,9.625999999999749
2024-05-16 06:40:00,2024-05-16 06:45:00,Short,2387.42,2387.9400000000005,-0.5200000000004366,SL Hit,2387.9400000000005,1,440.10000000001946,5.0,0.9299999999998363,-0.32999999999992724
2024-05-16 07:05:00,2024-05-16 07:20:00,Short,2387.73,2389.5899999999997,-1.8599999999996726,SL Hit,2389.5899999999997,1,438.2400000000198,15.0,2.25,-2.4600000000000364
2024-05-16 09:05:00,2024-05-17 02:25:00,Short,2382.1620000000003,2379.36,14.010000000000673,SL Hit,2379.36,5,452.25000000002046,1040.0,5.427999999999884,-11.122000000000298
2024-05-17 05:40:00,2024-05-20 06:35:00,Long,2412.724444444445,2435.02,200.65999999999485,SL Hit,2435.02,9,652.9100000000153,4375.0,-33.32444444444491,37.20555555555484
2024-05-20 17:00:00,2024-05-20 20:05:00,Long,2426.31,2425.3700000000003,-0.9399999999995998,SL Hit,2425.3700000000003,1,651.9700000000157,185.0,-1.5,10.800000000000182
2024-05-21 01:10:00,2024-05-21 01:55:00,Long,2428.36,2424.2,-8.320000000000618,SL Hit,2424.2,2,643.6500000000151,45.0,-8.260000000000218,3.5899999999996908
2024-05-21 11:40:00,2024-05-21 15:50:00,Long,2423.005,2421.65,-2.7100000000000364,SL Hit,2421.65,2,640.9400000000151,250.0,-3.5150000000003274,10.474999999999909
2024-05-21 16:00:00,2024-05-21 19:15:00,Short,2421.1000000000004,2423.64,-5.079999999999018,SL Hit,2423.64,2,635.860000000016,195.0,3.3099999999994907,-3.4400000000005093
2024-05-22 00:15:00,2024-05-22 00:35:00,Long,2421.81,2421.81,0.0,SL Hit,2421.81,1,635.860000000016,20.0,-1.8099999999999454,1.0700000000001637
2024-05-22 11:00:00,2024-05-23 13:20:00,Short,2389.4550000000004,2369.04,122.49000000000251,SL Hit,2369.04,6,758.3500000000186,1580.0,25.58499999999958,-34.4650000000006
2024-05-23 13:30:00,2024-05-23 13:45:00,Long,2362.43,2361.89,-0.5399999999999636,SL Hit,2361.89,1,757.8100000000186,15.0,-6.649999999999636,6.300000000000182
2024-05-23 14:05:00,2024-05-23 23:35:00,Short,2345.1725000000006,2331.99,52.7300000000032,SL Hit,2331.99,4,810.5400000000218,570.0,13.257499999999254,-17.842500000000655
2024-05-23 23:40:00,2024-05-24 00:10:00,Long,2331.98,2330.6200000000003,-1.3599999999996726,SL Hit,2330.6200000000003,1,809.1800000000221,30.0,-1.4099999999998545,1.3099999999999454
2024-05-24 01:40:00,2024-05-24 02:25:00,Long,2332.945,2326.73,-12.430000000000291,SL Hit,2326.73,2,796.7500000000218,45.0,-6.275000000000091,2.024999999999636
2024-05-24 07:20:00,2024-05-24 07:30:00,Long,2337.9,2337.9,0.0,SL Hit,2337.9,1,796.7500000000218,10.0,-0.7300000000000182,1.6199999999998909
2024-05-24 09:00:00,2024-05-24 09:05:00,Long,2340.07,2340.07,0.0,SL Hit,2340.07,1,796.7500000000218,5.0,-0.7400000000002365,1.2699999999999818
2024-05-24 10:35:00,2024-05-24 10:45:00,Long,2340.37,2339.95,-0.42000000000007276,SL Hit,2339.95,1,796.3300000000218,10.0,-1.6099999999996726,1.400000000000091
2024-05-24 13:15:00,2024-05-24 13:55:00,Long,2341.975,2336.73,-10.489999999999782,SL Hit,2336.73,2,785.840000000022,40.0,-5.875,5.105000000000018
2024-05-24 17:50:00,2024-05-26 22:00:00,Short,2333.353333333333,2334.96,-4.820000000001073,SL Hit,2334.96,3,781.0200000000209,3130.0,3.2366666666671335,-2.05333333333283
2024-05-26 22:20:00,2024-05-27 07:00:00,Long,2338.705,2340.6,7.579999999999927,SL Hit,2340.6,4,788.6000000000208,520.0,-5.105000000000018,8.555000000000291
2024-05-27 07:10:00,2024-05-27 08:15:00,Short,2340.71,2341.4700000000003,-0.7600000000002183,SL Hit,2341.4700000000003,1,787.8400000000206,65.0,2.3899999999998727,-2.9099999999998545
2024-05-27 13:05:00,2024-05-27 18:15:00,Long,2351.133333333333,2352.29,3.4700000000002547,SL Hit,2352.29,3,791.3100000000209,310.0,-6.423333333333176,7.116666666666788
2024-05-28 01:20:00,2024-05-28 01:30:00,Short,2351.21,2352.75,-1.5399999999999636,SL Hit,2352.75,1,789.7700000000209,10.0,2.2199999999998,-0.7699999999999818
2024-05-28 10:20:00,2024-05-28 18:25:00,Long,2351.46,2353.72,6.779999999999291,SL Hit,2353.72,3,796.5500000000202,485.0,-8.059999999999945,11.949999999999818
2024-05-28 18:30:00,2024-05-28 18:45:00,Short,2353.65,2354.8700000000003,-1.2200000000002547,SL Hit,2354.8700000000003,1,795.3300000000199,15.0,1.4699999999998,-0.8099999999999454
2024-05-29 00:50:00,2024-05-29 05:35:00,Short,2357.4666666666667,2360.76,-9.880000000000564,SL Hit,2360.76,3,785.4500000000194,285.0,3.503333333333103,-3.2266666666669153
2024-05-29 06:10:00,2024-05-30 01:15:00,Short,2345.1262500000003,2338.9,49.81000000000131,SL Hit,2338.9,8,835.2600000000207,1145.0,10.863749999999527,-11.7162500000004
2024-05-30 01:25:00,2024-05-30 01:45:00,Long,2337.685,2333.41,-8.550000000000182,SL Hit,2333.41,2,826.7100000000205,20.0,-4.304999999999836,0.9050000000002001
2024-05-30 01:50:00,2024-05-30 02:05:00,Short,2333.99,2335.0499999999993,-1.0599999999994907,SL Hit,2335.0499999999993,1,825.650000000021,15.0,2.380000000000109,-1.1899999999995998
2024-05-30 07:15:00,2024-05-30 07:25:00,Long,2336.1,2334.5000000000005,-1.5999999999994543,SL Hit,2334.5000000000005,1,824.0500000000216,10.0,-1.699999999999818,1.349999999999909
2024-05-30 10:00:00,2024-05-30 10:45:00,Short,2333.06,2335.2999999999997,-2.2399999999997817,SL Hit,2335.2999999999997,1,821.8100000000218,45.0,3.2800000000002,-2.4200000000000728
2024-05-30 12:30:00,2024-05-31 02:55:00,Long,2341.3325,2342.0,2.6700000000000728,SL Hit,2342.0,4,824.4800000000218,865.0,-6.422500000000127,9.6574999999998
2024-05-31 03:00:00,2024-05-31 06:45:00,Short,2342.665,2345.3,-5.270000000000437,SL Hit,2345.3,2,819.2100000000214,225.0,3.275000000000091,-5.6349999999997635
2024-05-31 06:55:00,2024-05-31 07:05:00,Long,2346.04,2344.0200000000004,-2.019999999999527,SL Hit,2344.0200000000004,1,817.1900000000219,10.0,-3.0399999999999636,0.9200000000000728
2024-05-31 14:20:00,2024-06-03 01:20:00,Short,2330.686666666667,2330.38,0.9200000000005275,SL Hit,2330.38,3,818.1100000000224,3540.0,13.033333333332848,-10.306666666666843
2024-06-03 03:35:00,2024-06-03 07:00:00,Short,2320.9449999999997,2323.39,-4.890000000000327,SL Hit,2323.39,2,813.2200000000221,205.0,3.555000000000291,-6.0949999999998
2024-06-03 10:05:00,2024-06-03 19:20:00,Long,2337.458,2346.16,43.509999999998854,SL Hit,2346.16,5,856.7300000000209,555.0,-11.677999999999884,16.83199999999988
2024-06-03 19:25:00,2024-06-03 20:30:00,Short,2346.36,2348.8800000000006,-2.5200000000004366,SL Hit,2348.8800000000006,1,854.2100000000205,65.0,2.9200000000000728,-1.680000000000291
2024-06-04 01:10:00,2024-06-04 04:55:00,Short,2347.8333333333335,2349.28,-4.3400000000001455,SL Hit,2349.28,3,849.8700000000204,225.0,1.8366666666665878,-5.333333333333485
2024-06-04 06:10:00,2024-06-04 06:20:00,Long,2349.5,2349.38,-0.11999999999989086,SL Hit,2349.38,1,849.7500000000205,10.0,-0.21000000000003638,1.75
2024-06-04 07:05:00,2024-06-04 12:55:00,Short,2336.3199999999997,2334.27,4.099999999999454,SL Hit,2334.27,2,853.8500000000199,350.0,8.740000000000236,-10.909999999999854
2024-06-04 13:10:00,2024-06-04 13:35:00,Long,2332.92,2330.74,-2.180000000000291,SL Hit,2330.74,1,851.6700000000196,25.0,-2.4200000000000728,4.849999999999909
2024-06-04 22:05:00,2024-06-04 22:10:00,Long,2327.56,2327.56,0.0,SL Hit,2327.56,1,851.6700000000196,5.0,-0.02999999999974534,0.4299999999998363
2024-06-04 22:20:00,2024-06-05 01:00:00,Long,2328.125,2326.7,-2.850000000000364,SL Hit,2326.7,2,848.8200000000193,160.0,-1.925000000000182,1.2150000000001455
2024-06-05 01:10:00,2024-06-05 01:45:00,Short,2327.4049999999997,2329.34,-3.8700000000008004,SL Hit,2329.34,2,844.9500000000185,35.0,2.5950000000002547,-1.3449999999998
2024-06-05 01:50:00,2024-06-05 10:05:00,Long,2331.6499999999996,2331.11,-2.6999999999975444,SL Hit,2331.11,5,842.2500000000209,495.0,-4.349999999999454,9.880000000000564
2024-06-05 10:50:00,2024-06-05 10:55:00,Long,2334.6,2333.3799999999997,-1.2200000000002547,SL Hit,2333.3799999999997,1,841.0300000000207,5.0,-1.3399999999996908,0.6700000000000728
2024-06-05 12:20:00,2024-06-06 05:35:00,Long,2350.554285714286,2366.81,113.78999999999814,SL Hit,2366.81,7,954.8200000000188,1035.0,-16.304285714285925,23.87571428571391
2024-06-06 05:40:00,2024-06-06 12:30:00,Short,2363.034,2361.7,6.670000000001437,SL Hit,2361.7,5,961.4900000000202,410.0,6.30600000000004,-5.7840000000001055
2024-06-06 15:05:00,2024-06-06 18:05:00,Long,2368.77,2370.34,3.1400000000003274,SL Hit,2370.34,2,964.6300000000206,180.0,-3.1100000000001273,9.400000000000091
2024-06-06 23:10:00,2024-06-06 23:40:00,Long,2376.35,2376.31,-0.03999999999996362,SL Hit,2376.31,1,964.5900000000206,30.0,-1.0499999999997272,1.5100000000002183
2024-06-07 00:50:00,2024-06-07 01:05:00,Long,2378.05,2377.0299999999997,-1.0200000000004366,SL Hit,2377.0299999999997,1,963.5700000000202,15.0,-1.3700000000003456,1.7799999999997453
2024-06-07 04:05:00,2024-06-07 04:10:00,Long,2379.41,2379.41,0.0,SL Hit,2379.41,1,963.5700000000202,5.0,-0.009999999999763531,2.450000000000273
2024-06-10 06:35:00,2024-06-10 09:30:00,Short,2294.175,2297.3,-6.25,SL Hit,2297.3,2,957.3200000000202,175.0,3.1649999999999636,-6.4350000000004
2024-06-10 10:20:00,2024-06-10 10:35:00,Long,2296.28,2295.1199999999994,-1.160000000000764,SL Hit,2295.1199999999994,1,956.1600000000194,15.0,-1.180000000000291,0.669999999999618
2024-06-11 01:25:00,2024-06-11 06:35:00,Short,2304.605,2303.81,3.180000000000291,SL Hit,2303.81,4,959.3400000000197,310.0,4.6550000000002,-6.704999999999927
2024-06-11 07:10:00,2024-06-11 15:55:00,Long,2307.49,2309.99,10.0,SL Hit,2309.99,4,969.3400000000197,525.0,-5.7599999999997635,12.260000000000218
2024-06-11 16:05:00,2024-06-11 18:20:00,Short,2312.03,2314.150000000001,-2.1200000000008004,SL Hit,2314.150000000001,1,967.2200000000189,135.0,2.4599999999995816,-6.050000000000182
2024-06-11 20:45:00,2024-06-11 22:00:00,Long,2315.41,2314.1900000000005,-1.2199999999993452,SL Hit,2314.1900000000005,1,966.0000000000196,75.0,-3.4299999999998363,1.2699999999999818
2024-06-11 22:05:00,2024-06-11 22:30:00,Short,2316.26,2318.2200000000003,-1.9600000000000364,SL Hit,2318.2200000000003,1,964.0400000000195,25.0,-0.0,-1.3600000000001273
2024-06-11 22:30:00,2024-06-12 00:55:00,Long,2315.8633333333332,2313.3,-7.689999999999145,SL Hit,2313.3,3,956.3500000000204,145.0,-3.163333333333412,1.616666666666788
2024-06-12 01:00:00,2024-06-12 01:50:00,Short,2313.03,2313.4700000000007,-0.4400000000005093,SL Hit,2313.4700000000007,1,955.9100000000199,50.0,1.4599999999995816,-2.0600000000004
2024-06-12 03:25:00,2024-06-12 03:45:00,Long,2315.2,2315.1000000000004,-0.0999999999994543,SL Hit,2315.1000000000004,1,955.8100000000204,20.0,-0.23999999999978172,0.9200000000000728
2024-06-12 06:30:00,2024-06-12 06:55:00,Long,2316.12,2314.6800000000003,-1.4399999999995998,SL Hit,2314.6800000000003,1,954.3700000000208,25.0,-1.4899999999997817,1.430000000000291
2024-06-12 07:30:00,2024-06-12 12:20:00,Short,2312.4325,2315.28,-11.390000000001237,SL Hit,2315.28,4,942.9800000000196,290.0,3.207499999999982,-1.5524999999997817
2024-06-13 05:00:00,2024-06-13 06:00:00,Short,2311.79,2312.55,-0.7600000000002183,SL Hit,2312.55,1,942.2200000000194,60.0,1.5700000000001637,-2.8099999999999454
2024-06-13 07:40:00,2024-06-13 08:05:00,Long,2315.84,2314.5599999999995,-1.2800000000006548,SL Hit,2314.5599999999995,1,940.9400000000187,25.0,-1.8400000000001455,2.449999999999818
2024-06-13 11:15:00,2024-06-13 12:30:00,Short,2313.83,2315.2699999999995,-1.4399999999995998,SL Hit,2315.2699999999995,1,939.5000000000191,75.0,5.869999999999891,-9.090000000000146
2024-06-13 15:40:00,2024-06-13 19:20:00,Short,2303.2433333333333,2303.93,-2.0599999999994907,SL Hit,2303.93,3,937.4400000000196,220.0,3.8566666666665697,-7.3433333333332484
2024-06-13 23:05:00,2024-06-14 00:45:00,Short,2303.02,2304.86,-1.8400000000001455,SL Hit,2304.86,1,935.6000000000195,100.0,2.1399999999998727,-2.019999999999982
2024-06-14 00:45:00,2024-06-14 01:25:00,Long,2304.71,2303.29,-1.4200000000000728,SL Hit,2303.29,1,934.1800000000194,40.0,-1.699999999999818,2.3200000000001637
2024-06-17 05:30:00,2024-06-17 09:10:00,Short,2320.34,2322.34,-2.0,SL Hit,2322.34,1,932.1800000000194,220.0,2.0599999999999454,-4.720000000000255
2024-06-17 11:40:00,2024-06-17 13:15:00,Short,2320.21,2323.83,-3.619999999999891,SL Hit,2323.83,1,928.5600000000195,95.0,5.650000000000091,-3.4200000000000728
2024-06-17 13:15:00,2024-06-17 15:30:00,Long,2323.7833333333333,2318.8,-14.949999999999363,SL Hit,2318.8,3,913.6100000000201,135.0,-9.573333333333267,3.4266666666667334
2024-06-18 01:40:00,2024-06-18 01:45:00,Long,2321.8,2321.8,0.0,SL Hit,2321.8,1,913.6100000000201,5.0,-0.06000000000040018,0.9699999999997999
2024-06-18 16:00:00,2024-06-18 16:15:00,Long,2327.36,2327.22,-0.14000000000032742,SL Hit,2327.22,1,913.4700000000198,15.0,-0.8600000000001273,1.8699999999998909
2024-06-18 22:30:00,2024-06-19 02:00:00,Short,2328.54,2330.8999999999996,-2.3599999999996726,SL Hit,2330.8999999999996,1,911.1100000000201,210.0,2.130000000000109,-2.8400000000001455
2024-06-19 02:00:00,2024-06-19 02:05:00,Long,2329.79,2329.79,0.0,SL Hit,2329.79,1,911.1100000000201,5.0,-0.9499999999998181,0.49000000000023647
2024-06-19 02:25:00,2024-06-19 02:30:00,Long,2330.22,2330.22,0.0,SL Hit,2330.22,1,911.1100000000201,5.0,-0.08999999999969077,0.5400000000004184
2024-06-19 02:35:00,2024-06-19 03:10:00,Long,2329.4,2329.4,0.0,SL Hit,2329.4,1,911.1100000000201,35.0,-0.09999999999990905,2.049999999999727
2024-06-19 07:10:00,2024-06-19 07:15:00,Long,2329.88,2329.88,0.0,SL Hit,2329.88,1,911.1100000000201,5.0,0.0,1.4299999999998363
2024-06-19 11:45:00,2024-06-19 12:25:00,Long,2328.0,2328.0,0.0,SL Hit,2328.0,1,911.1100000000201,40.0,-0.7899999999999636,4.769999999999982
2024-06-19 18:10:00,2024-06-19 22:10:00,Short,2328.82,2329.4,-0.5799999999999272,SL Hit,2329.4,1,910.5300000000202,240.0,0.7399999999997817,-3.8600000000001273
2024-06-19 23:20:00,2024-06-20 01:00:00,Short,2329.17,2330.26,-2.180000000000291,SL Hit,2330.26,2,908.3500000000199,100.0,4.360000000000127,-1.7699999999999818
2024-06-20 20:15:00,2024-06-20 20:20:00,Short,2358.71,2358.8100000000004,-0.1000000000003638,SL Hit,2358.8100000000004,1,908.2500000000196,5.0,0.25999999999976353,-0.0500000000001819
2024-06-21 04:25:00,2024-06-21 06:35:00,Long,2361.11,2359.69,-1.4200000000000728,SL Hit,2359.69,1,906.8300000000195,130.0,-1.4600000000000364,4.2599999999997635
2024-06-21 06:55:00,2024-06-21 07:45:00,Short,2359.11,2360.9100000000003,-1.800000000000182,SL Hit,2360.9100000000003,1,905.0300000000193,50.0,3.2399999999997817,-3.849999999999909
2024-06-21 08:20:00,2024-06-21 09:30:00,Long,2363.85,2363.85,0.0,SL Hit,2363.85,1,905.0300000000193,70.0,-0.8399999999996908,4.0
2024-06-21 13:05:00,2024-06-24 01:05:00,Short,2334.07,2321.96,36.33000000000038,SL Hit,2321.96,3,941.3600000000197,3600.0,29.440000000000055,-17.269999999999982
2024-06-24 03:15:00,2024-06-24 05:40:00,Long,2325.855,2324.0,-3.7100000000000364,SL Hit,2324.0,2,937.6500000000196,145.0,-2.0949999999998,0.9050000000002001
2024-06-24 07:30:00,2024-06-24 09:05:00,Long,2327.19,2326.9500000000003,-0.23999999999978172,SL Hit,2326.9500000000003,1,937.4100000000199,95.0,-0.9299999999998363,5.4099999999998545
2024-06-24 18:20:00,2024-06-24 18:25:00,Long,2332.8,2332.8,0.0,SL Hit,2332.8,1,937.4100000000199,5.0,-0.1000000000003638,1.0799999999999272
2024-06-24 23:35:00,2024-06-25 05:05:00,Short,2326.983333333333,2328.43,-4.3400000000001455,SL Hit,2328.43,3,933.0700000000197,330.0,4.176666666666733,-4.103333333333012
2024-06-25 13:05:00,2024-06-25 19:05:00,Short,2323.2133333333336,2319.75,10.390000000000782,SL Hit,2319.75,3,943.4600000000205,360.0,4.3766666666665515,-7.483333333333576
2024-06-26 00:20:00,2024-06-26 00:35:00,Long,2319.3,2319.3,0.0,SL Hit,2319.3,1,943.4600000000205,15.0,-1.400000000000091,1.3899999999998727
2024-06-26 00:40:00,2024-06-26 02:25:00,Short,2317.3333333333335,2320.57,-9.710000000000036,SL Hit,2320.57,3,933.7500000000205,105.0,3.656666666666297,-6.543333333333521
2024-06-26 08:35:00,2024-06-26 08:55:00,Long,2315.8,2315.74,-0.06000000000040018,SL Hit,2315.74,1,933.6900000000201,20.0,-0.14000000000032742,1.919999999999618
2024-06-26 18:55:00,2024-06-27 00:10:00,Short,2298.293333333333,2298.77,-1.4300000000007458,SL Hit,2298.77,3,932.2600000000193,315.0,0.8666666666667879,-1.8933333333329756
2024-06-27 00:20:00,2024-06-27 01:40:00,Long,2298.61,2297.5899999999997,-1.0200000000004366,SL Hit,2297.5899999999997,1,931.2400000000189,80.0,-1.7100000000000364,1.400000000000091
2024-06-27 18:15:00,2024-06-27 18:20:00,Short,2323.71,2324.3500000000004,-0.6400000000003274,SL Hit,2324.3500000000004,1,930.6000000000186,5.0,0.8800000000001091,-1.1100000000001273
2024-06-27 18:25:00,2024-06-27 18:55:00,Short,2324.44,2325.7999999999997,-1.3599999999996726,SL Hit,2325.7999999999997,1,929.2400000000189,30.0,1.8800000000001091,-1.800000000000182
2024-06-27 22:25:00,2024-06-28 05:40:00,Short,2323.9175,2324.63,-2.850000000000364,SL Hit,2324.63,4,926.3900000000185,435.0,4.142499999999927,-4.877500000000055
2024-06-28 05:45:00,2024-06-28 13:30:00,Long,2330.6549999999997,2331.39,2.9400000000005093,SL Hit,2331.39,4,929.330000000019,465.0,-6.274999999999636,8.595000000000255
2024-06-28 14:15:00,2024-07-01 01:10:00,Short,2326.7749999999996,2325.86,3.6599999999980355,SL Hit,2325.86,4,932.9900000000171,3535.0,6.455000000000382,-4.834999999999582
2024-07-01 03:40:00,2024-07-01 06:30:00,Short,2325.44,2327.48,-4.079999999999927,SL Hit,2327.48,2,928.9100000000171,170.0,2.5700000000001637,-7.170000000000073
2024-07-01 09:15:00,2024-07-01 09:40:00,Long,2328.3,2326.8999999999996,-1.4000000000005457,SL Hit,2326.8999999999996,1,927.5100000000166,25.0,-1.8700000000003456,1.0399999999999636
2024-07-01 19:45:00,2024-07-02 03:05:00,Long,2330.7466666666664,2330.7,-0.13999999999987267,SL Hit,2330.7,3,927.3700000000167,440.0,-1.3466666666663514,3.3233333333337214
2024-07-02 08:25:00,2024-07-02 08:30:00,Long,2329.86,2329.4599999999996,-0.4000000000005457,SL Hit,2329.4599999999996,1,926.9700000000162,5.0,-0.680000000000291,1.2699999999999818
2024-07-02 12:50:00,2024-07-02 14:10:00,Long,2326.16,2326.16,0.0,SL Hit,2326.16,1,926.9700000000162,80.0,-2.3899999999998727,10.039999999999964
2024-07-02 23:05:00,2024-07-03 01:15:00,Long,2330.7500000000005,2329.1,-4.950000000001637,SL Hit,2329.1,3,922.0200000000145,130.0,-1.6500000000005457,1.2299999999995634
2024-07-03 01:30:00,2024-07-03 03:45:00,Short,2328.935,2330.97,-4.069999999999709,SL Hit,2330.97,2,917.9500000000148,135.0,2.6649999999999636,-2.3350000000000364
2024-07-03 14:00:00,2024-07-03 16:50:00,Long,2356.13,2356.13,0.0,SL Hit,2356.13,1,917.9500000000148,170.0,-0.20000000000027285,8.440000000000055
2024-07-04 04:05:00,2024-07-04 08:55:00,Short,2357.81,2359.32,-4.530000000000655,SL Hit,2359.32,3,913.4200000000142,290.0,1.5300000000002,-7.119999999999891
2024-07-05 02:20:00,2024-07-05 09:50:00,Long,2362.605,2362.3,-1.2199999999993452,SL Hit,2362.3,4,912.2000000000148,450.0,-3.7049999999999272,5.065000000000055
2024-07-05 09:55:00,2024-07-05 10:00:00,Short,2362.5,2362.7799999999997,-0.27999999999974534,SL Hit,2362.7799999999997,1,911.9200000000151,5.0,1.0300000000002,-0.6900000000000546
2024-07-05 15:30:00,2024-07-05 15:35:00,Long,2384.73,2384.4500000000003,-0.27999999999974534,SL Hit,2384.4500000000003,1,911.6400000000153,5.0,-0.4299999999998363,3.4699999999998
2024-07-05 17:10:00,2024-07-05 17:15:00,Long,2388.31,2388.11,-0.1999999999998181,SL Hit,2388.11,1,911.4400000000155,5.0,-1.400000000000091,0.5900000000001455
2024-07-05 17:20:00,2024-07-05 17:35:00,Long,2386.92,2386.92,0.0,SL Hit,2386.92,1,911.4400000000155,15.0,-1.6199999999998909,2.7100000000000364
2024-07-07 22:20:00,2024-07-08 14:00:00,Short,2382.5216666666665,2377.03,32.949999999998,SL Hit,2377.03,6,944.3900000000135,940.0,8.058333333333394,-14.221666666666351
2024-07-08 20:00:00,2024-07-08 20:15:00,Long,2359.24,2358.6000000000004,-0.6399999999994179,SL Hit,2358.6000000000004,1,943.7500000000141,15.0,-1.2199999999998,0.49000000000023647
2024-07-09 01:25:00,2024-07-09 02:00:00,Long,2362.84,2362.2799999999997,-0.5600000000004002,SL Hit,2362.2799999999997,1,943.1900000000137,35.0,-1.6400000000003274,2.049999999999727
2024-07-09 06:50:00,2024-07-09 06:55:00,Short,2363.09,2363.3500000000004,-0.2600000000002183,SL Hit,2363.3500000000004,1,942.9300000000135,5.0,0.9099999999998545,-0.2899999999999636
2024-07-09 07:00:00,2024-07-09 13:35:00,Short,2364.0,2365.42,-2.8400000000001455,SL Hit,2365.42,2,940.0900000000133,395.0,2.2399999999997817,-7.730000000000018
2024-07-09 13:45:00,2024-07-09 14:00:00,Long,2364.9,2364.44,-0.4600000000000364,SL Hit,2364.44,1,939.6300000000133,15.0,-2.0100000000002183,3.369999999999891
2024-07-09 15:05:00,2024-07-09 18:05:00,Short,2357.7,2362.9,-10.400000000000546,SL Hit,2362.9,2,929.2300000000128,180.0,5.470000000000255,-7.399999999999636
2024-07-09 18:15:00,2024-07-09 22:05:00,Long,2363.215,2362.82,-0.7899999999999636,SL Hit,2362.82,2,928.4400000000128,230.0,-0.5150000000003274,2.1649999999999636
2024-07-09 22:30:00,2024-07-09 23:20:00,Short,2363.53,2388.5100000000007,-24.980000000000473,SL Hit,2388.5100000000007,1,903.4600000000123,50.0,1.6499999999996362,-12.490000000000236
2024-07-09 23:20:00,2024-07-09 23:25:00,Long,2364.86,2364.78,-0.07999999999992724,SL Hit,2364.78,1,903.3800000000124,5.0,-0.9600000000000364,0.15000000000009095
2024-07-10 05:55:00,2024-07-10 06:15:00,Long,2367.59,2367.25,-0.3400000000001455,SL Hit,2367.25,1,903.0400000000122,20.0,-0.36000000000012733,1.2599999999997635
2024-07-10 11:35:00,2024-07-10 14:40:00,Long,2379.6966666666667,2376.42,-9.829999999999927,SL Hit,2376.42,3,893.2100000000123,185.0,-5.746666666666897,6.553333333333285
2024-07-10 14:45:00,2024-07-10 15:30:00,Short,2376.9,2379.82,-2.9200000000000728,SL Hit,2379.82,1,890.2900000000122,45.0,3.4899999999997817,-2.2600000000002183
2024-07-11 00:40:00,2024-07-11 11:45:00,Long,2379.905,2380.42,2.0599999999994907,SL Hit,2380.42,4,892.3500000000117,665.0,-8.105000000000018,4.574999999999818
2024-07-11 11:50:00,2024-07-11 12:30:00,Short,2381.07,2383.34,-4.539999999999964,SL Hit,2383.34,2,887.8100000000118,40.0,19.33999999999969,-1.6600000000003092
2024-07-12 01:25:00,2024-07-12 05:45:00,Short,2409.2125,2409.79,-2.3099999999994907,SL Hit,2409.79,4,885.5000000000123,260.0,1.6774999999997817,-3.6725000000001273
2024-07-12 08:55:00,2024-07-12 13:15:00,Short,2403.56,2404.07,-1.5300000000006548,SL Hit,2404.07,3,883.9700000000116,260.0,4.519999999999982,-11.949999999999818
2024-07-12 13:40:00,2024-07-15 05:50:00,Long,2407.59,2408.5,3.639999999999418,SL Hit,2408.5,4,887.610000000011,3850.0,-7.760000000000218,10.4699999999998
2024-07-15 10:15:00,2024-07-15 22:45:00,Long,2418.488,2420.18,8.460000000000036,SL Hit,2420.18,5,896.0700000000111,750.0,-7.447999999999865,21.04200000000037
2024-07-16 01:30:00,2024-07-17 05:00:00,Long,2444.5924999999997,2466.33,173.90000000000146,SL Hit,2466.33,8,1069.9700000000125,1650.0,-20.942499999999654,27.9975000000004
2024-07-17 05:55:00,2024-07-17 07:45:00,Short,2466.94,2470.82,-3.880000000000109,SL Hit,2470.82,1,1066.0900000000124,110.0,4.679999999999836,-5.440000000000055
2024-07-17 13:20:00,2024-07-17 13:30:00,Long,2473.69,2473.69,0.0,SL Hit,2473.69,1,1066.0900000000124,10.0,-2.5900000000001455,2.6599999999998545
2024-07-17 14:20:00,2024-07-17 19:00:00,Short,2463.536666666667,2459.16,13.130000000001019,SL Hit,2459.16,3,1079.2200000000134,280.0,8.643333333332976,-12.336666666667043
2024-07-18 02:40:00,2024-07-18 10:00:00,Long,2467.0466666666666,2464.81,-6.710000000000036,SL Hit,2464.81,3,1072.5100000000134,440.0,-3.936666666666497,7.64333333333343
2024-07-18 12:45:00,2024-07-18 12:50:00,Long,2463.63,2463.63,0.0,SL Hit,2463.63,1,1072.5100000000134,5.0,-0.9500000000002728,1.1099999999996726
2024-07-18 14:50:00,2024-07-18 15:25:00,Long,2466.04,2465.08,-0.9600000000000364,SL Hit,2465.08,1,1071.5500000000134,35.0,-1.9400000000000546,3.4700000000002547
2024-07-18 18:35:00,2024-07-19 15:05:00,Short,2421.371428571428,2406.2,106.19999999999845,SL Hit,2406.2,7,1177.7500000000118,1230.0,31.22857142857174,-27.451428571428096
2024-07-22 06:05:00,2024-07-22 09:45:00,Short,2403.3633333333332,2404.48,-3.350000000000364,SL Hit,2404.48,3,1174.4000000000115,220.0,1.8466666666668061,-4.263333333333321
2024-07-22 10:05:00,2024-07-22 11:20:00,Long,2404.39,2403.4900000000002,-0.8999999999996362,SL Hit,2403.4900000000002,1,1173.5000000000118,75.0,-1.449999999999818,3.6700000000000728
2024-07-23 01:00:00,2024-07-23 01:05:00,Long,2399.14,2398.52,-0.6199999999998909,SL Hit,2398.52,1,1172.880000000012,5.0,-1.9400000000000546,0.8700000000003456
2024-07-23 01:20:00,2024-07-23 02:45:00,Long,2400.36,2399.8399999999997,-0.5200000000004366,SL Hit,2399.8399999999997,1,1172.3600000000115,85.0,-1.7600000000002183,3.4099999999998545
2024-07-23 05:00:00,2024-07-23 08:35:00,Short,2396.66,2400.0199999999995,-3.3599999999996726,SL Hit,2400.0199999999995,1,1169.0000000000118,215.0,4.950000000000273,-9.059999999999945
2024-07-23 08:45:00,2024-07-23 13:30:00,Long,2403.57,2401.7899999999995,-1.7800000000006548,SL Hit,2401.7899999999995,1,1167.2200000000112,285.0,-1.900000000000091,8.149999999999636
2024-07-23 19:30:00,2024-07-23 19:40:00,Long,2407.48,2407.1,-0.38000000000010914,SL Hit,2407.1,1,1166.840000000011,10.0,-0.4800000000000182,0.5
2024-07-24 02:50:00,2024-07-24 07:35:00,Long,2415.115,2413.5,-3.2299999999995634,SL Hit,2413.5,2,1163.6100000000115,285.0,-4.0649999999996,3.7450000000003456
2024-07-24 08:30:00,2024-07-24 11:45:00,Short,2413.34,2416.22,-5.759999999999309,SL Hit,2416.22,2,1157.8500000000122,195.0,3.0099999999997635,-3.5399999999999636
2024-07-24 11:55:00,2024-07-24 17:35:00,Long,2418.11,2414.35,-11.280000000000655,SL Hit,2414.35,3,1146.5700000000115,340.0,-4.7400000000002365,13.699999999999818
2024-07-24 19:35:00,2024-07-25 06:05:00,Short,2388.8925,2377.73,44.649999999999636,SL Hit,2377.73,4,1191.2200000000112,630.0,18.177500000000236,-21.872499999999945
2024-07-25 07:10:00,2024-07-25 07:15:00,Short,2367.32,2369.5800000000004,-2.2600000000002183,SL Hit,2369.5800000000004,1,1188.960000000011,5.0,3.6099999999996726,-1.1300000000001091
2024-07-25 10:50:00,2024-07-25 11:10:00,Long,2377.65,2377.43,-0.22000000000025466,SL Hit,2377.43,1,1188.7400000000107,20.0,-0.75,4.599999999999909
2024-07-25 13:55:00,2024-07-25 22:10:00,Short,2362.1825,2365.02,-11.350000000000364,SL Hit,2365.02,4,1177.3900000000103,495.0,6.0275000000001455,-8.94250000000011
2024-07-26 06:25:00,2024-07-26 06:40:00,Short,2368.21,2368.83,-0.6199999999998909,SL Hit,2368.83,1,1176.7700000000104,15.0,0.6999999999998181,-1.2100000000000364
2024-07-29 01:05:00,2024-07-29 01:10:00,Long,2397.88,2397.88,0.0,SL Hit,2397.88,1,1176.7700000000104,5.0,-0.9400000000000546,1.900000000000091
2024-07-29 07:10:00,2024-07-29 07:15:00,Short,2390.11,2391.31,-1.199999999999818,SL Hit,2391.31,1,1175.5700000000106,5.0,2.1700000000000728,-0.599999999999909
2024-07-29 13:35:00,2024-07-29 13:40:00,Long,2392.96,2392.96,0.0,SL Hit,2392.96,1,1175.5700000000106,5.0,-1.4099999999998545,2.5700000000001637
2024-07-29 23:35:00,2024-07-30 03:10:00,Short,2381.1,2383.58,-4.960000000000036,SL Hit,2383.58,2,1170.6100000000106,215.0,2.5900000000001455,-4.799999999999727
2024-07-30 05:40:00,2024-07-30 08:55:00,Long,2388.7033333333334,2388.1,-1.8100000000004002,SL Hit,2388.1,3,1168.8000000000102,195.0,-2.2033333333333758,3.016666666666424
2024-07-30 09:00:00,2024-07-30 10:55:00,Short,2389.34,2392.0200000000004,-2.680000000000291,SL Hit,2392.0200000000004,1,1166.12000000001,115.0,2.699999999999818,-1.6400000000003274
2024-07-30 11:20:00,2024-07-30 11:45:00,Long,2391.085,2388.12,-5.930000000000291,SL Hit,2388.12,2,1160.1900000000096,25.0,-3.0149999999998727,0.724999999999909
2024-07-30 11:55:00,2024-07-30 13:10:00,Short,2388.15,2390.6700000000005,-2.5200000000004366,SL Hit,2390.6700000000005,1,1157.6700000000092,75.0,2.5899999999996908,-2.450000000000273
2024-07-30 16:55:00,2024-07-31 00:20:00,Long,2403.8933333333334,2407.8,11.720000000000255,SL Hit,2407.8,3,1169.3900000000094,445.0,-9.623333333333449,8.376666666666551
2024-07-31 05:50:00,2024-07-31 06:00:00,Long,2417.52,2417.52,0.0,SL Hit,2417.52,1,1169.3900000000094,10.0,-0.6399999999998727,2.019999999999982
2024-07-31 06:05:00,2024-07-31 07:20:00,Long,2419.055,2416.72,-4.670000000000073,SL Hit,2416.72,2,1164.7200000000093,75.0,-2.355000000000018,5.995000000000346
2024-07-31 07:25:00,2024-07-31 08:55:00,Short,2418.22,2421.4199999999996,-3.199999999999818,SL Hit,2421.4199999999996,1,1161.5200000000095,90.0,3.2600000000002183,-2.75
2024-07-31 10:45:00,2024-07-31 11:40:00,Short,2419.5550000000003,2422.67,-6.229999999999563,SL Hit,2422.67,2,1155.29000000001,55.0,3.394999999999527,-1.855000000000473
2024-08-01 01:10:00,2024-08-01 02:05:00,Long,2449.72,2449.36,-0.3599999999996726,SL Hit,2449.36,1,1154.9300000000103,55.0,-0.9599999999995816,8.450000000000273
2024-08-01 08:35:00,2024-08-01 11:20:00,Short,2435.67,2436.57,-1.800000000000182,SL Hit,2436.57,2,1153.13000000001,165.0,1.3699999999998909,-5.420000000000073
2024-08-01 11:35:00,2024-08-01 15:45:00,Long,2442.1049999999996,2443.98,3.7500000000009095,SL Hit,2443.98,2,1156.880000000011,250.0,-5.574999999999363,19.38500000000022
2024-08-01 19:20:00,2024-08-02 01:10:00,Long,2442.8700000000003,2441.2,-5.0100000000015825,SL Hit,2441.2,3,1151.8700000000094,350.0,-4.7400000000002365,8.789999999999509
2024-08-02 02:35:00,2024-08-02 11:10:00,Long,2458.5125000000003,2461.03,10.069999999999709,SL Hit,2461.03,4,1161.9400000000091,515.0,-9.662500000000364,9.597499999999854
2024-08-02 11:25:00,2024-08-02 12:30:00,Short,2461.58,2463.1799999999994,-1.5999999999994543,SL Hit,2463.1799999999994,1,1160.3400000000097,65.0,11.860000000000127,-5.519999999999982
2024-08-05 00:50:00,2024-08-05 01:15:00,Short,2424.53,2433.390000000001,-8.860000000000582,SL Hit,2433.390000000001,1,1151.480000000009,25.0,11.929999999999836,-4.920000000000073
2024-08-05 10:40:00,2024-08-05 19:15:00,Short,2410.03,2408.45,4.740000000001146,SL Hit,2408.45,3,1156.2200000000103,515.0,9.739999999999782,-45.320000000000164
2024-08-05 19:20:00,2024-08-05 19:25:00,Long,2407.25,2407.21,-0.03999999999996362,SL Hit,2407.21,1,1156.1800000000103,5.0,-0.09999999999990905,1.2300000000000182
2024-08-05 19:30:00,2024-08-05 23:50:00,Long,2409.8700000000003,2405.53,-13.020000000000437,SL Hit,2405.53,3,1143.1600000000099,260.0,-5.140000000000327,2.519999999999527
2024-08-05 23:55:00,2024-08-06 00:10:00,Short,2406.0,2408.76,-2.7600000000002183,SL Hit,2408.76,1,1140.4000000000096,15.0,3.599999999999909,-1.3800000000001091
2024-08-06 00:35:00,2024-08-06 05:30:00,Long,2410.8675000000003,2406.69,-16.710000000000946,SL Hit,2406.69,4,1123.6900000000087,295.0,-4.597500000000309,6.902499999999691
2024-08-06 14:35:00,2024-08-06 14:40:00,Short,2389.8,2391.2800000000007,-1.480000000000473,SL Hit,2391.2800000000007,1,1122.2100000000082,5.0,3.269999999999982,-2.2899999999999636
2024-08-06 14:45:00,2024-08-07 04:10:00,Short,2388.88,2388.33,2.7500000000009095,SL Hit,2388.33,5,1124.9600000000091,805.0,6.690000000000055,-9.490000000000236
2024-08-07 10:45:00,2024-08-07 11:10:00,Long,2395.95,2395.6500000000005,-0.2999999999992724,SL Hit,2395.6500000000005,1,1124.6600000000099,25.0,-0.30999999999994543,1.8400000000001455
2024-08-07 11:20:00,2024-08-07 11:30:00,Long,2397.18,2397.18,0.0,SL Hit,2397.18,1,1124.6600000000099,10.0,-0.919999999999618,1.2899999999999636
2024-08-07 11:45:00,2024-08-07 14:50:00,Long,2398.956666666667,2397.72,-3.7100000000014006,SL Hit,2397.72,3,1120.9500000000085,185.0,-3.5066666666671154,7.653333333333194
2024-08-07 17:40:00,2024-08-08 06:20:00,Short,2393.3333333333335,2395.82,-7.460000000000036,SL Hit,2395.82,3,1113.4900000000084,760.0,3.836666666666588,-12.733333333333576
2024-08-08 06:25:00,2024-08-08 08:25:00,Long,2398.1766666666667,2394.79,-10.16000000000031,SL Hit,2394.79,3,1103.330000000008,120.0,-3.9266666666667334,2.1733333333331757
2024-08-08 10:20:00,2024-08-08 23:20:00,Long,2416.7450000000003,2424.1,44.12999999999738,SL Hit,2424.1,6,1147.4600000000055,780.0,-18.465000000000146,10.624999999999545
2024-08-08 23:40:00,2024-08-09 01:40:00,Short,2424.57,2425.4700000000007,-0.9000000000005457,SL Hit,2425.4700000000007,1,1146.560000000005,120.0,1.9899999999997817,-4.400000000000091
2024-08-09 02:05:00,2024-08-09 02:35:00,Long,2424.85,2423.5499999999997,-1.300000000000182,SL Hit,2423.5499999999997,1,1145.2600000000048,30.0,-1.699999999999818,1.2600000000002183
2024-08-09 03:45:00,2024-08-09 04:40:00,Short,2420.65,2422.65,-2.0,SL Hit,2422.65,1,1143.2600000000048,55.0,2.9400000000000546,-1.4500000000002728
2024-08-09 05:45:00,2024-08-09 06:40:00,Short,2418.8,2420.6600000000008,-1.860000000000582,SL Hit,2420.6600000000008,1,1141.4000000000042,55.0,1.919999999999618,-1.8500000000003638
2024-08-09 07:35:00,2024-08-09 07:40:00,Long,2423.84,2423.7799999999997,-0.06000000000040018,SL Hit,2423.7799999999997,1,1141.3400000000038,5.0,-0.6400000000003274,1.3599999999996726
2024-08-09 20:10:00,2024-08-09 20:25:00,Long,2429.36,2428.64,-0.7200000000002547,SL Hit,2428.64,1,1140.6200000000035,15.0,-0.9600000000000364,1.1900000000000546
2024-08-12 01:45:00,2024-08-12 04:20:00,Short,2426.675,2430.07,-6.789999999999964,SL Hit,2430.07,2,1133.8300000000036,155.0,3.574999999999818,-2.8850000000002183
2024-08-12 09:00:00,2024-08-12 09:05:00,Long,2441.82,2441.6,-0.22000000000025466,SL Hit,2441.6,1,1133.6100000000033,5.0,-0.8200000000001637,1.9099999999998545
2024-08-12 09:10:00,2024-08-12 11:30:00,Long,2441.02,2440.82,-0.1999999999998181,SL Hit,2440.82,1,1133.4100000000035,140.0,-0.2300000000000182,3.630000000000109
2024-08-12 12:55:00,2024-08-12 13:00:00,Long,2444.04,2443.5600000000004,-0.47999999999956344,SL Hit,2443.5600000000004,1,1132.930000000004,5.0,-1.7699999999999818,0.599999999999909
2024-08-12 15:30:00,2024-08-12 15:35:00,Long,2456.75,2456.75,0.0,SL Hit,2456.75,1,1132.930000000004,5.0,-0.9299999999998363,3.349999999999909
2024-08-13 05:00:00,2024-08-13 06:50:00,Short,2461.8133333333335,2464.34,-7.579999999999927,SL Hit,2464.34,3,1125.350000000004,110.0,2.5266666666666424,-3.413333333333412
2024-08-13 12:30:00,2024-08-13 13:20:00,Long,2468.67,2462.17,-6.5,SL Hit,2462.17,1,1118.850000000004,50.0,-9.480000000000018,3.199999999999818
2024-08-13 18:45:00,2024-08-13 19:00:00,Short,2466.84,2467.7400000000007,-0.9000000000005457,SL Hit,2467.7400000000007,1,1117.9500000000035,15.0,1.0099999999997635,-0.49000000000023647
2024-08-13 19:25:00,2024-08-14 01:10:00,Short,2465.6433333333334,2467.69,-6.139999999999873,SL Hit,2467.69,3,1111.8100000000036,345.0,2.4966666666664423,-3.1433333333334303
2024-08-14 02:05:00,2024-08-14 06:00:00,Short,2462.0,2462.7,-2.0999999999994543,SL Hit,2462.7,3,1109.7100000000041,235.0,2.0900000000001455,-6.150000000000091
2024-08-14 06:20:00,2024-08-14 12:30:00,Long,2467.3799999999997,2470.1,8.160000000000764,SL Hit,2470.1,3,1117.870000000005,370.0,-4.769999999999527,10.820000000000164
2024-08-14 12:40:00,2024-08-14 18:35:00,Short,2454.503333333333,2444.79,29.139999999999418,SL Hit,2444.79,3,1147.0100000000043,355.0,17.41666666666697,-15.373333333332994
2024-08-14 20:25:00,2024-08-14 20:30:00,Long,2447.75,2447.7299999999996,-0.020000000000436557,SL Hit,2447.7299999999996,1,1146.9900000000039,5.0,-0.599999999999909,0.38999999999987267
2024-08-14 22:05:00,2024-08-14 23:35:00,Short,2447.99,2448.69,-1.4000000000005457,SL Hit,2448.69,2,1145.5900000000033,90.0,0.7300000000000182,-11.61999999999989
2024-08-14 23:45:00,2024-08-14 23:50:00,Long,2448.18,2448.18,0.0,SL Hit,2448.18,1,1145.5900000000033,5.0,-0.8799999999996544,0.47000000000025466
2024-08-15 04:00:00,2024-08-15 05:15:00,Long,2453.8,2452.0,-1.800000000000182,SL Hit,2452.0,1,1143.7900000000031,75.0,-2.600000000000364,1.4600000000000364
2024-08-15 09:55:00,2024-08-15 12:35:00,Long,2456.61,2455.5899999999997,-1.0200000000004366,SL Hit,2455.5899999999997,1,1142.7700000000027,160.0,-3.5799999999999272,13.08999999999969
2024-08-15 12:45:00,2024-08-15 19:05:00,Short,2449.6266666666666,2459.55,-29.77000000000089,SL Hit,2459.55,3,1113.0000000000018,380.0,11.213333333333594,-16.696666666666715
2024-08-15 23:45:00,2024-08-16 00:35:00,Long,2457.33,2456.63,-0.6999999999998181,SL Hit,2456.63,1,1112.300000000002,50.0,-0.7300000000000182,2.269999999999982
2024-08-16 02:15:00,2024-08-16 06:00:00,Short,2455.86,2456.32,-0.4600000000000364,SL Hit,2456.32,1,1111.840000000002,225.0,1.2799999999997453,-5.460000000000036
2024-08-16 10:55:00,2024-08-19 00:25:00,Long,2490.9475,2502.6,46.60999999999876,SL Hit,2502.6,4,1158.4500000000007,3690.0,-26.94750000000022,18.55249999999978
2024-08-19 00:30:00,2024-08-19 06:10:00,Short,2502.275,2504.42,-8.579999999999927,SL Hit,2504.42,4,1149.8700000000008,340.0,3.194999999999709,-6.775000000000091
2024-08-19 14:00:00,2024-08-20 01:10:00,Long,2500.6459999999997,2502.51,9.320000000002437,SL Hit,2502.51,5,1159.1900000000032,670.0,-6.085999999999785,6.594000000000051
2024-08-20 01:55:00,2024-08-20 06:25:00,Short,2500.615,2503.34,-5.450000000000728,SL Hit,2503.34,2,1153.7400000000025,270.0,4.165000000000418,-3.174999999999727
2024-08-20 06:40:00,2024-08-20 06:55:00,Long,2503.18,2502.7400000000002,-0.4399999999995998,SL Hit,2502.7400000000002,1,1153.300000000003,15.0,-1.419999999999618,1.2200000000002547
2024-08-20 07:00:00,2024-08-20 07:05:00,Long,2502.61,2501.9500000000003,-0.6599999999998545,SL Hit,2501.9500000000003,1,1152.640000000003,5.0,-1.5,0.5
2024-08-20 11:45:00,2024-08-20 12:00:00,Long,2523.55,2523.55,0.0,SL Hit,2523.55,1,1152.640000000003,15.0,-0.3500000000003638,3.349999999999909
2024-08-20 12:40:00,2024-08-20 13:35:00,Long,2522.76,2521.84,-0.9200000000000728,SL Hit,2521.84,1,1151.720000000003,55.0,-1.9700000000002547,8.75
2024-08-20 20:05:00,2024-08-20 20:50:00,Long,2515.0,2515.0,0.0,SL Hit,2515.0,1,1151.720000000003,45.0,-1.25,1.800000000000182
2024-08-20 22:40:00,2024-08-21 01:20:00,Long,2514.393333333333,2512.3,-6.279999999998381,SL Hit,2512.3,3,1145.4400000000046,160.0,-2.58333333333303,1.9066666666672063
2024-08-21 01:25:00,2024-08-21 01:30:00,Short,2512.46,2512.6400000000003,-0.18000000000029104,SL Hit,2512.6400000000003,1,1145.2600000000043,5.0,0.5,-1.4600000000000364
2024-08-22 11:45:00,2024-08-22 16:10:00,Short,2491.9733333333334,2483.27,26.110000000000127,SL Hit,2483.27,3,1171.3700000000044,265.0,12.016666666666424,-20.84333333333325
2024-08-22 19:35:00,2024-08-22 20:05:00,Short,2480.5,2483.7,-3.199999999999818,SL Hit,2483.7,1,1168.1700000000046,30.0,3.199999999999818,-1.599999999999909
2024-08-22 22:35:00,2024-08-23 13:40:00,Long,2492.3424999999997,2495.71,13.470000000001164,SL Hit,2495.71,4,1181.6400000000058,905.0,-7.632499999999709,11.387500000000273
2024-08-23 13:45:00,2024-08-23 14:00:00,Short,2496.4,2499.94,-3.5399999999999636,SL Hit,2499.94,1,1178.1000000000058,15.0,14.4699999999998,-1.7699999999999818
2024-08-26 03:35:00,2024-08-26 06:15:00,Short,2510.5950000000003,2511.07,-0.9499999999998181,SL Hit,2511.07,2,1177.150000000006,160.0,0.8649999999997817,-1.9950000000003456
2024-08-26 06:20:00,2024-08-26 06:25:00,Short,2511.51,2513.1100000000006,-1.6000000000003638,SL Hit,2513.1100000000006,1,1175.5500000000056,5.0,2.0299999999997453,-1.1300000000001091
2024-08-26 06:30:00,2024-08-26 07:10:00,Short,2513.23,2516.85,-3.619999999999891,SL Hit,2516.85,1,1171.9300000000057,40.0,4.2800000000002,-1.8099999999999454
2024-08-27 00:10:00,2024-08-27 05:10:00,Short,2510.173333333333,2509.16,3.0399999999999636,SL Hit,2509.16,3,1174.9700000000057,300.0,6.356666666667024,-4.403333333333194
2024-08-27 05:15:00,2024-08-27 07:35:00,Long,2508.89,2507.85,-1.0399999999999636,SL Hit,2507.85,1,1173.9300000000057,140.0,-1.1299999999996544,8.480000000000018
2024-08-27 08:05:00,2024-08-27 08:15:00,Short,2509.34,2510.76,-1.4200000000000728,SL Hit,2510.76,1,1172.5100000000057,10.0,2.2799999999997453,-0.8900000000003274
2024-08-27 13:25:00,2024-08-27 13:35:00,Short,2506.39,2511.1299999999997,-4.739999999999782,SL Hit,2511.1299999999997,1,1167.770000000006,10.0,6.519999999999982,-2.369999999999891
2024-08-27 18:00:00,2024-08-27 18:10:00,Long,2519.85,2519.85,0.0,SL Hit,2519.85,1,1167.770000000006,10.0,-0.5499999999997272,1.4600000000000364
2024-08-27 23:00:00,2024-08-27 23:35:00,Long,2525.26,2525.2,-0.06000000000040018,SL Hit,2525.2,1,1167.7100000000055,35.0,-0.3200000000001637,3.5599999999999454
2024-08-28 00:40:00,2024-08-28 09:40:00,Short,2516.52,2511.08,10.88000000000011,SL Hit,2511.08,2,1178.5900000000056,540.0,8.639999999999873,-12.63000000000011
2024-08-28 09:45:00,2024-08-28 09:55:00,Long,2510.43,2509.8700000000003,-0.5599999999994907,SL Hit,2509.8700000000003,1,1178.030000000006,10.0,-0.569999999999709,0.5900000000001455
2024-08-28 15:40:00,2024-08-28 15:55:00,Long,2508.18,2507.0800000000004,-1.0999999999994543,SL Hit,2507.0800000000004,1,1176.9300000000067,15.0,-3.3799999999996544,1.8700000000003456
2024-08-28 22:05:00,2024-08-28 22:15:00,Short,2505.1,2505.9,-0.8000000000001819,SL Hit,2505.9,1,1176.1300000000065,10.0,1.1300000000001091,-10.599999999999909
2024-08-29 02:40:00,2024-08-29 02:45:00,Long,2514.44,2513.48,-0.9600000000000364,SL Hit,2513.48,1,1175.1700000000064,5.0,-1.2400000000002365,0.32999999999992724
2024-08-29 03:50:00,2024-08-29 12:25:00,Long,2518.335,2515.4,-11.739999999999782,SL Hit,2515.4,4,1163.4300000000067,515.0,-4.735000000000127,5.974999999999909
2024-08-29 12:30:00,2024-08-29 15:10:00,Short,2514.03,2524.7500000000005,-10.720000000000255,SL Hit,2524.7500000000005,1,1152.7100000000064,160.0,11.029999999999745,-10.090000000000146
2024-08-29 20:40:00,2024-08-30 06:20:00,Short,2517.0733333333333,2517.69,-1.8500000000003638,SL Hit,2517.69,3,1150.860000000006,580.0,4.926666666666733,-5.073333333333267
2024-08-30 09:00:00,2024-08-30 10:10:00,Long,2522.89,2522.5499999999997,-0.3400000000001455,SL Hit,2522.5499999999997,1,1150.520000000006,70.0,-1.2899999999999636,3.8099999999999454
2024-08-30 14:10:00,2024-09-01 21:05:00,Short,2506.7233333333334,2503.69,9.099999999999909,SL Hit,2503.69,3,1159.6200000000058,3295.0,11.436666666666497,-11.933333333333394
2024-09-01 23:25:00,2024-09-02 00:35:00,Short,2502.85,2503.5899999999997,-0.7399999999997817,SL Hit,2503.5899999999997,1,1158.880000000006,70.0,0.8000000000001819,-1.849999999999909
2024-09-02 06:20:00,2024-09-02 06:30:00,Long,2497.92,2497.6000000000004,-0.31999999999970896,SL Hit,2497.6000000000004,1,1158.5600000000063,10.0,-0.45000000000027285,3.130000000000109
2024-09-02 17:50:00,2024-09-03 04:25:00,Short,2497.3,2496.27,4.1200000000008,SL Hit,2496.27,4,1162.680000000007,635.0,2.5099999999997635,-7.180000000000291
2024-09-03 05:50:00,2024-09-03 06:50:00,Short,2495.02,2497.64,-2.619999999999891,SL Hit,2497.64,1,1160.0600000000072,60.0,2.6399999999998727,-2.269999999999982
2024-09-03 06:50:00,2024-09-03 10:25:00,Long,2496.53,2495.6299999999997,-0.9000000000005457,SL Hit,2495.6299999999997,1,1159.1600000000067,215.0,-1.7300000000000182,9.4399999999996
2024-09-03 19:20:00,2024-09-04 01:00:00,Long,2492.4425,2492.15,-1.1700000000000728,SL Hit,2492.15,4,1157.9900000000066,340.0,-1.742500000000291,2.167500000000018
2024-09-04 14:20:00,2024-09-04 18:05:00,Long,2492.5,2492.87,0.7399999999997817,SL Hit,2492.87,2,1158.7300000000064,225.0,-3.8099999999999454,7.3400000000001455
2024-09-04 18:30:00,2024-09-04 18:50:00,Short,2493.32,2494.060000000001,-0.7400000000006912,SL Hit,2494.060000000001,1,1157.9900000000057,20.0,1.3299999999999272,-0.6700000000000728
2024-09-04 19:35:00,2024-09-04 23:10:00,Short,2492.52,2495.43,-5.819999999999709,SL Hit,2495.43,2,1152.170000000006,215.0,3.349999999999909,-1.8200000000001637
2024-09-05 01:15:00,2024-09-05 03:55:00,Long,2496.05,2495.05,-1.0,SL Hit,2495.05,1,1151.170000000006,160.0,-1.3200000000001637,3.0
2024-09-05 05:50:00,2024-09-05 13:10:00,Long,2511.7599999999998,2513.7,5.820000000000164,SL Hit,2513.7,3,1156.9900000000061,440.0,-12.059999999999945,11.010000000000218
2024-09-05 13:50:00,2024-09-05 14:15:00,Short,2514.3,2515.3,-1.0,SL Hit,2515.3,1,1155.9900000000061,25.0,5.699999999999818,-7.100000000000364
2024-09-05 15:15:00,2024-09-05 17:15:00,Short,2508.25,2512.17,-3.9200000000000728,SL Hit,2512.17,1,1152.070000000006,120.0,3.980000000000018,-2.8099999999999454
2024-09-05 22:05:00,2024-09-05 22:10:00,Long,2516.14,2516.14,0.0,SL Hit,2516.14,1,1152.070000000006,5.0,-0.009999999999763531,0.30999999999994543
2024-09-05 23:05:00,2024-09-06 00:35:00,Long,2517.145,2515.72,-2.850000000000364,SL Hit,2515.72,2,1149.2200000000057,90.0,-1.625,0.5050000000001091
2024-09-06 00:55:00,2024-09-06 02:45:00,Short,2516.41,2517.5899999999992,-1.1799999999993815,SL Hit,2517.5899999999992,1,1148.0400000000063,110.0,1.3099999999999454,-3.449999999999818
2024-09-06 02:50:00,2024-09-06 06:35:00,Long,2518.005,2517.2,-1.610000000000582,SL Hit,2517.2,2,1146.4300000000057,225.0,-2.105000000000018,3.3449999999998
2024-09-06 06:40:00,2024-09-06 07:55:00,Long,2518.59,2516.84,-3.5,SL Hit,2516.84,2,1142.9300000000057,75.0,-2.050000000000182,1.1799999999998363
2024-09-06 08:00:00,2024-09-06 08:10:00,Short,2516.51,2518.1500000000005,-1.6400000000003274,SL Hit,2518.1500000000005,1,1141.2900000000054,10.0,1.6499999999996362,-0.8200000000001637
2024-09-06 08:20:00,2024-09-06 08:25:00,Long,2516.66,2516.66,0.0,SL Hit,2516.66,1,1141.2900000000054,5.0,-0.44000000000005457,0.6600000000003092
2024-09-06 09:15:00,2024-09-06 11:40:00,Long,2517.38,2516.2,-1.180000000000291,SL Hit,2516.2,1,1140.1100000000051,145.0,-1.5100000000002183,2.699999999999818
2024-09-06 12:00:00,2024-09-06 12:30:00,Short,2514.465,2520.08,-11.229999999999563,SL Hit,2520.08,2,1128.8800000000056,30.0,13.204999999999927,-2.0850000000000364
2024-09-06 13:15:00,2024-09-06 19:45:00,Short,2506.185,2496.62,38.26000000000022,SL Hit,2496.62,4,1167.1400000000058,390.0,11.695000000000164,-21.085000000000036
2024-09-06 19:50:00,2024-09-06 20:00:00,Long,2495.82,2495.4199999999996,-0.4000000000005457,SL Hit,2495.4199999999996,1,1166.7400000000052,10.0,-0.5100000000002183,0.7999999999997272
2024-09-08 22:05:00,2024-09-08 22:30:00,Long,2496.72,2495.0800000000004,-1.639999999999418,SL Hit,2495.0800000000004,1,1165.1000000000058,25.0,-1.7199999999998,1.0100000000002183
2024-09-08 23:30:00,2024-09-08 23:35:00,Short,2495.95,2496.5499999999993,-0.5999999999994543,SL Hit,2496.5499999999993,1,1164.5000000000064,5.0,0.8400000000001455,-1.25
2024-09-08 23:40:00,2024-09-09 01:10:00,Short,2496.2400000000002,2498.0,-5.279999999999291,SL Hit,2498.0,3,1159.220000000007,90.0,1.9599999999995816,-1.330000000000382
2024-09-09 01:15:00,2024-09-09 04:45:00,Long,2498.26,2496.76,-4.5,SL Hit,2496.76,3,1154.720000000007,210.0,-2.4900000000002365,2.049999999999727
2024-09-09 04:50:00,2024-09-09 09:25:00,Short,2494.24,2496.45,-4.420000000000073,SL Hit,2496.45,2,1150.300000000007,275.0,4.190000000000055,-8.429999999999836
2024-09-09 09:45:00,2024-09-09 10:15:00,Long,2495.86,2495.72,-0.14000000000032742,SL Hit,2495.72,1,1150.1600000000067,30.0,-1.4200000000000728,3.1799999999998363
2024-09-10 04:25:00,2024-09-10 05:15:00,Short,2501.68,2502.6,-0.9200000000000728,SL Hit,2502.6,1,1149.2400000000066,50.0,1.2699999999999818,-0.9899999999997817
2024-09-10 05:55:00,2024-09-10 06:25:00,Long,2503.59,2503.51,-0.07999999999992724,SL Hit,2503.51,1,1149.1600000000067,30.0,-0.1000000000003638,2.819999999999709
2024-09-10 15:40:00,2024-09-10 15:50:00,Long,2514.28,2514.28,0.0,SL Hit,2514.28,1,1149.1600000000067,10.0,-0.9800000000000182,2.769999999999982
2024-09-10 19:20:00,2024-09-10 19:35:00,Long,2514.56,2514.56,0.0,SL Hit,2514.56,1,1149.1600000000067,15.0,-1.3600000000001273,1.300000000000182
2024-09-11 05:45:00,2024-09-11 10:15:00,Long,2523.225,2520.73,-4.989999999999782,SL Hit,2520.73,2,1144.170000000007,270.0,-3.625,4.805000000000291
2024-09-11 14:10:00,2024-09-11 15:05:00,Short,2504.795,2512.39,-15.1899999999996,SL Hit,2512.39,2,1128.9800000000073,55.0,7.724999999999909,-0.9949999999998909
2024-09-11 15:10:00,2024-09-11 19:00:00,Long,2511.98,2510.5800000000004,-1.3999999999996362,SL Hit,2510.5800000000004,1,1127.5800000000077,230.0,-1.949999999999818,7.449999999999818
2024-09-12 01:25:00,2024-09-12 01:55:00,Long,2513.02,2513.02,0.0,SL Hit,2513.02,1,1127.5800000000077,30.0,-0.3000000000001819,1.800000000000182
2024-09-12 03:45:00,2024-09-12 07:15:00,Long,2514.75,2514.59,-0.15999999999985448,SL Hit,2514.59,1,1127.4200000000078,210.0,-0.23999999999978172,7.0300000000002
2024-09-12 10:05:00,2024-09-12 10:20:00,Long,2518.78,2518.78,0.0,SL Hit,2518.78,1,1127.4200000000078,15.0,-0.24000000000023647,2.1299999999996544
2024-09-12 14:55:00,2024-09-12 15:15:00,Long,2550.61,2550.61,0.0,SL Hit,2550.61,1,1127.4200000000078,20.0,-1.0900000000001455,4.0099999999997635
2024-09-12 18:20:00,2024-09-13 15:15:00,Long,2563.7133333333336,2573.7,59.919999999997344,SL Hit,2573.7,6,1187.3400000000051,1255.0,-10.413333333333412,19.306666666666388
2024-09-13 16:25:00,2024-09-13 16:40:00,Long,2582.1,2581.1,-1.0,SL Hit,2581.1,1,1186.3400000000051,15.0,-2.0399999999999636,1.150000000000091
2024-09-13 16:55:00,2024-09-13 17:10:00,Long,2583.37,2582.55,-0.819999999999709,SL Hit,2582.55,1,1185.5200000000054,15.0,-1.069999999999709,2.3099999999999454
2024-09-16 01:20:00,2024-09-16 07:20:00,Long,2580.18,2580.18,0.0,SL Hit,2580.18,1,1185.5200000000054,360.0,-0.25999999999976353,9.059999999999945
2024-09-16 13:55:00,2024-09-16 14:00:00,Long,2588.49,2587.2300000000005,-1.2599999999993088,SL Hit,2587.2300000000005,1,1184.2600000000061,5.0,-4.75,0.680000000000291
2024-09-16 14:25:00,2024-09-17 00:00:00,Short,2580.42,2583.99,-10.709999999999127,SL Hit,2583.99,3,1173.550000000007,575.0,3.6700000000000728,-4.329999999999927
2024-09-17 00:50:00,2024-09-17 02:10:00,Short,2581.1,2584.18,-6.1599999999998545,SL Hit,2584.18,2,1167.3900000000071,80.0,4.050000000000182,-2.5599999999999454
2024-09-17 03:30:00,2024-09-17 06:05:00,Short,2579.35,2581.43,-2.0799999999999272,SL Hit,2581.43,1,1165.3100000000072,155.0,2.5,-4.799999999999727
2024-09-17 09:50:00,2024-09-17 11:45:00,Short,2574.94,2581.1,-6.1599999999998545,SL Hit,2581.1,1,1159.1500000000074,115.0,6.329999999999927,-5.059999999999945
2024-09-17 14:55:00,2024-09-18 01:00:00,Short,2574.7533333333336,2574.66,0.2800000000011096,SL Hit,2574.66,3,1159.4300000000085,605.0,1.9766666666664605,-13.653333333333649
2024-09-18 01:20:00,2024-09-18 01:25:00,Long,2574.15,2574.15,0.0,SL Hit,2574.15,1,1159.4300000000085,5.0,-0.41000000000030923,1.8099999999999454
2024-09-18 03:50:00,2024-09-18 04:05:00,Long,2575.43,2575.43,0.0,SL Hit,2575.43,1,1159.4300000000085,15.0,-1.1099999999996726,0.7699999999999818
2024-09-18 04:35:00,2024-09-18 09:55:00,Short,2570.376666666667,2571.79,-4.239999999998872,SL Hit,2571.79,3,1155.1900000000096,320.0,2.1433333333329756,-4.776666666667097
2024-09-18 10:00:00,2024-09-18 10:10:00,Long,2572.2,2571.3,-0.8999999999996362,SL Hit,2571.3,1,1154.29000000001,10.0,-1.0799999999999272,0.5300000000002001
2024-09-18 10:15:00,2024-09-18 13:40:00,Long,2573.73,2573.52,-0.6300000000001091,SL Hit,2573.52,3,1153.6600000000099,205.0,-2.4099999999998545,6.670000000000073
2024-09-18 14:10:00,2024-09-18 16:55:00,Short,2571.2833333333333,2574.14,-8.569999999999709,SL Hit,2574.14,3,1145.0900000000101,165.0,3.836666666666588,-3.0733333333332666
2024-09-18 17:55:00,2024-09-18 18:00:00,Short,2567.7,2569.8599999999997,-2.1599999999998545,SL Hit,2569.8599999999997,1,1142.9300000000103,5.0,18.240000000000236,-1.0799999999999272
2024-09-19 07:25:00,2024-09-19 12:35:00,Long,2582.965,2584.78,3.630000000000109,SL Hit,2584.78,2,1146.5600000000104,310.0,-5.9650000000001455,11.434999999999945
2024-09-20 00:50:00,2024-09-20 01:20:00,Long,2587.875,2585.3,-5.149999999999636,SL Hit,2585.3,2,1141.4100000000108,30.0,-2.9549999999999272,0.5549999999998363
2024-09-20 01:25:00,2024-09-20 01:30:00,Short,2585.41,2585.8899999999994,-0.47999999999956344,SL Hit,2585.8899999999994,1,1140.9300000000112,5.0,2.5700000000001637,-0.32999999999992724
2024-09-20 01:40:00,2024-09-20 09:55:00,Long,2596.4224999999997,2604.7,33.11000000000058,SL Hit,2604.7,4,1174.0400000000118,495.0,-10.172499999999673,15.987500000000182
2024-09-23 18:15:00,2024-09-24 01:15:00,Short,2627.84,2629.34,-1.5,SL Hit,2629.34,1,1172.5400000000118,420.0,2.0099999999997635,-4.079999999999927
2024-09-24 06:35:00,2024-09-24 06:45:00,Short,2625.82,2628.28,-2.4600000000000364,SL Hit,2628.28,1,1170.0800000000118,10.0,3.3399999999996908,-1.2300000000000182
2024-09-24 11:55:00,2024-09-24 12:30:00,Short,2626.75,2629.0699999999997,-2.319999999999709,SL Hit,2629.0699999999997,1,1167.760000000012,35.0,2.619999999999891,-2.8600000000001273
2024-09-24 13:15:00,2024-09-24 13:45:00,Long,2632.6,2632.6,0.0,SL Hit,2632.6,1,1167.760000000012,30.0,-0.8600000000001273,4.360000000000127
2024-09-24 18:20:00,2024-09-25 01:30:00,Long,2657.27,2656.58,-2.0700000000001637,SL Hit,2656.58,3,1165.6900000000119,430.0,-2.9200000000000728,6.760000000000218
2024-09-25 02:15:00,2024-09-25 05:50:00,Long,2662.375,2655.62,-13.510000000000218,SL Hit,2655.62,2,1152.1800000000117,215.0,-7.824999999999818,7.324999999999818
2024-09-25 05:55:00,2024-09-25 06:00:00,Short,2657.81,2658.73,-0.9200000000000728,SL Hit,2658.73,1,1151.2600000000116,5.0,1.599999999999909,-1.0399999999999636
2024-09-25 06:20:00,2024-09-25 12:00:00,Short,2655.4133333333334,2658.13,-8.150000000000091,SL Hit,2658.13,3,1143.1100000000115,340.0,3.9966666666664423,-3.153333333333194
2024-09-25 16:15:00,2024-09-25 17:20:00,Short,2655.76,2657.8200000000006,-2.0600000000004,SL Hit,2657.8200000000006,1,1141.050000000011,65.0,2.449999999999818,-5.210000000000036
2024-09-26 01:10:00,2024-09-26 01:15:00,Long,2659.31,2658.85,-0.4600000000000364,SL Hit,2658.85,1,1140.590000000011,5.0,-0.7899999999999636,1.3299999999999272
2024-09-26 01:20:00,2024-09-26 01:25:00,Long,2658.92,2658.2,-0.7200000000002547,SL Hit,2658.2,1,1139.8700000000108,5.0,-1.2000000000002728,1.199999999999818
2024-09-26 01:30:00,2024-09-26 02:45:00,Long,2658.13,2657.4300000000003,-0.6999999999998181,SL Hit,2657.4300000000003,1,1139.170000000011,75.0,-0.8000000000001819,3.2100000000000364
2024-09-26 03:15:00,2024-09-26 13:10:00,Long,2664.552,2667.03,12.390000000000327,SL Hit,2667.03,5,1151.5600000000113,595.0,-6.2719999999999345,20.577999999999975
2024-09-26 13:30:00,2024-09-26 18:10:00,Short,2668.085,2672.83,-9.489999999999782,SL Hit,2672.83,2,1142.0700000000115,280.0,5.324999999999818,-12.775000000000091
2024-09-26 23:45:00,2024-09-26 23:50:00,Long,2672.21,2672.21,0.0,SL Hit,2672.21,1,1142.0700000000115,5.0,-0.21000000000003638,0.6700000000000728
2024-09-27 00:20:00,2024-09-27 03:35:00,Short,2670.503333333333,2672.45,-5.8400000000001455,SL Hit,2672.45,3,1136.2300000000114,195.0,2.466666666666697,-4.073333333333267
2024-09-27 05:30:00,2024-09-27 11:45:00,Short,2666.255,2668.85,-5.1899999999996,SL Hit,2668.85,2,1131.0400000000118,375.0,2.8049999999998363,-7.805000000000291
2024-09-27 17:35:00,2024-09-27 19:50:00,Short,2646.72,2652.399999999999,-5.6799999999993815,SL Hit,2652.399999999999,1,1125.3600000000124,135.0,5.860000000000127,-3.349999999999909
2024-09-30 06:20:00,2024-09-30 07:35:00,Long,2656.4,2655.9599999999996,-0.4400000000005093,SL Hit,2655.9599999999996,1,1124.920000000012,75.0,-0.9100000000003092,4.079999999999927
2024-09-30 07:55:00,2024-09-30 08:05:00,Short,2651.46,2652.7,-1.2399999999997817,SL Hit,2652.7,1,1123.6800000000121,10.0,1.9099999999998545,-0.8800000000001091
2024-09-30 09:10:00,2024-09-30 16:15:00,Short,2641.566666666667,2636.18,16.160000000001673,SL Hit,2636.18,3,1139.8400000000138,425.0,9.813333333333048,-12.56666666666706
2024-09-30 18:15:00,2024-09-30 20:55:00,Short,2629.85,2634.35,-4.5,SL Hit,2634.35,1,1135.3400000000138,160.0,4.980000000000018,-4.599999999999909
2024-09-30 23:20:00,2024-10-01 20:05:00,Long,2650.865,2657.8,55.4800000000032,SL Hit,2657.8,8,1190.820000000017,1245.0,-17.264999999999873,21.715000000000146
2024-10-02 01:10:00,2024-10-02 01:20:00,Short,2658.03,2659.310000000001,-1.2800000000006548,SL Hit,2659.310000000001,1,1189.5400000000163,10.0,1.3299999999999272,-1.680000000000291
2024-10-02 03:50:00,2024-10-02 13:20:00,Short,2652.5119999999997,2655.27,-13.790000000001328,SL Hit,2655.27,5,1175.750000000015,570.0,3.9780000000000655,-8.091999999999643
2024-10-02 13:45:00,2024-10-02 14:25:00,Long,2654.79,2654.17,-0.6199999999998909,SL Hit,2654.17,1,1175.1300000000151,40.0,-1.3200000000001637,7.380000000000109
2024-10-02 18:10:00,2024-10-03 01:10:00,Long,2655.5950000000003,2656.83,2.469999999999345,SL Hit,2656.83,2,1177.6000000000145,420.0,-4.2150000000001455,6.8849999999997635
2024-10-03 01:20:00,2024-10-03 10:40:00,Short,2652.33,2647.31,20.079999999999927,SL Hit,2647.31,4,1197.6800000000144,560.0,6.119999999999891,-11.400000000000091
2024-10-03 12:15:00,2024-10-03 12:40:00,Long,2647.22,2646.56,-0.6599999999998545,SL Hit,2646.56,1,1197.0200000000145,25.0,-2.4399999999996,3.830000000000382
2024-10-03 12:55:00,2024-10-03 13:00:00,Short,2643.03,2644.650000000001,-1.6200000000008004,SL Hit,2644.650000000001,1,1195.4000000000137,5.0,1.7599999999997635,-0.8100000000004002
2024-10-03 13:05:00,2024-10-03 13:30:00,Short,2645.5550000000003,2651.05,-10.989999999999782,SL Hit,2651.05,2,1184.410000000014,25.0,5.524999999999636,-3.225000000000364
2024-10-03 15:20:00,2024-10-03 15:25:00,Long,2651.68,2651.4,-0.27999999999974534,SL Hit,2651.4,1,1184.1300000000142,5.0,-1.0899999999996908,0.900000000000091
2024-10-03 15:30:00,2024-10-03 15:35:00,Long,2652.23,2651.2099999999996,-1.0200000000004366,SL Hit,2651.2099999999996,1,1183.1100000000138,5.0,-2.0700000000001637,2.150000000000091
2024-10-03 22:15:00,2024-10-04 00:30:00,Short,2655.47,2657.0499999999997,-1.5799999999999272,SL Hit,2657.0499999999997,1,1181.5300000000138,135.0,1.8700000000003456,-1.3699999999998909
2024-10-04 09:05:00,2024-10-04 11:40:00,Short,2659.95,2661.0699999999997,-1.1199999999998909,SL Hit,2661.0699999999997,1,1180.410000000014,155.0,1.4100000000003092,-3.0
2024-10-04 12:20:00,2024-10-04 15:00:00,Short,2648.8999999999996,2662.5,-27.200000000000728,SL Hit,2662.5,2,1153.2100000000132,160.0,14.080000000000382,-16.78999999999951
2024-10-07 08:00:00,2024-10-07 09:00:00,Long,2652.2,2651.5600000000004,-0.6399999999994179,SL Hit,2651.5600000000004,1,1152.5700000000138,60.0,-1.2799999999997453,3.8900000000003274
2024-10-07 11:00:00,2024-10-07 12:20:00,Long,2656.91,2655.29,-3.2399999999997817,SL Hit,2655.29,2,1149.330000000014,80.0,-6.529999999999745,2.480000000000018
2024-10-07 22:30:00,2024-10-07 22:45:00,Long,2644.36,2642.64,-1.7200000000002547,SL Hit,2642.64,1,1147.6100000000138,15.0,-2.0599999999999454,3.900000000000091
2024-10-08 01:25:00,2024-10-08 01:50:00,Short,2641.1949999999997,2644.75,-7.110000000000582,SL Hit,2644.75,2,1140.5000000000132,25.0,3.675000000000182,-2.974999999999909
2024-10-08 05:40:00,2024-10-08 06:30:00,Long,2645.285,2641.3,-7.969999999999345,SL Hit,2641.3,2,1132.5300000000138,50.0,-5.264999999999873,1.025000000000091
2024-10-08 09:40:00,2024-10-08 13:25:00,Long,2638.99,2638.99,0.0,SL Hit,2638.99,1,1132.5300000000138,225.0,-2.169999999999618,13.620000000000346
2024-10-09 02:15:00,2024-10-09 05:05:00,Short,2617.575,2620.21,-5.270000000000437,SL Hit,2620.21,2,1127.2600000000134,170.0,3.2350000000001273,-2.474999999999909
2024-10-09 22:10:00,2024-10-09 23:00:00,Short,2606.29,2607.67,-1.3800000000001091,SL Hit,2607.67,1,1125.8800000000133,50.0,2.3200000000001637,-0.6900000000000546
2024-10-10 00:35:00,2024-10-10 06:45:00,Long,2610.5699999999997,2611.38,3.2400000000016007,SL Hit,2611.38,4,1129.120000000015,370.0,-3.369999999999891,6.220000000000255
2024-10-10 06:50:00,2024-10-10 07:00:00,Short,2611.91,2612.87,-0.9600000000000364,SL Hit,2612.87,1,1128.1600000000149,10.0,1.0300000000002,-1.199999999999818
2024-10-10 07:10:00,2024-10-10 07:35:00,Short,2611.31,2616.15,-9.680000000000291,SL Hit,2616.15,2,1118.4800000000146,25.0,4.849999999999909,-1.2100000000000364
2024-10-10 07:45:00,2024-10-10 08:00:00,Long,2616.36,2615.06,-1.300000000000182,SL Hit,2615.06,1,1117.1800000000144,15.0,-2.0700000000001637,0.32999999999992724
2024-10-10 09:30:00,2024-10-10 09:40:00,Long,2616.97,2616.7500000000005,-0.21999999999934516,SL Hit,2616.7500000000005,1,1116.960000000015,10.0,-0.5599999999999454,1.080000000000382
2024-10-10 10:50:00,2024-10-10 11:05:00,Long,2617.33,2616.8900000000003,-0.4399999999995998,SL Hit,2616.8900000000003,1,1116.5200000000154,15.0,-0.8099999999999454,1.5
2024-10-10 12:40:00,2024-10-10 13:20:00,Long,2618.15,2617.6699999999996,-0.48000000000047294,SL Hit,2617.6699999999996,1,1116.040000000015,40.0,-0.5500000000001819,8.759999999999764
2024-10-10 13:55:00,2024-10-10 14:05:00,Long,2625.75,2625.75,0.0,SL Hit,2625.75,1,1116.040000000015,10.0,-1.0,3.550000000000182
2024-10-10 14:10:00,2024-10-10 16:55:00,Long,2626.3866666666668,2619.1,-21.860000000000582,SL Hit,2619.1,3,1094.1800000000144,165.0,-7.546666666666624,2.9233333333331757
2024-10-10 18:45:00,2024-10-10 18:50:00,Long,2628.07,2627.7099999999996,-0.3600000000005821,SL Hit,2627.7099999999996,1,1093.8200000000138,5.0,-1.7100000000000364,0.8999999999996362
2024-10-10 19:10:00,2024-10-10 19:50:00,Long,2628.45,2628.45,0.0,SL Hit,2628.45,1,1093.8200000000138,40.0,-0.08999999999969077,2.8100000000004
2024-10-10 23:20:00,2024-10-11 06:25:00,Long,2636.603333333333,2643.11,19.520000000001346,SL Hit,2643.11,3,1113.3400000000152,425.0,-5.503333333333103,10.206666666666933
2024-10-11 12:15:00,2024-10-11 12:35:00,Long,2645.22,2644.7400000000002,-0.47999999999956344,SL Hit,2644.7400000000002,1,1112.8600000000156,20.0,-2.0099999999997635,4.730000000000018
2024-10-11 14:05:00,2024-10-11 18:30:00,Long,2651.9233333333336,2656.46,13.609999999999218,SL Hit,2656.46,3,1126.4700000000148,265.0,-5.463333333333594,9.366666666666333
2024-10-11 18:35:00,2024-10-11 18:45:00,Short,2656.46,2657.2799999999997,-0.819999999999709,SL Hit,2657.2799999999997,1,1125.650000000015,10.0,1.550000000000182,-0.4099999999998545
2024-10-11 20:50:00,2024-10-14 03:40:00,Short,2652.465,2656.97,-9.009999999999309,SL Hit,2656.97,2,1116.6400000000158,3290.0,4.774999999999636,-9.144999999999982
2024-10-14 06:25:00,2024-10-14 09:40:00,Long,2664.09,2656.96,-14.260000000000218,SL Hit,2656.96,2,1102.3800000000156,195.0,-7.309999999999945,2.25
2024-10-14 09:45:00,2024-10-14 09:50:00,Short,2658.95,2659.0899999999992,-0.13999999999941792,SL Hit,2659.0899999999992,1,1102.2400000000162,5.0,0.8600000000001273,-0.7999999999997272
2024-10-14 14:25:00,2024-10-15 07:30:00,Short,2649.265,2652.57,-13.220000000001164,SL Hit,2652.57,4,1089.020000000015,1025.0,4.075000000000273,-10.924999999999727
2024-10-15 09:15:00,2024-10-15 11:25:00,Long,2652.135,2651.18,-1.910000000000764,SL Hit,2651.18,2,1087.1100000000142,130.0,-1.2250000000003638,4.324999999999818
2024-10-15 11:35:00,2024-10-15 12:20:00,Short,2652.26,2655.040000000001,-2.780000000000655,SL Hit,2655.040000000001,1,1084.3300000000136,45.0,2.9899999999997817,-6.210000000000036
2024-10-16 01:10:00,2024-10-16 11:00:00,Long,2666.506,2673.22,33.56999999999971,SL Hit,2673.22,5,1117.9000000000133,590.0,-6.005999999999858,15.884000000000015
2024-10-16 13:10:00,2024-10-16 13:50:00,Long,2681.34,2679.4799999999996,-1.860000000000582,SL Hit,2679.4799999999996,1,1116.0400000000127,40.0,-5.890000000000327,3.730000000000018
2024-10-17 09:15:00,2024-10-17 10:15:00,Short,2679.545,2683.78,-8.470000000000255,SL Hit,2683.78,2,1107.5700000000124,60.0,5.264999999999873,-2.4450000000001637
2024-10-17 12:35:00,2024-10-17 12:50:00,Short,2676.13,2678.9700000000003,-2.8400000000001455,SL Hit,2678.9700000000003,1,1104.7300000000123,15.0,3.4200000000000728,-2.119999999999891
2024-10-17 22:20:00,2024-10-18 06:20:00,Long,2697.0199999999995,2706.2,36.720000000001164,SL Hit,2706.2,4,1141.4500000000135,480.0,-6.019999999999527,16.750000000000455
2024-10-18 08:35:00,2024-10-18 08:45:00,Short,2703.11,2705.53,-2.4200000000000728,SL Hit,2705.53,1,1139.0300000000134,10.0,2.6099999999996726,-1.2100000000000364
2024-10-18 09:15:00,2024-10-18 11:30:00,Long,2710.5533333333333,2708.1,-7.360000000000127,SL Hit,2708.1,3,1131.6700000000133,135.0,-2.513333333333321,2.5566666666668425
2024-10-18 11:35:00,2024-10-18 12:25:00,Short,2710.11,2713.06,-5.899999999999636,SL Hit,2713.06,2,1125.7700000000136,50.0,3.9899999999997817,-1.599999999999909
2024-10-18 13:25:00,2024-10-18 13:40:00,Short,2707.63,2711.21,-3.5799999999999272,SL Hit,2711.21,1,1122.1900000000137,15.0,4.5099999999997635,-2.8299999999999272
2024-10-18 20:35:00,2024-10-18 20:55:00,Long,2720.8,2720.6799999999994,-0.12000000000080036,SL Hit,2720.6799999999994,1,1122.070000000013,20.0,-0.2699999999999818,1.6099999999996726
2024-10-21 08:25:00,2024-10-21 14:25:00,Long,2735.1940000000004,2733.78,-7.070000000001073,SL Hit,2733.78,5,1115.0000000000118,360.0,-7.424000000000433,5.265999999999622
2024-10-21 18:50:00,2024-10-21 22:45:00,Short,2719.24,2720.87,-3.2600000000002183,SL Hit,2720.87,2,1111.7400000000116,235.0,1.680000000000291,-5.839999999999691
2024-10-21 22:50:00,2024-10-21 22:55:00,Long,2720.61,2720.43,-0.18000000000029104,SL Hit,2720.43,1,1111.5600000000113,5.0,-1.1100000000001273,0.6599999999998545
2024-10-21 23:55:00,2024-10-22 09:40:00,Long,2728.5074999999997,2731.8,13.170000000001892,SL Hit,2731.8,4,1124.7300000000132,585.0,-8.607499999999618,9.642500000000382
2024-10-22 10:40:00,2024-10-22 11:15:00,Long,2738.14,2736.2599999999998,-1.8800000000001091,SL Hit,2736.2599999999998,1,1122.850000000013,35.0,-3.1099999999996726,0.8900000000003274
2024-10-22 11:45:00,2024-10-22 12:00:00,Short,2731.66,2733.2799999999997,-1.6199999999998909,SL Hit,2733.2799999999997,1,1121.2300000000132,15.0,1.6400000000003274,-2.1299999999996544
2024-10-22 15:05:00,2024-10-22 15:15:00,Long,2741.66,2741.66,0.0,SL Hit,2741.66,1,1121.2300000000132,10.0,-0.7999999999997272,2.400000000000091
2024-10-22 15:20:00,2024-10-22 15:35:00,Long,2741.86,2740.7599999999998,-1.1000000000003638,SL Hit,2740.7599999999998,1,1120.1300000000128,15.0,-2.2100000000000364,1.2399999999997817
2024-10-22 23:55:00,2024-10-23 03:50:00,Short,2743.8866666666668,2746.89,-9.009999999999309,SL Hit,2746.89,3,1111.1200000000135,235.0,3.133333333333212,-6.486666666666679
2024-10-23 03:55:00,2024-10-23 06:40:00,Long,2748.775,2748.4,-0.75,SL Hit,2748.4,2,1110.3700000000135,165.0,-2.9850000000001273,4.295000000000073
2024-10-23 06:45:00,2024-10-23 07:00:00,Short,2749.24,2750.699999999999,-1.4599999999991269,SL Hit,2750.699999999999,1,1108.9100000000144,15.0,2.130000000000109,-0.7299999999995634
2024-10-23 10:55:00,2024-10-23 11:15:00,Short,2751.08,2751.84,-0.7600000000002183,SL Hit,2751.84,1,1108.1500000000142,20.0,1.599999999999909,-2.1799999999998363
2024-10-24 04:55:00,2024-10-24 05:10:00,Long,2726.38,2725.92,-0.4600000000000364,SL Hit,2725.92,1,1107.6900000000142,15.0,-0.4600000000000364,0.8800000000001091
2024-10-24 08:30:00,2024-10-24 08:45:00,Long,2736.03,2736.03,0.0,SL Hit,2736.03,1,1107.6900000000142,15.0,-0.75,1.5399999999999636
2024-10-24 08:50:00,2024-10-24 11:15:00,Long,2737.47,2735.9,-4.709999999999127,SL Hit,2735.9,3,1102.980000000015,145.0,-2.1299999999996544,1.550000000000182
2024-10-24 12:50:00,2024-10-24 13:00:00,Long,2739.0,2737.8,-1.199999999999818,SL Hit,2737.8,1,1101.7800000000152,10.0,-2.300000000000182,0.8899999999998727
2024-10-24 13:05:00,2024-10-24 13:45:00,Long,2738.37,2737.49,-0.8800000000001091,SL Hit,2737.49,1,1100.900000000015,40.0,-2.9099999999998545,4.8400000000001455
2024-10-24 17:00:00,2024-10-25 00:00:00,Long,2734.8766666666666,2733.5,-4.129999999999654,SL Hit,2733.5,3,1096.7700000000154,420.0,-2.2766666666666424,2.733333333333576
2024-10-25 00:05:00,2024-10-25 06:40:00,Short,2730.0733333333333,2729.51,1.689999999999145,SL Hit,2729.51,3,1098.4600000000146,395.0,4.8766666666665515,-6.173333333333176
2024-10-25 08:10:00,2024-10-25 10:55:00,Short,2722.59,2722.15,0.8800000000001091,SL Hit,2722.15,2,1099.3400000000147,165.0,2.269999999999982,-5.450000000000273
2024-10-25 11:05:00,2024-10-27 22:00:00,Long,2731.8825,2740.1,32.86999999999898,SL Hit,2740.1,4,1132.2100000000137,3535.0,-10.352499999999964,16.327499999999873
2024-10-28 12:05:00,2024-10-28 18:20:00,Long,2739.0879999999997,2740.37,6.410000000000764,SL Hit,2740.37,5,1138.6200000000144,375.0,-7.437999999999647,6.39200000000028
2024-10-28 18:25:00,2024-10-28 18:40:00,Short,2740.44,2741.14,-0.6999999999998181,SL Hit,2741.14,1,1137.9200000000146,15.0,1.3699999999998909,-0.34999999999990905
2024-10-28 22:10:00,2024-10-28 23:50:00,Short,2741.31,2742.85,-3.0799999999999272,SL Hit,2742.85,2,1134.8400000000147,100.0,1.5399999999999636,-1.4400000000000546
2024-10-29 13:35:00,2024-10-30 02:30:00,Long,2770.0883333333336,2777.0,41.469999999998436,SL Hit,2777.0,6,1176.3100000000131,775.0,-14.198333333333721,11.82166666666626
2024-10-30 10:00:00,2024-10-30 10:40:00,Long,2784.63,2782.6899999999996,-1.9400000000005093,SL Hit,2782.6899999999996,1,1174.3700000000126,40.0,-2.5,1.7899999999999636
2024-10-30 11:20:00,2024-10-30 12:40:00,Short,2779.675,2781.61,-3.869999999999891,SL Hit,2781.61,2,1170.5000000000127,80.0,2.524999999999636,-4.695000000000164
2024-10-30 12:45:00,2024-10-30 13:30:00,Long,2782.675,2774.98,-15.390000000000327,SL Hit,2774.98,2,1155.1100000000124,45.0,-10.25500000000011,4.724999999999909
2024-10-31 05:35:00,2024-10-31 05:40:00,Short,2783.19,2783.89,-0.6999999999998181,SL Hit,2783.89,1,1154.4100000000126,5.0,0.8899999999998727,-0.34999999999990905
2024-10-31 08:05:00,2024-10-31 18:30:00,Short,2768.0924999999997,2743.53,98.24999999999818,SL Hit,2743.53,4,1252.6600000000108,625.0,14.297500000000127,-36.122499999999945
2024-11-01 03:45:00,2024-11-01 07:30:00,Long,2749.63,2749.21,-0.42000000000007276,SL Hit,2749.21,1,1252.2400000000107,225.0,-0.849999999999909,7.679999999999836
2024-11-01 12:50:00,2024-11-01 14:25:00,Long,2757.68,2750.4,-14.55999999999949,SL Hit,2750.4,2,1237.6800000000112,95.0,-8.7199999999998,3.8099999999999454
2024-11-01 14:30:00,2024-11-03 22:00:00,Short,2743.1800000000003,2737.96,15.660000000000764,SL Hit,2737.96,3,1253.340000000012,3330.0,9.039999999999509,-9.980000000000473
2024-11-04 02:00:00,2024-11-04 02:05:00,Long,2738.89,2738.89,0.0,SL Hit,2738.89,1,1253.340000000012,5.0,-0.6099999999996726,1.6700000000000728
2024-11-04 03:20:00,2024-11-04 05:30:00,Long,2740.75,2739.49,-1.2600000000002183,SL Hit,2739.49,1,1252.0800000000118,130.0,-1.3800000000001091,2.5700000000001637
2024-11-04 08:00:00,2024-11-04 08:30:00,Short,2735.38,2737.12,-1.7399999999997817,SL Hit,2737.12,1,1250.340000000012,30.0,2.650000000000091,-1.180000000000291
2024-11-04 15:05:00,2024-11-04 15:30:00,Long,2743.81,2739.57,-8.479999999999563,SL Hit,2739.57,2,1241.8600000000124,25.0,-4.849999999999909,1.3400000000001455
2024-11-04 15:45:00,2024-11-05 06:35:00,Short,2737.42,2737.03,1.169999999999618,SL Hit,2737.03,3,1243.030000000012,890.0,4.0099999999997635,-12.490000000000236
2024-11-05 13:40:00,2024-11-05 15:15:00,Long,2743.765,2736.62,-14.289999999999964,SL Hit,2736.62,2,1228.740000000012,95.0,-7.914999999999964,5.934999999999945
2024-11-05 15:20:00,2024-11-05 20:50:00,Short,2739.332,2742.05,-13.59000000000151,SL Hit,2742.05,5,1215.1500000000106,330.0,4.9780000000000655,-6.041999999999916
2024-11-05 20:55:00,2024-11-06 00:10:00,Long,2742.98,2742.16,-1.6400000000003274,SL Hit,2742.16,2,1213.5100000000102,195.0,-1.449999999999818,3.0799999999999272
2024-11-06 00:20:00,2024-11-06 01:40:00,Short,2740.475,2746.06,-11.170000000000073,SL Hit,2746.06,2,1202.3400000000101,80.0,7.394999999999982,-7.364999999999782
2024-11-06 08:20:00,2024-11-07 00:30:00,Short,2694.8783333333336,2664.06,184.91000000000167,SL Hit,2664.06,6,1387.2500000000118,970.0,38.18166666666639,-42.36833333333334
2024-11-07 01:15:00,2024-11-07 07:10:00,Short,2654.5874999999996,2660.53,-23.770000000002256,SL Hit,2660.53,4,1363.4800000000096,355.0,6.262500000000273,-8.02749999999969
2024-11-07 07:15:00,2024-11-07 08:45:00,Long,2660.27,2660.27,0.0,SL Hit,2660.27,1,1363.4800000000096,90.0,-1.3600000000001273,7.139999999999873
2024-11-07 10:30:00,2024-11-07 11:00:00,Long,2665.49,2665.49,0.0,SL Hit,2665.49,1,1363.4800000000096,30.0,-0.8099999999999454,2.730000000000018
2024-11-07 12:30:00,2024-11-07 19:00:00,Long,2682.5950000000003,2691.06,16.92999999999938,SL Hit,2691.06,2,1380.410000000009,390.0,-15.795000000000073,17.3449999999998
2024-11-07 19:15:00,2024-11-07 20:00:00,Short,2693.59,2698.55,-4.960000000000036,SL Hit,2698.55,1,1375.450000000009,45.0,5.920000000000073,-5.2800000000002
2024-11-08 13:45:00,2024-11-08 14:35:00,Long,2695.13,2694.87,-0.2600000000002183,SL Hit,2694.87,1,1375.1900000000087,50.0,-1.1600000000003092,8.769999999999982
2024-11-08 19:25:00,2024-11-08 19:30:00,Short,2684.07,2684.7100000000005,-0.6400000000003274,SL Hit,2684.7100000000005,1,1374.5500000000084,5.0,1.199999999999818,-0.3200000000001637
2024-11-11 12:50:00,2024-11-11 18:40:00,Short,2635.965,2617.98,35.970000000000255,SL Hit,2617.98,2,1410.5200000000086,350.0,23.47499999999991,-25.295000000000073
2024-11-11 18:55:00,2024-11-12 03:55:00,Long,2620.495,2619.01,-5.93999999999869,SL Hit,2619.01,4,1404.58000000001,540.0,-3.025000000000091,6.204999999999927
2024-11-13 05:15:00,2024-11-13 06:00:00,Short,2606.6,2607.1,-0.5,SL Hit,2607.1,1,1404.08000000001,45.0,0.6199999999998909,-2.9200000000000728
2024-11-13 11:15:00,2024-11-13 11:25:00,Long,2609.6,2608.48,-1.1199999999998909,SL Hit,2608.48,1,1402.96000000001,10.0,-1.150000000000091,0.2699999999999818
2024-11-13 13:35:00,2024-11-13 13:40:00,Long,2611.0,2611.0,0.0,SL Hit,2611.0,1,1402.96000000001,5.0,-0.7199999999997999,3.0700000000001637
2024-11-13 14:45:00,2024-11-13 23:20:00,Short,2586.9825,2576.92,40.25,SL Hit,2576.92,4,1443.21000000001,515.0,21.08750000000009,-15.222499999999854
2024-11-13 23:30:00,2024-11-14 04:55:00,Short,2571.043333333333,2564.93,18.33999999999969,SL Hit,2564.93,3,1461.5500000000097,325.0,9.826666666666824,-12.943333333333157
2024-11-14 05:30:00,2024-11-14 13:35:00,Short,2556.9425,2556.33,2.4500000000007276,SL Hit,2556.33,4,1464.0000000000105,485.0,3.3775000000000546,-19.382500000000164
2024-11-14 14:05:00,2024-11-14 20:05:00,Long,2564.485,2566.7,4.4299999999993815,SL Hit,2566.7,2,1468.4300000000098,360.0,-9.555000000000291,12.815000000000055
2024-11-15 10:35:00,2024-11-15 13:30:00,Long,2568.5766666666664,2565.1,-10.429999999999382,SL Hit,2565.1,3,1458.0000000000105,175.0,-7.386666666666315,6.55333333333374
2024-11-18 08:25:00,2024-11-18 08:30:00,Long,2586.64,2586.64,0.0,SL Hit,2586.64,1,1458.0000000000105,5.0,-0.599999999999909,1.3900000000003274
2024-11-18 09:25:00,2024-11-18 09:35:00,Long,2589.76,2589.76,0.0,SL Hit,2589.76,1,1458.0000000000105,10.0,-0.25,3.1899999999996
2024-11-18 13:10:00,2024-11-18 20:40:00,Long,2604.1519999999996,2608.41,21.290000000001328,SL Hit,2608.41,5,1479.2900000000118,450.0,-10.67199999999957,10.628000000000611
2024-11-18 23:15:00,2024-11-18 23:20:00,Long,2611.2,2611.2,0.0,SL Hit,2611.2,1,1479.2900000000118,5.0,-0.3999999999996362,0.9800000000000182
2024-11-19 00:05:00,2024-11-19 05:00:00,Long,2615.1433333333334,2621.3,18.470000000000255,SL Hit,2621.3,3,1497.760000000012,295.0,-4.0933333333332484,10.196666666666715
2024-11-19 05:05:00,2024-11-19 06:50:00,Short,2622.665,2625.02,-4.710000000000036,SL Hit,2625.02,2,1493.050000000012,105.0,3.394999999999982,-1.875
2024-11-19 08:55:00,2024-11-19 14:15:00,Long,2630.0,2629.01,-1.9799999999995634,SL Hit,2629.01,2,1491.0700000000124,320.0,-5.449999999999818,9.230000000000018
2024-11-19 14:45:00,2024-11-19 20:10:00,Short,2630.023333333333,2631.51,-4.460000000001401,SL Hit,2631.51,3,1486.610000000011,325.0,2.8366666666670426,-8.943333333333157
2024-11-20 14:30:00,2024-11-21 03:00:00,Long,2649.136,2651.87,13.669999999999618,SL Hit,2651.87,5,1500.2800000000107,750.0,-12.226000000000113,10.833999999999833
2024-11-21 03:05:00,2024-11-21 03:15:00,Short,2652.23,2653.1299999999997,-0.8999999999996362,SL Hit,2653.1299999999997,1,1499.380000000011,10.0,0.9699999999997999,-0.9099999999998545
2024-11-21 17:50:00,2024-11-21 18:05:00,Long,2669.41,2669.2300000000005,-0.17999999999938154,SL Hit,2669.2300000000005,1,1499.2000000000116,15.0,-0.34999999999990905,3.1600000000003092
2024-11-22 04:55:00,2024-11-22 05:30:00,Long,2687.0,2686.74,-0.2600000000002183,SL Hit,2686.74,1,1498.9400000000114,35.0,-2.3200000000001637,1.8099999999999454
2024-11-22 07:05:00,2024-11-22 07:10:00,Long,2692.24,2690.5600000000004,-1.6799999999993815,SL Hit,2690.5600000000004,1,1497.260000000012,5.0,-1.7599999999997635,0.6100000000001273
2024-11-22 07:15:00,2024-11-22 13:10:00,Long,2698.5733333333333,2697.21,-4.089999999999691,SL Hit,2697.21,3,1493.1700000000124,355.0,-7.983333333333121,11.336666666666588
2024-11-22 15:50:00,2024-11-22 16:00:00,Long,2701.19,2701.19,0.0,SL Hit,2701.19,1,1493.1700000000124,10.0,-0.21000000000003638,2.9400000000000546
2024-11-22 17:55:00,2024-11-25 14:05:00,Long,2707.7233333333334,2705.07,-7.959999999999582,SL Hit,2705.07,3,1485.2100000000128,4090.0,-38.66333333333341,8.096666666666806
2024-11-25 17:40:00,2024-11-25 23:15:00,Short,2626.72,2628.07,-4.050000000001091,SL Hit,2628.07,3,1481.1600000000117,335.0,1.9900000000002365,-10.480000000000018
2024-11-26 01:15:00,2024-11-26 01:25:00,Long,2625.59,2624.9300000000003,-0.6599999999998545,SL Hit,2624.9300000000003,1,1480.5000000000118,10.0,-1.2800000000002,3.0099999999997635
2024-11-26 09:45:00,2024-11-26 09:50:00,Long,2625.3,2624.16,-1.1400000000003274,SL Hit,2624.16,1,1479.3600000000115,5.0,-1.8400000000001455,0.6199999999998909
2024-11-26 10:00:00,2024-11-26 13:45:00,Long,2633.7433333333333,2629.62,-12.370000000000346,SL Hit,2629.62,3,1466.9900000000112,225.0,-8.443333333333157,7.9766666666664605
2024-11-26 14:30:00,2024-11-26 20:55:00,Short,2627.9399999999996,2631.85,-7.8200000000006185,SL Hit,2631.85,2,1459.1700000000105,385.0,4.770000000000437,-10.58999999999969
2024-11-27 00:40:00,2024-11-27 01:20:00,Short,2629.27,2631.4900000000002,-2.2200000000002547,SL Hit,2631.4900000000002,1,1456.9500000000103,40.0,3.0100000000002183,-2.0700000000001637
2024-11-27 04:35:00,2024-11-27 11:10:00,Long,2642.2825,2645.37,12.350000000000364,SL Hit,2645.37,4,1469.3000000000106,395.0,-4.152499999999691,11.397500000000036
2024-11-27 12:20:00,2024-11-27 12:50:00,Long,2651.5,2651.5,0.0,SL Hit,2651.5,1,1469.3000000000106,30.0,-1.1399999999998727,3.2199999999998
2024-11-28 00:35:00,2024-11-28 00:40:00,Long,2637.77,2637.6699999999996,-0.1000000000003638,SL Hit,2637.6699999999996,1,1469.2000000000103,5.0,-1.300000000000182,0.3200000000001637
2024-11-28 03:25:00,2024-11-28 12:20:00,Long,2635.7866666666664,2644.79,27.010000000000673,SL Hit,2644.79,3,1496.210000000011,535.0,-7.386666666666315,13.373333333333449
2024-11-29 04:45:00,2024-11-29 04:50:00,Long,2659.97,2659.6700000000005,-0.2999999999992724,SL Hit,2659.6700000000005,1,1495.9100000000117,5.0,-0.45999999999958163,0.8800000000001091
2024-11-29 05:45:00,2024-11-29 07:30:00,Long,2660.51,2660.51,0.0,SL Hit,2660.51,1,1495.9100000000117,105.0,-1.0600000000004002,5.519999999999982
2024-11-29 12:25:00,2024-12-02 07:25:00,Short,2650.5866666666666,2630.93,117.94000000000051,SL Hit,2630.93,6,1613.8500000000122,4020.0,13.783333333333303,-28.596666666666806
2024-12-02 07:30:00,2024-12-02 07:50:00,Long,2631.03,2630.03,-1.0,SL Hit,2630.03,1,1612.8500000000122,20.0,-1.7900000000004184,2.4599999999995816
2024-12-02 10:00:00,2024-12-02 18:00:00,Long,2639.315,2637.22,-4.190000000000509,SL Hit,2637.22,2,1608.6600000000117,480.0,-5.764999999999873,12.0949999999998
2024-12-03 06:05:00,2024-12-03 08:05:00,Long,2642.47,2641.6700000000005,-0.7999999999992724,SL Hit,2641.6700000000005,1,1607.8600000000124,120.0,-1.8099999999999454,7.150000000000091
2024-12-03 12:15:00,2024-12-03 13:25:00,Short,2643.11,2648.27,-5.1599999999998545,SL Hit,2648.27,1,1602.7000000000126,70.0,3.650000000000091,-5.050000000000182
2024-12-03 13:25:00,2024-12-03 13:35:00,Long,2644.5,2644.2200000000003,-0.27999999999974534,SL Hit,2644.2200000000003,1,1602.4200000000128,10.0,-0.3400000000001455,2.2600000000002183
2024-12-03 15:25:00,2024-12-03 16:40:00,Short,2641.12,2645.1399999999994,-4.019999999999527,SL Hit,2645.1399999999994,1,1598.4000000000133,75.0,5.640000000000327,-4.789999999999964
2024-12-03 18:40:00,2024-12-04 02:00:00,Short,2642.8020000000006,2643.31,-2.5399999999967804,SL Hit,2643.31,5,1595.8600000000165,440.0,3.537999999999556,-5.162000000000717
2024-12-04 10:40:00,2024-12-04 12:45:00,Long,2641.15,2640.85,-0.3000000000001819,SL Hit,2640.85,1,1595.5600000000163,125.0,-1.6100000000001273,6.199999999999818
2024-12-04 13:10:00,2024-12-04 13:20:00,Short,2636.97,2642.0499999999997,-5.079999999999927,SL Hit,2642.0499999999997,1,1590.4800000000164,10.0,7.050000000000182,-2.5399999999999636
2024-12-04 14:20:00,2024-12-04 23:00:00,Long,2649.2825,2648.03,-5.009999999998399,SL Hit,2648.03,4,1585.470000000018,520.0,-3.7824999999998,7.137500000000273
2024-12-05 01:45:00,2024-12-05 02:40:00,Short,2647.17,2648.8900000000003,-1.7200000000002547,SL Hit,2648.8900000000003,1,1583.7500000000177,55.0,2.3400000000001455,-3.0700000000001637
2024-12-05 08:45:00,2024-12-05 10:30:00,Short,2646.04,2648.88,-2.8400000000001455,SL Hit,2648.88,1,1580.9100000000176,105.0,4.0,-4.639999999999873
2024-12-05 14:55:00,2024-12-05 21:00:00,Short,2637.19,2631.59,16.799999999999727,SL Hit,2631.59,3,1597.7100000000173,365.0,8.519999999999982,-13.61999999999989
2024-12-05 23:25:00,2024-12-05 23:55:00,Long,2632.42,2632.42,0.0,SL Hit,2632.42,1,1597.7100000000173,30.0,-0.11999999999989086,1.2999999999997272
2024-12-06 08:55:00,2024-12-06 09:15:00,Long,2641.64,2641.64,0.0,SL Hit,2641.64,1,1597.7100000000173,20.0,-0.44000000000005457,3.519999999999982
2024-12-06 16:40:00,2024-12-06 17:00:00,Long,2639.76,2638.5999999999995,-1.160000000000764,SL Hit,2638.5999999999995,1,1596.5500000000166,20.0,-4.150000000000091,0.7799999999997453
2024-12-06 19:25:00,2024-12-08 23:00:00,Short,2633.92,2636.14,-4.4399999999996,SL Hit,2636.14,2,1592.110000000017,3095.0,10.090000000000146,-2.650000000000091
2024-12-09 01:25:00,2024-12-10 07:50:00,Long,2657.8540000000003,2665.97,81.1599999999953,SL Hit,2665.97,10,1673.2700000000123,1825.0,-23.554000000000087,18.225999999999658
2024-12-10 17:30:00,2024-12-10 20:50:00,Long,2691.4700000000003,2690.8,-1.3400000000001455,SL Hit,2690.8,2,1671.9300000000121,200.0,-1.2700000000004366,3.9299999999998363
2024-12-10 23:10:00,2024-12-11 00:00:00,Long,2694.18,2693.82,-0.3599999999996726,SL Hit,2693.82,1,1671.5700000000124,50.0,-0.7799999999997453,3.950000000000273
2024-12-11 00:10:00,2024-12-11 03:40:00,Long,2696.91,2692.3,-9.219999999999345,SL Hit,2692.3,2,1662.350000000013,210.0,-4.7599999999997635,7.0
2024-12-11 10:10:00,2024-12-11 10:35:00,Long,2695.46,2695.0,-0.4600000000000364,SL Hit,2695.0,1,1661.890000000013,25.0,-2.0799999999999272,3.650000000000091
2024-12-11 13:05:00,2024-12-11 13:15:00,Long,2697.28,2696.0399999999995,-1.2400000000006912,SL Hit,2696.0399999999995,1,1660.6500000000124,10.0,-1.4200000000000728,0.4299999999998363
2024-12-11 18:15:00,2024-12-11 18:30:00,Long,2719.13,2718.49,-0.6400000000003274,SL Hit,2718.49,1,1660.010000000012,15.0,-0.8600000000001273,1.6700000000000728
2024-12-11 23:05:00,2024-12-11 23:35:00,Short,2716.58,2718.21,-3.2600000000002183,SL Hit,2718.21,2,1656.7500000000118,30.0,2.2200000000002547,-1.4899999999997817
2024-12-12 05:45:00,2024-12-12 05:55:00,Long,2713.45,2712.9700000000003,-0.47999999999956344,SL Hit,2712.9700000000003,1,1656.2700000000123,10.0,-0.669999999999618,2.730000000000018
2024-12-12 06:55:00,2024-12-12 10:10:00,Long,2717.59,2709.55,-16.079999999999927,SL Hit,2709.55,2,1640.1900000000123,195.0,-8.110000000000127,2.3599999999996726
2024-12-12 10:15:00,2024-12-13 01:00:00,Short,2695.824,2686.27,47.77000000000044,SL Hit,2686.27,5,1687.9600000000128,885.0,19.746000000000095,-20.584000000000287
2024-12-13 08:50:00,2024-12-16 01:20:00,Short,2663.528,2652.73,53.98999999999887,SL Hit,2652.73,5,1741.9500000000116,3870.0,17.282000000000153,-20.117999999999938
2024-12-16 12:45:00,2024-12-16 13:00:00,Short,2659.91,2661.129999999999,-1.2199999999993452,SL Hit,2661.129999999999,1,1740.7300000000123,15.0,2.450000000000273,-0.7799999999997453
2024-12-16 14:25:00,2024-12-16 18:50:00,Short,2655.44,2655.21,0.4600000000000364,SL Hit,2655.21,2,1741.1900000000123,265.0,4.389999999999873,-6.210000000000036
2024-12-17 00:55:00,2024-12-17 01:00:00,Long,2653.83,2653.83,0.0,SL Hit,2653.83,1,1741.1900000000123,5.0,-0.32999999999992724,1.9200000000000728
2024-12-17 05:00:00,2024-12-17 05:30:00,Short,2651.19,2654.11,-2.9200000000000728,SL Hit,2654.11,1,1738.2700000000123,30.0,3.1900000000000546,-1.7899999999999636
2024-12-17 06:40:00,2024-12-17 07:20:00,Short,2648.66,2654.43,-11.539999999999964,SL Hit,2654.43,2,1726.7300000000123,40.0,5.970000000000255,-2.0899999999996908
2024-12-17 14:05:00,2024-12-17 17:30:00,Short,2639.0550000000003,2642.64,-7.169999999999163,SL Hit,2642.64,2,1719.5600000000131,205.0,4.0649999999996,-6.1850000000004
2024-12-17 17:40:00,2024-12-18 04:00:00,Long,2645.653333333333,2644.4,-3.759999999999309,SL Hit,2644.4,3,1715.8000000000138,620.0,-3.533333333333303,5.826666666666824
2024-12-18 04:45:00,2024-12-18 05:30:00,Short,2645.31,2647.3299999999995,-2.019999999999527,SL Hit,2647.3299999999995,1,1713.7800000000143,45.0,2.9200000000000728,-1.3899999999998727
2024-12-18 07:40:00,2024-12-18 08:30:00,Short,2643.9750000000004,2646.96,-5.969999999999345,SL Hit,2646.96,2,1707.810000000015,50.0,3.014999999999418,-1.7650000000003274
2024-12-19 06:00:00,2024-12-19 06:30:00,Short,2605.58,2610.11,-9.0600000000004,SL Hit,2610.11,2,1698.7500000000146,30.0,4.630000000000109,-2.569999999999709
2024-12-19 09:45:00,2024-12-19 10:00:00,Long,2619.2,2619.2,0.0,SL Hit,2619.2,1,1698.7500000000146,15.0,-1.4699999999998,2.6100000000001273
2024-12-19 11:55:00,2024-12-19 18:35:00,Short,2605.45,2595.98,18.9399999999996,SL Hit,2595.98,2,1717.6900000000142,400.0,12.370000000000346,-18.4399999999996
2024-12-20 00:00:00,2024-12-20 00:05:00,Short,2593.48,2593.52,-0.03999999999996362,SL Hit,2593.52,1,1717.6500000000142,5.0,0.6700000000000728,-0.8200000000001637
2024-12-20 00:50:00,2024-12-20 01:05:00,Short,2592.55,2594.55,-2.0,SL Hit,2594.55,1,1715.6500000000142,15.0,3.6599999999998545,-3.350000000000364
2024-12-20 01:35:00,2024-12-20 11:00:00,Long,2602.252,2603.28,5.140000000001237,SL Hit,2603.28,5,1720.7900000000154,565.0,-7.152000000000044,5.237999999999829
2024-12-20 11:05:00,2024-12-20 13:30:00,Short,2603.6549999999997,2606.84,-6.3700000000008,SL Hit,2606.84,2,1714.4200000000146,145.0,4.725000000000364,-4.354999999999563
2024-12-20 13:40:00,2024-12-20 17:35:00,Long,2615.25,2622.37,21.359999999999673,SL Hit,2622.37,3,1735.7800000000143,235.0,-9.510000000000218,15.679999999999836
2024-12-23 02:40:00,2024-12-23 03:00:00,Long,2624.97,2624.97,0.0,SL Hit,2624.97,1,1735.7800000000143,20.0,-0.30999999999994543,2.1900000000000546
2024-12-23 10:00:00,2024-12-23 13:35:00,Short,2620.38,2618.46,3.8400000000001455,SL Hit,2618.46,2,1739.6200000000144,215.0,6.0,-7.200000000000273
2024-12-23 13:40:00,2024-12-23 15:00:00,Long,2618.3999999999996,2614.02,-8.759999999999309,SL Hit,2614.02,2,1730.8600000000151,80.0,-4.999999999999545,1.2400000000002365
2024-12-23 21:00:00,2024-12-23 21:20:00,Short,2610.67,2610.79,-0.11999999999989086,SL Hit,2610.79,1,1730.7400000000152,20.0,0.7399999999997817,-0.8699999999998909
2024-12-24 01:10:00,2024-12-24 01:15:00,Long,2615.77,2615.31,-0.4600000000000364,SL Hit,2615.31,1,1730.2800000000152,5.0,-0.6900000000000546,0.6799999999998363
2024-12-24 01:50:00,2024-12-24 09:10:00,Long,2617.793333333333,2616.38,-4.239999999998872,SL Hit,2616.38,3,1726.0400000000163,440.0,-2.5933333333332484,3.396666666666988
2024-12-24 16:40:00,2024-12-24 16:55:00,Long,2615.8,2615.8,0.0,SL Hit,2615.8,1,1726.0400000000163,15.0,-1.2000000000002728,1.7100000000000364
2024-12-26 00:30:00,2024-12-26 00:45:00,Long,2619.72,2619.72,0.0,SL Hit,2619.72,1,1726.0400000000163,15.0,-0.11999999999989086,2.6600000000003092
2024-12-26 03:00:00,2024-12-26 03:05:00,Long,2627.32,2627.32,0.0,SL Hit,2627.32,1,1726.0400000000163,5.0,-0.7200000000002547,1.2300000000000182
2024-12-26 04:45:00,2024-12-26 04:50:00,Long,2627.6,2627.6,0.0,SL Hit,2627.6,1,1726.0400000000163,5.0,-0.2899999999999636,1.0199999999999818
2024-12-26 06:40:00,2024-12-26 06:55:00,Short,2625.21,2625.59,-0.38000000000010914,SL Hit,2625.59,1,1725.6600000000162,15.0,1.0299999999997453,-1.0100000000002183
2024-12-26 13:10:00,2024-12-26 13:30:00,Long,2629.74,2624.6,-10.279999999999745,SL Hit,2624.6,2,1715.3800000000165,20.0,-5.479999999999563,0.6100000000001273
2024-12-26 13:40:00,2024-12-26 15:00:00,Short,2624.035,2630.35,-12.63000000000011,SL Hit,2630.35,2,1702.7500000000164,80.0,6.725000000000364,-2.2349999999996726
2024-12-26 20:25:00,2024-12-26 20:40:00,Long,2635.36,2634.48,-0.8800000000001091,SL Hit,2634.48,1,1701.8700000000163,15.0,-1.1100000000001273,0.31999999999970896
2024-12-27 02:25:00,2024-12-27 02:45:00,Short,2630.31,2631.43,-1.1199999999998909,SL Hit,2631.43,1,1700.7500000000164,20.0,1.7200000000002547,-1.3600000000001273
2024-12-27 06:40:00,2024-12-27 08:00:00,Long,2634.095,2631.32,-5.549999999999272,SL Hit,2631.32,2,1695.200000000017,80.0,-4.274999999999636,3.7150000000001455
2024-12-27 11:30:00,2024-12-27 12:55:00,Long,2625.68,2625.68,0.0,SL Hit,2625.68,1,1695.200000000017,85.0,-0.34999999999990905,5.730000000000018
2024-12-27 13:15:00,2024-12-27 18:35:00,Short,2620.7799999999997,2619.35,2.8599999999996726,SL Hit,2619.35,2,1698.0600000000168,320.0,6.300000000000182,-9.479999999999563
2024-12-27 20:25:00,2024-12-27 21:55:00,Short,2613.79,2621.18,-14.779999999999745,SL Hit,2621.18,2,1683.280000000017,90.0,7.389999999999873,-1.2599999999997635
2024-12-30 01:30:00,2024-12-30 04:55:00,Long,2625.26,2621.4,-7.720000000000255,SL Hit,2621.4,2,1675.5600000000168,205.0,-4.660000000000309,2.6599999999998545
2024-12-30 05:00:00,2024-12-30 05:10:00,Short,2621.99,2622.869999999999,-0.8799999999991996,SL Hit,2622.869999999999,1,1674.6800000000176,10.0,1.400000000000091,-0.4399999999995998
2024-12-30 06:45:00,2024-12-30 11:35:00,Short,2617.77,2617.33,1.3200000000001637,SL Hit,2617.33,3,1676.0000000000177,290.0,2.0700000000001637,-8.489999999999782
2024-12-30 11:40:00,2024-12-30 13:55:00,Long,2617.775,2609.28,-16.98999999999978,SL Hit,2609.28,2,1659.010000000018,135.0,-10.74499999999989,4.565000000000055
2024-12-31 06:35:00,2024-12-31 06:40:00,Long,2606.16,2606.16,0.0,SL Hit,2606.16,1,1659.010000000018,5.0,-0.8599999999996726,0.6700000000000728
2024-12-31 11:40:00,2024-12-31 11:45:00,Short,2610.55,2611.210000000001,-0.660000000000764,SL Hit,2611.210000000001,1,1658.3500000000172,5.0,1.0599999999999454,-0.9500000000002728
2024-12-31 11:55:00,2024-12-31 13:25:00,Short,2611.5,2612.6400000000003,-1.1400000000003274,SL Hit,2612.6400000000003,1,1657.2100000000169,90.0,3.0799999999999272,-5.920000000000073
2024-12-31 14:45:00,2024-12-31 14:50:00,Long,2614.27,2612.89,-1.3800000000001091,SL Hit,2612.89,1,1655.8300000000168,5.0,-1.900000000000091,0.5599999999999454
2025-01-02 04:35:00,2025-01-02 05:35:00,Short,2632.6,2635.6,-3.0,SL Hit,2635.6,1,1652.8300000000168,60.0,3.0399999999999636,-1.5
2025-01-02 05:45:00,2025-01-02 06:00:00,Long,2634.58,2633.4800000000005,-1.0999999999994543,SL Hit,2633.4800000000005,1,1651.7300000000173,15.0,-2.819999999999709,0.7699999999999818
2025-01-02 08:55:00,2025-01-02 13:10:00,Long,2640.2925,2640.31,0.06999999999970896,SL Hit,2640.31,4,1651.800000000017,255.0,-8.292500000000018,6.047500000000127
2025-01-02 15:05:00,2025-01-03 02:05:00,Long,2653.126666666667,2656.24,9.339999999998327,SL Hit,2656.24,3,1661.1400000000153,660.0,-7.6366666666672245,8.763333333332866
2025-01-03 03:05:00,2025-01-03 04:35:00,Long,2661.16,2661.16,0.0,SL Hit,2661.16,1,1661.1400000000153,90.0,-0.25999999999976353,3.6400000000003274
2025-01-03 13:25:00,2025-01-06 00:55:00,Short,2641.908,2642.25,-1.7100000000004911,SL Hit,2642.25,5,1659.4300000000148,3570.0,10.352000000000317,-5.807999999999993
2025-01-06 01:05:00,2025-01-06 02:00:00,Long,2640.98,2640.8399999999997,-0.14000000000032742,SL Hit,2640.8399999999997,1,1659.2900000000145,55.0,-1.1700000000000728,6.0300000000002
2025-01-06 03:50:00,2025-01-06 11:10:00,Short,2636.46,2635.45,2.0200000000004366,SL Hit,2635.45,2,1661.310000000015,440.0,4.529999999999745,-11.070000000000164
2025-01-06 11:15:00,2025-01-06 13:25:00,Long,2641.94,2642.07,0.3900000000003274,SL Hit,2642.07,3,1661.7000000000153,130.0,-5.4099999999998545,6.960000000000036
2025-01-06 13:30:00,2025-01-06 16:30:00,Short,2634.88,2639.23,-13.049999999999727,SL Hit,2639.23,3,1648.6500000000156,180.0,7.799999999999727,-20.220000000000255
2025-01-06 16:35:00,2025-01-06 17:15:00,Long,2638.09,2638.09,0.0,SL Hit,2638.09,1,1648.6500000000156,40.0,-0.3200000000001637,2.9400000000000546
2025-01-06 20:30:00,2025-01-06 21:00:00,Short,2633.98,2634.7000000000003,-0.7200000000002547,SL Hit,2634.7000000000003,1,1647.9300000000153,30.0,1.0799999999999272,-0.6300000000001091
2025-01-07 01:05:00,2025-01-07 04:45:00,Long,2637.55,2636.91,-1.9200000000009823,SL Hit,2636.91,3,1646.0100000000143,220.0,-2.3900000000003274,3.4600000000000364
2025-01-07 11:20:00,2025-01-08 02:25:00,Long,2647.758,2646.8,-4.789999999998145,SL Hit,2646.8,5,1641.2200000000162,905.0,-5.697999999999865,16.21199999999999
2025-01-08 02:30:00,2025-01-08 02:50:00,Short,2646.61,2649.6300000000006,-3.0200000000004366,SL Hit,2649.6300000000006,1,1638.2000000000157,20.0,3.519999999999982,-1.5100000000002183
2025-01-08 04:50:00,2025-01-08 05:20:00,Short,2646.54,2648.6,-4.119999999999891,SL Hit,2648.6,2,1634.0800000000158,30.0,2.2899999999999636,-2.1399999999998727
2025-01-08 11:10:00,2025-01-08 13:00:00,Short,2650.46,2654.94,-8.960000000000036,SL Hit,2654.94,2,1625.1200000000158,110.0,5.860000000000127,-4.679999999999836
2025-01-08 13:35:00,2025-01-08 17:25:00,Long,2663.3633333333332,2662.86,-1.5099999999993088,SL Hit,2662.86,3,1623.6100000000165,230.0,-10.693333333333157,6.396666666666988
2025-01-09 02:20:00,2025-01-09 03:05:00,Short,2657.49,2659.369999999999,-1.8799999999991996,SL Hit,2659.369999999999,1,1621.7300000000173,45.0,3.0600000000004,-1.0899999999996908
2025-01-09 11:05:00,2025-01-09 16:05:00,Long,2670.45,2667.76,-5.3799999999992,SL Hit,2667.76,2,1616.350000000018,300.0,-3.730000000000018,7.400000000000091
2025-01-09 21:10:00,2025-01-10 00:35:00,Short,2669.4049999999997,2670.79,-2.7700000000004366,SL Hit,2670.79,2,1613.5800000000177,205.0,1.7150000000001455,-1.7049999999999272
2025-01-10 00:40:00,2025-01-10 01:00:00,Long,2670.01,2669.7299999999996,-0.28000000000065484,SL Hit,2669.7299999999996,1,1613.300000000017,20.0,-0.3000000000001819,0.8599999999996726
2025-01-10 01:05:00,2025-01-10 01:10:00,Long,2670.45,2670.45,0.0,SL Hit,2670.45,1,1613.300000000017,5.0,-0.4399999999995998,1.0199999999999818
2025-01-10 01:50:00,2025-01-10 12:10:00,Long,2674.6359999999995,2678.16,17.62000000000171,SL Hit,2678.16,5,1630.9200000000187,620.0,-5.1359999999995125,8.16400000000067
2025-01-10 12:50:00,2025-01-10 13:55:00,Short,2679.51,2681.3500000000004,-1.8400000000001455,SL Hit,2681.3500000000004,1,1629.0800000000186,65.0,3.1299999999996544,-15.710000000000036
2025-01-10 14:10:00,2025-01-10 18:25:00,Long,2687.0633333333335,2687.38,0.9499999999998181,SL Hit,2687.38,3,1630.0300000000184,255.0,-5.943333333333612,10.32666666666637
2025-01-10 18:30:00,2025-01-10 21:00:00,Short,2687.71,2690.75,-3.0399999999999636,SL Hit,2690.75,1,1626.9900000000184,150.0,4.320000000000164,-3.230000000000018
2025-01-13 05:40:00,2025-01-13 05:50:00,Short,2684.32,2685.020000000001,-0.7000000000007276,SL Hit,2685.020000000001,1,1626.2900000000177,10.0,1.7599999999997635,-0.7400000000002365
2025-01-13 06:30:00,2025-01-13 09:25:00,Long,2689.2733333333335,2683.96,-15.94000000000051,SL Hit,2683.96,3,1610.3500000000172,175.0,-6.723333333333358,1.9266666666662786
2025-01-13 09:45:00,2025-01-13 20:50:00,Short,2668.61,2662.31,25.200000000000728,SL Hit,2662.31,4,1635.550000000018,665.0,18.289999999999964,-11.730000000000018
2025-01-13 20:55:00,2025-01-13 21:00:00,Long,2662.03,2661.53,-0.5,SL Hit,2661.53,1,1635.050000000018,5.0,-1.0199999999999818,0.5899999999996908
2025-01-14 04:50:00,2025-01-14 05:35:00,Long,2672.35,2668.38,-7.9399999999996,SL Hit,2668.38,2,1627.1100000000183,45.0,-4.150000000000091,2.7200000000002547
2025-01-14 05:40:00,2025-01-14 08:15:00,Short,2669.3266666666664,2670.6,-3.8200000000006185,SL Hit,2670.6,3,1623.2900000000177,155.0,2.2533333333335577,-2.3266666666663696
2025-01-14 09:40:00,2025-01-14 11:50:00,Short,2666.41,2669.1899999999996,-2.7799999999997453,SL Hit,2669.1899999999996,1,1620.510000000018,130.0,2.850000000000364,-2.8099999999999454
2025-01-14 13:40:00,2025-01-14 16:50:00,Short,2663.96,2673.44,-18.960000000000036,SL Hit,2673.44,2,1601.550000000018,190.0,9.820000000000164,-4.559999999999945
2025-01-14 19:55:00,2025-01-14 20:00:00,Long,2673.88,2672.9799999999996,-0.9000000000005457,SL Hit,2672.9799999999996,1,1600.6500000000174,5.0,-1.0799999999999272,0.6700000000000728
2025-01-14 20:45:00,2025-01-15 01:10:00,Long,2674.75,2671.92,-5.6599999999998545,SL Hit,2671.92,2,1594.9900000000175,265.0,-2.849999999999909,3.130000000000109
2025-01-15 01:45:00,2025-01-15 02:10:00,Short,2671.58,2673.58,-2.0,SL Hit,2673.58,1,1592.9900000000175,25.0,2.119999999999891,-2.380000000000109
2025-01-15 09:15:00,2025-01-15 09:20:00,Long,2685.1,2684.5000000000005,-0.5999999999994543,SL Hit,2684.5000000000005,1,1592.390000000018,5.0,-0.9899999999997817,0.8000000000001819
2025-01-15 09:25:00,2025-01-15 12:20:00,Long,2684.21,2683.9700000000003,-0.23999999999978172,SL Hit,2683.9700000000003,1,1592.1500000000183,175.0,-0.6100000000001273,4.5900000000001455
2025-01-15 13:40:00,2025-01-15 14:30:00,Long,2687.49,2682.81,-9.359999999999673,SL Hit,2682.81,2,1582.7900000000186,50.0,-5.459999999999582,8.070000000000164
2025-01-15 14:55:00,2025-01-15 16:40:00,Short,2683.0,2685.6000000000004,-2.600000000000364,SL Hit,2685.6000000000004,1,1580.1900000000182,105.0,3.3099999999999454,-5.960000000000036
2025-01-15 20:45:00,2025-01-15 23:00:00,Long,2695.02,2693.18,-1.8400000000001455,SL Hit,2693.18,1,1578.350000000018,135.0,-4.059999999999945,1.9400000000000546
2025-01-16 00:45:00,2025-01-16 03:15:00,Long,2695.94,2695.33,-1.830000000000382,SL Hit,2695.33,3,1576.5200000000177,150.0,-1.2800000000002,5.4699999999998
2025-01-16 05:15:00,2025-01-16 07:15:00,Short,2695.6099999999997,2697.84,-4.460000000000946,SL Hit,2697.84,2,1572.0600000000168,120.0,2.6900000000005093,-5.609999999999673
2025-01-16 07:40:00,2025-01-16 07:45:00,Long,2697.73,2697.39,-0.3400000000001455,SL Hit,2697.39,1,1571.7200000000166,5.0,-1.1100000000001273,1.4299999999998363
2025-01-16 07:55:00,2025-01-16 21:15:00,Long,2711.1850000000004,2713.3,8.459999999999127,SL Hit,2713.3,4,1580.1800000000158,800.0,-14.265000000000327,13.21499999999969
2025-01-16 21:45:00,2025-01-17 02:15:00,Short,2711.8900000000003,2715.9,-8.019999999999527,SL Hit,2715.9,2,1572.1600000000162,270.0,4.199999999999818,-1.9200000000005275
2025-01-17 02:20:00,2025-01-17 02:25:00,Long,2715.74,2715.4800000000005,-0.2599999999993088,SL Hit,2715.4800000000005,1,1571.900000000017,5.0,-0.7599999999997635,0.8100000000004002
2025-01-17 02:30:00,2025-01-17 02:40:00,Long,2714.97,2714.97,0.0,SL Hit,2714.97,1,1571.900000000017,10.0,-0.02999999999974534,1.3800000000001091
2025-01-17 09:10:00,2025-01-17 14:45:00,Short,2708.5133333333333,2711.48,-8.900000000000091,SL Hit,2711.48,3,1563.0000000000168,335.0,3.2966666666666242,-5.1233333333334485
2025-01-17 21:10:00,2025-01-20 03:35:00,Short,2698.08,2702.57,-8.980000000000473,SL Hit,2702.57,2,1554.0200000000164,3265.0,4.720000000000255,-9.179999999999836
2025-01-20 03:40:00,2025-01-20 07:55:00,Long,2705.815,2703.54,-4.550000000000182,SL Hit,2703.54,2,1549.4700000000162,255.0,-3.9149999999999636,7.755000000000109
2025-01-20 14:15:00,2025-01-20 16:10:00,Long,2709.133333333333,2705.8,-9.99999999999909,SL Hit,2705.8,3,1539.470000000017,115.0,-4.033333333333303,2.0266666666666424
2025-01-20 16:15:00,2025-01-20 16:35:00,Short,2706.56,2707.72,-1.1599999999998545,SL Hit,2707.72,1,1538.3100000000172,20.0,1.5399999999999636,-2.4200000000000728
2025-01-20 18:55:00,2025-01-20 19:00:00,Long,2709.35,2709.2500000000005,-0.0999999999994543,SL Hit,2709.2500000000005,1,1538.2100000000178,5.0,-0.38999999999987267,1.3299999999999272
2025-01-21 00:00:00,2025-01-21 00:15:00,Long,2709.69,2709.69,0.0,SL Hit,2709.69,1,1538.2100000000178,15.0,-0.49000000000023647,1.5399999999999636
2025-01-21 04:35:00,2025-01-21 04:40:00,Long,2725.62,2724.0,-1.6199999999998909,SL Hit,2724.0,1,1536.5900000000179,5.0,-2.019999999999982,0.7899999999999636
2025-01-21 08:50:00,2025-01-21 11:50:00,Short,2720.52,2723.89,-6.739999999999782,SL Hit,2723.89,2,1529.850000000018,180.0,3.5,-3.9600000000000364
2025-01-22 20:15:00,2025-01-23 06:10:00,Short,2754.1220000000003,2753.31,4.060000000001764,SL Hit,2753.31,5,1533.9100000000199,595.0,2.807999999999538,-4.652000000000498
2025-01-23 16:00:00,2025-01-23 16:10:00,Long,2745.47,2745.47,0.0,SL Hit,2745.47,1,1533.9100000000199,10.0,-1.199999999999818,2.6900000000000546
2025-01-23 16:15:00,2025-01-24 08:15:00,Long,2759.4480000000003,2770.62,55.859999999997854,SL Hit,2770.62,5,1589.7700000000177,960.0,-12.428000000000338,18.611999999999625
2025-01-24 19:15:00,2025-01-24 19:50:00,Short,2772.69,2774.2900000000004,-1.6000000000003638,SL Hit,2774.2900000000004,1,1588.1700000000174,35.0,2.2899999999999636,-1.5900000000001455
2025-01-24 21:35:00,2025-01-27 08:15:00,Short,2760.79,2754.81,23.920000000000073,SL Hit,2754.81,4,1612.0900000000174,3520.0,11.470000000000255,-13.190000000000055
2025-01-28 02:10:00,2025-01-28 03:10:00,Short,2739.95,2740.629999999999,-0.6799999999993815,SL Hit,2740.629999999999,1,1611.410000000018,60.0,1.2300000000000182,-1.5499999999997272
2025-01-28 03:35:00,2025-01-28 04:55:00,Short,2739.465,2741.43,-3.9299999999993815,SL Hit,2741.43,2,1607.4800000000187,80.0,2.3449999999998,-1.6449999999999818
2025-01-28 08:20:00,2025-01-28 08:45:00,Short,2737.74,2739.0599999999995,-1.319999999999709,SL Hit,2739.0599999999995,1,1606.160000000019,25.0,1.3500000000003638,-2.869999999999891
2025-01-28 21:55:00,2025-01-28 23:05:00,Short,2763.33,2763.8099999999995,-0.47999999999956344,SL Hit,2763.8099999999995,1,1605.6800000000194,70.0,0.5900000000001455,-1.3299999999999272
2025-01-28 23:25:00,2025-01-29 00:35:00,Short,2763.035,2764.04,-2.0100000000002183,SL Hit,2764.04,2,1603.6700000000192,70.0,1.2150000000001455,-1.4349999999999454
2025-01-29 00:40:00,2025-01-29 03:15:00,Long,2764.1566666666663,2762.8,-4.069999999998345,SL Hit,2762.8,3,1599.6000000000208,155.0,-1.7166666666662422,1.6833333333338487
2025-01-29 03:45:00,2025-01-29 04:30:00,Short,2763.05,2763.7700000000004,-0.7200000000002547,SL Hit,2763.7700000000004,1,1598.8800000000206,45.0,1.0099999999997635,-1.4400000000000546
2025-01-29 05:15:00,2025-01-29 08:25:00,Short,2762.495,2764.09,-3.1900000000005093,SL Hit,2764.09,2,1595.69000000002,190.0,1.8949999999999818,-5.045000000000073
2025-01-29 08:45:00,2025-01-29 09:00:00,Long,2762.65,2762.5099999999998,-0.14000000000032742,SL Hit,2762.5099999999998,1,1595.5500000000197,15.0,-0.49000000000023647,1.7699999999999818
2025-01-29 12:35:00,2025-01-29 13:55:00,Short,2757.8050000000003,2758.76,-1.9099999999998545,SL Hit,2758.76,2,1593.6400000000199,80.0,1.5049999999996544,-5.1150000000002365
2025-01-29 14:05:00,2025-01-29 14:20:00,Long,2759.26,2758.08,-1.180000000000291,SL Hit,2758.08,1,1592.4600000000196,15.0,-2.1600000000003092,1.5599999999999454
2025-01-29 23:05:00,2025-01-30 02:40:00,Long,2760.1366666666668,2758.5,-4.910000000000309,SL Hit,2758.5,3,1587.5500000000193,215.0,-2.3766666666665515,2.2233333333333576
2025-01-30 21:30:00,2025-01-30 21:40:00,Short,2790.76,2791.960000000001,-1.2000000000007276,SL Hit,2791.960000000001,1,1586.3500000000186,10.0,2.2099999999995816,-1.5300000000002
2025-01-31 06:30:00,2025-01-31 06:40:00,Short,2794.16,2795.0199999999995,-0.8599999999996726,SL Hit,2795.0199999999995,1,1585.4900000000189,10.0,1.2699999999999818,-0.4299999999998363
2025-01-31 07:25:00,2025-01-31 10:15:00,Long,2797.4466666666667,2792.09,-16.06999999999971,SL Hit,2792.09,3,1569.4200000000192,170.0,-5.576666666666824,3.1133333333332303
2025-01-31 14:30:00,2025-01-31 14:45:00,Long,2807.36,2806.86,-0.5,SL Hit,2806.86,1,1568.9200000000192,15.0,-2.0599999999999454,1.569999999999709
2025-01-31 14:50:00,2025-01-31 16:15:00,Long,2807.14,2807.0000000000005,-0.13999999999941792,SL Hit,2807.0000000000005,1,1568.7800000000198,85.0,-0.9800000000000182,9.680000000000291
2025-02-02 23:05:00,2025-02-03 05:15:00,Short,2787.5433333333335,2782.59,14.860000000000127,SL Hit,2782.59,3,1583.6400000000199,370.0,13.916666666666515,-15.333333333333485
2025-02-03 05:25:00,2025-02-03 16:55:00,Long,2801.14,2813.4,36.780000000000655,SL Hit,2813.4,3,1620.4200000000205,690.0,-19.029999999999745,28.710000000000036
2025-02-03 21:50:00,2025-02-04 01:20:00,Short,2814.4,2817.5000000000005,-3.100000000000364,SL Hit,2817.5000000000005,1,1617.3200000000202,210.0,5.679999999999836,-3.5
2025-02-04 06:20:00,2025-02-04 08:10:00,Short,2812.955,2813.93,-1.949999999999818,SL Hit,2813.93,2,1615.3700000000204,110.0,1.2049999999999272,-5.735000000000127
2025-02-04 22:00:00,2025-02-04 23:40:00,Short,2841.68,2841.7999999999997,-0.11999999999989086,SL Hit,2841.7999999999997,1,1615.2500000000205,100.0,0.15000000000009095,-2.480000000000018
2025-02-05 01:40:00,2025-02-05 01:50:00,Short,2840.62,2843.0599999999995,-2.4399999999996,SL Hit,2843.0599999999995,1,1612.8100000000209,10.0,3.5300000000002,-1.2199999999998
2025-02-05 03:30:00,2025-02-05 03:35:00,Long,2853.46,2853.38,-0.07999999999992724,SL Hit,2853.38,1,1612.730000000021,5.0,-0.42000000000007276,0.6300000000001091
2025-02-05 14:55:00,2025-02-05 16:05:00,Long,2870.43,2870.07,-0.3599999999996726,SL Hit,2870.07,1,1612.3700000000213,70.0,-2.0799999999999272,11.580000000000382
2025-02-06 06:50:00,2025-02-06 19:45:00,Short,2857.514,2853.33,20.920000000000982,SL Hit,2853.33,5,1633.2900000000222,775.0,12.266000000000076,-22.253999999999905
2025-02-07 05:05:00,2025-02-07 08:15:00,Short,2865.22,2865.79,-1.7100000000004911,SL Hit,2865.79,3,1631.5800000000218,190.0,1.5,-6.349999999999909
2025-02-07 13:10:00,2025-02-07 13:45:00,Short,2863.91,2869.1899999999996,-5.279999999999745,SL Hit,2869.1899999999996,1,1626.300000000022,35.0,4.519999999999982,-10.029999999999745
2025-02-07 13:45:00,2025-02-07 13:50:00,Long,2862.48,2859.06,-3.4200000000000728,SL Hit,2859.06,1,1622.880000000022,5.0,-3.5,1.6599999999998545
2025-02-09 23:10:00,2025-02-10 14:00:00,Long,2880.812857142857,2898.21,121.78000000000156,SL Hit,2898.21,7,1744.6600000000235,890.0,-19.312857142856956,29.24714285714299
2025-02-10 23:10:00,2025-02-10 23:15:00,Long,2911.1,2909.7000000000003,-1.3999999999996362,SL Hit,2909.7000000000003,1,1743.2600000000239,5.0,-2.0,0.6399999999998727
2025-02-11 00:50:00,2025-02-11 01:00:00,Long,2921.81,2921.0899999999997,-0.7200000000002547,SL Hit,2921.0899999999997,1,1742.5400000000236,10.0,-1.0299999999997453,2.230000000000018
2025-02-11 15:50:00,2025-02-11 20:10:00,Long,2904.9833333333336,2898.5,-19.450000000000728,SL Hit,2898.5,3,1723.0900000000229,260.0,-6.813333333333503,3.2166666666662422
2025-02-12 00:25:00,2025-02-12 06:10:00,Short,2891.2149999999997,2890.27,3.779999999998836,SL Hit,2890.27,4,1726.8700000000217,345.0,6.055000000000291,-7.504999999999654
2025-02-12 06:30:00,2025-02-12 06:35:00,Long,2888.85,2888.85,0.0,SL Hit,2888.85,1,1726.8700000000217,5.0,-1.1199999999998909,1.5
2025-02-12 09:55:00,2025-02-12 14:05:00,Short,2880.7100000000005,2885.59,-14.639999999998963,SL Hit,2885.59,3,1712.2300000000228,250.0,8.77999999999929,-15.72000000000071
2025-02-13 02:50:00,2025-02-13 08:10:00,Long,2912.47,2912.68,0.42000000000007276,SL Hit,2912.68,2,1712.6500000000228,320.0,-5.619999999999891,9.980000000000018
2025-02-13 10:45:00,2025-02-13 10:55:00,Long,2918.01,2917.8499999999995,-0.16000000000076398,SL Hit,2917.8499999999995,1,1712.490000000022,10.0,-0.9400000000000546,1.2899999999999636
2025-02-13 12:20:00,2025-02-13 12:30:00,Long,2918.12,2918.04,-0.07999999999992724,SL Hit,2918.04,1,1712.4100000000221,10.0,-1.1199999999998909,1.25
2025-02-13 13:10:00,2025-02-13 18:45:00,Short,2915.69,2920.66,-14.9099999999994,SL Hit,2920.66,3,1697.5000000000227,335.0,5.0,-8.679999999999836
2025-02-14 01:15:00,2025-02-14 02:15:00,Long,2932.155,2926.5,-11.3100000000004,SL Hit,2926.5,2,1686.1900000000223,60.0,-6.075000000000273,1.4249999999997272
2025-02-14 05:50:00,2025-02-14 11:45:00,Long,2932.3633333333332,2930.83,-4.599999999999909,SL Hit,2930.83,3,1681.5900000000224,355.0,-3.9633333333331393,7.566666666666606
2025-02-14 11:55:00,2025-02-17 01:30:00,Short,2913.4600000000005,2892.97,61.470000000002074,SL Hit,2892.97,3,1743.0600000000245,3695.0,19.519999999999527,-36.47000000000071
2025-02-17 01:35:00,2025-02-17 01:45:00,Long,2892.45,2891.05,-1.3999999999996362,SL Hit,2891.05,1,1741.6600000000249,10.0,-1.449999999999818,3.700000000000273
2025-02-17 23:20:00,2025-02-17 23:40:00,Short,2897.45,2898.0699999999997,-0.6199999999998909,SL Hit,2898.0699999999997,1,1741.040000000025,20.0,0.7200000000002547,-1.449999999999818
2025-02-18 01:15:00,2025-02-18 02:35:00,Short,2894.83,2900.14,-10.61999999999989,SL Hit,2900.14,2,1730.420000000025,80.0,7.5,-2.9899999999997817
2025-02-18 10:05:00,2025-02-18 10:15:00,Long,2911.97,2910.89,-1.0799999999999272,SL Hit,2910.89,1,1729.3400000000252,10.0,-1.7699999999999818,0.2600000000002183
2025-02-18 12:20:00,2025-02-19 00:00:00,Long,2926.23,2932.1,17.609999999999673,SL Hit,2932.1,3,1746.9500000000248,700.0,-13.929999999999836,10.550000000000182
2025-02-19 00:30:00,2025-02-19 01:50:00,Short,2933.78,2938.140000000001,-4.360000000000582,SL Hit,2938.140000000001,1,1742.5900000000242,80.0,4.879999999999654,-5.5600000000004
2025-02-19 16:10:00,2025-02-19 19:15:00,Short,2926.3050000000003,2929.3,-5.989999999999782,SL Hit,2929.3,2,1736.6000000000245,185.0,4.084999999999582,-7.505000000000109
2025-02-19 19:20:00,2025-02-20 10:40:00,Long,2941.44,2950.04,51.599999999999454,SL Hit,2950.04,6,1788.200000000024,920.0,-12.88000000000011,13.269999999999982
2025-02-20 10:45:00,2025-02-20 15:55:00,Short,2941.9500000000003,2939.42,10.1200000000008,SL Hit,2939.42,4,1798.3200000000247,310.0,11.159999999999854,-17.600000000000364
2025-02-21 01:05:00,2025-02-21 01:40:00,Long,2944.645,2937.0,-15.289999999999964,SL Hit,2937.0,2,1783.0300000000248,35.0,-8.675000000000182,4.355000000000018
2025-02-21 04:55:00,2025-02-21 05:45:00,Short,2929.42,2932.96,-3.5399999999999636,SL Hit,2932.96,1,1779.4900000000248,50.0,4.190000000000055,-4.860000000000127
2025-02-21 14:25:00,2025-02-21 14:30:00,Long,2934.5,2933.74,-0.7600000000002183,SL Hit,2933.74,1,1778.7300000000246,5.0,-3.1700000000000728,0.8899999999998727
2025-02-21 15:20:00,2025-02-21 17:15:00,Short,2927.92,2938.49,-21.139999999999418,SL Hit,2938.49,2,1757.5900000000252,115.0,11.590000000000146,-6.1599999999998545
2025-02-21 17:25:00,2025-02-21 19:45:00,Long,2936.7,2936.7,0.0,SL Hit,2936.7,1,1757.5900000000252,140.0,-2.669999999999618,5.850000000000364
2025-02-24 00:55:00,2025-02-24 03:00:00,Short,2933.09,2942.0700000000006,-8.980000000000473,SL Hit,2942.0700000000006,1,1748.6100000000247,125.0,10.069999999999709,-11.620000000000346
2025-02-24 08:30:00,2025-02-24 08:35:00,Long,2941.33,2940.1900000000005,-1.139999999999418,SL Hit,2940.1900000000005,1,1747.4700000000253,5.0,-1.6300000000001091,0.8600000000001273
2025-02-24 08:45:00,2025-02-24 10:40:00,Long,2943.025,2938.43,-9.19000000000051,SL Hit,2938.43,2,1738.2800000000248,115.0,-5.315000000000055,5.125
2025-02-25 01:00:00,2025-02-25 01:05:00,Short,2949.5,2950.54,-1.0399999999999636,SL Hit,2950.54,1,1737.2400000000248,5.0,2.230000000000018,-0.5199999999999818
2025-02-25 08:50:00,2025-02-25 09:10:00,Long,2939.55,2939.55,0.0,SL Hit,2939.55,1,1737.2400000000248,20.0,-1.6300000000001091,2.6799999999998363
2025-02-25 11:05:00,2025-02-25 11:25:00,Short,2939.12,2939.9399999999996,-0.819999999999709,SL Hit,2939.9399999999996,1,1736.420000000025,20.0,0.8900000000003274,-0.6999999999998181
2025-02-25 14:30:00,2025-02-25 14:40:00,Long,2942.56,2939.4199999999996,-3.1400000000003274,SL Hit,2939.4199999999996,1,1733.2800000000248,10.0,-4.070000000000164,2.050000000000182
2025-02-25 23:50:00,2025-02-26 04:15:00,Long,2919.2066666666665,2914.46,-14.239999999999327,SL Hit,2914.46,3,1719.0400000000254,265.0,-6.566666666666606,10.683333333333394
2025-02-26 04:30:00,2025-02-26 05:05:00,Short,2915.32,2917.28,-1.9600000000000364,SL Hit,2917.28,1,1717.0800000000254,35.0,2.2100000000000364,-3.1200000000003456
2025-02-26 13:45:00,2025-02-26 15:50:00,Short,2910.85,2912.0899999999997,-1.2399999999997817,SL Hit,2912.0899999999997,1,1715.8400000000256,125.0,2.599999999999909,-19.9699999999998
2025-02-26 19:25:00,2025-02-27 00:45:00,Long,2916.41,2914.9,-6.039999999999054,SL Hit,2914.9,4,1709.8000000000266,320.0,-4.379999999999654,3.9700000000002547
2025-02-27 01:15:00,2025-02-27 10:30:00,Short,2902.5425000000005,2891.99,42.210000000002765,SL Hit,2891.99,4,1752.0100000000293,555.0,15.317499999999654,-25.312500000000455
2025-02-27 11:05:00,2025-02-27 11:50:00,Long,2891.55,2886.45,-5.100000000000364,SL Hit,2886.45,1,1746.910000000029,45.0,-7.600000000000364,2.980000000000018
2025-02-28 02:00:00,2025-02-28 12:00:00,Short,2866.846666666667,2864.66,6.560000000000855,SL Hit,2864.66,3,1753.4700000000298,600.0,10.683333333333394,-15.776666666666642
2025-02-28 12:05:00,2025-02-28 12:35:00,Long,2864.2200000000003,2859.1,-10.240000000000691,SL Hit,2859.1,2,1743.2300000000291,30.0,-5.880000000000109,0.34999999999990905
2025-02-28 13:15:00,2025-02-28 20:10:00,Short,2855.0150000000003,2853.33,3.3700000000008004,SL Hit,2853.33,2,1746.60000000003,415.0,6.554999999999836,-22.215000000000146
2025-03-03 03:10:00,2025-03-03 04:40:00,Short,2863.65,2866.6700000000005,-3.0200000000004366,SL Hit,2866.6700000000005,1,1743.5800000000295,90.0,4.139999999999873,-3.2600000000002183
2025-03-03 07:35:00,2025-03-03 08:45:00,Short,2861.465,2865.91,-8.889999999999418,SL Hit,2865.91,2,1734.69000000003,70.0,5.524999999999636,-2.7650000000003274
2025-03-03 16:40:00,2025-03-03 17:20:00,Long,2890.62,2889.3,-1.319999999999709,SL Hit,2889.3,1,1733.3700000000304,40.0,-2.130000000000109,2.1400000000003274
2025-03-03 19:50:00,2025-03-04 03:15:00,Short,2889.2774999999997,2888.94,1.3499999999985448,SL Hit,2888.94,4,1734.720000000029,445.0,5.462500000000091,-10.417499999999563
2025-03-04 05:20:00,2025-03-04 05:30:00,Long,2892.4,2891.5799999999995,-0.8200000000006185,SL Hit,2891.5799999999995,1,1733.9000000000283,10.0,-1.2000000000002728,1.6199999999998909
2025-03-04 07:00:00,2025-03-04 07:05:00,Short,2887.53,2888.310000000001,-0.7800000000006548,SL Hit,2888.310000000001,1,1733.1200000000276,5.0,2.0599999999999454,-0.3900000000003274
2025-03-04 11:55:00,2025-03-04 14:20:00,Long,2919.99,2915.21,-4.779999999999745,SL Hit,2915.21,1,1728.3400000000279,145.0,-5.639999999999873,7.430000000000291
2025-03-04 14:40:00,2025-03-04 19:55:00,Short,2913.495,2916.21,-5.430000000000291,SL Hit,2916.21,2,1722.9100000000276,315.0,2.744999999999891,-11.96499999999969
2025-03-04 20:05:00,2025-03-04 20:40:00,Long,2915.84,2915.4399999999996,-0.4000000000005457,SL Hit,2915.4399999999996,1,1722.510000000027,35.0,-1.6600000000003092,4.299999999999727
2025-03-05 00:10:00,2025-03-05 00:15:00,Short,2914.08,2915.0599999999995,-0.9799999999995634,SL Hit,2915.0599999999995,1,1721.5300000000275,5.0,1.0799999999999272,-0.4899999999997817
2025-03-05 08:25:00,2025-03-05 08:30:00,Long,2919.22,2919.22,0.0,SL Hit,2919.22,1,1721.5300000000275,5.0,-1.9899999999997817,1.0300000000002
2025-03-05 09:10:00,2025-03-05 09:15:00,Long,2918.78,2918.36,-0.42000000000007276,SL Hit,2918.36,1,1721.1100000000274,5.0,-0.9100000000003092,1.1299999999996544
2025-03-05 15:30:00,2025-03-05 15:55:00,Long,2917.96,2916.8599999999997,-1.1000000000003638,SL Hit,2916.8599999999997,1,1720.010000000027,25.0,-1.3699999999998909,5.199999999999818
2025-03-05 16:00:00,2025-03-05 18:05:00,Long,2916.37,2913.59,-2.7799999999997453,SL Hit,2913.59,1,1717.2300000000273,125.0,-3.549999999999727,13.059999999999945
2025-03-06 01:35:00,2025-03-06 04:35:00,Long,2922.215,2916.0,-12.430000000000291,SL Hit,2916.0,2,1704.800000000027,180.0,-6.2150000000001455,4.1349999999997635
2025-03-06 05:05:00,2025-03-06 06:00:00,Short,2917.06,2921.98,-4.920000000000073,SL Hit,2921.98,1,1699.880000000027,55.0,5.550000000000182,-2.549999999999727
2025-03-06 07:50:00,2025-03-06 13:15:00,Short,2910.475,2906.94,7.069999999999709,SL Hit,2906.94,2,1706.9500000000266,325.0,5.264999999999873,-18.514999999999873
2025-03-06 13:40:00,2025-03-06 20:40:00,Long,2912.2999999999997,2912.53,0.6900000000014188,SL Hit,2912.53,3,1707.640000000028,420.0,-10.209999999999582,9.420000000000073
2025-03-06 20:45:00,2025-03-07 05:05:00,Short,2907.4849999999997,2908.84,-5.420000000001892,SL Hit,2908.84,4,1702.2200000000262,500.0,5.815000000000509,-10.104999999999563
2025-03-07 05:15:00,2025-03-07 06:10:00,Long,2908.6,2908.0800000000004,-0.5199999999995271,SL Hit,2908.0800000000004,1,1701.7000000000266,55.0,-0.900000000000091,3.5300000000002
2025-03-07 07:35:00,2025-03-07 11:50:00,Long,2915.77,2917.21,2.880000000000109,SL Hit,2917.21,2,1704.5800000000268,255.0,-3.699999999999818,6.960000000000036
2025-03-07 12:30:00,2025-03-07 12:45:00,Long,2920.78,2920.78,0.0,SL Hit,2920.78,1,1704.5800000000268,15.0,-0.25,1.7899999999999636
2025-03-07 13:35:00,2025-03-07 13:40:00,Short,2918.36,2919.5400000000004,-1.180000000000291,SL Hit,2919.5400000000004,1,1703.4000000000265,5.0,7.4099999999998545,-0.5900000000001455
2025-03-07 13:40:00,2025-03-07 13:55:00,Long,2920.41,2915.83,-4.579999999999927,SL Hit,2915.83,1,1698.8200000000265,15.0,-6.829999999999927,2.8700000000003456
2025-03-07 18:20:00,2025-03-07 19:20:00,Short,2905.15,2908.69,-3.5399999999999636,SL Hit,2908.69,1,1695.2800000000266,60.0,3.9299999999998363,-2.880000000000109
2025-03-07 20:55:00,2025-03-10 01:55:00,Long,2911.69,2912.7,2.019999999999527,SL Hit,2912.7,2,1697.300000000026,3180.0,-4.550000000000182,6.230000000000018
2025-03-10 02:05:00,2025-03-10 06:05:00,Short,2911.1666666666665,2912.47,-3.9099999999998545,SL Hit,2912.47,3,1693.3900000000262,240.0,3.1433333333334303,-4.146666666666533
2025-03-10 06:40:00,2025-03-10 06:45:00,Long,2912.2,2911.2200000000003,-0.9799999999995634,SL Hit,2911.2200000000003,1,1692.4100000000267,5.0,-1.3999999999996362,0.580000000000382
2025-03-10 06:50:00,2025-03-10 07:45:00,Long,2912.29,2911.87,-0.42000000000007276,SL Hit,2911.87,1,1691.9900000000266,55.0,-2.1900000000000546,2.8099999999999454
2025-03-10 16:45:00,2025-03-11 01:35:00,Short,2890.986666666666,2889.82,3.499999999998181,SL Hit,2889.82,3,1695.4900000000248,530.0,9.823333333333721,-11.786666666666406
2025-03-12 00:10:00,2025-03-12 01:25:00,Short,2913.85,2914.57,-0.7200000000002547,SL Hit,2914.57,1,1694.7700000000245,75.0,0.9400000000000546,-3.0599999999999454
2025-03-12 05:55:00,2025-03-12 06:45:00,Long,2917.715,2912.27,-10.890000000000327,SL Hit,2912.27,2,1683.8800000000242,50.0,-5.625,2.894999999999982
2025-03-12 08:55:00,2025-03-12 09:10:00,Long,2920.55,2919.3099999999995,-1.2400000000006912,SL Hit,2919.3099999999995,1,1682.6400000000235,15.0,-2.0900000000001455,4.460000000000036
2025-03-12 11:35:00,2025-03-12 11:50:00,Short,2915.2,2916.379999999999,-1.1799999999993815,SL Hit,2916.379999999999,1,1681.4600000000241,15.0,1.2699999999999818,-0.6499999999996362
2025-03-12 19:30:00,2025-03-12 22:10:00,Short,2934.18,2935.5799999999995,-1.3999999999996362,SL Hit,2935.5799999999995,1,1680.0600000000245,160.0,1.4200000000000728,-3.4699999999998
2025-03-13 07:15:00,2025-03-13 08:10:00,Short,2935.92,2937.6000000000004,-1.680000000000291,SL Hit,2937.6000000000004,1,1678.3800000000242,55.0,5.25,-2.9099999999998545
2025-03-13 09:30:00,2025-03-13 10:10:00,Long,2945.9,2945.82,-0.07999999999992724,SL Hit,2945.82,1,1678.3000000000243,40.0,-1.2600000000002183,2.5799999999999272
2025-03-13 13:50:00,2025-03-14 05:25:00,Long,2975.9500000000003,2983.67,30.8799999999992,SL Hit,2983.67,4,1709.1800000000235,935.0,-28.190000000000055,17.659999999999854
2025-03-14 06:25:00,2025-03-14 06:40:00,Short,2982.7,2984.3599999999997,-1.6599999999998545,SL Hit,2984.3599999999997,1,1707.5200000000236,15.0,1.7699999999999818,-1.5799999999999272
2025-03-14 12:40:00,2025-03-14 13:00:00,Long,2997.825,2993.32,-9.009999999999309,SL Hit,2993.32,2,1698.5100000000243,20.0,-4.8849999999997635,1.4350000000004002
2025-03-14 13:05:00,2025-03-16 21:05:00,Short,2991.2766666666666,2990.12,3.4700000000002547,SL Hit,2990.12,3,1701.9800000000246,3360.0,4.403333333333194,-12.13666666666677
2025-03-17 18:30:00,2025-03-17 18:40:00,Long,2999.31,2999.31,0.0,SL Hit,2999.31,1,1701.9800000000246,10.0,-0.5399999999999636,0.8800000000001091
2025-03-17 23:30:00,2025-03-18 01:00:00,Long,3001.275,2998.7,-5.150000000000546,SL Hit,2998.7,2,1696.830000000024,90.0,-2.575000000000273,1.824999999999818
2025-03-18 07:10:00,2025-03-18 07:20:00,Long,3016.01,3015.9699999999993,-0.040000000000873115,SL Hit,3015.9699999999993,1,1696.7900000000232,10.0,-0.6300000000001091,2.4899999999997817
2025-03-18 07:25:00,2025-03-18 23:20:00,Long,3026.912,3031.5,22.940000000000964,SL Hit,3031.5,5,1719.7300000000241,955.0,-11.871999999999844,10.878000000000156
2025-03-18 23:55:00,2025-03-19 03:10:00,Short,3032.39,3034.4499999999994,-2.0599999999994907,SL Hit,3034.4499999999994,1,1717.6700000000246,195.0,2.730000000000018,-4.889999999999873
2025-03-19 03:20:00,2025-03-19 08:05:00,Long,3036.665,3034.5,-4.329999999999927,SL Hit,3034.5,2,1713.3400000000247,285.0,-3.255000000000109,8.295000000000073
2025-03-20 05:45:00,2025-03-20 06:20:00,Short,3046.84,3049.7200000000003,-2.880000000000109,SL Hit,3049.7200000000003,1,1710.4600000000246,35.0,4.210000000000036,-1.8500000000003638
2025-03-20 07:45:00,2025-03-20 16:15:00,Short,3036.5833333333335,3041.87,-15.859999999999218,SL Hit,3041.87,3,1694.6000000000254,510.0,9.096666666666351,-10.503333333333558
2025-03-20 18:10:00,2025-03-20 18:35:00,Long,3042.57,3041.2899999999995,-1.2800000000006548,SL Hit,3041.2899999999995,1,1693.3200000000247,25.0,-1.6600000000003092,2.6299999999996544
2025-03-20 19:35:00,2025-03-20 19:50:00,Long,3045.32,3045.02,-0.3000000000001819,SL Hit,3045.02,1,1693.0200000000245,15.0,-0.6300000000001091,0.4600000000000364
2025-03-20 23:50:00,2025-03-20 23:55:00,Long,3045.53,3045.1299999999997,-0.4000000000005457,SL Hit,3045.1299999999997,1,1692.620000000024,5.0,-0.6300000000001091,0.919999999999618
2025-03-21 11:55:00,2025-03-21 13:20:00,Long,3033.45,3033.17,-0.27999999999974534,SL Hit,3033.17,1,1692.3400000000242,85.0,-2.349999999999909,4.150000000000091
2025-03-21 17:15:00,2025-03-21 17:20:00,Long,3017.45,3016.41,-1.0399999999999636,SL Hit,3016.41,1,1691.3000000000243,5.0,-2.369999999999891,0.3400000000001455
2025-03-21 18:25:00,2025-03-24 02:40:00,Long,3020.25,3017.14,-9.330000000000382,SL Hit,3017.14,3,1681.970000000024,3375.0,-4.2800000000002,19.360000000000127
2025-03-24 06:35:00,2025-03-24 13:35:00,Long,3024.3900000000003,3022.1,-9.160000000001673,SL Hit,3022.1,4,1672.8100000000222,420.0,-3.5900000000001455,8.4399999999996
2025-03-24 13:40:00,2025-03-24 20:15:00,Short,3013.353333333333,3007.98,16.11999999999898,SL Hit,3007.98,3,1688.9300000000212,395.0,12.396666666666988,-10.86333333333323
2025-03-25 00:00:00,2025-03-25 00:05:00,Short,3009.7,3010.579999999999,-0.8799999999991996,SL Hit,3010.579999999999,1,1688.050000000022,5.0,1.0100000000002183,-0.4399999999995998
2025-03-25 11:10:00,2025-03-25 11:15:00,Long,3023.67,3023.67,0.0,SL Hit,3023.67,1,1688.050000000022,5.0,-0.36999999999989086,1.150000000000091
2025-03-25 18:45:00,2025-03-25 20:15:00,Short,3018.73,3020.4100000000003,-1.680000000000291,SL Hit,3020.4100000000003,1,1686.3700000000217,90.0,1.8400000000001455,-1.0300000000002
2025-03-26 07:25:00,2025-03-26 08:50:00,Long,3025.73,3025.27,-0.4600000000000364,SL Hit,3025.27,1,1685.9100000000217,85.0,-1.699999999999818,6.070000000000164
2025-03-26 18:15:00,2025-03-26 18:30:00,Long,3019.54,3019.2,-0.3400000000001455,SL Hit,3019.2,1,1685.5700000000215,15.0,-0.40000000000009095,0.9800000000000182
2025-03-26 20:45:00,2025-03-26 20:50:00,Long,3019.95,3019.95,0.0,SL Hit,3019.95,1,1685.5700000000215,5.0,-0.8799999999996544,0.8400000000001455
2025-03-26 23:55:00,2025-03-27 22:15:00,Long,3039.8271428571425,3054.1,99.91000000000213,SL Hit,3054.1,7,1785.4800000000237,1340.0,-20.02714285714228,19.202857142857738
2025-03-27 22:50:00,2025-03-28 00:05:00,Short,3055.07,3056.85,-3.5599999999994907,SL Hit,3056.85,2,1781.9200000000242,75.0,3.8299999999999272,-1.5700000000001637
2025-03-28 05:30:00,2025-03-28 08:20:00,Long,3076.7200000000003,3071.7,-10.040000000000873,SL Hit,3071.7,2,1771.8800000000233,170.0,-5.710000000000036,8.899999999999636
2025-03-28 08:55:00,2025-03-28 09:40:00,Short,3073.12,3075.1399999999994,-2.019999999999527,SL Hit,3075.1399999999994,1,1769.8600000000238,45.0,2.5300000000002,-2.980000000000018
2025-03-28 10:15:00,2025-03-28 11:00:00,Short,3071.0550000000003,3075.65,-9.1899999999996,SL Hit,3075.65,2,1760.6700000000242,45.0,4.704999999999927,-3.4050000000002
2025-03-28 11:10:00,2025-03-28 12:00:00,Long,3075.61,3075.5099999999998,-0.1000000000003638,SL Hit,3075.5099999999998,1,1760.5700000000238,50.0,-0.8700000000003456,3.6900000000000546
2025-03-28 13:20:00,2025-03-28 13:30:00,Short,3074.06,3077.82,-3.7600000000002183,SL Hit,3077.82,1,1756.8100000000236,10.0,4.300000000000182,-1.8800000000001091
2025-03-31 02:25:00,2025-03-31 09:45:00,Long,3111.5333333333333,3113.8,6.800000000000637,SL Hit,3113.8,3,1763.6100000000242,440.0,-14.323333333333267,15.03666666666686
2025-03-31 10:00:00,2025-03-31 10:30:00,Short,3114.78,3119.1600000000003,-4.380000000000109,SL Hit,3119.1600000000003,1,1759.2300000000241,30.0,6.739999999999782,-2.3700000000003456
2025-03-31 12:20:00,2025-03-31 12:35:00,Long,3122.1,3121.36,-0.7399999999997817,SL Hit,3121.36,1,1758.4900000000243,15.0,-0.9600000000000364,3.9100000000003092
2025-03-31 23:10:00,2025-03-31 23:50:00,Long,3125.24,3122.76,-2.4799999999995634,SL Hit,3122.76,1,1756.0100000000248,40.0,-5.109999999999673,0.9700000000002547
2025-04-01 12:00:00,2025-04-01 12:20:00,Short,3129.59,3132.71,-3.119999999999891,SL Hit,3132.71,1,1752.8900000000249,20.0,4.129999999999654,-1.5599999999999454
2025-04-01 20:05:00,2025-04-01 20:35:00,Long,3117.93,3117.93,0.0,SL Hit,3117.93,1,1752.8900000000249,30.0,-0.2300000000000182,2.450000000000273
2025-04-01 22:05:00,2025-04-02 00:25:00,Short,3113.08,3120.38,-14.600000000000364,SL Hit,3120.38,2,1738.2900000000245,140.0,8.099999999999909,-5.319999999999709
2025-04-02 07:45:00,2025-04-02 10:25:00,Long,3124.3033333333333,3127.01,8.1200000000008,SL Hit,3127.01,3,1746.4100000000253,160.0,-5.063333333333503,9.226666666666915
2025-04-02 17:05:00,2025-04-02 17:10:00,Long,3128.87,3128.87,0.0,SL Hit,3128.87,1,1746.4100000000253,5.0,-0.1999999999998181,1.6100000000001273
2025-04-02 17:45:00,2025-04-02 19:30:00,Short,3123.73,3126.07,-2.3400000000001455,SL Hit,3126.07,1,1744.0700000000252,105.0,3.3400000000001455,-5.630000000000109
2025-04-02 20:25:00,2025-04-02 20:40:00,Short,3121.22,3156.1599999999994,-34.9399999999996,SL Hit,3156.1599999999994,1,1709.1300000000256,15.0,15.090000000000146,-17.4699999999998
2025-04-02 20:40:00,2025-04-02 20:50:00,Long,3127.86,3127.86,0.0,SL Hit,3127.86,1,1709.1300000000256,10.0,-2.680000000000291,5.900000000000091
2025-04-03 10:15:00,2025-04-03 18:55:00,Short,3111.315,3109.7,6.460000000000946,SL Hit,3109.7,4,1715.5900000000265,520.0,23.045000000000073,-55.85500000000002
2025-04-04 10:40:00,2025-04-04 11:45:00,Long,3110.01,3104.7699999999995,-5.240000000000691,SL Hit,3104.7699999999995,1,1710.3500000000258,65.0,-12.550000000000182,24.509999999999764
2025-04-04 12:45:00,2025-04-04 19:45:00,Short,3052.79,3035.43,34.720000000000255,SL Hit,3035.43,2,1745.070000000026,420.0,35.76999999999998,-36.11000000000013
2025-04-06 22:05:00,2025-04-07 02:00:00,Short,3024.54,3066.2,-41.659999999999854,SL Hit,3066.2,1,1703.4100000000262,235.0,28.659999999999854,-51.429999999999836
2025-04-07 02:00:00,2025-04-07 02:30:00,Long,3037.26,3035.08,-2.180000000000291,SL Hit,3035.08,1,1701.230000000026,30.0,-4.170000000000073,16.59999999999991
2025-04-07 11:00:00,2025-04-07 11:55:00,Long,3032.17,3032.17,0.0,SL Hit,3032.17,1,1701.230000000026,55.0,-1.3600000000001273,13.11999999999989
2025-04-07 14:50:00,2025-04-08 00:25:00,Short,2993.866666666667,2988.09,17.329999999999927,SL Hit,2988.09,3,1718.5600000000259,575.0,10.793333333333067,-36.50666666666666
2025-04-08 00:55:00,2025-04-08 04:30:00,Long,2989.5299999999997,2994.0,8.94000000000051,SL Hit,2994.0,2,1727.5000000000264,215.0,-5.619999999999891,14.820000000000164
2025-04-08 05:20:00,2025-04-08 15:10:00,Long,3004.1275,3002.67,-5.829999999999927,SL Hit,3002.67,4,1721.6700000000264,590.0,-8.757500000000164,17.772500000000036
2025-04-08 23:30:00,2025-04-09 01:25:00,Short,2979.133333333333,2986.42,-21.860000000000582,SL Hit,2986.42,3,1699.8100000000259,115.0,10.626666666667006,-9.21333333333314
2025-04-09 04:30:00,2025-04-09 10:15:00,Long,3024.88,3039.75,74.34999999999945,SL Hit,3039.75,5,1774.1600000000253,345.0,-19.460000000000036,25.769999999999982
2025-04-09 10:25:00,2025-04-09 10:30:00,Short,3039.93,3042.689999999999,-2.759999999999309,SL Hit,3042.689999999999,1,1771.400000000026,5.0,3.480000000000018,-1.3799999999996544
2025-04-09 10:35:00,2025-04-09 11:05:00,Short,3042.98,3045.1200000000003,-2.1400000000003274,SL Hit,3045.1200000000003,1,1769.2600000000257,30.0,2.480000000000018,-6.150000000000091
2025-04-09 14:10:00,2025-04-09 14:50:00,Long,3074.08,3070.9400000000005,-3.139999999999418,SL Hit,3070.9400000000005,1,1766.1200000000263,40.0,-4.449999999999818,9.690000000000055
2025-04-09 16:10:00,2025-04-09 17:20:00,Long,3083.99,3082.63,-1.3599999999996726,SL Hit,3082.63,1,1764.7600000000266,70.0,-6.859999999999673,14.0300000000002
2025-04-09 17:35:00,2025-04-09 19:40:00,Short,3063.21,3098.02,-69.61999999999989,SL Hit,3098.02,2,1695.1400000000267,125.0,34.9699999999998,-12.590000000000146
2025-04-10 11:50:00,2025-04-10 13:55:00,Long,3123.876666666667,3116.78,-21.29000000000042,SL Hit,3116.78,3,1673.8500000000263,125.0,-7.66666666666697,11.633333333333212
2025-04-10 14:00:00,2025-04-10 17:05:00,Long,3141.89,3154.67,38.3400000000006,SL Hit,3154.67,3,1712.1900000000269,185.0,-23.980000000000018,32.460000000000036
2025-04-10 18:55:00,2025-04-11 10:45:00,Long,3190.5780000000004,3212.94,111.80999999999813,SL Hit,3212.94,5,1824.000000000025,950.0,-22.528000000000247,44.65199999999959
2025-04-11 10:50:00,2025-04-11 13:10:00,Short,3213.01,3235.23,-44.4399999999996,SL Hit,3235.23,2,1779.5600000000254,140.0,23.199999999999818,-2.930000000000291
2025-04-11 16:10:00,2025-04-11 16:15:00,Long,3242.85,3242.27,-0.5799999999999272,SL Hit,3242.27,1,1778.9800000000255,5.0,-2.4600000000000364,1.2300000000000182
2025-04-14 05:00:00,2025-04-14 05:50:00,Short,3226.91,3232.629999999999,-5.719999999999345,SL Hit,3232.629999999999,1,1773.2600000000261,50.0,5.880000000000109,-5.420000000000073
2025-04-14 13:05:00,2025-04-14 17:35:00,Short,3205.4700000000003,3215.2,-19.459999999999127,SL Hit,3215.2,2,1753.800000000027,270.0,10.499999999999545,-10.88000000000011
2025-04-14 22:40:00,2025-04-14 22:45:00,Long,3214.18,3212.5800000000004,-1.5999999999994543,SL Hit,3212.5800000000004,1,1752.2000000000276,5.0,-1.9400000000000546,0.7800000000002001
2025-04-15 01:10:00,2025-04-15 07:15:00,Long,3220.575,3221.02,0.8900000000003274,SL Hit,3221.02,2,1753.0900000000279,365.0,-7.664999999999964,11.664999999999964
2025-04-15 07:20:00,2025-04-15 08:10:00,Short,3220.6949999999997,3228.41,-15.430000000000291,SL Hit,3228.41,2,1737.6600000000276,50.0,9.875000000000455,-2.944999999999709
2025-04-15 10:55:00,2025-04-15 17:35:00,Short,3218.1366666666668,3225.68,-22.6299999999992,SL Hit,3225.68,3,1715.0300000000284,400.0,8.823333333333267,-7.236666666666679
2025-04-16 11:20:00,2025-04-16 11:45:00,Short,3299.0150000000003,3306.48,-14.929999999999382,SL Hit,3306.48,2,1700.100000000029,25.0,11.694999999999709,-5.475000000000364
2025-04-17 07:15:00,2025-04-17 10:25:00,Short,3322.08,3325.87,-7.579999999999927,SL Hit,3325.87,2,1692.520000000029,190.0,8.050000000000182,-9.11999999999989
2025-04-17 10:30:00,2025-04-17 11:40:00,Long,3325.71,3324.1099999999997,-1.6000000000003638,SL Hit,3324.1099999999997,1,1690.9200000000287,70.0,-3.2400000000002365,6.529999999999745
2025-04-22 06:10:00,2025-04-22 07:05:00,Long,3493.455,3474.14,-38.63000000000011,SL Hit,3474.14,2,1652.2900000000286,55.0,-22.335000000000036,5.994999999999891
2025-04-22 08:35:00,2025-04-23 00:25:00,Short,3405.3728571428574,3348.94,395.0300000000011,SL Hit,3348.94,7,2047.3200000000297,950.0,62.427142857142826,-87.4328571428573
2025-04-23 12:05:00,2025-04-23 16:35:00,Short,3304.013333333334,3295.53,25.450000000000728,SL Hit,3295.53,3,2072.7700000000304,270.0,28.286666666666406,-47.85333333333392
2025-04-23 22:05:00,2025-04-23 22:15:00,Long,3306.85,3305.7500000000005,-1.0999999999994543,SL Hit,3305.7500000000005,1,2071.670000000031,10.0,-1.849999999999909,4.039999999999964
2025-04-23 23:55:00,2025-04-24 06:00:00,Long,3321.145,3321.46,0.6300000000001091,SL Hit,3321.46,2,2072.300000000031,365.0,-9.3449999999998,44.27500000000009
2025-04-24 06:05:00,2025-04-24 07:05:00,Short,3324.005,3334.49,-20.969999999999345,SL Hit,3334.49,2,2051.3300000000318,60.0,14.184999999999945,-8.875
2025-04-24 09:00:00,2025-04-24 09:30:00,Long,3336.34,3334.8,-1.5399999999999636,SL Hit,3334.8,1,2049.790000000032,30.0,-5.680000000000291,4.7199999999998
2025-04-24 12:45:00,2025-04-24 12:55:00,Long,3336.73,3336.73,0.0,SL Hit,3336.73,1,2049.790000000032,10.0,-0.5300000000002001,4.309999999999945
2025-04-24 13:35:00,2025-04-24 17:15:00,Short,3327.88,3335.05,-14.340000000000146,SL Hit,3335.05,2,2035.4500000000317,220.0,8.690000000000055,-20.5300000000002
2025-04-24 17:25:00,2025-04-24 22:10:00,Long,3340.04,3332.4,-15.279999999999745,SL Hit,3332.4,2,2020.170000000032,285.0,-26.340000000000146,14.740000000000236
2025-04-24 22:15:00,2025-04-24 22:20:00,Long,3313.7,3313.7,0.0,SL Hit,3313.7,1,2020.170000000032,5.0,0.0,41.5300000000002
2025-04-24 22:20:00,2025-04-24 22:30:00,Short,3353.64,3363.72,-10.079999999999927,SL Hit,3363.72,1,2010.090000000032,10.0,15.300000000000182,-5.039999999999964
2025-04-25 01:50:00,2025-04-25 16:55:00,Short,3306.4699999999993,3285.95,184.67999999999574,SL Hit,3285.95,9,2194.7700000000277,905.0,46.36000000000058,-40.589999999999236
2025-04-28 01:55:00,2025-04-28 11:05:00,Short,3284.2999999999997,3293.65,-28.05000000000109,SL Hit,3293.65,3,2166.7200000000266,550.0,9.480000000000473,-13.479999999999563
2025-04-28 11:55:00,2025-04-28 13:00:00,Long,3292.13,3291.8499999999995,-0.28000000000065484,SL Hit,3291.8499999999995,1,2166.440000000026,65.0,-0.4800000000000182,9.319999999999709
2025-04-28 16:50:00,2025-04-28 22:25:00,Long,3332.77,3332.23,-0.5399999999999636,SL Hit,3332.23,1,2165.900000000026,335.0,-1.3699999999998909,19.920000000000073
2025-04-28 22:30:00,2025-04-29 00:30:00,Long,3336.7,3331.4,-10.599999999999454,SL Hit,3331.4,2,2155.3000000000266,120.0,-5.389999999999873,5.380000000000109
2025-04-29 00:50:00,2025-04-29 06:25:00,Short,3322.9600000000005,3317.63,15.990000000001146,SL Hit,3317.63,3,2171.2900000000277,335.0,15.259999999999309,-17.66000000000031
2025-04-29 09:05:00,2025-04-29 13:10:00,Short,3312.1400000000003,3315.85,-7.419999999999163,SL Hit,3315.85,2,2163.8700000000285,245.0,4.589999999999691,-9.610000000000127
2025-04-29 13:25:00,2025-04-29 13:40:00,Long,3313.28,3311.86,-1.4200000000000728,SL Hit,3311.86,1,2162.4500000000285,15.0,-1.7800000000002,7.649999999999636
2025-04-29 13:55:00,2025-04-29 16:20:00,Short,3308.9233333333336,3317.13,-24.619999999999436,SL Hit,3317.13,3,2137.830000000029,145.0,8.706666666666479,-8.243333333333794
2025-04-29 20:50:00,2025-04-30 00:05:00,Short,3318.55,3322.7,-8.299999999999272,SL Hit,3322.7,2,2129.5300000000298,195.0,4.989999999999782,-6.660000000000309
2025-04-30 00:50:00,2025-04-30 07:40:00,Short,3310.93,3313.89,-11.840000000000146,SL Hit,3313.89,4,2117.6900000000296,410.0,11.059999999999945,-9.659999999999854
2025-04-30 19:25:00,2025-05-01 12:40:00,Short,3248.96,3226.83,110.65000000000055,SL Hit,3226.83,5,2228.34000000003,1035.0,51.809999999999945,-46.55000000000018
2025-05-01 12:50:00,2025-05-01 13:00:00,Long,3225.4,3223.22,-2.180000000000291,SL Hit,3223.22,1,2226.16000000003,10.0,-2.3899999999998727,6.599999999999909
2025-05-01 15:30:00,2025-05-01 18:30:00,Short,3212.1299999999997,3220.19,-24.1800000000012,SL Hit,3220.19,3,2201.9800000000287,180.0,8.930000000000291,-7.4099999999998545
2025-05-02 00:20:00,2025-05-02 00:45:00,Long,3239.73,3234.51,-10.4399999999996,SL Hit,3234.51,2,2191.540000000029,25.0,-9.429999999999836,4.0900000000001455
2025-05-02 09:15:00,2025-05-02 10:15:00,Long,3261.94,3258.48,-3.4600000000000364,SL Hit,3258.48,1,2188.080000000029,60.0,-3.5900000000001455,4.5900000000001455
2025-05-02 11:45:00,2025-05-02 11:50:00,Long,3265.05,3265.05,0.0,SL Hit,3265.05,1,2188.080000000029,5.0,-0.9700000000002547,3.4600000000000364
2025-05-02 12:30:00,2025-05-02 20:20:00,Short,3243.9725,3239.4,18.289999999999054,SL Hit,3239.4,4,2206.370000000028,470.0,19.677500000000236,-21.252500000000055
2025-05-02 20:35:00,2025-05-02 20:45:00,Long,3238.08,3238.08,0.0,SL Hit,3238.08,1,2206.370000000028,10.0,-0.5199999999999818,1.6399999999998727
2025-05-02 20:50:00,2025-05-05 03:10:00,Long,3259.6133333333332,3260.05,1.310000000000855,SL Hit,3260.05,3,2207.680000000029,3260.0,-22.11333333333323,12.206666666666933
2025-05-05 03:15:00,2025-05-05 06:35:00,Short,3258.1133333333332,3261.53,-10.25000000000091,SL Hit,3261.53,3,2197.430000000028,200.0,3.496666666666897,-5.223333333333358
2025-05-05 06:40:00,2025-05-05 07:00:00,Long,3261.11,3260.2099999999996,-0.9000000000005457,SL Hit,3260.2099999999996,1,2196.5300000000275,20.0,-1.5799999999999272,3.900000000000091
2025-05-05 07:05:00,2025-05-05 14:00:00,Long,3289.8900000000003,3311.01,42.23999999999978,SL Hit,3311.01,2,2238.7700000000273,415.0,-31.170000000000528,32.179999999999836
2025-05-05 18:15:00,2025-05-06 00:20:00,Long,3323.9700000000003,3327.38,6.819999999999709,SL Hit,3327.38,2,2245.590000000027,365.0,-8.370000000000346,13.049999999999727
2025-05-06 05:30:00,2025-05-06 06:15:00,Short,3355.785,3365.42,-19.270000000000437,SL Hit,3365.42,2,2226.3200000000265,45.0,11.775000000000091,-5.105000000000018
2025-05-06 06:40:00,2025-05-06 06:45:00,Long,3365.18,3365.06,-0.11999999999989086,SL Hit,3365.06,1,2226.2000000000266,5.0,-0.31999999999970896,1.800000000000182
2025-05-06 06:50:00,2025-05-06 06:55:00,Long,3364.28,3364.28,0.0,SL Hit,3364.28,1,2226.2000000000266,5.0,-0.6700000000000728,2.049999999999727
2025-05-06 07:00:00,2025-05-06 11:35:00,Long,3376.1366666666668,3376.56,1.269999999999527,SL Hit,3376.56,3,2227.470000000026,275.0,-11.896666666666988,8.08333333333303
2025-05-06 11:40:00,2025-05-06 11:50:00,Short,3375.71,3379.2300000000005,-3.5200000000004366,SL Hit,3379.2300000000005,1,2223.9500000000257,10.0,4.5,-1.7600000000002183
2025-05-06 12:15:00,2025-05-06 12:35:00,Short,3376.92,3384.04,-7.119999999999891,SL Hit,3384.04,1,2216.830000000026,20.0,10.63000000000011,-3.5599999999999454
2025-05-06 15:40:00,2025-05-06 15:45:00,Long,3395.86,3394.36,-1.5,SL Hit,3394.36,1,2215.330000000026,5.0,-1.8600000000001273,1.069999999999709
2025-05-06 16:15:00,2025-05-06 22:05:00,Long,3411.86,3411.6,-0.7800000000006548,SL Hit,3411.6,3,2214.550000000025,350.0,-15.930000000000291,22.309999999999945
2025-05-06 22:15:00,2025-05-07 05:20:00,Short,3388.2659999999996,3386.77,7.479999999998199,SL Hit,3386.77,5,2222.0300000000234,425.0,25.75400000000036,-28.14599999999973
2025-05-07 05:50:00,2025-05-07 08:50:00,Long,3386.205,3378.81,-14.789999999999964,SL Hit,3378.81,2,2207.2400000000234,180.0,-7.864999999999782,10.815000000000055
2025-05-07 09:15:00,2025-05-07 10:30:00,Short,3382.92,3391.0,-8.079999999999927,SL Hit,3391.0,1,2199.1600000000235,75.0,8.289999999999964,-13.539999999999964
2025-05-07 13:25:00,2025-05-07 13:35:00,Short,3384.88,3388.1600000000008,-3.280000000000655,SL Hit,3388.1600000000008,1,2195.880000000023,10.0,7.2199999999998,-2.980000000000018
2025-05-07 14:25:00,2025-05-07 14:30:00,Short,3383.49,3385.2299999999996,-1.7399999999997817,SL Hit,3385.2299999999996,1,2194.140000000023,5.0,2.5600000000004,-1.3399999999996908
2025-05-07 19:10:00,2025-05-07 23:25:00,Short,3373.48,3373.24,0.48000000000047294,SL Hit,3373.24,2,2194.6200000000235,255.0,6.449999999999818,-9.760000000000218
2025-05-07 23:35:00,2025-05-08 05:45:00,Long,3372.8,3370.3999999999996,-2.4000000000005457,SL Hit,3370.3999999999996,1,2192.220000000023,370.0,-4.360000000000127,40.929999999999836
2025-05-09 07:15:00,2025-05-09 07:20:00,Long,3325.71,3325.71,0.0,SL Hit,3325.71,1,2192.220000000023,5.0,-0.5599999999999454,2.2899999999999636
2025-05-09 11:10:00,2025-05-09 11:30:00,Long,3328.01,3328.01,0.0,SL Hit,3328.01,1,2192.220000000023,20.0,-3.230000000000018,9.019999999999982
2025-05-09 14:35:00,2025-05-09 14:40:00,Long,3336.57,3336.57,0.0,SL Hit,3336.57,1,2192.220000000023,5.0,-2.5399999999999636,2.5099999999997635
2025-05-09 15:20:00,2025-05-09 16:55:00,Long,3338.76,3337.4399999999996,-1.3200000000006185,SL Hit,3337.4399999999996,1,2190.9000000000224,95.0,-1.9600000000000364,8.009999999999764
2025-05-12 03:25:00,2025-05-12 04:30:00,Long,3277.77,3277.77,0.0,SL Hit,3277.77,1,2190.9000000000224,65.0,-0.8000000000001819,6.190000000000055
2025-05-12 09:55:00,2025-05-12 11:55:00,Short,3217.21,3227.83,-10.61999999999989,SL Hit,3227.83,1,2180.2800000000225,120.0,10.679999999999836,-9.38000000000011
2025-05-13 11:30:00,2025-05-13 11:40:00,Long,3255.31,3255.31,0.0,SL Hit,3255.31,1,2180.2800000000225,10.0,-1.4899999999997817,2.900000000000091
2025-05-13 20:00:00,2025-05-14 00:05:00,Long,3248.895,3246.48,-4.829999999999927,SL Hit,3246.48,2,2175.4500000000226,245.0,-2.5949999999998,7.804999999999836
2025-05-14 02:00:00,2025-05-14 05:45:00,Short,3233.8266666666664,3230.11,11.149999999998727,SL Hit,3230.11,3,2186.6000000000213,225.0,7.043333333333521,-12.04666666666617
2025-05-14 07:50:00,2025-05-14 11:45:00,Long,3235.9474999999998,3229.7,-24.98999999999978,SL Hit,3229.7,4,2161.6100000000215,235.0,-9.167499999999563,6.3725000000004
2025-05-14 18:55:00,2025-05-14 19:40:00,Short,3173.87,3177.3499999999995,-3.4799999999995634,SL Hit,3177.3499999999995,1,2158.130000000022,45.0,4.970000000000255,-4.9099999999998545
2025-05-16 03:05:00,2025-05-16 06:05:00,Short,3214.76,3221.81,-21.14999999999918,SL Hit,3221.81,3,2136.9800000000228,180.0,11.129999999999654,-8.0300000000002
2025-05-16 07:45:00,2025-05-16 16:45:00,Short,3197.1866666666665,3187.1,30.259999999999764,SL Hit,3187.1,3,2167.2400000000225,540.0,16.963333333333594,-41.73666666666668
2025-05-19 07:40:00,2025-05-19 14:05:00,Long,3230.77,3221.7099999999996,-9.0600000000004,SL Hit,3221.7099999999996,1,2158.180000000022,385.0,-12.139999999999873,17.079999999999927
2025-05-19 22:30:00,2025-05-20 01:00:00,Short,3226.95,3227.8499999999995,-0.8999999999996362,SL Hit,3227.8499999999995,1,2157.2800000000225,150.0,1.0399999999999636,-12.699999999999818
2025-05-20 02:15:00,2025-05-20 04:15:00,Short,3213.146666666667,3213.61,-1.389999999999418,SL Hit,3213.61,3,2155.890000000023,120.0,3.7933333333330665,-8.846666666666806
2025-05-20 04:20:00,2025-05-20 04:25:00,Long,3212.78,3212.78,0.0,SL Hit,3212.78,1,2155.890000000023,5.0,-1.180000000000291,1.7899999999999636
2025-05-20 05:50:00,2025-05-20 07:35:00,Short,3211.59,3219.27,-15.359999999999673,SL Hit,3219.27,2,2140.5300000000234,105.0,9.449999999999818,-3.2899999999999636
2025-05-20 11:25:00,2025-05-20 11:30:00,Long,3238.9,3237.22,-1.680000000000291,SL Hit,3237.22,1,2138.850000000023,5.0,-1.9100000000003092,0.5499999999997272
2025-05-20 13:55:00,2025-05-21 01:25:00,Long,3277.273333333333,3288.1,64.96000000000095,SL Hit,3288.1,6,2203.810000000024,690.0,-32.2233333333329,36.45666666666693
2025-05-22 02:55:00,2025-05-22 03:00:00,Long,3340.5,3339.88,-0.6199999999998909,SL Hit,3339.88,1,2203.190000000024,5.0,-1.6700000000000728,1.0399999999999636
2025-05-22 03:10:00,2025-05-22 03:55:00,Long,3341.9700000000003,3336.2,-11.540000000000873,SL Hit,3336.2,2,2191.6500000000233,45.0,-6.940000000000055,3.0099999999997635
2025-05-22 06:05:00,2025-05-22 13:10:00,Short,3319.74,3314.39,10.699999999999818,SL Hit,3314.39,2,2202.350000000023,425.0,14.940000000000055,-35.61999999999989
2025-05-22 16:45:00,2025-05-22 16:50:00,Long,3302.59,3302.37,-0.22000000000025466,SL Hit,3302.37,1,2202.130000000023,5.0,-1.5900000000001455,2.0099999999997635
2025-05-23 17:45:00,2025-05-23 18:00:00,Long,3363.3,3362.1399999999994,-1.160000000000764,SL Hit,3362.1399999999994,1,2200.970000000022,15.0,-2.0399999999999636,0.8099999999999454
2025-05-26 08:50:00,2025-05-26 11:50:00,Short,3332.9700000000003,3333.06,-0.17999999999938154,SL Hit,3333.06,2,2200.7900000000227,180.0,2.4099999999998545,-9.370000000000346
2025-05-26 12:00:00,2025-05-26 12:20:00,Long,3332.54,3332.54,0.0,SL Hit,3332.54,1,2200.7900000000227,20.0,-4.420000000000073,2.2100000000000364
2025-05-26 13:10:00,2025-05-27 01:40:00,Long,3335.3333333333335,3335.75,1.2499999999995453,SL Hit,3335.75,3,2202.0400000000222,750.0,-3.363333333333685,14.276666666666642
2025-05-27 11:25:00,2025-05-27 12:25:00,Short,3290.88,3296.4400000000005,-5.5600000000004,SL Hit,3296.4400000000005,1,2196.480000000022,60.0,6.429999999999836,-2.8900000000003274
2025-05-27 19:10:00,2025-05-27 19:20:00,Long,3304.09,3303.67,-0.42000000000007276,SL Hit,3303.67,1,2196.060000000022,10.0,-0.6900000000000546,0.7699999999999818
2025-05-27 21:00:00,2025-05-27 22:00:00,Short,3300.39,3301.2899999999995,-0.8999999999996362,SL Hit,3301.2899999999995,1,2195.160000000022,60.0,3.3600000000001273,-0.4499999999998181
2025-05-27 23:15:00,2025-05-28 01:40:00,Long,3308.63,3301.3,-14.659999999999854,SL Hit,3301.3,2,2180.5000000000223,145.0,-7.920000000000073,6.949999999999818
2025-05-28 01:50:00,2025-05-28 02:00:00,Short,3303.35,3307.11,-3.7600000000002183,SL Hit,3307.11,1,2176.740000000022,10.0,4.660000000000309,-2.6100000000001273
2025-05-28 07:05:00,2025-05-28 10:35:00,Long,3315.05,3315.48,0.8599999999996726,SL Hit,3315.48,2,2177.6000000000217,210.0,-7.519999999999982,10.009999999999764
2025-05-28 13:20:00,2025-05-29 02:40:00,Short,3290.9849999999997,3268.6,89.53999999999905,SL Hit,3268.6,4,2267.140000000021,800.0,18.595000000000255,-45.73499999999967
2025-05-29 19:45:00,2025-05-29 20:25:00,Short,3316.33,3317.1499999999996,-0.819999999999709,SL Hit,3317.1499999999996,1,2266.320000000021,40.0,1.1199999999998909,-2.0299999999997453
2025-05-29 22:55:00,2025-05-30 01:15:00,Short,3313.215,3318.56,-10.6899999999996,SL Hit,3318.56,2,2255.6300000000215,140.0,6.875,-4.2150000000001455
2025-05-30 02:00:00,2025-05-30 10:05:00,Short,3300.9379999999996,3298.95,9.939999999999145,SL Hit,3298.95,5,2265.5700000000206,485.0,10.942000000000462,-12.167999999999665
2025-05-30 10:55:00,2025-05-30 11:00:00,Short,3295.46,3296.7,-1.2399999999997817,SL Hit,3296.7,1,2264.330000000021,5.0,1.3800000000001091,-1.8699999999998909
2025-05-30 11:30:00,2025-05-30 12:10:00,Short,3293.11,3295.73,-2.619999999999891,SL Hit,3295.73,1,2261.710000000021,40.0,12.75,-5.829999999999927
2025-06-02 04:15:00,2025-06-02 16:20:00,Long,3346.44,3370.73,145.73999999999978,SL Hit,3370.73,6,2407.4500000000207,725.0,-35.57999999999993,32.590000000000146
