Entry Time,Exit Time,Direction,Entry Price,Exit Price,PnL,Exit Reason,SL Price,Units,Cumulative PnL,Duration,MAE,MFE
2023-06-14 00:35:00,2023-06-14 00:45:00,Long,1945.08,1944.5600000000004,-0.5199999999995271,SL Hit,1944.5600000000004,1,-0.5199999999995271,10.0,-1.2799999999999727,0.21000000000003638
2023-06-14 00:50:00,2023-06-14 01:35:00,Short,1945.645,1946.71,-2.130000000000109,SL Hit,1946.71,2,-2.649999999999636,45.0,1.2550000000001091,-1.4949999999998909
2023-06-14 01:45:00,2023-06-14 03:20:00,Long,1946.755,1946.75,-0.020000000000436557,SL Hit,1946.75,4,-2.6700000000000728,95.0,-1.0050000000001091,1.0149999999998727
2023-06-14 05:20:00,2023-06-14 07:20:00,Short,1946.915,1946.61,1.2200000000002547,SL Hit,1946.61,4,-1.449999999999818,120.0,1.5350000000000819,-2.115000000000009
2023-06-14 08:50:00,2023-06-14 09:45:00,Long,1951.0325000000003,1950.9,-0.5300000000006548,SL Hit,1950.9,4,-1.980000000000473,55.0,-1.7325000000003001,1.7274999999997362
2023-06-14 10:55:00,2023-06-14 11:55:00,Short,1947.1499999999999,1946.66,1.9599999999991269,SL Hit,1946.66,4,-0.020000000001346052,60.0,1.5900000000001455,-1.849999999999909
2023-06-14 15:55:00,2023-06-14 18:35:00,Short,1952.8025000000002,1948.55,17.010000000001128,SL Hit,1948.55,4,16.98999999999978,160.0,4.577499999999873,-12.112500000000182
2023-06-14 18:40:00,2023-06-14 19:15:00,Long,1947.02,1947.02,0.0,SL Hit,1947.02,1,16.98999999999978,35.0,-1.8199999999999363,5.579999999999927
2023-06-14 19:35:00,2023-06-14 23:30:00,Short,1945.3600000000001,1945.12,0.48000000000047294,SL Hit,1945.12,2,17.470000000000255,235.0,1.5099999999997635,-5.7000000000000455
2023-06-14 23:35:00,2023-06-14 23:40:00,Long,1944.28,1944.28,0.0,SL Hit,1944.28,1,17.470000000000255,5.0,-0.37999999999988177,0.6200000000001182
2023-06-15 05:35:00,2023-06-15 06:30:00,Long,1935.14,1934.0199999999993,-1.1200000000008004,SL Hit,1934.0199999999993,1,16.349999999999454,55.0,-1.9800000000000182,4.339999999999918
2023-06-15 08:10:00,2023-06-15 08:35:00,Long,1932.25,1930.94,-2.619999999999891,SL Hit,1930.94,2,13.729999999999563,25.0,-1.509999999999991,1.900000000000091
2023-06-15 11:00:00,2023-06-15 12:15:00,Short,1930.9250000000002,1929.67,2.5100000000002183,SL Hit,1929.67,2,16.23999999999978,75.0,2.7849999999998545,-3.3850000000002183
2023-06-15 12:40:00,2023-06-15 15:15:00,Long,1941.1100000000001,1952.22,22.2199999999998,SL Hit,1952.22,2,38.45999999999958,155.0,-12.100000000000136,18.34999999999991
2023-06-15 17:25:00,2023-06-15 18:00:00,Short,1958.44,1960.8000000000006,-2.360000000000582,SL Hit,1960.8000000000006,1,36.099999999999,35.0,1.6900000000000546,-0.5900000000001455
2023-06-15 18:00:00,2023-06-15 18:05:00,Long,1958.75,1958.75,0.0,SL Hit,1958.75,1,36.099999999999,5.0,-1.150000000000091,0.6099999999999
2023-06-15 18:10:00,2023-06-15 19:00:00,Short,1957.795,1958.22,-0.849999999999909,SL Hit,1958.22,2,35.24999999999909,50.0,0.6649999999999636,-1.0950000000000273
2023-06-15 19:05:00,2023-06-15 19:20:00,Long,1957.96,1957.96,0.0,SL Hit,1957.96,1,35.24999999999909,15.0,-0.8600000000001273,0.75
2023-06-15 19:30:00,2023-06-15 19:40:00,Long,1958.72,1958.2799999999995,-0.4400000000005093,SL Hit,1958.2799999999995,1,34.80999999999858,10.0,-0.6200000000001182,0.8399999999999181
2023-06-15 20:30:00,2023-06-15 22:30:00,Short,1957.775,1957.94,-0.32999999999992724,SL Hit,1957.94,2,34.479999999998654,120.0,0.21499999999991815,-0.875
2023-06-15 22:45:00,2023-06-15 22:50:00,Long,1957.9,1957.7399999999993,-0.16000000000076398,SL Hit,1957.7399999999993,1,34.31999999999789,5.0,-0.6000000000001364,0.2599999999999909
2023-06-16 00:10:00,2023-06-16 00:15:00,Long,1958.6,1958.6,0.0,SL Hit,1958.6,1,34.31999999999789,5.0,-0.2699999999999818,0.6700000000000728
2023-06-16 05:05:00,2023-06-16 05:30:00,Short,1955.18,1956.8600000000004,-1.680000000000291,SL Hit,1956.8600000000004,1,32.6399999999976,25.0,1.7000000000000455,-1.1800000000000637
2023-06-16 08:35:00,2023-06-16 12:35:00,Long,1964.142857142857,1964.36,1.519999999999527,SL Hit,1964.36,7,34.159999999997126,240.0,-2.6028571428571468,3.657142857142844
2023-06-16 14:15:00,2023-06-16 14:55:00,Short,1958.6599999999999,1960.33,-3.3400000000001455,SL Hit,1960.33,2,30.81999999999698,40.0,1.8900000000001,-5.1599999999998545
2023-06-16 15:00:00,2023-06-16 15:10:00,Long,1960.44,1959.0799999999995,-1.360000000000582,SL Hit,1959.0799999999995,1,29.4599999999964,10.0,-1.759999999999991,0.9099999999998545
2023-06-16 15:40:00,2023-06-16 17:00:00,Short,1956.42,1955.49,1.8600000000001273,SL Hit,1955.49,2,31.319999999996526,80.0,1.9600000000000364,-2.7200000000000273
2023-06-16 19:30:00,2023-06-18 20:00:00,Short,1957.47,1957.88,-0.8200000000001637,SL Hit,1957.88,2,30.499999999996362,2910.0,3.1299999999998818,-1.990000000000009
2023-06-19 01:10:00,2023-06-19 01:45:00,Long,1956.46,1955.42,-1.0399999999999636,SL Hit,1955.42,1,29.4599999999964,35.0,-0.8600000000001273,1.3999999999998636
2023-06-19 01:45:00,2023-06-19 04:25:00,Short,1955.602,1955.62,-0.08999999999900865,SL Hit,1955.62,5,29.36999999999739,160.0,0.987999999999829,-1.8020000000001346
2023-06-19 05:35:00,2023-06-19 07:55:00,Short,1955.562,1954.57,4.959999999999809,SL Hit,1954.57,5,34.3299999999972,140.0,1.568000000000211,-2.7819999999999254
2023-06-19 10:45:00,2023-06-19 10:50:00,Long,1949.76,1949.0799999999997,-0.680000000000291,SL Hit,1949.0799999999997,1,33.64999999999691,5.0,-0.9600000000000364,0.6300000000001091
2023-06-19 11:40:00,2023-06-19 12:10:00,Short,1948.6533333333334,1949.07,-1.2499999999995453,SL Hit,1949.07,3,32.39999999999736,30.0,0.9566666666664787,-0.8533333333334667
2023-06-19 13:05:00,2023-06-19 14:00:00,Long,1952.075,1951.0,-2.150000000000091,SL Hit,1951.0,2,30.24999999999727,55.0,-1.1050000000000182,1.1449999999999818
2023-06-19 14:10:00,2023-06-19 14:45:00,Short,1951.9850000000001,1952.78,-1.5899999999996908,SL Hit,1952.78,2,28.65999999999758,35.0,0.9149999999999636,-1.2050000000001546
2023-06-19 18:05:00,2023-06-19 18:20:00,Short,1949.675,1949.83,-0.30999999999994543,SL Hit,1949.83,2,28.349999999997635,15.0,0.4149999999999636,-0.974999999999909
2023-06-19 23:35:00,2023-06-19 23:55:00,Short,1951.36,1951.8399999999995,-0.47999999999956344,SL Hit,1951.8399999999995,1,27.869999999998072,20.0,0.9600000000000364,-0.2999999999999545
2023-06-20 04:10:00,2023-06-20 06:00:00,Short,1949.6299999999999,1949.31,1.2799999999997453,SL Hit,1949.31,4,29.149999999997817,110.0,1.540000000000191,-2.6299999999998818
2023-06-20 08:30:00,2023-06-20 09:05:00,Short,1953.7199999999998,1954.01,-0.580000000000382,SL Hit,1954.01,2,28.569999999997435,35.0,0.540000000000191,-1.6199999999998909
2023-06-20 10:20:00,2023-06-20 11:00:00,Short,1951.2649999999999,1952.66,-2.7900000000004184,SL Hit,1952.66,2,25.779999999997017,40.0,2.0850000000000364,-1.1649999999999636
2023-06-20 11:30:00,2023-06-20 14:55:00,Short,1945.0833333333333,1933.95,33.399999999999636,SL Hit,1933.95,3,59.17999999999665,205.0,9.276666666666642,-16.083333333333258
2023-06-20 16:55:00,2023-06-20 17:00:00,Long,1937.29,1937.29,0.0,SL Hit,1937.29,1,59.17999999999665,5.0,-0.09999999999990905,0.5299999999999727
2023-06-20 19:15:00,2023-06-20 19:20:00,Long,1936.5,1936.2200000000003,-0.27999999999974534,SL Hit,1936.2200000000003,1,58.89999999999691,5.0,-0.42000000000007276,0.6900000000000546
2023-06-20 20:45:00,2023-06-20 22:05:00,Short,1935.9,1937.8600000000001,-1.9600000000000364,SL Hit,1937.8600000000001,1,56.93999999999687,80.0,0.8299999999999272,-0.5600000000001728
2023-06-20 22:05:00,2023-06-20 22:55:00,Long,1936.1766666666665,1936.0,-0.529999999999518,SL Hit,1936.0,3,56.40999999999735,50.0,-0.676666666666506,1.8033333333335122
2023-06-20 23:45:00,2023-06-21 01:30:00,Short,1937.4099999999999,1937.38,0.05999999999949068,SL Hit,1937.38,2,56.469999999996844,105.0,0.6200000000001182,-1.5099999999997635
2023-06-21 02:50:00,2023-06-21 05:35:00,Short,1936.3380000000002,1936.27,0.340000000001055,SL Hit,1936.27,5,56.8099999999979,165.0,1.4019999999998163,-2.068000000000211
2023-06-21 05:40:00,2023-06-21 06:00:00,Long,1936.29,1933.13,-3.1599999999998545,SL Hit,1933.13,1,53.649999999998045,20.0,-4.039999999999964,0.39000000000010004
2023-06-21 08:30:00,2023-06-21 08:50:00,Short,1934.38,1935.18,-1.599999999999909,SL Hit,1935.18,2,52.049999999998136,20.0,1.3999999999998636,-0.6700000000000728
2023-06-21 09:15:00,2023-06-21 09:30:00,Short,1933.12,1936.1599999999999,-3.0399999999999636,SL Hit,1936.1599999999999,1,49.00999999999817,15.0,2.2200000000000273,-0.9499999999998181
2023-06-21 09:30:00,2023-06-21 10:00:00,Long,1934.94,1932.4599999999996,-2.480000000000473,SL Hit,1932.4599999999996,1,46.5299999999977,30.0,-2.740000000000009,0.7300000000000182
2023-06-21 13:10:00,2023-06-21 13:55:00,Short,1928.3200000000002,1929.63,-2.619999999999891,SL Hit,1929.63,2,43.90999999999781,45.0,2.3299999999999272,-8.13000000000011
2023-06-21 15:50:00,2023-06-21 16:15:00,Long,1931.7350000000001,1930.86,-1.7500000000004547,SL Hit,1930.86,2,42.15999999999735,25.0,-0.9550000000001546,1.5649999999998272
2023-06-21 17:50:00,2023-06-21 18:00:00,Long,1934.53,1934.0500000000004,-0.47999999999956344,SL Hit,1934.0500000000004,1,41.67999999999779,10.0,-0.7200000000000273,0.5299999999999727
2023-06-21 20:20:00,2023-06-21 22:00:00,Short,1932.4666666666665,1932.73,-0.7900000000006457,SL Hit,1932.73,3,40.889999999997144,100.0,0.7033333333336032,-0.6366666666665424
2023-06-21 22:10:00,2023-06-21 22:15:00,Long,1932.68,1932.68,0.0,SL Hit,1932.68,1,40.889999999997144,5.0,-0.5800000000001546,0.5599999999999454
2023-06-21 23:00:00,2023-06-21 23:45:00,Short,1933.6599999999999,1933.89,-0.4600000000004911,SL Hit,1933.89,2,40.42999999999665,45.0,0.5000000000002274,-1.459999999999809
2023-06-22 01:05:00,2023-06-22 01:40:00,Short,1932.74,1933.22,-0.9600000000000364,SL Hit,1933.22,2,39.46999999999662,35.0,0.9300000000000637,-1.0399999999999636
2023-06-22 04:45:00,2023-06-22 05:55:00,Short,1929.9,1930.05,-0.29999999999972715,SL Hit,1930.05,2,39.16999999999689,70.0,1.3399999999999181,-2.0
2023-06-22 11:30:00,2023-06-22 12:30:00,Short,1926.625,1927.57,-1.8899999999998727,SL Hit,1927.57,2,37.27999999999702,60.0,3.5850000000000364,-2.865000000000009
2023-06-22 15:25:00,2023-06-22 16:00:00,Short,1914.0900000000001,1915.16,-2.1399999999998727,SL Hit,1915.16,2,35.139999999997144,35.0,1.2899999999999636,-1.6900000000000546
2023-06-22 16:10:00,2023-06-22 18:20:00,Long,1914.435,1914.9,1.860000000000582,SL Hit,1914.9,4,36.999999999997726,130.0,-1.125,2.9550000000001546
2023-06-22 19:05:00,2023-06-22 19:25:00,Long,1914.95,1914.07,-0.8800000000001091,SL Hit,1914.07,1,36.11999999999762,20.0,-0.900000000000091,0.2899999999999636
2023-06-22 20:20:00,2023-06-22 22:00:00,Short,1913.8400000000001,1914.04,-0.3999999999996362,SL Hit,1914.04,2,35.71999999999798,100.0,0.2999999999999545,-1.3800000000001091
2023-06-23 02:50:00,2023-06-23 03:50:00,Short,1911.085,1911.88,-1.5900000000001455,SL Hit,1911.88,2,34.129999999997835,60.0,1.2649999999998727,-0.8849999999999909
2023-06-23 06:55:00,2023-06-23 07:45:00,Short,1913.8,1918.6000000000001,-4.800000000000182,SL Hit,1918.6000000000001,1,29.329999999997654,50.0,4.930000000000064,-1.2000000000000455
2023-06-23 08:40:00,2023-06-23 08:55:00,Long,1919.24,1918.32,-0.9200000000000728,SL Hit,1918.32,1,28.40999999999758,15.0,-1.8800000000001091,0.6800000000000637
2023-06-23 09:15:00,2023-06-23 11:00:00,Short,1917.8833333333334,1918.06,-0.529999999999518,SL Hit,1918.06,3,27.879999999998063,105.0,1.6466666666665333,-1.2533333333333303
2023-06-23 12:15:00,2023-06-23 12:30:00,Long,1919.4,1919.4,0.0,SL Hit,1919.4,1,27.879999999998063,15.0,-0.14000000000010004,4.279999999999973
2023-06-23 13:50:00,2023-06-23 14:15:00,Long,1933.71,1930.33,-6.760000000000218,SL Hit,1930.33,2,21.119999999997844,25.0,-5.039999999999964,2.8599999999999
2023-06-23 16:35:00,2023-06-23 17:30:00,Short,1919.6399999999999,1920.41,-1.5400000000004184,SL Hit,1920.41,2,19.579999999997426,55.0,1.4300000000000637,-1.709999999999809
2023-06-23 17:50:00,2023-06-23 18:35:00,Long,1920.09,1919.09,-1.0,SL Hit,1919.09,1,18.579999999997426,45.0,-1.490000000000009,0.7000000000000455
2023-06-23 19:05:00,2023-06-23 19:40:00,Long,1920.27,1919.5099999999998,-0.7600000000002183,SL Hit,1919.5099999999998,1,17.819999999997208,35.0,-1.0199999999999818,0.8900000000001
2023-06-23 19:45:00,2023-06-25 19:00:00,Short,1919.86,1922.5799999999992,-2.719999999999345,SL Hit,1922.5799999999992,1,15.099999999997863,2835.0,7.440000000000055,-1.259999999999991
2023-06-25 23:20:00,2023-06-25 23:25:00,Long,1924.45,1923.8499999999997,-0.6000000000003638,SL Hit,1923.8499999999997,1,14.499999999997499,5.0,-0.8500000000001364,0.2899999999999636
2023-06-25 23:55:00,2023-06-26 00:00:00,Long,1924.88,1924.88,0.0,SL Hit,1924.88,1,14.499999999997499,5.0,-0.20000000000004547,0.9399999999998272
2023-06-26 01:25:00,2023-06-26 02:05:00,Long,1926.6,1923.4,-3.199999999999818,SL Hit,1923.4,1,11.29999999999768,40.0,-2.269999999999982,1.7300000000000182
2023-06-26 02:05:00,2023-06-26 02:25:00,Short,1925.0,1926.2799999999997,-1.2799999999997453,SL Hit,1926.2799999999997,1,10.019999999997935,20.0,1.509999999999991,-0.31999999999993634
2023-06-26 03:30:00,2023-06-26 03:40:00,Long,1925.3,1925.3,0.0,SL Hit,1925.3,1,10.019999999997935,10.0,-0.05999999999994543,1.3400000000001455
2023-06-26 04:10:00,2023-06-26 05:30:00,Short,1924.823333333333,1925.04,-0.6500000000007731,SL Hit,1925.04,3,9.369999999997162,80.0,1.1266666666670062,-1.2233333333331302
2023-06-26 08:00:00,2023-06-26 09:10:00,Long,1930.4250000000002,1931.1,1.3499999999994543,SL Hit,1931.1,2,10.719999999996617,70.0,-1.5450000000000728,2.6649999999997362
2023-06-26 09:55:00,2023-06-26 10:35:00,Short,1929.96,1932.6000000000004,-2.6400000000003274,SL Hit,1932.6000000000004,1,8.07999999999629,40.0,3.1599999999998545,-0.6600000000000819
2023-06-26 11:25:00,2023-06-26 11:40:00,Short,1931.8,1933.72,-1.9200000000000728,SL Hit,1933.72,1,6.1599999999962165,15.0,0.5599999999999454,-0.4800000000000182
2023-06-26 11:40:00,2023-06-26 12:00:00,Long,1932.05,1930.5700000000004,-1.4799999999995634,SL Hit,1930.5700000000004,1,4.679999999996653,20.0,-1.5499999999999545,0.2400000000000091
2023-06-26 12:05:00,2023-06-26 12:30:00,Short,1931.305,1932.31,-2.0099999999997635,SL Hit,1932.31,2,2.6699999999968895,25.0,1.2649999999998727,-1.4450000000001637
2023-06-26 15:10:00,2023-06-26 15:55:00,Long,1926.1399999999999,1926.2,0.12000000000034561,SL Hit,1926.2,2,2.789999999997235,45.0,-2.2399999999997817,2.2000000000000455
2023-06-26 16:45:00,2023-06-26 17:45:00,Short,1923.9133333333332,1924.21,-0.8900000000005548,SL Hit,1924.21,3,1.8999999999966803,60.0,1.0166666666668789,-1.2133333333331393
2023-06-26 19:25:00,2023-06-26 20:35:00,Short,1922.67,1923.12,-0.8999999999996362,SL Hit,1923.12,2,0.9999999999970441,70.0,0.5099999999999909,-1.0700000000001637
2023-06-26 22:40:00,2023-06-26 23:15:00,Long,1923.61,1922.62,-1.9800000000000182,SL Hit,1922.62,2,-0.980000000002974,35.0,-1.0899999999999181,0.9900000000000091
2023-06-27 00:25:00,2023-06-27 00:40:00,Long,1922.53,1922.53,0.0,SL Hit,1922.53,1,-0.980000000002974,15.0,-0.12999999999988177,1.990000000000009
2023-06-27 01:20:00,2023-06-27 03:30:00,Long,1926.7700000000002,1928.11,4.019999999999072,SL Hit,1928.11,3,3.0399999999960983,130.0,-2.4000000000003183,3.2699999999997544
2023-06-27 03:55:00,2023-06-27 04:20:00,Short,1928.665,1928.99,-0.650000000000091,SL Hit,1928.99,2,2.3899999999960073,25.0,0.6749999999999545,-1.0650000000000546
2023-06-27 18:00:00,2023-06-27 18:45:00,Short,1912.02,1914.1,-2.0799999999999272,SL Hit,1914.1,1,0.3099999999960801,45.0,2.230000000000018,-1.4200000000000728
2023-06-27 23:45:00,2023-06-28 00:35:00,Long,1915.73,1915.0,-1.4600000000000364,SL Hit,1915.0,2,-1.1500000000039563,50.0,-1.1300000000001091,1.25
2023-06-28 00:40:00,2023-06-28 01:40:00,Short,1914.8899999999999,1916.12,-2.4600000000000364,SL Hit,1916.12,2,-3.6100000000039927,60.0,1.6400000000001,-1.5199999999999818
2023-06-28 01:45:00,2023-06-28 01:50:00,Long,1915.47,1915.47,0.0,SL Hit,1915.47,1,-3.6100000000039927,5.0,-0.7000000000000455,0.5099999999999909
2023-06-28 06:40:00,2023-06-28 08:55:00,Short,1910.765,1910.19,2.300000000000182,SL Hit,1910.19,4,-1.3100000000038108,135.0,1.584999999999809,-2.9650000000001455
2023-06-28 09:00:00,2023-06-28 09:25:00,Long,1909.65,1909.0099999999998,-0.6400000000003274,SL Hit,1909.0099999999998,1,-1.9500000000041382,25.0,-1.050000000000182,1.9199999999998454
2023-06-28 12:25:00,2023-06-28 12:30:00,Short,1906.58,1907.2199999999993,-0.6399999999994179,SL Hit,1907.2199999999993,1,-2.590000000003556,5.0,1.2000000000000455,-0.7899999999999636
2023-06-28 13:30:00,2023-06-28 13:40:00,Long,1908.88,1905.0,-3.880000000000109,SL Hit,1905.0,1,-6.470000000003665,10.0,-4.040000000000191,1.8199999999999363
2023-06-28 14:50:00,2023-06-28 15:20:00,Short,1906.94,1911.6600000000003,-4.720000000000255,SL Hit,1911.6600000000003,1,-11.19000000000392,30.0,4.730000000000018,-1.400000000000091
2023-06-28 15:20:00,2023-06-28 17:35:00,Long,1911.1325000000002,1912.23,4.389999999999418,SL Hit,1912.23,4,-6.800000000004502,135.0,-2.0925000000002,2.1174999999998363
2023-06-28 19:00:00,2023-06-28 22:05:00,Short,1910.1625000000001,1909.41,3.0100000000002183,SL Hit,1909.41,4,-3.7900000000042837,185.0,2.0874999999998636,-3.4925000000000637
2023-06-28 23:10:00,2023-06-29 00:00:00,Long,1910.01,1908.4099999999996,-1.6000000000003638,SL Hit,1908.4099999999996,1,-5.3900000000046475,50.0,-1.7100000000000364,0.5499999999999545
2023-06-29 00:00:00,2023-06-29 00:55:00,Short,1909.155,1909.18,-0.0500000000001819,SL Hit,1909.18,2,-5.440000000004829,55.0,0.8550000000000182,-1.7549999999998818
2023-06-29 02:45:00,2023-06-29 03:50:00,Short,1904.825,1904.83,-0.009999999999763531,SL Hit,1904.83,2,-5.450000000004593,65.0,1.125,-2.3250000000000455
2023-06-29 04:15:00,2023-06-29 05:00:00,Long,1905.075,1904.0,-2.150000000000091,SL Hit,1904.0,2,-7.600000000004684,45.0,-1.0750000000000455,0.724999999999909
2023-06-29 05:20:00,2023-06-29 07:15:00,Short,1904.066,1904.71,-3.2200000000000273,SL Hit,1904.71,5,-10.820000000004711,115.0,1.1539999999999964,-1.7660000000000764
2023-06-29 11:45:00,2023-06-29 12:10:00,Short,1910.14,1911.4600000000007,-1.3200000000006185,SL Hit,1911.4600000000007,1,-12.14000000000533,25.0,1.5399999999999636,-0.44000000000005457
2023-06-29 12:25:00,2023-06-29 12:30:00,Long,1909.8,1909.8,0.0,SL Hit,1909.8,1,-12.14000000000533,5.0,-9.049999999999955,1.7100000000000364
2023-06-29 14:50:00,2023-06-29 15:50:00,Long,1910.6599999999999,1909.04,-3.2399999999997817,SL Hit,1909.04,2,-15.380000000005111,60.0,-2.2599999999997635,2.3400000000001455
2023-06-29 16:55:00,2023-06-29 17:15:00,Long,1909.54,1908.9800000000005,-0.5599999999994907,SL Hit,1908.9800000000005,1,-15.940000000004602,20.0,-1.2100000000000364,1.1000000000001364
2023-06-29 18:05:00,2023-06-29 19:35:00,Short,1907.6,1908.38,-1.5600000000004002,SL Hit,1908.38,2,-17.500000000005002,90.0,1.540000000000191,-1.8999999999998636
2023-06-30 01:10:00,2023-06-30 01:30:00,Long,1908.855,1907.9,-1.9099999999998545,SL Hit,1907.9,2,-19.410000000004857,20.0,-2.1549999999999727,0.5450000000000728
2023-06-30 05:10:00,2023-06-30 05:50:00,Long,1908.6599999999999,1908.47,-0.5699999999994816,SL Hit,1908.47,3,-19.98000000000434,40.0,-1.1599999999998545,0.8900000000001
2023-06-30 12:30:00,2023-06-30 16:40:00,Long,1914.47625,1917.42,23.55000000000109,SL Hit,1917.42,8,3.569999999996753,250.0,-8.246249999999918,5.813750000000027
2023-06-30 20:20:00,2023-06-30 20:55:00,Short,1918.42,1919.2200000000003,-0.8000000000001819,SL Hit,1919.2200000000003,1,2.769999999996571,35.0,0.8899999999998727,-0.9200000000000728
2023-07-02 20:00:00,2023-07-02 22:00:00,Long,1919.375,1919.1,-0.5500000000001819,SL Hit,1919.1,2,2.2199999999963893,120.0,-1.025000000000091,0.27500000000009095
2023-07-03 02:15:00,2023-07-03 03:40:00,Short,1916.75,1917.75,-1.0,SL Hit,1917.75,1,1.2199999999963893,85.0,1.1199999999998909,-2.650000000000091
2023-07-03 04:15:00,2023-07-03 05:25:00,Long,1919.135,1918.6,-1.0700000000001637,SL Hit,1918.6,2,0.1499999999962256,70.0,-0.7349999999999,1.3350000000000364
2023-07-03 05:35:00,2023-07-03 06:55:00,Short,1917.3966666666668,1914.98,7.250000000000227,SL Hit,1914.98,3,7.399999999996453,80.0,2.6733333333331757,-3.876666666666779
2023-07-03 10:15:00,2023-07-03 12:10:00,Short,1912.6733333333334,1913.35,-2.029999999999518,SL Hit,1913.35,3,5.369999999996935,115.0,1.5166666666666515,-1.0233333333333121
2023-07-03 17:40:00,2023-07-03 19:00:00,Short,1921.25,1921.44,-0.38000000000010914,SL Hit,1921.44,2,4.989999999996826,80.0,0.44000000000005457,-1.0499999999999545
2023-07-03 20:05:00,2023-07-03 20:30:00,Short,1921.12,1921.34,-0.44000000000005457,SL Hit,1921.34,2,4.549999999996771,25.0,0.2400000000000091,-1.0199999999999818
2023-07-03 20:35:00,2023-07-03 20:40:00,Long,1921.33,1921.0900000000001,-0.23999999999978172,SL Hit,1921.0900000000001,1,4.30999999999699,5.0,-0.8299999999999272,0.17000000000007276
2023-07-03 20:55:00,2023-07-03 22:10:00,Long,1921.165,1920.5,-1.3299999999999272,SL Hit,1920.5,2,2.9799999999970623,75.0,-0.6649999999999636,0.18499999999994543
2023-07-03 22:45:00,2023-07-03 23:45:00,Short,1920.9800000000002,1920.89,0.27000000000043656,SL Hit,1920.89,3,3.249999999997499,60.0,0.4999999999997726,-1.0800000000001546
2023-07-04 04:55:00,2023-07-04 05:10:00,Long,1924.045,1923.7,-0.6900000000000546,SL Hit,1923.7,2,2.5599999999974443,15.0,-0.5650000000000546,0.49499999999989086
2023-07-04 07:05:00,2023-07-04 07:10:00,Long,1926.65,1926.65,0.0,SL Hit,1926.65,1,2.5599999999974443,5.0,-0.40000000000009095,0.3999999999998636
2023-07-04 07:15:00,2023-07-04 07:20:00,Long,1926.47,1926.47,0.0,SL Hit,1926.47,1,2.5599999999974443,5.0,-0.7699999999999818,0.8099999999999454
2023-07-04 10:20:00,2023-07-04 12:00:00,Short,1929.218,1929.32,-0.5099999999993088,SL Hit,1929.32,5,2.0499999999981355,100.0,0.6720000000000255,-2.018000000000029
2023-07-04 17:55:00,2023-07-04 18:05:00,Long,1924.88,1924.88,0.0,SL Hit,1924.88,1,2.0499999999981355,10.0,-0.6800000000000637,0.5199999999999818
2023-07-04 22:15:00,2023-07-04 22:25:00,Short,1925.16,1926.28,-1.1199999999998909,SL Hit,1926.28,1,0.9299999999982447,10.0,1.259999999999991,-0.3200000000001637
2023-07-05 00:05:00,2023-07-05 00:10:00,Long,1926.14,1926.14,0.0,SL Hit,1926.14,1,0.9299999999982447,5.0,-0.9400000000000546,0.34999999999990905
2023-07-05 02:05:00,2023-07-05 02:55:00,Short,1923.65,1924.15,-1.0,SL Hit,1924.15,2,-0.07000000000175532,50.0,0.9399999999998272,-0.9500000000000455
2023-07-05 04:40:00,2023-07-05 04:45:00,Short,1925.24,1927.3999999999999,-2.1599999999998545,SL Hit,1927.3999999999999,1,-2.23000000000161,5.0,0.43000000000006366,-0.8399999999999181
2023-07-05 04:45:00,2023-07-05 06:00:00,Long,1925.4066666666668,1925.15,-0.7699999999999818,SL Hit,1925.15,3,-3.0000000000015916,75.0,-1.0066666666666606,0.8733333333332212
2023-07-05 12:10:00,2023-07-05 12:15:00,Short,1926.56,1927.44,-0.8800000000001091,SL Hit,1927.44,1,-3.8800000000017008,5.0,1.6800000000000637,-0.22000000000002728
2023-07-05 12:20:00,2023-07-05 12:25:00,Long,1927.49,1926.3300000000002,-1.1599999999998545,SL Hit,1926.3300000000002,1,-5.040000000001555,5.0,-1.5599999999999454,1.2799999999999727
2023-07-05 13:15:00,2023-07-05 13:30:00,Long,1931.455,1928.29,-6.329999999999927,SL Hit,1928.29,2,-11.370000000001482,15.0,-3.224999999999909,3.375
2023-07-05 13:35:00,2023-07-05 14:15:00,Short,1926.605,1925.19,2.8299999999999272,SL Hit,1925.19,2,-8.540000000001555,40.0,2.4849999999999,-4.144999999999982
2023-07-05 15:50:00,2023-07-05 16:30:00,Short,1923.85,1924.1699999999996,-0.31999999999970896,SL Hit,1924.1699999999996,1,-8.860000000001264,40.0,0.7300000000000182,-1.7799999999999727
2023-07-05 16:50:00,2023-07-05 18:00:00,Short,1921.19,1920.12,2.1400000000003274,SL Hit,1920.12,2,-6.720000000000937,70.0,1.759999999999991,-2.6900000000000546
2023-07-05 20:05:00,2023-07-05 22:05:00,Short,1916.11,1916.66,-1.1000000000003638,SL Hit,1916.66,2,-7.820000000001301,120.0,1.3800000000001091,-2.009999999999991
2023-07-05 22:35:00,2023-07-05 22:40:00,Long,1916.5,1916.5,0.0,SL Hit,1916.5,1,-7.820000000001301,5.0,-0.40000000000009095,0.7200000000000273
2023-07-06 00:10:00,2023-07-06 00:50:00,Long,1916.915,1916.1,-1.6300000000001091,SL Hit,1916.1,2,-9.45000000000141,40.0,-1.115000000000009,0.5650000000000546
2023-07-06 01:55:00,2023-07-06 02:45:00,Long,1918.9,1918.21,-1.3800000000001091,SL Hit,1918.21,2,-10.830000000001519,50.0,-0.7699999999999818,0.7400000000000091
2023-07-06 03:20:00,2023-07-06 04:30:00,Short,1917.8133333333333,1917.96,-0.44000000000028194,SL Hit,1917.96,3,-11.2700000000018,70.0,1.2966666666666242,-0.7133333333333667
2023-07-06 07:05:00,2023-07-06 10:35:00,Short,1920.26,1922.34,-2.0799999999999272,SL Hit,1922.34,1,-13.350000000001728,210.0,3.7200000000000273,-0.900000000000091
2023-07-06 14:25:00,2023-07-06 15:10:00,Short,1904.66,1909.5800000000002,-4.920000000000073,SL Hit,1909.5800000000002,1,-18.2700000000018,45.0,5.199999999999818,-1.8100000000001728
2023-07-06 23:45:00,2023-07-07 00:10:00,Short,1911.87,1912.2699999999995,-0.3999999999996362,SL Hit,1912.2699999999995,1,-18.670000000001437,25.0,0.41000000000008185,-0.8699999999998909
2023-07-07 00:15:00,2023-07-07 00:20:00,Long,1910.9,1910.9,0.0,SL Hit,1910.9,1,-18.670000000001437,5.0,0.0,1.2300000000000182
2023-07-07 00:20:00,2023-07-07 01:30:00,Short,1911.4850000000001,1911.64,-0.30999999999994543,SL Hit,1911.64,2,-18.980000000001382,70.0,0.6449999999999818,-1.915000000000191
2023-07-07 02:20:00,2023-07-07 04:25:00,Short,1910.7766666666666,1911.1,-0.9699999999997999,SL Hit,1911.1,3,-19.950000000001182,125.0,1.3333333333332575,-1.3766666666665515
2023-07-07 06:45:00,2023-07-07 06:50:00,Long,1914.72,1914.72,0.0,SL Hit,1914.72,1,-19.950000000001182,5.0,-1.2200000000000273,0.4500000000000455
2023-07-07 09:40:00,2023-07-07 10:05:00,Long,1915.32,1915.32,0.0,SL Hit,1915.32,1,-19.950000000001182,25.0,-0.09999999999990905,1.400000000000091
2023-07-07 11:35:00,2023-07-07 12:15:00,Long,1917.46,1916.3,-2.3200000000001637,SL Hit,1916.3,2,-22.270000000001346,40.0,-2.7999999999999545,0.9099999999998545
2023-07-07 16:50:00,2023-07-09 22:05:00,Short,1926.49,1925.56,6.510000000000446,SL Hit,1925.56,7,-15.7600000000009,3195.0,1.3399999999999181,-2.990000000000009
2023-07-09 23:05:00,2023-07-10 00:50:00,Short,1924.3125000000002,1924.24,0.2900000000008731,SL Hit,1924.24,4,-15.470000000000027,105.0,0.8574999999998454,-2.112500000000182
2023-07-10 01:00:00,2023-07-10 02:30:00,Long,1924.56,1924.14,-0.8399999999996908,SL Hit,1924.14,2,-16.309999999999718,90.0,-0.7599999999999909,2.230000000000018
2023-07-10 02:55:00,2023-07-10 03:05:00,Long,1924.74,1924.66,-0.07999999999992724,SL Hit,1924.66,1,-16.389999999999645,10.0,-0.2899999999999636,0.7400000000000091
2023-07-10 07:50:00,2023-07-10 08:00:00,Long,1925.0,1924.6000000000004,-0.3999999999996362,SL Hit,1924.6000000000004,1,-16.78999999999928,10.0,-1.599999999999909,0.6199999999998909
2023-07-10 08:05:00,2023-07-10 09:25:00,Short,1924.38,1925.45,-2.1399999999998727,SL Hit,1925.45,2,-18.929999999999154,80.0,1.699999999999818,-1.7100000000000364
2023-07-10 09:45:00,2023-07-10 10:15:00,Short,1923.185,1923.84,-1.3099999999999454,SL Hit,1923.84,2,-20.2399999999991,30.0,0.7250000000001364,-0.48499999999989996
2023-07-10 10:20:00,2023-07-10 10:35:00,Long,1923.64,1923.64,0.0,SL Hit,1923.64,1,-20.2399999999991,15.0,-0.4500000000000455,0.6899999999998272
2023-07-10 15:35:00,2023-07-10 15:50:00,Short,1922.895,1923.37,-0.9499999999998181,SL Hit,1923.37,2,-21.189999999998918,15.0,0.6349999999999909,-0.7149999999999181
2023-07-10 16:25:00,2023-07-10 18:00:00,Long,1924.92,1925.2,0.5599999999999454,SL Hit,1925.2,2,-20.629999999998972,95.0,-1.3200000000001637,1.8099999999999454
2023-07-10 18:25:00,2023-07-10 18:45:00,Short,1925.415,1925.95,-1.0700000000001637,SL Hit,1925.95,2,-21.699999999999136,20.0,0.5850000000000364,-0.6150000000000091
2023-07-10 18:50:00,2023-07-10 19:40:00,Long,1925.4733333333334,1924.79,-2.050000000000182,SL Hit,1924.79,3,-23.749999999999318,50.0,-1.173333333333403,0.8566666666665697
2023-07-10 20:50:00,2023-07-10 22:15:00,Short,1925.17,1925.36,-0.3799999999996544,SL Hit,1925.36,2,-24.129999999998972,85.0,0.1899999999998272,-0.7699999999999818
2023-07-10 22:30:00,2023-07-10 22:45:00,Short,1924.64,1925.1200000000006,-0.48000000000047294,SL Hit,1925.1200000000006,1,-24.609999999999445,15.0,0.6099999999999,-0.12000000000011823
2023-07-11 02:30:00,2023-07-11 03:15:00,Long,1926.495,1926.1,-0.7899999999999636,SL Hit,1926.1,2,-25.39999999999941,45.0,-0.9049999999999727,2.185000000000173
2023-07-11 03:55:00,2023-07-11 04:10:00,Short,1926.67,1927.16,-0.9800000000000182,SL Hit,1927.16,2,-26.379999999999427,15.0,0.6799999999998363,-0.8700000000001182
2023-07-11 09:25:00,2023-07-11 13:30:00,Short,1935.2966666666669,1933.2,18.870000000001255,SL Hit,1933.2,9,-7.509999999998172,245.0,2.903333333333194,-5.676666666666961
2023-07-11 13:50:00,2023-07-11 13:55:00,Short,1932.9,1939.5800000000004,-6.680000000000291,SL Hit,1939.5800000000004,1,-14.189999999998463,5.0,0.7300000000000182,-1.6700000000000728
2023-07-11 13:55:00,2023-07-11 14:45:00,Long,1933.17,1932.29,-1.7600000000002183,SL Hit,1932.29,2,-15.949999999998681,50.0,-1.009999999999991,2.1499999999998636
2023-07-11 19:30:00,2023-07-11 19:35:00,Short,1932.25,1936.8500000000004,-4.600000000000364,SL Hit,1936.8500000000004,1,-20.549999999999045,5.0,-0.0,-1.349999999999909
2023-07-11 19:35:00,2023-07-11 19:40:00,Long,1931.88,1927.96,-3.9200000000000728,SL Hit,1927.96,1,-24.469999999999118,5.0,-0.9800000000000182,0.1899999999998272
2023-07-11 19:40:00,2023-07-11 22:05:00,Short,1932.0233333333333,1932.29,-0.7999999999999545,SL Hit,1932.29,3,-25.269999999999072,145.0,0.40666666666675155,-1.1233333333332212
2023-07-11 22:10:00,2023-07-12 03:35:00,Long,1935.6099999999997,1938.0,21.510000000002947,SL Hit,1938.0,9,-3.7599999999961256,325.0,-4.209999999999582,5.2400000000002365
2023-07-12 03:45:00,2023-07-12 03:50:00,Long,1939.22,1939.22,0.0,SL Hit,1939.22,1,-3.7599999999961256,5.0,-0.8900000000001,0.43000000000006366
2023-07-12 04:20:00,2023-07-12 04:55:00,Short,1938.1,1938.16,-0.12000000000034561,SL Hit,1938.16,2,-3.879999999996471,35.0,0.8900000000001,-0.5099999999999909
2023-07-12 07:45:00,2023-07-12 08:15:00,Short,1934.205,1934.66,-0.9100000000003092,SL Hit,1934.66,2,-4.78999999999678,30.0,0.9550000000001546,-1.0049999999998818
2023-07-12 11:20:00,2023-07-12 11:25:00,Long,1933.47,1931.9899999999996,-1.480000000000473,SL Hit,1931.9899999999996,1,-6.269999999997253,5.0,-0.37000000000011823,0.7999999999999545
2023-07-12 11:25:00,2023-07-12 11:35:00,Short,1934.21,1935.9300000000003,-1.7200000000002547,SL Hit,1935.9300000000003,1,-7.989999999997508,10.0,2.019999999999982,-0.43000000000006366
2023-07-12 13:30:00,2023-07-12 15:15:00,Long,1954.1775,1953.62,-2.230000000000473,SL Hit,1953.62,4,-10.219999999997981,105.0,-3.697499999999991,3.832499999999982
2023-07-12 15:20:00,2023-07-12 15:50:00,Short,1953.83,1955.79,-1.9600000000000364,SL Hit,1955.79,1,-12.179999999998017,30.0,1.990000000000009,-0.4900000000000091
2023-07-12 18:25:00,2023-07-12 19:20:00,Long,1957.49,1957.0,-1.4700000000000273,SL Hit,1957.0,3,-13.649999999998045,55.0,-0.5899999999999181,0.8599999999999
2023-07-12 20:45:00,2023-07-12 22:35:00,Short,1957.7,1957.99,-0.5799999999999272,SL Hit,1957.99,2,-14.229999999997972,110.0,0.44000000000005457,-1.2000000000000455
2023-07-12 23:40:00,2023-07-12 23:55:00,Short,1957.53,1957.76,-0.4600000000000364,SL Hit,1957.76,2,-14.689999999998008,15.0,0.2400000000000091,-0.6299999999998818
2023-07-13 00:10:00,2023-07-13 00:35:00,Long,1958.06,1956.8,-2.519999999999982,SL Hit,1956.8,2,-17.20999999999799,25.0,-1.5599999999999454,0.7300000000000182
2023-07-13 00:40:00,2023-07-13 01:20:00,Short,1957.67,1961.9500000000007,-4.280000000000655,SL Hit,1961.9500000000007,1,-21.489999999998645,40.0,1.2799999999999727,-1.4700000000000273
2023-07-13 01:20:00,2023-07-13 03:20:00,Long,1959.0266666666666,1959.77,4.460000000000036,SL Hit,1959.77,6,-17.02999999999861,120.0,-2.6766666666667334,2.513333333333321
2023-07-13 03:30:00,2023-07-13 04:30:00,Short,1959.99,1960.59,-2.399999999999636,SL Hit,1960.59,4,-19.429999999998245,60.0,1.1099999999999,-1.0199999999999818
2023-07-13 06:15:00,2023-07-13 07:20:00,Long,1960.285,1961.11,1.6499999999996362,SL Hit,1961.11,2,-17.77999999999861,65.0,-2.134999999999991,2.9249999999999545
2023-07-13 09:10:00,2023-07-13 10:40:00,Short,1959.9666666666665,1960.14,-0.5200000000008913,SL Hit,1960.14,3,-18.2999999999995,90.0,0.3533333333334667,-2.266666666666424
2023-07-13 11:05:00,2023-07-13 11:10:00,Long,1960.26,1959.0600000000002,-1.199999999999818,SL Hit,1959.0600000000002,1,-19.499999999999318,5.0,-1.3599999999999,0.34999999999990905
2023-07-13 11:15:00,2023-07-13 12:15:00,Short,1959.6633333333332,1960.01,-1.0400000000004184,SL Hit,1960.01,3,-20.539999999999736,60.0,0.6266666666667788,-2.3633333333332303
2023-07-13 13:55:00,2023-07-13 14:05:00,Short,1958.91,1960.1500000000008,-1.2400000000006912,SL Hit,1960.1500000000008,1,-21.780000000000427,10.0,2.259999999999991,-1.9100000000000819
2023-07-13 21:00:00,2023-07-13 22:00:00,Long,1960.13,1960.13,0.0,SL Hit,1960.13,1,-21.780000000000427,60.0,-0.21000000000003638,0.2899999999999636
2023-07-14 00:05:00,2023-07-14 01:15:00,Short,1959.298,1959.42,-0.6100000000003547,SL Hit,1959.42,5,-22.390000000000782,70.0,1.0119999999999436,-1.5979999999999563
2023-07-14 01:25:00,2023-07-14 02:55:00,Long,1960.815,1961.93,2.230000000000018,SL Hit,1961.93,2,-20.160000000000764,90.0,-1.9049999999999727,2.875
2023-07-14 04:10:00,2023-07-14 07:50:00,Short,1959.2516666666663,1956.91,14.049999999997453,SL Hit,1956.91,6,-6.110000000003311,220.0,2.478333333333694,-4.971666666666351
2023-07-14 08:00:00,2023-07-14 08:05:00,Long,1956.69,1956.69,0.0,SL Hit,1956.69,1,-6.110000000003311,5.0,-0.009999999999990905,1.259999999999991
2023-07-14 08:10:00,2023-07-14 08:15:00,Long,1957.02,1956.2999999999997,-0.7200000000002547,SL Hit,1956.2999999999997,1,-6.830000000003565,5.0,-0.8199999999999363,0.6600000000000819
2023-07-14 09:00:00,2023-07-14 09:05:00,Short,1956.15,1956.7100000000005,-0.5600000000004002,SL Hit,1956.7100000000005,1,-7.390000000003965,5.0,0.9399999999998272,-0.14000000000010004
2023-07-14 15:05:00,2023-07-14 15:15:00,Long,1958.46,1957.9799999999996,-0.48000000000047294,SL Hit,1957.9799999999996,1,-7.870000000004438,10.0,-0.6600000000000819,1.509999999999991
2023-07-14 15:45:00,2023-07-14 16:15:00,Short,1958.46,1959.1,-1.2799999999997453,SL Hit,1959.1,2,-9.150000000004184,30.0,0.6599999999998545,-1.1600000000000819
2023-07-14 16:20:00,2023-07-14 18:05:00,Long,1959.1200000000001,1959.03,-0.3600000000005821,SL Hit,1959.03,4,-9.510000000004766,105.0,-1.900000000000091,1.4099999999998545
2023-07-14 18:30:00,2023-07-14 18:35:00,Long,1960.77,1960.0099999999998,-0.7600000000002183,SL Hit,1960.0099999999998,1,-10.270000000004984,5.0,-0.8299999999999272,0.17000000000007276
2023-07-14 20:55:00,2023-07-16 22:00:00,Long,1955.9666666666665,1954.5,-4.399999999999409,SL Hit,1954.5,3,-14.670000000004393,2945.0,-1.5666666666663787,1.9333333333336213
2023-07-16 22:05:00,2023-07-16 23:45:00,Short,1953.5,1952.42,3.2399999999997817,SL Hit,1952.42,3,-11.430000000004611,100.0,1.3099999999999454,-2.2999999999999545
2023-07-17 01:50:00,2023-07-17 02:45:00,Short,1952.385,1952.6,-0.4299999999998363,SL Hit,1952.6,2,-11.860000000004447,55.0,0.974999999999909,-1.1849999999999454
2023-07-17 09:40:00,2023-07-17 10:55:00,Long,1956.875,1957.36,0.9699999999997999,SL Hit,1957.36,2,-10.890000000004648,75.0,-0.875,2.785000000000082
2023-07-17 12:20:00,2023-07-17 14:05:00,Short,1954.39,1951.39,9.0,SL Hit,1951.39,3,-1.8900000000046475,105.0,4.079999999999927,-8.460000000000036
2023-07-17 14:10:00,2023-07-17 15:05:00,Long,1952.4233333333332,1952.17,-0.7599999999993088,SL Hit,1952.17,3,-2.6500000000039563,55.0,-1.4633333333331393,1.6866666666667243
2023-07-17 15:50:00,2023-07-17 16:10:00,Long,1954.19,1953.9500000000003,-0.23999999999978172,SL Hit,1953.9500000000003,1,-2.890000000003738,20.0,-0.2999999999999545,0.9299999999998363
2023-07-17 19:40:00,2023-07-17 22:40:00,Short,1954.9475,1954.91,0.1499999999996362,SL Hit,1954.91,4,-2.740000000004102,180.0,0.5924999999999727,-1.3475000000000819
2023-07-18 00:15:00,2023-07-18 01:45:00,Long,1955.7033333333336,1955.32,-1.1500000000010004,SL Hit,1955.32,3,-3.8900000000051023,90.0,-1.0233333333335395,3.636666666666315
2023-07-18 02:15:00,2023-07-18 02:40:00,Long,1957.16,1957.0800000000002,-0.07999999999992724,SL Hit,1957.0800000000002,1,-3.9700000000050295,25.0,-0.5600000000001728,1.1799999999998363
2023-07-18 04:10:00,2023-07-18 04:40:00,Long,1960.58,1959.46,-1.1199999999998909,SL Hit,1959.46,1,-5.09000000000492,30.0,-1.1799999999998363,0.39000000000010004
2023-07-18 05:25:00,2023-07-18 05:30:00,Long,1960.64,1960.64,0.0,SL Hit,1960.64,1,-5.09000000000492,5.0,-0.03000000000020009,0.9799999999997908
2023-07-18 05:35:00,2023-07-18 05:40:00,Long,1960.43,1960.43,0.0,SL Hit,1960.43,1,-5.09000000000492,5.0,-0.12000000000011823,0.4299999999998363
2023-07-18 06:05:00,2023-07-18 06:45:00,Short,1959.255,1959.97,-1.4299999999998363,SL Hit,1959.97,2,-6.520000000004757,40.0,1.0449999999998454,-1.4050000000002
2023-07-18 08:15:00,2023-07-18 08:25:00,Long,1961.74,1961.74,0.0,SL Hit,1961.74,1,-6.520000000004757,10.0,-0.8399999999999181,0.8299999999999272
2023-07-18 08:30:00,2023-07-18 09:35:00,Short,1961.895,1962.57,-1.349999999999909,SL Hit,1962.57,2,-7.870000000004666,65.0,1.0550000000000637,-1.3949999999999818
2023-07-18 09:40:00,2023-07-18 09:45:00,Long,1962.45,1961.9699999999996,-0.48000000000047294,SL Hit,1961.9699999999996,1,-8.350000000005139,5.0,-0.8500000000001364,0.43000000000006366
2023-07-18 10:05:00,2023-07-18 11:05:00,Long,1962.7266666666667,1962.1,-1.8800000000003365,SL Hit,1962.1,3,-10.230000000005475,60.0,-0.7566666666666606,1.4033333333334213
2023-07-18 12:40:00,2023-07-18 14:00:00,Short,1966.075,1971.94,-11.730000000000018,SL Hit,1971.94,2,-21.960000000005493,80.0,8.625,-5.194999999999936
2023-07-18 15:10:00,2023-07-18 15:15:00,Long,1982.34,1982.18,-0.15999999999985448,SL Hit,1982.18,1,-22.120000000005348,5.0,-0.6199999999998909,0.9700000000000273
2023-07-18 17:30:00,2023-07-18 19:05:00,Short,1976.135,1977.42,-2.5700000000001637,SL Hit,1977.42,2,-24.69000000000551,95.0,1.3550000000000182,-1.4349999999999454
2023-07-18 19:45:00,2023-07-18 20:50:00,Short,1977.995,1978.63,-1.2700000000004366,SL Hit,1978.63,2,-25.960000000005948,65.0,0.8050000000000637,-1.4949999999998909
2023-07-18 22:05:00,2023-07-18 22:25:00,Long,1978.3049999999998,1978.0,-0.6099999999996726,SL Hit,1978.0,2,-26.57000000000562,20.0,-0.3049999999998363,0.5950000000002547
2023-07-18 22:35:00,2023-07-18 23:00:00,Long,1978.365,1977.9,-0.9299999999998363,SL Hit,1977.9,2,-27.500000000005457,25.0,-0.6649999999999636,0.6449999999999818
2023-07-19 00:00:00,2023-07-19 00:25:00,Short,1977.59,1979.55,-1.9600000000000364,SL Hit,1979.55,1,-29.460000000005493,25.0,0.14000000000010004,-1.1899999999998272
2023-07-19 00:25:00,2023-07-19 00:30:00,Long,1977.42,1977.2199999999993,-0.2000000000007276,SL Hit,1977.2199999999993,1,-29.66000000000622,5.0,-0.9200000000000728,0.8199999999999363
2023-07-19 04:00:00,2023-07-19 05:10:00,Short,1974.915,1975.08,-0.32999999999992724,SL Hit,1975.08,2,-29.990000000006148,70.0,1.0750000000000455,-1.2149999999999181
2023-07-19 07:20:00,2023-07-19 07:30:00,Long,1979.86,1979.0200000000007,-0.839999999999236,SL Hit,1979.0200000000007,1,-30.830000000005384,10.0,-1.2299999999997908,0.9300000000000637
2023-07-19 10:10:00,2023-07-19 12:00:00,Short,1975.2,1973.76,5.760000000000218,SL Hit,1973.76,4,-25.070000000005166,110.0,2.7999999999999545,-3.509999999999991
2023-07-19 13:15:00,2023-07-19 13:30:00,Short,1977.0149999999999,1978.14,-2.2500000000004547,SL Hit,1978.14,2,-27.32000000000562,15.0,1.2850000000000819,-1.3849999999997635
2023-07-19 13:50:00,2023-07-19 14:00:00,Long,1978.435,1976.8,-3.269999999999982,SL Hit,1976.8,2,-30.590000000005602,10.0,-2.494999999999891,1.2450000000001182
2023-07-19 14:05:00,2023-07-19 15:10:00,Short,1975.4,1975.37,0.06000000000040018,SL Hit,1975.37,2,-30.530000000005202,65.0,2.3799999999998818,-5.300000000000182
2023-07-19 16:05:00,2023-07-19 17:05:00,Short,1973.97,1978.2099999999998,-4.239999999999782,SL Hit,1978.2099999999998,1,-34.770000000004984,60.0,4.879999999999882,-1.7999999999999545
2023-07-19 19:55:00,2023-07-19 20:10:00,Long,1978.255,1977.3,-1.9100000000003092,SL Hit,1977.3,2,-36.68000000000529,15.0,-1.0950000000000273,0.17499999999995453
2023-07-19 20:20:00,2023-07-20 00:00:00,Short,1977.4733333333334,1977.76,-0.8599999999999,SL Hit,1977.76,3,-37.54000000000519,220.0,1.066666666666606,-1.6333333333334394
2023-07-20 00:05:00,2023-07-20 00:40:00,Long,1978.0349999999999,1977.6,-0.8699999999998909,SL Hit,1977.6,2,-38.410000000005084,35.0,-0.5349999999998545,1.0750000000000455
2023-07-20 01:00:00,2023-07-20 01:10:00,Long,1979.24,1978.6799999999996,-0.5600000000004002,SL Hit,1978.6799999999996,1,-38.970000000005484,10.0,-0.9400000000000546,0.8799999999998818
2023-07-20 03:15:00,2023-07-20 03:30:00,Long,1986.52,1986.1600000000003,-0.3599999999996726,SL Hit,1986.1600000000003,1,-39.33000000000516,15.0,-0.8199999999999363,0.7999999999999545
2023-07-20 03:55:00,2023-07-20 06:25:00,Short,1983.6860000000001,1981.91,8.880000000000337,SL Hit,1981.91,5,-30.45000000000482,150.0,1.9639999999999418,-4.546000000000049
2023-07-20 07:10:00,2023-07-20 07:20:00,Long,1982.05,1980.3700000000006,-1.6799999999993815,SL Hit,1980.3700000000006,1,-32.1300000000042,10.0,-2.349999999999909,0.3400000000001455
2023-07-20 07:25:00,2023-07-20 10:10:00,Short,1981.0633333333335,1982.2,-3.409999999999627,SL Hit,1982.2,3,-35.54000000000383,165.0,2.536666666666406,-2.973333333333585
2023-07-20 11:10:00,2023-07-20 11:25:00,Short,1980.89,1981.8,-1.819999999999709,SL Hit,1981.8,2,-37.36000000000354,15.0,1.0199999999999818,-1.5900000000001455
2023-07-20 11:30:00,2023-07-20 12:10:00,Long,1981.38,1979.8599999999997,-1.5200000000004366,SL Hit,1979.8599999999997,1,-38.880000000003974,40.0,-1.6000000000001364,0.8399999999999181
2023-07-20 16:15:00,2023-07-20 16:55:00,Short,1966.99,1967.83,-1.6799999999998363,SL Hit,1967.83,2,-40.56000000000381,40.0,1.0,-1.5599999999999454
2023-07-20 18:50:00,2023-07-20 18:55:00,Long,1969.1,1969.1,0.0,SL Hit,1969.1,1,-40.56000000000381,5.0,0.0,1.3300000000001546
2023-07-20 18:55:00,2023-07-20 19:40:00,Short,1970.3200000000002,1970.92,-1.199999999999818,SL Hit,1970.92,2,-41.76000000000363,45.0,0.9899999999997817,-1.7700000000002092
2023-07-20 20:45:00,2023-07-21 01:10:00,Long,1971.3033333333333,1971.84,1.6099999999999,SL Hit,1971.84,3,-40.15000000000373,265.0,-2.043333333333294,2.0066666666666606
2023-07-21 01:15:00,2023-07-21 01:40:00,Short,1972.17,1974.7300000000005,-2.5600000000004,SL Hit,1974.7300000000005,1,-42.71000000000413,25.0,1.509999999999991,-0.6400000000001
2023-07-21 01:40:00,2023-07-21 01:50:00,Long,1973.01,1972.2099999999998,-0.8000000000001819,SL Hit,1972.2099999999998,1,-43.51000000000431,10.0,-1.4100000000000819,0.17000000000007276
2023-07-21 02:15:00,2023-07-21 04:30:00,Short,1971.13,1970.85,0.8400000000006003,SL Hit,1970.85,3,-42.67000000000371,135.0,0.8599999999999,-1.5300000000002
2023-07-21 04:35:00,2023-07-21 04:45:00,Long,1970.32,1970.2,-0.11999999999989086,SL Hit,1970.2,1,-42.7900000000036,10.0,-1.3199999999999363,0.4500000000000455
2023-07-21 04:50:00,2023-07-21 06:00:00,Short,1969.75,1969.93,-0.540000000000191,SL Hit,1969.93,3,-43.33000000000379,70.0,0.5099999999999909,-1.7000000000000455
2023-07-21 06:10:00,2023-07-21 07:30:00,Long,1970.3066666666666,1969.35,-2.8700000000001182,SL Hit,1969.35,3,-46.20000000000391,80.0,-2.1066666666665697,1.7533333333333303
2023-07-21 13:00:00,2023-07-21 13:30:00,Short,1962.2633333333333,1962.93,-2.0000000000002274,SL Hit,1962.93,3,-48.20000000000414,30.0,1.4366666666667243,-3.4533333333333758
2023-07-21 13:40:00,2023-07-21 13:45:00,Long,1962.12,1961.3200000000006,-0.7999999999992724,SL Hit,1961.3200000000006,1,-49.00000000000341,5.0,-3.0299999999999727,0.8700000000001182
2023-07-21 15:10:00,2023-07-21 15:35:00,Short,1960.25,1961.65,-2.800000000000182,SL Hit,1961.65,2,-51.80000000000359,25.0,1.9600000000000364,-1.0499999999999545
2023-07-21 17:45:00,2023-07-23 19:00:00,Short,1963.045,1962.1,3.780000000000655,SL Hit,1962.1,4,-48.02000000000294,2955.0,1.1050000000000182,-2.0450000000000728
2023-07-23 20:00:00,2023-07-23 22:40:00,Long,1961.4250000000002,1961.2,-0.45000000000027285,SL Hit,1961.2,2,-48.47000000000321,160.0,-0.32500000000027285,1.334999999999809
2023-07-23 22:50:00,2023-07-23 23:05:00,Short,1961.77,1961.8899999999999,-0.11999999999989086,SL Hit,1961.8899999999999,1,-48.5900000000031,15.0,0.40000000000009095,-0.8699999999998909
2023-07-23 23:10:00,2023-07-24 00:05:00,Short,1961.6466666666665,1961.66,-0.04000000000064574,SL Hit,1961.66,3,-48.63000000000375,55.0,0.3433333333334758,-1.5466666666666242
2023-07-24 00:10:00,2023-07-24 00:25:00,Long,1961.0900000000001,1960.73,-0.7200000000002547,SL Hit,1960.73,2,-49.350000000004,15.0,-0.6900000000000546,0.5799999999999272
2023-07-24 01:25:00,2023-07-24 02:15:00,Long,1960.5366666666666,1960.5,-0.10999999999989996,SL Hit,1960.5,3,-49.4600000000039,50.0,-1.1966666666667152,1.7633333333333212
2023-07-24 04:15:00,2023-07-24 06:25:00,Short,1960.115,1960.76,-2.5799999999999272,SL Hit,1960.76,4,-52.04000000000383,130.0,1.625,-2.115000000000009
2023-07-24 06:30:00,2023-07-24 08:00:00,Long,1961.8700000000001,1963.08,3.629999999999427,SL Hit,1963.08,3,-48.4100000000044,90.0,-1.8600000000001273,3.3999999999998636
2023-07-24 08:05:00,2023-07-24 09:15:00,Short,1963.075,1963.66,-1.1700000000000728,SL Hit,1963.66,2,-49.580000000004475,70.0,1.2949999999998454,-3.644999999999982
2023-07-24 09:55:00,2023-07-24 10:25:00,Long,1965.3249999999998,1965.19,-0.26999999999952706,SL Hit,1965.19,2,-49.850000000004,30.0,-0.9849999999999,1.0850000000002638
2023-07-24 11:10:00,2023-07-24 11:50:00,Long,1966.57,1965.73,-1.6799999999998363,SL Hit,1965.73,2,-51.53000000000384,40.0,-1.4299999999998363,1.1100000000001273
2023-07-24 14:25:00,2023-07-24 14:50:00,Short,1959.17,1961.4100000000008,-2.240000000000691,SL Hit,1961.4100000000008,1,-53.77000000000453,25.0,2.6099999999999,-1.400000000000091
2023-07-24 16:05:00,2023-07-24 16:20:00,Short,1959.61,1964.57,-4.960000000000036,SL Hit,1964.57,1,-58.730000000004566,15.0,0.6100000000001273,-1.240000000000009
2023-07-24 16:20:00,2023-07-24 17:10:00,Long,1959.8,1959.1,-1.400000000000091,SL Hit,1959.1,2,-60.13000000000466,50.0,-0.7999999999999545,1.2200000000000273
2023-07-24 17:15:00,2023-07-24 19:55:00,Short,1957.6559999999997,1954.34,16.579999999999018,SL Hit,1954.34,5,-43.55000000000564,160.0,2.7440000000003693,-4.855999999999767
2023-07-24 23:20:00,2023-07-25 00:20:00,Short,1954.215,1954.6,-0.7699999999999818,SL Hit,1954.6,2,-44.32000000000562,60.0,0.4550000000001546,-1.115000000000009
2023-07-25 02:40:00,2023-07-25 02:45:00,Long,1962.79,1962.63,-0.15999999999985448,SL Hit,1962.63,1,-44.480000000005475,5.0,-1.0899999999999181,0.2400000000000091
2023-07-25 02:50:00,2023-07-25 03:25:00,Long,1962.9050000000002,1961.7,-2.4100000000003092,SL Hit,1961.7,2,-46.890000000005784,35.0,-1.2850000000003092,0.42499999999972715
2023-07-25 03:40:00,2023-07-25 05:35:00,Short,1961.3833333333332,1961.67,-0.8600000000005821,SL Hit,1961.67,3,-47.75000000000637,115.0,1.2666666666668789,-1.283333333333303
2023-07-25 06:30:00,2023-07-25 06:45:00,Long,1962.44,1962.15,-0.5799999999999272,SL Hit,1962.15,2,-48.330000000006294,15.0,-1.240000000000009,1.0199999999999818
2023-07-25 08:35:00,2023-07-25 09:25:00,Long,1961.6399999999999,1962.14,1.0000000000004547,SL Hit,1962.14,2,-47.33000000000584,50.0,-1.099999999999909,1.7100000000000364
2023-07-25 10:25:00,2023-07-25 13:35:00,Short,1959.7233333333334,1959.99,-0.7999999999999545,SL Hit,1959.99,3,-48.13000000000579,190.0,3.456666666666706,-6.433333333333394
2023-07-25 14:05:00,2023-07-25 14:50:00,Short,1958.8400000000001,1960.08,-3.719999999999345,SL Hit,1960.08,3,-51.85000000000514,45.0,1.6299999999998818,-3.0800000000001546
2023-07-25 16:45:00,2023-07-25 18:45:00,Short,1962.99,1963.75,-1.5199999999999818,SL Hit,1963.75,2,-53.37000000000512,120.0,0.8099999999999454,-1.7200000000000273
2023-07-25 19:10:00,2023-07-25 19:45:00,Long,1964.4366666666665,1963.4,-3.109999999999218,SL Hit,1963.4,3,-56.48000000000434,35.0,-1.2366666666664514,0.723333333333585
2023-07-25 19:55:00,2023-07-25 20:45:00,Short,1964.435,1964.9,-0.930000000000291,SL Hit,1964.9,2,-57.41000000000463,50.0,0.5550000000000637,-1.4349999999999454
2023-07-25 20:55:00,2023-07-25 22:05:00,Long,1964.59,1963.9500000000005,-0.6399999999994179,SL Hit,1963.9500000000005,1,-58.05000000000405,70.0,-0.6899999999998272,0.20000000000004547
2023-07-26 00:10:00,2023-07-26 04:00:00,Short,1964.2400000000002,1964.13,0.5500000000006366,SL Hit,1964.13,5,-57.50000000000341,230.0,1.4199999999998454,-2.2600000000002183
2023-07-26 06:50:00,2023-07-26 07:25:00,Long,1969.68,1968.9999999999998,-0.680000000000291,SL Hit,1968.9999999999998,1,-58.1800000000037,35.0,-1.2899999999999636,1.0499999999999545
2023-07-26 07:30:00,2023-07-26 08:00:00,Short,1968.71,1971.1500000000005,-2.4400000000005093,SL Hit,1971.1500000000005,1,-60.62000000000421,30.0,2.740000000000009,-0.6100000000001273
2023-07-26 08:05:00,2023-07-26 09:10:00,Long,1970.9233333333334,1971.35,1.279999999999518,SL Hit,1971.35,3,-59.34000000000469,65.0,-0.8533333333334667,1.4466666666664878
2023-07-26 10:15:00,2023-07-26 11:35:00,Short,1972.22,1973.56,-2.6799999999998363,SL Hit,1973.56,2,-62.02000000000453,80.0,1.4100000000000819,-2.5499999999999545
2023-07-26 13:00:00,2023-07-26 14:05:00,Short,1968.87,1967.05,3.6399999999998727,SL Hit,1967.05,2,-58.38000000000466,65.0,2.8200000000001637,-4.879999999999882
2023-07-26 16:20:00,2023-07-26 18:00:00,Short,1970.88,1970.33,1.1000000000003638,SL Hit,1970.33,2,-57.28000000000429,100.0,1.4299999999998363,-2.9700000000000273
2023-07-26 18:25:00,2023-07-26 18:35:00,Short,1968.36,1973.1999999999991,-4.839999999999236,SL Hit,1973.1999999999991,1,-62.12000000000353,10.0,7.3400000000001455,-1.5499999999999545
2023-07-26 20:25:00,2023-07-26 22:30:00,Short,1972.4650000000001,1973.37,-1.8099999999994907,SL Hit,1973.37,2,-63.93000000000302,125.0,1.0249999999998636,-2.165000000000191
2023-07-26 23:00:00,2023-07-27 00:20:00,Long,1972.5075000000002,1971.7,-3.230000000000473,SL Hit,1971.7,4,-67.16000000000349,80.0,-1.0075000000001637,1.3124999999997726
2023-07-27 00:30:00,2023-07-27 01:00:00,Short,1971.66,1976.3000000000004,-4.640000000000327,SL Hit,1976.3000000000004,1,-71.80000000000382,30.0,2.6599999999998545,-1.1600000000000819
2023-07-27 01:00:00,2023-07-27 03:35:00,Long,1975.7466666666667,1978.35,7.809999999999718,SL Hit,1978.35,3,-63.9900000000041,155.0,-3.4266666666667334,6.183333333333394
2023-07-27 03:40:00,2023-07-27 04:20:00,Short,1977.83,1978.08,-0.5,SL Hit,1978.08,2,-64.4900000000041,40.0,0.8400000000001455,-1.1299999999998818
2023-07-27 06:10:00,2023-07-27 06:20:00,Long,1975.47,1975.1500000000003,-0.31999999999970896,SL Hit,1975.1500000000003,1,-64.81000000000381,10.0,-1.2999999999999545,0.6900000000000546
2023-07-27 07:15:00,2023-07-27 08:35:00,Long,1978.27,1976.0300000000002,-2.2399999999997817,SL Hit,1976.0300000000002,1,-67.05000000000359,80.0,-2.349999999999909,3.5499999999999545
2023-07-27 08:55:00,2023-07-27 09:15:00,Short,1976.12,1977.5999999999995,-1.4799999999995634,SL Hit,1977.5999999999995,1,-68.53000000000316,20.0,1.9200000000000728,-1.2899999999999636
2023-07-27 09:45:00,2023-07-27 10:10:00,Short,1974.73,1975.76,-2.0599999999999454,SL Hit,1975.76,2,-70.5900000000031,25.0,1.1900000000000546,-1.0899999999999181
2023-07-27 11:40:00,2023-07-27 11:45:00,Long,1976.8,1976.8,0.0,SL Hit,1976.8,1,-70.5900000000031,5.0,-0.20000000000004547,0.8800000000001091
2023-07-27 12:20:00,2023-07-27 15:00:00,Short,1960.455,1946.02,28.86999999999989,SL Hit,1946.02,2,-41.72000000000321,160.0,16.185000000000173,-18.25499999999988
2023-07-27 15:10:00,2023-07-27 16:20:00,Long,1944.3899999999999,1943.99,-0.7999999999997272,SL Hit,1943.99,2,-42.52000000000294,70.0,-0.4699999999997999,2.730000000000018
2023-07-27 18:20:00,2023-07-27 19:05:00,Short,1945.56,1945.63,-0.14000000000032742,SL Hit,1945.63,2,-42.660000000003265,45.0,0.3300000000001546,-1.5599999999999454
2023-07-27 19:15:00,2023-07-27 19:30:00,Long,1946.1550000000002,1945.18,-1.9500000000002728,SL Hit,1945.18,2,-44.61000000000354,15.0,-1.055000000000291,1.0049999999998818
2023-07-27 19:35:00,2023-07-27 20:55:00,Short,1945.255,1944.94,0.6300000000001091,SL Hit,1944.94,2,-43.98000000000343,80.0,0.7449999999998909,-2.355000000000018
2023-07-28 01:05:00,2023-07-28 05:30:00,Long,1949.6016666666667,1950.71,6.650000000000091,SL Hit,1950.71,6,-37.33000000000334,265.0,-2.711666666666588,7.008333333333212
2023-07-28 05:45:00,2023-07-28 06:10:00,Long,1952.08,1951.4,-1.3599999999996726,SL Hit,1951.4,2,-38.69000000000301,25.0,-0.9700000000000273,1.3300000000001546
2023-07-28 07:05:00,2023-07-28 07:25:00,Long,1951.54,1950.62,-0.9200000000000728,SL Hit,1950.62,1,-39.61000000000308,20.0,-1.3099999999999454,1.5199999999999818
2023-07-28 07:25:00,2023-07-28 08:50:00,Short,1950.0349999999999,1949.91,0.24999999999954525,SL Hit,1949.91,2,-39.36000000000354,85.0,1.2150000000001455,-1.974999999999909
2023-07-28 12:45:00,2023-07-28 13:45:00,Short,1954.7033333333331,1956.53,-5.480000000000473,SL Hit,1956.53,3,-44.84000000000401,60.0,3.3866666666667697,-2.7033333333331484
2023-07-28 14:05:00,2023-07-28 16:00:00,Long,1959.6119999999999,1960.4,3.9400000000011914,SL Hit,1960.4,5,-40.90000000000282,115.0,-3.44199999999978,3.6080000000001746
2023-07-28 16:05:00,2023-07-28 16:20:00,Short,1961.9450000000002,1962.2,-0.5099999999997635,SL Hit,1962.2,2,-41.41000000000258,15.0,0.44499999999993634,-1.4450000000001637
2023-07-28 20:05:00,2023-07-28 20:30:00,Long,1958.755,1958.57,-0.3700000000003456,SL Hit,1958.57,2,-41.78000000000293,25.0,-0.8550000000000182,0.4149999999999636
2023-07-28 20:55:00,2023-07-30 22:15:00,Long,1959.99,1958.9,-3.2699999999997544,SL Hit,1958.9,3,-45.05000000000268,2960.0,-1.2899999999999636,1.7100000000000364
2023-07-30 22:30:00,2023-07-30 23:10:00,Long,1960.21,1956.9700000000003,-3.2399999999997817,SL Hit,1956.9700000000003,1,-48.290000000002465,40.0,-3.3099999999999454,0.18000000000006366
2023-07-31 00:30:00,2023-07-31 05:45:00,Short,1956.2985714285714,1954.39,13.359999999999445,SL Hit,1954.39,7,-34.93000000000302,315.0,2.0914285714286507,-3.3985714285713584
2023-07-31 07:00:00,2023-07-31 09:25:00,Short,1954.9274999999998,1955.36,-1.730000000000473,SL Hit,1955.36,4,-36.66000000000349,145.0,1.1525000000001455,-2.137499999999818
2023-07-31 10:05:00,2023-07-31 10:35:00,Long,1957.265,1956.5,-1.5300000000002,SL Hit,1956.5,2,-38.19000000000369,30.0,-0.9350000000001728,0.8149999999998272
2023-07-31 16:40:00,2023-07-31 16:45:00,Long,1971.64,1971.64,0.0,SL Hit,1971.64,1,-38.19000000000369,5.0,-0.41000000000008185,0.5899999999999181
2023-07-31 17:40:00,2023-07-31 22:00:00,Short,1966.5025,1965.67,3.3299999999999272,SL Hit,1965.67,4,-34.860000000003765,260.0,4.577499999999873,-2.302500000000009
2023-07-31 22:10:00,2023-07-31 22:35:00,Long,1965.41,1964.49,-0.9200000000000728,SL Hit,1964.49,1,-35.78000000000384,25.0,-1.2100000000000364,0.2300000000000182
2023-08-01 00:10:00,2023-08-01 08:50:00,Short,1960.2563636363636,1956.94,36.479999999999336,SL Hit,1956.94,11,0.699999999995498,520.0,4.063636363636306,-5.956363636363676
2023-08-01 17:00:00,2023-08-01 17:05:00,Long,1943.11,1943.07,-0.03999999999996362,SL Hit,1943.07,1,0.6599999999955344,5.0,-0.4900000000000091,0.3200000000001637
2023-08-01 17:25:00,2023-08-01 17:45:00,Short,1942.06,1942.48,-0.8400000000001455,SL Hit,1942.48,2,-0.18000000000461114,20.0,0.5399999999999636,-0.7699999999999818
2023-08-01 20:05:00,2023-08-01 22:00:00,Short,1944.4433333333334,1944.51,-0.1999999999998181,SL Hit,1944.51,3,-0.38000000000442924,115.0,6.85666666666657,-1.2433333333333394
2023-08-01 22:55:00,2023-08-01 23:25:00,Short,1950.8400000000001,1952.61,-3.539999999999509,SL Hit,1952.61,2,-3.920000000003938,30.0,1.7699999999997544,-0.8400000000001455
2023-08-02 00:00:00,2023-08-02 01:25:00,Short,1950.125,1949.63,0.9899999999997817,SL Hit,1949.63,2,-2.9300000000041564,85.0,2.0950000000000273,-2.4249999999999545
2023-08-02 01:30:00,2023-08-02 01:35:00,Short,1949.36,1951.9999999999993,-2.639999999999418,SL Hit,1951.9999999999993,1,-5.570000000003574,5.0,0.36000000000012733,-0.6599999999998545
2023-08-02 01:35:00,2023-08-02 01:45:00,Long,1948.87,1948.75,-0.11999999999989086,SL Hit,1948.75,1,-5.690000000003465,10.0,-0.4099999999998545,0.8500000000001364
2023-08-02 03:35:00,2023-08-02 04:05:00,Long,1948.28,1948.28,0.0,SL Hit,1948.28,1,-5.690000000003465,30.0,-0.03999999999996362,1.1400000000001
2023-08-02 06:00:00,2023-08-02 06:10:00,Long,1948.69,1948.69,0.0,SL Hit,1948.69,1,-5.690000000003465,10.0,-0.2899999999999636,1.5
2023-08-02 07:55:00,2023-08-02 08:15:00,Short,1948.745,1949.89,-2.2900000000004184,SL Hit,1949.89,2,-7.9800000000038835,20.0,1.4450000000001637,-1.1449999999999818
2023-08-02 13:05:00,2023-08-02 13:35:00,Short,1944.88,1946.25,-2.7399999999997817,SL Hit,1946.25,2,-10.720000000003665,30.0,1.8899999999998727,-1.150000000000091
2023-08-02 14:05:00,2023-08-02 15:40:00,Short,1937.8833333333334,1935.2,8.050000000000182,SL Hit,1935.2,3,-2.6700000000034834,95.0,6.306666666666615,-4.443333333333385
2023-08-02 15:45:00,2023-08-02 16:45:00,Long,1935.65,1935.21,-0.8800000000001091,SL Hit,1935.21,2,-3.5500000000035925,60.0,-1.3100000000001728,2.75
2023-08-02 20:30:00,2023-08-02 22:00:00,Short,1935.06,1935.3399999999997,-0.27999999999974534,SL Hit,1935.3399999999997,1,-3.830000000003338,90.0,0.3500000000001364,-1.4600000000000364
2023-08-02 23:35:00,2023-08-03 01:10:00,Short,1936.1133333333335,1936.28,-0.49999999999954525,SL Hit,1936.28,3,-4.330000000002883,95.0,0.7366666666664514,-1.6133333333334576
2023-08-03 01:20:00,2023-08-03 02:50:00,Long,1936.4433333333334,1936.1,-1.0300000000004275,SL Hit,1936.1,3,-5.360000000003311,90.0,-1.543333333333294,2.3466666666665787
2023-08-03 02:55:00,2023-08-03 03:50:00,Short,1936.4099999999999,1936.71,-0.6000000000003638,SL Hit,1936.71,2,-5.960000000003674,55.0,0.6300000000001091,-2.339999999999918
2023-08-03 06:10:00,2023-08-03 06:40:00,Long,1934.385,1933.25,-2.269999999999982,SL Hit,1933.25,2,-8.230000000003656,30.0,-1.2850000000000819,0.8050000000000637
2023-08-03 06:45:00,2023-08-03 07:30:00,Short,1933.68,1935.2000000000005,-1.5200000000004366,SL Hit,1935.2000000000005,1,-9.750000000004093,45.0,3.189999999999827,-2.6800000000000637
2023-08-03 08:55:00,2023-08-03 09:15:00,Long,1936.775,1936.02,-1.5100000000002183,SL Hit,1936.02,2,-11.260000000004311,20.0,-0.775000000000091,0.9149999999999636
2023-08-03 10:35:00,2023-08-03 11:45:00,Short,1935.3600000000001,1936.86,-2.9999999999995453,SL Hit,1936.86,2,-14.260000000003856,70.0,1.6499999999998636,-2.520000000000209
2023-08-03 12:00:00,2023-08-03 14:25:00,Short,1934.0974999999999,1937.16,-12.25000000000091,SL Hit,1937.16,4,-26.510000000004766,145.0,4.022500000000036,-4.3474999999998545
2023-08-03 14:35:00,2023-08-03 14:45:00,Long,1936.29,1936.29,0.0,SL Hit,1936.29,1,-26.510000000004766,10.0,-1.7899999999999636,1.3700000000001182
2023-08-03 22:15:00,2023-08-03 23:00:00,Long,1934.61,1934.41,-0.1999999999998181,SL Hit,1934.41,1,-26.710000000004584,45.0,-0.5099999999999909,2.1900000000000546
2023-08-04 00:35:00,2023-08-04 00:50:00,Long,1935.64,1934.9599999999998,-0.680000000000291,SL Hit,1934.9599999999998,1,-27.390000000004875,15.0,-0.8400000000001455,0.4900000000000091
2023-08-04 01:35:00,2023-08-04 02:05:00,Long,1936.275,1935.69,-1.1700000000000728,SL Hit,1935.69,2,-28.560000000004948,30.0,-0.6050000000000182,0.9849999999999
2023-08-04 02:10:00,2023-08-04 03:25:00,Short,1935.8266666666666,1936.17,-1.0300000000004275,SL Hit,1936.17,3,-29.590000000005375,75.0,0.6533333333334213,-1.5266666666666424
2023-08-04 03:35:00,2023-08-04 03:40:00,Long,1935.97,1935.97,0.0,SL Hit,1935.97,1,-29.590000000005375,5.0,-0.2400000000000091,0.5
2023-08-04 04:25:00,2023-08-04 05:20:00,Short,1933.7,1935.5800000000002,-1.8800000000001091,SL Hit,1935.5800000000002,1,-31.470000000005484,55.0,2.0,-0.4700000000000273
2023-08-04 05:40:00,2023-08-04 06:00:00,Long,1936.62,1935.3,-2.6399999999998727,SL Hit,1935.3,2,-34.11000000000536,20.0,-1.6099999999999,0.7400000000000091
2023-08-04 06:40:00,2023-08-04 09:10:00,Short,1932.8419999999999,1933.56,-3.590000000000373,SL Hit,1933.56,5,-37.70000000000573,150.0,1.16800000000012,-0.9419999999997799
2023-08-04 14:45:00,2023-08-04 15:50:00,Short,1942.3,1950.34,-8.039999999999964,SL Hit,1950.34,1,-45.74000000000569,65.0,1.5599999999999454,-4.680000000000064
2023-08-04 15:50:00,2023-08-04 16:00:00,Long,1943.45,1942.3700000000001,-1.0799999999999272,SL Hit,1942.3700000000001,1,-46.82000000000562,10.0,-1.3800000000001091,0.2999999999999545
2023-08-04 17:00:00,2023-08-04 19:30:00,Short,1941.52,1941.67,-0.3000000000001819,SL Hit,1941.67,2,-47.1200000000058,150.0,0.5799999999999272,-2.119999999999891
2023-08-04 20:45:00,2023-08-07 01:10:00,Long,1943.7399999999998,1942.9,-2.5199999999990723,SL Hit,1942.9,3,-49.640000000004875,3145.0,-1.9399999999998272,1.040000000000191
2023-08-07 01:25:00,2023-08-07 03:10:00,Short,1941.82,1941.4,1.2599999999995362,SL Hit,1941.4,3,-48.38000000000534,105.0,1.740000000000009,-2.019999999999982
2023-08-07 08:10:00,2023-08-07 09:10:00,Short,1936.02,1936.56,-1.0799999999999272,SL Hit,1936.56,2,-49.460000000005266,60.0,1.0399999999999636,-1.5599999999999454
2023-08-07 11:30:00,2023-08-07 12:25:00,Short,1934.47,1936.21,-3.480000000000018,SL Hit,1936.21,2,-52.940000000005284,55.0,2.2999999999999545,-1.1700000000000728
2023-08-07 12:55:00,2023-08-07 13:45:00,Long,1936.82,1936.82,0.0,SL Hit,1936.82,1,-52.940000000005284,50.0,-0.05999999999994543,4.630000000000109
2023-08-07 14:20:00,2023-08-07 16:00:00,Short,1934.8474999999999,1933.54,5.229999999999563,SL Hit,1933.54,4,-47.71000000000572,100.0,1.8125000000002274,-2.917499999999791
2023-08-07 17:00:00,2023-08-07 17:15:00,Long,1934.27,1934.27,0.0,SL Hit,1934.27,1,-47.71000000000572,15.0,-0.03999999999996362,0.8800000000001091
2023-08-07 19:00:00,2023-08-07 19:15:00,Long,1937.02,1936.5400000000004,-0.47999999999956344,SL Hit,1936.5400000000004,1,-48.190000000005284,15.0,-0.5199999999999818,0.34999999999990905
2023-08-07 20:30:00,2023-08-07 20:40:00,Short,1935.8049999999998,1936.08,-0.5500000000001819,SL Hit,1936.08,2,-48.740000000005466,10.0,0.4450000000001637,-0.12499999999977263
2023-08-07 22:10:00,2023-08-07 22:30:00,Short,1936.37,1936.5299999999997,-0.15999999999985448,SL Hit,1936.5299999999997,1,-48.90000000000532,20.0,0.4500000000000455,-1.0699999999999363
2023-08-08 01:00:00,2023-08-08 02:55:00,Short,1935.0466666666669,1934.96,0.26000000000044565,SL Hit,1934.96,3,-48.640000000004875,115.0,0.4133333333331848,-3.736666666666906
2023-08-08 03:30:00,2023-08-08 05:45:00,Short,1933.756666666667,1934.55,-2.3799999999991996,SL Hit,1934.55,3,-51.020000000004075,135.0,0.9533333333331484,-1.756666666666888
2023-08-08 07:05:00,2023-08-08 07:15:00,Short,1933.1149999999998,1933.68,-1.1300000000005639,SL Hit,1933.68,2,-52.15000000000464,10.0,0.9850000000001273,-0.40499999999974534
2023-08-08 07:30:00,2023-08-08 09:50:00,Short,1933.8,1934.49,-2.0700000000001637,SL Hit,1934.49,3,-54.2200000000048,140.0,1.6800000000000637,-3.5799999999999272
2023-08-08 11:40:00,2023-08-08 14:15:00,Short,1927.0300000000002,1927.37,-1.359999999998763,SL Hit,1927.37,4,-55.580000000003565,155.0,3.049999999999727,-4.220000000000255
2023-08-08 15:55:00,2023-08-08 18:50:00,Short,1926.1924999999999,1925.81,1.5299999999997453,SL Hit,1925.81,4,-54.05000000000382,175.0,2.1075000000000728,-3.0924999999999727
2023-08-08 22:30:00,2023-08-08 23:00:00,Long,1924.9250000000002,1924.2,-1.4500000000002728,SL Hit,1924.2,2,-55.50000000000409,30.0,-0.8250000000002728,0.5449999999998454
2023-08-08 23:20:00,2023-08-09 00:55:00,Long,1925.32,1925.0,-0.959999999999809,SL Hit,1925.0,3,-56.4600000000039,95.0,-1.0199999999999818,1.150000000000091
2023-08-09 01:25:00,2023-08-09 02:00:00,Long,1927.415,1927.0,-0.8299999999999272,SL Hit,1927.0,2,-57.29000000000383,35.0,-1.0249999999998636,1.4149999999999636
2023-08-09 04:15:00,2023-08-09 05:00:00,Short,1930.4399999999998,1930.76,-0.9600000000004911,SL Hit,1930.76,3,-58.25000000000432,45.0,0.37000000000011823,-1.0399999999997362
2023-08-09 07:40:00,2023-08-09 11:40:00,Short,1927.591666666667,1925.29,13.810000000001764,SL Hit,1925.29,6,-44.440000000002556,240.0,2.998333333332994,-4.141666666666879
2023-08-09 12:15:00,2023-08-09 14:00:00,Short,1924.006666666667,1925.93,-5.769999999999527,SL Hit,1925.93,3,-50.21000000000208,105.0,2.253333333333103,-3.406666666666979
2023-08-09 15:30:00,2023-08-09 19:00:00,Short,1916.75,1916.18,2.8499999999996817,SL Hit,1916.18,5,-47.3600000000024,210.0,1.150000000000091,-1.75
2023-08-09 19:05:00,2023-08-09 19:15:00,Long,1916.0,1915.6400000000003,-0.3599999999996726,SL Hit,1915.6400000000003,1,-47.720000000002074,10.0,-0.4500000000000455,0.13000000000010914
2023-08-09 19:55:00,2023-08-09 22:00:00,Short,1915.0166666666667,1914.74,0.8299999999999272,SL Hit,1914.74,3,-46.890000000002146,125.0,0.6233333333334485,-1.6166666666665606
2023-08-09 22:30:00,2023-08-09 22:40:00,Long,1915.82,1915.3400000000004,-0.47999999999956344,SL Hit,1915.3400000000004,1,-47.37000000000171,10.0,-0.5199999999999818,0.5
2023-08-09 23:35:00,2023-08-10 00:50:00,Short,1916.545,1916.79,-0.4899999999997817,SL Hit,1916.79,2,-47.86000000000149,75.0,0.724999999999909,-1.4450000000001637
2023-08-10 04:40:00,2023-08-10 05:25:00,Short,1917.42,1917.8200000000006,-0.4000000000005457,SL Hit,1917.8200000000006,1,-48.26000000000204,45.0,0.5399999999999636,-1.4600000000000364
2023-08-10 05:55:00,2023-08-10 06:00:00,Long,1917.81,1917.81,0.0,SL Hit,1917.81,1,-48.26000000000204,5.0,-0.30999999999994543,0.9700000000000273
2023-08-10 08:35:00,2023-08-10 11:10:00,Long,1920.4416666666668,1921.69,7.489999999999327,SL Hit,1921.69,6,-40.77000000000271,155.0,-1.6116666666669062,2.09833333333313
2023-08-10 11:15:00,2023-08-10 11:30:00,Long,1921.655,1920.91,-1.4899999999997817,SL Hit,1920.91,2,-42.26000000000249,15.0,-0.7749999999998636,0.46499999999991815
2023-08-10 11:35:00,2023-08-10 11:45:00,Short,1921.61,1923.0899999999995,-1.4799999999995634,SL Hit,1923.0899999999995,1,-43.740000000002055,10.0,0.2700000000002092,-0.8099999999999454
2023-08-10 11:45:00,2023-08-10 13:10:00,Long,1924.565,1922.94,-6.5,SL Hit,1922.94,4,-50.240000000002055,85.0,-3.7650000000001,4.954999999999927
2023-08-10 13:50:00,2023-08-10 14:05:00,Long,1921.7,1918.82,-2.880000000000109,SL Hit,1918.82,1,-53.120000000002165,15.0,-2.880000000000109,1.3899999999998727
2023-08-10 15:10:00,2023-08-10 15:30:00,Short,1914.35,1917.7099999999996,-3.3599999999996726,SL Hit,1917.7099999999996,1,-56.48000000000184,20.0,4.300000000000182,-0.8399999999999181
2023-08-10 18:50:00,2023-08-10 19:00:00,Long,1914.41,1914.41,0.0,SL Hit,1914.41,1,-56.48000000000184,10.0,-0.040000000000190994,0.5799999999999272
2023-08-10 19:05:00,2023-08-10 19:35:00,Long,1913.995,1913.5,-0.9899999999997817,SL Hit,1913.5,2,-57.47000000000162,30.0,-1.1949999999999363,0.8050000000000637
2023-08-10 19:40:00,2023-08-11 00:15:00,Short,1912.8225,1912.66,0.6499999999996362,SL Hit,1912.66,4,-56.82000000000198,275.0,0.8475000000000819,-1.9224999999999
2023-08-11 05:25:00,2023-08-11 07:15:00,Long,1915.293333333333,1915.76,1.400000000000773,SL Hit,1915.76,3,-55.42000000000121,110.0,-2.093333333333021,2.1966666666669425
2023-08-11 08:55:00,2023-08-11 09:25:00,Long,1918.685,1917.5,-2.369999999999891,SL Hit,1917.5,2,-57.7900000000011,30.0,-1.615000000000009,0.9750000000001364
2023-08-11 11:30:00,2023-08-11 12:30:00,Long,1918.5900000000001,1917.9,-2.0700000000001637,SL Hit,1917.9,3,-59.860000000001264,60.0,-3.4400000000000546,2.2399999999997817
2023-08-11 14:05:00,2023-08-11 15:15:00,Long,1918.435,1916.92,-3.0299999999997453,SL Hit,1916.92,2,-62.89000000000101,70.0,-2.2049999999999272,1.3949999999999818
2023-08-11 15:25:00,2023-08-11 16:35:00,Short,1915.9299999999998,1915.02,1.819999999999709,SL Hit,1915.02,2,-61.0700000000013,70.0,1.1600000000000819,-3.3299999999999272
2023-08-11 16:40:00,2023-08-11 16:50:00,Long,1914.24,1914.0800000000002,-0.15999999999985448,SL Hit,1914.0800000000002,1,-61.230000000001155,10.0,-0.18000000000006366,0.32999999999992724
2023-08-11 17:10:00,2023-08-11 17:20:00,Long,1915.05,1914.4500000000005,-0.5999999999994543,SL Hit,1914.4500000000005,1,-61.83000000000061,10.0,-1.1499999999998636,0.20000000000004547
2023-08-11 19:00:00,2023-08-11 19:50:00,Short,1913.2466666666667,1913.46,-0.6400000000001,SL Hit,1913.46,3,-62.47000000000071,50.0,0.2533333333333303,-1.1466666666667606
2023-08-11 19:55:00,2023-08-11 20:05:00,Long,1913.33,1913.33,0.0,SL Hit,1913.33,1,-62.47000000000071,10.0,-0.029999999999972715,0.5199999999999818
2023-08-11 20:50:00,2023-08-13 22:00:00,Long,1913.1,1913.1,0.0,SL Hit,1913.1,1,-62.47000000000071,2950.0,-0.2999999999999545,1.8500000000001364
2023-08-13 22:25:00,2023-08-13 22:40:00,Long,1914.0,1914.0,0.0,SL Hit,1914.0,1,-62.47000000000071,15.0,-0.900000000000091,0.8699999999998909
2023-08-14 00:15:00,2023-08-14 01:45:00,Short,1911.665,1911.96,-0.5900000000001455,SL Hit,1911.96,2,-63.060000000000855,90.0,1.2150000000001455,-2.1649999999999636
2023-08-14 06:05:00,2023-08-14 06:25:00,Short,1912.33,1914.6499999999996,-2.319999999999709,SL Hit,1914.6499999999996,1,-65.38000000000056,20.0,1.5800000000001546,-0.5799999999999272
2023-08-14 06:25:00,2023-08-14 06:45:00,Long,1912.85,1911.8899999999999,-0.9600000000000364,SL Hit,1911.8899999999999,1,-66.3400000000006,20.0,-1.0199999999999818,0.42000000000007276
2023-08-14 08:20:00,2023-08-14 08:30:00,Long,1915.07,1915.07,0.0,SL Hit,1915.07,1,-66.3400000000006,10.0,-0.5899999999999181,0.8500000000001364
2023-08-14 09:15:00,2023-08-14 10:15:00,Short,1913.8249999999998,1914.04,-0.43000000000029104,SL Hit,1914.04,2,-66.77000000000089,60.0,0.48500000000012733,-2.224999999999909
2023-08-14 10:25:00,2023-08-14 11:05:00,Long,1914.22,1914.11,-0.22000000000025466,SL Hit,1914.11,2,-66.99000000000115,40.0,-0.3500000000001364,0.6900000000000546
2023-08-14 11:30:00,2023-08-14 14:10:00,Short,1910.3075,1906.08,16.909999999999854,SL Hit,1906.08,4,-50.08000000000129,160.0,4.492500000000064,-7.607499999999845
2023-08-14 16:50:00,2023-08-14 17:15:00,Long,1912.58,1911.86,-1.4400000000000546,SL Hit,1911.86,2,-51.520000000001346,25.0,-1.1699999999998454,0.39000000000010004
2023-08-14 20:00:00,2023-08-14 22:25:00,Short,1907.2775000000001,1907.63,-1.4099999999998545,SL Hit,1907.63,4,-52.9300000000012,145.0,0.4724999999998545,-0.7775000000001455
2023-08-14 22:50:00,2023-08-14 22:55:00,Long,1907.53,1907.45,-0.07999999999992724,SL Hit,1907.45,1,-53.01000000000113,5.0,-0.8299999999999272,0.17000000000007276
2023-08-15 01:05:00,2023-08-15 01:30:00,Long,1906.05,1904.93,-1.1199999999998909,SL Hit,1904.93,1,-54.13000000000102,25.0,-1.3199999999999363,1.3500000000001364
2023-08-15 01:35:00,2023-08-15 03:25:00,Short,1905.2,1906.74,-4.619999999999891,SL Hit,1906.74,3,-58.75000000000091,110.0,2.839999999999918,-1.7000000000000455
2023-08-15 04:35:00,2023-08-15 05:30:00,Short,1906.83,1909.75,-2.9200000000000728,SL Hit,1909.75,1,-61.67000000000098,55.0,0.5099999999999909,-1.509999999999991
2023-08-15 05:30:00,2023-08-15 05:35:00,Long,1905.32,1905.32,0.0,SL Hit,1905.32,1,-61.67000000000098,5.0,-0.7400000000000091,0.7899999999999636
2023-08-15 06:45:00,2023-08-15 09:45:00,Short,1904.4716666666666,1904.79,-1.9100000000003092,SL Hit,1904.79,6,-63.58000000000129,180.0,0.948333333333494,-1.6716666666666242
2023-08-15 12:25:00,2023-08-15 12:55:00,Short,1903.34,1906.9799999999993,-3.639999999999418,SL Hit,1906.9799999999993,1,-67.22000000000071,30.0,2.0299999999999727,-6.649999999999864
2023-08-15 12:55:00,2023-08-15 13:30:00,Long,1904.545,1902.01,-5.070000000000164,SL Hit,1902.01,2,-72.29000000000087,35.0,-3.775000000000091,2.5449999999998454
2023-08-15 14:15:00,2023-08-15 16:00:00,Long,1906.1399999999999,1906.0,-0.27999999999974534,SL Hit,1906.0,2,-72.57000000000062,105.0,-2.019999999999982,5.2000000000000455
2023-08-15 18:50:00,2023-08-15 19:35:00,Short,1903.225,1903.2,0.04999999999972715,SL Hit,1903.2,2,-72.52000000000089,45.0,0.4550000000001546,-1.324999999999818
2023-08-15 19:45:00,2023-08-15 19:55:00,Long,1902.75,1900.5500000000002,-2.199999999999818,SL Hit,1900.5500000000002,1,-74.72000000000071,10.0,-0.5499999999999545,0.39000000000010004
2023-08-15 19:55:00,2023-08-15 23:55:00,Short,1901.89,1901.81,0.4800000000009277,SL Hit,1901.81,6,-74.23999999999978,240.0,1.4199999999998454,-1.6700000000000728
2023-08-16 01:50:00,2023-08-16 01:55:00,Long,1903.03,1902.6300000000003,-0.3999999999996362,SL Hit,1902.6300000000003,1,-74.63999999999942,5.0,-0.5099999999999909,0.9400000000000546
2023-08-16 03:35:00,2023-08-16 03:50:00,Long,1904.03,1903.94,-0.1799999999998363,SL Hit,1903.94,2,-74.81999999999925,15.0,-0.6299999999998818,0.39000000000010004
2023-08-16 03:55:00,2023-08-16 05:00:00,Short,1904.09,1904.46,-0.7400000000002365,SL Hit,1904.46,2,-75.55999999999949,65.0,0.38000000000010914,-1.25
2023-08-16 05:05:00,2023-08-16 05:15:00,Long,1904.31,1903.8300000000004,-0.47999999999956344,SL Hit,1903.8300000000004,1,-76.03999999999905,10.0,-0.8099999999999454,0.5900000000001455
2023-08-16 06:05:00,2023-08-16 06:50:00,Long,1905.52,1905.4,-0.23999999999978172,SL Hit,1905.4,2,-76.27999999999884,45.0,-0.7100000000000364,0.900000000000091
2023-08-16 07:05:00,2023-08-16 08:30:00,Short,1904.82,1904.94,-0.3600000000003547,SL Hit,1904.94,3,-76.63999999999919,85.0,0.7100000000000364,-1.9399999999998272
2023-08-16 09:00:00,2023-08-16 09:50:00,Long,1905.35,1905.0300000000002,-0.31999999999970896,SL Hit,1905.0300000000002,1,-76.9599999999989,50.0,-0.34999999999990905,1.75
2023-08-16 10:55:00,2023-08-16 13:35:00,Short,1903.8250000000003,1903.97,-0.5799999999990177,SL Hit,1903.97,4,-77.53999999999792,160.0,2.7649999999996453,-3.4850000000003547
2023-08-16 15:05:00,2023-08-16 18:20:00,Short,1900.845,1898.53,13.890000000000327,SL Hit,1898.53,6,-63.64999999999759,195.0,3.8450000000000273,-5.845000000000027
2023-08-16 18:55:00,2023-08-16 22:00:00,Short,1893.5766666666668,1893.59,-0.0399999999992815,SL Hit,1893.59,3,-63.68999999999687,185.0,1.753333333333103,-2.376666666666779
2023-08-16 23:00:00,2023-08-17 01:40:00,Short,1892.556,1892.17,1.9299999999998363,SL Hit,1892.17,5,-61.759999999997035,160.0,1.69399999999996,-2.816000000000031
2023-08-17 01:55:00,2023-08-17 03:50:00,Long,1892.6919999999998,1892.4,-1.4599999999984448,SL Hit,1892.4,5,-63.21999999999548,115.0,-1.0919999999998709,1.1180000000001655
2023-08-17 05:35:00,2023-08-17 06:00:00,Short,1892.65,1893.4100000000003,-0.7600000000002183,SL Hit,1893.4100000000003,1,-63.9799999999957,25.0,0.8199999999999363,-1.150000000000091
2023-08-17 06:15:00,2023-08-17 07:25:00,Long,1895.295,1896.13,1.6700000000000728,SL Hit,1896.13,2,-62.309999999995625,70.0,-2.025000000000091,2.0249999999998636
2023-08-17 08:05:00,2023-08-17 09:45:00,Short,1895.1200000000001,1894.5,2.480000000000473,SL Hit,1894.5,4,-59.82999999999515,100.0,1.209999999999809,-1.4500000000000455
2023-08-17 11:30:00,2023-08-17 11:40:00,Long,1898.22,1898.0600000000002,-0.15999999999985448,SL Hit,1898.0600000000002,1,-59.98999999999501,10.0,-0.900000000000091,1.1800000000000637
2023-08-17 14:20:00,2023-08-17 15:10:00,Short,1895.725,1896.19,-0.930000000000291,SL Hit,1896.19,2,-60.9199999999953,50.0,0.4650000000001455,-2.5249999999998636
2023-08-17 15:25:00,2023-08-17 16:20:00,Short,1891.7733333333333,1890.64,3.399999999999636,SL Hit,1890.64,3,-57.51999999999566,55.0,2.1866666666667243,-2.9733333333333576
2023-08-17 17:05:00,2023-08-17 18:55:00,Short,1886.5075,1886.6,-0.36999999999989086,SL Hit,1886.6,4,-57.88999999999555,110.0,1.2425000000000637,-1.8074999999998909
2023-08-17 23:00:00,2023-08-17 23:40:00,Long,1890.0600000000002,1889.5,-1.6800000000005184,SL Hit,1889.5,3,-59.56999999999607,40.0,-1.0600000000001728,0.5299999999997453
2023-08-18 00:20:00,2023-08-18 00:30:00,Long,1891.51,1891.3100000000002,-0.1999999999998181,SL Hit,1891.3100000000002,1,-59.76999999999589,10.0,-0.8099999999999454,0.22000000000002728
2023-08-18 02:05:00,2023-08-18 02:15:00,Short,1893.66,1894.66,-1.0,SL Hit,1894.66,1,-60.76999999999589,10.0,1.1399999999998727,-0.3000000000001819
2023-08-18 02:55:00,2023-08-18 05:40:00,Short,1893.07,1893.23,-0.48000000000024556,SL Hit,1893.23,3,-61.249999999996135,165.0,0.4700000000000273,-2.769999999999982
2023-08-18 05:50:00,2023-08-18 06:15:00,Long,1892.98,1892.2199999999998,-0.7600000000002183,SL Hit,1892.2199999999998,1,-62.00999999999635,25.0,-0.7899999999999636,1.0299999999999727
2023-08-18 07:10:00,2023-08-18 08:20:00,Long,1892.9666666666665,1892.52,-1.3399999999994634,SL Hit,1892.52,3,-63.349999999995816,70.0,-1.0566666666663878,0.9333333333336213
2023-08-18 09:35:00,2023-08-18 09:40:00,Short,1891.95,1892.1899999999998,-0.23999999999978172,SL Hit,1892.1899999999998,1,-63.5899999999956,5.0,0.6499999999998636,-0.05999999999994543
2023-08-18 09:40:00,2023-08-18 09:45:00,Long,1892.27,1892.27,0.0,SL Hit,1892.27,1,-63.5899999999956,5.0,-0.2899999999999636,0.32999999999992724
2023-08-18 11:00:00,2023-08-18 13:20:00,Short,1893.8166666666666,1894.69,-2.6200000000003456,SL Hit,1894.69,3,-66.20999999999594,140.0,1.063333333333503,-4.896666666666533
2023-08-18 17:20:00,2023-08-18 19:45:00,Short,1888.15,1888.96,-3.2399999999997817,SL Hit,1888.96,4,-69.44999999999573,145.0,1.4800000000000182,-1.3500000000001364
2023-08-18 20:30:00,2023-08-22 08:20:00,Long,1892.8999999999999,1899.6,20.100000000000136,SL Hit,1899.6,3,-49.34999999999559,5030.0,-4.619999999999891,9.340000000000146
2023-08-22 16:40:00,2023-08-22 17:50:00,Short,1897.115,1897.94,-1.650000000000091,SL Hit,1897.94,2,-50.99999999999568,70.0,0.8949999999999818,-0.9149999999999636
2023-08-22 18:00:00,2023-08-22 18:20:00,Long,1897.5349999999999,1896.9,-1.269999999999527,SL Hit,1896.9,2,-52.26999999999521,20.0,-1.1249999999997726,0.1850000000001728
2023-08-22 20:20:00,2023-08-22 22:05:00,Short,1897.31,1897.7899999999995,-0.47999999999956344,SL Hit,1897.7899999999995,1,-52.74999999999477,105.0,0.5399999999999636,-0.7100000000000364
2023-08-22 23:05:00,2023-08-22 23:30:00,Short,1897.84,1901.1999999999996,-3.3599999999996726,SL Hit,1901.1999999999996,1,-56.10999999999444,25.0,0.3200000000001637,-0.8399999999999181
2023-08-22 23:30:00,2023-08-23 02:45:00,Long,1899.5639999999999,1900.9,6.6800000000012005,SL Hit,1900.9,5,-49.42999999999324,195.0,-2.16399999999976,2.9960000000000946
2023-08-23 02:50:00,2023-08-23 04:40:00,Short,1901.345,1901.92,-1.150000000000091,SL Hit,1901.92,2,-50.57999999999333,110.0,1.5650000000000546,-1.3450000000000273
2023-08-23 05:40:00,2023-08-23 05:50:00,Long,1902.79,1902.79,0.0,SL Hit,1902.79,1,-50.57999999999333,10.0,-0.05999999999994543,1.0299999999999727
2023-08-23 07:10:00,2023-08-23 08:00:00,Short,1902.455,1904.15,-3.3900000000003274,SL Hit,1904.15,2,-53.96999999999366,50.0,1.9650000000001455,-0.5850000000000364
2023-08-23 08:50:00,2023-08-23 09:25:00,Long,1903.835,1903.56,-0.5500000000001819,SL Hit,1903.56,2,-54.51999999999384,35.0,-0.7250000000001364,1.2449999999998909
2023-08-23 10:40:00,2023-08-23 10:55:00,Short,1901.97,1903.6500000000003,-1.680000000000291,SL Hit,1903.6500000000003,1,-56.199999999994134,15.0,1.8699999999998909,-0.43000000000006366
2023-08-23 11:35:00,2023-08-23 11:40:00,Long,1903.84,1903.8,-0.03999999999996362,SL Hit,1903.8,1,-56.2399999999941,5.0,-0.6399999999998727,0.6200000000001182
2023-08-23 11:55:00,2023-08-23 12:00:00,Short,1903.28,1904.0000000000002,-0.7200000000002547,SL Hit,1904.0000000000002,1,-56.95999999999435,5.0,1.0699999999999363,-0.18000000000006366
2023-08-23 18:05:00,2023-08-23 22:05:00,Short,1916.925,1916.61,0.6300000000001091,SL Hit,1916.61,2,-56.32999999999424,240.0,1.0750000000000455,-2.5650000000000546
2023-08-23 23:30:00,2023-08-24 01:10:00,Long,1917.93,1917.8,-0.3900000000003274,SL Hit,1917.8,3,-56.71999999999457,100.0,-1.4300000000000637,1.25
2023-08-24 01:25:00,2023-08-24 02:00:00,Short,1918.12,1918.97,-1.7000000000002728,SL Hit,1918.97,2,-58.41999999999484,35.0,1.5800000000001546,-0.6299999999998818
2023-08-24 02:45:00,2023-08-24 02:50:00,Long,1919.94,1919.94,0.0,SL Hit,1919.94,1,-58.41999999999484,5.0,-0.09000000000014552,0.7999999999999545
2023-08-24 03:45:00,2023-08-24 04:05:00,Long,1920.835,1920.0,-1.6700000000000728,SL Hit,1920.0,2,-60.089999999994916,20.0,-0.9349999999999454,0.3949999999999818
2023-08-24 05:55:00,2023-08-24 06:30:00,Long,1921.365,1920.56,-1.6100000000001273,SL Hit,1920.56,2,-61.69999999999504,35.0,-1.4649999999999181,1.224999999999909
2023-08-24 06:55:00,2023-08-24 07:35:00,Long,1921.58,1920.23,-2.699999999999818,SL Hit,1920.23,2,-64.39999999999486,40.0,-1.5799999999999272,0.44000000000005457
2023-08-24 07:55:00,2023-08-24 08:25:00,Short,1919.97,1921.42,-2.900000000000091,SL Hit,1921.42,2,-67.29999999999495,30.0,1.9500000000000455,-0.4900000000000091
2023-08-24 10:05:00,2023-08-24 13:45:00,Short,1916.1842857142856,1914.93,8.779999999998608,SL Hit,1914.93,7,-58.519999999996344,220.0,4.465714285714512,-4.1442857142856155
2023-08-24 13:50:00,2023-08-24 15:15:00,Long,1918.93,1920.6,5.009999999999536,SL Hit,1920.6,3,-53.50999999999681,85.0,-3.9200000000000728,4.079999999999927
2023-08-24 16:25:00,2023-08-24 17:25:00,Short,1918.9599999999998,1918.23,2.1899999999993724,SL Hit,1918.23,3,-51.319999999997435,60.0,0.7700000000002092,-2.2599999999997635
2023-08-24 18:50:00,2023-08-24 22:05:00,Short,1916.805,1917.05,-0.9799999999995634,SL Hit,1917.05,4,-52.299999999997,195.0,1.1649999999999636,-0.9049999999999727
2023-08-25 02:25:00,2023-08-25 04:50:00,Short,1914.9133333333332,1914.33,1.7499999999997726,SL Hit,1914.33,3,-50.549999999997226,145.0,2.006666666666888,-2.013333333333094
2023-08-25 05:05:00,2023-08-25 05:30:00,Short,1913.48,1913.8,-0.6399999999998727,SL Hit,1913.8,2,-51.1899999999971,25.0,0.5299999999999727,-1.1800000000000637
2023-08-25 11:55:00,2023-08-25 12:30:00,Long,1917.17,1917.17,0.0,SL Hit,1917.17,1,-51.1899999999971,35.0,-0.4700000000000273,2.980000000000018
2023-08-25 12:50:00,2023-08-25 12:55:00,Short,1916.53,1917.0899999999995,-0.5599999999994907,SL Hit,1917.0899999999995,1,-51.74999999999659,5.0,0.6100000000001273,-1.0299999999999727
2023-08-25 13:10:00,2023-08-25 13:55:00,Short,1915.6299999999999,1915.57,0.1799999999998363,SL Hit,1915.57,3,-51.56999999999675,45.0,1.8100000000001728,-2.8299999999999272
2023-08-25 14:00:00,2023-08-25 14:05:00,Long,1915.62,1898.3000000000002,-17.31999999999971,SL Hit,1898.3000000000002,1,-68.88999999999646,5.0,-4.329999999999927,5.480000000000018
2023-08-25 14:05:00,2023-08-25 14:15:00,Short,1918.19,1921.1,-5.819999999999709,SL Hit,1921.1,2,-74.70999999999617,10.0,4.059999999999945,-2.3099999999999454
2023-08-25 14:30:00,2023-08-25 15:25:00,Short,1907.645,1906.98,1.3299999999999272,SL Hit,1906.98,2,-73.37999999999624,55.0,4.434999999999945,-4.244999999999891
2023-08-25 15:30:00,2023-08-25 19:50:00,Long,1910.7085714285713,1913.39,18.770000000001573,SL Hit,1913.39,7,-54.60999999999467,260.0,-4.718571428571295,3.901428571428596
2023-08-25 20:25:00,2023-08-25 20:35:00,Short,1913.56,1913.7999999999997,-0.23999999999978172,SL Hit,1913.7999999999997,1,-54.84999999999445,10.0,0.2799999999999727,-0.2699999999999818
2023-08-25 20:55:00,2023-08-27 23:55:00,Long,1914.6,1914.2,-0.7999999999997272,SL Hit,1914.2,2,-55.64999999999418,3060.0,-0.7599999999999909,1.3700000000001182
2023-08-28 01:15:00,2023-08-28 01:40:00,Long,1916.27,1915.68,-1.1799999999998363,SL Hit,1915.68,2,-56.829999999994016,25.0,-0.8799999999998818,0.9500000000000455
2023-08-28 01:45:00,2023-08-28 03:35:00,Short,1915.815,1916.14,-0.650000000000091,SL Hit,1916.14,2,-57.47999999999411,110.0,0.3550000000000182,-1.115000000000009
2023-08-28 04:55:00,2023-08-28 05:20:00,Short,1915.59,1916.3899999999992,-0.7999999999992724,SL Hit,1916.3899999999992,1,-58.27999999999338,25.0,1.0,-0.4499999999998181
2023-08-28 07:15:00,2023-08-28 09:05:00,Short,1914.97,1915.16,-0.7600000000002183,SL Hit,1915.16,4,-59.0399999999936,110.0,0.9900000000000091,-1.8700000000001182
2023-08-28 12:05:00,2023-08-28 12:15:00,Long,1914.1,1914.1,0.0,SL Hit,1914.1,1,-59.0399999999936,10.0,-0.6099999999999,1.1900000000000546
2023-08-28 12:25:00,2023-08-28 12:40:00,Short,1914.74,1915.58,-1.6799999999998363,SL Hit,1915.58,2,-60.71999999999343,15.0,1.9500000000000455,-1.4200000000000728
2023-08-28 13:50:00,2023-08-28 15:00:00,Long,1917.655,1918.52,1.7300000000000182,SL Hit,1918.52,2,-58.989999999993415,70.0,-1.2049999999999272,2.0850000000000364
2023-08-28 15:10:00,2023-08-28 15:35:00,Short,1918.63,1922.3500000000004,-3.7200000000002547,SL Hit,1922.3500000000004,1,-62.70999999999367,25.0,5.7999999999999545,-0.9300000000000637
2023-08-28 18:10:00,2023-08-28 18:55:00,Short,1919.585,1919.77,-0.36999999999989086,SL Hit,1919.77,2,-63.07999999999356,45.0,0.4049999999999727,-0.7850000000000819
2023-08-28 19:00:00,2023-08-28 19:55:00,Long,1919.8999999999999,1919.1,-2.3999999999998636,SL Hit,1919.1,3,-65.47999999999342,55.0,-1.099999999999909,0.6300000000001091
2023-08-28 23:10:00,2023-08-28 23:15:00,Long,1920.76,1920.68,-0.07999999999992724,SL Hit,1920.68,1,-65.55999999999335,5.0,-0.6600000000000819,0.2899999999999636
2023-08-29 00:05:00,2023-08-29 00:25:00,Long,1921.1750000000002,1920.4,-1.550000000000182,SL Hit,1920.4,2,-67.10999999999353,20.0,-0.9750000000001364,0.7749999999998636
2023-08-29 04:05:00,2023-08-29 05:40:00,Short,1924.915,1925.06,-0.2899999999999636,SL Hit,1925.06,2,-67.3999999999935,95.0,0.5050000000001091,-1.8150000000000546
2023-08-29 06:00:00,2023-08-29 06:15:00,Long,1924.665,1924.3,-0.7300000000000182,SL Hit,1924.3,2,-68.12999999999352,15.0,-0.4249999999999545,0.48500000000012733
2023-08-29 08:50:00,2023-08-29 08:55:00,Long,1923.16,1922.8799999999994,-0.28000000000065484,SL Hit,1922.8799999999994,1,-68.40999999999417,5.0,-0.3300000000001546,0.5799999999999272
2023-08-29 09:00:00,2023-08-29 09:15:00,Long,1922.94,1922.77,-0.3400000000001455,SL Hit,1922.77,2,-68.74999999999432,15.0,-0.7400000000000091,0.5799999999999272
2023-08-29 09:20:00,2023-08-29 09:50:00,Short,1922.8,1923.8,-1.0,SL Hit,1923.8,1,-69.74999999999432,30.0,1.6000000000001364,-0.7000000000000455
2023-08-29 10:20:00,2023-08-29 12:50:00,Short,1919.7399999999998,1916.4,10.019999999999072,SL Hit,1916.4,3,-59.72999999999524,150.0,3.130000000000109,-5.209999999999809
2023-08-29 13:40:00,2023-08-29 16:10:00,Long,1929.5475,1936.25,26.8100000000004,SL Hit,1936.25,4,-32.91999999999484,150.0,-11.447499999999991,8.002500000000055
2023-08-29 16:40:00,2023-08-29 16:50:00,Short,1934.63,1935.7900000000009,-1.160000000000764,SL Hit,1935.7900000000009,1,-34.07999999999561,10.0,1.3099999999999454,-0.290000000000191
2023-08-29 19:55:00,2023-08-29 20:30:00,Long,1937.7150000000001,1937.1,-1.230000000000473,SL Hit,1937.1,2,-35.30999999999608,35.0,-1.0150000000001,0.3049999999998363
2023-08-29 20:35:00,2023-08-29 23:00:00,Short,1937.3633333333335,1937.16,0.6100000000001273,SL Hit,1937.16,3,-34.69999999999595,145.0,0.32666666666659694,-1.3633333333334576
2023-08-29 23:05:00,2023-08-29 23:15:00,Long,1937.0,1936.4,-1.199999999999818,SL Hit,1936.4,2,-35.89999999999577,10.0,-1.0,0.19000000000005457
2023-08-29 23:40:00,2023-08-30 00:15:00,Short,1936.395,1936.52,-0.25,SL Hit,1936.52,2,-36.14999999999577,35.0,0.1349999999999909,-0.9949999999998909
2023-08-30 03:10:00,2023-08-30 03:50:00,Short,1936.36,1936.7999999999995,-0.4399999999995998,SL Hit,1936.7999999999995,1,-36.58999999999537,40.0,0.4800000000000182,-0.959999999999809
2023-08-30 10:00:00,2023-08-30 10:05:00,Long,1937.9,1937.8600000000001,-0.03999999999996362,SL Hit,1937.8600000000001,1,-36.629999999995334,5.0,-0.3000000000001819,0.2799999999999727
2023-08-30 10:25:00,2023-08-30 10:40:00,Short,1936.8,1937.3199999999995,-0.5199999999995271,SL Hit,1937.3199999999995,1,-37.14999999999486,15.0,0.7599999999999909,-0.7999999999999545
2023-08-30 11:20:00,2023-08-30 15:05:00,Long,1942.7071428571428,1945.34,18.429999999999836,SL Hit,1945.34,7,-18.719999999995025,225.0,-5.207142857142799,5.992857142857247
2023-08-30 18:15:00,2023-08-30 22:00:00,Short,1943.3500000000001,1943.03,1.9200000000009823,SL Hit,1943.03,6,-16.799999999994043,225.0,1.0199999999997544,-1.4500000000000455
2023-08-31 02:25:00,2023-08-31 02:35:00,Long,1946.2,1946.2,0.0,SL Hit,1946.2,1,-16.799999999994043,10.0,-0.08000000000015461,1.1299999999998818
2023-08-31 05:20:00,2023-08-31 06:00:00,Short,1945.07,1945.35,-0.5599999999999454,SL Hit,1945.35,2,-17.35999999999399,40.0,0.5099999999999909,-1.0699999999999363
2023-08-31 06:30:00,2023-08-31 07:30:00,Short,1944.665,1945.79,-2.25,SL Hit,1945.79,2,-19.60999999999399,60.0,1.5050000000001091,-1.4249999999999545
2023-08-31 09:10:00,2023-08-31 09:40:00,Short,1944.38,1944.78,-0.7999999999997272,SL Hit,1944.78,2,-20.409999999993715,30.0,0.459999999999809,-0.7700000000002092
2023-08-31 09:50:00,2023-08-31 09:55:00,Long,1944.43,1944.43,0.0,SL Hit,1944.43,1,-20.409999999993715,5.0,-0.009999999999990905,0.35999999999989996
2023-08-31 11:50:00,2023-08-31 12:35:00,Long,1944.89,1944.4899999999996,-0.4000000000005457,SL Hit,1944.4899999999996,1,-20.80999999999426,45.0,-1.3800000000001091,2.689999999999827
2023-08-31 13:40:00,2023-08-31 14:00:00,Short,1943.315,1944.01,-1.3899999999998727,SL Hit,1944.01,2,-22.199999999994134,20.0,1.3049999999998363,-2.1549999999999727
2023-08-31 14:40:00,2023-08-31 16:30:00,Short,1942.1275,1942.06,0.27000000000043656,SL Hit,1942.06,4,-21.929999999993697,110.0,1.322499999999991,-2.9674999999999727
2023-08-31 16:40:00,2023-08-31 16:50:00,Long,1942.02,1941.2599999999998,-0.7600000000002183,SL Hit,1941.2599999999998,1,-22.689999999993915,10.0,-1.2200000000000273,0.09999999999990905
2023-08-31 16:55:00,2023-08-31 17:50:00,Short,1940.88,1940.62,0.5200000000004366,SL Hit,1940.62,2,-22.16999999999348,55.0,1.0199999999999818,-1.7700000000002092
2023-08-31 17:55:00,2023-08-31 19:10:00,Long,1940.82,1940.8,-0.05999999999994543,SL Hit,1940.8,3,-22.229999999993424,75.0,-0.6099999999999,1.2300000000000182
2023-08-31 19:15:00,2023-09-01 00:00:00,Short,1940.4566666666663,1940.08,2.2599999999979445,SL Hit,1940.08,6,-19.96999999999548,285.0,0.9233333333338578,-2.0566666666661604
2023-09-01 00:45:00,2023-09-01 01:00:00,Short,1938.85,1939.4899999999993,-0.6399999999994179,SL Hit,1939.4899999999993,1,-20.609999999994898,15.0,2.9700000000000273,-0.15999999999985448
2023-09-01 02:05:00,2023-09-01 04:35:00,Short,1940.6766666666665,1939.15,4.579999999999245,SL Hit,1939.15,3,-16.029999999995653,150.0,1.8633333333334576,-3.176666666666506
2023-09-01 05:40:00,2023-09-01 05:45:00,Long,1940.1,1939.3800000000006,-0.7199999999993452,SL Hit,1939.3800000000006,1,-16.749999999994998,5.0,-0.7999999999999545,0.4700000000000273
2023-09-01 06:15:00,2023-09-01 06:55:00,Short,1939.3866666666665,1939.78,-1.180000000000291,SL Hit,1939.78,3,-17.92999999999529,40.0,0.9533333333333758,-1.2866666666666333
2023-09-01 08:00:00,2023-09-01 08:05:00,Long,1943.16,1943.16,0.0,SL Hit,1943.16,1,-17.92999999999529,5.0,-0.7599999999999909,0.4900000000000091
2023-09-01 12:30:00,2023-09-01 13:20:00,Long,1948.365,1947.29,-2.150000000000091,SL Hit,1947.29,2,-20.07999999999538,50.0,-2.9249999999999545,3.9249999999999545
2023-09-01 14:20:00,2023-09-01 16:20:00,Short,1939.0566666666666,1939.77,-2.1400000000001,SL Hit,1939.77,3,-22.21999999999548,120.0,1.2633333333333212,-4.446666666666715
2023-09-01 19:40:00,2023-09-04 00:45:00,Short,1940.3066666666666,1940.13,0.529999999999518,SL Hit,1940.13,3,-21.689999999995962,3185.0,1.3533333333334667,-1.3066666666666151
2023-09-04 01:30:00,2023-09-04 03:20:00,Long,1943.675,1944.8,2.25,SL Hit,1944.8,2,-19.439999999995962,110.0,-2.2749999999998636,2.3050000000000637
2023-09-04 06:45:00,2023-09-04 07:55:00,Short,1944.3049999999998,1944.13,0.3499999999994543,SL Hit,1944.13,2,-19.089999999996508,70.0,0.8150000000000546,-1.1849999999999454
2023-09-04 08:40:00,2023-09-04 09:15:00,Short,1943.57,1943.96,-0.7800000000002001,SL Hit,1943.96,2,-19.869999999996708,35.0,0.5499999999999545,-1.6699999999998454
2023-09-04 11:30:00,2023-09-04 11:40:00,Short,1940.19,1941.0700000000002,-0.8800000000001091,SL Hit,1941.0700000000002,1,-20.749999999996817,10.0,1.3099999999999454,-0.30999999999994543
2023-09-04 14:10:00,2023-09-04 14:50:00,Short,1937.8,1938.57,-1.5399999999999636,SL Hit,1938.57,2,-22.28999999999678,40.0,0.8300000000001546,-1.0
2023-09-04 15:00:00,2023-09-04 15:40:00,Long,1938.5366666666666,1937.8,-2.2100000000000364,SL Hit,1937.8,3,-24.499999999996817,40.0,-1.2366666666666788,0.4733333333333576
2023-09-04 16:55:00,2023-09-04 17:25:00,Short,1938.165,1938.35,-0.36999999999989086,SL Hit,1938.35,2,-24.869999999996708,30.0,0.20499999999992724,-0.8650000000000091
2023-09-04 22:10:00,2023-09-04 23:25:00,Long,1938.16,1935.9199999999994,-2.240000000000691,SL Hit,1935.9199999999994,1,-27.1099999999974,75.0,-1.1600000000000819,0.33999999999991815
2023-09-04 23:25:00,2023-09-05 01:20:00,Short,1937.6899999999998,1937.88,-0.5700000000008458,SL Hit,1937.88,3,-27.679999999998245,115.0,0.5700000000001637,-1.3899999999998727
2023-09-05 05:00:00,2023-09-05 05:15:00,Long,1938.56,1937.8400000000006,-0.7199999999993452,SL Hit,1937.8400000000006,1,-28.39999999999759,15.0,-0.7599999999999909,0.2400000000000091
2023-09-05 06:05:00,2023-09-05 10:40:00,Short,1934.1,1932.06,8.159999999999854,SL Hit,1932.06,4,-20.239999999997735,275.0,4.0,-4.099999999999909
2023-09-05 10:45:00,2023-09-05 10:55:00,Long,1931.64,1931.1199999999997,-0.5200000000004366,SL Hit,1931.1199999999997,1,-20.759999999998172,10.0,-0.7100000000000364,0.2899999999999636
2023-09-05 12:00:00,2023-09-05 12:15:00,Long,1930.5,1930.0200000000004,-0.47999999999956344,SL Hit,1930.0200000000004,1,-21.239999999997735,15.0,-0.7699999999999818,1.150000000000091
2023-09-05 12:45:00,2023-09-05 13:45:00,Short,1933.1999999999998,1933.6,-1.2000000000002728,SL Hit,1933.6,3,-22.439999999998008,60.0,1.1400000000001,-3.699999999999818
2023-09-05 14:35:00,2023-09-05 14:45:00,Long,1926.57,1926.3300000000002,-0.23999999999978172,SL Hit,1926.3300000000002,1,-22.67999999999779,10.0,-1.2000000000000455,0.9800000000000182
2023-09-05 17:15:00,2023-09-05 18:15:00,Short,1926.506666666667,1926.73,-0.6699999999993906,SL Hit,1926.73,3,-23.34999999999718,60.0,0.7533333333331029,-0.9066666666669789
2023-09-05 20:20:00,2023-09-05 23:00:00,Short,1925.94,1926.41,-0.9400000000000546,SL Hit,1926.41,2,-24.289999999997235,160.0,0.5,-1.240000000000009
2023-09-06 00:30:00,2023-09-06 02:15:00,Short,1925.295,1925.29,0.020000000000436557,SL Hit,1925.29,4,-24.2699999999968,105.0,1.134999999999991,-1.3949999999999818
2023-09-06 07:35:00,2023-09-06 08:50:00,Short,1923.855,1924.66,-1.6100000000001273,SL Hit,1924.66,2,-25.879999999996926,75.0,0.8650000000000091,-1.1549999999999727
2023-09-06 08:55:00,2023-09-06 10:55:00,Long,1925.0566666666666,1926.0,2.8300000000001546,SL Hit,1926.0,3,-23.04999999999677,120.0,-2.3566666666665697,2.4633333333333667
2023-09-06 11:00:00,2023-09-06 12:05:00,Short,1926.1233333333332,1926.48,-1.070000000000391,SL Hit,1926.48,3,-24.119999999997162,65.0,1.0966666666668061,-0.8833333333332121
2023-09-06 12:20:00,2023-09-06 16:20:00,Short,1920.23,1917.32,14.55000000000041,SL Hit,1917.32,5,-9.569999999996753,240.0,8.809999999999945,-4.8900000000001
2023-09-06 20:20:00,2023-09-06 22:00:00,Short,1916.8,1917.76,-0.9600000000000364,SL Hit,1917.76,1,-10.52999999999679,100.0,1.3099999999999454,-1.099999999999909
2023-09-06 23:30:00,2023-09-07 01:05:00,Short,1916.9099999999999,1916.99,-0.24000000000046384,SL Hit,1916.99,3,-10.769999999997253,95.0,0.5800000000001546,-1.209999999999809
2023-09-07 02:10:00,2023-09-07 02:45:00,Long,1918.3333333333333,1918.27,-0.1899999999998272,SL Hit,1918.27,3,-10.95999999999708,35.0,-0.6133333333332303,0.8466666666668061
2023-09-07 07:40:00,2023-09-07 07:50:00,Short,1917.66,1918.1000000000006,-0.4400000000005093,SL Hit,1918.1000000000006,1,-11.39999999999759,10.0,0.5199999999999818,-0.5900000000001455
2023-09-07 09:10:00,2023-09-07 09:15:00,Long,1918.79,1918.0299999999997,-0.7600000000002183,SL Hit,1918.0299999999997,1,-12.159999999997808,5.0,-0.7899999999999636,0.6200000000001182
2023-09-07 12:30:00,2023-09-07 13:05:00,Short,1918.16,1923.6800000000005,-5.520000000000437,SL Hit,1923.6800000000005,1,-17.679999999998245,35.0,5.199999999999818,-1.8800000000001091
2023-09-07 13:05:00,2023-09-07 13:30:00,Long,1922.29,1920.8500000000004,-1.4399999999995998,SL Hit,1920.8500000000004,1,-19.119999999997844,25.0,-2.869999999999891,1.0
2023-09-07 14:15:00,2023-09-07 14:40:00,Short,1918.56,1921.1599999999994,-2.5999999999994543,SL Hit,1921.1599999999994,1,-21.7199999999973,25.0,2.6900000000000546,-1.6599999999998545
2023-09-07 17:05:00,2023-09-07 18:15:00,Short,1918.53,1919.27,-1.4800000000000182,SL Hit,1919.27,2,-23.199999999997317,70.0,0.8600000000001273,-1.0599999999999454
2023-09-07 22:55:00,2023-09-07 23:05:00,Long,1919.46,1919.46,0.0,SL Hit,1919.46,1,-23.199999999997317,10.0,-0.4600000000000364,0.7300000000000182
2023-09-08 02:05:00,2023-09-08 02:15:00,Long,1925.58,1925.58,0.0,SL Hit,1925.58,1,-23.199999999997317,10.0,-1.0799999999999272,0.5900000000001455
2023-09-08 03:10:00,2023-09-08 06:00:00,Short,1925.7649999999999,1926.17,-0.8100000000004002,SL Hit,1926.17,2,-24.009999999997717,170.0,0.4450000000001637,-2.1649999999999636
2023-09-08 06:45:00,2023-09-08 08:55:00,Short,1924.6980000000003,1924.44,1.2900000000013279,SL Hit,1924.44,5,-22.71999999999639,130.0,1.151999999999589,-2.098000000000411
2023-09-08 09:05:00,2023-09-08 09:35:00,Long,1924.67,1924.52,-0.3000000000001819,SL Hit,1924.52,2,-23.01999999999657,30.0,-0.9700000000000273,1.0799999999999272
2023-09-08 10:35:00,2023-09-08 12:05:00,Short,1923.6233333333332,1923.66,-0.11000000000058208,SL Hit,1923.66,3,-23.129999999997153,90.0,0.5766666666668243,-1.3233333333332666
2023-09-08 13:15:00,2023-09-08 13:20:00,Short,1920.52,1921.4,-0.8800000000001091,SL Hit,1921.4,1,-24.009999999997262,5.0,0.8800000000001091,-0.22000000000002728
2023-09-08 14:45:00,2023-09-08 16:55:00,Short,1922.87,1919.59,6.559999999999945,SL Hit,1919.59,2,-17.449999999997317,130.0,4.440000000000055,-5.349999999999909
2023-09-08 17:30:00,2023-09-08 18:45:00,Long,1918.8,1918.9,0.20000000000027285,SL Hit,1918.9,2,-17.249999999997044,75.0,-0.7000000000000455,1.8199999999999363
2023-09-10 22:05:00,2023-09-10 23:30:00,Short,1918.72,1918.88,-0.3200000000001637,SL Hit,1918.88,2,-17.569999999997208,85.0,0.7300000000000182,-1.5199999999999818
2023-09-10 23:35:00,2023-09-10 23:55:00,Long,1918.99,1918.2,-1.5799999999999272,SL Hit,1918.2,2,-19.149999999997135,20.0,-1.0899999999999181,0.4900000000000091
2023-09-11 00:35:00,2023-09-11 00:45:00,Long,1919.39,1919.39,0.0,SL Hit,1919.39,1,-19.149999999997135,10.0,-0.290000000000191,0.6099999999999
2023-09-11 00:50:00,2023-09-11 01:05:00,Long,1919.6750000000002,1919.1,-1.1500000000005457,SL Hit,1919.1,2,-20.29999999999768,15.0,-0.6350000000002183,0.6649999999997362
2023-09-11 02:10:00,2023-09-11 02:15:00,Long,1923.12,1922.4400000000005,-0.6799999999993815,SL Hit,1922.4400000000005,1,-20.979999999997062,5.0,-0.709999999999809,0.39000000000010004
2023-09-11 03:00:00,2023-09-11 03:25:00,Short,1922.57,1923.39,-1.6400000000003274,SL Hit,1923.39,2,-22.61999999999739,25.0,0.8400000000001455,-0.4700000000000273
2023-09-11 03:30:00,2023-09-11 04:05:00,Long,1923.28,1922.91,-1.1099999999996726,SL Hit,1922.91,3,-23.729999999997062,35.0,-0.9800000000000182,0.19000000000005457
2023-09-11 05:20:00,2023-09-11 05:50:00,Long,1926.975,1926.68,-0.5899999999996908,SL Hit,1926.68,2,-24.319999999996753,30.0,-0.49499999999989086,0.9350000000001728
2023-09-11 06:35:00,2023-09-11 06:40:00,Long,1927.75,1927.5100000000002,-0.23999999999978172,SL Hit,1927.5100000000002,1,-24.559999999996535,5.0,-0.2799999999999727,0.6800000000000637
2023-09-11 09:45:00,2023-09-11 10:45:00,Short,1925.755,1926.14,-0.7699999999999818,SL Hit,1926.14,2,-25.329999999996517,60.0,0.625,-1.0550000000000637
2023-09-11 11:35:00,2023-09-11 11:40:00,Long,1925.75,1925.2299999999996,-0.5200000000004366,SL Hit,1925.2299999999996,1,-25.849999999996953,5.0,-1.0399999999999636,0.41000000000008185
2023-09-11 12:20:00,2023-09-11 12:35:00,Long,1925.54,1923.2200000000003,-2.319999999999709,SL Hit,1923.2200000000003,1,-28.169999999996662,15.0,-1.0799999999999272,0.7799999999999727
2023-09-11 12:35:00,2023-09-11 12:55:00,Short,1925.71,1926.79,-1.0799999999999272,SL Hit,1926.79,1,-29.24999999999659,20.0,1.5899999999999181,-0.37000000000011823
2023-09-11 14:10:00,2023-09-11 15:20:00,Short,1924.2150000000001,1923.75,0.930000000000291,SL Hit,1923.75,2,-28.3199999999963,70.0,2.314999999999827,-3.415000000000191
2023-09-11 17:45:00,2023-09-11 19:20:00,Short,1922.48,1922.1,0.7600000000002183,SL Hit,1922.1,2,-27.55999999999608,95.0,0.599999999999909,-1.0499999999999545
2023-09-11 23:30:00,2023-09-12 00:20:00,Short,1921.635,1922.07,-0.8699999999998909,SL Hit,1922.07,2,-28.42999999999597,50.0,0.6449999999999818,-0.7349999999999
2023-09-12 02:50:00,2023-09-12 02:55:00,Long,1922.86,1922.86,0.0,SL Hit,1922.86,1,-28.42999999999597,5.0,-0.8599999999999,0.25
2023-09-12 04:20:00,2023-09-12 08:05:00,Short,1920.7720000000002,1919.87,4.510000000001355,SL Hit,1919.87,5,-23.919999999994616,225.0,2.2679999999998017,-2.5720000000001164
2023-09-12 09:25:00,2023-09-12 14:25:00,Short,1913.385,1910.61,16.650000000000546,SL Hit,1910.61,6,-7.26999999999407,300.0,6.154999999999973,-5.5150000000001
2023-09-12 18:50:00,2023-09-12 19:00:00,Long,1913.05,1913.05,0.0,SL Hit,1913.05,1,-7.26999999999407,10.0,-0.75,0.37000000000011823
2023-09-12 19:10:00,2023-09-12 19:15:00,Long,1913.02,1912.94,-0.07999999999992724,SL Hit,1912.94,1,-7.349999999993997,5.0,-0.6199999999998909,0.2799999999999727
2023-09-12 19:55:00,2023-09-12 20:30:00,Short,1912.95,1913.27,-0.6399999999998727,SL Hit,1913.27,2,-7.98999999999387,35.0,0.31999999999993634,-0.9500000000000455
2023-09-12 21:00:00,2023-09-12 22:00:00,Long,1913.29,1913.29,0.0,SL Hit,1913.29,1,-7.98999999999387,60.0,-0.36999999999989086,0.049999999999954525
2023-09-12 23:20:00,2023-09-12 23:45:00,Short,1913.1,1913.23,-0.2600000000002183,SL Hit,1913.23,2,-8.249999999994088,25.0,0.25,-0.8999999999998636
2023-09-13 00:00:00,2023-09-13 00:20:00,Long,1913.1999999999998,1912.83,-0.7399999999997817,SL Hit,1912.83,2,-8.98999999999387,20.0,-0.5399999999997362,0.39000000000010004
2023-09-13 00:25:00,2023-09-13 01:15:00,Short,1912.85,1913.27,-0.8400000000001455,SL Hit,1913.27,2,-9.829999999994016,50.0,0.8700000000001182,-0.6499999999998636
2023-09-13 02:30:00,2023-09-13 03:40:00,Short,1909.355,1909.24,0.2300000000000182,SL Hit,1909.24,2,-9.599999999993997,70.0,0.8849999999999909,-1.8550000000000182
2023-09-13 04:50:00,2023-09-13 05:05:00,Long,1911.42,1910.54,-0.8800000000001091,SL Hit,1910.54,1,-10.479999999994106,15.0,-0.9200000000000728,0.5
2023-09-13 05:25:00,2023-09-13 05:30:00,Short,1910.85,1911.6899999999991,-0.839999999999236,SL Hit,1911.6899999999991,1,-11.319999999993342,5.0,1.6800000000000637,-0.6499999999998636
2023-09-13 06:00:00,2023-09-13 07:10:00,Short,1909.8466666666666,1910.27,-1.2700000000002092,SL Hit,1910.27,3,-12.589999999993552,70.0,0.683333333333394,-1.6366666666665424
2023-09-13 09:50:00,2023-09-13 10:30:00,Short,1911.29,1911.57,-0.5599999999999454,SL Hit,1911.57,2,-13.149999999993497,40.0,0.44000000000005457,-0.9900000000000091
2023-09-13 12:10:00,2023-09-13 12:45:00,Short,1909.5100000000002,1912.1,-5.1799999999993815,SL Hit,1912.1,2,-18.32999999999288,35.0,2.7199999999998,-3.1500000000003183
2023-09-13 19:00:00,2023-09-13 22:00:00,Short,1908.665,1908.84,-0.6999999999998181,SL Hit,1908.84,4,-19.029999999992697,180.0,0.6449999999999818,-1.365000000000009
2023-09-14 01:55:00,2023-09-14 03:00:00,Short,1910.455,1910.34,0.2300000000000182,SL Hit,1910.34,2,-18.79999999999268,65.0,0.8650000000000091,-1.5149999999998727
2023-09-14 04:25:00,2023-09-14 04:40:00,Long,1909.73,1909.3700000000003,-0.3599999999996726,SL Hit,1909.3700000000003,1,-19.15999999999235,15.0,-1.0299999999999727,0.7300000000000182
2023-09-14 07:35:00,2023-09-14 08:30:00,Short,1906.295,1906.35,-0.10999999999967258,SL Hit,1906.35,2,-19.269999999992024,55.0,0.47499999999990905,-1.1950000000001637
2023-09-14 09:45:00,2023-09-14 12:20:00,Long,1906.9099999999999,1907.17,1.0400000000008731,SL Hit,1907.17,4,-18.22999999999115,155.0,-1.4099999999998545,2.8900000000001
2023-09-14 14:45:00,2023-09-14 15:40:00,Long,1906.88,1906.88,0.0,SL Hit,1906.88,1,-18.22999999999115,55.0,-1.0300000000002,4.239999999999782
2023-09-14 17:40:00,2023-09-14 18:25:00,Short,1909.045,1909.41,-0.7300000000000182,SL Hit,1909.41,2,-18.95999999999117,45.0,0.5749999999998181,-1.1449999999999818
2023-09-14 18:55:00,2023-09-14 19:20:00,Short,1908.35,1909.1099999999992,-0.7599999999993088,SL Hit,1909.1099999999992,1,-19.719999999990478,25.0,0.9900000000000091,-0.1899999999998272
2023-09-14 22:00:00,2023-09-14 23:30:00,Short,1910.5266666666666,1910.49,0.10999999999989996,SL Hit,1910.49,3,-19.609999999990578,90.0,0.3033333333332848,-1.326666666666597
2023-09-14 23:35:00,2023-09-15 01:05:00,Long,1910.85,1910.3,-2.199999999999818,SL Hit,1910.3,4,-21.809999999990396,90.0,-1.75,0.6700000000000728
2023-09-15 01:25:00,2023-09-15 03:05:00,Long,1914.2033333333331,1914.98,2.3300000000006094,SL Hit,1914.98,3,-19.479999999989786,100.0,-2.9633333333331393,1.6966666666669425
2023-09-15 03:10:00,2023-09-15 04:05:00,Short,1915.155,1915.82,-1.3299999999999272,SL Hit,1915.82,2,-20.809999999989714,55.0,0.9049999999999727,-1.1549999999999727
2023-09-15 07:00:00,2023-09-15 07:55:00,Short,1917.705,1917.94,-0.47000000000025466,SL Hit,1917.94,2,-21.27999999998997,55.0,0.8250000000000455,-2.1849999999999454
2023-09-15 08:55:00,2023-09-15 09:55:00,Long,1918.1766666666665,1917.72,-1.3699999999994361,SL Hit,1917.72,3,-22.649999999989404,60.0,-0.9766666666664605,0.973333333333585
2023-09-15 10:00:00,2023-09-15 10:50:00,Short,1917.7,1918.0200000000007,-0.32000000000061846,SL Hit,1918.0200000000007,1,-22.969999999990023,50.0,0.5,-0.6700000000000728
2023-09-15 11:15:00,2023-09-15 12:05:00,Short,1918.835,1919.9,-2.130000000000109,SL Hit,1919.9,2,-25.099999999990132,50.0,1.5550000000000637,-1.2049999999999272
2023-09-15 15:15:00,2023-09-15 16:10:00,Short,1927.39,1927.74,-1.0499999999997272,SL Hit,1927.74,3,-26.14999999998986,55.0,1.4099999999998545,-2.520000000000209
2023-09-15 16:20:00,2023-09-15 20:25:00,Short,1924.3575,1923.03,10.6200000000008,SL Hit,1923.03,8,-15.529999999989059,245.0,3.2124999999998636,-2.6575000000000273
2023-09-17 22:55:00,2023-09-17 23:35:00,Short,1922.7800000000002,1923.16,-0.7599999999997635,SL Hit,1923.16,2,-16.289999999988822,40.0,0.9099999999998545,-0.8800000000001091
2023-09-18 00:00:00,2023-09-18 01:35:00,Long,1923.8249999999998,1923.6,-0.8999999999996362,SL Hit,1923.6,4,-17.18999999998846,95.0,-1.1249999999997726,2.6150000000002365
2023-09-18 01:40:00,2023-09-18 02:05:00,Short,1924.995,1925.78,-1.5700000000001637,SL Hit,1925.78,2,-18.759999999988622,25.0,0.9250000000001819,-0.974999999999909
2023-09-18 02:10:00,2023-09-18 04:00:00,Long,1927.49,1928.1,1.2199999999998,SL Hit,1928.1,2,-17.539999999988822,110.0,-1.9800000000000182,1.9600000000000364
2023-09-18 04:05:00,2023-09-18 05:30:00,Short,1928.5533333333333,1928.57,-0.049999999999954525,SL Hit,1928.57,3,-17.589999999988777,85.0,0.716666666666697,-1.5533333333332848
2023-09-18 07:35:00,2023-09-18 09:35:00,Short,1926.875,1926.5,0.75,SL Hit,1926.5,2,-16.839999999988777,120.0,1.2550000000001091,-2.275000000000091
2023-09-18 09:40:00,2023-09-18 10:35:00,Long,1926.49,1926.31,-0.36000000000012733,SL Hit,1926.31,2,-17.199999999988904,55.0,-0.900000000000091,0.9800000000000182
2023-09-18 10:50:00,2023-09-18 11:00:00,Short,1926.755,1927.19,-0.8699999999998909,SL Hit,1927.19,2,-18.069999999988795,10.0,0.43499999999994543,-0.7550000000001091
2023-09-18 12:25:00,2023-09-18 12:30:00,Long,1926.53,1922.9700000000005,-3.5599999999994907,SL Hit,1922.9700000000005,1,-21.629999999988286,5.0,-0.8899999999998727,0.5399999999999636
2023-09-18 12:30:00,2023-09-18 14:20:00,Short,1926.1566666666668,1927.1,-2.8299999999994725,SL Hit,1927.1,3,-24.459999999987758,110.0,2.2433333333333394,-3.956666666666706
2023-09-18 15:35:00,2023-09-18 18:10:00,Long,1929.9,1931.4,7.5,SL Hit,1931.4,5,-16.959999999987758,155.0,-3.060000000000173,3.439999999999827
2023-09-18 21:00:00,2023-09-18 22:05:00,Short,1933.42,1933.6600000000008,-0.24000000000069122,SL Hit,1933.6600000000008,1,-17.19999999998845,65.0,0.2899999999999636,-0.5199999999999818
2023-09-19 05:00:00,2023-09-19 05:05:00,Short,1931.2,1931.36,-0.15999999999985448,SL Hit,1931.36,1,-17.359999999988304,5.0,0.33999999999991815,-0.14000000000010004
2023-09-19 05:15:00,2023-09-19 05:30:00,Short,1931.0749999999998,1931.44,-0.7300000000004729,SL Hit,1931.44,2,-18.089999999988777,15.0,0.6450000000002092,-0.46499999999991815
2023-09-19 05:55:00,2023-09-19 06:20:00,Short,1930.94,1931.17,-0.4600000000000364,SL Hit,1931.17,2,-18.549999999988813,25.0,0.31999999999993634,-0.8200000000001637
2023-09-19 06:50:00,2023-09-19 07:05:00,Short,1930.55,1932.9499999999996,-2.399999999999636,SL Hit,1932.9499999999996,1,-20.94999999998845,15.0,0.9600000000000364,-0.6599999999998545
2023-09-19 07:05:00,2023-09-19 08:25:00,Long,1932.685,1933.6,1.8299999999999272,SL Hit,1933.6,2,-19.119999999988522,80.0,-1.5750000000000455,2.0450000000000728
2023-09-19 09:00:00,2023-09-19 09:10:00,Short,1933.71,1933.9499999999998,-0.23999999999978172,SL Hit,1933.9499999999998,1,-19.359999999988304,10.0,0.5,-0.09000000000014552
2023-09-19 10:25:00,2023-09-19 11:15:00,Long,1935.53,1935.23,-0.8999999999998636,SL Hit,1935.23,3,-20.259999999988167,50.0,-0.8299999999999272,1.1800000000000637
2023-09-19 11:45:00,2023-09-19 12:10:00,Short,1935.12,1936.7599999999993,-1.639999999999418,SL Hit,1936.7599999999993,1,-21.899999999987585,25.0,1.6800000000000637,-0.4799999999997908
2023-09-19 12:45:00,2023-09-19 13:45:00,Short,1934.5566666666666,1935.49,-2.800000000000182,SL Hit,1935.49,3,-24.699999999987767,60.0,1.2333333333333485,-1.7766666666666424
2023-09-19 14:10:00,2023-09-19 16:10:00,Short,1933.3439999999998,1933.23,0.5699999999990268,SL Hit,1933.23,5,-24.12999999998874,120.0,1.8060000000002674,-2.8439999999998236
2023-09-19 17:55:00,2023-09-19 22:00:00,Short,1931.4399999999998,1931.46,-0.06000000000062755,SL Hit,1931.46,3,-24.189999999989368,245.0,0.8300000000001546,-1.6799999999998363
2023-09-20 00:45:00,2023-09-20 02:10:00,Short,1930.3600000000001,1930.76,-0.7999999999997272,SL Hit,1930.76,2,-24.989999999989095,85.0,0.5699999999999363,-2.660000000000082
2023-09-20 03:25:00,2023-09-20 03:30:00,Long,1931.03,1931.03,0.0,SL Hit,1931.03,1,-24.989999999989095,5.0,-0.009999999999990905,0.32999999999992724
2023-09-20 03:45:00,2023-09-20 05:05:00,Short,1930.59,1930.29,0.8999999999998636,SL Hit,1930.29,3,-24.08999999998923,80.0,0.5700000000001637,-1.0899999999999181
2023-09-20 06:10:00,2023-09-20 06:55:00,Long,1931.39,1930.0699999999995,-1.3200000000006185,SL Hit,1930.0699999999995,1,-25.40999999998985,45.0,-1.4600000000000364,0.8199999999999363
2023-09-20 14:35:00,2023-09-20 15:00:00,Short,1942.61,1944.6899999999998,-2.0799999999999272,SL Hit,1944.6899999999998,1,-27.489999999989777,25.0,2.1200000000001182,-1.209999999999809
2023-09-20 16:50:00,2023-09-20 17:25:00,Long,1946.28,1946.0,-0.5599999999999454,SL Hit,1946.0,2,-28.049999999989723,35.0,-0.9400000000000546,1.0599999999999454
2023-09-20 23:55:00,2023-09-21 01:45:00,Short,1928.3100000000002,1926.54,5.3100000000006276,SL Hit,1926.54,3,-22.739999999989095,110.0,1.4899999999997817,-4.010000000000218
2023-09-21 02:35:00,2023-09-21 03:10:00,Short,1926.65,1927.69,-1.0399999999999636,SL Hit,1927.69,1,-23.77999999998906,35.0,1.0899999999999181,-0.6000000000001364
2023-09-21 04:20:00,2023-09-21 05:00:00,Long,1927.89,1927.4,-0.9800000000000182,SL Hit,1927.4,2,-24.759999999989077,40.0,-0.8800000000001091,0.6299999999998818
2023-09-21 05:35:00,2023-09-21 07:00:00,Long,1928.5533333333333,1927.8,-2.259999999999991,SL Hit,1927.8,3,-27.019999999989068,85.0,-1.3133333333332757,1.7966666666666242
2023-09-21 07:10:00,2023-09-21 10:15:00,Short,1926.4980000000003,1924.74,8.790000000001328,SL Hit,1924.74,5,-18.22999999998774,185.0,1.8419999999996435,-4.598000000000184
2023-09-21 11:05:00,2023-09-21 13:00:00,Short,1919.8633333333335,1917.0,8.590000000000373,SL Hit,1917.0,3,-9.639999999987367,115.0,4.086666666666588,-5.803333333333512
2023-09-21 13:15:00,2023-09-21 13:40:00,Short,1915.95,1917.23,-2.5599999999999454,SL Hit,1917.23,2,-12.199999999987313,25.0,1.8399999999999181,-1.4500000000000455
2023-09-21 13:45:00,2023-09-21 13:50:00,Long,1916.6,1916.2400000000002,-0.3599999999996726,SL Hit,1916.2400000000002,1,-12.559999999986985,5.0,-0.8199999999999363,2.0700000000001637
2023-09-21 16:30:00,2023-09-21 19:05:00,Long,1919.12,1919.62,2.0,SL Hit,1919.62,4,-10.559999999986985,155.0,-1.199999999999818,2.0900000000001455
2023-09-21 19:15:00,2023-09-21 19:35:00,Short,1920.705,1920.84,-0.2699999999999818,SL Hit,1920.84,2,-10.829999999986967,20.0,0.24500000000011823,-0.3949999999999818
2023-09-21 22:25:00,2023-09-21 22:30:00,Long,1920.1,1920.02,-0.07999999999992724,SL Hit,1920.02,1,-10.909999999986894,5.0,-0.599999999999909,0.16000000000008185
2023-09-21 23:00:00,2023-09-21 23:10:00,Long,1920.22,1919.6199999999997,-0.6000000000003638,SL Hit,1919.6199999999997,1,-11.509999999987258,10.0,-0.7200000000000273,0.5699999999999363
2023-09-21 23:35:00,2023-09-22 00:20:00,Long,1921.0149999999999,1920.8,-0.4299999999998363,SL Hit,1920.8,2,-11.939999999987094,45.0,-1.2149999999999181,0.6550000000002001
2023-09-22 01:35:00,2023-09-22 03:20:00,Long,1923.4333333333332,1923.42,-0.0399999999992815,SL Hit,1923.42,3,-11.979999999986376,105.0,-1.4333333333331666,1.9766666666669153
2023-09-22 04:10:00,2023-09-22 04:40:00,Short,1923.87,1924.39,-1.0400000000004184,SL Hit,1924.39,2,-13.019999999986794,30.0,0.7300000000000182,-0.5699999999999363
2023-09-22 04:50:00,2023-09-22 04:55:00,Long,1923.95,1920.95,-3.0,SL Hit,1920.95,1,-16.019999999986794,5.0,-0.75,0.43000000000006366
2023-09-22 04:55:00,2023-09-22 05:45:00,Short,1924.31,1924.59,-0.5599999999999454,SL Hit,1924.59,2,-16.57999999998674,50.0,0.43000000000006366,-0.9099999999998545
2023-09-22 06:10:00,2023-09-22 06:20:00,Long,1925.025,1924.0,-2.050000000000182,SL Hit,1924.0,2,-18.62999999998692,10.0,-1.2250000000001364,0.584999999999809
2023-09-22 08:30:00,2023-09-22 08:40:00,Short,1926.5,1927.1400000000003,-0.6400000000003274,SL Hit,1927.1400000000003,1,-19.26999999998725,10.0,0.7100000000000364,-0.19000000000005457
2023-09-22 09:50:00,2023-09-22 11:30:00,Short,1925.3466666666666,1925.92,-1.720000000000482,SL Hit,1925.92,3,-20.98999999998773,100.0,0.9833333333333485,-1.2466666666666697
2023-09-22 11:35:00,2023-09-22 12:40:00,Long,1925.365,1924.36,-2.0100000000002183,SL Hit,1924.36,2,-22.99999999998795,65.0,-1.1649999999999636,1.3350000000000364
2023-09-22 13:00:00,2023-09-22 13:35:00,Long,1925.92,1925.5199999999995,-0.4000000000005457,SL Hit,1925.5199999999995,1,-23.399999999988495,35.0,-0.7200000000000273,1.490000000000009
2023-09-22 14:35:00,2023-09-22 16:20:00,Long,1927.6066666666666,1927.49,-0.3499999999996817,SL Hit,1927.49,3,-23.749999999988177,105.0,-1.2066666666664787,1.2433333333333394
2023-09-22 18:15:00,2023-09-22 19:45:00,Short,1924.926666666667,1925.14,-0.6399999999994179,SL Hit,1925.14,3,-24.389999999987594,90.0,0.5933333333330211,-0.8266666666670517
2023-09-22 20:55:00,2023-09-24 22:20:00,Long,1925.47,1925.07,-0.8000000000001819,SL Hit,1925.07,2,-25.189999999987776,2965.0,-0.5199999999999818,2.3799999999998818
2023-09-24 22:30:00,2023-09-25 00:45:00,Short,1924.9599999999998,1924.85,0.5499999999994998,SL Hit,1924.85,5,-24.639999999988277,135.0,1.050000000000182,-1.7599999999997635
2023-09-25 01:10:00,2023-09-25 02:40:00,Short,1923.565,1923.44,0.25,SL Hit,1923.44,2,-24.389999999988277,90.0,1.0349999999998545,-0.9249999999999545
2023-09-25 02:45:00,2023-09-25 03:20:00,Long,1923.35,1922.6300000000006,-0.7199999999993452,SL Hit,1922.6300000000006,1,-25.109999999987622,35.0,-0.849999999999909,0.8400000000001455
2023-09-25 05:40:00,2023-09-25 06:35:00,Short,1921.76,1921.94,-0.36000000000012733,SL Hit,1921.94,2,-25.46999999998775,55.0,0.8700000000001182,-1.259999999999991
2023-09-25 11:10:00,2023-09-25 11:15:00,Long,1924.57,1924.53,-0.03999999999996362,SL Hit,1924.53,1,-25.509999999987713,5.0,-0.08999999999991815,0.2899999999999636
2023-09-25 11:25:00,2023-09-25 12:05:00,Short,1924.1100000000001,1924.67,-1.1199999999998909,SL Hit,1924.67,2,-26.629999999987604,40.0,0.9699999999997999,-0.37000000000011823
2023-09-25 14:15:00,2023-09-25 15:30:00,Short,1919.0633333333335,1918.54,1.5700000000006185,SL Hit,1918.54,3,-25.059999999986985,75.0,3.826666666666597,-3.953333333333603
2023-09-25 16:25:00,2023-09-25 16:45:00,Short,1916.375,1916.6,-0.4499999999998181,SL Hit,1916.6,2,-25.509999999986803,20.0,0.22499999999990905,-1.1749999999999545
2023-09-25 17:10:00,2023-09-25 17:20:00,Long,1917.12,1915.7,-2.8399999999996908,SL Hit,1915.7,2,-28.349999999986494,10.0,-1.7199999999998,0.14000000000010004
2023-09-25 18:05:00,2023-09-25 18:25:00,Short,1916.165,1916.44,-0.5500000000001819,SL Hit,1916.44,2,-28.899999999986676,20.0,0.9149999999999636,-0.30500000000006366
2023-09-25 18:40:00,2023-09-25 19:30:00,Short,1915.845,1916.09,-0.4899999999997817,SL Hit,1916.09,2,-29.389999999986458,50.0,0.24499999999989086,-1.3450000000000273
2023-09-25 19:55:00,2023-09-25 22:00:00,Short,1915.615,1915.81,-0.38999999999987267,SL Hit,1915.81,2,-29.77999999998633,125.0,0.46499999999991815,-0.9149999999999636
2023-09-25 22:45:00,2023-09-25 23:45:00,Short,1916.3499999999997,1916.54,-0.5700000000008458,SL Hit,1916.54,3,-30.349999999987176,60.0,0.2600000000002183,-1.0499999999997272
2023-09-25 23:55:00,2023-09-26 00:10:00,Long,1915.685,1915.4,-0.569999999999709,SL Hit,1915.4,2,-30.919999999986885,15.0,-0.3849999999999909,0.6849999999999454
2023-09-26 00:15:00,2023-09-26 04:25:00,Short,1914.4685714285713,1913.78,4.819999999999254,SL Hit,1913.78,7,-26.09999999998763,250.0,1.6514285714285961,-1.7385714285712766
2023-09-26 08:25:00,2023-09-26 08:35:00,Long,1915.21,1914.9300000000003,-0.27999999999974534,SL Hit,1914.9300000000003,1,-26.379999999987376,10.0,-1.1400000000001,0.2999999999999545
2023-09-26 09:15:00,2023-09-26 09:50:00,Short,1912.9450000000002,1913.05,-0.20999999999958163,SL Hit,1913.05,2,-26.589999999986958,35.0,0.11499999999978172,-1.1450000000002092
2023-09-26 13:15:00,2023-09-26 14:00:00,Short,1906.5,1907.15,-1.300000000000182,SL Hit,1907.15,2,-27.88999999998714,45.0,2.5599999999999454,-1.8900000000001
2023-09-26 14:25:00,2023-09-26 15:00:00,Long,1907.93,1905.4499999999996,-2.480000000000473,SL Hit,1905.4499999999996,1,-30.369999999987613,35.0,-2.9700000000000273,0.5099999999999909
2023-09-26 18:20:00,2023-09-26 18:30:00,Short,1900.16,1900.5200000000007,-0.3600000000005821,SL Hit,1900.5200000000007,1,-30.729999999988195,10.0,0.6199999999998909,-1.3600000000001273
2023-09-26 18:35:00,2023-09-26 19:10:00,Short,1899.7066666666667,1900.06,-1.059999999999718,SL Hit,1900.06,3,-31.789999999987913,35.0,0.893333333333203,-1.0066666666666606
2023-09-26 20:35:00,2023-09-26 22:25:00,Short,1900.76,1901.13,-0.7400000000002365,SL Hit,1901.13,2,-32.52999999998815,110.0,0.39000000000010004,-1.3599999999999
2023-09-26 23:35:00,2023-09-26 23:40:00,Long,1901.29,1901.29,0.0,SL Hit,1901.29,1,-32.52999999998815,5.0,-0.38999999999987267,0.5900000000001455
2023-09-27 00:40:00,2023-09-27 01:30:00,Short,1901.27,1902.15,-0.8800000000001091,SL Hit,1902.15,1,-33.40999999998826,50.0,2.1900000000000546,-1.8699999999998909
2023-09-27 03:20:00,2023-09-27 06:05:00,Short,1898.8225,1898.31,2.050000000000182,SL Hit,1898.31,4,-31.359999999988077,165.0,1.9974999999999454,-3.4224999999999
2023-09-27 10:10:00,2023-09-27 11:40:00,Short,1894.4733333333334,1893.96,1.5399999999999636,SL Hit,1893.96,3,-29.819999999988113,90.0,1.8066666666666151,-2.013333333333321
2023-09-27 14:55:00,2023-09-27 18:30:00,Short,1878.5880000000002,1875.16,17.140000000000555,SL Hit,1875.16,5,-12.679999999987558,215.0,6.771999999999707,-6.788000000000238
2023-09-27 22:05:00,2023-09-28 00:20:00,Long,1876.96,1876.1,-3.4400000000005093,SL Hit,1876.1,4,-16.119999999988067,135.0,-1.6600000000000819,0.8099999999999454
2023-09-28 01:00:00,2023-09-28 02:30:00,Short,1875.36,1874.49,3.4799999999995634,SL Hit,1874.49,4,-12.639999999988504,90.0,1.9400000000000546,-2.229999999999791
2023-09-28 02:35:00,2023-09-28 03:00:00,Long,1874.21,1874.21,0.0,SL Hit,1874.21,1,-12.639999999988504,25.0,-0.41000000000008185,0.8299999999999272
2023-09-28 04:05:00,2023-09-28 05:00:00,Short,1874.625,1875.15,-1.050000000000182,SL Hit,1875.15,2,-13.689999999988686,55.0,0.7149999999999181,-1.3250000000000455
2023-09-28 05:10:00,2023-09-28 06:15:00,Long,1876.135,1875.93,-0.819999999999709,SL Hit,1875.93,4,-14.509999999988395,65.0,-1.5750000000000455,1.2850000000000819
2023-09-28 11:20:00,2023-09-28 11:35:00,Long,1875.54,1874.8599999999997,-0.680000000000291,SL Hit,1874.8599999999997,1,-15.189999999988686,15.0,-0.8599999999999,0.5
2023-09-28 12:15:00,2023-09-28 12:20:00,Long,1876.71,1876.5100000000002,-0.1999999999998181,SL Hit,1876.5100000000002,1,-15.389999999988504,5.0,-0.8500000000001364,1.0699999999999363
2023-09-28 12:35:00,2023-09-28 13:35:00,Short,1876.3933333333334,1876.41,-0.049999999999954525,SL Hit,1876.41,3,-15.439999999988459,60.0,2.7066666666664787,-4.553333333333512
2023-09-28 13:55:00,2023-09-28 14:00:00,Short,1873.11,1874.989999999999,-1.8799999999991996,SL Hit,1874.989999999999,1,-17.319999999987658,5.0,1.900000000000091,-0.4699999999997999
2023-09-28 16:35:00,2023-09-28 16:50:00,Long,1865.35,1863.5100000000007,-1.839999999999236,SL Hit,1863.5100000000007,1,-19.159999999986894,15.0,-2.25,0.3300000000001546
2023-09-28 18:50:00,2023-09-28 19:10:00,Long,1865.48,1864.6799999999998,-0.8000000000001819,SL Hit,1864.6799999999998,1,-19.959999999987076,20.0,-0.9300000000000637,0.36999999999989086
2023-09-28 20:35:00,2023-09-28 22:05:00,Short,1865.39,1865.22,0.3400000000001455,SL Hit,1865.22,2,-19.61999999998693,90.0,0.7400000000000091,-1.290000000000191
2023-09-28 22:40:00,2023-09-29 00:20:00,Short,1865.52,1866.87,-2.699999999999818,SL Hit,1866.87,2,-22.31999999998675,100.0,1.5,-2.519999999999982
2023-09-29 00:35:00,2023-09-29 02:00:00,Short,1866.23,1866.21,0.03999999999996362,SL Hit,1866.21,2,-22.279999999986785,85.0,0.38999999999987267,-1.7200000000000273
2023-09-29 02:25:00,2023-09-29 02:35:00,Long,1865.39,1865.1499999999994,-0.24000000000069122,SL Hit,1865.1499999999994,1,-22.519999999987476,10.0,-0.4900000000000091,0.8399999999999181
2023-09-29 02:55:00,2023-09-29 04:25:00,Short,1864.455,1864.43,0.04999999999972715,SL Hit,1864.43,2,-22.46999999998775,90.0,0.6950000000001637,-1.5950000000000273
2023-09-29 09:00:00,2023-09-29 09:30:00,Short,1871.3766666666668,1872.12,-2.229999999999336,SL Hit,1872.12,3,-24.699999999987085,30.0,0.783333333333303,-0.4566666666667061
2023-09-29 09:35:00,2023-09-29 10:55:00,Long,1872.5733333333335,1872.46,-0.3400000000003729,SL Hit,1872.46,3,-25.039999999987458,80.0,-0.823333333333494,0.9466666666664878
2023-09-29 12:55:00,2023-09-29 13:50:00,Long,1873.14,1870.34,-2.800000000000182,SL Hit,1870.34,1,-27.83999999998764,55.0,-3.130000000000109,6.089999999999918
2023-09-29 16:35:00,2023-09-29 16:45:00,Long,1855.12,1854.4000000000005,-0.7199999999993452,SL Hit,1854.4000000000005,1,-28.559999999986985,10.0,-1.349999999999909,1.050000000000182
2023-09-29 18:05:00,2023-10-01 19:00:00,Short,1850.07,1850.04,0.08999999999991815,SL Hit,1850.04,3,-28.469999999987067,2935.0,0.5900000000001455,-4.169999999999845
2023-10-02 03:15:00,2023-10-02 06:20:00,Short,1842.684,1842.23,2.2699999999997544,SL Hit,1842.23,5,-26.199999999987313,185.0,2.145999999999958,-3.314000000000078
2023-10-02 10:15:00,2023-10-02 10:30:00,Long,1834.45,1833.8099999999997,-0.6400000000003274,SL Hit,1833.8099999999997,1,-26.83999999998764,15.0,-0.7400000000000091,1.5499999999999545
2023-10-02 10:35:00,2023-10-02 10:50:00,Long,1834.79,1833.71,-2.1599999999998545,SL Hit,1833.71,2,-28.999999999987494,15.0,-1.1900000000000546,1.1000000000001364
2023-10-02 10:55:00,2023-10-02 11:20:00,Short,1834.48,1835.51,-2.0599999999999454,SL Hit,1835.51,2,-31.05999999998744,25.0,1.150000000000091,-1.6300000000001091
2023-10-02 11:30:00,2023-10-02 12:15:00,Long,1835.9450000000002,1836.65,1.4099999999998545,SL Hit,1836.65,2,-29.649999999987585,45.0,-1.4450000000001637,2.1349999999997635
2023-10-02 12:25:00,2023-10-02 13:05:00,Short,1836.4899999999998,1836.77,-0.8400000000006003,SL Hit,1836.77,3,-30.489999999988186,40.0,1.9200000000003001,-2.2199999999998
2023-10-02 14:10:00,2023-10-02 15:20:00,Short,1831.5,1832.53,-2.0599999999999454,SL Hit,1832.53,2,-32.54999999998813,70.0,2.509999999999991,-4.2000000000000455
2023-10-02 20:15:00,2023-10-02 22:00:00,Short,1828.3400000000001,1828.16,0.36000000000012733,SL Hit,1828.16,2,-32.189999999988004,105.0,0.7299999999997908,-1.4400000000000546
2023-10-02 22:40:00,2023-10-03 03:35:00,Short,1823.11125,1818.39,37.76999999999862,SL Hit,1818.39,8,5.580000000010614,295.0,5.588750000000118,-8.411249999999882
2023-10-03 04:55:00,2023-10-03 06:10:00,Short,1820.75,1822.2700000000004,-1.5200000000004366,SL Hit,1822.2700000000004,1,4.060000000010177,75.0,1.7300000000000182,-2.5699999999999363
2023-10-03 06:10:00,2023-10-03 09:55:00,Long,1823.622,1825.77,10.739999999999554,SL Hit,1825.77,5,14.800000000009732,225.0,-3.3120000000001255,5.307999999999993
2023-10-03 11:45:00,2023-10-03 11:50:00,Short,1825.93,1829.2500000000007,-3.3200000000006185,SL Hit,1829.2500000000007,1,11.480000000009113,5.0,1.1799999999998363,-0.8300000000001546
2023-10-03 11:50:00,2023-10-03 11:55:00,Long,1825.73,1823.2899999999995,-2.4400000000005093,SL Hit,1823.2899999999995,1,9.040000000008604,5.0,-0.6100000000001273,1.3799999999998818
2023-10-03 11:55:00,2023-10-03 12:10:00,Short,1826.42,1827.11,-1.3799999999996544,SL Hit,1827.11,2,7.660000000008949,15.0,0.9399999999998272,-1.3200000000001637
2023-10-03 12:15:00,2023-10-03 12:20:00,Long,1826.98,1826.9,-0.07999999999992724,SL Hit,1826.9,1,7.580000000009022,5.0,-0.4700000000000273,2.4400000000000546
2023-10-03 12:50:00,2023-10-03 13:35:00,Short,1825.3700000000001,1826.61,-3.719999999999345,SL Hit,1826.61,3,3.860000000009677,45.0,1.349999999999909,-1.7200000000000273
2023-10-03 14:40:00,2023-10-03 14:50:00,Long,1830.08,1827.0,-3.0799999999999272,SL Hit,1827.0,1,0.7800000000097498,10.0,-4.919999999999845,1.6400000000001
2023-10-03 22:05:00,2023-10-03 23:20:00,Short,1823.3500000000001,1823.73,-1.1399999999996453,SL Hit,1823.73,3,-0.3599999999898955,75.0,1.0699999999999363,-2.050000000000182
2023-10-04 02:30:00,2023-10-04 04:15:00,Short,1821.455,1822.04,-1.1700000000000728,SL Hit,1822.04,2,-1.5299999999899683,105.0,0.8550000000000182,-2.1549999999999727
2023-10-04 12:05:00,2023-10-04 15:05:00,Short,1823.61,1821.36,13.5,SL Hit,1821.36,6,11.970000000010032,180.0,6.0300000000002,-6.4099999999998545
2023-10-04 16:35:00,2023-10-04 19:10:00,Short,1820.068,1818.7,6.839999999999691,SL Hit,1818.7,5,18.810000000009722,155.0,2.6920000000000073,-3.4680000000000746
2023-10-04 22:40:00,2023-10-04 22:50:00,Short,1821.94,1822.06,-0.11999999999989086,SL Hit,1822.06,1,18.69000000000983,10.0,0.1799999999998363,-0.7400000000000091
2023-10-05 00:05:00,2023-10-05 00:35:00,Short,1822.6550000000002,1823.29,-1.269999999999527,SL Hit,1823.29,2,17.420000000010305,30.0,1.0049999999998818,-1.1550000000002
2023-10-05 06:45:00,2023-10-05 09:35:00,Short,1822.0149999999999,1822.33,-1.2600000000002183,SL Hit,1822.33,4,16.160000000010086,170.0,1.8250000000000455,-2.9149999999999636
2023-10-05 09:40:00,2023-10-05 11:00:00,Long,1822.6366666666665,1822.53,-0.31999999999970896,SL Hit,1822.53,3,15.840000000010377,80.0,-1.9466666666664878,1.1633333333334122
2023-10-05 16:30:00,2023-10-05 16:40:00,Long,1817.59,1817.59,0.0,SL Hit,1817.59,1,15.840000000010377,10.0,-0.2300000000000182,0.6700000000000728
2023-10-05 17:35:00,2023-10-05 17:40:00,Long,1818.05,1817.8500000000001,-0.1999999999998181,SL Hit,1817.8500000000001,1,15.64000000001056,5.0,-0.25,0.8800000000001091
2023-10-05 18:10:00,2023-10-05 20:50:00,Long,1819.8016666666665,1819.55,-1.5099999999993088,SL Hit,1819.55,6,14.13000000001125,160.0,-1.041666666666515,0.9883333333334576
2023-10-06 01:10:00,2023-10-06 01:30:00,Short,1820.2,1821.5600000000006,-1.360000000000582,SL Hit,1821.5600000000006,1,12.770000000010668,20.0,1.4500000000000455,-0.7999999999999545
2023-10-06 04:45:00,2023-10-06 07:10:00,Short,1821.1733333333334,1819.74,4.300000000000182,SL Hit,1819.74,3,17.07000000001085,145.0,2.336666666666588,-2.583333333333485
2023-10-06 07:20:00,2023-10-06 08:20:00,Long,1819.8833333333332,1819.69,-0.5799999999994725,SL Hit,1819.69,3,16.490000000011378,60.0,-1.0933333333332484,1.7266666666666879
2023-10-06 12:10:00,2023-10-06 13:20:00,Short,1820.34,1821.46,-2.2400000000002365,SL Hit,1821.46,2,14.250000000011141,70.0,2.8600000000001273,-9.599999999999909
2023-10-06 14:15:00,2023-10-06 14:50:00,Long,1824.41,1824.41,0.0,SL Hit,1824.41,1,14.250000000011141,35.0,-0.3400000000001455,6.639999999999873
2023-10-06 17:35:00,2023-10-06 17:40:00,Long,1830.67,1830.5500000000002,-0.11999999999989086,SL Hit,1830.5500000000002,1,14.13000000001125,5.0,-0.17000000000007276,0.6299999999998818
2023-10-09 02:00:00,2023-10-09 03:35:00,Long,1849.42,1848.7,-1.4400000000000546,SL Hit,1848.7,2,12.690000000011196,95.0,-1.1200000000001182,2.8599999999999
2023-10-09 05:45:00,2023-10-09 06:05:00,Short,1851.575,1852.27,-1.3899999999998727,SL Hit,1852.27,2,11.300000000011323,20.0,0.7649999999998727,-0.7050000000001546
2023-10-09 06:55:00,2023-10-09 09:15:00,Short,1850.6333333333332,1850.89,-0.7700000000006639,SL Hit,1850.89,3,10.53000000001066,140.0,1.9066666666667516,-2.3633333333332303
2023-10-09 15:15:00,2023-10-09 16:00:00,Long,1852.68,1851.1,-3.1600000000003092,SL Hit,1851.1,2,7.37000000001035,45.0,-2.130000000000109,0.33999999999991815
2023-10-09 17:10:00,2023-10-09 22:05:00,Long,1854.1000000000001,1860.4,37.79999999999973,SL Hit,1860.4,6,45.17000000001008,295.0,-3.9700000000000273,9.289999999999964
2023-10-09 22:10:00,2023-10-09 23:30:00,Short,1861.0266666666666,1861.29,-0.7899999999999636,SL Hit,1861.29,3,44.380000000010114,80.0,0.6933333333333849,-0.9266666666667334
2023-10-10 01:20:00,2023-10-10 01:55:00,Long,1864.43,1863.1499999999994,-1.2800000000006548,SL Hit,1863.1499999999994,1,43.10000000000946,35.0,-2.0299999999999727,0.5799999999999272
2023-10-10 04:10:00,2023-10-10 07:40:00,Short,1859.9060000000002,1857.54,11.830000000001064,SL Hit,1857.54,5,54.93000000001052,210.0,2.313999999999851,-4.716000000000122
2023-10-10 08:10:00,2023-10-10 08:15:00,Long,1856.18,1851.4599999999998,-4.720000000000255,SL Hit,1851.4599999999998,1,50.21000000001027,5.0,-1.1800000000000637,2.0
2023-10-10 08:15:00,2023-10-10 08:30:00,Short,1856.435,1858.18,-3.4900000000002365,SL Hit,1858.18,2,46.72000000001003,15.0,2.1950000000001637,-0.5249999999998636
2023-10-10 08:45:00,2023-10-10 09:15:00,Long,1858.6599999999999,1857.76,-1.7999999999997272,SL Hit,1857.76,2,44.920000000010305,30.0,-0.9299999999998363,0.9100000000000819
2023-10-10 09:20:00,2023-10-10 09:25:00,Short,1858.27,1859.4699999999998,-1.199999999999818,SL Hit,1859.4699999999998,1,43.72000000001049,5.0,1.2799999999999727,-0.2999999999999545
2023-10-10 09:45:00,2023-10-10 11:35:00,Short,1857.23,1856.61,2.480000000000473,SL Hit,1856.61,4,46.20000000001096,110.0,1.8299999999999272,-2.3600000000001273
2023-10-10 12:40:00,2023-10-10 13:15:00,Short,1854.8000000000002,1856.19,-2.7799999999997453,SL Hit,1856.19,2,43.420000000011214,35.0,1.8799999999998818,-1.4100000000000819
2023-10-10 14:05:00,2023-10-10 14:35:00,Long,1857.22,1856.2,-2.0399999999999636,SL Hit,1856.2,2,41.38000000001125,30.0,-1.6400000000001,1.3399999999999181
2023-10-10 15:25:00,2023-10-10 16:15:00,Long,1858.7699999999998,1859.02,0.7500000000006821,SL Hit,1859.02,3,42.13000000001193,50.0,-2.0799999999997,3.4700000000002547
2023-10-10 16:20:00,2023-10-10 17:10:00,Short,1860.7849999999999,1862.37,-3.1700000000000728,SL Hit,1862.37,2,38.96000000001186,50.0,1.925000000000182,-2.2349999999999
2023-10-10 17:30:00,2023-10-10 18:25:00,Short,1859.83,1859.89,-0.12000000000034561,SL Hit,1859.89,2,38.840000000011514,55.0,1.800000000000182,-1.6599999999998545
2023-10-10 19:35:00,2023-10-10 19:40:00,Long,1859.73,1859.73,0.0,SL Hit,1859.73,1,38.840000000011514,5.0,-0.009999999999990905,0.31999999999993634
2023-10-10 22:15:00,2023-10-11 00:05:00,Short,1860.3049999999998,1860.64,-0.6700000000005275,SL Hit,1860.64,2,38.17000000001099,110.0,0.7650000000001,-1.5049999999998818
2023-10-11 01:15:00,2023-10-11 01:50:00,Short,1861.24,1861.72,-0.9600000000000364,SL Hit,1861.72,2,37.21000000001095,35.0,0.5099999999999909,-0.9500000000000455
2023-10-11 01:55:00,2023-10-11 03:05:00,Long,1861.3225,1861.0,-1.2899999999999636,SL Hit,1861.0,4,35.92000000001099,70.0,-1.5425000000000182,0.5975000000000819
2023-10-11 03:35:00,2023-10-11 03:40:00,Short,1860.48,1860.7199999999998,-0.23999999999978172,SL Hit,1860.7199999999998,1,35.680000000011205,5.0,0.35999999999989996,-0.07999999999992724
2023-10-11 05:25:00,2023-10-11 05:40:00,Long,1859.555,1859.28,-0.5500000000001819,SL Hit,1859.28,2,35.13000000001102,15.0,-0.7150000000001455,0.9649999999999181
2023-10-11 06:20:00,2023-10-11 06:25:00,Long,1860.18,1860.18,0.0,SL Hit,1860.18,1,35.13000000001102,5.0,-0.11000000000012733,0.4700000000000273
2023-10-11 09:55:00,2023-10-11 10:00:00,Short,1870.73,1873.4100000000003,-2.680000000000291,SL Hit,1873.4100000000003,1,32.45000000001073,5.0,0.12999999999988177,-0.6700000000000728
2023-10-11 10:00:00,2023-10-11 11:40:00,Long,1871.56,1871.4,-0.31999999999970896,SL Hit,1871.4,2,32.13000000001102,100.0,-1.5499999999999545,3.0299999999999727
2023-10-11 11:45:00,2023-10-11 13:00:00,Short,1871.4399999999998,1872.87,-4.290000000000191,SL Hit,1872.87,3,27.840000000010832,75.0,1.7500000000002274,-2.549999999999727
2023-10-11 13:40:00,2023-10-11 15:25:00,Short,1870.8200000000002,1871.42,-2.399999999999636,SL Hit,1871.42,4,25.440000000011196,105.0,1.4299999999998363,-2.450000000000273
2023-10-11 17:30:00,2023-10-11 19:00:00,Short,1872.3799999999999,1872.98,-1.8000000000004093,SL Hit,1872.98,3,23.640000000010787,90.0,1.1900000000000546,-1.5199999999999818
2023-10-11 23:40:00,2023-10-11 23:45:00,Long,1875.03,1874.8700000000001,-0.15999999999985448,SL Hit,1874.8700000000001,1,23.480000000010932,5.0,-0.5299999999999727,0.37000000000011823
2023-10-12 00:15:00,2023-10-12 00:25:00,Long,1875.03,1874.8300000000002,-0.1999999999998181,SL Hit,1874.8300000000002,1,23.280000000011114,10.0,-0.32999999999992724,0.5899999999999181
2023-10-12 01:20:00,2023-10-12 02:20:00,Long,1876.32,1876.32,0.0,SL Hit,1876.32,1,23.280000000011114,60.0,-0.31999999999993634,2.259999999999991
2023-10-12 02:50:00,2023-10-12 03:40:00,Short,1876.58,1878.8199999999997,-2.2399999999997817,SL Hit,1878.8199999999997,1,21.040000000011332,50.0,1.4200000000000728,-0.7799999999999727
2023-10-12 03:40:00,2023-10-12 03:55:00,Long,1877.535,1877.12,-0.830000000000382,SL Hit,1877.12,2,20.21000000001095,15.0,-0.6750000000001819,0.3049999999998363
2023-10-12 04:00:00,2023-10-12 04:45:00,Short,1877.3400000000001,1877.72,-0.7599999999997635,SL Hit,1877.72,2,19.450000000011187,45.0,1.0199999999997544,-0.540000000000191
2023-10-12 06:35:00,2023-10-12 07:50:00,Long,1880.365,1879.94,-0.849999999999909,SL Hit,1879.94,2,18.600000000011278,75.0,-1.2049999999999272,2.1949999999999363
2023-10-12 09:30:00,2023-10-12 12:05:00,Long,1882.0085714285717,1882.97,6.729999999998199,SL Hit,1882.97,7,25.330000000009477,155.0,-1.8085714285716676,2.331428571428205
2023-10-12 12:10:00,2023-10-12 16:00:00,Short,1876.2037500000001,1872.95,26.030000000000655,SL Hit,1872.95,8,51.36000000001013,230.0,7.8762499999998,-5.253750000000082
2023-10-12 23:25:00,2023-10-13 00:35:00,Long,1870.99,1870.5,-1.4700000000000273,SL Hit,1870.5,3,49.890000000010104,70.0,-0.9900000000000091,1.1299999999998818
2023-10-13 01:15:00,2023-10-13 01:35:00,Long,1872.3,1871.78,-1.0399999999999636,SL Hit,1871.78,2,48.85000000001014,20.0,-0.6800000000000637,0.6000000000001364
2023-10-13 01:45:00,2023-10-13 02:40:00,Short,1872.04,1874.5999999999995,-2.5599999999994907,SL Hit,1874.5999999999995,1,46.29000000001065,55.0,1.3199999999999363,-1.0399999999999636
2023-10-13 02:40:00,2023-10-13 03:25:00,Long,1872.8400000000001,1872.9,0.1799999999998363,SL Hit,1872.9,3,46.47000000001049,45.0,-0.44000000000005457,1.0199999999997544
2023-10-13 03:30:00,2023-10-13 04:00:00,Short,1873.475,1873.75,-0.5500000000001819,SL Hit,1873.75,2,45.920000000010305,30.0,0.4350000000001728,-0.6749999999999545
2023-10-13 04:05:00,2023-10-13 06:00:00,Long,1875.9866666666667,1876.2,0.6400000000001,SL Hit,1876.2,3,46.560000000010405,115.0,-2.366666666666788,1.9433333333333849
2023-10-13 07:05:00,2023-10-13 09:05:00,Long,1882.095,1883.28,4.739999999999782,SL Hit,1883.28,4,51.300000000010186,120.0,-5.154999999999973,2.625
2023-10-13 10:40:00,2023-10-13 10:55:00,Long,1888.32,1888.32,0.0,SL Hit,1888.32,1,51.300000000010186,15.0,-0.6799999999998363,1.5499999999999545
2023-10-13 12:25:00,2023-10-13 13:40:00,Long,1904.04,1905.94,3.800000000000182,SL Hit,1905.94,2,55.10000000001037,75.0,-5.329999999999927,13.930000000000064
2023-10-13 18:00:00,2023-10-13 18:35:00,Long,1929.37,1928.27,-2.199999999999818,SL Hit,1928.27,2,52.90000000001055,35.0,-1.4799999999997908,1.1200000000001182
2023-10-13 18:45:00,2023-10-13 18:50:00,Short,1928.14,1928.220000000001,-0.08000000000083674,SL Hit,1928.220000000001,1,52.82000000000971,5.0,0.6799999999998363,-0.18000000000006366
2023-10-13 19:05:00,2023-10-13 19:50:00,Short,1928.1133333333335,1928.54,-1.279999999999518,SL Hit,1928.54,3,51.540000000010195,45.0,0.7166666666664696,-0.38333333333343944
2023-10-16 01:45:00,2023-10-16 02:35:00,Short,1921.3533333333335,1921.22,0.4000000000003183,SL Hit,1921.22,3,51.940000000010514,50.0,0.38666666666654237,-1.8533333333334667
2023-10-16 03:25:00,2023-10-16 08:00:00,Short,1916.8257142857144,1912.07,33.29000000000133,SL Hit,1912.07,7,85.23000000001184,275.0,3.534285714285488,-8.395714285714348
2023-10-16 10:10:00,2023-10-16 11:20:00,Long,1916.13,1915.5,-1.8900000000003274,SL Hit,1915.5,3,83.34000000001151,70.0,-1.4500000000000455,2.0
2023-10-16 11:25:00,2023-10-16 11:30:00,Short,1916.04,1916.12,-0.07999999999992724,SL Hit,1916.12,1,83.26000000001159,5.0,0.5,-1.3399999999999181
2023-10-16 12:10:00,2023-10-16 12:20:00,Short,1917.09,1921.6499999999994,-4.559999999999491,SL Hit,1921.6499999999994,1,78.7000000000121,10.0,7.170000000000073,-1.1399999999998727
2023-10-16 12:50:00,2023-10-16 13:25:00,Long,1918.46,1916.6,-3.7200000000002547,SL Hit,1916.6,2,74.98000000001184,35.0,-2.019999999999982,0.5599999999999454
2023-10-16 13:30:00,2023-10-16 15:00:00,Short,1917.555,1919.92,-4.730000000000018,SL Hit,1919.92,2,70.25000000001182,90.0,3.5449999999998454,-2.9750000000001364
2023-10-16 15:55:00,2023-10-16 17:00:00,Short,1921.685,1922.07,-0.7699999999999818,SL Hit,1922.07,2,69.48000000001184,65.0,0.9450000000001637,-2.0850000000000364
2023-10-16 18:35:00,2023-10-16 22:40:00,Short,1919.31,1920.6,-2.5799999999999272,SL Hit,1920.6,2,66.90000000001191,245.0,1.509999999999991,-1.9099999999998545
2023-10-17 05:40:00,2023-10-17 05:50:00,Short,1915.31,1916.5099999999998,-1.199999999999818,SL Hit,1916.5099999999998,1,65.7000000000121,10.0,1.3200000000001637,-0.4099999999998545
2023-10-17 07:05:00,2023-10-17 07:35:00,Long,1917.76,1917.5600000000002,-0.1999999999998181,SL Hit,1917.5600000000002,1,65.50000000001228,30.0,-0.35999999999989996,2.3900000000001
2023-10-17 10:00:00,2023-10-17 11:00:00,Long,1923.2766666666666,1923.15,-0.3799999999996544,SL Hit,1923.15,3,65.12000000001262,60.0,-0.7366666666666788,3.0733333333332666
2023-10-17 16:20:00,2023-10-17 18:55:00,Short,1922.4425,1920.91,6.130000000000109,SL Hit,1920.91,4,71.25000000001273,155.0,2.707499999999982,-3.6425000000001546
2023-10-18 00:45:00,2023-10-18 00:55:00,Short,1927.79,1932.1899999999996,-4.399999999999636,SL Hit,1932.1899999999996,1,66.8500000000131,10.0,0.22000000000002728,-1.2899999999999636
2023-10-18 00:55:00,2023-10-18 02:55:00,Long,1933.1100000000001,1937.92,9.61999999999989,SL Hit,1937.92,2,76.47000000001299,120.0,-6.0900000000001455,9.269999999999982
2023-10-18 08:10:00,2023-10-18 09:00:00,Long,1938.45,1938.0,-1.3500000000001364,SL Hit,1938.0,3,75.12000000001285,50.0,-1.75,1.2100000000000364
2023-10-18 09:15:00,2023-10-18 10:05:00,Long,1941.37,1943.0,3.2600000000002183,SL Hit,1943.0,2,78.38000000001307,50.0,-2.519999999999982,4.470000000000027
2023-10-18 10:10:00,2023-10-18 10:30:00,Short,1943.435,1943.9,-0.930000000000291,SL Hit,1943.9,2,77.45000000001278,20.0,0.9049999999999727,-0.44499999999993634
2023-10-18 10:50:00,2023-10-18 11:45:00,Long,1944.99,1944.88,-0.32999999999969987,SL Hit,1944.88,3,77.12000000001308,55.0,-1.1099999999999,2.25
2023-10-18 13:20:00,2023-10-18 14:45:00,Long,1948.73,1948.2499999999995,-0.48000000000047294,SL Hit,1948.2499999999995,1,76.6400000000126,85.0,-5.009999999999991,13.680000000000064
2023-10-18 16:05:00,2023-10-18 20:00:00,Long,1949.605,1949.03,-2.300000000000182,SL Hit,1949.03,4,74.34000000001242,235.0,-4.745000000000118,6.845000000000027
2023-10-18 20:40:00,2023-10-18 22:05:00,Short,1948.645,1949.69,-2.0900000000001455,SL Hit,1949.69,2,72.25000000001228,85.0,1.2149999999999181,-1.7449999999998909
2023-10-18 22:10:00,2023-10-18 23:05:00,Short,1950.355,1950.79,-0.8699999999998909,SL Hit,1950.79,2,71.38000000001239,55.0,0.48499999999989996,-1.2550000000001091
2023-10-18 23:10:00,2023-10-18 23:20:00,Long,1949.5,1949.5,0.0,SL Hit,1949.5,1,71.38000000001239,10.0,0.0,1.75
2023-10-19 05:50:00,2023-10-19 06:55:00,Short,1946.56,1948.11,-3.099999999999909,SL Hit,1948.11,2,68.28000000001248,65.0,1.900000000000091,-1.259999999999991
2023-10-19 07:05:00,2023-10-19 07:10:00,Long,1948.26,1948.26,0.0,SL Hit,1948.26,1,68.28000000001248,5.0,-0.10999999999989996,1.490000000000009
2023-10-19 10:50:00,2023-10-19 10:55:00,Long,1950.87,1950.87,0.0,SL Hit,1950.87,1,68.28000000001248,5.0,0.0,0.4800000000000182
2023-10-19 17:55:00,2023-10-19 19:50:00,Long,1973.97,1975.9,9.650000000000318,SL Hit,1975.9,5,77.9300000000128,115.0,-3.2999999999999545,3.6099999999999
2023-10-19 19:55:00,2023-10-19 22:30:00,Short,1974.885,1974.61,0.5500000000001819,SL Hit,1974.61,2,78.48000000001298,155.0,1.6849999999999454,-2.6849999999999454
2023-10-19 22:40:00,2023-10-20 00:00:00,Long,1976.5025,1976.3,-0.8100000000004002,SL Hit,1976.3,4,77.67000000001258,80.0,-3.9125000000001364,2.8975000000000364
2023-10-20 04:40:00,2023-10-20 05:15:00,Short,1976.61,1977.45,-1.680000000000291,SL Hit,1977.45,2,75.99000000001229,35.0,1.3500000000001364,-0.6899999999998272
2023-10-20 11:35:00,2023-10-20 12:45:00,Short,1979.895,1979.63,0.5299999999997453,SL Hit,1979.63,2,76.52000000001203,70.0,2.894999999999982,-6.345000000000027
2023-10-20 15:55:00,2023-10-20 19:05:00,Short,1983.8559999999998,1981.12,13.679999999999382,SL Hit,1981.12,5,90.20000000001141,190.0,9.084000000000287,-9.165999999999713
2023-10-20 19:10:00,2023-10-20 19:30:00,Long,1980.91,1980.7900000000002,-0.11999999999989086,SL Hit,1980.7900000000002,1,90.08000000001152,20.0,-0.6100000000001273,1.1299999999998818
2023-10-22 23:30:00,2023-10-23 01:35:00,Short,1971.4800000000002,1967.41,12.210000000000491,SL Hit,1967.41,3,102.29000000001201,125.0,4.4699999999998,-6.960000000000264
2023-10-23 06:05:00,2023-10-23 06:40:00,Long,1975.95,1975.8300000000002,-0.11999999999989086,SL Hit,1975.8300000000002,1,102.17000000001212,35.0,-0.7799999999999727,1.3899999999998727
2023-10-23 07:15:00,2023-10-23 07:30:00,Short,1975.69,1978.3300000000004,-2.6400000000003274,SL Hit,1978.3300000000004,1,99.5300000000118,15.0,2.8099999999999454,-0.6600000000000819
2023-10-23 08:45:00,2023-10-23 08:50:00,Long,1981.23,1980.9900000000002,-0.23999999999978172,SL Hit,1980.9900000000002,1,99.29000000001201,5.0,-0.7300000000000182,0.599999999999909
2023-10-23 09:00:00,2023-10-23 09:35:00,Long,1981.63,1980.16,-2.9400000000000546,SL Hit,1980.16,2,96.35000000001196,35.0,-1.9100000000000819,1.0699999999999363
2023-10-23 15:35:00,2023-10-23 16:30:00,Short,1976.95,1978.67,-3.4400000000000546,SL Hit,1978.67,2,92.9100000000119,55.0,2.0499999999999545,-4.0499999999999545
2023-10-23 16:40:00,2023-10-23 16:50:00,Long,1977.12,1976.3600000000006,-0.7599999999993088,SL Hit,1976.3600000000006,1,92.1500000000126,10.0,-1.4699999999998,0.7700000000002092
2023-10-23 18:45:00,2023-10-23 18:50:00,Long,1977.37,1977.37,0.0,SL Hit,1977.37,1,92.1500000000126,5.0,-0.08999999999991815,0.40000000000009095
2023-10-23 22:05:00,2023-10-23 22:10:00,Long,1973.29,1972.8900000000003,-0.3999999999996362,SL Hit,1972.8900000000003,1,91.75000000001296,5.0,-0.8899999999998727,0.37000000000011823
2023-10-23 22:40:00,2023-10-23 22:45:00,Short,1973.14,1973.3000000000009,-0.16000000000076398,SL Hit,1973.3000000000009,1,91.5900000000122,5.0,0.16999999999984539,-0.09000000000014552
2023-10-23 23:25:00,2023-10-23 23:30:00,Long,1973.35,1973.35,0.0,SL Hit,1973.35,1,91.5900000000122,5.0,-0.8899999999998727,0.22000000000002728
2023-10-23 23:35:00,2023-10-23 23:40:00,Long,1972.34,1968.18,-4.1599999999998545,SL Hit,1968.18,1,87.43000000001234,5.0,-1.0399999999999636,0.19000000000005457
2023-10-23 23:40:00,2023-10-23 23:55:00,Short,1972.53,1976.6499999999999,-4.119999999999891,SL Hit,1976.6499999999999,1,83.31000000001245,15.0,1.0499999999999545,-1.0299999999999727
2023-10-23 23:55:00,2023-10-24 00:35:00,Long,1974.08,1973.3,-1.5599999999999454,SL Hit,1973.3,2,81.7500000000125,40.0,-0.9900000000000091,1.6600000000000819
2023-10-24 00:45:00,2023-10-24 02:10:00,Short,1975.5566666666666,1977.26,-5.110000000000127,SL Hit,1977.26,3,76.64000000001238,85.0,2.923333333333403,-3.1366666666665424
2023-10-24 04:10:00,2023-10-24 05:55:00,Short,1975.8400000000001,1976.39,-1.6499999999998636,SL Hit,1976.39,3,74.99000000001251,105.0,1.4899999999997817,-1.1200000000001182
2023-10-24 06:00:00,2023-10-24 07:25:00,Long,1976.385,1975.8,-1.1700000000000728,SL Hit,1975.8,2,73.82000000001244,85.0,-1.1849999999999454,2.605000000000018
2023-10-24 07:50:00,2023-10-24 11:45:00,Short,1969.0483333333334,1962.65,38.38999999999987,SL Hit,1962.65,6,112.21000000001231,235.0,7.061666666666497,-15.148333333333312
2023-10-24 13:30:00,2023-10-24 14:25:00,Short,1963.5700000000002,1965.5,-3.8599999999996726,SL Hit,1965.5,2,108.35000000001264,55.0,1.949999999999818,-3.7500000000002274
2023-10-24 15:10:00,2023-10-24 15:40:00,Short,1962.22,1965.6600000000005,-3.4400000000005093,SL Hit,1965.6600000000005,1,104.91000000001213,30.0,3.6700000000000728,-0.8600000000001273
2023-10-24 15:45:00,2023-10-24 18:25:00,Long,1970.165,1973.3,6.269999999999982,SL Hit,1973.3,2,111.18000000001211,160.0,-4.7849999999998545,7.315000000000055
2023-10-24 18:30:00,2023-10-24 20:15:00,Short,1972.8933333333334,1972.71,0.5500000000001819,SL Hit,1972.71,3,111.7300000000123,105.0,1.3866666666665424,-2.3933333333334303
2023-10-24 23:00:00,2023-10-24 23:25:00,Long,1970.525,1970.29,-0.47000000000025466,SL Hit,1970.29,2,111.26000000001204,25.0,-0.3250000000000455,0.5149999999998727
2023-10-25 01:05:00,2023-10-25 01:10:00,Long,1973.96,1973.96,0.0,SL Hit,1973.96,1,111.26000000001204,5.0,-0.4600000000000364,1.2200000000000273
2023-10-25 03:20:00,2023-10-25 04:25:00,Short,1972.875,1974.06,-2.369999999999891,SL Hit,1974.06,2,108.89000000001215,65.0,1.365000000000009,-2.025000000000091
2023-10-25 04:35:00,2023-10-25 04:40:00,Long,1974.11,1973.7100000000003,-0.3999999999996362,SL Hit,1973.7100000000003,1,108.49000000001251,5.0,-1.1099999999999,0.09000000000014552
2023-10-25 05:00:00,2023-10-25 05:50:00,Short,1972.415,1972.89,-0.9500000000002728,SL Hit,1972.89,2,107.54000000001224,50.0,0.8550000000000182,-1.5249999999998636
2023-10-25 06:00:00,2023-10-25 06:55:00,Long,1972.77,1971.0899999999997,-1.680000000000291,SL Hit,1971.0899999999997,1,105.86000000001195,55.0,-1.3299999999999272,3.130000000000109
2023-10-25 06:55:00,2023-10-25 08:15:00,Short,1971.8033333333333,1971.56,0.7300000000000182,SL Hit,1971.56,3,106.59000000001197,80.0,1.2366666666666788,-3.433333333333394
2023-10-25 08:20:00,2023-10-25 09:00:00,Long,1970.64,1970.6000000000001,-0.03999999999996362,SL Hit,1970.6000000000001,1,106.550000000012,40.0,-0.6400000000001,3.979999999999791
2023-10-25 09:35:00,2023-10-25 10:15:00,Short,1971.23,1971.76,-1.0599999999999454,SL Hit,1971.76,2,105.49000000001206,40.0,0.8799999999998818,-1.8099999999999454
2023-10-25 11:20:00,2023-10-25 12:25:00,Long,1974.1366666666665,1973.95,-0.5599999999994907,SL Hit,1973.95,3,104.93000000001257,65.0,-1.5866666666665878,2.3933333333334303
2023-10-25 13:10:00,2023-10-25 13:20:00,Long,1976.21,1976.17,-0.03999999999996362,SL Hit,1976.17,1,104.8900000000126,10.0,-0.6100000000001273,2.009999999999991
2023-10-25 16:30:00,2023-10-25 22:15:00,Short,1982.1575,1982.47,-1.25,SL Hit,1982.47,4,103.6400000000126,345.0,3.0625,-5.517499999999927
2023-10-26 02:10:00,2023-10-26 02:40:00,Long,1985.72,1984.83,-1.7800000000002,SL Hit,1984.83,2,101.8600000000124,30.0,-1.2300000000000182,0.8099999999999454
2023-10-26 04:50:00,2023-10-26 05:55:00,Long,1987.5500000000002,1985.61,-3.880000000000564,SL Hit,1985.61,2,97.98000000001184,65.0,-2.3600000000001273,1.8699999999998909
2023-10-26 06:00:00,2023-10-26 06:45:00,Short,1985.35,1986.46,-2.2200000000002547,SL Hit,1986.46,2,95.76000000001159,45.0,1.3200000000001637,-1.25
2023-10-26 07:15:00,2023-10-26 07:20:00,Long,1987.05,1986.97,-0.07999999999992724,SL Hit,1986.97,1,95.68000000001166,5.0,-0.6399999999998727,0.40000000000009095
2023-10-26 07:35:00,2023-10-26 09:20:00,Long,1988.17,1988.75,1.1599999999998545,SL Hit,1988.75,2,96.84000000001151,105.0,-1.1600000000000819,5.029999999999973
2023-10-26 14:15:00,2023-10-26 15:05:00,Short,1977.6100000000001,1980.09,-4.959999999999582,SL Hit,1980.09,2,91.88000000001193,50.0,3.229999999999791,-5.510000000000218
2023-10-26 19:00:00,2023-10-26 19:05:00,Long,1986.1,1986.1,0.0,SL Hit,1986.1,1,91.88000000001193,5.0,-0.009999999999990905,0.7200000000000273
2023-10-27 00:00:00,2023-10-27 00:45:00,Short,1983.6399999999999,1984.0,-0.7200000000002547,SL Hit,1984.0,2,91.16000000001168,45.0,0.9500000000000455,-1.4399999999998272
2023-10-27 01:10:00,2023-10-27 02:55:00,Long,1985.4333333333334,1986.12,2.0599999999994907,SL Hit,1986.12,3,93.22000000001117,105.0,-1.683333333333394,3.2966666666666242
2023-10-27 05:10:00,2023-10-27 05:45:00,Short,1987.645,1987.72,-0.15000000000009095,SL Hit,1987.72,2,93.07000000001108,35.0,0.7450000000001182,-1.5450000000000728
2023-10-27 05:50:00,2023-10-27 06:25:00,Long,1987.41,1986.6899999999998,-0.7200000000002547,SL Hit,1986.6899999999998,1,92.35000000001082,35.0,-0.9700000000000273,2.1699999999998454
2023-10-27 06:30:00,2023-10-27 08:05:00,Long,1986.6525,1986.1,-2.2100000000000364,SL Hit,1986.1,4,90.14000000001079,95.0,-0.9524999999998727,2.3675000000000637
2023-10-27 09:35:00,2023-10-27 11:45:00,Short,1985.2825,1982.44,11.36999999999989,SL Hit,1982.44,4,101.51000000001068,130.0,2.3575000000000728,-5.272500000000036
2023-10-27 14:15:00,2023-10-27 14:25:00,Long,1984.09,1984.09,0.0,SL Hit,1984.09,1,101.51000000001068,10.0,-0.209999999999809,1.3600000000001273
2023-10-27 20:45:00,2023-10-29 18:05:00,Short,2005.47,2007.43,-1.9600000000000364,SL Hit,2007.43,1,99.55000000001064,2720.0,2.6299999999998818,-1.3700000000001182
2023-10-30 02:55:00,2023-10-30 04:55:00,Short,2002.25,2001.75,2.0,SL Hit,2001.75,4,101.55000000001064,120.0,1.1400000000001,-2.119999999999891
2023-10-30 05:00:00,2023-10-30 05:05:00,Long,2001.22,2000.8199999999995,-0.4000000000005457,SL Hit,2000.8199999999995,1,101.1500000000101,5.0,-0.6200000000001182,0.4900000000000091
2023-10-30 06:15:00,2023-10-30 09:15:00,Short,1997.0100000000002,1994.64,9.480000000000473,SL Hit,1994.64,4,110.63000000001057,180.0,2.3499999999996817,-6.100000000000136
2023-10-30 10:40:00,2023-10-30 11:45:00,Short,1994.99,1994.9,0.1799999999998363,SL Hit,1994.9,2,110.8100000000104,65.0,1.4500000000000455,-2.3299999999999272
2023-10-30 11:50:00,2023-10-30 12:00:00,Long,1994.72,1994.72,0.0,SL Hit,1994.72,1,110.8100000000104,10.0,-0.6100000000001273,0.7999999999999545
2023-10-30 17:10:00,2023-10-30 18:15:00,Short,1998.415,1999.67,-2.5100000000002183,SL Hit,1999.67,2,108.30000000001019,65.0,1.3150000000000546,-3.5750000000000455
2023-10-30 18:40:00,2023-10-30 20:50:00,Short,1996.575,1996.44,0.5399999999999636,SL Hit,1996.44,4,108.84000000001015,130.0,2.0049999999998818,-2.5750000000000455
2023-10-30 22:30:00,2023-10-30 23:35:00,Short,1995.21,1995.09,0.24000000000023647,SL Hit,1995.09,2,109.08000000001039,65.0,0.6199999999998909,-1.3099999999999454
2023-10-31 00:20:00,2023-10-31 01:35:00,Long,1995.5774999999999,1995.3,-1.1099999999996726,SL Hit,1995.3,4,107.97000000001071,75.0,-1.1774999999997817,1.6325000000001637
2023-10-31 01:40:00,2023-10-31 04:50:00,Short,1994.5,1992.58,9.600000000000364,SL Hit,1992.58,5,117.57000000001108,190.0,2.5399999999999636,-4.0
2023-10-31 10:25:00,2023-10-31 11:20:00,Long,1998.1533333333334,1998.3,0.4399999999995998,SL Hit,1998.3,3,118.01000000001068,55.0,-1.1133333333334576,1.7366666666666788
2023-10-31 11:50:00,2023-10-31 12:30:00,Long,1999.745,1998.6,-2.2899999999999636,SL Hit,1998.6,2,115.72000000001071,40.0,-2.324999999999818,1.5150000000001
2023-10-31 14:55:00,2023-10-31 18:55:00,Short,1992.755,1984.8,31.82000000000062,SL Hit,1984.8,4,147.54000000001133,240.0,8.114999999999782,-12.815000000000055
2023-10-31 19:00:00,2023-10-31 19:40:00,Long,1985.2350000000001,1984.83,-0.8100000000004002,SL Hit,1984.83,2,146.73000000001093,40.0,-1.0050000000001091,1.3049999999998363
2023-10-31 19:45:00,2023-10-31 22:05:00,Short,1984.3700000000001,1983.99,1.5200000000004366,SL Hit,1983.99,4,148.25000000001137,140.0,1.0299999999999727,-1.5700000000001637
2023-10-31 23:25:00,2023-11-01 02:05:00,Short,1982.0233333333333,1980.65,8.239999999999327,SL Hit,1980.65,6,156.4900000000107,160.0,2.6666666666667425,-4.523333333333312
2023-11-01 03:20:00,2023-11-01 03:45:00,Short,1978.455,1978.68,-0.45000000000027285,SL Hit,1978.68,2,156.04000000001042,25.0,0.3650000000000091,-0.6949999999999363
2023-11-01 05:40:00,2023-11-01 07:05:00,Long,1979.0900000000001,1979.4,0.6199999999998909,SL Hit,1979.4,2,156.6600000000103,85.0,-1.4800000000002456,1.8199999999999363
2023-11-01 07:15:00,2023-11-01 08:40:00,Short,1978.895,1979.43,-1.0700000000001637,SL Hit,1979.43,2,155.59000000001015,85.0,1.0850000000000364,-2.115000000000009
2023-11-01 11:10:00,2023-11-01 11:15:00,Long,1983.45,1983.0099999999995,-0.4400000000005093,SL Hit,1983.0099999999995,1,155.15000000000964,5.0,-0.6400000000001,0.20000000000004547
2023-11-01 11:50:00,2023-11-01 11:55:00,Long,1983.77,1983.4900000000002,-0.27999999999974534,SL Hit,1983.4900000000002,1,154.8700000000099,5.0,-0.6600000000000819,0.5
2023-11-01 13:25:00,2023-11-01 14:00:00,Short,1984.92,1990.2800000000007,-5.360000000000582,SL Hit,1990.2800000000007,1,149.5100000000093,35.0,6.069999999999936,-3.550000000000182
2023-11-01 15:20:00,2023-11-01 17:30:00,Short,1980.6499999999999,1979.21,4.319999999999482,SL Hit,1979.21,3,153.8300000000088,130.0,4.860000000000127,-6.169999999999845
2023-11-01 17:35:00,2023-11-01 18:35:00,Long,1977.47,1977.47,0.0,SL Hit,1977.47,1,153.8300000000088,60.0,-0.5099999999999909,4.7999999999999545
2023-11-01 18:40:00,2023-11-01 20:40:00,Short,1978.5500000000002,1978.96,-1.2299999999995634,SL Hit,1978.96,3,152.60000000000923,120.0,3.439999999999827,-8.470000000000255
2023-11-01 22:30:00,2023-11-01 22:35:00,Long,1983.13,1983.13,0.0,SL Hit,1983.13,1,152.60000000000923,5.0,-1.0300000000002,0.33999999999991815
2023-11-01 22:50:00,2023-11-01 23:00:00,Long,1983.25,1983.17,-0.07999999999992724,SL Hit,1983.17,1,152.5200000000093,10.0,-0.15000000000009095,1.0599999999999454
2023-11-01 23:40:00,2023-11-02 00:00:00,Short,1983.96,1985.1999999999998,-1.2399999999997817,SL Hit,1985.1999999999998,1,151.28000000000952,20.0,1.7699999999999818,-0.5499999999999545
2023-11-02 00:45:00,2023-11-02 01:00:00,Short,1984.31,1985.0700000000002,-0.7600000000002183,SL Hit,1985.0700000000002,1,150.5200000000093,15.0,0.8800000000001091,-0.36999999999989086
2023-11-02 01:10:00,2023-11-02 02:00:00,Long,1986.115,1986.08,-0.07000000000016371,SL Hit,1986.08,2,150.45000000000914,50.0,-0.525000000000091,1.724999999999909
2023-11-02 07:00:00,2023-11-02 07:10:00,Long,1985.61,1984.8100000000006,-0.7999999999992724,SL Hit,1984.8100000000006,1,149.65000000000987,10.0,-1.0699999999999363,0.040000000000190994
2023-11-02 09:15:00,2023-11-02 10:05:00,Long,1988.585,1986.6,-3.9700000000002547,SL Hit,1986.6,2,145.6800000000096,50.0,-2.0650000000000546,0.8849999999999909
2023-11-02 10:15:00,2023-11-02 10:50:00,Short,1986.97,1991.4900000000005,-4.520000000000437,SL Hit,1991.4900000000005,1,141.16000000000918,35.0,2.3999999999998636,-1.1300000000001091
2023-11-02 10:50:00,2023-11-02 10:55:00,Long,1988.59,1987.9100000000005,-0.6799999999993815,SL Hit,1987.9100000000005,1,140.4800000000098,5.0,-1.0899999999999181,0.7799999999999727
2023-11-02 14:00:00,2023-11-02 14:40:00,Short,1983.0633333333333,1983.95,-2.6600000000003092,SL Hit,1983.95,3,137.8200000000095,40.0,1.6566666666667516,-2.163333333333185
2023-11-02 15:30:00,2023-11-02 16:35:00,Short,1980.7233333333334,1982.3,-4.729999999999791,SL Hit,1982.3,3,133.0900000000097,65.0,2.5366666666666333,-1.8233333333332666
2023-11-02 19:05:00,2023-11-02 19:20:00,Long,1985.9,1984.9,-1.0,SL Hit,1984.9,1,132.0900000000097,15.0,-1.5,0.3999999999998636
2023-11-02 20:55:00,2023-11-02 22:20:00,Long,1985.58,1985.4,-0.3599999999996726,SL Hit,1985.4,2,131.73000000001002,85.0,-0.5799999999999272,0.8200000000001637
2023-11-02 22:40:00,2023-11-02 23:45:00,Short,1984.71,1984.81,-0.29999999999972715,SL Hit,1984.81,3,131.4300000000103,65.0,0.5199999999999818,-1.009999999999991
2023-11-03 01:05:00,2023-11-03 02:30:00,Short,1985.135,1985.41,-0.5500000000001819,SL Hit,1985.41,2,130.8800000000101,85.0,1.474999999999909,-2.634999999999991
2023-11-03 04:05:00,2023-11-03 04:10:00,Short,1986.39,1990.3500000000001,-3.9600000000000364,SL Hit,1990.3500000000001,1,126.92000000001008,5.0,0.1999999999998181,-0.9900000000000091
2023-11-03 04:10:00,2023-11-03 05:25:00,Long,1986.045,1985.0,-2.0900000000001455,SL Hit,1985.0,2,124.83000000000993,75.0,-1.1449999999999818,0.625
2023-11-03 05:55:00,2023-11-03 06:00:00,Long,1986.67,1986.67,0.0,SL Hit,1986.67,1,124.83000000000993,5.0,-0.8700000000001182,0.5699999999999363
2023-11-03 06:20:00,2023-11-03 06:40:00,Short,1987.25,1987.47,-0.44000000000005457,SL Hit,1987.47,2,124.39000000000988,20.0,0.22000000000002728,-1.0499999999999545
2023-11-03 07:15:00,2023-11-03 07:25:00,Long,1988.03,1988.03,0.0,SL Hit,1988.03,1,124.39000000000988,10.0,-0.5,0.9600000000000364
2023-11-03 07:30:00,2023-11-03 07:45:00,Long,1988.015,1986.6,-2.830000000000382,SL Hit,1986.6,2,121.5600000000095,15.0,-1.9950000000001182,0.4249999999999545
2023-11-03 07:50:00,2023-11-03 08:50:00,Short,1987.345,1988.36,-2.0299999999997453,SL Hit,1988.36,2,119.53000000000975,60.0,1.5450000000000728,-1.0950000000000273
2023-11-03 10:00:00,2023-11-03 10:10:00,Long,1989.05,1988.09,-0.9600000000000364,SL Hit,1988.09,1,118.57000000000971,10.0,-0.75,0.5599999999999454
2023-11-03 10:10:00,2023-11-03 11:50:00,Short,1988.2366666666667,1988.09,0.44000000000028194,SL Hit,1988.09,3,119.01000000001,100.0,1.3433333333332484,-1.9366666666667243
2023-11-03 11:55:00,2023-11-03 12:00:00,Long,1987.74,1987.74,0.0,SL Hit,1987.74,1,119.01000000001,5.0,-0.2899999999999636,0.36999999999989086
2023-11-03 12:30:00,2023-11-03 13:20:00,Long,1996.1550000000002,1995.82,-0.6700000000005275,SL Hit,1995.82,2,118.34000000000947,50.0,-5.945000000000164,7.744999999999891
2023-11-06 00:25:00,2023-11-06 02:10:00,Long,1990.8700000000001,1991.47,1.7999999999997272,SL Hit,1991.47,3,120.1400000000092,105.0,-2.2200000000000273,2.1399999999998727
2023-11-06 02:30:00,2023-11-06 05:10:00,Short,1985.932,1983.97,9.809999999999945,SL Hit,1983.97,5,129.95000000000914,160.0,5.038000000000011,-3.6720000000000255
2023-11-06 05:20:00,2023-11-06 05:25:00,Long,1983.16,1981.7199999999996,-1.4400000000005093,SL Hit,1981.7199999999996,1,128.51000000000863,5.0,-0.36000000000012733,0.8699999999998909
2023-11-06 05:25:00,2023-11-06 05:45:00,Short,1983.2800000000002,1984.03,-1.4999999999995453,SL Hit,1984.03,2,127.01000000000909,20.0,1.6799999999998363,-1.7800000000002
2023-11-06 06:40:00,2023-11-06 06:45:00,Long,1984.77,1984.0099999999998,-0.7600000000002183,SL Hit,1984.0099999999998,1,126.25000000000887,5.0,-0.8599999999999,0.21000000000003638
2023-11-06 07:35:00,2023-11-06 07:50:00,Short,1983.76,1984.64,-0.8800000000001091,SL Hit,1984.64,1,125.37000000000876,15.0,0.8900000000001,-0.2999999999999545
2023-11-06 07:55:00,2023-11-06 08:00:00,Long,1983.39,1983.39,0.0,SL Hit,1983.39,1,125.37000000000876,5.0,-0.5099999999999909,1.2799999999999727
2023-11-06 08:55:00,2023-11-06 10:00:00,Short,1986.3066666666666,1987.05,-2.230000000000018,SL Hit,1987.05,3,123.14000000000874,65.0,0.8733333333334485,-1.3066666666666151
2023-11-06 10:05:00,2023-11-06 10:45:00,Long,1987.47,1986.81,-1.3200000000001637,SL Hit,1986.81,2,121.82000000000858,40.0,-1.2799999999999727,0.7300000000000182
2023-11-06 11:55:00,2023-11-06 12:10:00,Long,1987.46,1986.5,-1.9200000000000728,SL Hit,1986.5,2,119.9000000000085,15.0,-1.1700000000000728,0.5299999999999727
2023-11-06 14:50:00,2023-11-06 16:55:00,Short,1983.9199999999998,1982.94,3.9199999999991633,SL Hit,1982.94,4,123.82000000000767,125.0,1.6800000000000637,-3.7799999999997453
2023-11-06 19:05:00,2023-11-07 05:40:00,Short,1976.4046666666666,1973.2,48.06999999999789,SL Hit,1973.2,15,171.89000000000556,635.0,4.2053333333333285,-5.4046666666665715
2023-11-07 08:50:00,2023-11-07 10:30:00,Short,1967.2133333333331,1967.29,-0.23000000000047294,SL Hit,1967.29,3,171.66000000000508,100.0,1.5366666666668607,-3.013333333333094
2023-11-07 13:25:00,2023-11-07 14:30:00,Long,1962.1950000000002,1964.37,4.349999999999454,SL Hit,1964.37,2,176.01000000000454,65.0,-4.355000000000246,4.954999999999927
2023-11-07 17:25:00,2023-11-07 18:45:00,Short,1963.46,1968.3400000000001,-4.880000000000109,SL Hit,1968.3400000000001,1,171.13000000000443,80.0,6.0,-2.3600000000001273
2023-11-07 22:00:00,2023-11-07 23:10:00,Long,1968.955,1968.0,-1.9099999999998545,SL Hit,1968.0,2,169.22000000000457,70.0,-0.9549999999999272,0.25500000000010914
2023-11-07 23:30:00,2023-11-07 23:50:00,Short,1968.46,1971.9000000000005,-3.4400000000005093,SL Hit,1971.9000000000005,1,165.78000000000407,20.0,0.6700000000000728,-0.8600000000001273
2023-11-07 23:50:00,2023-11-08 00:40:00,Long,1968.8799999999999,1968.8,-0.23999999999978172,SL Hit,1968.8,3,165.54000000000428,50.0,-1.1799999999998363,1.0800000000001546
2023-11-08 04:35:00,2023-11-08 05:00:00,Short,1967.135,1967.77,-1.2699999999999818,SL Hit,1967.77,2,164.2700000000043,25.0,0.724999999999909,-0.5350000000000819
2023-11-08 05:25:00,2023-11-08 08:05:00,Short,1967.5775,1968.45,-3.4899999999997817,SL Hit,1968.45,4,160.78000000000452,160.0,1.3724999999999454,-2.977500000000191
2023-11-08 08:10:00,2023-11-08 08:15:00,Long,1968.07,1964.3900000000006,-3.6799999999993815,SL Hit,1964.3900000000006,1,157.10000000000514,5.0,-0.9600000000000364,0.6100000000001273
2023-11-08 08:15:00,2023-11-08 12:40:00,Short,1965.7849999999999,1963.54,8.979999999999563,SL Hit,1963.54,4,166.0800000000047,265.0,2.8750000000002274,-6.064999999999827
2023-11-08 14:50:00,2023-11-08 16:15:00,Short,1957.71,1956.43,2.5599999999999454,SL Hit,1956.43,2,168.64000000000465,85.0,4.210000000000036,-6.710000000000036
2023-11-08 17:45:00,2023-11-08 20:50:00,Short,1952.39,1949.57,14.100000000000819,SL Hit,1949.57,5,182.74000000000547,185.0,1.990000000000009,-5.5900000000001455
2023-11-08 23:45:00,2023-11-08 23:50:00,Short,1950.37,1951.37,-1.0,SL Hit,1951.37,1,181.74000000000547,5.0,0.16000000000008185,-0.25
2023-11-08 23:50:00,2023-11-09 00:10:00,Long,1950.19,1949.9500000000003,-0.23999999999978172,SL Hit,1949.9500000000003,1,181.50000000000568,20.0,-0.2999999999999545,0.7200000000000273
2023-11-09 04:25:00,2023-11-09 04:30:00,Long,1948.7,1945.5000000000002,-3.199999999999818,SL Hit,1945.5000000000002,1,178.30000000000587,5.0,-0.7999999999999545,1.0499999999999545
2023-11-09 04:30:00,2023-11-09 05:45:00,Short,1949.1274999999998,1949.3,-0.6900000000005093,SL Hit,1949.3,4,177.61000000000536,75.0,0.6225000000001728,-1.1274999999998272
2023-11-09 05:50:00,2023-11-09 07:50:00,Long,1949.6625,1949.44,-0.8899999999994179,SL Hit,1949.44,4,176.72000000000594,120.0,-1.162499999999909,0.7675000000001546
2023-11-09 10:25:00,2023-11-09 10:40:00,Short,1946.02,1949.1,-3.0799999999999272,SL Hit,1949.1,1,173.640000000006,15.0,1.599999999999909,-0.7699999999999818
2023-11-09 10:40:00,2023-11-09 11:00:00,Long,1946.87,1946.67,-0.1999999999998181,SL Hit,1946.67,1,173.4400000000062,20.0,-0.30999999999994543,1.5200000000002092
2023-11-09 12:45:00,2023-11-09 13:25:00,Short,1946.72,1950.0399999999997,-3.319999999999709,SL Hit,1950.0399999999997,1,170.12000000000648,40.0,1.9700000000000273,-2.1200000000001182
2023-11-09 13:25:00,2023-11-09 13:30:00,Long,1947.18,1947.18,0.0,SL Hit,1947.18,1,170.12000000000648,5.0,-2.480000000000018,1.1799999999998363
2023-11-09 15:40:00,2023-11-09 16:55:00,Long,1961.565,1960.5,-2.130000000000109,SL Hit,1960.5,2,167.99000000000638,75.0,-1.615000000000009,3.1749999999999545
2023-11-09 21:15:00,2023-11-09 21:25:00,Long,1957.81,1957.1700000000005,-0.6399999999994179,SL Hit,1957.1700000000005,1,167.35000000000696,10.0,-0.7100000000000364,0.41000000000008185
2023-11-09 21:50:00,2023-11-09 23:00:00,Long,1958.23,1957.8700000000003,-0.3599999999996726,SL Hit,1957.8700000000003,1,166.99000000000729,70.0,-0.8299999999999272,0.22000000000002728
2023-11-09 23:05:00,2023-11-10 00:35:00,Long,1958.9366666666665,1958.53,-1.2199999999995725,SL Hit,1958.53,3,165.7700000000077,90.0,-1.536666666666406,1.173333333333403
2023-11-10 01:05:00,2023-11-10 01:30:00,Long,1959.915,1958.5,-2.8299999999999272,SL Hit,1958.5,2,162.94000000000779,25.0,-1.7149999999999181,0.8150000000000546
2023-11-10 01:35:00,2023-11-10 02:55:00,Short,1958.6833333333334,1958.16,1.5699999999999363,SL Hit,1958.16,3,164.51000000000772,80.0,1.2466666666666697,-2.583333333333485
2023-11-10 03:35:00,2023-11-10 04:00:00,Long,1959.8499999999997,1959.1,-2.249999999999318,SL Hit,1959.1,3,162.2600000000084,25.0,-0.8399999999996908,0.5700000000003911
2023-11-10 05:45:00,2023-11-10 06:25:00,Short,1957.01,1957.56,-1.099999999999909,SL Hit,1957.56,2,161.1600000000085,40.0,0.849999999999909,-1.2699999999999818
2023-11-10 06:40:00,2023-11-10 07:00:00,Long,1957.13,1956.66,-0.9400000000000546,SL Hit,1956.66,2,160.22000000000844,20.0,-1.1300000000001091,0.35999999999989996
2023-11-10 09:00:00,2023-11-10 09:45:00,Short,1954.395,1954.67,-0.5500000000001819,SL Hit,1954.67,2,159.67000000000826,45.0,0.8050000000000637,-1.1949999999999363
2023-11-10 12:20:00,2023-11-10 12:25:00,Long,1947.97,1947.3699999999997,-0.6000000000003638,SL Hit,1947.3699999999997,1,159.0700000000079,5.0,-1.0899999999999181,0.22000000000002728
2023-11-10 13:30:00,2023-11-10 14:05:00,Short,1945.9,1947.26,-2.7199999999998,SL Hit,1947.26,2,156.3500000000081,35.0,1.3599999999999,-1.6200000000001182
2023-11-10 14:45:00,2023-11-10 15:10:00,Short,1944.4,1946.0400000000004,-1.6400000000003274,SL Hit,1946.0400000000004,1,154.71000000000777,25.0,1.6599999999998545,-3.2200000000000273
2023-11-10 17:30:00,2023-11-10 20:55:00,Short,1936.6299999999999,1935.83,4.799999999999727,SL Hit,1935.83,6,159.5100000000075,205.0,2.5000000000002274,-3.6299999999998818
2023-11-13 01:05:00,2023-11-13 01:40:00,Short,1939.275,1940.31,-2.069999999999709,SL Hit,1940.31,2,157.44000000000779,35.0,1.365000000000009,-1.875
2023-11-13 04:10:00,2023-11-13 05:20:00,Short,1935.16,1936.5200000000007,-1.360000000000582,SL Hit,1936.5200000000007,1,156.0800000000072,70.0,2.1099999999999,-1.259999999999991
2023-11-13 06:45:00,2023-11-13 06:55:00,Long,1939.34,1937.9800000000002,-1.3599999999996726,SL Hit,1937.9800000000002,1,154.72000000000753,10.0,-1.1399999999998727,0.5500000000001819
2023-11-13 06:55:00,2023-11-13 09:25:00,Short,1938.3475,1937.4,3.7899999999999636,SL Hit,1937.4,4,158.5100000000075,150.0,2.832499999999982,-2.3675000000000637
2023-11-13 10:35:00,2023-11-13 13:30:00,Short,1937.4360000000001,1936.5,4.680000000000746,SL Hit,1936.5,5,163.19000000000824,175.0,2.153999999999769,-3.0660000000002583
2023-11-13 14:15:00,2023-11-13 15:05:00,Short,1934.695,1935.78,-2.1700000000000728,SL Hit,1935.78,2,161.02000000000817,50.0,1.2250000000001364,-2.4049999999999727
2023-11-13 18:55:00,2023-11-13 19:15:00,Long,1946.93,1946.93,0.0,SL Hit,1946.93,1,161.02000000000817,20.0,-1.3300000000001546,0.8999999999998636
2023-11-13 19:45:00,2023-11-13 23:00:00,Short,1946.1200000000001,1946.37,-0.7499999999993179,SL Hit,1946.37,3,160.27000000000885,195.0,0.4199999999998454,-1.2200000000000273
2023-11-13 23:05:00,2023-11-13 23:40:00,Long,1946.1,1945.1,-2.0,SL Hit,1945.1,2,158.27000000000885,35.0,-1.2999999999999545,0.38000000000010914
2023-11-14 00:05:00,2023-11-14 00:20:00,Long,1946.3,1946.3,0.0,SL Hit,1946.3,1,158.27000000000885,15.0,-0.20000000000004547,0.75
2023-11-14 01:50:00,2023-11-14 02:45:00,Short,1945.385,1946.39,-2.0100000000002183,SL Hit,1946.39,2,156.26000000000863,55.0,1.1649999999999636,-1.1849999999999454
2023-11-14 03:55:00,2023-11-14 04:25:00,Short,1944.74,1945.08,-0.6799999999998363,SL Hit,1945.08,2,155.5800000000088,30.0,0.599999999999909,-1.240000000000009
2023-11-14 04:30:00,2023-11-14 05:05:00,Long,1944.875,1943.5,-2.75,SL Hit,1943.5,2,152.8300000000088,35.0,-1.474999999999909,0.5650000000000546
2023-11-14 05:10:00,2023-11-14 06:15:00,Short,1944.545,1945.15,-1.2100000000000364,SL Hit,1945.15,2,151.62000000000876,65.0,1.134999999999991,-1.4450000000001637
2023-11-14 06:45:00,2023-11-14 07:05:00,Short,1944.52,1945.7199999999998,-1.199999999999818,SL Hit,1945.7199999999998,1,150.42000000000894,20.0,1.5199999999999818,-0.2999999999999545
2023-11-14 07:15:00,2023-11-14 07:35:00,Long,1945.73,1945.3700000000003,-0.3599999999996726,SL Hit,1945.3700000000003,1,150.06000000000927,20.0,-0.38000000000010914,0.6600000000000819
2023-11-14 09:00:00,2023-11-14 10:55:00,Long,1946.7966666666669,1946.43,-1.1000000000003638,SL Hit,1946.43,3,148.9600000000089,115.0,-1.4566666666669335,1.3133333333330484
2023-11-14 11:00:00,2023-11-14 13:15:00,Short,1945.9679999999996,1946.17,-1.0100000000022646,SL Hit,1946.17,5,147.95000000000664,135.0,1.1120000000003074,-1.6579999999996744
2023-11-14 14:15:00,2023-11-14 15:50:00,Long,1965.0900000000001,1965.25,0.47999999999956344,SL Hit,1965.25,3,148.4300000000062,95.0,-6.850000000000136,4.669999999999845
2023-11-14 20:40:00,2023-11-14 20:45:00,Long,1964.09,1963.8500000000001,-0.23999999999978172,SL Hit,1963.8500000000001,1,148.19000000000642,5.0,-0.8299999999999272,0.3100000000001728
2023-11-14 21:30:00,2023-11-15 00:50:00,Short,1962.57,1962.63,-0.24000000000069122,SL Hit,1962.63,4,147.95000000000573,200.0,0.5299999999999727,-1.7699999999999818
2023-11-15 01:50:00,2023-11-15 04:55:00,Long,1964.8533333333335,1966.63,10.659999999999854,SL Hit,1966.63,6,158.61000000000558,185.0,-2.4033333333334213,3.016666666666424
2023-11-15 05:00:00,2023-11-15 06:05:00,Short,1967.1,1967.47,-0.7400000000002365,SL Hit,1967.47,2,157.87000000000535,65.0,0.43000000000006366,-1.2999999999999545
2023-11-15 12:15:00,2023-11-15 13:00:00,Short,1971.426666666667,1971.95,-1.5699999999992542,SL Hit,1971.95,3,156.3000000000061,45.0,1.7333333333331211,-1.2266666666669153
2023-11-15 20:15:00,2023-11-15 20:30:00,Long,1961.905,1961.0,-1.8099999999999454,SL Hit,1961.0,2,154.49000000000615,15.0,-1.6050000000000182,0.25500000000010914
2023-11-15 20:35:00,2023-11-15 23:00:00,Short,1959.9466666666667,1959.48,1.400000000000091,SL Hit,1959.48,3,155.89000000000624,145.0,1.3033333333332848,-1.1466666666667606
2023-11-16 01:10:00,2023-11-16 02:15:00,Short,1958.1933333333334,1958.44,-0.7400000000000091,SL Hit,1958.44,3,155.15000000000623,65.0,1.206666666666706,-1.793333333333294
2023-11-16 04:25:00,2023-11-16 04:30:00,Long,1961.67,1961.67,0.0,SL Hit,1961.67,1,155.15000000000623,5.0,-0.2699999999999818,0.4800000000000182
2023-11-16 05:55:00,2023-11-16 06:05:00,Short,1962.6,1963.7199999999998,-1.1199999999998909,SL Hit,1963.7199999999998,1,154.03000000000634,10.0,1.1600000000000819,-0.2799999999999727
2023-11-16 06:05:00,2023-11-16 07:35:00,Long,1964.79,1965.8,3.0299999999999727,SL Hit,1965.8,3,157.0600000000063,90.0,-1.3999999999998636,2.730000000000018
2023-11-16 08:15:00,2023-11-16 08:25:00,Short,1965.29,1966.5299999999997,-1.2399999999997817,SL Hit,1966.5299999999997,1,155.82000000000653,10.0,1.4700000000000273,-0.4500000000000455
2023-11-16 09:45:00,2023-11-16 11:05:00,Short,1966.0766666666666,1965.74,1.0099999999997635,SL Hit,1965.74,3,156.8300000000063,80.0,1.2133333333333667,-1.676666666666506
2023-11-16 11:45:00,2023-11-16 13:00:00,Short,1964.7733333333333,1964.45,0.9699999999997999,SL Hit,1964.45,3,157.8000000000061,75.0,0.9466666666667152,-2.633333333333212
2023-11-16 13:30:00,2023-11-16 16:45:00,Long,1975.51,1982.1,19.769999999999754,SL Hit,1982.1,3,177.57000000000585,195.0,-9.809999999999945,12.190000000000055
2023-11-16 17:25:00,2023-11-16 17:30:00,Long,1982.44,1982.44,0.0,SL Hit,1982.44,1,177.57000000000585,5.0,-0.9400000000000546,0.9099999999998545
2023-11-16 18:35:00,2023-11-16 18:45:00,Long,1984.71,1983.9099999999999,-0.8000000000001819,SL Hit,1983.9099999999999,1,176.77000000000567,10.0,-0.8700000000001182,0.4600000000000364
2023-11-16 19:05:00,2023-11-16 20:00:00,Short,1983.7849999999999,1983.77,0.02999999999974534,SL Hit,1983.77,2,176.8000000000054,55.0,0.4750000000001364,-0.8249999999998181
2023-11-16 20:05:00,2023-11-16 20:10:00,Long,1983.6,1983.1200000000003,-0.47999999999956344,SL Hit,1983.1200000000003,1,176.32000000000585,5.0,-1.0699999999999363,0.44000000000005457
2023-11-16 21:20:00,2023-11-16 21:50:00,Short,1980.825,1981.14,-0.6300000000001091,SL Hit,1981.14,2,175.69000000000574,30.0,0.3849999999999909,-0.9249999999999545
2023-11-16 23:05:00,2023-11-17 01:30:00,Long,1981.9800000000002,1983.5,9.119999999998527,SL Hit,1983.5,6,184.81000000000427,145.0,-1.8800000000003365,4.769999999999754
2023-11-17 01:45:00,2023-11-17 02:55:00,Short,1983.6233333333332,1984.49,-2.600000000000364,SL Hit,1984.49,3,182.2100000000039,70.0,1.966666666666697,-1.2233333333331302
2023-11-17 03:50:00,2023-11-17 04:20:00,Long,1986.12,1985.1,-2.0399999999999636,SL Hit,1985.1,2,180.17000000000394,30.0,-1.0199999999999818,0.8800000000001091
2023-11-17 04:45:00,2023-11-17 05:00:00,Long,1985.66,1984.7,-0.9600000000000364,SL Hit,1984.7,1,179.2100000000039,15.0,-0.9600000000000364,0.709999999999809
2023-11-17 06:20:00,2023-11-17 07:10:00,Short,1983.78,1983.94,-0.3200000000001637,SL Hit,1983.94,2,178.89000000000374,50.0,0.6800000000000637,-1.3799999999998818
2023-11-17 09:45:00,2023-11-17 11:05:00,Long,1991.6833333333332,1990.57,-3.3399999999996908,SL Hit,1990.57,3,175.55000000000405,80.0,-1.4133333333331848,1.5866666666668152
2023-11-17 11:55:00,2023-11-17 12:30:00,Short,1989.8,1990.5,-1.400000000000091,SL Hit,1990.5,2,174.15000000000396,35.0,0.8300000000001546,-2.1499999999998636
2023-11-17 17:15:00,2023-11-17 17:55:00,Short,1979.9099999999999,1981.0,-2.180000000000291,SL Hit,1981.0,2,171.97000000000367,40.0,1.1900000000000546,-1.2299999999997908
2023-11-17 19:05:00,2023-11-17 20:15:00,Short,1980.9099999999999,1980.3,1.8299999999996999,SL Hit,1980.3,3,173.80000000000337,70.0,0.8900000000001,-2.709999999999809
2023-11-17 20:20:00,2023-11-17 21:05:00,Long,1980.1833333333332,1980.16,-0.06999999999925421,SL Hit,1980.16,3,173.7300000000041,45.0,-1.0833333333332575,0.8366666666668152
2023-11-19 23:55:00,2023-11-20 01:25:00,Short,1975.9,1982.5400000000004,-6.640000000000327,SL Hit,1982.5400000000004,1,167.09000000000378,90.0,6.9699999999998,-2.900000000000091
2023-11-20 06:00:00,2023-11-20 06:20:00,Short,1980.1,1981.08,-1.9600000000000364,SL Hit,1981.08,2,165.13000000000375,20.0,1.0900000000001455,-1.209999999999809
2023-11-20 06:30:00,2023-11-20 06:55:00,Long,1980.52,1980.3200000000002,-0.1999999999998181,SL Hit,1980.3200000000002,1,164.93000000000393,25.0,-0.7300000000000182,1.0399999999999636
2023-11-20 08:20:00,2023-11-20 09:15:00,Short,1977.21,1978.16,-1.900000000000091,SL Hit,1978.16,2,163.03000000000384,55.0,2.2100000000000364,-1.2999999999999545
2023-11-20 11:10:00,2023-11-20 14:45:00,Short,1972.21,1969.59,10.480000000000473,SL Hit,1969.59,4,173.5100000000043,215.0,3.0499999999999545,-6.660000000000082
2023-11-20 15:55:00,2023-11-20 16:00:00,Long,1971.89,1971.89,0.0,SL Hit,1971.89,1,173.5100000000043,5.0,-0.22000000000002728,1.1199999999998909
2023-11-20 16:05:00,2023-11-20 16:35:00,Long,1972.9,1972.9,0.0,SL Hit,1972.9,1,173.5100000000043,30.0,-0.2300000000000182,2.019999999999982
2023-11-20 21:30:00,2023-11-20 21:55:00,Short,1977.23,1977.5499999999997,-0.31999999999970896,SL Hit,1977.5499999999997,1,173.1900000000046,25.0,0.6900000000000546,-0.2300000000000182
2023-11-20 22:00:00,2023-11-20 23:00:00,Long,1977.6,1977.6,0.0,SL Hit,1977.6,1,173.1900000000046,60.0,-0.09999999999990905,0.8400000000001455
2023-11-21 07:10:00,2023-11-21 08:20:00,Long,1992.1133333333335,1991.57,-1.6300000000005639,SL Hit,1991.57,3,171.56000000000404,70.0,-1.2133333333333667,2.0966666666665787
2023-11-21 09:10:00,2023-11-21 10:05:00,Short,1986.2099999999998,1986.73,-1.5600000000006276,SL Hit,1986.73,3,170.0000000000034,55.0,1.1700000000003001,-2.0099999999997635
2023-11-21 10:15:00,2023-11-21 15:20:00,Long,1991.5928571428572,2003.41,82.72000000000048,SL Hit,2003.41,7,252.7200000000039,305.0,-5.89285714285711,15.507142857142753
2023-11-21 15:25:00,2023-11-21 17:55:00,Short,2003.105,2000.86,8.980000000000473,SL Hit,2000.86,4,261.70000000000437,150.0,2.3350000000000364,-4.245000000000118
2023-11-21 18:05:00,2023-11-21 18:10:00,Long,2000.29,2000.29,0.0,SL Hit,2000.29,1,261.70000000000437,5.0,-0.7599999999999909,0.8099999999999454
2023-11-21 19:25:00,2023-11-21 20:10:00,Long,1999.22,1999.23,0.01999999999998181,SL Hit,1999.23,2,261.72000000000435,45.0,-0.8199999999999363,1.259999999999991
2023-11-21 20:30:00,2023-11-21 23:15:00,Short,1998.82,1998.66,0.31999999999970896,SL Hit,1998.66,2,262.04000000000406,165.0,0.6400000000001,-1.6199999999998909
2023-11-22 00:30:00,2023-11-22 01:15:00,Short,1997.685,1998.17,-0.9700000000002547,SL Hit,1998.17,2,261.0700000000038,45.0,0.8450000000000273,-1.0850000000000364
2023-11-22 01:30:00,2023-11-22 01:45:00,Short,1996.77,1997.0899999999997,-0.31999999999970896,SL Hit,1997.0899999999997,1,260.7500000000041,15.0,0.40000000000009095,-0.5599999999999454
2023-11-22 02:30:00,2023-11-22 02:50:00,Short,1995.78,1996.82,-1.0399999999999636,SL Hit,1996.82,1,259.71000000000413,20.0,1.6800000000000637,-0.37999999999988177
2023-11-22 03:10:00,2023-11-22 03:25:00,Long,1996.4,1996.4,0.0,SL Hit,1996.4,1,259.71000000000413,15.0,-0.2800000000002001,1.1299999999998818
2023-11-22 04:00:00,2023-11-22 04:05:00,Short,1996.43,1996.7500000000007,-0.32000000000061846,SL Hit,1996.7500000000007,1,259.3900000000035,5.0,0.7000000000000455,-0.2599999999999909
2023-11-22 07:55:00,2023-11-22 08:35:00,Long,2003.11,2000.7500000000002,-2.3599999999996726,SL Hit,2000.7500000000002,1,257.03000000000384,40.0,-3.349999999999909,2.980000000000018
2023-11-22 12:20:00,2023-11-22 12:55:00,Long,2002.0100000000002,2001.9,-0.330000000000382,SL Hit,2001.9,3,256.70000000000346,35.0,-1.1100000000001273,0.9699999999997999
2023-11-22 13:05:00,2023-11-22 14:35:00,Short,2000.5475,2000.6,-0.21000000000003638,SL Hit,2000.6,4,256.4900000000034,90.0,2.332500000000209,-3.5474999999999
2023-11-22 17:00:00,2023-11-22 18:10:00,Short,1990.7649999999999,1992.36,-3.1900000000000546,SL Hit,1992.36,2,253.30000000000337,70.0,1.7050000000001546,-2.1149999999997817
2023-11-22 20:05:00,2023-11-22 20:10:00,Long,1991.22,1990.6999999999996,-0.5200000000004366,SL Hit,1990.6999999999996,1,252.78000000000293,5.0,-0.75,0.19000000000005457
2023-11-22 20:55:00,2023-11-22 23:05:00,Short,1989.8100000000002,1990.01,-0.5999999999994543,SL Hit,1990.01,3,252.18000000000347,130.0,0.27999999999974534,-1.0100000000002183
2023-11-23 01:00:00,2023-11-23 01:40:00,Long,1991.1,1991.1,0.0,SL Hit,1991.1,1,252.18000000000347,40.0,0.0,1.5700000000001637
2023-11-23 04:45:00,2023-11-23 05:40:00,Short,1995.19,1995.64,-0.900000000000091,SL Hit,1995.64,2,251.28000000000338,55.0,0.5599999999999454,-1.5900000000001455
2023-11-23 07:05:00,2023-11-23 08:40:00,Short,1995.3933333333334,1995.8,-1.2199999999995725,SL Hit,1995.8,3,250.0600000000038,95.0,3.0166666666666515,-1.7933333333335213
2023-11-23 08:50:00,2023-11-23 09:05:00,Long,1994.52,1993.7,-1.6399999999998727,SL Hit,1993.7,2,248.42000000000394,15.0,-1.4200000000000728,0.7799999999999727
2023-11-23 09:15:00,2023-11-23 11:20:00,Short,1993.3966666666665,1993.95,-1.6600000000005366,SL Hit,1993.95,3,246.7600000000034,125.0,1.3833333333334394,-1.2966666666666242
2023-11-23 11:40:00,2023-11-23 11:45:00,Long,1994.04,1993.92,-0.11999999999989086,SL Hit,1993.92,1,246.6400000000035,5.0,-0.35999999999989996,0.2599999999999909
2023-11-23 11:50:00,2023-11-23 12:25:00,Long,1993.77,1993.0,-1.5399999999999636,SL Hit,1993.0,2,245.10000000000355,35.0,-1.5699999999999363,0.31999999999993634
2023-11-23 13:00:00,2023-11-23 13:15:00,Short,1992.4299999999998,1992.88,-0.9000000000005457,SL Hit,1992.88,2,244.200000000003,15.0,0.6800000000000637,-0.5299999999997453
2023-11-23 13:20:00,2023-11-23 14:35:00,Long,1992.675,1991.8,-1.75,SL Hit,1991.8,2,242.450000000003,75.0,-0.974999999999909,0.7250000000001364
2023-11-23 15:55:00,2023-11-23 17:10:00,Short,1991.3025,1991.42,-0.47000000000025466,SL Hit,1991.42,4,241.98000000000275,75.0,0.8174999999998818,-2.0025000000000546
2023-11-23 19:30:00,2023-11-23 23:00:00,Short,1992.165,1992.46,-0.5900000000001455,SL Hit,1992.46,2,241.3900000000026,210.0,0.7950000000000728,-0.01499999999987267
2023-11-24 00:30:00,2023-11-24 00:35:00,Short,1993.37,1993.4099999999999,-0.03999999999996362,SL Hit,1993.4099999999999,1,241.35000000000264,5.0,0.38000000000010914,-0.6699999999998454
2023-11-24 02:50:00,2023-11-24 03:05:00,Long,1992.7,1991.9,-1.599999999999909,SL Hit,1991.9,2,239.75000000000273,15.0,-0.8800000000001091,0.4099999999998545
2023-11-24 06:10:00,2023-11-24 06:50:00,Short,1993.335,1993.71,-0.75,SL Hit,1993.71,2,239.00000000000273,40.0,0.46499999999991815,-0.8450000000000273
2023-11-24 06:55:00,2023-11-24 07:10:00,Long,1993.5,1993.0200000000004,-0.47999999999956344,SL Hit,1993.0200000000004,1,238.52000000000317,15.0,-0.6600000000000819,0.4700000000000273
2023-11-24 07:20:00,2023-11-24 08:00:00,Short,1993.29,1993.95,-1.3200000000001637,SL Hit,1993.95,2,237.200000000003,40.0,0.8299999999999272,-0.7400000000000091
2023-11-24 09:10:00,2023-11-24 09:20:00,Long,1993.55,1993.39,-0.15999999999985448,SL Hit,1993.39,1,237.04000000000315,10.0,-0.4500000000000455,0.6900000000000546
2023-11-24 10:50:00,2023-11-24 11:10:00,Long,1995.64,1994.9199999999998,-0.7200000000002547,SL Hit,1994.9199999999998,1,236.3200000000029,20.0,-0.9100000000000819,0.4199999999998454
2023-11-24 12:05:00,2023-11-24 12:20:00,Long,1995.74,1995.66,-0.07999999999992724,SL Hit,1995.66,1,236.24000000000296,15.0,-0.16000000000008185,1.3399999999999181
2023-11-24 12:55:00,2023-11-24 13:10:00,Short,1995.425,1995.83,-0.8099999999999454,SL Hit,1995.83,2,235.43000000000302,15.0,0.6849999999999454,-0.3849999999999909
2023-11-24 14:30:00,2023-11-24 14:45:00,Long,2001.435,2000.0,-2.869999999999891,SL Hit,2000.0,2,232.56000000000313,15.0,-1.4449999999999363,1.4349999999999454
2023-11-24 14:55:00,2023-11-24 16:20:00,Short,2000.8566666666668,1999.16,5.0900000000001455,SL Hit,1999.16,3,237.65000000000327,85.0,2.3433333333332484,-3.516666666666879
2023-11-24 16:25:00,2023-11-24 18:30:00,Long,2000.1733333333332,2000.02,-0.9199999999991633,SL Hit,2000.02,6,236.7300000000041,125.0,-1.4333333333331666,2.1566666666667516
2023-11-24 18:35:00,2023-11-27 02:15:00,Long,2002.5085714285717,2009.12,46.279999999997244,SL Hit,2009.12,7,283.01000000000136,3340.0,-2.628571428571604,15.061428571428223
2023-11-27 03:20:00,2023-11-27 04:35:00,Short,2009.355,2011.28,-3.849999999999909,SL Hit,2011.28,2,279.16000000000145,75.0,2.2649999999998727,-1.4950000000001182
2023-11-27 07:10:00,2023-11-27 07:30:00,Long,2010.62,2009.7800000000007,-0.839999999999236,SL Hit,2009.7800000000007,1,278.3200000000022,20.0,-1.7199999999998,0.3500000000001364
2023-11-27 07:35:00,2023-11-27 07:40:00,Short,2009.8,2010.2399999999996,-0.4399999999995998,SL Hit,2010.2399999999996,1,277.8800000000026,5.0,0.9800000000000182,-0.10999999999989996
2023-11-27 07:50:00,2023-11-27 10:15:00,Long,2012.3425,2012.62,1.1099999999996726,SL Hit,2012.62,4,278.9900000000023,145.0,-1.9324999999998909,2.9075000000000273
2023-11-27 11:50:00,2023-11-27 13:05:00,Short,2012.63,2014.09,-4.379999999999427,SL Hit,2014.09,3,274.61000000000286,75.0,1.7699999999999818,-1.3300000000001546
2023-11-27 15:45:00,2023-11-27 17:45:00,Short,2010.2966666666664,2010.24,0.16999999999916326,SL Hit,2010.24,3,274.780000000002,120.0,1.0233333333335395,-4.446666666666488
2023-11-27 19:25:00,2023-11-27 20:45:00,Short,2012.955,2013.49,-1.0700000000001637,SL Hit,2013.49,2,273.71000000000186,80.0,0.625,-1.2549999999998818
2023-11-27 23:05:00,2023-11-28 01:15:00,Long,2015.2483333333332,2016.2,5.710000000000946,SL Hit,2016.2,6,279.4200000000028,130.0,-2.84833333333313,2.5216666666667606
2023-11-28 03:45:00,2023-11-28 04:40:00,Short,2015.17,2016.21,-1.0399999999999636,SL Hit,2016.21,1,278.38000000000284,55.0,1.25,-1.7699999999999818
2023-11-28 06:55:00,2023-11-28 07:00:00,Long,2015.66,2015.66,0.0,SL Hit,2015.66,1,278.38000000000284,5.0,-0.2599999999999909,0.9199999999998454
2023-11-28 07:20:00,2023-11-28 08:50:00,Short,2014.21,2014.39,-0.540000000000191,SL Hit,2014.39,3,277.84000000000265,90.0,1.6099999999999,-2.1800000000000637
2023-11-28 09:25:00,2023-11-28 09:40:00,Long,2015.51,2014.7,-1.6199999999998909,SL Hit,2014.7,2,276.22000000000276,15.0,-1.6099999999999,0.6400000000001
2023-11-28 10:40:00,2023-11-28 11:05:00,Short,2014.01,2015.1699999999998,-1.1599999999998545,SL Hit,2015.1699999999998,1,275.0600000000029,25.0,1.2899999999999636,-0.5799999999999272
2023-11-28 11:35:00,2023-11-28 11:55:00,Long,2015.42,2015.0599999999995,-0.3600000000005821,SL Hit,2015.0599999999995,1,274.7000000000023,20.0,-1.1200000000001182,0.13999999999987267
2023-11-28 12:30:00,2023-11-28 12:40:00,Long,2015.08,2015.08,0.0,SL Hit,2015.08,1,274.7000000000023,10.0,-0.7799999999999727,0.7100000000000364
2023-11-28 14:55:00,2023-11-28 15:10:00,Long,2025.96,2023.6800000000003,-2.2799999999997453,SL Hit,2023.6800000000003,1,272.4200000000026,15.0,-2.5599999999999454,2.2899999999999636
2023-11-28 20:55:00,2023-11-28 21:20:00,Long,2040.79,2040.1900000000005,-0.5999999999994543,SL Hit,2040.1900000000005,1,271.8200000000031,25.0,-0.6700000000000728,0.7200000000000273
2023-11-28 21:55:00,2023-11-29 01:45:00,Long,2043.6875,2047.1,13.649999999999636,SL Hit,2047.1,4,285.47000000000276,230.0,-3.0775000000001,8.052499999999782
2023-11-29 02:00:00,2023-11-29 04:50:00,Short,2046.865,2044.66,8.819999999999709,SL Hit,2044.66,4,294.29000000000246,170.0,1.915000000000191,-4.365000000000009
2023-11-29 07:15:00,2023-11-29 11:10:00,Short,2041.26,2038.95,13.859999999999673,SL Hit,2038.95,6,308.15000000000214,235.0,2.7100000000000364,-5.379999999999882
2023-11-29 15:00:00,2023-11-29 15:05:00,Long,2044.59,2043.7900000000006,-0.7999999999992724,SL Hit,2043.7900000000006,1,307.35000000000286,5.0,-1.599999999999909,2.060000000000173
2023-11-29 15:10:00,2023-11-29 20:15:00,Long,2043.3844444444444,2044.5,10.040000000000418,SL Hit,2044.5,9,317.3900000000033,305.0,-3.864444444444416,6.055555555555657
2023-11-29 23:10:00,2023-11-29 23:25:00,Long,2044.905,2043.9,-2.0099999999997635,SL Hit,2043.9,2,315.3800000000035,15.0,-1.3050000000000637,0.29500000000007276
2023-11-29 23:30:00,2023-11-29 23:50:00,Short,2044.57,2045.7299999999998,-1.1599999999998545,SL Hit,2045.7299999999998,1,314.22000000000367,20.0,0.2699999999999818,-1.2699999999999818
2023-11-29 23:50:00,2023-11-29 23:55:00,Long,2044.64,2044.5199999999993,-0.12000000000080036,SL Hit,2044.5199999999993,1,314.10000000000286,5.0,-0.13000000000010914,0.22999999999979082
2023-11-30 00:00:00,2023-11-30 00:05:00,Long,2044.53,2044.53,0.0,SL Hit,2044.53,1,314.10000000000286,5.0,-0.19000000000005457,0.6000000000001364
2023-11-30 00:10:00,2023-11-30 01:30:00,Long,2044.7833333333335,2044.9,0.3499999999996817,SL Hit,2044.9,3,314.45000000000255,80.0,-0.6633333333336395,1.936666666666497
2023-11-30 01:35:00,2023-11-30 02:40:00,Short,2044.37,2044.1,0.5399999999999636,SL Hit,2044.1,2,314.9900000000025,65.0,0.8800000000001091,-1.8699999999998909
2023-11-30 04:40:00,2023-11-30 06:00:00,Short,2043.5166666666667,2042.71,2.4199999999998454,SL Hit,2042.71,3,317.41000000000236,80.0,1.0633333333332757,-2.0966666666665787
2023-11-30 06:20:00,2023-11-30 07:35:00,Long,2043.4733333333334,2043.8,0.9799999999997908,SL Hit,2043.8,3,318.39000000000215,75.0,-0.9033333333334213,3.3866666666665424
2023-11-30 07:40:00,2023-11-30 09:20:00,Short,2042.6133333333335,2041.44,3.520000000000209,SL Hit,2041.44,3,321.91000000000236,100.0,2.9766666666664605,-2.7033333333333758
2023-11-30 10:10:00,2023-11-30 10:35:00,Short,2037.98,2038.7800000000002,-0.8000000000001819,SL Hit,2038.7800000000002,1,321.1100000000022,25.0,1.7000000000000455,-1.1600000000000819
2023-11-30 11:35:00,2023-11-30 12:30:00,Short,2037.605,2038.97,-2.730000000000018,SL Hit,2038.97,2,318.38000000000216,55.0,1.4049999999999727,-1.5450000000000728
2023-11-30 12:35:00,2023-11-30 12:45:00,Long,2037.94,2037.94,0.0,SL Hit,2037.94,1,318.38000000000216,10.0,-0.2300000000000182,0.8199999999999363
2023-11-30 15:40:00,2023-11-30 15:55:00,Long,2036.02,2036.02,0.0,SL Hit,2036.02,1,318.38000000000216,15.0,-0.2300000000000182,1.9100000000000819
2023-11-30 20:55:00,2023-11-30 21:05:00,Long,2035.32,2034.8000000000004,-0.5199999999995271,SL Hit,2034.8000000000004,1,317.86000000000263,10.0,-0.21000000000003638,0.6100000000001273
2023-11-30 21:05:00,2023-11-30 23:00:00,Short,2035.95,2036.3,-0.6999999999998181,SL Hit,2036.3,2,317.1600000000028,115.0,1.4199999999998454,-0.8500000000001364
2023-12-01 01:55:00,2023-12-01 02:25:00,Short,2041.73,2041.98,-0.5,SL Hit,2041.98,2,316.6600000000028,30.0,0.9300000000000637,-0.34999999999990905
2023-12-01 05:45:00,2023-12-01 06:35:00,Long,2041.0666666666666,2040.9,-0.49999999999954525,SL Hit,2040.9,3,316.16000000000327,50.0,-1.2366666666666788,1.6933333333333849
2023-12-01 08:30:00,2023-12-01 10:15:00,Long,2043.7133333333334,2045.1,4.159999999999627,SL Hit,2045.1,3,320.3200000000029,105.0,-4.013333333333321,6.066666666666833
2023-12-01 16:05:00,2023-12-01 16:10:00,Short,2053.01,2066.6900000000005,-13.680000000000291,SL Hit,2066.6900000000005,1,306.6400000000026,5.0,3.0099999999997635,-3.4200000000000728
2023-12-01 16:10:00,2023-12-01 19:50:00,Long,2063.782,2067.2,17.089999999998327,SL Hit,2067.2,5,323.7300000000009,220.0,-13.072000000000116,11.167999999999665
2023-12-04 02:30:00,2023-12-04 02:50:00,Short,2085.94,2087.08,-2.2799999999997453,SL Hit,2087.08,2,321.4500000000012,20.0,1.5799999999999272,-0.5100000000002183
2023-12-04 04:05:00,2023-12-04 04:55:00,Short,2084.85,2085.25,-0.8000000000001819,SL Hit,2085.25,2,320.650000000001,50.0,0.44000000000005457,-2.599999999999909
2023-12-04 06:10:00,2023-12-04 08:40:00,Short,2077.2400000000002,2065.14,60.50000000000182,SL Hit,2065.14,5,381.1500000000028,150.0,9.999999999999545,-18.770000000000437
2023-12-04 11:15:00,2023-12-04 11:25:00,Short,2067.02,2068.78,-1.7600000000002183,SL Hit,2068.78,1,379.3900000000026,10.0,3.1599999999998545,-0.6700000000000728
2023-12-04 12:15:00,2023-12-04 13:20:00,Short,2068.7333333333336,2070.01,-3.8299999999999272,SL Hit,2070.01,3,375.5600000000027,65.0,2.1066666666665697,-2.493333333333794
2023-12-04 16:05:00,2023-12-04 16:20:00,Short,2024.36,2027.1599999999992,-2.7999999999992724,SL Hit,2027.1599999999992,1,372.7600000000034,15.0,3.5,-0.6999999999998181
2023-12-04 18:15:00,2023-12-04 19:00:00,Short,2023.755,2025.31,-3.1099999999996726,SL Hit,2025.31,2,369.65000000000373,45.0,1.834999999999809,-1.4550000000001546
2023-12-04 19:10:00,2023-12-04 19:15:00,Long,2024.64,2024.64,0.0,SL Hit,2024.64,1,369.65000000000373,5.0,-1.6400000000001,0.5599999999999454
2023-12-04 21:15:00,2023-12-04 21:50:00,Long,2029.23,2028.8,-0.8600000000001273,SL Hit,2028.8,2,368.7900000000036,35.0,-0.5299999999999727,0.849999999999909
2023-12-05 02:20:00,2023-12-05 02:45:00,Short,2034.28,2036.36,-2.0799999999999272,SL Hit,2036.36,1,366.7100000000037,25.0,2.089999999999918,-0.7699999999999818
2023-12-05 03:35:00,2023-12-05 04:30:00,Long,2036.605,2035.2,-2.8099999999999454,SL Hit,2035.2,2,363.90000000000373,55.0,-1.474999999999909,1.5450000000000728
2023-12-05 05:35:00,2023-12-05 06:10:00,Short,2032.1999999999998,2033.35,-2.300000000000182,SL Hit,2033.35,2,361.60000000000355,35.0,1.3300000000001546,-1.0899999999999181
2023-12-05 13:10:00,2023-12-05 13:20:00,Long,2025.89,2025.4099999999996,-0.48000000000047294,SL Hit,2025.4099999999996,1,361.1200000000031,10.0,-0.5500000000001819,1.8099999999999454
2023-12-05 13:25:00,2023-12-05 14:20:00,Long,2027.05,2025.34,-3.4200000000000728,SL Hit,2025.34,2,357.700000000003,55.0,-2.3099999999999454,3.5699999999999363
2023-12-05 17:25:00,2023-12-05 17:30:00,Long,2018.6,2018.6,0.0,SL Hit,2018.6,1,357.700000000003,5.0,-1.099999999999909,1.040000000000191
2023-12-05 18:30:00,2023-12-05 19:40:00,Long,2017.95,2017.62,-0.9900000000004638,SL Hit,2017.62,3,356.71000000000254,70.0,-1.2899999999999636,1.5199999999999818
2023-12-05 19:45:00,2023-12-05 19:50:00,Short,2018.1,2018.5399999999995,-0.4399999999995998,SL Hit,2018.5399999999995,1,356.27000000000294,5.0,1.9100000000000819,-0.10999999999989996
2023-12-05 21:10:00,2023-12-05 21:30:00,Long,2019.1799999999998,2018.75,-0.8599999999996726,SL Hit,2018.75,2,355.41000000000327,20.0,-0.5799999999999272,0.290000000000191
2023-12-05 21:40:00,2023-12-05 21:50:00,Long,2018.8,2018.8,0.0,SL Hit,2018.8,1,355.41000000000327,10.0,0.0,0.8600000000001273
2023-12-05 23:10:00,2023-12-06 00:05:00,Short,2018.9066666666668,2019.53,-1.8699999999996635,SL Hit,2019.53,3,353.5400000000036,55.0,0.6533333333331939,-1.8066666666668425
2023-12-06 00:10:00,2023-12-06 01:25:00,Long,2019.49,2019.6,0.2199999999997999,SL Hit,2019.6,2,353.7600000000034,75.0,-0.16000000000008185,3.089999999999918
2023-12-06 03:35:00,2023-12-06 03:45:00,Short,2022.06,2022.5399999999995,-0.47999999999956344,SL Hit,2022.5399999999995,1,353.28000000000384,10.0,0.8800000000001091,-0.11999999999989086
2023-12-06 04:30:00,2023-12-06 05:20:00,Short,2022.005,2021.93,0.15000000000009095,SL Hit,2021.93,2,353.43000000000393,50.0,0.5449999999998454,-1.8050000000000637
2023-12-06 07:30:00,2023-12-06 08:25:00,Long,2030.39,2032.23,3.6799999999998363,SL Hit,2032.23,2,357.11000000000377,55.0,-2.770000000000209,4.869999999999891
2023-12-06 13:10:00,2023-12-06 14:20:00,Long,2028.2966666666669,2028.4,0.30999999999971806,SL Hit,2028.4,3,357.4200000000035,70.0,-1.866666666666788,3.0333333333330756
2023-12-06 14:40:00,2023-12-06 14:45:00,Long,2030.18,2028.0600000000002,-2.119999999999891,SL Hit,2028.0600000000002,1,355.3000000000036,5.0,-4.529999999999973,0.2999999999999545
2023-12-06 19:10:00,2023-12-06 23:15:00,Short,2028.0549999999998,2026.1,7.819999999999709,SL Hit,2026.1,4,363.1200000000033,245.0,2.3450000000002547,-3.6949999999999363
2023-12-06 23:20:00,2023-12-06 23:25:00,Long,2025.86,2025.86,0.0,SL Hit,2025.86,1,363.1200000000033,5.0,-0.5599999999999454,0.7100000000000364
2023-12-07 02:40:00,2023-12-07 03:40:00,Long,2028.47,2028.1,-1.1100000000003547,SL Hit,2028.1,3,362.01000000000295,60.0,-1.4100000000000819,1.3399999999999181
2023-12-07 04:30:00,2023-12-07 05:45:00,Short,2026.2333333333333,2026.58,-1.0399999999997362,SL Hit,2026.58,3,360.9700000000032,75.0,0.7766666666666424,-0.933333333333394
2023-12-07 06:40:00,2023-12-07 07:35:00,Short,2028.1950000000002,2030.15,-3.9099999999998545,SL Hit,2030.15,2,357.06000000000336,55.0,2.0449999999998454,-1.5750000000002728
2023-12-07 07:40:00,2023-12-07 08:00:00,Long,2029.17,2029.17,0.0,SL Hit,2029.17,1,357.06000000000336,20.0,-0.39000000000010004,1.4700000000000273
2023-12-07 08:10:00,2023-12-07 09:25:00,Long,2032.02,2031.46,-1.1199999999998909,SL Hit,2031.46,2,355.94000000000347,75.0,-2.2200000000000273,2.660000000000082
2023-12-07 09:55:00,2023-12-07 10:25:00,Long,2034.245,2033.1,-2.2899999999999636,SL Hit,2033.1,2,353.6500000000035,30.0,-1.1649999999999636,0.5050000000001091
2023-12-07 13:25:00,2023-12-07 13:30:00,Long,2033.55,2031.3500000000001,-2.199999999999818,SL Hit,2031.3500000000001,1,351.4500000000037,5.0,-2.4500000000000455,0.900000000000091
2023-12-07 13:35:00,2023-12-07 13:40:00,Short,2034.29,2038.0100000000002,-3.7200000000002547,SL Hit,2038.0100000000002,1,347.73000000000343,5.0,4.440000000000055,-0.9300000000000637
2023-12-07 15:25:00,2023-12-07 15:40:00,Long,2028.46,2028.0999999999995,-0.3600000000005821,SL Hit,2028.0999999999995,1,347.37000000000285,15.0,-0.7000000000000455,2.6599999999998545
2023-12-07 16:35:00,2023-12-07 17:45:00,Short,2026.375,2028.0,-3.25,SL Hit,2028.0,2,344.12000000000285,70.0,4.085000000000036,-6.035000000000082
2023-12-07 21:35:00,2023-12-08 00:20:00,Short,2028.3799999999999,2028.76,-1.1400000000003274,SL Hit,2028.76,3,342.9800000000025,165.0,1.0300000000002,-1.5599999999999454
2023-12-08 00:40:00,2023-12-08 02:40:00,Long,2030.5466666666669,2031.84,3.8799999999991996,SL Hit,2031.84,3,346.8600000000017,120.0,-1.6466666666667606,2.7933333333330665
2023-12-08 02:45:00,2023-12-08 03:05:00,Short,2031.97,2032.7300000000002,-0.7600000000002183,SL Hit,2032.7300000000002,1,346.1000000000015,20.0,0.9600000000000364,-0.19000000000005457
2023-12-08 05:25:00,2023-12-08 05:30:00,Long,2031.13,2031.0899999999992,-0.040000000000873115,SL Hit,2031.0899999999992,1,346.0600000000006,5.0,-0.9900000000000091,0.2899999999999636
2023-12-08 05:35:00,2023-12-08 06:45:00,Short,2030.1599999999999,2030.4,-0.9600000000009459,SL Hit,2030.4,4,345.0999999999997,70.0,1.5300000000002,-1.349999999999909
2023-12-08 12:20:00,2023-12-08 14:50:00,Short,2021.3199999999997,2009.06,36.77999999999929,SL Hit,2009.06,3,381.879999999999,150.0,7.9200000000003,-18.2199999999998
2023-12-08 15:05:00,2023-12-08 16:05:00,Long,2009.215,2006.46,-5.5099999999997635,SL Hit,2006.46,2,376.3699999999992,60.0,-3.625,4.985000000000127
2023-12-08 16:10:00,2023-12-08 17:45:00,Short,2002.71,1998.11,13.80000000000041,SL Hit,1998.11,3,390.1699999999996,95.0,3.4500000000000455,-8.0
2023-12-08 19:40:00,2023-12-08 19:45:00,Long,2000.63,2000.4699999999993,-0.16000000000076398,SL Hit,2000.4699999999993,1,390.00999999999885,5.0,-1.2300000000000182,0.5099999999999909
2023-12-08 21:00:00,2023-12-08 21:10:00,Long,2002.74,2002.74,0.0,SL Hit,2002.74,1,390.00999999999885,10.0,-0.07999999999992724,0.4800000000000182
2023-12-08 21:25:00,2023-12-11 00:25:00,Long,2005.7379999999998,2005.94,1.0100000000011278,SL Hit,2005.94,5,391.02,3060.0,-2.5479999999997744,1.8820000000000618
2023-12-11 00:35:00,2023-12-11 04:35:00,Short,2000.4283333333333,1996.61,22.91000000000031,SL Hit,1996.61,6,413.9300000000003,240.0,6.211666666666815,-5.728333333333239
2023-12-11 09:40:00,2023-12-11 11:10:00,Short,1993.095,1994.6,-3.0099999999997635,SL Hit,1994.6,2,410.9200000000005,90.0,1.5450000000000728,-1.4950000000001182
2023-12-11 11:20:00,2023-12-11 11:45:00,Long,1994.1599999999999,1993.7,-0.919999999999618,SL Hit,1993.7,2,410.0000000000009,25.0,-0.5499999999999545,0.8900000000001
2023-12-11 12:20:00,2023-12-11 12:30:00,Long,1995.29,1995.29,0.0,SL Hit,1995.29,1,410.0000000000009,10.0,-0.599999999999909,1.3299999999999272
2023-12-11 13:00:00,2023-12-11 16:00:00,Short,1990.116,1983.92,30.979999999999563,SL Hit,1983.92,5,440.9800000000005,180.0,5.33400000000006,-9.485999999999876
2023-12-11 16:20:00,2023-12-11 17:00:00,Short,1981.54,1982.57,-2.0599999999999454,SL Hit,1982.57,2,438.9200000000005,40.0,1.0299999999999727,-1.3799999999998818
2023-12-11 17:10:00,2023-12-11 18:25:00,Short,1978.27,1978.03,0.9600000000000364,SL Hit,1978.03,4,439.88000000000056,75.0,2.599999999999909,-2.869999999999891
2023-12-11 20:05:00,2023-12-11 20:35:00,Long,1981.35,1980.6,-1.5,SL Hit,1980.6,2,438.38000000000056,30.0,-1.0499999999999545,0.6600000000000819
2023-12-11 20:40:00,2023-12-11 21:20:00,Short,1981.22,1981.54,-0.6399999999998727,SL Hit,1981.54,2,437.7400000000007,40.0,0.31999999999993634,-1.8199999999999363
2023-12-11 21:30:00,2023-12-12 01:25:00,Long,1982.8512500000002,1984.22,10.949999999998909,SL Hit,1984.22,8,448.6899999999996,235.0,-2.051250000000209,4.118749999999864
2023-12-12 03:15:00,2023-12-12 04:45:00,Long,1983.8400000000001,1984.6,1.519999999999527,SL Hit,1984.6,2,450.2099999999991,90.0,-0.8900000000001,2.4999999999997726
2023-12-12 04:50:00,2023-12-12 05:40:00,Short,1985.58,1986.48,-1.800000000000182,SL Hit,1986.48,2,448.40999999999894,50.0,1.7000000000000455,-1.0799999999999272
2023-12-12 08:25:00,2023-12-12 10:25:00,Short,1985.6433333333334,1986.52,-2.6299999999996544,SL Hit,1986.52,3,445.7799999999993,120.0,1.3766666666665515,-2.763333333333321
2023-12-12 12:05:00,2023-12-12 13:35:00,Long,1990.3166666666668,1988.66,-4.970000000000255,SL Hit,1988.66,3,440.80999999999904,90.0,-3.4066666666667516,4.643333333333203
2023-12-12 16:40:00,2023-12-12 18:00:00,Short,1980.19,1979.95,0.4800000000000182,SL Hit,1979.95,2,441.28999999999905,80.0,1.6799999999998363,-3.0299999999999727
2023-12-12 21:15:00,2023-12-12 23:00:00,Short,1979.645,1979.92,-0.5500000000001819,SL Hit,1979.92,2,440.7399999999989,105.0,1.0050000000001091,-1.1449999999999818
2023-12-12 23:05:00,2023-12-13 00:20:00,Long,1980.64,1980.7,0.1799999999998363,SL Hit,1980.7,3,440.9199999999987,75.0,-0.9400000000000546,2.0699999999999363
2023-12-13 01:10:00,2023-12-13 01:25:00,Long,1980.9850000000001,1980.0,-1.9700000000002547,SL Hit,1980.0,2,438.94999999999845,15.0,-1.2850000000000819,0.2949999999998454
2023-12-13 02:05:00,2023-12-13 03:10:00,Short,1979.48,1979.65,-0.3400000000001455,SL Hit,1979.65,2,438.6099999999983,65.0,0.5499999999999545,-1.5399999999999636
2023-12-13 03:45:00,2023-12-13 05:30:00,Short,1978.9433333333334,1979.07,-0.3799999999996544,SL Hit,1979.07,3,438.22999999999865,105.0,0.966666666666697,-1.7433333333333394
2023-12-13 06:10:00,2023-12-13 07:10:00,Short,1976.68,1975.71,1.9400000000000546,SL Hit,1975.71,2,440.1699999999987,60.0,1.4500000000000455,-3.6700000000000728
2023-12-13 08:25:00,2023-12-13 10:20:00,Long,1981.2425,1981.23,-0.0500000000001819,SL Hit,1981.23,4,440.1199999999985,115.0,-1.9425000000001091,1.4774999999999636
2023-12-13 10:25:00,2023-12-13 10:30:00,Short,1981.52,1982.7199999999998,-1.199999999999818,SL Hit,1982.7199999999998,1,438.9199999999987,5.0,0.8099999999999454,-0.2999999999999545
2023-12-13 10:30:00,2023-12-13 11:20:00,Long,1981.87,1982.1,0.4600000000000364,SL Hit,1982.1,2,439.37999999999874,50.0,-0.6099999999999,1.5700000000001637
2023-12-13 12:00:00,2023-12-13 13:30:00,Short,1981.6899999999998,1982.25,-1.6800000000005184,SL Hit,1982.25,3,437.6999999999982,90.0,4.5300000000002,-1.8799999999998818
2023-12-13 14:30:00,2023-12-13 16:15:00,Short,1981.88,1982.31,-1.2899999999995089,SL Hit,1982.31,3,436.4099999999987,105.0,2.019999999999982,-3.4500000000000455
2023-12-13 17:50:00,2023-12-13 19:00:00,Short,1981.8333333333333,1982.7,-2.600000000000364,SL Hit,1982.7,3,433.80999999999835,70.0,14.456666666666706,-2.1133333333332303
2023-12-13 21:25:00,2023-12-13 23:00:00,Long,2026.43,2026.05,-0.7600000000002183,SL Hit,2026.05,2,433.04999999999814,95.0,-2.7799999999999727,1.1399999999998727
2023-12-14 02:20:00,2023-12-14 02:30:00,Long,2032.35,2032.35,0.0,SL Hit,2032.35,1,433.04999999999814,10.0,-0.8599999999999,2.1200000000001182
2023-12-14 05:05:00,2023-12-14 05:25:00,Short,2031.24,2031.42,-0.36000000000012733,SL Hit,2031.42,2,432.689999999998,20.0,0.20000000000004547,-0.5299999999999727
2023-12-14 08:00:00,2023-12-14 09:40:00,Long,2034.505,2035.67,2.3299999999999272,SL Hit,2035.67,2,435.01999999999794,100.0,-1.9050000000002,5.544999999999845
2023-12-14 11:35:00,2023-12-14 12:15:00,Short,2034.0,2035.55,-3.099999999999909,SL Hit,2035.55,2,431.919999999998,40.0,1.8099999999999454,-1.2000000000000455
2023-12-14 12:30:00,2023-12-14 13:20:00,Long,2036.29,2033.17,-3.119999999999891,SL Hit,2033.17,1,428.79999999999814,50.0,-5.389999999999873,2.6400000000001
2023-12-14 14:35:00,2023-12-14 14:50:00,Long,2043.28,2043.28,0.0,SL Hit,2043.28,1,428.79999999999814,15.0,-1.099999999999909,4.269999999999982
2023-12-14 17:40:00,2023-12-14 19:15:00,Short,2034.6133333333335,2032.59,6.0700000000006185,SL Hit,2032.59,3,434.86999999999875,95.0,3.4766666666664605,-4.853333333333467
2023-12-14 21:30:00,2023-12-14 23:10:00,Short,2035.95,2036.8300000000002,-0.8800000000001091,SL Hit,2036.8300000000002,1,433.98999999999864,100.0,0.75,-0.6000000000001364
2023-12-14 23:10:00,2023-12-15 00:00:00,Long,2035.85,2035.1700000000005,-0.6799999999993815,SL Hit,2035.1700000000005,1,433.30999999999926,50.0,-1.4399999999998272,2.7000000000000455
2023-12-15 00:00:00,2023-12-15 02:10:00,Short,2033.8633333333335,2033.44,1.2700000000002092,SL Hit,2033.44,3,434.5799999999995,130.0,2.3866666666665424,-3.4633333333333667
2023-12-15 03:25:00,2023-12-15 03:55:00,Short,2035.43,2035.8700000000006,-0.4400000000005093,SL Hit,2035.8700000000006,1,434.13999999999896,30.0,0.75,-1.4300000000000637
2023-12-15 04:45:00,2023-12-15 05:45:00,Long,2036.73,2035.11,-3.2400000000002365,SL Hit,2035.11,2,430.8999999999987,60.0,-2.130000000000109,0.5499999999999545
2023-12-15 08:20:00,2023-12-15 11:10:00,Long,2040.2816666666668,2041.5,7.309999999999491,SL Hit,2041.5,6,438.2099999999982,170.0,-3.0416666666667425,3.9583333333332575
2023-12-15 11:15:00,2023-12-15 11:45:00,Short,2042.0,2042.23,-0.4600000000000364,SL Hit,2042.23,2,437.7499999999982,30.0,0.30999999999994543,-1.7699999999999818
2023-12-15 11:50:00,2023-12-15 12:55:00,Long,2041.69,2041.2899999999995,-0.4000000000005457,SL Hit,2041.2899999999995,1,437.34999999999764,65.0,-0.7400000000000091,2.730000000000018
2023-12-15 13:25:00,2023-12-15 13:30:00,Short,2040.96,2042.4800000000005,-1.5200000000004366,SL Hit,2042.4800000000005,1,435.8299999999972,5.0,2.1700000000000728,-4.420000000000073
2023-12-15 14:15:00,2023-12-15 14:45:00,Long,2032.475,2031.7,-1.5499999999997272,SL Hit,2031.7,2,434.2799999999975,30.0,-0.9949999999998909,3.7150000000001455
2023-12-15 14:50:00,2023-12-15 15:10:00,Short,2033.915,2034.27,-0.7100000000000364,SL Hit,2034.27,2,433.56999999999744,20.0,2.4850000000001273,-1.634999999999991
2023-12-15 16:55:00,2023-12-15 17:25:00,Short,2033.5466666666669,2034.17,-1.8699999999996635,SL Hit,2034.17,3,431.6999999999978,30.0,0.893333333333203,-1.1666666666667425
2023-12-15 18:15:00,2023-12-15 20:25:00,Short,2022.1725000000001,2019.0,12.69000000000051,SL Hit,2019.0,4,444.3899999999983,130.0,9.427499999999782,-6.212500000000091
2023-12-17 23:25:00,2023-12-18 00:20:00,Short,2018.4699999999998,2018.35,0.23999999999978172,SL Hit,2018.35,2,444.62999999999806,55.0,0.680000000000291,-3.1699999999998454
2023-12-18 02:50:00,2023-12-18 03:10:00,Short,2021.49,2022.8099999999997,-1.319999999999709,SL Hit,2022.8099999999997,1,443.30999999999835,20.0,2.0299999999999727,-0.32999999999992724
2023-12-18 05:00:00,2023-12-18 05:50:00,Long,2022.835,2022.35,-0.9700000000002547,SL Hit,2022.35,2,442.3399999999981,50.0,-0.9349999999999454,1.1849999999999454
2023-12-18 08:45:00,2023-12-18 09:25:00,Long,2024.795,2023.83,-1.930000000000291,SL Hit,2023.83,2,440.4099999999978,40.0,-1.5950000000000273,1.824999999999818
2023-12-18 10:30:00,2023-12-18 11:40:00,Short,2021.605,2022.22,-1.2300000000000182,SL Hit,2022.22,2,439.1799999999978,70.0,0.724999999999909,-3.105000000000018
2023-12-18 13:55:00,2023-12-18 14:10:00,Long,2024.93,2024.4099999999996,-0.5200000000004366,SL Hit,2024.4099999999996,1,438.65999999999735,15.0,-0.9600000000000364,1.8699999999998909
2023-12-18 15:25:00,2023-12-18 16:30:00,Short,2022.0549999999998,2023.63,-3.1500000000005457,SL Hit,2023.63,2,435.5099999999968,65.0,1.7050000000001546,-0.9549999999999272
2023-12-18 16:35:00,2023-12-18 16:55:00,Long,2023.07,2022.3900000000006,-0.6799999999993815,SL Hit,2022.3900000000006,1,434.8299999999974,20.0,-0.8399999999999181,1.5
2023-12-18 20:05:00,2023-12-18 20:50:00,Short,2026.115,2026.71,-1.1900000000000546,SL Hit,2026.71,2,433.63999999999737,45.0,0.6349999999999909,-0.9149999999999636
2023-12-18 21:35:00,2023-12-18 21:50:00,Long,2026.84,2026.6000000000001,-0.23999999999978172,SL Hit,2026.6000000000001,1,433.3999999999976,15.0,-0.7400000000000091,0.39000000000010004
2023-12-19 01:10:00,2023-12-19 01:25:00,Short,2026.9,2027.54,-1.2799999999997453,SL Hit,2027.54,2,432.11999999999784,15.0,1.0,-1.1000000000001364
2023-12-19 01:30:00,2023-12-19 01:35:00,Long,2026.69,2026.2099999999996,-0.48000000000047294,SL Hit,2026.2099999999996,1,431.63999999999737,5.0,-0.6900000000000546,0.5399999999999636
2023-12-19 07:25:00,2023-12-19 07:55:00,Long,2025.2649999999999,2024.5,-1.5299999999997453,SL Hit,2024.5,2,430.1099999999976,30.0,-0.9149999999999636,0.9250000000001819
2023-12-19 10:10:00,2023-12-19 12:00:00,Short,2026.3899999999999,2027.08,-1.3800000000001091,SL Hit,2027.08,2,428.7299999999975,110.0,0.9400000000000546,-2.689999999999827
2023-12-19 12:45:00,2023-12-19 17:50:00,Long,2033.695,2040.84,42.86999999999989,SL Hit,2040.84,6,471.5999999999974,305.0,-6.414999999999964,13.125
2023-12-19 17:55:00,2023-12-19 18:55:00,Short,2039.655,2038.69,1.9299999999998363,SL Hit,2038.69,2,473.52999999999724,60.0,1.1949999999999363,-2.9349999999999454
2023-12-19 19:00:00,2023-12-19 19:20:00,Long,2038.79,2037.9899999999998,-0.8000000000001819,SL Hit,2037.9899999999998,1,472.72999999999706,20.0,-0.9900000000000091,0.42000000000007276
2023-12-19 20:25:00,2023-12-19 20:40:00,Long,2039.4,2038.9599999999996,-0.4400000000005093,SL Hit,2038.9599999999996,1,472.28999999999655,15.0,-1.400000000000091,0.33999999999991815
2023-12-19 23:25:00,2023-12-20 02:25:00,Short,2038.6200000000001,2038.06,2.800000000000864,SL Hit,2038.06,5,475.0899999999974,180.0,2.6599999999998545,-2.020000000000209
2023-12-20 04:15:00,2023-12-20 04:40:00,Short,2040.2350000000001,2040.52,-0.569999999999709,SL Hit,2040.52,2,474.5199999999977,25.0,0.3449999999997999,-0.3450000000000273
2023-12-20 08:00:00,2023-12-20 09:10:00,Short,2041.37,2041.79,-0.8400000000001455,SL Hit,2041.79,2,473.67999999999756,70.0,0.8900000000001,-1.7699999999999818
2023-12-20 10:05:00,2023-12-20 12:00:00,Short,2036.0933333333332,2034.05,6.129999999999882,SL Hit,2034.05,3,479.80999999999744,115.0,3.6866666666667243,-3.883333333333212
2023-12-20 17:25:00,2023-12-20 18:00:00,Short,2033.17,2035.0900000000001,-1.9200000000000728,SL Hit,2035.0900000000001,1,477.88999999999737,35.0,1.9399999999998272,-1.1000000000001364
2023-12-21 01:10:00,2023-12-21 01:30:00,Short,2033.995,2034.25,-0.5100000000002183,SL Hit,2034.25,2,477.37999999999715,20.0,0.6450000000002092,-0.9949999999998909
2023-12-21 04:00:00,2023-12-21 04:20:00,Long,2037.47,2036.8699999999997,-0.6000000000003638,SL Hit,2036.8699999999997,1,476.7799999999968,20.0,-1.3700000000001182,0.2899999999999636
2023-12-21 04:55:00,2023-12-21 06:35:00,Short,2035.9966666666667,2036.21,-0.6400000000001,SL Hit,2036.21,3,476.1399999999967,100.0,2.1033333333332394,-1.6966666666667152
2023-12-21 06:50:00,2023-12-21 07:05:00,Long,2036.42,2036.0599999999995,-0.3600000000005821,SL Hit,2036.0599999999995,1,475.7799999999961,15.0,-1.2100000000000364,0.7899999999999636
2023-12-21 08:30:00,2023-12-21 08:45:00,Long,2035.98,2035.98,0.0,SL Hit,2035.98,1,475.7799999999961,15.0,-0.05999999999994543,1.1399999999998727
2023-12-21 09:50:00,2023-12-21 11:20:00,Short,2035.07,2034.8,0.8099999999999454,SL Hit,2034.8,3,476.58999999999605,90.0,0.9500000000000455,-1.990000000000009
2023-12-21 11:30:00,2023-12-21 11:40:00,Long,2034.61,2034.45,-0.15999999999985448,SL Hit,2034.45,1,476.4299999999962,10.0,-1.3099999999999454,0.5900000000001455
2023-12-21 14:45:00,2023-12-21 15:00:00,Long,2043.69,2041.3,-4.7800000000002,SL Hit,2041.3,2,471.649999999996,15.0,-3.7200000000000273,2.009999999999991
2023-12-21 15:55:00,2023-12-21 16:50:00,Long,2042.4066666666668,2041.7,-2.1200000000001182,SL Hit,2041.7,3,469.5299999999959,55.0,-1.716666666666697,2.1133333333332303
2023-12-21 17:00:00,2023-12-21 19:10:00,Short,2040.8066666666666,2040.55,0.7699999999999818,SL Hit,2040.55,3,470.29999999999586,130.0,2.773333333333312,-3.5066666666666606
2023-12-21 20:05:00,2023-12-21 20:20:00,Long,2043.9,2043.1399999999999,-0.7600000000002183,SL Hit,2043.1399999999999,1,469.53999999999564,15.0,-0.8900000000001,0.7300000000000182
2023-12-21 23:30:00,2023-12-22 00:10:00,Long,2050.465,2050.8,0.6700000000000728,SL Hit,2050.8,2,470.2099999999957,40.0,-1.675000000000182,4.324999999999818
2023-12-22 01:00:00,2023-12-22 01:30:00,Short,2047.79,2050.51,-2.7200000000002547,SL Hit,2050.51,1,467.48999999999546,30.0,3.3099999999999454,-0.8399999999999181
2023-12-22 02:55:00,2023-12-22 03:05:00,Long,2049.96,2049.6400000000003,-0.31999999999970896,SL Hit,2049.6400000000003,1,467.16999999999575,10.0,-0.36000000000012733,0.7599999999997635
2023-12-22 03:15:00,2023-12-22 03:30:00,Long,2050.43,2049.310000000001,-1.1199999999989814,SL Hit,2049.310000000001,1,466.04999999999677,15.0,-1.349999999999909,0.7000000000002728
2023-12-22 05:00:00,2023-12-22 07:00:00,Short,2048.6225,2048.87,-0.9899999999997817,SL Hit,2048.87,4,465.059999999997,120.0,0.8975000000000364,-1.7224999999998545
2023-12-22 08:40:00,2023-12-22 12:55:00,Long,2055.9328571428573,2059.9,27.769999999999527,SL Hit,2059.9,7,492.8299999999965,255.0,-5.16285714285732,9.877142857142644
2023-12-22 13:45:00,2023-12-22 15:20:00,Long,2065.786666666667,2066.13,1.0299999999997453,SL Hit,2066.13,3,493.85999999999626,95.0,-3.366666666666788,4.413333333332957
2023-12-22 17:50:00,2023-12-22 19:05:00,Long,2055.835,2056.28,0.8900000000003274,SL Hit,2056.28,2,494.7499999999966,75.0,-1.3850000000002183,2.1149999999997817
2023-12-26 00:15:00,2023-12-26 00:50:00,Short,2054.0550000000003,2054.77,-1.4299999999993815,SL Hit,2054.77,2,493.3199999999972,35.0,0.8849999999997635,-1.1550000000002
2023-12-26 00:55:00,2023-12-26 05:10:00,Long,2060.893333333333,2063.3,14.440000000003238,SL Hit,2063.3,6,507.76000000000045,255.0,-6.503333333333103,3.926666666667188
2023-12-26 07:50:00,2023-12-26 08:00:00,Long,2063.47,2063.47,0.0,SL Hit,2063.47,1,507.76000000000045,10.0,-0.25,1.0900000000001455
2023-12-26 08:20:00,2023-12-26 09:20:00,Short,2062.7566666666667,2061.76,2.989999999999327,SL Hit,2061.76,3,510.7499999999998,60.0,1.133333333333212,-2.1566666666667516
2023-12-26 12:15:00,2023-12-26 13:20:00,Short,2062.56,2063.03,-0.9400000000005093,SL Hit,2063.03,2,509.80999999999926,65.0,0.7300000000000182,-1.2899999999999636
2023-12-26 18:30:00,2023-12-26 18:35:00,Long,2058.45,2058.45,0.0,SL Hit,2058.45,1,509.80999999999926,5.0,-0.03999999999996362,1.0900000000001455
2023-12-26 22:00:00,2023-12-26 23:00:00,Short,2067.77,2067.809999999999,-0.039999999999054126,SL Hit,2067.809999999999,1,509.7700000000002,60.0,0.5300000000002001,-0.1999999999998181
2023-12-27 02:05:00,2023-12-27 04:50:00,Short,2065.64,2065.03,1.8299999999990177,SL Hit,2065.03,3,511.5999999999992,165.0,1.5199999999999818,-2.4400000000000546
2023-12-27 04:55:00,2023-12-27 05:35:00,Long,2065.45,2064.3,-2.2999999999992724,SL Hit,2064.3,2,509.29999999999995,40.0,-1.1599999999998545,0.6200000000003456
2023-12-27 06:50:00,2023-12-27 08:00:00,Short,2065.745,2066.26,-1.0300000000006548,SL Hit,2066.26,2,508.2699999999993,70.0,0.7950000000000728,-1.5450000000000728
2023-12-27 08:05:00,2023-12-27 09:15:00,Long,2067.313333333333,2067.24,-0.2199999999997999,SL Hit,2067.24,3,508.0499999999995,70.0,-1.0933333333332484,1.0366666666668607
2023-12-27 17:05:00,2023-12-27 18:00:00,Short,2080.51,2084.750000000002,-4.240000000001601,SL Hit,2084.750000000002,1,503.8099999999979,55.0,3.4099999999998545,-1.0600000000004002
2023-12-27 18:00:00,2023-12-27 18:30:00,Long,2082.1949999999997,2081.1,-2.1899999999996,SL Hit,2081.1,2,501.6199999999983,30.0,-3.3049999999998363,1.7950000000000728
2023-12-27 20:20:00,2023-12-27 20:30:00,Short,2076.94,2077.3000000000006,-0.3600000000005821,SL Hit,2077.3000000000006,1,501.2599999999977,10.0,1.1700000000000728,-0.2699999999999818
2023-12-27 21:20:00,2023-12-27 21:55:00,Short,2077.17,2077.44,-0.5399999999999636,SL Hit,2077.44,2,500.71999999999775,35.0,0.38000000000010914,-0.9700000000002547
2023-12-27 23:55:00,2023-12-28 00:55:00,Long,2079.6400000000003,2079.4,-0.48000000000047294,SL Hit,2079.4,2,500.2399999999973,60.0,-0.5900000000001455,1.0499999999997272
2023-12-28 05:00:00,2023-12-28 05:10:00,Short,2086.51,2088.2700000000004,-1.7600000000002183,SL Hit,2088.2700000000004,1,498.47999999999706,10.0,0.6899999999995998,-0.44000000000005457
2023-12-28 05:10:00,2023-12-28 05:15:00,Long,2086.85,2086.85,0.0,SL Hit,2086.85,1,498.47999999999706,5.0,-1.449999999999818,0.34999999999990905
2023-12-28 07:10:00,2023-12-28 07:25:00,Long,2086.53,2085.4500000000003,-1.0799999999999272,SL Hit,2085.4500000000003,1,497.39999999999714,15.0,-1.1400000000003274,0.8999999999996362
2023-12-28 09:00:00,2023-12-28 09:55:00,Short,2075.9500000000003,2077.7,-5.249999999998636,SL Hit,2077.7,3,492.1499999999985,55.0,2.0799999999999272,-2.7200000000002547
2023-12-28 10:00:00,2023-12-28 10:35:00,Long,2076.92,2076.92,0.0,SL Hit,2076.92,1,492.1499999999985,35.0,-0.38000000000010914,1.9299999999998363
2023-12-28 10:50:00,2023-12-28 13:20:00,Short,2076.6633333333334,2077.52,-2.569999999999709,SL Hit,2077.52,3,489.5799999999988,150.0,1.5466666666666242,-5.36333333333323
2023-12-28 15:45:00,2023-12-28 15:50:00,Long,2078.1,2077.1,-1.0,SL Hit,2077.1,1,488.5799999999988,5.0,-1.0199999999999818,0.9400000000000546
2023-12-28 15:55:00,2023-12-28 17:45:00,Short,2075.78,2075.49,0.8700000000012551,SL Hit,2075.49,3,489.45000000000005,110.0,1.6299999999996544,-3.4900000000002365
2023-12-28 21:40:00,2023-12-28 23:00:00,Short,2065.2349999999997,2065.63,-0.7900000000008731,SL Hit,2065.63,2,488.6599999999992,80.0,1.6850000000004002,-0.6349999999997635
2023-12-29 00:20:00,2023-12-29 00:30:00,Long,2066.4,2066.4,0.0,SL Hit,2066.4,1,488.6599999999992,10.0,-0.2800000000002001,1.4099999999998545
2023-12-29 01:15:00,2023-12-29 03:15:00,Long,2068.92,2068.1,-3.280000000000655,SL Hit,2068.1,4,485.3799999999985,120.0,-1.4500000000002728,2.319999999999709
2023-12-29 03:20:00,2023-12-29 03:45:00,Short,2068.3,2070.260000000001,-1.9600000000009459,SL Hit,2070.260000000001,1,483.4199999999976,25.0,2.049999999999727,-0.49000000000023647
2023-12-29 08:35:00,2023-12-29 11:15:00,Short,2068.5066666666667,2066.27,6.710000000000036,SL Hit,2066.27,3,490.1299999999976,160.0,3.163333333333412,-6.426666666666733
2023-12-29 12:30:00,2023-12-29 14:40:00,Short,2063.8475,2062.32,6.109999999998763,SL Hit,2062.32,4,496.23999999999637,130.0,3.332499999999982,-5.627500000000055
2023-12-29 15:35:00,2023-12-29 15:40:00,Long,2064.22,2064.22,0.0,SL Hit,2064.22,1,496.23999999999637,5.0,-1.2599999999997635,1.5300000000002
2023-12-29 17:25:00,2023-12-29 17:50:00,Long,2066.4,2065.759999999999,-0.6400000000012369,SL Hit,2065.759999999999,1,495.59999999999513,25.0,-0.9100000000003092,1.3800000000001091
2023-12-29 19:25:00,2023-12-29 20:40:00,Long,2065.5,2064.0,-3.0,SL Hit,2064.0,2,492.59999999999513,75.0,-1.5199999999999818,2.1900000000000546
2023-12-29 21:25:00,2023-12-31 22:00:00,Short,2062.645,2063.16,-1.0299999999997453,SL Hit,2063.16,2,491.5699999999954,2915.0,2.5650000000000546,-0.8449999999997999
2024-01-02 00:20:00,2024-01-02 00:45:00,Short,2063.45,2065.209999999998,-1.7599999999983993,SL Hit,2065.209999999998,1,489.809999999997,25.0,2.0700000000001637,-1.449999999999818
2024-01-02 01:55:00,2024-01-02 03:05:00,Short,2067.375,2068.21,-1.6700000000000728,SL Hit,2068.21,2,488.1399999999969,70.0,1.1849999999999454,-3.1149999999997817
2024-01-02 05:00:00,2024-01-02 05:10:00,Short,2069.63,2070.3100000000004,-0.680000000000291,SL Hit,2070.3100000000004,1,487.4599999999966,10.0,1.8599999999996726,-0.32999999999992724
2024-01-02 14:45:00,2024-01-02 14:55:00,Short,2066.96,2071.2,-4.239999999999782,SL Hit,2071.2,1,483.21999999999684,10.0,3.2399999999997817,-1.0599999999999454
2024-01-02 14:55:00,2024-01-02 15:35:00,Long,2069.06,2063.22,-5.8400000000001455,SL Hit,2063.22,1,477.3799999999967,40.0,-12.409999999999854,1.1799999999998363
2024-01-02 16:50:00,2024-01-02 17:15:00,Long,2066.2,2064.760000000001,-1.4399999999986903,SL Hit,2064.760000000001,1,475.939999999998,25.0,-3.2399999999997817,0.7200000000002547
2024-01-02 19:30:00,2024-01-02 21:50:00,Short,2060.8675,2059.02,7.389999999999418,SL Hit,2059.02,4,483.3299999999974,140.0,1.0125000000002728,-3.167500000000018
2024-01-02 21:55:00,2024-01-02 23:00:00,Long,2058.73,2058.3300000000004,-0.3999999999996362,SL Hit,2058.3300000000004,1,482.9299999999978,65.0,-0.7300000000000182,0.1799999999998363
2024-01-02 23:05:00,2024-01-02 23:25:00,Short,2058.995,2059.24,-0.4899999999997817,SL Hit,2059.24,2,482.439999999998,20.0,0.34500000000025466,-1.194999999999709
2024-01-03 01:20:00,2024-01-03 01:30:00,Short,2060.33,2061.449999999999,-1.1199999999989814,SL Hit,2061.449999999999,1,481.319999999999,10.0,1.6700000000000728,-0.7300000000000182
2024-01-03 05:00:00,2024-01-03 06:50:00,Short,2064.5825,2064.8,-0.8700000000008004,SL Hit,2064.8,4,480.4499999999982,110.0,1.337500000000091,-1.5824999999999818
2024-01-03 07:10:00,2024-01-03 15:00:00,Short,2051.943,2042.17,97.73000000000138,SL Hit,2042.17,10,578.1799999999996,470.0,12.216999999999643,-20.02300000000014
2024-01-03 16:05:00,2024-01-03 18:00:00,Short,2034.0649999999998,2033.51,2.219999999999345,SL Hit,2033.51,4,580.399999999999,115.0,1.6850000000001728,-3.0949999999998
2024-01-03 18:35:00,2024-01-03 18:40:00,Long,2034.24,2034.24,0.0,SL Hit,2034.24,1,580.399999999999,5.0,-0.2400000000000091,1.0199999999999818
2024-01-03 21:00:00,2024-01-03 21:10:00,Long,2040.99,2040.3499999999997,-0.6400000000003274,SL Hit,2040.3499999999997,1,579.7599999999986,10.0,-0.6700000000000728,0.7100000000000364
2024-01-03 21:45:00,2024-01-03 21:55:00,Short,2041.0,2041.4799999999996,-0.47999999999956344,SL Hit,2041.4799999999996,1,579.2799999999991,10.0,0.4900000000000091,-0.21000000000003638
2024-01-03 23:40:00,2024-01-04 00:05:00,Long,2042.67,2042.2699999999995,-0.4000000000005457,SL Hit,2042.2699999999995,1,578.8799999999985,25.0,-0.4700000000000273,0.8899999999998727
2024-01-04 00:10:00,2024-01-04 00:50:00,Long,2042.62,2041.7,-1.8399999999996908,SL Hit,2041.7,2,577.0399999999988,40.0,-0.9399999999998272,0.4700000000000273
2024-01-04 01:00:00,2024-01-04 02:00:00,Short,2042.295,2043.19,-1.7899999999999636,SL Hit,2043.19,2,575.2499999999989,60.0,1.4049999999999727,-2.134999999999991
2024-01-04 02:05:00,2024-01-04 04:10:00,Long,2043.2350000000001,2042.56,-1.3500000000003638,SL Hit,2042.56,2,573.8999999999985,125.0,-0.8350000000000364,3.5249999999998636
2024-01-04 07:35:00,2024-01-04 08:20:00,Long,2048.1266666666666,2046.85,-3.8299999999999272,SL Hit,2046.85,3,570.0699999999986,45.0,-1.426666666666506,1.2333333333335759
2024-01-04 08:25:00,2024-01-04 09:30:00,Short,2047.2350000000001,2048.52,-2.569999999999709,SL Hit,2048.52,2,567.4999999999989,65.0,1.6549999999997453,-1.775000000000091
2024-01-04 11:25:00,2024-01-04 11:40:00,Long,2047.73,2047.2099999999996,-0.5200000000004366,SL Hit,2047.2099999999996,1,566.9799999999984,15.0,-0.8399999999999181,0.36999999999989086
2024-01-04 12:30:00,2024-01-04 13:20:00,Long,2045.23,2044.31,-0.9200000000000728,SL Hit,2044.31,1,566.0599999999984,50.0,-2.4400000000000546,1.759999999999991
2024-01-04 13:30:00,2024-01-04 14:20:00,Short,2041.38,2041.79,-0.819999999999709,SL Hit,2041.79,2,565.2399999999986,50.0,3.009999999999991,-3.6200000000001182
2024-01-04 17:10:00,2024-01-04 19:00:00,Short,2043.5333333333335,2043.95,-1.2499999999995453,SL Hit,2043.95,3,563.9899999999991,110.0,1.426666666666506,-2.833333333333485
2024-01-04 20:55:00,2024-01-04 23:10:00,Short,2043.4499999999998,2044.23,-1.5600000000004002,SL Hit,2044.23,2,562.4299999999987,135.0,0.790000000000191,-1.449999999999818
2024-01-05 00:45:00,2024-01-05 00:50:00,Long,2044.13,2044.13,0.0,SL Hit,2044.13,1,562.4299999999987,5.0,-0.040000000000190994,0.4699999999997999
2024-01-05 03:00:00,2024-01-05 04:20:00,Short,2045.4533333333331,2045.45,0.009999999999308784,SL Hit,2045.45,3,562.439999999998,80.0,0.8066666666668425,-1.253333333333103
2024-01-05 04:25:00,2024-01-05 04:40:00,Long,2045.31,2045.31,0.0,SL Hit,2045.31,1,562.439999999998,15.0,-0.09999999999990905,0.9900000000000091
2024-01-05 08:35:00,2024-01-05 09:10:00,Short,2042.2350000000001,2043.09,-1.7099999999995816,SL Hit,2043.09,2,560.7299999999984,35.0,1.0449999999998454,-0.7350000000001273
2024-01-05 10:45:00,2024-01-05 11:15:00,Long,2038.26,2038.22,-0.03999999999996362,SL Hit,2038.22,1,560.6899999999985,30.0,-0.25,1.9800000000000182
2024-01-05 11:25:00,2024-01-05 12:00:00,Short,2038.63,2039.31,-1.3599999999996726,SL Hit,2039.31,2,559.3299999999988,35.0,1.7899999999999636,-1.290000000000191
2024-01-05 12:45:00,2024-01-05 13:25:00,Long,2040.61,2039.53,-3.2399999999997817,SL Hit,2039.53,3,556.089999999999,40.0,-1.2799999999999727,0.9600000000000364
2024-01-05 18:15:00,2024-01-05 18:25:00,Short,2041.64,2043.2800000000004,-1.6400000000003274,SL Hit,2043.2800000000004,1,554.4499999999987,10.0,1.7699999999999818,-0.41000000000008185
2024-01-05 18:30:00,2024-01-05 19:40:00,Long,2045.7150000000001,2046.6,1.769999999999527,SL Hit,2046.6,2,556.2199999999982,70.0,-2.915000000000191,4.444999999999709
2024-01-05 19:45:00,2024-01-05 21:20:00,Short,2045.2649999999999,2044.76,1.0099999999997635,SL Hit,2044.76,2,557.229999999998,95.0,1.275000000000091,-2.354999999999791
2024-01-05 21:30:00,2024-01-07 23:25:00,Long,2044.99,2043.35,-3.2800000000002,SL Hit,2043.35,2,553.9499999999978,2995.0,-1.7899999999999636,1.6600000000000819
2024-01-07 23:45:00,2024-01-07 23:55:00,Short,2043.98,2044.3799999999997,-0.3999999999996362,SL Hit,2044.3799999999997,1,553.5499999999981,10.0,0.40000000000009095,-1.6800000000000637
2024-01-08 00:00:00,2024-01-08 00:20:00,Short,2044.1,2048.899999999999,-4.799999999999272,SL Hit,2048.899999999999,1,548.7499999999989,20.0,1.6600000000000819,-1.199999999999818
2024-01-08 00:20:00,2024-01-08 00:25:00,Long,2045.18,2045.18,0.0,SL Hit,2045.18,1,548.7499999999989,5.0,-0.8800000000001091,0.6799999999998363
2024-01-08 01:15:00,2024-01-08 01:40:00,Long,2045.31,2043.7100000000005,-1.5999999999994543,SL Hit,2043.7100000000005,1,547.1499999999994,25.0,-2.3099999999999454,1.1900000000000546
2024-01-08 01:40:00,2024-01-08 07:45:00,Short,2036.0466666666664,2031.07,44.789999999998145,SL Hit,2031.07,9,591.9399999999976,365.0,8.563333333333503,-7.846666666666351
2024-01-08 08:10:00,2024-01-08 09:45:00,Short,2029.455,2030.54,-2.1700000000000728,SL Hit,2030.54,2,589.7699999999975,95.0,1.9950000000001182,-2.855000000000018
2024-01-08 10:25:00,2024-01-08 12:45:00,Short,2023.0600000000002,2020.81,6.750000000000682,SL Hit,2020.81,3,596.5199999999982,140.0,5.399999999999864,-4.310000000000173
2024-01-08 19:20:00,2024-01-08 20:05:00,Long,2028.125,2027.5,-1.25,SL Hit,2027.5,2,595.2699999999982,45.0,-0.7349999999999,1.6050000000000182
2024-01-08 22:00:00,2024-01-08 23:00:00,Short,2027.83,2027.87,-0.03999999999996362,SL Hit,2027.87,1,595.2299999999982,60.0,0.5099999999999909,-0.009999999999990905
2024-01-09 01:00:00,2024-01-09 01:20:00,Long,2034.74,2032.5800000000002,-2.1599999999998545,SL Hit,2032.5800000000002,1,593.0699999999983,20.0,-2.269999999999982,0.5899999999999181
2024-01-09 01:20:00,2024-01-09 05:50:00,Short,2033.3428571428574,2032.56,5.4800000000020646,SL Hit,2032.56,7,598.5500000000004,270.0,2.477142857142553,-3.1428571428573377
2024-01-09 07:15:00,2024-01-09 08:10:00,Long,2034.29,2032.7,-3.1799999999998363,SL Hit,2032.7,2,595.3700000000006,55.0,-1.6800000000000637,3.3299999999999272
2024-01-09 11:35:00,2024-01-09 12:10:00,Short,2034.795,2035.42,-1.25,SL Hit,2035.42,2,594.1200000000006,35.0,0.8249999999998181,-1.8949999999999818
2024-01-09 12:30:00,2024-01-09 13:05:00,Long,2035.4233333333334,2034.27,-3.4600000000002638,SL Hit,2034.27,3,590.6600000000003,35.0,-1.9933333333333394,0.8066666666666151
2024-01-09 14:45:00,2024-01-09 16:55:00,Short,2033.37,2030.89,9.919999999999163,SL Hit,2030.89,4,600.5799999999995,130.0,2.6400000000001,-7.25
2024-01-09 17:35:00,2024-01-09 19:00:00,Short,2028.3449999999998,2029.18,-1.6700000000005275,SL Hit,2029.18,2,598.909999999999,85.0,0.8850000000002183,-1.944999999999709
2024-01-09 19:05:00,2024-01-09 19:15:00,Long,2028.72,2028.72,0.0,SL Hit,2028.72,1,598.909999999999,10.0,-0.8199999999999363,0.7999999999999545
2024-01-09 19:45:00,2024-01-09 19:50:00,Short,2027.98,2028.7400000000002,-0.7600000000002183,SL Hit,2028.7400000000002,1,598.1499999999987,5.0,0.9300000000000637,-0.9800000000000182
2024-01-10 00:15:00,2024-01-10 00:20:00,Long,2030.66,2030.6200000000001,-0.03999999999996362,SL Hit,2030.6200000000001,1,598.1099999999988,5.0,-0.41000000000008185,0.2999999999999545
2024-01-10 01:05:00,2024-01-10 01:45:00,Short,2029.82,2035.0999999999997,-5.279999999999745,SL Hit,2035.0999999999997,1,592.829999999999,40.0,1.8400000000001455,-2.519999999999982
2024-01-10 01:45:00,2024-01-10 02:05:00,Long,2030.6,2030.6,0.0,SL Hit,2030.6,1,592.829999999999,20.0,-0.09999999999990905,1.7800000000002
2024-01-10 03:45:00,2024-01-10 04:30:00,Short,2029.78,2029.65,0.25999999999976353,SL Hit,2029.65,2,593.0899999999988,45.0,0.8399999999999181,-1.6499999999998636
2024-01-10 04:40:00,2024-01-10 04:45:00,Long,2029.5,2029.5,0.0,SL Hit,2029.5,1,593.0899999999988,5.0,-0.05999999999994543,0.7899999999999636
2024-01-10 05:30:00,2024-01-10 07:10:00,Short,2027.2325,2026.41,3.2899999999999636,SL Hit,2026.41,4,596.3799999999987,100.0,2.457499999999982,-3.3825000000001637
2024-01-10 09:55:00,2024-01-10 11:10:00,Long,2035.54,2034.54,-1.0,SL Hit,2034.54,1,595.3799999999987,75.0,-1.0,4.650000000000091
2024-01-10 11:10:00,2024-01-10 12:05:00,Short,2034.37,2034.7,-0.6600000000003092,SL Hit,2034.7,2,594.7199999999984,55.0,0.6200000000001182,-2.269999999999982
2024-01-10 12:10:00,2024-01-10 12:15:00,Long,2034.64,2034.5599999999993,-0.08000000000083674,SL Hit,2034.5599999999993,1,594.6399999999976,5.0,-0.6600000000000819,0.6399999999998727
2024-01-10 14:05:00,2024-01-10 14:30:00,Short,2029.87,2031.23,-2.7200000000002547,SL Hit,2031.23,2,591.9199999999973,25.0,2.9500000000000455,-1.1099999999999
2024-01-10 14:45:00,2024-01-10 15:30:00,Short,2027.335,2027.61,-0.5499999999997272,SL Hit,2027.61,2,591.3699999999976,45.0,1.6050000000000182,-2.535000000000082
2024-01-10 18:15:00,2024-01-10 19:55:00,Short,2023.635,2024.25,-1.2300000000000182,SL Hit,2024.25,2,590.1399999999976,100.0,0.6150000000000091,-3.244999999999891
2024-01-11 00:20:00,2024-01-11 00:25:00,Long,2026.3,2026.3,0.0,SL Hit,2026.3,1,590.1399999999976,5.0,-0.20000000000004547,1.259999999999991
2024-01-11 00:50:00,2024-01-11 01:40:00,Long,2028.0199999999998,2027.2,-2.459999999999127,SL Hit,2027.2,3,587.6799999999985,50.0,-1.1199999999996635,0.7400000000002365
2024-01-11 04:45:00,2024-01-11 06:15:00,Long,2032.04,2031.9,-0.419999999999618,SL Hit,2031.9,3,587.2599999999989,90.0,-1.3399999999999181,2.8199999999999363
2024-01-11 06:40:00,2024-01-11 07:00:00,Long,2033.25,2033.2,-0.09999999999990905,SL Hit,2033.2,2,587.159999999999,20.0,-0.25,1.599999999999909
2024-01-11 07:20:00,2024-01-11 07:30:00,Long,2033.94,2033.94,0.0,SL Hit,2033.94,1,587.159999999999,10.0,-0.6400000000001,1.6099999999999
2024-01-11 07:55:00,2024-01-11 09:50:00,Short,2032.7233333333334,2032.13,1.7799999999997453,SL Hit,2032.13,3,588.9399999999987,115.0,1.8066666666666151,-3.3233333333332666
2024-01-11 10:45:00,2024-01-11 10:55:00,Long,2031.59,2031.59,0.0,SL Hit,2031.59,1,588.9399999999987,10.0,-0.1799999999998363,0.44000000000005457
2024-01-11 12:15:00,2024-01-11 13:00:00,Short,2033.19,2033.97,-1.5599999999999454,SL Hit,2033.97,2,587.3799999999987,45.0,1.0599999999999454,-1.3500000000001364
2024-01-11 13:05:00,2024-01-11 13:30:00,Long,2033.63,2033.2699999999995,-0.3600000000005821,SL Hit,2033.2699999999995,1,587.0199999999982,25.0,-7.360000000000127,5.329999999999927
2024-01-11 13:35:00,2024-01-11 14:35:00,Short,2030.655,2032.29,-3.269999999999982,SL Hit,2032.29,2,583.7499999999982,60.0,3.7450000000001182,-5.615000000000009
2024-01-11 15:10:00,2024-01-11 15:35:00,Short,2027.16,2033.1200000000001,-5.960000000000036,SL Hit,2033.1200000000001,1,577.7899999999981,25.0,5.289999999999964,-1.490000000000009
2024-01-11 15:35:00,2024-01-11 15:40:00,Long,2030.16,2030.16,0.0,SL Hit,2030.16,1,577.7899999999981,5.0,-0.650000000000091,1.5
2024-01-11 16:15:00,2024-01-11 19:00:00,Short,2017.8579999999997,2016.79,5.339999999998781,SL Hit,2016.79,5,583.1299999999969,165.0,8.472000000000207,-4.46799999999962
2024-01-12 01:05:00,2024-01-12 01:25:00,Short,2031.225,2032.33,-2.2100000000000364,SL Hit,2032.33,2,580.9199999999969,20.0,1.525000000000091,-0.9049999999999727
2024-01-12 04:15:00,2024-01-12 04:40:00,Short,2033.185,2033.99,-1.6100000000001273,SL Hit,2033.99,2,579.3099999999968,25.0,1.2150000000001455,-0.7849999999998545
2024-01-12 05:40:00,2024-01-12 05:50:00,Short,2034.37,2034.76,-0.7800000000002001,SL Hit,2034.76,2,578.5299999999966,10.0,0.75,-0.6699999999998454
2024-01-12 07:25:00,2024-01-12 09:45:00,Long,2038.1860000000001,2038.81,3.1199999999989814,SL Hit,2038.81,5,581.6499999999955,140.0,-2.8860000000001946,1.7439999999999145
2024-01-12 10:25:00,2024-01-12 11:45:00,Long,2041.7233333333334,2044.8,9.22999999999979,SL Hit,2044.8,3,590.8799999999953,80.0,-3.023333333333312,5.276666666666642
2024-01-12 11:50:00,2024-01-12 12:00:00,Short,2045.06,2048.9,-3.8400000000001455,SL Hit,2048.9,1,587.0399999999952,10.0,4.320000000000164,-0.9600000000000364
2024-01-15 01:30:00,2024-01-15 04:00:00,Long,2052.8275000000003,2055.9,12.289999999999054,SL Hit,2055.9,4,599.3299999999942,150.0,-3.917500000000473,5.192499999999654
2024-01-15 06:25:00,2024-01-15 06:55:00,Long,2055.32,2055.32,0.0,SL Hit,2055.32,1,599.3299999999942,30.0,-1.0199999999999818,1.5299999999997453
2024-01-15 07:30:00,2024-01-15 08:05:00,Short,2054.13,2054.73,-1.199999999999818,SL Hit,2054.73,2,598.1299999999944,35.0,1.6799999999998363,-1.1400000000003274
2024-01-15 10:00:00,2024-01-15 11:00:00,Short,2053.97,2053.53,1.3199999999987995,SL Hit,2053.53,3,599.4499999999932,60.0,0.8900000000003274,-2.269999999999982
2024-01-15 11:05:00,2024-01-15 11:10:00,Long,2052.99,2052.99,0.0,SL Hit,2052.99,1,599.4499999999932,5.0,-0.7099999999995816,0.330000000000382
2024-01-15 16:40:00,2024-01-15 16:55:00,Long,2054.29,2054.13,-0.15999999999985448,SL Hit,2054.13,1,599.2899999999934,15.0,-0.38000000000010914,0.5199999999999818
2024-01-15 18:40:00,2024-01-15 23:00:00,Short,2054.54,2054.76,-0.8800000000010186,SL Hit,2054.76,4,598.4099999999924,260.0,0.42000000000007276,-0.9899999999997817
2024-01-15 23:10:00,2024-01-15 23:30:00,Long,2054.465,2053.6,-1.730000000000473,SL Hit,2053.6,2,596.6799999999919,20.0,-2.0650000000000546,0.7749999999996362
2024-01-16 02:20:00,2024-01-16 03:00:00,Short,2050.705,2050.81,-0.21000000000003638,SL Hit,2050.81,2,596.4699999999918,40.0,0.4050000000002001,-1.4049999999997453
2024-01-16 03:05:00,2024-01-16 03:10:00,Long,2050.72,2050.72,0.0,SL Hit,2050.72,1,596.4699999999918,5.0,-0.18999999999959982,0.7699999999999818
2024-01-16 03:15:00,2024-01-16 03:30:00,Long,2050.75,2046.9500000000007,-3.7999999999992724,SL Hit,2046.9500000000007,1,592.6699999999926,15.0,-1.050000000000182,0.23999999999978172
2024-01-16 03:30:00,2024-01-16 06:10:00,Short,2049.03,2049.16,-0.3899999999989632,SL Hit,2049.16,3,592.2799999999936,160.0,1.4399999999995998,-1.650000000000091
2024-01-16 06:35:00,2024-01-16 07:20:00,Long,2049.13,2048.68,-0.9000000000005457,SL Hit,2048.68,2,591.3799999999931,45.0,-1.3300000000001546,1.7100000000000364
2024-01-16 08:10:00,2024-01-16 09:50:00,Short,2044.7050000000002,2041.24,13.860000000000582,SL Hit,2041.24,4,605.2399999999936,100.0,5.164999999999736,-6.295000000000073
2024-01-16 10:45:00,2024-01-16 11:15:00,Short,2039.8200000000002,2040.88,-2.119999999999891,SL Hit,2040.88,2,603.1199999999938,30.0,1.1199999999998909,-1.0200000000002092
2024-01-16 11:25:00,2024-01-16 13:30:00,Short,2038.6599999999999,2038.92,-1.0400000000008731,SL Hit,2038.92,4,602.0799999999929,125.0,1.8300000000001546,-7.2199999999998
2024-01-16 17:05:00,2024-01-16 17:35:00,Short,2029.1750000000002,2028.5,1.3500000000003638,SL Hit,2028.5,2,603.4299999999932,30.0,3.444999999999709,-3.5450000000000728
2024-01-16 18:15:00,2024-01-16 18:30:00,Short,2025.9,2027.7000000000003,-1.800000000000182,SL Hit,2027.7000000000003,1,601.6299999999931,15.0,2.8099999999999454,-0.5600000000001728
2024-01-16 18:30:00,2024-01-16 21:00:00,Long,2027.66,2027.4,-1.0399999999999636,SL Hit,2027.4,4,600.5899999999931,150.0,-3.759999999999991,2.3799999999998818
2024-01-16 21:05:00,2024-01-16 21:30:00,Short,2027.55,2028.0699999999995,-0.5199999999995271,SL Hit,2028.0699999999995,1,600.0699999999936,25.0,0.5399999999999636,-0.5499999999999545
2024-01-16 21:35:00,2024-01-16 21:50:00,Short,2027.96,2028.16,-0.40000000000009095,SL Hit,2028.16,2,599.6699999999935,15.0,0.2999999999999545,-1.0599999999999454
2024-01-16 21:55:00,2024-01-16 22:00:00,Short,2028.38,2029.6200000000008,-1.2400000000006912,SL Hit,2029.6200000000008,1,598.4299999999928,5.0,-0.0,-0.3100000000001728
2024-01-16 22:00:00,2024-01-16 23:00:00,Long,2028.07,2028.07,0.0,SL Hit,2028.07,1,598.4299999999928,60.0,-0.5599999999999454,0.20000000000004547
2024-01-16 23:15:00,2024-01-16 23:45:00,Short,2027.005,2026.82,0.3700000000003456,SL Hit,2026.82,2,598.7999999999931,30.0,0.5549999999998363,-1.7050000000001546
2024-01-17 00:25:00,2024-01-17 02:35:00,Long,2028.5633333333335,2027.9,-1.9900000000002365,SL Hit,2027.9,3,596.8099999999929,130.0,-2.0233333333335395,3.796666666666397
2024-01-17 03:35:00,2024-01-17 04:25:00,Short,2025.1533333333334,2024.67,1.4500000000000455,SL Hit,2024.67,3,598.2599999999929,50.0,1.166666666666515,-2.553333333333512
2024-01-17 04:45:00,2024-01-17 04:50:00,Long,2024.83,2024.79,-0.03999999999996362,SL Hit,2024.79,1,598.219999999993,5.0,-0.32999999999992724,0.8400000000001455
2024-01-17 07:10:00,2024-01-17 07:40:00,Short,2018.5,2023.3000000000002,-4.800000000000182,SL Hit,2023.3000000000002,1,593.4199999999928,30.0,5.880000000000109,-1.2000000000000455
2024-01-17 08:35:00,2024-01-17 10:20:00,Short,2023.9250000000002,2024.22,-0.5899999999996908,SL Hit,2024.22,2,592.8299999999931,105.0,1.4249999999997272,-4.775000000000091
2024-01-17 13:05:00,2024-01-17 17:45:00,Short,2014.8957142857141,2006.59,58.13999999999942,SL Hit,2006.59,7,650.9699999999925,280.0,12.624285714285861,-11.405714285714112
2024-01-17 21:30:00,2024-01-17 23:05:00,Short,2006.04,2007.2799999999997,-1.2399999999997817,SL Hit,2007.2799999999997,1,649.7299999999927,95.0,2.410000000000082,-0.9400000000000546
2024-01-18 04:35:00,2024-01-18 04:50:00,Short,2008.05,2008.6099999999994,-0.5599999999994907,SL Hit,2008.6099999999994,1,649.1699999999933,15.0,1.0499999999999545,-0.34999999999990905
2024-01-18 07:45:00,2024-01-18 08:00:00,Long,2013.37,2011.4900000000007,-1.8799999999991996,SL Hit,2011.4900000000007,1,647.289999999994,15.0,-1.9099999999998545,0.36000000000012733
2024-01-18 09:30:00,2024-01-18 09:50:00,Long,2012.04,2011.3599999999997,-0.680000000000291,SL Hit,2011.3599999999997,1,646.6099999999938,20.0,-0.7999999999999545,0.5699999999999363
2024-01-18 11:05:00,2024-01-18 11:10:00,Long,2011.09,2010.7700000000002,-0.31999999999970896,SL Hit,2010.7700000000002,1,646.289999999994,5.0,-0.8899999999998727,0.5199999999999818
2024-01-18 11:20:00,2024-01-18 11:35:00,Long,2012.14,2011.26,-0.8800000000001091,SL Hit,2011.26,1,645.4099999999939,15.0,-0.9400000000000546,0.7599999999999909
2024-01-18 11:40:00,2024-01-18 13:00:00,Long,2013.335,2013.92,2.3400000000001455,SL Hit,2013.92,4,647.7499999999941,80.0,-1.8949999999999818,3.6849999999999454
2024-01-18 14:40:00,2024-01-18 17:05:00,Long,2013.3149999999998,2013.7,2.3100000000013097,SL Hit,2013.7,6,650.0599999999954,145.0,-2.2949999999998454,4.275000000000091
2024-01-18 17:15:00,2024-01-18 18:20:00,Short,2015.345,2016.52,-2.349999999999909,SL Hit,2016.52,2,647.7099999999955,65.0,2.8450000000000273,-1.5050000000001091
2024-01-18 19:25:00,2024-01-18 20:10:00,Short,2019.675,2020.57,-1.7899999999999636,SL Hit,2020.57,2,645.9199999999955,45.0,0.9950000000001182,-0.6749999999999545
2024-01-18 20:15:00,2024-01-18 21:15:00,Long,2021.42,2021.58,0.31999999999970896,SL Hit,2021.58,2,646.2399999999952,60.0,-0.9400000000000546,1.3399999999999181
2024-01-19 03:35:00,2024-01-19 03:40:00,Short,2022.38,2022.8200000000006,-0.4400000000005093,SL Hit,2022.8200000000006,1,645.7999999999947,5.0,0.4699999999997999,-0.15000000000009095
2024-01-19 04:05:00,2024-01-19 05:30:00,Short,2021.3933333333334,2021.28,0.3400000000003729,SL Hit,2021.28,3,646.1399999999951,85.0,0.8266666666665969,-1.6933333333333849
2024-01-19 05:35:00,2024-01-19 05:50:00,Short,2020.9,2021.36,-0.919999999999618,SL Hit,2021.36,2,645.2199999999955,15.0,0.9099999999998545,-1.300000000000182
2024-01-19 05:55:00,2024-01-19 06:00:00,Long,2021.21,2020.9700000000003,-0.23999999999978172,SL Hit,2020.9700000000003,1,644.9799999999957,5.0,-0.40000000000009095,0.9800000000000182
2024-01-19 06:05:00,2024-01-19 08:15:00,Long,2023.1439999999998,2026.98,19.1800000000012,SL Hit,2026.98,5,664.1599999999969,130.0,-2.143999999999778,6.1460000000001855
2024-01-19 08:50:00,2024-01-19 09:25:00,Long,2028.975,2029.0,0.0500000000001819,SL Hit,2029.0,2,664.2099999999971,35.0,-0.7149999999999181,1.615000000000009
2024-01-19 09:30:00,2024-01-19 10:50:00,Short,2029.5700000000002,2030.59,-2.039999999999509,SL Hit,2030.59,2,662.1699999999976,80.0,1.0899999999999181,-1.9200000000000728
2024-01-19 11:00:00,2024-01-19 11:10:00,Long,2030.44,2030.44,0.0,SL Hit,2030.44,1,662.1699999999976,10.0,-0.2599999999999909,1.0799999999999272
2024-01-19 18:35:00,2024-01-19 18:50:00,Short,2027.295,2027.77,-0.9499999999998181,SL Hit,2027.77,2,661.2199999999978,15.0,0.5149999999998727,-0.6649999999999636
2024-01-19 19:00:00,2024-01-19 20:40:00,Long,2028.4975000000002,2028.04,-1.8300000000008367,SL Hit,2028.04,4,659.3899999999969,100.0,-1.3975000000002638,0.9224999999999
2024-01-19 20:50:00,2024-01-19 21:35:00,Short,2028.53,2029.3,-1.5399999999999636,SL Hit,2029.3,2,657.849999999997,45.0,1.0,-0.7899999999999636
2024-01-19 21:40:00,2024-01-19 21:55:00,Long,2029.37,2028.5300000000007,-0.839999999999236,SL Hit,2028.5300000000007,1,657.0099999999977,15.0,-1.0699999999999363,0.42000000000007276
2024-01-21 23:05:00,2024-01-22 00:45:00,Short,2028.0300000000002,2028.42,-0.7799999999997453,SL Hit,2028.42,2,656.229999999998,100.0,0.6699999999998454,-2.5100000000002183
2024-01-22 00:55:00,2024-01-22 01:50:00,Long,2029.13,2029.2,0.13999999999987267,SL Hit,2029.2,2,656.3699999999978,55.0,-1.0600000000001728,2.7899999999999636
2024-01-22 02:30:00,2024-01-22 06:25:00,Short,2026.08625,2023.76,18.610000000000582,SL Hit,2023.76,8,674.9799999999984,235.0,3.7637499999998454,-5.9962500000001455
2024-01-22 08:05:00,2024-01-22 08:25:00,Short,2022.2,2025.5600000000006,-3.360000000000582,SL Hit,2025.5600000000006,1,671.6199999999978,20.0,3.6699999999998454,-0.8400000000001455
2024-01-22 08:25:00,2024-01-22 08:30:00,Long,2024.24,2023.3999999999999,-0.8400000000001455,SL Hit,2023.3999999999999,1,670.7799999999977,5.0,-1.6900000000000546,1.6299999999998818
2024-01-22 12:50:00,2024-01-22 13:10:00,Long,2028.94,2026.3799999999997,-2.5600000000004,SL Hit,2026.3799999999997,1,668.2199999999973,20.0,-3.019999999999982,1.0299999999999727
2024-01-22 14:35:00,2024-01-22 14:50:00,Short,2020.2649999999999,2022.71,-4.890000000000327,SL Hit,2022.71,2,663.329999999997,15.0,3.2050000000001546,-2.8049999999998363
2024-01-22 17:20:00,2024-01-22 17:25:00,Long,2023.66,2023.66,0.0,SL Hit,2023.66,1,663.329999999997,5.0,-0.39000000000010004,0.7599999999999909
2024-01-22 17:55:00,2024-01-22 21:40:00,Short,2021.2275,2020.89,1.3499999999994543,SL Hit,2020.89,4,664.6799999999964,225.0,1.1925000000001091,-2.527499999999918
2024-01-22 23:35:00,2024-01-23 00:50:00,Short,2020.94,2022.7800000000002,-1.8400000000001455,SL Hit,2022.7800000000002,1,662.8399999999963,75.0,2.119999999999891,-0.9400000000000546
2024-01-23 05:15:00,2024-01-23 07:25:00,Long,2028.3266666666666,2029.0,2.020000000000209,SL Hit,2029.0,3,664.8599999999965,130.0,-1.0266666666666424,9.323333333333494
2024-01-23 09:30:00,2024-01-23 10:05:00,Long,2029.2,2027.12,-4.160000000000309,SL Hit,2027.12,2,660.6999999999962,35.0,-3.1700000000000728,1.1199999999998909
2024-01-23 10:35:00,2024-01-23 12:05:00,Short,2025.102,2024.11,4.960000000000946,SL Hit,2024.11,5,665.6599999999971,90.0,1.9179999999998927,-2.622000000000071
2024-01-23 12:30:00,2024-01-23 13:50:00,Long,2024.9733333333334,2025.38,1.2200000000002547,SL Hit,2025.38,3,666.8799999999974,80.0,-1.0233333333333121,3.806666666666615
2024-01-23 14:15:00,2024-01-23 14:35:00,Short,2023.4450000000002,2024.11,-1.3299999999994725,SL Hit,2024.11,2,665.5499999999979,20.0,1.5249999999998636,-1.4350000000001728
2024-01-23 20:25:00,2024-01-23 21:30:00,Short,2028.6100000000001,2028.8,-0.3799999999996544,SL Hit,2028.8,2,665.1699999999983,65.0,0.2899999999999636,-1.3100000000001728
2024-01-23 21:45:00,2024-01-23 21:50:00,Long,2028.66,2028.66,0.0,SL Hit,2028.66,1,665.1699999999983,5.0,-0.029999999999972715,0.37999999999988177
2024-01-23 23:10:00,2024-01-24 01:10:00,Short,2028.3700000000001,2027.88,1.4700000000000273,SL Hit,2027.88,3,666.6399999999983,120.0,1.1899999999998272,-2.4700000000000273
2024-01-24 02:10:00,2024-01-24 03:45:00,Short,2025.4966666666667,2024.97,1.5799999999999272,SL Hit,2024.97,3,668.2199999999982,95.0,1.173333333333403,-2.196666666666715
2024-01-24 08:25:00,2024-01-24 09:05:00,Short,2030.4,2032.16,-3.519999999999982,SL Hit,2032.16,2,664.6999999999982,40.0,2.240000000000009,-2.1900000000000546
2024-01-24 10:20:00,2024-01-24 10:55:00,Short,2030.84,2031.8,-0.9600000000000364,SL Hit,2031.8,1,663.7399999999982,35.0,2.0,-1.8399999999999181
2024-01-24 13:15:00,2024-01-24 13:25:00,Long,2034.09,2032.6900000000003,-1.3999999999996362,SL Hit,2032.6900000000003,1,662.3399999999986,10.0,-1.7999999999999545,1.6100000000001273
2024-01-24 14:35:00,2024-01-24 16:55:00,Short,2021.9866666666667,2015.2,20.3599999999999,SL Hit,2015.2,3,682.6999999999985,140.0,9.803333333333285,-10.13666666666677
2024-01-24 18:20:00,2024-01-24 21:50:00,Short,2013.9633333333331,2012.96,6.019999999998618,SL Hit,2012.96,6,688.7199999999971,210.0,2.5466666666668516,-2.743333333333112
2024-01-25 00:15:00,2024-01-25 00:35:00,Short,2015.77,2016.11,-0.6799999999998363,SL Hit,2016.11,2,688.0399999999972,20.0,0.7100000000000364,-0.7699999999999818
2024-01-25 03:30:00,2024-01-25 03:55:00,Long,2016.07,2015.1,-1.9400000000000546,SL Hit,2015.1,2,686.0999999999972,25.0,-0.9700000000000273,0.4600000000000364
2024-01-25 04:25:00,2024-01-25 06:30:00,Short,2015.4166666666667,2015.83,-1.2399999999995543,SL Hit,2015.83,3,684.8599999999976,125.0,0.893333333333203,-1.4166666666667425
2024-01-25 08:10:00,2024-01-25 09:30:00,Short,2014.1433333333334,2014.64,-1.490000000000009,SL Hit,2014.64,3,683.3699999999976,80.0,1.316666666666606,-1.4133333333334122
2024-01-25 09:35:00,2024-01-25 10:30:00,Long,2017.025,2017.4,0.75,SL Hit,2017.4,2,684.1199999999976,55.0,-2.644999999999982,2.115000000000009
2024-01-25 12:20:00,2024-01-25 13:15:00,Short,2014.62,2015.95,-2.6600000000003092,SL Hit,2015.95,2,681.4599999999973,55.0,2.6000000000001364,-1.2399999999997817
2024-01-25 15:20:00,2024-01-25 18:10:00,Short,2018.7900000000002,2016.34,7.3500000000008185,SL Hit,2016.34,3,688.8099999999981,170.0,4.029999999999745,-6.180000000000291
2024-01-25 21:55:00,2024-01-26 00:25:00,Long,2019.67,2019.8,0.3899999999996453,SL Hit,2019.8,3,689.1999999999978,150.0,-1.2200000000000273,1.4399999999998272
2024-01-26 03:45:00,2024-01-26 04:20:00,Short,2021.6200000000001,2021.99,-1.1099999999996726,SL Hit,2021.99,3,688.0899999999981,35.0,0.5799999999999272,-1.3200000000001637
2024-01-26 04:25:00,2024-01-26 04:30:00,Long,2021.0,2021.0,0.0,SL Hit,2021.0,1,688.0899999999981,5.0,0.0,1.2699999999999818
2024-01-26 05:25:00,2024-01-26 05:30:00,Short,2021.35,2021.7499999999995,-0.3999999999996362,SL Hit,2021.7499999999995,1,687.6899999999985,5.0,1.050000000000182,-0.09999999999990905
2024-01-26 07:05:00,2024-01-26 07:35:00,Short,2021.9450000000002,2022.36,-0.8299999999994725,SL Hit,2022.36,2,686.859999999999,30.0,0.6449999999997544,-2.0850000000002638
2024-01-26 08:45:00,2024-01-26 08:50:00,Short,2020.72,2021.4400000000003,-0.7200000000002547,SL Hit,2021.4400000000003,1,686.1399999999987,5.0,0.849999999999909,-0.7200000000000273
2024-01-26 10:45:00,2024-01-26 10:55:00,Long,2022.62,2022.62,0.0,SL Hit,2022.62,1,686.1399999999987,10.0,-0.01999999999998181,1.1300000000001091
2024-01-26 12:30:00,2024-01-26 13:45:00,Short,2021.395,2024.46,-6.130000000000109,SL Hit,2024.46,2,680.0099999999986,75.0,3.394999999999982,-2.275000000000091
2024-01-26 18:05:00,2024-01-26 18:25:00,Short,2016.68,2018.1200000000006,-1.4400000000005093,SL Hit,2018.1200000000006,1,678.5699999999981,20.0,1.5,-0.6300000000001091
2024-01-29 01:00:00,2024-01-29 01:40:00,Long,2023.15,2023.15,0.0,SL Hit,2023.15,2,678.5699999999981,40.0,-1.300000000000182,2.0
2024-01-29 01:50:00,2024-01-29 02:45:00,Short,2023.455,2023.95,-0.9900000000002365,SL Hit,2023.95,2,677.5799999999979,55.0,0.875,-1.9849999999999
2024-01-29 06:45:00,2024-01-29 08:10:00,Long,2030.165,2030.88,1.430000000000291,SL Hit,2030.88,2,679.0099999999982,85.0,-3.1649999999999636,3.3150000000000546
2024-01-29 09:00:00,2024-01-29 11:55:00,Short,2028.2416666666668,2027.7,3.2500000000004547,SL Hit,2027.7,6,682.2599999999986,175.0,3.608333333333121,-2.841666666666697
2024-01-29 12:50:00,2024-01-29 13:20:00,Short,2028.74,2029.66,-1.8400000000001455,SL Hit,2029.66,2,680.4199999999985,30.0,0.9200000000000728,-0.8399999999999181
2024-01-29 16:45:00,2024-01-29 16:50:00,Long,2026.97,2026.97,0.0,SL Hit,2026.97,1,680.4199999999985,5.0,-0.9700000000000273,0.7699999999999818
2024-01-29 18:50:00,2024-01-29 19:05:00,Short,2025.76,2026.78,-2.0399999999999636,SL Hit,2026.78,2,678.3799999999985,15.0,1.2699999999999818,-0.7000000000000455
2024-01-30 01:55:00,2024-01-30 02:45:00,Short,2030.845,2030.97,-0.25,SL Hit,2030.97,2,678.1299999999985,50.0,0.6749999999999545,-1.7450000000001182
2024-01-30 03:40:00,2024-01-30 04:45:00,Long,2032.2649999999999,2031.4,-1.7299999999995634,SL Hit,2031.4,2,676.399999999999,65.0,-1.1149999999997817,0.665000000000191
2024-01-30 05:05:00,2024-01-30 05:25:00,Short,2031.73,2032.65,-0.9200000000000728,SL Hit,2032.65,1,675.4799999999989,20.0,1.240000000000009,-0.2300000000000182
2024-01-30 05:35:00,2024-01-30 05:40:00,Long,2032.72,2032.72,0.0,SL Hit,2032.72,1,675.4799999999989,5.0,-0.7200000000000273,0.4900000000000091
2024-01-30 08:25:00,2024-01-30 08:40:00,Long,2038.33,2037.21,-1.1199999999998909,SL Hit,2037.21,1,674.359999999999,15.0,-1.2300000000000182,0.42000000000007276
2024-01-30 09:15:00,2024-01-30 10:40:00,Short,2037.256666666667,2037.13,0.3800000000003365,SL Hit,2037.13,3,674.7399999999993,85.0,0.9533333333331484,-2.1766666666669607
2024-01-30 10:55:00,2024-01-30 12:55:00,Short,2035.71,2036.14,-0.8600000000001273,SL Hit,2036.14,2,673.8799999999992,120.0,0.5499999999999545,-3.6000000000001364
2024-01-30 13:00:00,2024-01-30 13:10:00,Long,2034.6,2034.6,0.0,SL Hit,2034.6,1,673.8799999999992,10.0,-1.209999999999809,1.9100000000000819
2024-01-30 16:20:00,2024-01-30 18:35:00,Long,2032.835,2032.42,-1.6599999999998545,SL Hit,2032.42,4,672.2199999999993,135.0,-2.035000000000082,3.2049999999999272
2024-01-30 18:40:00,2024-01-30 19:05:00,Short,2032.3,2034.5799999999997,-2.2799999999997453,SL Hit,2034.5799999999997,1,669.9399999999996,25.0,1.8099999999999454,-0.5799999999999272
2024-01-30 19:05:00,2024-01-30 23:10:00,Long,2035.3474999999999,2035.85,2.0100000000002183,SL Hit,2035.85,4,671.9499999999998,245.0,-2.147499999999809,1.5525000000002365
2024-01-30 23:30:00,2024-01-30 23:35:00,Short,2035.96,2036.0,-0.03999999999996362,SL Hit,2036.0,1,671.9099999999999,5.0,0.20000000000004547,-0.36000000000012733
2024-01-31 03:05:00,2024-01-31 03:15:00,Long,2033.64,2033.64,0.0,SL Hit,2033.64,1,671.9099999999999,10.0,-0.22000000000002728,0.4499999999998181
2024-01-31 03:40:00,2024-01-31 03:55:00,Short,2033.39,2035.1500000000003,-1.7600000000002183,SL Hit,2035.1500000000003,1,670.1499999999996,15.0,0.5099999999999909,-0.4900000000000091
2024-01-31 03:55:00,2024-01-31 04:05:00,Long,2032.9,2032.9,0.0,SL Hit,2032.9,1,670.1499999999996,10.0,-0.5,1.0
2024-01-31 04:45:00,2024-01-31 05:10:00,Long,2033.79,2033.79,0.0,SL Hit,2033.79,1,670.1499999999996,25.0,0.0,0.8900000000001
2024-01-31 10:35:00,2024-01-31 12:15:00,Short,2037.8733333333332,2038.32,-1.3400000000001455,SL Hit,2038.32,3,668.8099999999995,100.0,0.8966666666667606,-1.3533333333332394
2024-01-31 12:20:00,2024-01-31 12:25:00,Long,2038.44,2038.2400000000002,-0.1999999999998181,SL Hit,2038.2400000000002,1,668.6099999999997,5.0,-0.20000000000004547,0.7100000000000364
2024-01-31 13:10:00,2024-01-31 13:30:00,Short,2037.945,2038.95,-2.0100000000002183,SL Hit,2038.95,2,666.5999999999995,20.0,2.6549999999999727,-2.144999999999982
2024-01-31 15:15:00,2024-01-31 15:20:00,Long,2053.35,2053.35,0.0,SL Hit,2053.35,1,666.5999999999995,5.0,-2.150000000000091,2.430000000000291
2024-01-31 16:00:00,2024-01-31 19:40:00,Short,2049.2157142857145,2046.89,16.280000000000882,SL Hit,2046.89,7,682.8800000000003,220.0,4.27428571428527,-9.155714285714566
2024-02-01 19:30:00,2024-02-01 20:30:00,Short,2054.986666666667,2055.18,-0.5799999999981083,SL Hit,2055.18,3,682.3000000000022,60.0,1.6333333333327573,-1.5366666666673154
2024-02-01 20:40:00,2024-02-01 21:00:00,Long,2054.9049999999997,2054.2,-1.4099999999998545,SL Hit,2054.2,2,680.8900000000024,20.0,-1.4049999999997453,0.5750000000002728
2024-02-01 21:05:00,2024-02-01 23:10:00,Short,2054.62,2055.2,-1.1599999999998545,SL Hit,2055.2,2,679.7300000000025,125.0,0.9200000000000728,-1.1199999999998909
2024-02-02 01:50:00,2024-02-02 02:20:00,Long,2054.315,2052.8,-3.0299999999997453,SL Hit,2052.8,2,676.7000000000028,30.0,-2.1550000000002,0.9049999999997453
2024-02-02 04:00:00,2024-02-02 04:25:00,Long,2054.51,2054.3099999999995,-0.2000000000007276,SL Hit,2054.3099999999995,1,676.500000000002,25.0,-0.3100000000004002,1.3299999999999272
2024-02-02 05:35:00,2024-02-02 05:55:00,Long,2055.26,2055.26,0.0,SL Hit,2055.26,1,676.500000000002,20.0,-0.6600000000003092,1.1599999999998545
2024-02-02 06:05:00,2024-02-02 06:20:00,Long,2055.76,2055.16,-0.6000000000003638,SL Hit,2055.16,1,675.9000000000017,15.0,-1.4400000000000546,0.7299999999995634
2024-02-02 07:05:00,2024-02-02 07:30:00,Short,2055.36,2057.8800000000006,-2.5200000000004366,SL Hit,2057.8800000000006,1,673.3800000000012,25.0,1.5,-0.6300000000001091
2024-02-02 07:30:00,2024-02-02 07:50:00,Long,2055.34,2054.96,-0.7600000000002183,SL Hit,2054.96,2,672.620000000001,20.0,-0.6200000000003456,0.819999999999709
2024-02-02 07:55:00,2024-02-02 08:05:00,Short,2055.13,2055.6900000000014,-0.5600000000013097,SL Hit,2055.6900000000014,1,672.0599999999997,10.0,1.2799999999997453,-0.20000000000027285
2024-02-02 10:05:00,2024-02-02 11:20:00,Short,2054.146666666667,2054.86,-2.139999999999418,SL Hit,2054.86,3,669.9200000000003,75.0,1.4133333333329574,-1.546666666667079
2024-02-02 12:15:00,2024-02-02 13:10:00,Short,2055.835,2056.1,-0.5299999999997453,SL Hit,2056.1,2,669.3900000000006,55.0,0.47499999999990905,-2.4349999999999454
2024-02-02 14:40:00,2024-02-02 16:00:00,Short,2032.5766666666668,2035.21,-7.899999999999636,SL Hit,2035.21,3,661.4900000000009,80.0,3.9533333333331484,-4.586666666666815
2024-02-02 16:50:00,2024-02-02 17:10:00,Long,2036.93,2035.09,-1.8400000000001455,SL Hit,2035.09,1,659.6500000000008,20.0,-2.630000000000109,0.37999999999988177
2024-02-02 18:10:00,2024-02-02 18:30:00,Short,2035.41,2037.7300000000007,-2.3200000000006185,SL Hit,2037.7300000000007,1,657.3300000000002,20.0,2.2899999999999636,-0.9200000000000728
2024-02-02 18:30:00,2024-02-02 19:20:00,Long,2036.99,2036.4,-1.1799999999998363,SL Hit,2036.4,2,656.1500000000003,50.0,-1.3900000000001,1.650000000000091
2024-02-05 04:40:00,2024-02-05 06:50:00,Short,2030.1825,2030.58,-1.5900000000001455,SL Hit,2030.58,4,654.5600000000002,130.0,2.067500000000109,-2.182499999999891
2024-02-05 07:20:00,2024-02-05 10:20:00,Short,2026.0375000000001,2023.52,10.070000000000618,SL Hit,2023.52,4,664.6300000000008,180.0,3.4624999999998636,-5.317500000000109
2024-02-05 12:35:00,2024-02-05 14:20:00,Short,2020.95,2016.82,12.390000000000327,SL Hit,2016.82,3,677.0200000000011,105.0,3.7000000000000455,-6.5499999999999545
2024-02-05 17:40:00,2024-02-05 18:40:00,Long,2025.16,2025.49,0.6599999999998545,SL Hit,2025.49,2,677.680000000001,60.0,-1.6600000000000819,1.7899999999999636
2024-02-05 21:20:00,2024-02-05 23:00:00,Short,2024.5349999999999,2024.95,-0.830000000000382,SL Hit,2024.95,2,676.8500000000006,100.0,0.8650000000002365,-1.2349999999999
2024-02-05 23:20:00,2024-02-05 23:25:00,Long,2024.55,2023.8299999999997,-0.7200000000002547,SL Hit,2023.8299999999997,1,676.1300000000003,5.0,-0.849999999999909,0.5
2024-02-05 23:50:00,2024-02-05 23:55:00,Long,2024.95,2024.95,0.0,SL Hit,2024.95,1,676.1300000000003,5.0,-0.75,0.13999999999987267
2024-02-06 02:00:00,2024-02-06 04:15:00,Short,2025.86,2024.36,4.5,SL Hit,2024.36,3,680.6300000000003,135.0,1.3700000000001182,-2.759999999999991
2024-02-06 04:25:00,2024-02-06 06:25:00,Long,2026.3099999999997,2027.57,3.780000000000655,SL Hit,2027.57,3,684.410000000001,120.0,-2.199999999999818,3.330000000000382
2024-02-06 06:40:00,2024-02-06 06:55:00,Long,2026.895,2026.36,-1.0700000000001637,SL Hit,2026.36,2,683.3400000000008,15.0,-1.4949999999998909,0.3650000000000091
2024-02-06 08:55:00,2024-02-06 09:35:00,Short,2024.455,2025.11,-1.3099999999999454,SL Hit,2025.11,2,682.0300000000009,40.0,0.6850000000001728,-1.5850000000000364
2024-02-06 11:20:00,2024-02-06 12:30:00,Long,2025.04,2024.8,-0.4800000000000182,SL Hit,2024.8,2,681.5500000000009,70.0,-0.7400000000000091,2.400000000000091
2024-02-06 12:40:00,2024-02-06 12:55:00,Short,2026.37,2030.4499999999998,-4.079999999999927,SL Hit,2030.4499999999998,1,677.4700000000009,15.0,1.3700000000001182,-1.0199999999999818
2024-02-06 12:55:00,2024-02-06 13:20:00,Long,2026.99,2026.6700000000003,-0.31999999999970896,SL Hit,2026.6700000000003,1,677.1500000000012,25.0,-0.599999999999909,3.3900000000001
2024-02-06 17:10:00,2024-02-06 18:50:00,Short,2036.2433333333336,2036.06,0.550000000000864,SL Hit,2036.06,3,677.7000000000021,100.0,1.8966666666665333,-3.4333333333336213
2024-02-06 19:10:00,2024-02-06 20:05:00,Short,2035.6999999999998,2036.46,-1.5200000000004366,SL Hit,2036.46,2,676.1800000000017,55.0,1.1600000000000819,-0.599999999999909
2024-02-06 20:55:00,2024-02-07 00:00:00,Short,2035.44,2035.32,0.24000000000023647,SL Hit,2035.32,2,676.4200000000019,185.0,0.6499999999998636,-1.0399999999999636
2024-02-07 00:45:00,2024-02-07 01:20:00,Short,2035.1399999999999,2035.63,-0.9800000000004729,SL Hit,2035.63,2,675.4400000000014,35.0,0.5100000000002183,-1.2399999999997817
2024-02-07 01:25:00,2024-02-07 02:35:00,Long,2035.0566666666666,2034.3,-2.269999999999982,SL Hit,2034.3,3,673.1700000000014,70.0,-1.456666666666706,0.36333333333345763
2024-02-07 02:40:00,2024-02-07 04:10:00,Short,2034.4099999999999,2034.64,-0.6900000000007367,SL Hit,2034.64,3,672.4800000000007,90.0,0.8900000000001,-1.0099999999997635
2024-02-07 04:50:00,2024-02-07 04:55:00,Long,2034.85,2034.85,0.0,SL Hit,2034.85,1,672.4800000000007,5.0,-0.4499999999998181,0.4800000000000182
2024-02-07 07:25:00,2024-02-07 08:10:00,Long,2034.1,2034.1,0.0,SL Hit,2034.1,1,672.4800000000007,45.0,-0.16999999999984539,1.8300000000001546
2024-02-07 09:50:00,2024-02-07 10:05:00,Long,2034.5349999999999,2033.4,-2.269999999999527,SL Hit,2033.4,2,670.2100000000012,15.0,-1.334999999999809,0.3350000000000364
2024-02-07 12:10:00,2024-02-07 13:20:00,Short,2033.29,2033.82,-1.0599999999999454,SL Hit,2033.82,2,669.1500000000012,70.0,1.6000000000001364,-2.7200000000000273
2024-02-07 18:05:00,2024-02-07 18:40:00,Long,2035.795,2034.82,-1.9500000000002728,SL Hit,2034.82,2,667.200000000001,35.0,-1.4850000000001273,0.6449999999999818
2024-02-07 18:50:00,2024-02-07 19:15:00,Short,2034.96,2035.5200000000004,-0.5600000000004002,SL Hit,2035.5200000000004,1,666.6400000000006,25.0,0.5899999999999181,-0.7200000000000273
2024-02-07 20:05:00,2024-02-07 23:05:00,Short,2035.335,2035.77,-0.8699999999998909,SL Hit,2035.77,2,665.7700000000007,180.0,0.46499999999991815,-2.535000000000082
2024-02-07 23:55:00,2024-02-08 00:55:00,Long,2037.0033333333333,2036.6,-1.2100000000002638,SL Hit,2036.6,3,664.5600000000004,60.0,-0.8433333333332484,0.6166666666665606
2024-02-08 02:55:00,2024-02-08 05:55:00,Short,2034.145,2033.23,1.8299999999999272,SL Hit,2033.23,2,666.3900000000003,180.0,2.375,-3.0450000000000728
2024-02-08 08:15:00,2024-02-08 09:35:00,Short,2031.845,2031.49,0.7100000000000364,SL Hit,2031.49,2,667.1000000000004,80.0,0.7850000000000819,-2.755000000000109
2024-02-08 09:40:00,2024-02-08 11:00:00,Long,2034.71,2035.2,1.4700000000000273,SL Hit,2035.2,3,668.5700000000004,80.0,-3.3700000000001182,3.5299999999999727
2024-02-08 11:05:00,2024-02-08 13:15:00,Short,2029.595,2025.17,8.849999999999909,SL Hit,2025.17,2,677.4200000000003,130.0,6.224999999999909,-6.144999999999982
2024-02-08 13:20:00,2024-02-08 13:40:00,Long,2025.7,2021.2199999999996,-4.480000000000473,SL Hit,2021.2199999999996,1,672.9399999999998,20.0,-3.1800000000000637,0.5899999999999181
2024-02-08 13:40:00,2024-02-08 14:30:00,Short,2024.36,2031.7199999999996,-7.359999999999673,SL Hit,2031.7199999999996,1,665.5800000000002,50.0,8.450000000000045,-4.019999999999982
2024-02-08 15:55:00,2024-02-08 16:00:00,Long,2031.55,2031.55,0.0,SL Hit,2031.55,1,665.5800000000002,5.0,-1.0499999999999545,1.4700000000000273
2024-02-08 17:25:00,2024-02-08 18:00:00,Long,2031.29,2031.29,0.0,SL Hit,2031.29,1,665.5800000000002,35.0,-0.21000000000003638,3.490000000000009
2024-02-09 00:45:00,2024-02-09 01:00:00,Short,2033.11,2033.7099999999994,-0.5999999999994543,SL Hit,2033.7099999999994,1,664.9800000000007,15.0,1.0,-1.1899999999998272
2024-02-09 02:00:00,2024-02-09 02:10:00,Long,2034.0,2033.6000000000004,-0.3999999999996362,SL Hit,2033.6000000000004,1,664.5800000000011,10.0,-0.7999999999999545,0.9500000000000455
2024-02-09 04:55:00,2024-02-09 05:30:00,Short,2032.77,2033.02,-0.5,SL Hit,2033.02,2,664.0800000000011,35.0,1.099999999999909,-1.2699999999999818
2024-02-09 08:10:00,2024-02-09 09:35:00,Short,2032.22,2032.65,-1.290000000000191,SL Hit,2032.65,3,662.7900000000009,85.0,1.2799999999999727,-1.6200000000001182
2024-02-09 11:30:00,2024-02-09 11:35:00,Long,2032.78,2032.78,0.0,SL Hit,2032.78,1,662.7900000000009,5.0,-1.2799999999999727,0.5699999999999363
2024-02-09 11:40:00,2024-02-09 13:30:00,Short,2031.58,2032.08,-1.0,SL Hit,2032.08,2,661.7900000000009,110.0,5.170000000000073,-5.889999999999873
2024-02-09 16:20:00,2024-02-09 17:05:00,Short,2022.22,2021.96,0.7799999999999727,SL Hit,2021.96,3,662.5700000000008,45.0,1.5499999999999545,-1.759999999999991
2024-02-12 00:50:00,2024-02-12 03:45:00,Short,2023.74,2022.55,7.140000000000327,SL Hit,2022.55,6,669.7100000000012,175.0,2.6299999999998818,-2.740000000000009
2024-02-12 05:55:00,2024-02-12 06:00:00,Long,2023.61,2023.61,0.0,SL Hit,2023.61,1,669.7100000000012,5.0,-0.9099999999998545,0.3500000000001364
2024-02-12 06:15:00,2024-02-12 07:15:00,Long,2023.885,2023.1,-1.5700000000001637,SL Hit,2023.1,2,668.140000000001,60.0,-0.9849999999999,0.6449999999999818
2024-02-12 07:25:00,2024-02-12 07:35:00,Long,2024.18,2023.6599999999996,-0.5200000000004366,SL Hit,2023.6599999999996,1,667.6200000000006,10.0,-0.8800000000001091,0.5799999999999272
2024-02-12 09:05:00,2024-02-12 11:20:00,Short,2022.1750000000002,2021.17,2.0100000000002183,SL Hit,2021.17,2,669.6300000000008,135.0,1.5249999999998636,-2.8750000000002274
2024-02-12 14:15:00,2024-02-12 17:00:00,Short,2016.2775,2016.14,0.5499999999992724,SL Hit,2016.14,4,670.1800000000001,165.0,2.6725000000001273,-4.977499999999964
2024-02-12 17:05:00,2024-02-12 17:10:00,Long,2016.14,2015.9399999999994,-0.2000000000007276,SL Hit,2015.9399999999994,1,669.9799999999993,5.0,-0.3300000000001546,0.38999999999987267
2024-02-12 17:20:00,2024-02-12 19:15:00,Long,2018.4419999999998,2020.4,9.790000000001555,SL Hit,2020.4,5,679.7700000000009,115.0,-3.041999999999689,3.068000000000211
2024-02-12 19:20:00,2024-02-12 20:45:00,Short,2019.965,2020.12,-0.30999999999994543,SL Hit,2020.12,2,679.460000000001,85.0,0.665000000000191,-1.9649999999999181
2024-02-12 21:00:00,2024-02-12 21:20:00,Long,2020.09,2019.8500000000001,-0.23999999999978172,SL Hit,2019.8500000000001,1,679.2200000000012,20.0,-0.2400000000000091,0.3500000000001364
2024-02-12 23:10:00,2024-02-13 00:00:00,Short,2018.7366666666667,2019.05,-0.9399999999998272,SL Hit,2019.05,3,678.2800000000013,50.0,0.42333333333340306,-0.9366666666667243
2024-02-13 00:50:00,2024-02-13 02:05:00,Long,2019.4433333333334,2018.9,-1.6299999999998818,SL Hit,2018.9,3,676.6500000000015,75.0,-1.043333333333294,1.5866666666665878
2024-02-13 02:15:00,2024-02-13 05:00:00,Short,2019.24,2019.23,0.03999999999996362,SL Hit,2019.23,4,676.6900000000014,165.0,0.4800000000000182,-3.0399999999999636
2024-02-13 07:25:00,2024-02-13 08:40:00,Long,2024.7633333333335,2024.55,-0.6400000000007822,SL Hit,2024.55,3,676.0500000000006,75.0,-1.0433333333335213,1.1366666666665424
2024-02-13 12:40:00,2024-02-13 13:30:00,Long,2027.87,2026.2700000000004,-1.5999999999994543,SL Hit,2026.2700000000004,1,674.4500000000012,50.0,-12.819999999999936,1.8400000000001455
2024-02-13 17:25:00,2024-02-13 17:50:00,Short,1993.23,1993.89,-1.3200000000001637,SL Hit,1993.89,2,673.130000000001,25.0,0.8799999999998818,-0.8299999999999272
2024-02-13 18:00:00,2024-02-13 18:50:00,Long,1994.89,1993.39,-4.5,SL Hit,1993.39,3,668.630000000001,50.0,-2.290000000000191,0.7899999999999636
2024-02-13 19:00:00,2024-02-13 20:10:00,Short,1992.36,1992.39,-0.09000000000060027,SL Hit,1992.39,3,668.5400000000004,70.0,1.3700000000001182,-1.459999999999809
2024-02-13 20:15:00,2024-02-13 21:00:00,Long,1992.79,1992.41,-0.7599999999997635,SL Hit,1992.41,2,667.7800000000007,45.0,-0.5099999999999909,0.8700000000001182
2024-02-13 23:00:00,2024-02-14 00:20:00,Short,1991.9650000000001,1991.96,0.010000000000218279,SL Hit,1991.96,2,667.7900000000009,80.0,0.834999999999809,-1.2650000000001
2024-02-14 01:10:00,2024-02-14 03:25:00,Short,1992.0666666666666,1992.19,-0.3700000000003456,SL Hit,1992.19,3,667.4200000000005,135.0,1.3633333333334576,-3.666666666666515
2024-02-14 03:35:00,2024-02-14 04:00:00,Long,1992.01,1992.01,0.0,SL Hit,1992.01,1,667.4200000000005,25.0,-0.30999999999994543,0.9400000000000546
2024-02-14 05:55:00,2024-02-14 06:10:00,Long,1992.89,1992.3699999999997,-0.5200000000004366,SL Hit,1992.3699999999997,1,666.9000000000001,15.0,-1.150000000000091,0.25
2024-02-14 07:55:00,2024-02-14 08:40:00,Short,1988.6100000000001,1988.73,-0.23999999999978172,SL Hit,1988.73,2,666.6600000000003,45.0,1.7899999999999636,-2.4500000000000455
2024-02-14 09:00:00,2024-02-14 11:25:00,Long,1990.6171428571429,1991.7,7.580000000000155,SL Hit,1991.7,7,674.2400000000005,145.0,-2.2371428571427714,2.5328571428572104
2024-02-14 13:25:00,2024-02-14 13:35:00,Short,1991.85,1997.8899999999999,-6.039999999999964,SL Hit,1997.8899999999999,1,668.2000000000005,10.0,1.0,-1.509999999999991
2024-02-14 13:35:00,2024-02-14 13:40:00,Long,1991.63,1991.5099999999993,-0.12000000000080036,SL Hit,1991.5099999999993,1,668.0799999999997,5.0,-0.9600000000000364,1.1599999999998545
2024-02-14 14:55:00,2024-02-14 15:55:00,Short,1988.09,1988.11,-0.03999999999996362,SL Hit,1988.11,2,668.0399999999997,60.0,1.009999999999991,-2.8199999999999363
2024-02-14 18:20:00,2024-02-14 21:35:00,Short,1991.4924999999998,1991.22,1.089999999999236,SL Hit,1991.22,4,669.129999999999,195.0,2.1075000000000728,-1.8924999999999272
2024-02-14 22:00:00,2024-02-14 23:35:00,Short,1992.45,1993.44,-1.9800000000000182,SL Hit,1993.44,2,667.149999999999,95.0,1.009999999999991,-6.100000000000136
2024-02-14 23:40:00,2024-02-14 23:50:00,Long,1993.21,1993.21,0.0,SL Hit,1993.21,1,667.149999999999,10.0,-0.16000000000008185,0.2899999999999636
2024-02-15 03:30:00,2024-02-15 05:30:00,Short,1992.195,1992.54,-0.6900000000000546,SL Hit,1992.54,2,666.4599999999989,120.0,0.4650000000001455,-2.0149999999998727
2024-02-15 06:40:00,2024-02-15 06:45:00,Long,1992.68,1992.68,0.0,SL Hit,1992.68,1,666.4599999999989,5.0,-0.6800000000000637,0.4299999999998363
2024-02-15 10:40:00,2024-02-15 11:25:00,Long,1996.74,1995.73,-3.0299999999999727,SL Hit,1995.73,3,663.4299999999989,45.0,-1.1400000000001,1.0699999999999363
2024-02-15 12:40:00,2024-02-15 12:50:00,Long,1997.89,1997.89,0.0,SL Hit,1997.89,1,663.4299999999989,10.0,-0.3100000000001728,1.1299999999998818
2024-02-15 13:40:00,2024-02-15 14:15:00,Short,2002.185,2003.59,-2.8099999999999454,SL Hit,2003.59,2,660.619999999999,35.0,2.394999999999982,-1.1649999999999636
2024-02-15 17:30:00,2024-02-15 20:00:00,Long,2003.4959999999999,2004.3,4.020000000000437,SL Hit,2004.3,5,664.6399999999994,150.0,-1.7959999999998217,2.8040000000000873
2024-02-15 21:00:00,2024-02-15 23:00:00,Short,2004.0933333333332,2004.3,-0.6200000000001182,SL Hit,2004.3,3,664.0199999999993,120.0,0.6266666666667788,-2.7133333333331393
2024-02-16 00:05:00,2024-02-16 01:15:00,Short,2002.97,2003.18,-0.42000000000007276,SL Hit,2003.18,2,663.5999999999992,70.0,0.4600000000000364,-1.2699999999999818
2024-02-16 01:20:00,2024-02-16 03:15:00,Long,2003.8575,2003.2,-2.630000000000109,SL Hit,2003.2,4,660.9699999999991,115.0,-1.7575000000001637,1.7424999999998363
2024-02-16 04:10:00,2024-02-16 05:35:00,Short,2003.6366666666665,2004.01,-1.1200000000003456,SL Hit,2004.01,3,659.8499999999988,85.0,0.7933333333335213,-1.3366666666665878
2024-02-16 07:05:00,2024-02-16 08:50:00,Long,2004.12,2004.3,0.540000000000191,SL Hit,2004.3,3,660.389999999999,105.0,-0.7899999999999636,2.050000000000182
2024-02-16 11:45:00,2024-02-16 12:45:00,Long,2007.4799999999998,2006.91,-1.7099999999991269,SL Hit,2006.91,3,658.6799999999998,60.0,-1.2799999999997453,0.47000000000025466
2024-02-16 15:00:00,2024-02-16 15:05:00,Short,1998.09,1999.3699999999997,-1.2799999999997453,SL Hit,1999.3699999999997,1,657.4000000000001,5.0,4.190000000000055,-0.31999999999993634
2024-02-16 16:35:00,2024-02-16 17:00:00,Short,2009.42,2009.74,-0.6399999999998727,SL Hit,2009.74,2,656.7600000000002,25.0,0.4199999999998454,-1.6100000000001273
2024-02-16 21:50:00,2024-02-16 21:55:00,Short,2013.33,2015.8499999999995,-2.519999999999527,SL Hit,2015.8499999999995,1,654.2400000000007,5.0,0.3500000000001364,-0.8899999999998727
2024-02-16 21:55:00,2024-02-18 23:05:00,Long,2012.84,2011.2400000000005,-1.5999999999994543,SL Hit,2011.2400000000005,1,652.6400000000012,2950.0,-4.129999999999882,0.7699999999999818
2024-02-19 00:55:00,2024-02-19 01:00:00,Long,2018.2,2016.5199999999998,-1.680000000000291,SL Hit,2016.5199999999998,1,650.960000000001,5.0,-1.7000000000000455,1.5
2024-02-19 01:20:00,2024-02-19 01:25:00,Long,2018.78,2017.9799999999998,-0.8000000000001819,SL Hit,2017.9799999999998,1,650.1600000000008,5.0,-1.1399999999998727,0.7400000000000091
2024-02-19 03:50:00,2024-02-19 05:15:00,Short,2018.926666666667,2019.04,-0.33999999999900865,SL Hit,2019.04,3,649.8200000000018,85.0,1.5533333333330575,-1.0266666666668698
2024-02-19 06:25:00,2024-02-19 07:30:00,Long,2021.4566666666667,2021.09,-1.1000000000003638,SL Hit,2021.09,3,648.7200000000014,65.0,-1.0566666666666151,1.1933333333333849
2024-02-19 08:20:00,2024-02-19 09:15:00,Short,2020.53,2020.2,0.9899999999997817,SL Hit,2020.2,3,649.7100000000012,55.0,0.5599999999999454,-2.1299999999998818
2024-02-19 09:50:00,2024-02-19 09:55:00,Short,2019.99,2020.91,-0.9200000000000728,SL Hit,2020.91,1,648.7900000000011,5.0,0.19000000000005457,-0.31999999999993634
2024-02-19 09:55:00,2024-02-19 10:35:00,Long,2019.745,2019.36,-0.7699999999999818,SL Hit,2019.36,2,648.0200000000011,40.0,-1.074999999999818,0.375
2024-02-19 11:20:00,2024-02-19 12:00:00,Long,2018.9099999999999,2018.27,-1.919999999999618,SL Hit,2018.27,3,646.1000000000015,40.0,-0.9099999999998545,0.6100000000001273
2024-02-19 19:05:00,2024-02-20 00:35:00,Short,2016.9325,2016.31,2.4899999999997817,SL Hit,2016.31,4,648.5900000000013,330.0,1.1675000000000182,-5.4724999999998545
2024-02-20 03:25:00,2024-02-20 04:00:00,Long,2018.365,2018.03,-0.6700000000000728,SL Hit,2018.03,2,647.9200000000012,35.0,-0.7650000000001,0.31500000000005457
2024-02-20 06:05:00,2024-02-20 06:10:00,Short,2017.98,2018.5800000000004,-0.6000000000003638,SL Hit,2018.5800000000004,1,647.3200000000008,5.0,0.8099999999999454,-0.15000000000009095
2024-02-20 07:10:00,2024-02-20 08:05:00,Long,2020.0300000000002,2020.5,0.9399999999995998,SL Hit,2020.5,2,648.2600000000004,55.0,-1.430000000000291,2.729999999999791
2024-02-20 10:25:00,2024-02-20 13:00:00,Long,2026.2150000000001,2026.1,-0.23000000000047294,SL Hit,2026.1,2,648.03,155.0,-1.0150000000001,1.7349999999999
2024-02-20 14:40:00,2024-02-20 15:30:00,Short,2027.79,2029.64,-3.700000000000273,SL Hit,2029.64,2,644.3299999999997,50.0,2.1000000000001364,-2.119999999999891
2024-02-20 15:40:00,2024-02-20 16:25:00,Short,2027.125,2027.75,-1.25,SL Hit,2027.75,2,643.0799999999997,45.0,0.724999999999909,-1.4249999999999545
2024-02-20 16:35:00,2024-02-20 17:05:00,Long,2027.56,2026.5,-2.119999999999891,SL Hit,2026.5,2,640.9599999999998,30.0,-1.5699999999999363,0.4900000000000091
2024-02-20 17:55:00,2024-02-20 18:15:00,Long,2028.02,2028.02,0.0,SL Hit,2028.02,1,640.9599999999998,20.0,-0.10999999999989996,0.7899999999999636
2024-02-20 20:35:00,2024-02-20 21:20:00,Short,2024.0966666666666,2024.52,-1.2700000000002092,SL Hit,2024.52,3,639.6899999999996,45.0,0.44333333333338487,-1.2966666666666242
2024-02-20 21:45:00,2024-02-20 23:10:00,Short,2023.655,2024.15,-0.9900000000002365,SL Hit,2024.15,2,638.6999999999994,85.0,0.525000000000091,-0.7549999999998818
2024-02-20 23:20:00,2024-02-20 23:25:00,Long,2023.97,2023.97,0.0,SL Hit,2023.97,1,638.6999999999994,5.0,-0.049999999999954525,0.17000000000007276
2024-02-21 01:05:00,2024-02-21 04:40:00,Long,2027.96375,2029.9,15.4900000000016,SL Hit,2029.9,8,654.190000000001,215.0,-5.263749999999845,3.136250000000018
2024-02-21 06:20:00,2024-02-21 09:20:00,Short,2028.6016666666667,2027.08,9.130000000000564,SL Hit,2027.08,6,663.3200000000015,180.0,1.9383333333332757,-2.8016666666667334
2024-02-21 11:40:00,2024-02-21 12:05:00,Short,2027.85,2029.6099999999992,-1.7599999999993088,SL Hit,2029.6099999999992,1,661.5600000000022,25.0,0.8300000000001546,-0.4399999999998272
2024-02-21 12:05:00,2024-02-21 12:40:00,Long,2028.95,2027.7,-2.5,SL Hit,2027.7,2,659.0600000000022,35.0,-1.4500000000000455,0.9700000000000273
2024-02-21 13:05:00,2024-02-21 13:20:00,Long,2030.21,2030.21,0.0,SL Hit,2030.21,1,659.0600000000022,15.0,-1.509999999999991,1.0899999999999181
2024-02-21 14:55:00,2024-02-21 16:45:00,Short,2027.1966666666667,2025.6,4.790000000000418,SL Hit,2025.6,3,663.8500000000026,110.0,2.9233333333331757,-3.876666666666779
2024-02-21 17:05:00,2024-02-21 18:20:00,Short,2023.355,2024.39,-2.0700000000001637,SL Hit,2024.39,2,661.7800000000025,75.0,1.1849999999999454,-1.9249999999999545
2024-02-21 18:45:00,2024-02-21 19:10:00,Short,2022.58,2025.6999999999998,-3.119999999999891,SL Hit,2025.6999999999998,1,658.6600000000026,25.0,3.410000000000082,-2.1099999999999
2024-02-21 20:00:00,2024-02-21 20:15:00,Long,2026.22,2024.6599999999996,-1.5600000000004002,SL Hit,2024.6599999999996,1,657.1000000000022,15.0,-1.75,0.5099999999999909
2024-02-21 21:25:00,2024-02-21 21:40:00,Short,2024.16,2025.1200000000001,-0.9600000000000364,SL Hit,2025.1200000000001,1,656.1400000000021,15.0,1.6399999999998727,-0.2599999999999909
2024-02-22 00:50:00,2024-02-22 01:55:00,Long,2026.91,2026.7,-0.8400000000001455,SL Hit,2026.7,4,655.300000000002,65.0,-1.1000000000001364,1.490000000000009
2024-02-22 02:35:00,2024-02-22 03:00:00,Short,2027.05,2028.6499999999994,-1.5999999999994543,SL Hit,2028.6499999999994,1,653.7000000000025,25.0,1.1700000000000728,-0.3999999999998636
2024-02-22 03:00:00,2024-02-22 03:15:00,Long,2027.75,2027.1099999999997,-0.6400000000003274,SL Hit,2027.1099999999997,1,653.0600000000022,15.0,-0.9200000000000728,0.43000000000006366
2024-02-22 03:55:00,2024-02-22 04:15:00,Short,2026.3249999999998,2026.65,-0.6500000000005457,SL Hit,2026.65,2,652.4100000000017,20.0,0.3950000000002092,-0.7449999999998909
2024-02-22 04:25:00,2024-02-22 05:40:00,Long,2027.9366666666667,2028.4,1.3900000000001,SL Hit,2028.4,3,653.8000000000018,75.0,-1.4366666666667243,1.9633333333333667
2024-02-22 11:00:00,2024-02-22 11:45:00,Short,2028.69,2028.83,-0.27999999999974534,SL Hit,2028.83,2,653.520000000002,45.0,0.9299999999998363,-1.490000000000009
2024-02-22 12:25:00,2024-02-22 12:45:00,Long,2028.825,2028.12,-1.4100000000003092,SL Hit,2028.12,2,652.1100000000017,20.0,-1.0650000000000546,0.8450000000000273
2024-02-22 12:50:00,2024-02-22 15:55:00,Short,2025.6000000000001,2024.09,10.570000000001528,SL Hit,2024.09,7,662.6800000000032,185.0,2.8999999999998636,-5.040000000000191
2024-02-22 19:20:00,2024-02-22 19:40:00,Long,2022.72,2022.68,-0.03999999999996362,SL Hit,2022.68,1,662.6400000000033,20.0,-0.14000000000010004,0.7899999999999636
2024-02-22 20:35:00,2024-02-22 21:35:00,Long,2023.9375,2023.5,-1.75,SL Hit,2023.5,4,660.8900000000033,60.0,-1.2374999999999545,1.0225000000000364
2024-02-23 00:45:00,2024-02-23 01:40:00,Short,2025.3899999999999,2026.8,-2.8200000000001637,SL Hit,2026.8,2,658.0700000000031,55.0,1.4200000000000728,-2.2899999999999636
2024-02-23 02:30:00,2024-02-23 04:10:00,Short,2025.625,2026.14,-1.0300000000002,SL Hit,2026.14,2,657.0400000000029,100.0,0.8050000000000637,-2.125
2024-02-23 05:15:00,2024-02-23 07:50:00,Short,2022.755,2021.92,1.6700000000000728,SL Hit,2021.92,2,658.710000000003,155.0,2.9249999999999545,-4.625
2024-02-23 08:00:00,2024-02-23 08:05:00,Long,2022.13,2020.6899999999996,-1.4400000000005093,SL Hit,2020.6899999999996,1,657.2700000000025,5.0,-1.4800000000000182,0.31999999999993634
2024-02-23 08:35:00,2024-02-23 10:25:00,Short,2019.945,2019.61,0.6700000000000728,SL Hit,2019.61,2,657.9400000000026,110.0,1.2850000000000819,-3.9549999999999272
2024-02-23 10:30:00,2024-02-23 11:30:00,Long,2021.115,2021.6,0.9699999999997999,SL Hit,2021.6,2,658.9100000000024,60.0,-1.7349999999999,2.5150000000001
2024-02-23 14:40:00,2024-02-23 14:50:00,Short,2024.64,2025.4400000000003,-0.8000000000001819,SL Hit,2025.4400000000003,1,658.1100000000022,10.0,1.2799999999999727,-0.2300000000000182
2024-02-23 17:10:00,2024-02-23 17:15:00,Long,2037.44,2037.44,0.0,SL Hit,2037.44,1,658.1100000000022,5.0,-0.21000000000003638,1.009999999999991
2024-02-23 20:05:00,2024-02-26 01:40:00,Short,2034.4260000000002,2033.54,4.430000000000973,SL Hit,2033.54,5,662.5400000000031,3215.0,2.713999999999942,-4.626000000000204
2024-02-26 03:10:00,2024-02-26 03:45:00,Short,2030.93,2031.8500000000001,-0.9200000000000728,SL Hit,2031.8500000000001,1,661.6200000000031,35.0,1.1799999999998363,-0.7300000000000182
2024-02-26 05:25:00,2024-02-26 05:30:00,Long,2032.59,2028.2300000000002,-4.359999999999673,SL Hit,2028.2300000000002,1,657.2600000000034,5.0,-1.0899999999999181,0.6000000000001364
2024-02-26 05:30:00,2024-02-26 05:45:00,Short,2032.865,2033.19,-0.650000000000091,SL Hit,2033.19,2,656.6100000000033,15.0,0.974999999999909,-0.5650000000000546
2024-02-26 07:30:00,2024-02-26 07:35:00,Long,2034.51,2034.43,-0.07999999999992724,SL Hit,2034.43,1,656.5300000000034,5.0,-0.30999999999994543,0.5899999999999181
2024-02-26 08:45:00,2024-02-26 08:55:00,Long,2034.62,2034.1800000000003,-0.4399999999995998,SL Hit,2034.1800000000003,1,656.0900000000038,10.0,-0.9099999999998545,0.9400000000000546
2024-02-26 11:55:00,2024-02-26 12:25:00,Short,2031.38,2033.1400000000003,-1.7600000000002183,SL Hit,2033.1400000000003,1,654.3300000000036,30.0,1.6899999999998272,-0.7800000000002001
2024-02-26 12:25:00,2024-02-26 13:00:00,Long,2032.2,2032.2,0.0,SL Hit,2032.2,1,654.3300000000036,35.0,-0.10000000000013642,1.7300000000000182
2024-02-26 15:25:00,2024-02-26 16:50:00,Short,2027.5833333333333,2028.2,-1.8500000000003638,SL Hit,2028.2,3,652.4800000000032,85.0,2.356666666666797,-2.383333333333212
2024-02-26 23:10:00,2024-02-26 23:30:00,Short,2030.83,2030.92,-0.18000000000029104,SL Hit,2030.92,2,652.3000000000029,20.0,0.2400000000000091,-0.8299999999999272
2024-02-26 23:50:00,2024-02-27 00:40:00,Long,2030.9666666666665,2031.33,1.090000000000373,SL Hit,2031.33,3,653.3900000000033,50.0,-0.8666666666665606,1.333333333333485
2024-02-27 05:15:00,2024-02-27 06:30:00,Short,2033.29,2034.21,-0.9200000000000728,SL Hit,2034.21,1,652.4700000000032,75.0,1.2200000000000273,-0.8899999999998727
2024-02-27 07:20:00,2024-02-27 09:20:00,Long,2035.6625,2036.5,3.350000000000364,SL Hit,2036.5,4,655.8200000000036,120.0,-1.3524999999999636,3.6275000000000546
2024-02-27 09:25:00,2024-02-27 10:55:00,Short,2035.9666666666665,2036.22,-0.760000000000673,SL Hit,2036.22,3,655.0600000000029,90.0,1.1433333333334303,-1.3666666666665606
2024-02-27 13:25:00,2024-02-27 15:45:00,Short,2035.4099999999999,2035.09,1.5999999999996817,SL Hit,2035.09,5,656.6600000000026,140.0,2.900000000000091,-2.1799999999998363
2024-02-27 18:15:00,2024-02-27 18:30:00,Long,2035.02,2033.2999999999997,-1.7200000000002547,SL Hit,2033.2999999999997,1,654.9400000000023,15.0,-2.3199999999999363,0.9800000000000182
2024-02-27 18:50:00,2024-02-27 20:40:00,Short,2030.6366666666665,2029.78,2.569999999999709,SL Hit,2029.78,3,657.510000000002,110.0,2.4033333333334213,-1.8566666666665697
2024-02-27 21:50:00,2024-02-27 23:00:00,Long,2029.88,2029.5,-0.7600000000002183,SL Hit,2029.5,2,656.7500000000018,70.0,-0.4800000000000182,0.4799999999997908
2024-02-28 00:00:00,2024-02-28 00:40:00,Short,2030.115,2030.67,-1.1100000000001273,SL Hit,2030.67,2,655.6400000000017,40.0,0.5850000000000364,-1.115000000000009
2024-02-28 04:20:00,2024-02-28 05:45:00,Short,2030.3633333333335,2030.83,-1.3999999999994088,SL Hit,2030.83,3,654.2400000000023,85.0,0.5766666666665969,-0.6633333333334122
2024-02-28 08:35:00,2024-02-28 10:35:00,Short,2026.5200000000002,2026.04,1.4400000000007367,SL Hit,2026.04,3,655.680000000003,120.0,2.1299999999998818,-2.020000000000209
2024-02-28 11:30:00,2024-02-28 11:50:00,Long,2027.22,2026.6199999999997,-0.6000000000003638,SL Hit,2026.6199999999997,1,655.0800000000027,20.0,-1.0199999999999818,0.5299999999999727
2024-02-28 12:05:00,2024-02-28 14:15:00,Long,2032.07,2034.61,10.159999999999854,SL Hit,2034.61,4,665.2400000000025,130.0,-4.099999999999909,5.4500000000000455
2024-02-28 16:25:00,2024-02-28 16:30:00,Long,2033.44,2032.7999999999997,-0.6400000000003274,SL Hit,2032.7999999999997,1,664.6000000000022,5.0,-0.7999999999999545,0.21000000000003638
2024-02-28 19:10:00,2024-02-28 19:55:00,Short,2031.355,2031.99,-1.2699999999999818,SL Hit,2031.99,2,663.3300000000022,45.0,0.8949999999999818,-0.5550000000000637
2024-02-28 20:45:00,2024-02-28 21:35:00,Short,2033.705,2034.01,-0.6100000000001273,SL Hit,2034.01,2,662.7200000000021,50.0,0.4650000000001455,-1.1050000000000182
2024-02-29 00:10:00,2024-02-29 00:25:00,Long,2034.97,2034.7300000000002,-0.23999999999978172,SL Hit,2034.7300000000002,1,662.4800000000023,15.0,-0.2699999999999818,0.2400000000000091
2024-02-29 00:50:00,2024-02-29 01:05:00,Short,2034.505,2035.19,-1.3699999999998909,SL Hit,2035.19,2,661.1100000000024,15.0,0.7349999999999,-0.6550000000002001
2024-02-29 04:35:00,2024-02-29 05:50:00,Short,2035.635,2035.73,-0.19000000000005457,SL Hit,2035.73,2,660.9200000000023,75.0,0.24500000000011823,-1.8350000000000364
2024-02-29 07:00:00,2024-02-29 07:25:00,Long,2036.87,2036.44,-0.8599999999996726,SL Hit,2036.44,2,660.0600000000027,25.0,-0.8699999999998909,0.38000000000010914
2024-02-29 09:10:00,2024-02-29 11:25:00,Short,2033.705,2031.36,4.690000000000055,SL Hit,2031.36,2,664.7500000000027,135.0,3.025000000000091,-4.204999999999927
2024-02-29 13:00:00,2024-02-29 15:25:00,Long,2044.1025,2047.26,12.63000000000011,SL Hit,2047.26,4,677.3800000000028,145.0,-13.722499999999854,6.317500000000109
2024-02-29 18:20:00,2024-02-29 18:30:00,Long,2045.6750000000002,2045.4,-0.5500000000001819,SL Hit,2045.4,2,676.8300000000027,10.0,-0.5950000000002547,0.5949999999997999
2024-02-29 18:35:00,2024-02-29 20:15:00,Short,2045.975,2045.13,3.3799999999991996,SL Hit,2045.13,4,680.2100000000019,100.0,0.8150000000000546,-2.0049999999998818
2024-02-29 20:40:00,2024-03-01 00:55:00,Short,2043.61,2043.91,-0.9000000000005457,SL Hit,2043.91,3,679.3100000000013,255.0,0.7000000000000455,-1.3099999999999454
2024-03-01 01:05:00,2024-03-01 04:55:00,Long,2044.4899999999998,2044.8,1.2400000000006912,SL Hit,2044.8,4,680.550000000002,230.0,-1.9899999999997817,2.2400000000002365
2024-03-01 05:00:00,2024-03-01 05:55:00,Short,2045.095,2045.16,-0.13000000000010914,SL Hit,2045.16,2,680.4200000000019,55.0,0.4149999999999636,-1.7049999999999272
2024-03-01 06:00:00,2024-03-01 07:25:00,Long,2046.3999999999999,2046.4,6.821210263296962e-13,SL Hit,2046.4,3,680.4200000000026,85.0,-1.3899999999998727,2.2799999999999727
2024-03-01 12:40:00,2024-03-01 14:10:00,Short,2053.266666666667,2054.01,-2.230000000000018,SL Hit,2054.01,3,678.1900000000026,90.0,1.2333333333331211,-3.1366666666667697
2024-03-01 19:25:00,2024-03-01 19:30:00,Short,2085.4,2086.0800000000004,-0.680000000000291,SL Hit,2086.0800000000004,1,677.5100000000023,5.0,0.9400000000000546,-0.17000000000007276
2024-03-04 01:00:00,2024-03-04 02:10:00,Short,2081.4449999999997,2081.27,0.3499999999994543,SL Hit,2081.27,2,677.8600000000017,70.0,1.2550000000001091,-2.044999999999618
2024-03-04 02:25:00,2024-03-04 02:55:00,Long,2081.76,2080.99,-1.5400000000008731,SL Hit,2080.99,2,676.3200000000008,30.0,-1.3600000000001273,1.5899999999996908
2024-03-04 03:00:00,2024-03-04 05:20:00,Short,2081.0,2080.93,0.21000000000049113,SL Hit,2080.93,3,676.5300000000013,140.0,0.8800000000001091,-1.599999999999909
2024-03-04 05:30:00,2024-03-04 08:20:00,Long,2083.058333333333,2084.3,7.450000000003456,SL Hit,2084.3,6,683.9800000000048,170.0,-2.858333333333121,5.07166666666717
2024-03-04 09:15:00,2024-03-04 13:10:00,Short,2083.2911111111116,2082.84,4.060000000003129,SL Hit,2082.84,9,688.0400000000079,235.0,2.4988888888883594,-1.5711111111118043
2024-03-04 20:35:00,2024-03-04 21:00:00,Long,2117.465,2116.35,-2.230000000000473,SL Hit,2116.35,2,685.8100000000074,25.0,-1.3650000000002365,0.9149999999999636
2024-03-04 21:05:00,2024-03-05 00:50:00,Short,2115.382,2115.05,1.6599999999993997,SL Hit,2115.05,5,687.4700000000068,225.0,1.5679999999997563,-2.481999999999971
2024-03-05 02:20:00,2024-03-05 04:05:00,Long,2112.48,2112.24,-0.7200000000007094,SL Hit,2112.24,3,686.7500000000061,105.0,-1.199999999999818,1.4200000000000728
2024-03-05 04:10:00,2024-03-05 04:15:00,Short,2113.77,2117.649999999999,-3.8799999999991996,SL Hit,2117.649999999999,1,682.8700000000069,5.0,0.4499999999998181,-0.9699999999997999
2024-03-05 04:15:00,2024-03-05 06:30:00,Long,2116.1139999999996,2115.9,-1.0699999999974352,SL Hit,2115.9,5,681.8000000000095,135.0,-2.7539999999994507,3.3960000000006403
2024-03-05 06:40:00,2024-03-05 08:05:00,Short,2115.56,2116.49,-2.789999999999509,SL Hit,2116.49,3,679.01000000001,85.0,2.6700000000000728,-1.650000000000091
2024-03-05 10:10:00,2024-03-05 10:35:00,Long,2125.34,2125.34,0.0,SL Hit,2125.34,1,679.01000000001,25.0,-1.3299999999999272,1.75
2024-03-05 13:15:00,2024-03-05 13:50:00,Long,2128.5600000000004,2125.1,-6.920000000000982,SL Hit,2125.1,2,672.090000000009,35.0,-5.830000000000382,13.05999999999949
2024-03-05 15:05:00,2024-03-05 15:50:00,Long,2131.505,2129.22,-4.5700000000006185,SL Hit,2129.22,2,667.5200000000084,45.0,-6.765000000000327,5.244999999999891
2024-03-05 20:10:00,2024-03-05 23:25:00,Short,2128.9474999999998,2127.69,5.029999999998836,SL Hit,2127.69,4,672.5500000000072,195.0,1.9225000000001273,-2.8474999999998545
2024-03-06 01:05:00,2024-03-06 01:10:00,Long,2126.75,2126.75,0.0,SL Hit,2126.75,1,672.5500000000072,5.0,-0.15000000000009095,1.1300000000001091
2024-03-06 01:55:00,2024-03-06 02:05:00,Short,2125.54,2126.2200000000003,-0.680000000000291,SL Hit,2126.2200000000003,1,671.8700000000069,10.0,0.7899999999999636,-0.40000000000009095
2024-03-06 05:55:00,2024-03-06 06:50:00,Short,2126.115,2126.99,-1.75,SL Hit,2126.99,2,670.1200000000069,55.0,1.2650000000003274,-1.3149999999995998
2024-03-06 14:30:00,2024-03-06 15:05:00,Long,2138.45,2138.45,0.0,SL Hit,2138.45,1,670.1200000000069,35.0,-1.349999999999909,6.650000000000091
2024-03-06 19:30:00,2024-03-06 20:20:00,Short,2143.0866666666666,2144.59,-4.510000000000673,SL Hit,2144.59,3,665.6100000000063,50.0,1.6633333333334122,-3.0266666666666424
2024-03-06 21:40:00,2024-03-07 00:30:00,Long,2147.4575,2147.3,-0.6299999999991996,SL Hit,2147.3,4,664.9800000000071,170.0,-1.0574999999998909,1.9524999999998727
2024-03-07 05:55:00,2024-03-07 06:50:00,Short,2154.6800000000003,2155.34,-1.319999999999709,SL Hit,2155.34,2,663.6600000000074,55.0,0.8799999999996544,-2.6700000000000728
2024-03-07 14:00:00,2024-03-07 15:15:00,Short,2156.645,2157.32,-1.3500000000003638,SL Hit,2157.32,2,662.310000000007,75.0,2.505000000000109,-8.215000000000146
2024-03-07 16:05:00,2024-03-07 17:15:00,Short,2154.26,2158.31,-8.099999999999454,SL Hit,2158.31,2,654.2100000000075,70.0,4.449999999999818,-4.860000000000127
2024-03-08 01:20:00,2024-03-08 04:10:00,Short,2158.433333333333,2158.42,0.03999999999859938,SL Hit,2158.42,3,654.2500000000061,170.0,1.3666666666672427,-4.403333333332739
2024-03-08 04:15:00,2024-03-08 04:25:00,Long,2158.12,2156.4399999999996,-1.680000000000291,SL Hit,2156.4399999999996,1,652.5700000000058,10.0,-1.9200000000000728,0.849999999999909
2024-03-08 04:30:00,2024-03-08 05:40:00,Short,2157.2100000000005,2157.83,-1.8599999999983083,SL Hit,2157.83,3,650.7100000000075,70.0,1.0999999999994543,-0.9100000000003092
2024-03-08 05:45:00,2024-03-08 06:25:00,Short,2157.46,2158.31,-1.699999999999818,SL Hit,2158.31,2,649.0100000000077,40.0,1.4600000000000364,-0.9200000000000728
2024-03-08 07:45:00,2024-03-08 07:50:00,Long,2161.29,2161.29,0.0,SL Hit,2161.29,1,649.0100000000077,5.0,-0.2899999999999636,0.4600000000000364
2024-03-08 11:25:00,2024-03-08 13:30:00,Short,2168.62,2169.1,-0.9600000000000364,SL Hit,2169.1,2,648.0500000000077,125.0,12.63000000000011,-8.759999999999764
2024-03-08 16:05:00,2024-03-08 18:50:00,Long,2175.276666666667,2176.18,2.7099999999982174,SL Hit,2176.18,3,650.7600000000059,165.0,-2.8666666666672427,19.613333333332776
2024-03-08 20:50:00,2024-03-08 20:55:00,Long,2177.1,2177.1,0.0,SL Hit,2177.1,1,650.7600000000059,5.0,-0.09999999999990905,0.9800000000000182
2024-03-08 21:00:00,2024-03-08 21:35:00,Long,2177.3100000000004,2177.1,-0.42000000000098225,SL Hit,2177.1,2,650.3400000000049,35.0,-0.7100000000004911,0.6899999999995998
2024-03-11 03:50:00,2024-03-11 05:30:00,Long,2180.628,2180.2,-2.1400000000016917,SL Hit,2180.2,5,648.2000000000032,100.0,-1.8279999999999745,0.9119999999998072
2024-03-11 06:10:00,2024-03-11 06:55:00,Short,2178.355,2179.21,-1.7100000000000364,SL Hit,2179.21,2,646.4900000000032,45.0,1.4850000000001273,-1.3550000000000182
2024-03-11 07:25:00,2024-03-11 07:30:00,Long,2179.84,2179.84,0.0,SL Hit,2179.84,1,646.4900000000032,5.0,-1.1600000000003092,0.9499999999998181
2024-03-11 08:55:00,2024-03-11 09:45:00,Short,2177.77,2179.59,-3.6400000000003274,SL Hit,2179.59,2,642.8500000000029,50.0,3.0399999999999636,-1.6700000000000728
2024-03-11 11:20:00,2024-03-11 11:35:00,Short,2176.93,2178.85,-1.9200000000000728,SL Hit,2178.85,1,640.9300000000028,15.0,1.9200000000000728,-0.4800000000000182
2024-03-11 12:55:00,2024-03-11 13:20:00,Short,2177.085,2178.16,-2.149999999999636,SL Hit,2178.16,2,638.7800000000032,25.0,1.6349999999997635,-1.3450000000002547
2024-03-11 13:30:00,2024-03-11 14:00:00,Long,2178.07,2177.47,-0.6000000000003638,SL Hit,2177.47,1,638.1800000000028,30.0,-1.6100000000001273,6.539999999999964
2024-03-11 15:35:00,2024-03-11 16:20:00,Long,2184.295,2182.19,-4.210000000000036,SL Hit,2182.19,2,633.9700000000028,45.0,-3.0149999999998727,1.1549999999997453
2024-03-11 22:45:00,2024-03-11 23:20:00,Short,2181.8,2182.66,-1.7199999999993452,SL Hit,2182.66,2,632.2500000000034,35.0,1.2999999999997272,-1.900000000000091
2024-03-11 23:50:00,2024-03-12 00:25:00,Long,2182.85,2182.61,-0.23999999999978172,SL Hit,2182.61,1,632.0100000000036,35.0,-0.5299999999997453,1.5100000000002183
2024-03-12 00:45:00,2024-03-12 01:50:00,Short,2181.3433333333337,2181.82,-1.4299999999993815,SL Hit,2181.82,3,630.5800000000042,65.0,1.686666666666497,-1.3233333333337214
2024-03-12 02:20:00,2024-03-12 04:10:00,Short,2178.9449999999997,2178.08,3.459999999999127,SL Hit,2178.08,4,634.0400000000034,110.0,1.8150000000005093,-2.744999999999891
2024-03-12 06:40:00,2024-03-12 07:30:00,Short,2175.505,2177.0,-2.9899999999997817,SL Hit,2177.0,2,631.0500000000036,50.0,1.694999999999709,-2.2049999999999272
2024-03-12 09:15:00,2024-03-12 09:20:00,Long,2177.24,2176.720000000001,-0.5199999999986176,SL Hit,2176.720000000001,1,630.530000000005,5.0,-0.5399999999999636,0.8200000000001637
2024-03-12 10:00:00,2024-03-12 12:30:00,Short,2174.4199999999996,2173.37,5.249999999998636,SL Hit,2173.37,5,635.7800000000036,150.0,3.100000000000364,-13.6899999999996
2024-03-12 14:30:00,2024-03-12 14:35:00,Long,2161.08,2160.960000000001,-0.11999999999898137,SL Hit,2160.960000000001,1,635.6600000000046,5.0,-0.36999999999989086,2.0300000000002
2024-03-12 14:40:00,2024-03-12 15:10:00,Long,2161.875,2160.4,-2.949999999999818,SL Hit,2160.4,2,632.7100000000048,30.0,-1.7049999999999272,3.574999999999818
2024-03-12 15:15:00,2024-03-12 15:30:00,Short,2160.645,2161.86,-2.430000000000291,SL Hit,2161.86,2,630.2800000000045,15.0,1.6849999999999454,-2.894999999999982
2024-03-12 15:35:00,2024-03-12 17:15:00,Long,2161.7349999999997,2161.2,-1.069999999999709,SL Hit,2161.2,2,629.2100000000048,100.0,-0.9049999999997453,4.605000000000473
2024-03-12 17:20:00,2024-03-12 19:55:00,Short,2159.3333333333335,2156.48,8.5600000000004,SL Hit,2156.48,3,637.7700000000052,155.0,3.0766666666663696,-8.803333333333285
2024-03-12 23:25:00,2024-03-13 00:10:00,Short,2157.3450000000003,2157.68,-0.6699999999991633,SL Hit,2157.68,2,637.100000000006,45.0,1.9249999999997272,-2.0450000000000728
2024-03-13 01:25:00,2024-03-13 02:10:00,Short,2158.06,2158.85,-1.5799999999999272,SL Hit,2158.85,2,635.5200000000061,45.0,1.6599999999998545,-1.3600000000001273
2024-03-13 04:30:00,2024-03-13 05:30:00,Short,2158.7200000000003,2159.76,-2.0799999999999272,SL Hit,2159.76,2,633.4400000000062,60.0,1.1199999999998909,-1.7200000000002547
2024-03-13 05:35:00,2024-03-13 05:45:00,Long,2158.98,2158.98,0.0,SL Hit,2158.98,1,633.4400000000062,10.0,-0.09000000000014552,1.4299999999998363
2024-03-13 11:25:00,2024-03-13 11:30:00,Long,2162.4,2162.4,0.0,SL Hit,2162.4,1,633.4400000000062,5.0,-0.09000000000014552,1.2100000000000364
2024-03-13 12:05:00,2024-03-13 13:15:00,Long,2163.483333333333,2162.59,-2.679999999998927,SL Hit,2162.59,3,630.7600000000073,70.0,-1.5833333333330302,2.4066666666667516
2024-03-13 13:30:00,2024-03-13 14:05:00,Long,2164.485,2164.47,-0.030000000000654836,SL Hit,2164.47,2,630.7300000000066,35.0,-0.6649999999999636,6.5949999999998
2024-03-13 15:00:00,2024-03-13 17:50:00,Long,2172.3075,2174.78,9.890000000001237,SL Hit,2174.78,4,640.6200000000078,170.0,-3.8575000000000728,6.722500000000309
2024-03-13 18:05:00,2024-03-13 22:30:00,Short,2174.888,2174.78,0.5399999999985994,SL Hit,2174.78,5,641.1600000000064,265.0,1.461999999999989,-3.288000000000011
2024-03-13 22:35:00,2024-03-14 00:10:00,Long,2175.16,2174.5,-1.9799999999995634,SL Hit,2174.5,3,639.1800000000069,95.0,-1.4600000000000364,0.900000000000091
2024-03-14 00:25:00,2024-03-14 00:45:00,Short,2174.445,2174.84,-0.7899999999999636,SL Hit,2174.84,2,638.3900000000069,20.0,0.5249999999996362,-1.1449999999999818
2024-03-14 00:50:00,2024-03-14 01:25:00,Long,2174.62,2174.62,0.0,SL Hit,2174.62,1,638.3900000000069,35.0,-0.7199999999997999,2.119999999999891
2024-03-14 01:40:00,2024-03-14 08:10:00,Short,2171.6227272727274,2168.85,30.500000000002274,SL Hit,2168.85,11,668.8900000000092,390.0,3.6472727272725933,-4.322727272727207
2024-03-14 08:15:00,2024-03-14 09:15:00,Long,2168.495,2168.26,-0.46999999999934516,SL Hit,2168.26,2,668.4200000000098,60.0,-0.5549999999998363,1.4450000000001637
2024-03-14 12:20:00,2024-03-14 16:40:00,Short,2162.947142857143,2159.99,20.700000000001182,SL Hit,2159.99,7,689.120000000011,260.0,6.75285714285701,-9.96714285714279
2024-03-14 20:40:00,2024-03-14 23:30:00,Short,2161.692,2161.76,-0.340000000001055,SL Hit,2161.76,5,688.78000000001,170.0,0.7280000000000655,-1.1920000000000073
2024-03-14 23:35:00,2024-03-14 23:50:00,Short,2161.37,2161.76,-0.7800000000006548,SL Hit,2161.76,2,688.0000000000093,15.0,0.5500000000001819,-1.3699999999998909
2024-03-15 03:00:00,2024-03-15 03:15:00,Short,2162.13,2162.89,-1.519999999999527,SL Hit,2162.89,2,686.4800000000098,15.0,1.2399999999997817,-1.0300000000002
2024-03-15 03:20:00,2024-03-15 03:55:00,Long,2163.59,2163.7,0.21999999999934516,SL Hit,2163.7,2,686.7000000000091,35.0,-1.1000000000003638,1.1599999999998545
2024-03-15 05:15:00,2024-03-15 06:30:00,Long,2166.326666666667,2167.98,4.959999999999582,SL Hit,2167.98,3,691.6600000000087,75.0,-2.816666666666606,3.383333333333212
2024-03-15 07:55:00,2024-03-15 08:40:00,Short,2166.98,2167.44,-0.9200000000000728,SL Hit,2167.44,2,690.7400000000086,45.0,0.8699999999998909,-1.4600000000000364
2024-03-15 08:45:00,2024-03-15 09:15:00,Long,2167.63,2167.63,0.0,SL Hit,2167.63,1,690.7400000000086,30.0,-0.13000000000010914,2.069999999999709
2024-03-15 14:15:00,2024-03-15 14:20:00,Long,2162.83,2162.0699999999997,-0.7600000000002183,SL Hit,2162.0699999999997,1,689.9800000000084,5.0,-1.1799999999998363,1.349999999999909
2024-03-15 15:40:00,2024-03-15 18:05:00,Short,2159.4025,2157.82,6.329999999999927,SL Hit,2157.82,4,696.3100000000084,145.0,3.9474999999997635,-3.8524999999999636
2024-03-15 18:35:00,2024-03-15 19:20:00,Long,2158.383333333333,2157.95,-1.300000000000182,SL Hit,2157.95,3,695.0100000000082,45.0,-0.783333333333303,1.8266666666668243
2024-03-15 19:25:00,2024-03-17 23:45:00,Short,2156.255,2155.63,2.5,SL Hit,2155.63,4,697.5100000000082,3140.0,2.1649999999999636,-4.6550000000002
2024-03-17 23:50:00,2024-03-18 00:10:00,Long,2154.6,2154.6,0.0,SL Hit,2154.6,1,697.5100000000082,20.0,0.0,2.0300000000002
2024-03-18 03:05:00,2024-03-18 04:15:00,Short,2147.2650000000003,2147.86,-1.1899999999995998,SL Hit,2147.86,2,696.3200000000086,70.0,0.6449999999995271,-1.9650000000001455
2024-03-18 05:25:00,2024-03-18 06:05:00,Short,2146.81,2148.08,-2.5399999999999636,SL Hit,2148.08,2,693.7800000000086,40.0,1.3099999999999454,-0.5099999999997635
2024-03-18 06:10:00,2024-03-18 12:50:00,Long,2154.594,2160.19,55.960000000000036,SL Hit,2160.19,10,749.7400000000086,400.0,-7.894000000000233,8.89599999999973
2024-03-18 15:05:00,2024-03-18 15:25:00,Short,2159.2,2167.5199999999995,-8.319999999999709,SL Hit,2167.5199999999995,1,741.4200000000089,20.0,1.9900000000002365,-2.1399999999998727
2024-03-18 15:25:00,2024-03-18 15:35:00,Long,2160.28,2159.9999999999995,-0.28000000000065484,SL Hit,2159.9999999999995,1,741.1400000000083,10.0,-2.2800000000002,0.9099999999998545
2024-03-18 18:25:00,2024-03-18 19:20:00,Short,2159.5299999999997,2160.58,-2.100000000000364,SL Hit,2160.58,2,739.0400000000079,55.0,1.1300000000001091,-0.5299999999997453
2024-03-18 19:40:00,2024-03-18 19:50:00,Long,2160.42,2160.1000000000004,-0.31999999999970896,SL Hit,2160.1000000000004,1,738.7200000000082,10.0,-0.9700000000002547,0.30999999999994543
2024-03-18 20:30:00,2024-03-18 22:05:00,Short,2159.85,2160.3299999999995,-0.47999999999956344,SL Hit,2160.3299999999995,1,738.2400000000086,95.0,0.5,-0.849999999999909
2024-03-18 23:40:00,2024-03-19 00:50:00,Long,2161.4900000000002,2160.7,-2.370000000001255,SL Hit,2160.7,3,735.8700000000074,70.0,-1.4900000000002365,1.2799999999997453
2024-03-19 00:55:00,2024-03-19 02:10:00,Short,2161.255,2162.06,-1.6099999999996726,SL Hit,2162.06,2,734.2600000000077,75.0,1.4549999999999272,-2.6849999999999454
2024-03-19 05:15:00,2024-03-19 06:45:00,Short,2157.5633333333335,2156.3,3.7899999999999636,SL Hit,2156.3,3,738.0500000000077,90.0,1.786666666666406,-3.383333333333667
2024-03-19 07:20:00,2024-03-19 08:45:00,Short,2153.2,2151.22,7.920000000000073,SL Hit,2151.22,4,745.9700000000078,85.0,3.8100000000004,-6.079999999999927
2024-03-19 08:50:00,2024-03-19 09:25:00,Long,2151.605,2152.21,1.2100000000000364,SL Hit,2152.21,2,747.1800000000078,35.0,-1.074999999999818,1.824999999999818
2024-03-19 13:20:00,2024-03-19 14:25:00,Short,2154.175,2152.57,3.2100000000000364,SL Hit,2152.57,2,750.3900000000078,65.0,2.794999999999618,-5.265000000000327
2024-03-19 14:30:00,2024-03-19 15:10:00,Long,2152.7,2152.46,-0.23999999999978172,SL Hit,2152.46,1,750.150000000008,40.0,-0.5499999999997272,2.680000000000291
2024-03-19 16:20:00,2024-03-19 16:30:00,Long,2154.87,2153.9900000000007,-0.8799999999991996,SL Hit,2153.9900000000007,1,749.2700000000088,10.0,-1.6700000000000728,0.9700000000002547
2024-03-19 19:15:00,2024-03-19 19:30:00,Long,2157.63,2156.71,-0.9200000000000728,SL Hit,2156.71,1,748.3500000000088,15.0,-0.9600000000000364,0.17000000000007276
2024-03-19 20:55:00,2024-03-20 01:10:00,Short,2157.698,2157.85,-0.7600000000002183,SL Hit,2157.85,5,747.5900000000086,255.0,1.8420000000000982,-3.0979999999999563
2024-03-20 03:15:00,2024-03-20 03:50:00,Short,2159.02,2159.5,-0.9600000000000364,SL Hit,2159.5,2,746.6300000000085,35.0,0.6100000000001273,-1.4200000000000728
2024-03-20 05:30:00,2024-03-20 06:20:00,Long,2157.626666666667,2156.89,-2.2100000000014006,SL Hit,2156.89,3,744.4200000000071,50.0,-1.1266666666670062,0.5533333333328301
2024-03-20 07:15:00,2024-03-20 08:00:00,Long,2157.713333333333,2157.1,-1.8399999999996908,SL Hit,2157.1,3,742.5800000000074,45.0,-1.1633333333329574,1.5666666666670608
2024-03-20 09:50:00,2024-03-20 11:35:00,Short,2154.7200000000003,2154.69,0.06000000000040018,SL Hit,2154.69,2,742.6400000000078,105.0,0.8699999999998909,-2.3200000000001637
2024-03-20 11:40:00,2024-03-20 11:55:00,Long,2154.53,2153.889999999999,-0.6400000000012369,SL Hit,2153.889999999999,1,742.0000000000066,15.0,-0.650000000000091,0.33999999999969077
2024-03-20 12:00:00,2024-03-20 12:05:00,Long,2153.99,2153.99,0.0,SL Hit,2153.99,1,742.0000000000066,5.0,-1.8899999999998727,1.1700000000000728
2024-03-20 13:50:00,2024-03-20 15:25:00,Long,2156.0950000000003,2155.89,-0.410000000000764,SL Hit,2155.89,2,741.5900000000058,95.0,-1.4050000000002,8.704999999999927
2024-03-20 15:35:00,2024-03-20 16:50:00,Short,2156.956666666667,2158.08,-3.3699999999989814,SL Hit,2158.08,3,738.2200000000068,75.0,1.5833333333330302,-3.0566666666668425
2024-03-20 18:00:00,2024-03-21 00:05:00,Long,2183.685,2201.4,141.72000000000116,SL Hit,2201.4,8,879.940000000008,365.0,-26.634999999999764,38.375
2024-03-21 03:15:00,2024-03-21 03:40:00,Long,2203.785,2202.8,-1.9699999999993452,SL Hit,2202.8,2,877.9700000000087,25.0,-1.2049999999999272,0.9149999999999636
2024-03-21 03:50:00,2024-03-21 04:25:00,Short,2202.57,2202.97,-0.7999999999992724,SL Hit,2202.97,2,877.1700000000094,35.0,1.4699999999998,-0.8099999999999454
2024-03-21 06:00:00,2024-03-21 07:40:00,Long,2206.84,2206.93,0.3599999999987631,SL Hit,2206.93,4,877.5300000000082,100.0,-2.3299999999999272,2.9600000000000364
2024-03-21 07:50:00,2024-03-21 09:45:00,Short,2205.4775,2205.08,1.5900000000001455,SL Hit,2205.08,4,879.1200000000083,115.0,3.0525000000002365,-7.997499999999945
2024-03-21 09:50:00,2024-03-21 11:05:00,Long,2206.9833333333336,2207.0,0.049999999999272404,SL Hit,2207.0,3,879.1700000000076,75.0,-2.9733333333333576,4.586666666666588
2024-03-21 11:10:00,2024-03-21 12:05:00,Short,2207.1800000000003,2208.11,-1.8599999999996726,SL Hit,2208.11,2,877.3100000000079,55.0,1.169999999999618,-1.6200000000003456
2024-03-21 12:15:00,2024-03-21 12:30:00,Long,2208.31,2205.110000000001,-3.1999999999989086,SL Hit,2205.110000000001,1,874.110000000009,15.0,-3.8299999999999272,0.34999999999990905
2024-03-21 13:15:00,2024-03-21 16:45:00,Short,2188.8025,2178.54,41.04999999999927,SL Hit,2178.54,4,915.1600000000083,210.0,14.81750000000011,-22.482499999999618
2024-03-21 19:50:00,2024-03-21 22:05:00,Short,2181.22,2181.62,-1.2000000000002728,SL Hit,2181.62,3,913.960000000008,135.0,1.2600000000002183,-0.9399999999995998
2024-03-21 23:30:00,2024-03-21 23:45:00,Short,2181.49,2181.55,-0.12000000000080036,SL Hit,2181.55,2,913.8400000000072,15.0,0.3200000000001637,-0.8899999999998727
2024-03-22 01:25:00,2024-03-22 04:30:00,Short,2176.865,2174.38,9.93999999999869,SL Hit,2174.38,4,923.7800000000059,185.0,7.345000000000255,-4.964999999999691
2024-03-22 05:25:00,2024-03-22 05:55:00,Long,2174.33,2173.4,-1.8599999999996726,SL Hit,2173.4,2,921.9200000000062,30.0,-1.1300000000001091,0.9200000000000728
2024-03-22 06:00:00,2024-03-22 07:55:00,Short,2171.89,2169.26,7.889999999998963,SL Hit,2169.26,3,929.8100000000052,115.0,4.120000000000346,-9.480000000000018
2024-03-22 08:15:00,2024-03-22 08:55:00,Short,2166.6800000000003,2167.61,-1.8599999999996726,SL Hit,2167.61,2,927.9500000000055,40.0,1.7799999999997453,-1.480000000000473
2024-03-22 09:45:00,2024-03-22 10:35:00,Short,2166.7566666666667,2167.09,-1.0000000000004547,SL Hit,2167.09,3,926.950000000005,50.0,1.1633333333334122,-1.116666666666788
2024-03-22 10:40:00,2024-03-22 10:50:00,Long,2166.74,2166.74,0.0,SL Hit,2166.74,1,926.950000000005,10.0,-0.13999999999987267,1.830000000000382
2024-03-22 11:30:00,2024-03-22 12:10:00,Short,2167.48,2169.8400000000006,-2.360000000000582,SL Hit,2169.8400000000006,1,924.5900000000045,40.0,3.6900000000000546,-3.0799999999999272
2024-03-22 13:10:00,2024-03-22 13:25:00,Long,2174.04,2174.04,0.0,SL Hit,2174.04,1,924.5900000000045,15.0,-1.0399999999999636,1.8299999999999272
2024-03-22 14:30:00,2024-03-22 14:40:00,Short,2172.6850000000004,2174.73,-4.089999999999236,SL Hit,2174.73,2,920.5000000000052,10.0,3.014999999999418,-0.8950000000004366
2024-03-24 23:55:00,2024-03-25 00:15:00,Long,2168.04,2165.88,-2.1599999999998545,SL Hit,2165.88,1,918.3400000000054,20.0,-3.1399999999998727,1.1700000000000728
2024-03-25 02:30:00,2024-03-25 03:10:00,Long,2175.5,2171.5,-4.0,SL Hit,2171.5,1,914.3400000000054,40.0,-2.5399999999999636,2.1700000000000728
2024-03-25 03:10:00,2024-03-25 04:20:00,Short,2171.733333333333,2171.01,2.1699999999987085,SL Hit,2171.01,3,916.5100000000041,70.0,2.5566666666668425,-2.233333333333121
2024-03-25 04:35:00,2024-03-25 05:30:00,Short,2169.545,2170.14,-1.1899999999995998,SL Hit,2170.14,2,915.3200000000045,55.0,0.7150000000001455,-2.144999999999982
2024-03-25 07:25:00,2024-03-25 07:30:00,Long,2166.75,2164.91,-1.8400000000001455,SL Hit,2164.91,1,913.4800000000043,5.0,-1.949999999999818,0.19000000000005457
2024-03-25 08:50:00,2024-03-25 09:40:00,Short,2165.4066666666663,2165.9,-1.4800000000013824,SL Hit,2165.9,3,912.000000000003,50.0,2.8033333333337396,-1.3166666666661513
2024-03-25 15:45:00,2024-03-25 16:15:00,Short,2176.3450000000003,2177.07,-1.449999999999818,SL Hit,2177.07,2,910.5500000000031,30.0,0.7349999999996726,-0.955000000000382
2024-03-25 16:25:00,2024-03-25 16:30:00,Long,2177.05,2177.05,0.0,SL Hit,2177.05,1,910.5500000000031,5.0,-0.9100000000003092,0.6199999999998909
2024-03-25 16:45:00,2024-03-25 20:35:00,Short,2173.7033333333334,2171.68,12.140000000001237,SL Hit,2171.68,6,922.6900000000044,230.0,2.7566666666666606,-3.803333333333285
2024-03-25 20:50:00,2024-03-25 22:00:00,Long,2171.1499999999996,2170.95,-0.3999999999996362,SL Hit,2170.95,2,922.2900000000047,70.0,-0.5499999999997272,0.6100000000005821
2024-03-26 01:35:00,2024-03-26 02:35:00,Short,2171.185,2171.43,-0.4899999999997817,SL Hit,2171.43,2,921.800000000005,60.0,0.3049999999998363,-3.4850000000001273
2024-03-26 04:00:00,2024-03-26 04:20:00,Short,2170.36,2171.28,-0.9200000000000728,SL Hit,2171.28,1,920.8800000000049,20.0,1.349999999999909,-0.8600000000001273
2024-03-26 10:50:00,2024-03-26 12:10:00,Long,2196.1933333333336,2195.4,-2.380000000000564,SL Hit,2195.4,3,918.5000000000043,80.0,-1.1233333333334485,3.4466666666662604
2024-03-26 12:15:00,2024-03-26 17:30:00,Short,2186.433333333333,2178.17,49.5799999999972,SL Hit,2178.17,6,968.0800000000015,315.0,10.516666666666879,-14.753333333333103
2024-03-26 18:10:00,2024-03-26 20:50:00,Short,2177.3425,2177.96,-2.469999999999345,SL Hit,2177.96,4,965.6100000000022,160.0,1.1574999999998,-2.692500000000109
2024-03-26 20:55:00,2024-03-26 22:00:00,Long,2177.63,2177.63,0.0,SL Hit,2177.63,1,965.6100000000022,65.0,-0.47000000000025466,0.9899999999997817
2024-03-26 22:15:00,2024-03-26 22:30:00,Long,2177.5,2177.5,0.0,SL Hit,2177.5,1,965.6100000000022,15.0,-0.1999999999998181,1.599999999999909
2024-03-26 23:20:00,2024-03-26 23:40:00,Short,2178.8,2183.6000000000013,-4.800000000001091,SL Hit,2183.6000000000013,1,960.8100000000011,20.0,0.30999999999994543,-1.2000000000002728
2024-03-26 23:40:00,2024-03-27 00:20:00,Long,2178.62,2178.0999999999995,-0.5200000000004366,SL Hit,2178.0999999999995,1,960.2900000000006,40.0,-1.3299999999999272,1.4800000000000182
2024-03-27 05:10:00,2024-03-27 05:45:00,Short,2176.865,2177.63,-1.5300000000006548,SL Hit,2177.63,2,958.76,35.0,0.805000000000291,-1.1649999999999636
2024-03-27 07:00:00,2024-03-27 07:50:00,Short,2178.556666666667,2180.03,-4.420000000000073,SL Hit,2180.03,3,954.3399999999999,50.0,2.1933333333331575,-1.5566666666668425
2024-03-27 07:55:00,2024-03-27 08:30:00,Long,2179.85,2179.3700000000003,-0.47999999999956344,SL Hit,2179.3700000000003,1,953.8600000000004,35.0,-1.150000000000091,2.7400000000002365
2024-03-27 08:35:00,2024-03-27 09:40:00,Short,2179.14,2183.4199999999987,-4.279999999998836,SL Hit,2183.4199999999987,1,949.5800000000015,65.0,11.38000000000011,-2.5899999999996908
2024-03-27 11:00:00,2024-03-27 11:40:00,Long,2193.87,2192.2300000000005,-1.639999999999418,SL Hit,2192.2300000000005,1,947.9400000000021,40.0,-2.6900000000000546,3.450000000000273
2024-03-27 13:35:00,2024-03-27 15:25:00,Long,2189.62,2189.81,0.38000000000010914,SL Hit,2189.81,2,948.3200000000022,110.0,-2.809999999999036,5.119999999999891
2024-03-27 15:30:00,2024-03-27 16:20:00,Short,2189.9799999999996,2191.16,-2.360000000000582,SL Hit,2191.16,2,945.9600000000016,50.0,1.480000000000473,-1.5599999999994907
2024-03-27 18:35:00,2024-03-27 19:50:00,Long,2191.64,2190.82,-2.459999999999127,SL Hit,2190.82,3,943.5000000000025,75.0,-1.2399999999997817,1.2100000000000364
2024-03-27 20:25:00,2024-03-27 22:00:00,Long,2194.6499999999996,2194.45,-0.3999999999996362,SL Hit,2194.45,2,943.1000000000029,95.0,-6.459999999999582,0.4000000000005457
2024-03-27 23:55:00,2024-03-28 01:25:00,Short,2189.945,2190.31,-0.7299999999995634,SL Hit,2190.31,2,942.3700000000033,90.0,1.0249999999996362,-2.9450000000001637
2024-03-28 04:25:00,2024-03-28 04:55:00,Long,2195.2799999999997,2194.3,-1.9599999999991269,SL Hit,2194.3,2,940.4100000000042,30.0,-0.9799999999995634,0.7900000000004184
2024-03-28 05:30:00,2024-03-28 07:20:00,Long,2196.7200000000003,2194.8,-3.8400000000001455,SL Hit,2194.8,2,936.570000000004,110.0,-2.1900000000000546,3.7799999999997453
2024-03-28 12:40:00,2024-03-28 13:00:00,Short,2209.08,2216.16,-7.079999999999927,SL Hit,2216.16,1,929.4900000000041,20.0,7.710000000000036,-3.0099999999997635
2024-03-28 14:00:00,2024-03-28 16:00:00,Short,2212.1433333333334,2216.54,-13.1899999999996,SL Hit,2216.54,3,916.3000000000045,120.0,4.4766666666664605,-7.583333333333485
2024-03-28 20:40:00,2024-04-01 01:55:00,Long,2246.576,2255.63,45.27000000000044,SL Hit,2255.63,5,961.5700000000049,4635.0,-24.95600000000013,12.97400000000016
2024-04-01 02:00:00,2024-04-01 02:55:00,Short,2256.0600000000004,2257.91,-3.6999999999989086,SL Hit,2257.91,2,957.870000000006,55.0,1.889999999999418,-0.9800000000004729
2024-04-01 03:00:00,2024-04-01 04:35:00,Long,2259.1499999999996,2259.3,0.4500000000016371,SL Hit,2259.3,3,958.3200000000077,95.0,-2.5599999999994907,6.220000000000255
2024-04-01 09:55:00,2024-04-01 11:35:00,Short,2251.08,2250.64,1.3200000000001637,SL Hit,2250.64,3,959.6400000000078,100.0,2.0900000000001455,-5.519999999999982
2024-04-01 11:55:00,2024-04-01 12:45:00,Short,2247.79,2252.1099999999997,-4.319999999999709,SL Hit,2252.1099999999997,1,955.3200000000081,50.0,4.539999999999964,-3.75
2024-04-01 12:50:00,2024-04-01 13:40:00,Long,2251.6549999999997,2249.87,-3.569999999999709,SL Hit,2249.87,2,951.7500000000084,50.0,-3.244999999999891,6.055000000000291
2024-04-01 15:25:00,2024-04-01 16:55:00,Long,2239.29,2237.24,-4.100000000000364,SL Hit,2237.24,2,947.650000000008,90.0,-2.519999999999982,3.7800000000002
2024-04-01 18:05:00,2024-04-01 18:30:00,Long,2238.24,2238.24,0.0,SL Hit,2238.24,1,947.650000000008,25.0,-0.23999999999978172,2.9200000000000728
2024-04-01 22:05:00,2024-04-01 23:15:00,Long,2250.5266666666666,2250.7,0.5199999999995271,SL Hit,2250.7,3,948.1700000000076,70.0,-1.116666666666788,5.0933333333332484
2024-04-01 23:30:00,2024-04-02 00:20:00,Short,2250.1133333333332,2250.33,-0.650000000000091,SL Hit,2250.33,3,947.5200000000075,50.0,1.646666666666988,-2.2133333333331393
2024-04-02 01:10:00,2024-04-02 01:40:00,Short,2248.815,2249.62,-1.6099999999996726,SL Hit,2249.62,2,945.9100000000078,30.0,0.9850000000001273,-2.3150000000000546
2024-04-02 02:25:00,2024-04-02 02:50:00,Short,2248.77,2252.649999999999,-3.8799999999991996,SL Hit,2252.649999999999,1,942.0300000000086,25.0,4.550000000000182,-0.9699999999997999
2024-04-02 04:20:00,2024-04-02 04:40:00,Short,2251.19,2255.150000000001,-3.960000000000946,SL Hit,2255.150000000001,1,938.0700000000077,20.0,5.320000000000164,-0.9900000000002365
2024-04-02 06:25:00,2024-04-02 06:40:00,Long,2254.165,2253.57,-1.1899999999995998,SL Hit,2253.57,2,936.8800000000081,15.0,-0.8249999999998181,1.0050000000001091
2024-04-02 06:55:00,2024-04-02 07:00:00,Long,2255.19,2254.8299999999995,-0.3600000000005821,SL Hit,2254.8299999999995,1,936.5200000000075,5.0,-1.1900000000000546,0.5700000000001637
2024-04-02 07:25:00,2024-04-02 08:05:00,Short,2254.67,2259.3500000000004,-4.680000000000291,SL Hit,2259.3500000000004,1,931.8400000000072,40.0,7.210000000000036,-1.430000000000291
2024-04-02 09:50:00,2024-04-02 13:10:00,Short,2260.0,2258.34,6.639999999999418,SL Hit,2258.34,4,938.4800000000066,200.0,4.369999999999891,-6.420000000000073
2024-04-02 13:25:00,2024-04-02 15:25:00,Long,2257.9700000000003,2256.82,-2.300000000000182,SL Hit,2256.82,2,936.1800000000064,120.0,-3.7900000000004184,18.789999999999964
2024-04-02 16:40:00,2024-04-02 20:15:00,Long,2269.7825,2275.85,24.270000000000437,SL Hit,2275.85,4,960.4500000000069,215.0,-11.422499999999673,8.727500000000418
2024-04-02 22:15:00,2024-04-02 23:15:00,Long,2281.45,2281.2,-0.5,SL Hit,2281.2,2,959.9500000000069,60.0,-0.9499999999998181,6.210000000000036
2024-04-02 23:20:00,2024-04-03 00:40:00,Short,2282.27,2285.0,-5.460000000000036,SL Hit,2285.0,2,954.4900000000068,80.0,3.3899999999998727,-4.2599999999997635
2024-04-03 00:45:00,2024-04-03 01:00:00,Long,2284.22,2282.3800000000015,-1.8399999999983265,SL Hit,2282.3800000000015,1,952.6500000000085,15.0,-3.6399999999998727,1.4700000000002547
2024-04-03 02:00:00,2024-04-03 03:05:00,Long,2282.9133333333334,2282.21,-2.1100000000001273,SL Hit,2282.21,3,950.5400000000084,65.0,-1.1733333333336304,1.816666666666606
2024-04-03 04:05:00,2024-04-03 04:55:00,Long,2285.8149999999996,2284.2,-3.2299999999995634,SL Hit,2284.2,2,947.3100000000088,50.0,-2.014999999999418,1.1350000000002183
2024-04-03 06:40:00,2024-04-03 08:35:00,Short,2275.6949999999997,2270.82,9.74999999999909,SL Hit,2270.82,2,957.0600000000079,115.0,7.3650000000002365,-8.014999999999873
2024-04-03 09:30:00,2024-04-03 10:30:00,Long,2270.8733333333334,2270.4,-1.4200000000000728,SL Hit,2270.4,3,955.6400000000078,60.0,-0.7733333333335395,3.2966666666666242
2024-04-03 11:15:00,2024-04-03 11:25:00,Long,2272.57,2270.689999999999,-1.8800000000010186,SL Hit,2270.689999999999,1,953.7600000000068,10.0,-3.6700000000000728,0.33999999999969077
2024-04-03 11:30:00,2024-04-03 12:50:00,Short,2271.98,2274.1,-4.239999999999782,SL Hit,2274.1,2,949.520000000007,80.0,2.5700000000001637,-5.9699999999998
2024-04-03 12:55:00,2024-04-03 18:20:00,Long,2284.362222222223,2294.18,88.35999999999194,SL Hit,2294.18,9,1037.879999999999,325.0,-12.002222222222827,11.027777777776919
2024-04-03 20:25:00,2024-04-03 22:05:00,Long,2298.765,2296.9,-3.7299999999995634,SL Hit,2296.9,2,1034.1499999999994,100.0,-5.804999999999836,2.1550000000002
2024-04-03 23:35:00,2024-04-04 00:20:00,Short,2298.6800000000003,2300.03,-2.699999999999818,SL Hit,2300.03,2,1031.4499999999996,45.0,1.8599999999996726,-2.3900000000003274
2024-04-04 00:45:00,2024-04-04 01:10:00,Long,2299.25,2299.25,0.0,SL Hit,2299.25,1,1031.4499999999996,25.0,-1.2600000000002183,3.1900000000000546
2024-04-04 03:05:00,2024-04-04 05:15:00,Short,2299.0175000000004,2300.08,-4.249999999998181,SL Hit,2300.08,4,1027.2000000000014,130.0,1.5224999999995816,-2.117500000000291
2024-04-04 05:30:00,2024-04-04 07:30:00,Short,2296.773333333333,2297.19,-1.2500000000009095,SL Hit,2297.19,3,1025.9500000000005,120.0,2.1566666666667516,-4.473333333332903
2024-04-04 08:25:00,2024-04-04 08:30:00,Short,2291.97,2292.4899999999984,-0.5199999999986176,SL Hit,2292.4899999999984,1,1025.4300000000019,5.0,1.4900000000002365,-0.1299999999996544
2024-04-04 09:50:00,2024-04-04 10:00:00,Long,2292.99,2292.9500000000007,-0.039999999999054126,SL Hit,2292.9500000000007,1,1025.3900000000028,10.0,-0.08999999999969077,0.830000000000382
2024-04-04 10:15:00,2024-04-04 11:25:00,Long,2293.33,2292.55,-1.5599999999994907,SL Hit,2292.55,2,1023.8300000000033,70.0,-0.8400000000001455,1.7899999999999636
2024-04-04 11:30:00,2024-04-04 12:55:00,Short,2289.9633333333336,2288.28,5.050000000000182,SL Hit,2288.28,3,1028.8800000000035,85.0,3.406666666666297,-6.89333333333343
2024-04-04 14:25:00,2024-04-04 14:55:00,Long,2294.8450000000003,2294.81,-0.07000000000061846,SL Hit,2294.81,2,1028.810000000003,30.0,-1.7150000000001455,3.8349999999995816
2024-04-04 15:00:00,2024-04-04 17:45:00,Short,2291.792,2291.26,2.6599999999984902,SL Hit,2291.26,5,1031.4700000000014,165.0,3.0979999999999563,-5.342000000000098
2024-04-04 18:50:00,2024-04-04 19:00:00,Long,2300.32,2300.0800000000004,-0.23999999999978172,SL Hit,2300.0800000000004,1,1031.2300000000016,10.0,-7.5300000000002,4.710000000000036
2024-04-04 22:45:00,2024-04-05 03:00:00,Short,2281.725714285714,2274.2,52.67999999999802,SL Hit,2274.2,7,1083.9099999999996,255.0,9.354285714286107,-13.745714285713802
2024-04-05 04:35:00,2024-04-05 06:20:00,Long,2279.5866666666666,2278.49,-3.2900000000004184,SL Hit,2278.49,3,1080.6199999999992,105.0,-3.3866666666667697,3.283333333333303
2024-04-05 06:30:00,2024-04-05 07:05:00,Short,2279.07,2281.8300000000004,-2.7600000000002183,SL Hit,2281.8300000000004,1,1077.859999999999,35.0,4.480000000000018,-1.8600000000001273
2024-04-05 07:10:00,2024-04-05 11:10:00,Long,2289.9150000000004,2293.04,18.74999999999727,SL Hit,2293.04,6,1096.6099999999963,240.0,-7.735000000000582,5.364999999999782
2024-04-05 13:50:00,2024-04-05 16:15:00,Long,2313.5550000000003,2325.21,69.92999999999847,SL Hit,2325.21,6,1166.5399999999947,145.0,-17.645000000000437,15.604999999999563
2024-04-07 22:05:00,2024-04-07 23:00:00,Short,2317.95,2311.6,12.699999999999818,SL Hit,2311.6,2,1179.2399999999946,55.0,8.890000000000327,-12.349999999999909
2024-04-08 00:50:00,2024-04-08 01:25:00,Short,2307.77,2311.61,-3.8400000000001455,SL Hit,2311.61,1,1175.3999999999944,35.0,6.0900000000001455,-4.300000000000182
2024-04-08 03:30:00,2024-04-08 06:30:00,Short,2340.125,2337.29,17.01000000000022,SL Hit,2337.29,6,1192.4099999999946,180.0,5.045000000000073,-8.724999999999909
2024-04-08 08:05:00,2024-04-08 08:10:00,Long,2339.12,2338.2,-0.9200000000000728,SL Hit,2338.2,1,1191.4899999999946,5.0,-1.1599999999998545,0.5700000000001637
2024-04-08 10:10:00,2024-04-08 11:40:00,Long,2339.12,2338.25,-2.6099999999996726,SL Hit,2338.25,3,1188.8799999999949,90.0,-2.9400000000000546,4.070000000000164
2024-04-08 11:45:00,2024-04-08 14:55:00,Short,2330.112,2328.58,7.660000000000764,SL Hit,2328.58,5,1196.5399999999956,190.0,9.16800000000012,-12.012000000000171
2024-04-08 15:05:00,2024-04-08 16:40:00,Long,2328.726666666667,2326.45,-6.8300000000012915,SL Hit,2326.45,3,1189.7099999999944,95.0,-3.7266666666669153,2.503333333333103
2024-04-08 17:15:00,2024-04-08 19:10:00,Long,2334.1825,2337.85,14.670000000000073,SL Hit,2337.85,4,1204.3799999999944,115.0,-5.492499999999836,7.607500000000073
2024-04-08 21:00:00,2024-04-08 22:00:00,Long,2338.75,2338.75,0.0,SL Hit,2338.75,1,1204.3799999999944,60.0,-2.349999999999909,0.2899999999999636
2024-04-08 22:20:00,2024-04-08 22:30:00,Short,2337.67,2337.870000000001,-0.2000000000007276,SL Hit,2337.870000000001,1,1204.1799999999937,10.0,0.4800000000000182,-0.8699999999998909
2024-04-08 23:05:00,2024-04-08 23:50:00,Long,2338.74,2338.2,-1.0799999999999272,SL Hit,2338.2,2,1203.0999999999938,45.0,-1.3399999999996908,1.5600000000004002
2024-04-09 00:05:00,2024-04-09 00:25:00,Long,2340.1,2338.980000000001,-1.1199999999989814,SL Hit,2338.980000000001,1,1201.9799999999948,20.0,-1.4299999999998363,1.4400000000000546
2024-04-09 00:55:00,2024-04-09 01:50:00,Long,2343.2433333333333,2341.0,-6.730000000000018,SL Hit,2341.0,3,1195.2499999999948,55.0,-5.1933333333331575,4.6566666666667516
2024-04-09 04:00:00,2024-04-09 05:05:00,Short,2344.505,2345.89,-2.769999999999527,SL Hit,2345.89,2,1192.4799999999952,65.0,1.5349999999998545,-1.6050000000000182
2024-04-09 05:20:00,2024-04-09 05:25:00,Long,2345.24,2345.24,0.0,SL Hit,2345.24,1,1192.4799999999952,5.0,-0.1499999999996362,0.580000000000382
2024-04-09 08:55:00,2024-04-09 10:05:00,Long,2360.1549999999997,2362.1,3.8900000000003274,SL Hit,2362.1,2,1196.3699999999956,70.0,-3.0849999999995816,4.885000000000218
2024-04-09 10:50:00,2024-04-09 12:05:00,Short,2355.55,2355.29,0.5200000000004366,SL Hit,2355.29,2,1196.889999999996,75.0,2.2100000000000364,-5.600000000000364
2024-04-09 12:15:00,2024-04-09 12:20:00,Long,2354.45,2351.05,-3.399999999999636,SL Hit,2351.05,1,1193.4899999999964,5.0,-4.589999999999691,2.830000000000382
2024-04-09 15:10:00,2024-04-09 17:10:00,Short,2345.22,2345.1,0.47999999999956344,SL Hit,2345.1,4,1193.969999999996,120.0,5.120000000000346,-6.789999999999964
2024-04-09 17:15:00,2024-04-09 17:25:00,Long,2343.67,2343.1100000000006,-0.5599999999994907,SL Hit,2343.1100000000006,1,1193.4099999999964,10.0,-0.6900000000000546,1.4200000000000728
2024-04-09 17:35:00,2024-04-09 19:05:00,Long,2347.69,2347.98,0.8699999999998909,SL Hit,2347.98,3,1194.2799999999963,90.0,-3.0,2.099999999999909
2024-04-09 22:10:00,2024-04-09 22:35:00,Short,2352.69,2353.43,-1.4799999999995634,SL Hit,2353.43,2,1192.7999999999968,25.0,1.2300000000000182,-2.3899999999998727
2024-04-10 00:30:00,2024-04-10 01:55:00,Short,2350.2533333333336,2348.22,6.100000000001273,SL Hit,2348.22,3,1198.899999999998,85.0,2.866666666666333,-5.353333333333467
2024-04-10 04:10:00,2024-04-10 05:45:00,Long,2355.6,2357.48,5.640000000000327,SL Hit,2357.48,3,1204.5399999999984,95.0,-2.769999999999982,4.300000000000182
2024-04-10 05:50:00,2024-04-10 06:20:00,Short,2357.45,2359.6099999999997,-2.1599999999998545,SL Hit,2359.6099999999997,1,1202.3799999999985,30.0,2.3900000000003274,-1.3099999999999454
2024-04-10 07:45:00,2024-04-10 10:30:00,Short,2351.3239999999996,2348.23,15.469999999997981,SL Hit,2348.23,5,1217.8499999999965,165.0,4.556000000000495,-6.323999999999614
2024-04-10 13:35:00,2024-04-10 13:55:00,Short,2327.4049999999997,2332.57,-10.330000000000837,SL Hit,2332.57,2,1207.5199999999957,20.0,7.825000000000273,-2.0549999999998363
2024-04-10 18:30:00,2024-04-10 19:50:00,Short,2332.5299999999997,2330.35,4.359999999999673,SL Hit,2330.35,2,1211.8799999999953,80.0,3.300000000000182,-6.089999999999691
2024-04-10 20:00:00,2024-04-10 20:50:00,Long,2330.97,2331.6,1.8900000000003274,SL Hit,2331.6,3,1213.7699999999957,50.0,-1.7699999999999818,2.5300000000002
2024-04-10 22:45:00,2024-04-10 23:05:00,Long,2335.73,2334.609999999999,-1.1200000000008004,SL Hit,2334.609999999999,1,1212.6499999999949,20.0,-1.4299999999998363,1.0199999999999818
2024-04-11 00:00:00,2024-04-11 01:00:00,Short,2334.995,2335.67,-1.3500000000003638,SL Hit,2335.67,2,1211.2999999999945,60.0,1.5650000000000546,-1.5050000000001091
2024-04-11 02:30:00,2024-04-11 04:25:00,Long,2343.21,2343.24,0.11999999999898137,SL Hit,2343.24,4,1211.4199999999935,115.0,-3.5100000000002183,3.380000000000109
2024-04-11 04:50:00,2024-04-11 05:10:00,Short,2342.95,2343.33,-0.7600000000002183,SL Hit,2343.33,2,1210.6599999999933,20.0,0.7600000000002183,-0.849999999999909
2024-04-11 08:05:00,2024-04-11 09:30:00,Short,2334.1549999999997,2332.58,3.149999999999636,SL Hit,2332.58,2,1213.809999999993,85.0,3.3850000000002183,-8.954999999999927
2024-04-11 12:05:00,2024-04-11 12:30:00,Short,2336.83,2338.789999999999,-1.9599999999991269,SL Hit,2338.789999999999,1,1211.8499999999938,25.0,5.710000000000036,-4.5900000000001455
2024-04-11 13:20:00,2024-04-11 14:15:00,Long,2344.73,2341.59,-9.419999999999618,SL Hit,2341.59,3,1202.4299999999942,55.0,-8.13000000000011,2.269999999999982
2024-04-11 16:05:00,2024-04-11 16:15:00,Long,2344.06,2344.06,0.0,SL Hit,2344.06,1,1202.4299999999942,10.0,-0.3200000000001637,2.269999999999982
2024-04-11 17:55:00,2024-04-11 20:55:00,Long,2364.1499999999996,2371.8,30.600000000002183,SL Hit,2371.8,4,1233.0299999999963,180.0,-8.749999999999545,13.380000000000564
2024-04-11 23:05:00,2024-04-11 23:45:00,Long,2374.53,2374.0899999999997,-0.4400000000005093,SL Hit,2374.0899999999997,1,1232.5899999999958,40.0,-0.7300000000000182,2.199999999999818
2024-04-11 23:55:00,2024-04-12 02:50:00,Long,2382.0275,2387.4,21.48999999999978,SL Hit,2387.4,4,1254.0799999999956,175.0,-7.727499999999964,12.752500000000055
2024-04-12 03:35:00,2024-04-12 04:50:00,Short,2386.165,2386.86,-1.3900000000003274,SL Hit,2386.86,2,1252.6899999999953,75.0,2.7950000000000728,-3.6649999999999636
2024-04-12 08:35:00,2024-04-12 09:50:00,Short,2396.76,2398.29,-3.0599999999994907,SL Hit,2398.29,2,1249.6299999999958,75.0,3.2899999999999636,-3.0600000000004
2024-04-12 12:30:00,2024-04-12 12:35:00,Long,2394.83,2394.630000000001,-0.1999999999989086,SL Hit,2394.630000000001,1,1249.4299999999969,5.0,-0.6399999999998727,1.8099999999999454
2024-04-12 13:00:00,2024-04-12 13:30:00,Long,2396.515,2394.27,-4.489999999999782,SL Hit,2394.27,2,1244.939999999997,30.0,-2.644999999999982,2.644999999999982
2024-04-12 13:35:00,2024-04-12 14:10:00,Short,2398.33,2409.5699999999997,-11.239999999999782,SL Hit,2409.5699999999997,1,1233.6999999999973,35.0,16.050000000000182,-3.0900000000001455
2024-04-12 17:15:00,2024-04-12 19:20:00,Short,2350.0266666666666,2340.37,28.970000000000255,SL Hit,2340.37,3,1262.6699999999976,125.0,13.083333333333485,-15.436666666666497
2024-04-12 19:45:00,2024-04-12 20:00:00,Long,2342.64,2342.4,-0.23999999999978172,SL Hit,2342.4,1,1262.4299999999978,15.0,-0.4800000000000182,2.5700000000001637
2024-04-12 20:40:00,2024-04-12 20:50:00,Short,2342.77,2344.53,-1.7600000000002183,SL Hit,2344.53,1,1260.6699999999976,10.0,1.900000000000091,-0.44000000000005457
2024-04-15 00:30:00,2024-04-15 02:05:00,Short,2356.77,2357.83,-3.1799999999998363,SL Hit,2357.83,3,1257.4899999999977,95.0,4.079999999999927,-7.119999999999891
2024-04-15 03:10:00,2024-04-15 05:45:00,Short,2357.325,2357.32,0.019999999998617568,SL Hit,2357.32,4,1257.5099999999964,155.0,2.0950000000002547,-4.154999999999745
2024-04-15 06:40:00,2024-04-15 07:25:00,Short,2355.075,2355.88,-1.610000000000582,SL Hit,2355.88,2,1255.8999999999958,45.0,3.1649999999999636,-3.444999999999709
2024-04-15 07:50:00,2024-04-15 10:00:00,Short,2351.475,2349.63,7.3799999999992,SL Hit,2349.63,4,1263.279999999995,130.0,4.255000000000109,-6.235000000000127
2024-04-15 12:15:00,2024-04-15 13:00:00,Short,2355.14,2358.67,-7.0600000000004,SL Hit,2358.67,2,1256.2199999999946,45.0,5.210000000000036,-3.5299999999997453
2024-04-15 18:35:00,2024-04-15 20:30:00,Long,2377.5266666666666,2382.0,13.420000000000073,SL Hit,2382.0,3,1269.6399999999946,115.0,-9.546666666666624,9.27333333333354
2024-04-15 23:30:00,2024-04-16 00:30:00,Short,2384.51,2384.83,-0.6399999999994179,SL Hit,2384.83,2,1268.9999999999952,60.0,1.4399999999995998,-4.510000000000218
2024-04-16 10:50:00,2024-04-16 11:05:00,Short,2369.67,2373.550000000001,-3.8800000000010186,SL Hit,2373.550000000001,1,1265.1199999999942,15.0,4.549999999999727,-0.9700000000002547
2024-04-16 12:50:00,2024-04-16 13:05:00,Long,2375.08,2371.3600000000006,-3.719999999999345,SL Hit,2371.3600000000006,1,1261.3999999999949,15.0,-3.9899999999997817,1.2899999999999636
2024-04-16 14:15:00,2024-04-16 14:40:00,Short,2369.1099999999997,2371.74,-5.260000000000218,SL Hit,2371.74,2,1256.1399999999946,25.0,5.070000000000164,-4.349999999999454
2024-04-16 16:35:00,2024-04-16 17:20:00,Long,2390.24,2387.4800000000014,-2.7599999999983993,SL Hit,2387.4800000000014,1,1253.3799999999962,45.0,-3.919999999999618,7.510000000000218
2024-04-16 19:55:00,2024-04-16 22:25:00,Short,2387.23,2385.36,3.7399999999997817,SL Hit,2385.36,2,1257.119999999996,150.0,2.9299999999998363,-8.579999999999927
2024-04-17 01:05:00,2024-04-17 02:45:00,Long,2383.526666666667,2383.54,0.03999999999859938,SL Hit,2383.54,3,1257.1599999999946,100.0,-2.046666666667079,2.08333333333303
2024-04-17 03:20:00,2024-04-17 04:25:00,Short,2382.02,2382.91,-1.7799999999997453,SL Hit,2382.91,2,1255.3799999999949,65.0,0.9499999999998181,-1.7199999999998
2024-04-17 04:30:00,2024-04-17 04:40:00,Long,2381.1,2379.1,-2.0,SL Hit,2379.1,1,1253.3799999999949,10.0,-1.099999999999909,0.9100000000003092
2024-04-17 04:40:00,2024-04-17 06:35:00,Short,2379.94,2377.61,6.989999999999782,SL Hit,2377.61,3,1260.3699999999947,115.0,2.1900000000000546,-7.119999999999891
2024-04-17 06:40:00,2024-04-17 10:10:00,Long,2384.6724999999997,2390.6,23.710000000000946,SL Hit,2390.6,4,1284.0799999999956,210.0,-7.962499999999636,9.297500000000127
2024-04-17 11:50:00,2024-04-17 12:20:00,Long,2387.3,2384.8999999999987,-2.400000000001455,SL Hit,2384.8999999999987,1,1281.6799999999942,30.0,-4.050000000000182,1.6799999999998363
2024-04-17 13:20:00,2024-04-17 15:10:00,Long,2389.7566666666667,2389.01,-2.239999999999327,SL Hit,2389.01,3,1279.4399999999948,110.0,-3.7966666666666242,5.513333333333321
2024-04-17 16:05:00,2024-04-17 18:05:00,Short,2378.285,2375.93,4.710000000000036,SL Hit,2375.93,2,1284.1499999999949,120.0,5.175000000000182,-17.065000000000055
2024-04-17 20:25:00,2024-04-17 22:40:00,Short,2369.0950000000003,2366.02,6.150000000000546,SL Hit,2366.02,2,1290.2999999999954,135.0,3.5949999999998,-10.585000000000036
2024-04-17 23:50:00,2024-04-18 01:20:00,Long,2368.57,2368.45,-0.3600000000010368,SL Hit,2368.45,3,1289.9399999999944,90.0,-2.769999999999982,2.9299999999998363
2024-04-18 03:40:00,2024-04-18 03:45:00,Long,2374.37,2374.37,0.0,SL Hit,2374.37,1,1289.9399999999944,5.0,-0.27999999999974534,0.7400000000002365
2024-04-18 04:10:00,2024-04-18 04:30:00,Short,2373.19,2376.35,-3.1599999999998545,SL Hit,2376.35,1,1286.7799999999945,20.0,3.230000000000018,-1.0900000000001455
2024-04-18 04:30:00,2024-04-18 04:50:00,Long,2375.01,2373.9299999999985,-1.0800000000017462,SL Hit,2373.9299999999985,1,1285.6999999999928,20.0,-1.5100000000002183,1.4099999999998545
2024-04-18 07:00:00,2024-04-18 07:25:00,Long,2379.69,2377.6,-4.180000000000291,SL Hit,2377.6,2,1281.5199999999925,25.0,-2.130000000000109,0.75
2024-04-18 08:50:00,2024-04-18 08:55:00,Long,2379.38,2379.38,0.0,SL Hit,2379.38,1,1281.5199999999925,5.0,-0.09999999999990905,1.1900000000000546
2024-04-18 12:50:00,2024-04-18 13:35:00,Long,2387.0649999999996,2382.67,-8.789999999999054,SL Hit,2382.67,2,1272.7299999999934,45.0,-9.104999999999563,5.165000000000418
2024-04-18 14:15:00,2024-04-18 14:20:00,Long,2382.39,2382.030000000001,-0.3599999999987631,SL Hit,2382.030000000001,1,1272.3699999999947,5.0,-3.6799999999998363,1.75
2024-04-18 14:30:00,2024-04-18 16:00:00,Short,2379.2299999999996,2384.73,-11.00000000000091,SL Hit,2384.73,2,1261.3699999999938,90.0,5.530000000000655,-9.55999999999949
2024-04-18 20:25:00,2024-04-18 22:25:00,Short,2379.505,2380.47,-1.9299999999993815,SL Hit,2380.47,2,1259.4399999999944,120.0,1.0050000000001091,-2.555000000000291
2024-04-18 22:35:00,2024-04-18 23:55:00,Long,2380.2099999999996,2379.4,-2.429999999998472,SL Hit,2379.4,3,1257.009999999996,80.0,-2.2099999999995816,1.110000000000582
2024-04-19 00:00:00,2024-04-19 01:05:00,Short,2379.59,2385.59,-6.0,SL Hit,2385.59,1,1251.009999999996,65.0,7.9699999999998,-6.4900000000002365
2024-04-19 01:05:00,2024-04-19 02:35:00,Long,2394.87,2404.93,20.11999999999989,SL Hit,2404.93,2,1271.1299999999958,90.0,-12.13000000000011,22.34999999999991
2024-04-19 05:40:00,2024-04-19 06:55:00,Short,2383.065,2384.85,-3.569999999999709,SL Hit,2384.85,2,1267.559999999996,75.0,8.454999999999927,-4.3650000000002365
2024-04-19 09:30:00,2024-04-19 12:25:00,Short,2381.1475,2380.75,1.5900000000001455,SL Hit,2380.75,4,1269.1499999999962,175.0,3.1224999999999454,-8.157500000000255
2024-04-19 12:40:00,2024-04-19 12:50:00,Long,2381.88,2381.3599999999997,-0.5200000000004366,SL Hit,2381.3599999999997,1,1268.6299999999958,10.0,-1.0799999999999272,2.1799999999998363
2024-04-19 14:50:00,2024-04-19 14:55:00,Long,2389.57,2389.009999999999,-0.5600000000013097,SL Hit,2389.009999999999,1,1268.0699999999945,5.0,-1.0,1.569999999999709
2024-04-19 20:20:00,2024-04-19 20:25:00,Short,2387.8,2388.4000000000005,-0.6000000000003638,SL Hit,2388.4000000000005,1,1267.4699999999941,5.0,1.1399999999998727,-0.15000000000009095
2024-04-21 22:10:00,2024-04-21 23:05:00,Short,2384.705,2385.33,-1.25,SL Hit,2385.33,2,1266.2199999999941,55.0,1.7950000000000728,-3.505000000000109
2024-04-22 00:40:00,2024-04-22 04:05:00,Short,2377.8725,2370.95,27.69000000000051,SL Hit,2370.95,4,1293.9099999999946,205.0,6.337500000000091,-15.382500000000164
2024-04-22 05:00:00,2024-04-22 07:55:00,Short,2364.728,2359.88,24.23999999999978,SL Hit,2359.88,5,1318.1499999999944,175.0,5.511999999999716,-12.867999999999938
2024-04-22 10:25:00,2024-04-22 12:30:00,Short,2352.22,2347.25,14.9099999999994,SL Hit,2347.25,3,1333.0599999999938,125.0,7.760000000000218,-14.709999999999582
2024-04-22 17:55:00,2024-04-22 19:10:00,Short,2330.23,2331.36,-2.2600000000002183,SL Hit,2331.36,2,1330.7999999999936,75.0,1.3200000000001637,-5.010000000000218
2024-04-22 20:05:00,2024-04-22 22:00:00,Short,2329.395,2330.09,-1.3900000000003274,SL Hit,2330.09,2,1329.4099999999933,115.0,0.9050000000002001,-3.9349999999999454
2024-04-22 22:50:00,2024-04-22 23:05:00,Long,2330.24,2329.24,-1.0,SL Hit,2329.24,1,1328.4099999999933,15.0,-1.3799999999996544,0.75
2024-04-23 04:35:00,2024-04-23 04:40:00,Long,2306.52,2306.0400000000004,-0.47999999999956344,SL Hit,2306.0400000000004,1,1327.9299999999937,5.0,-0.6700000000000728,1.1100000000001273
2024-04-23 04:45:00,2024-04-23 06:10:00,Long,2307.9900000000002,2305.5,-7.470000000000709,SL Hit,2305.5,3,1320.459999999993,85.0,-3.400000000000091,6.179999999999836
2024-04-23 10:10:00,2024-04-23 15:05:00,Long,2308.1525,2315.21,56.45999999999913,SL Hit,2315.21,8,1376.9199999999921,295.0,-9.802500000000236,23.567499999999654
2024-04-23 15:10:00,2024-04-23 15:15:00,Short,2318.94,2320.2599999999998,-1.319999999999709,SL Hit,2320.2599999999998,1,1375.5999999999924,5.0,2.6100000000001273,-0.32999999999992724
2024-04-23 18:35:00,2024-04-23 22:45:00,Short,2323.0460000000003,2322.55,2.480000000000473,SL Hit,2322.55,5,1378.0799999999929,250.0,3.363999999999578,-2.4460000000003674
2024-04-24 02:55:00,2024-04-24 04:50:00,Long,2325.4275000000002,2326.2,3.0899999999983265,SL Hit,2326.2,4,1381.1699999999912,115.0,-4.817500000000109,4.492499999999836
2024-04-24 05:00:00,2024-04-24 06:00:00,Short,2327.0150000000003,2329.66,-5.289999999999054,SL Hit,2329.66,2,1375.8799999999922,60.0,4.014999999999873,-3.1150000000002365
2024-04-24 08:45:00,2024-04-24 09:15:00,Long,2317.4,2316.21,-2.380000000000109,SL Hit,2316.21,2,1373.499999999992,30.0,-4.070000000000164,1.7899999999999636
2024-04-24 11:10:00,2024-04-24 11:40:00,Short,2315.04,2316.16,-2.2399999999997817,SL Hit,2316.16,2,1371.2599999999923,30.0,1.3099999999999454,-2.2399999999997817
2024-04-24 12:35:00,2024-04-24 14:15:00,Long,2319.24,2317.33,-5.729999999999563,SL Hit,2317.33,3,1365.5299999999927,100.0,-4.4099999999998545,6.180000000000291
2024-04-25 00:15:00,2024-04-25 00:25:00,Long,2316.95,2316.95,0.0,SL Hit,2316.95,1,1365.5299999999927,10.0,-0.9499999999998181,1.25
2024-04-25 00:30:00,2024-04-25 01:10:00,Long,2317.6,2316.0,-3.199999999999818,SL Hit,2316.0,2,1362.3299999999929,40.0,-1.599999999999909,1.7000000000002728
2024-04-25 01:45:00,2024-04-25 02:10:00,Long,2319.785,2318.44,-2.6899999999996,SL Hit,2318.44,2,1359.6399999999933,25.0,-1.3849999999997635,0.775000000000091
2024-04-25 05:35:00,2024-04-25 06:15:00,Long,2317.58,2318.07,0.9800000000004729,SL Hit,2318.07,2,1360.6199999999938,40.0,-1.0799999999999272,3.0
2024-04-25 06:50:00,2024-04-25 07:10:00,Long,2320.29,2320.170000000001,-0.11999999999898137,SL Hit,2320.170000000001,1,1360.4999999999948,20.0,-0.5900000000001455,3.119999999999891
2024-04-25 09:20:00,2024-04-25 10:25:00,Short,2326.085,2326.27,-0.36999999999989086,SL Hit,2326.27,2,1360.1299999999949,65.0,0.6849999999999454,-2.5850000000000364
2024-04-25 12:15:00,2024-04-25 12:45:00,Short,2326.17,2330.2,-8.05999999999949,SL Hit,2330.2,2,1352.0699999999954,30.0,4.639999999999873,-2.1399999999998727
2024-04-25 17:45:00,2024-04-25 17:50:00,Long,2330.58,2330.300000000001,-0.27999999999883585,SL Hit,2330.300000000001,1,1351.7899999999966,5.0,-0.32999999999992724,0.7100000000000364
2024-04-25 23:00:00,2024-04-26 00:00:00,Short,2331.71,2331.27,1.3200000000001637,SL Hit,2331.27,3,1353.1099999999967,60.0,0.8200000000001637,-2.3099999999999454
2024-04-26 00:05:00,2024-04-26 00:15:00,Long,2329.7,2329.7,0.0,SL Hit,2329.7,1,1353.1099999999967,10.0,-0.7999999999997272,1.2600000000002183
2024-04-26 00:20:00,2024-04-26 01:30:00,Short,2329.885,2330.27,-0.7699999999995271,SL Hit,2330.27,2,1352.3399999999972,70.0,1.044999999999618,-3.4650000000001455
2024-04-26 05:55:00,2024-04-26 08:20:00,Long,2341.67,2344.24,10.279999999998836,SL Hit,2344.24,4,1362.619999999996,145.0,-5.200000000000273,7.539999999999964
2024-04-26 11:35:00,2024-04-26 12:30:00,Short,2344.4700000000003,2346.03,-3.119999999999891,SL Hit,2346.03,2,1359.4999999999961,55.0,4.069999999999709,-2.3600000000001273
2024-04-26 13:40:00,2024-04-26 15:40:00,Short,2339.37,2335.32,16.19999999999891,SL Hit,2335.32,4,1375.699999999995,120.0,5.0900000000001455,-10.539999999999964
2024-04-26 19:30:00,2024-04-28 23:25:00,Short,2336.46,2335.91,2.2000000000007276,SL Hit,2335.91,4,1377.8999999999958,3115.0,3.519999999999982,-2.9600000000000364
2024-04-29 00:15:00,2024-04-29 01:55:00,Short,2332.3333333333335,2329.42,8.740000000000236,SL Hit,2329.42,3,1386.639999999996,100.0,3.3466666666663514,-10.02333333333354
2024-04-29 02:05:00,2024-04-29 02:25:00,Long,2328.71,2327.5,-2.4200000000000728,SL Hit,2327.5,2,1384.219999999996,20.0,-1.9200000000000728,0.9699999999997999
2024-04-29 02:45:00,2024-04-29 04:05:00,Short,2326.565,2329.25,-5.369999999999891,SL Hit,2329.25,2,1378.849999999996,80.0,3.3849999999997635,-2.6550000000002
2024-04-29 04:55:00,2024-04-29 05:35:00,Long,2332.46,2331.71,-1.5,SL Hit,2331.71,2,1377.349999999996,40.0,-1.5599999999999454,3.849999999999909
2024-04-29 05:40:00,2024-04-29 07:30:00,Short,2331.3450000000003,2333.54,-4.389999999999418,SL Hit,2333.54,2,1372.9599999999966,110.0,5.0949999999998,-4.045000000000073
2024-04-29 08:05:00,2024-04-29 08:10:00,Long,2336.6,2336.6,0.0,SL Hit,2336.6,1,1372.9599999999966,5.0,-0.5,0.9800000000000182
2024-04-29 08:30:00,2024-04-29 09:00:00,Long,2338.35,2337.67,-1.3599999999996726,SL Hit,2337.67,2,1371.599999999997,30.0,-1.4899999999997817,2.869999999999891
2024-04-29 10:35:00,2024-04-29 13:20:00,Short,2339.0299999999997,2333.77,21.039999999999054,SL Hit,2333.77,4,1392.639999999996,165.0,4.110000000000127,-10.489999999999782
2024-04-29 13:25:00,2024-04-29 13:40:00,Long,2333.36,2329.9600000000005,-3.399999999999636,SL Hit,2329.9600000000005,1,1389.2399999999964,15.0,-7.039999999999964,3.1599999999998545
2024-04-29 15:35:00,2024-04-29 17:35:00,Long,2341.038,2343.91,14.359999999999218,SL Hit,2343.91,5,1403.5999999999956,120.0,-4.66800000000012,5.201999999999771
2024-04-29 19:35:00,2024-04-29 20:00:00,Short,2334.02,2336.02,-2.0,SL Hit,2336.02,1,1401.5999999999956,25.0,2.3899999999998727,-1.0900000000001455
2024-04-29 23:00:00,2024-04-30 00:30:00,Short,2333.536666666667,2333.9,-2.1799999999993815,SL Hit,2333.9,6,1399.4199999999962,90.0,1.453333333332921,-1.8266666666668243
2024-04-30 01:55:00,2024-04-30 02:00:00,Long,2334.46,2331.8599999999997,-2.600000000000364,SL Hit,2331.8599999999997,1,1396.8199999999958,5.0,-1.5900000000001455,0.2300000000000182
2024-04-30 02:00:00,2024-04-30 06:55:00,Short,2327.057142857143,2322.75,30.150000000000546,SL Hit,2322.75,7,1426.9699999999964,295.0,7.25285714285701,-7.827142857142917
2024-04-30 08:25:00,2024-04-30 09:35:00,Short,2315.215,2316.46,-2.4899999999997817,SL Hit,2316.46,2,1424.4799999999966,70.0,1.574999999999818,-4.225000000000364
2024-04-30 10:15:00,2024-04-30 10:20:00,Long,2317.15,2316.5499999999997,-0.6000000000003638,SL Hit,2316.5499999999997,1,1423.8799999999962,5.0,-1.1399999999998727,0.11000000000012733
2024-04-30 10:25:00,2024-04-30 10:35:00,Long,2317.23,2316.01,-2.4399999999996,SL Hit,2316.01,2,1421.4399999999966,10.0,-1.2699999999999818,0.5799999999999272
2024-04-30 10:40:00,2024-04-30 13:35:00,Short,2311.048571428571,2306.53,31.62999999999556,SL Hit,2306.53,7,1453.0699999999922,175.0,6.091428571428878,-8.068571428570976
2024-04-30 18:00:00,2024-04-30 18:45:00,Long,2296.14,2292.1800000000007,-3.959999999999127,SL Hit,2292.1800000000007,1,1449.109999999993,45.0,-3.599999999999909,1.099999999999909
2024-04-30 18:45:00,2024-04-30 19:25:00,Short,2292.5950000000003,2292.73,-0.26999999999952706,SL Hit,2292.73,2,1448.8399999999936,40.0,0.8549999999995634,-2.725000000000364
2024-04-30 19:30:00,2024-04-30 19:35:00,Long,2292.7,2292.7,0.0,SL Hit,2292.7,1,1448.8399999999936,5.0,-0.4600000000000364,1.2100000000000364
2024-04-30 19:40:00,2024-04-30 19:50:00,Long,2292.51,2292.51,0.0,SL Hit,2292.51,1,1448.8399999999936,10.0,-0.3100000000004002,2.269999999999982
2024-04-30 20:00:00,2024-04-30 20:30:00,Long,2291.735,2289.61,-4.25,SL Hit,2289.61,2,1444.5899999999936,30.0,-5.295000000000073,1.6649999999999636
2024-04-30 21:00:00,2024-04-30 22:00:00,Short,2286.3,2288.9400000000014,-2.640000000001237,SL Hit,2288.9400000000014,1,1441.9499999999923,60.0,2.7799999999997453,-0.6600000000003092
2024-04-30 23:30:00,2024-05-01 00:00:00,Long,2292.06,2289.82,-2.2399999999997817,SL Hit,2289.82,1,1439.7099999999925,30.0,-2.230000000000018,0.8299999999999272
2024-05-01 00:00:00,2024-05-01 01:45:00,Short,2289.8366666666666,2288.48,4.069999999999709,SL Hit,2288.48,3,1443.7799999999922,105.0,2.9533333333333758,-4.036666666666406
2024-05-01 02:45:00,2024-05-01 03:05:00,Long,2287.41,2287.0,-0.819999999999709,SL Hit,2287.0,2,1442.9599999999925,20.0,-0.4099999999998545,0.9900000000002365
2024-05-01 03:15:00,2024-05-01 05:50:00,Short,2285.94,2287.43,-2.9799999999995634,SL Hit,2287.43,2,1439.979999999993,155.0,2.2199999999998,-2.099999999999909
2024-05-01 06:55:00,2024-05-01 07:00:00,Short,2286.7,2286.8999999999987,-0.1999999999989086,SL Hit,2286.8999999999987,1,1439.779999999994,5.0,1.2300000000000182,-0.04999999999972715
2024-05-01 07:20:00,2024-05-01 09:00:00,Short,2285.826666666667,2286.41,-1.7499999999990905,SL Hit,2286.41,3,1438.029999999995,100.0,1.353333333333012,-2.626666666667006
2024-05-01 09:40:00,2024-05-01 11:20:00,Long,2291.268,2291.38,0.5600000000004002,SL Hit,2291.38,5,1438.5899999999954,100.0,-2.568000000000211,2.8220000000001164
2024-05-01 12:15:00,2024-05-01 12:20:00,Long,2296.11,2295.0699999999993,-1.0400000000008731,SL Hit,2295.0699999999993,1,1437.5499999999945,5.0,-1.0900000000001455,1.7699999999999818
2024-05-01 12:40:00,2024-05-01 14:45:00,Long,2300.193333333333,2299.4,-2.3799999999991996,SL Hit,2299.4,3,1435.1699999999953,125.0,-5.493333333333339,9.606666666667024
2024-05-01 17:10:00,2024-05-01 18:00:00,Short,2304.245,2304.72,-0.9499999999998181,SL Hit,2304.72,2,1434.2199999999955,50.0,1.7650000000003274,-6.474999999999909
2024-05-01 18:10:00,2024-05-01 19:20:00,Long,2312.96,2316.7,7.479999999999563,SL Hit,2316.7,2,1441.699999999995,70.0,-10.730000000000018,14.349999999999909
2024-05-01 19:50:00,2024-05-01 22:00:00,Short,2317.0033333333336,2319.79,-8.359999999999218,SL Hit,2319.79,3,1433.3399999999958,130.0,3.266666666666424,-9.863333333333685
2024-05-02 05:10:00,2024-05-02 06:10:00,Short,2315.675,2315.98,-0.6099999999996726,SL Hit,2315.98,2,1432.7299999999962,60.0,1.0850000000000364,-3.175000000000182
2024-05-02 07:10:00,2024-05-02 11:05:00,Short,2305.87,2302.37,21.0,SL Hit,2302.37,6,1453.7299999999962,235.0,6.760000000000218,-10.420000000000073
2024-05-02 12:20:00,2024-05-02 12:55:00,Long,2299.7799999999997,2298.67,-2.219999999999345,SL Hit,2298.67,2,1451.5099999999968,35.0,-6.039999999999964,4.300000000000182
2024-05-02 15:40:00,2024-05-02 16:30:00,Short,2301.2933333333335,2301.42,-0.3799999999996544,SL Hit,2301.42,3,1451.1299999999972,50.0,3.2966666666666242,-4.093333333333703
2024-05-02 19:10:00,2024-05-02 20:55:00,Short,2303.4599999999996,2303.51,-0.15000000000190994,SL Hit,2303.51,3,1450.9799999999952,105.0,2.7500000000004547,-2.569999999999709
2024-05-03 00:20:00,2024-05-03 00:50:00,Short,2302.38,2302.9400000000014,-0.5600000000013097,SL Hit,2302.9400000000014,1,1450.419999999994,30.0,1.0199999999999818,-2.480000000000018
2024-05-03 01:35:00,2024-05-03 03:00:00,Short,2303.4666666666667,2301.72,5.240000000000691,SL Hit,2301.72,3,1455.6599999999946,85.0,2.4633333333331393,-4.066666666666606
2024-05-03 06:00:00,2024-05-03 08:05:00,Short,2301.21,2301.04,0.680000000000291,SL Hit,2301.04,4,1456.339999999995,125.0,4.949999999999818,-3.369999999999891
2024-05-03 08:35:00,2024-05-03 08:50:00,Short,2299.68,2301.639999999999,-1.9599999999991269,SL Hit,2301.639999999999,1,1454.3799999999958,15.0,2.1900000000000546,-0.6799999999998363
2024-05-03 09:35:00,2024-05-03 10:05:00,Long,2301.2200000000003,2300.09,-2.2600000000002183,SL Hit,2300.09,2,1452.1199999999956,30.0,-2.0200000000004366,1.6199999999998909
2024-05-03 10:10:00,2024-05-03 11:25:00,Short,2298.736666666666,2299.55,-2.4400000000018736,SL Hit,2299.55,3,1449.6799999999937,75.0,2.113333333333685,-1.706666666666024
2024-05-03 17:55:00,2024-05-03 18:20:00,Long,2301.62,2299.7,-3.8400000000001455,SL Hit,2299.7,2,1445.8399999999936,25.0,-2.2199999999998,1.2899999999999636
2024-05-03 19:20:00,2024-05-03 19:35:00,Short,2299.145,2299.7,-1.1099999999996726,SL Hit,2299.7,2,1444.7299999999939,15.0,0.724999999999909,-1.6349999999997635
2024-05-03 19:45:00,2024-05-03 19:50:00,Long,2299.35,2299.35,0.0,SL Hit,2299.35,1,1444.7299999999939,5.0,-0.009999999999763531,1.050000000000182
2024-05-03 19:55:00,2024-05-05 22:00:00,Long,2300.94,2299.6,-2.680000000000291,SL Hit,2299.6,2,1442.0499999999936,3005.0,-1.3400000000001455,2.1700000000000728
2024-05-06 00:25:00,2024-05-06 00:35:00,Short,2292.63,2294.63,-2.0,SL Hit,2294.63,1,1440.0499999999936,10.0,2.230000000000018,-0.5
2024-05-06 05:50:00,2024-05-06 06:40:00,Long,2313.17,2312.81,-1.080000000000382,SL Hit,2312.81,3,1438.9699999999932,50.0,-1.5100000000002183,1.3800000000001091
2024-05-06 06:55:00,2024-05-06 07:30:00,Short,2314.42,2317.300000000001,-2.8800000000010186,SL Hit,2317.300000000001,1,1436.0899999999922,35.0,4.4099999999998545,-2.0
2024-05-06 10:55:00,2024-05-06 12:35:00,Short,2319.255,2318.79,1.860000000000582,SL Hit,2318.79,4,1437.9499999999928,100.0,2.8049999999998363,-4.515000000000327
2024-05-06 15:35:00,2024-05-06 16:30:00,Long,2322.69,2321.809999999999,-0.8800000000010186,SL Hit,2321.809999999999,1,1437.0699999999918,55.0,-3.2899999999999636,4.570000000000164
2024-05-06 19:05:00,2024-05-06 19:15:00,Long,2325.41,2324.970000000001,-0.4399999999986903,SL Hit,2324.970000000001,1,1436.629999999993,10.0,-1.1399999999998727,1.5300000000002
2024-05-06 20:55:00,2024-05-06 22:05:00,Short,2324.15,2326.23,-2.0799999999999272,SL Hit,2326.23,1,1434.5499999999931,70.0,2.1100000000001273,-0.650000000000091
2024-05-07 01:45:00,2024-05-07 03:20:00,Short,2323.3766666666666,2323.58,-0.6100000000001273,SL Hit,2323.58,3,1433.939999999993,95.0,1.5733333333332666,-4.676666666666733
2024-05-07 03:30:00,2024-05-07 03:35:00,Long,2323.64,2323.1600000000003,-0.47999999999956344,SL Hit,2323.1600000000003,1,1433.4599999999934,5.0,-0.8899999999998727,0.7100000000000364
2024-05-07 04:35:00,2024-05-07 06:35:00,Short,2321.36,2320.55,3.2399999999997817,SL Hit,2320.55,4,1436.6999999999932,120.0,2.25,-3.0
2024-05-07 07:10:00,2024-05-07 07:30:00,Short,2319.21,2320.5299999999997,-1.319999999999709,SL Hit,2320.5299999999997,1,1435.3799999999935,20.0,1.400000000000091,-1.4099999999998545
2024-05-07 10:20:00,2024-05-07 10:35:00,Long,2314.04,2313.48,-1.1199999999998909,SL Hit,2313.48,2,1434.2599999999936,15.0,-0.8600000000001273,0.9700000000002547
2024-05-07 10:40:00,2024-05-07 10:55:00,Short,2313.66,2315.74,-2.0799999999999272,SL Hit,2315.74,1,1432.1799999999937,15.0,2.0900000000001455,-0.5799999999999272
2024-05-07 16:00:00,2024-05-07 16:20:00,Short,2314.07,2314.8,-1.4600000000000364,SL Hit,2314.8,2,1430.7199999999937,20.0,1.5799999999999272,-1.25
2024-05-07 16:40:00,2024-05-07 16:55:00,Long,2314.18,2312.18,-2.0,SL Hit,2312.18,1,1428.7199999999937,15.0,-1.7399999999997817,1.0599999999999454
2024-05-07 16:55:00,2024-05-07 17:25:00,Short,2313.14,2315.939999999999,-2.7999999999992724,SL Hit,2315.939999999999,1,1425.9199999999944,30.0,2.9200000000000728,-2.099999999999909
2024-05-08 00:40:00,2024-05-08 02:45:00,Short,2310.9700000000003,2313.63,-5.319999999999709,SL Hit,2313.63,2,1420.5999999999947,125.0,3.6799999999998363,-3.6700000000000728
2024-05-08 04:10:00,2024-05-08 04:40:00,Long,2317.87,2317.79,-0.15999999999985448,SL Hit,2317.79,2,1420.4399999999948,30.0,-0.6099999999996726,1.0900000000001455
2024-05-08 04:45:00,2024-05-08 05:00:00,Short,2317.88,2319.1600000000008,-1.2800000000006548,SL Hit,2319.1600000000008,1,1419.1599999999942,15.0,1.349999999999909,-0.3200000000001637
2024-05-08 05:05:00,2024-05-08 05:45:00,Long,2319.7799999999997,2318.54,-2.4799999999995634,SL Hit,2318.54,2,1416.6799999999946,40.0,-1.2799999999997453,1.5300000000002
2024-05-08 05:50:00,2024-05-08 08:30:00,Short,2313.6625,2306.67,27.969999999999345,SL Hit,2306.67,4,1444.649999999994,160.0,5.2775000000001455,-9.372499999999945
2024-05-08 08:45:00,2024-05-08 11:10:00,Long,2311.34,2314.7,13.43999999999869,SL Hit,2314.7,4,1458.0899999999926,145.0,-5.440000000000055,6.589999999999691
2024-05-08 13:00:00,2024-05-08 14:00:00,Short,2313.375,2312.11,2.5299999999997453,SL Hit,2312.11,2,1460.6199999999924,60.0,2.505000000000109,-6.1550000000002
2024-05-08 14:05:00,2024-05-08 15:00:00,Long,2314.075,2315.05,1.9500000000007276,SL Hit,2315.05,2,1462.5699999999931,55.0,-3.9649999999996908,3.205000000000382
2024-05-08 15:05:00,2024-05-08 15:20:00,Short,2314.99,2315.909999999998,-0.9199999999982538,SL Hit,2315.909999999998,1,1461.6499999999949,15.0,1.6600000000003092,-2.9899999999997817
2024-05-08 15:30:00,2024-05-08 15:45:00,Long,2316.86,2316.86,0.0,SL Hit,2316.86,1,1461.6499999999949,15.0,-0.01999999999998181,3.0299999999997453
2024-05-08 15:55:00,2024-05-08 16:05:00,Long,2318.87,2318.87,0.0,SL Hit,2318.87,1,1461.6499999999949,10.0,-0.2899999999999636,1.099999999999909
2024-05-08 16:55:00,2024-05-08 20:55:00,Short,2312.3857142857146,2308.88,24.540000000001328,SL Hit,2308.88,7,1486.1899999999962,240.0,4.974285714285543,-5.1857142857147664
2024-05-09 01:10:00,2024-05-09 02:05:00,Long,2309.3500000000004,2308.85,-1.0000000000009095,SL Hit,2308.85,2,1485.1899999999953,55.0,-1.5400000000004184,2.7199999999998
2024-05-09 02:45:00,2024-05-09 03:10:00,Short,2309.685,2311.54,-3.7100000000000364,SL Hit,2311.54,2,1481.4799999999952,25.0,2.325000000000273,-0.8550000000000182
2024-05-09 09:25:00,2024-05-09 10:25:00,Short,2308.855,2309.2,-0.6899999999995998,SL Hit,2309.2,2,1480.7899999999956,60.0,1.574999999999818,-1.9949999999998909
2024-05-09 11:05:00,2024-05-09 11:10:00,Long,2311.4,2311.4,0.0,SL Hit,2311.4,1,1480.7899999999956,5.0,-0.20000000000027285,1.6100000000001273
2024-05-09 11:20:00,2024-05-09 13:10:00,Long,2314.8999999999996,2314.76,-0.27999999999883585,SL Hit,2314.76,2,1480.5099999999968,110.0,-3.699999999999818,14.020000000000437
2024-05-09 23:15:00,2024-05-09 23:30:00,Long,2347.215,2346.5,-1.430000000000291,SL Hit,2346.5,2,1479.0799999999965,15.0,-1.0150000000003274,1.074999999999818
2024-05-09 23:55:00,2024-05-10 00:15:00,Short,2346.8450000000003,2347.53,-1.3699999999998909,SL Hit,2347.53,2,1477.7099999999966,20.0,0.8549999999995634,-1.1450000000004366
2024-05-10 04:45:00,2024-05-10 09:50:00,Long,2364.1271428571426,2371.05,48.460000000002765,SL Hit,2371.05,7,1526.1699999999994,305.0,-11.227142857142553,11.022857142857447
2024-05-10 10:10:00,2024-05-10 11:40:00,Long,2372.943333333333,2372.24,-2.1100000000001273,SL Hit,2372.24,3,1524.0599999999993,90.0,-1.8433333333332484,4.866666666666788
2024-05-10 12:55:00,2024-05-10 14:05:00,Short,2366.85,2371.58,-9.460000000000036,SL Hit,2371.58,2,1514.5999999999992,70.0,5.75,-6.539999999999964
2024-05-10 15:00:00,2024-05-10 15:40:00,Short,2361.885,2364.6,-5.4299999999993815,SL Hit,2364.6,2,1509.1699999999998,40.0,3.8549999999995634,-5.275000000000091
2024-05-10 16:30:00,2024-05-10 18:45:00,Long,2367.17,2368.04,4.349999999999454,SL Hit,2368.04,5,1513.5199999999993,135.0,-4.180000000000291,3.199999999999818
2024-05-12 23:05:00,2024-05-13 01:15:00,Long,2360.885,2359.0,-3.7700000000004366,SL Hit,2359.0,2,1509.7499999999989,130.0,-2.3150000000000546,3.494999999999891
2024-05-13 01:20:00,2024-05-13 02:30:00,Short,2359.17,2359.54,-0.7399999999997817,SL Hit,2359.54,2,1509.009999999999,70.0,0.5,-4.769999999999982
2024-05-13 02:55:00,2024-05-13 06:00:00,Short,2356.023333333334,2353.28,16.460000000002765,SL Hit,2353.28,6,1525.4700000000018,185.0,3.336666666666133,-4.733333333334031
2024-05-13 07:10:00,2024-05-13 10:05:00,Short,2346.1719999999996,2341.5,23.359999999997854,SL Hit,2341.5,5,1548.8299999999997,175.0,4.988000000000284,-6.871999999999389
2024-05-13 11:15:00,2024-05-13 11:50:00,Short,2341.4300000000003,2344.49,-6.119999999998981,SL Hit,2344.49,2,1542.7100000000007,35.0,4.859999999999673,-2.2700000000004366
2024-05-13 11:55:00,2024-05-13 13:35:00,Long,2345.81,2345.36,-1.3499999999994543,SL Hit,2345.36,3,1541.3600000000013,100.0,-2.7199999999998,3.6700000000000728
2024-05-13 15:30:00,2024-05-13 16:05:00,Short,2333.7,2337.419999999999,-3.719999999999345,SL Hit,2337.419999999999,1,1537.640000000002,35.0,3.7600000000002183,-0.9299999999998363
2024-05-13 19:20:00,2024-05-13 19:25:00,Long,2337.47,2336.6700000000005,-0.7999999999992724,SL Hit,2336.6700000000005,1,1536.8400000000026,5.0,-0.8099999999999454,0.20000000000027285
2024-05-13 19:30:00,2024-05-13 20:05:00,Long,2337.625,2336.58,-2.0900000000001455,SL Hit,2336.58,2,1534.7500000000025,35.0,-1.1149999999997817,0.6149999999997817
2024-05-13 20:20:00,2024-05-13 23:45:00,Short,2337.2775,2338.14,-3.4499999999989086,SL Hit,2338.14,4,1531.3000000000036,205.0,1.2525000000000546,-2.4774999999999636
2024-05-14 05:55:00,2024-05-14 08:05:00,Short,2341.1324999999997,2339.41,6.889999999999418,SL Hit,2339.41,4,1538.190000000003,130.0,3.9575000000004366,-5.2224999999998545
2024-05-14 10:20:00,2024-05-14 10:30:00,Long,2346.04,2344.5199999999995,-1.5200000000004366,SL Hit,2344.5199999999995,1,1536.6700000000026,10.0,-2.1100000000001273,0.6399999999998727
2024-05-14 13:55:00,2024-05-14 14:05:00,Long,2350.73,2350.73,0.0,SL Hit,2350.73,1,1536.6700000000026,10.0,-0.9699999999997999,4.940000000000055
2024-05-15 02:35:00,2024-05-15 02:55:00,Short,2357.445,2358.35,-1.8099999999994907,SL Hit,2358.35,2,1534.860000000003,20.0,1.4249999999997272,-0.9450000000001637
2024-05-15 09:15:00,2024-05-15 09:30:00,Long,2372.99,2371.1100000000006,-1.8799999999991996,SL Hit,2371.1100000000006,1,1532.9800000000039,15.0,-2.149999999999636,0.650000000000091
2024-05-15 10:25:00,2024-05-15 10:40:00,Long,2369.02,2369.02,0.0,SL Hit,2369.02,1,1532.9800000000039,15.0,-1.6399999999998727,1.7300000000000182
2024-05-15 14:40:00,2024-05-15 15:50:00,Long,2373.89,2379.1,15.63000000000011,SL Hit,2379.1,3,1548.610000000004,70.0,-6.949999999999818,11.510000000000218
2024-05-15 16:50:00,2024-05-15 18:05:00,Long,2386.55,2386.98,1.2899999999995089,SL Hit,2386.98,3,1549.9000000000035,75.0,-3.7200000000002547,3.419999999999618
2024-05-15 18:35:00,2024-05-15 19:10:00,Short,2385.133333333333,2386.36,-3.680000000000746,SL Hit,2386.36,3,1546.2200000000028,35.0,2.1766666666667334,-2.733333333333121
2024-05-15 20:05:00,2024-05-15 20:55:00,Long,2387.115,2385.9,-2.4299999999993815,SL Hit,2385.9,2,1543.7900000000034,50.0,-2.3149999999996,0.9150000000004184
2024-05-16 05:05:00,2024-05-16 06:00:00,Long,2390.99,2390.1,-1.7799999999997453,SL Hit,2390.1,2,1542.0100000000036,55.0,-2.2199999999998,3.2700000000004366
2024-05-16 08:45:00,2024-05-16 09:05:00,Short,2386.145,2387.31,-2.3299999999999272,SL Hit,2387.31,2,1539.6800000000037,20.0,1.4450000000001637,-0.7550000000001091
2024-05-16 12:35:00,2024-05-16 15:10:00,Short,2378.154,2376.78,6.869999999998981,SL Hit,2376.78,5,1546.5500000000027,155.0,6.30600000000004,-7.114000000000033
2024-05-16 16:40:00,2024-05-16 17:00:00,Long,2381.69,2380.4099999999994,-1.2800000000006548,SL Hit,2380.4099999999994,1,1545.270000000002,20.0,-1.9900000000002365,1.5799999999999272
2024-05-16 19:55:00,2024-05-16 22:00:00,Short,2377.7799999999997,2376.78,1.9999999999990905,SL Hit,2376.78,2,1547.2700000000011,125.0,1.4100000000003092,-1.9399999999995998
2024-05-17 00:10:00,2024-05-17 00:50:00,Long,2378.175,2377.3,-1.75,SL Hit,2377.3,2,1545.5200000000011,40.0,-1.375,1.1849999999999454
2024-05-17 00:55:00,2024-05-17 01:00:00,Short,2377.94,2378.6200000000003,-0.680000000000291,SL Hit,2378.6200000000003,1,1544.8400000000008,5.0,0.7100000000000364,-0.1799999999998363
2024-05-17 01:35:00,2024-05-17 02:20:00,Short,2377.225,2378.64,-2.8299999999999272,SL Hit,2378.64,2,1542.010000000001,45.0,2.1150000000002365,-0.9649999999996908
2024-05-17 07:00:00,2024-05-17 07:30:00,Long,2385.66,2384.460000000001,-1.1999999999989086,SL Hit,2384.460000000001,1,1540.810000000002,30.0,-1.3699999999998909,1.9100000000003092
2024-05-17 08:00:00,2024-05-17 08:05:00,Short,2384.39,2385.9099999999985,-1.5199999999986176,SL Hit,2385.9099999999985,1,1539.2900000000034,5.0,0.41000000000030923,-1.3699999999998909
2024-05-17 08:05:00,2024-05-17 08:35:00,Long,2384.005,2382.14,-3.730000000000473,SL Hit,2382.14,2,1535.560000000003,30.0,-2.4850000000001273,0.6050000000000182
2024-05-17 09:00:00,2024-05-17 09:10:00,Long,2383.9,2383.9,0.0,SL Hit,2383.9,1,1535.560000000003,10.0,-0.03999999999996362,2.4899999999997817
2024-05-17 17:55:00,2024-05-17 20:50:00,Long,2415.855,2414.66,-4.780000000000655,SL Hit,2414.66,4,1530.7800000000022,175.0,-3.5949999999998,5.994999999999891
2024-05-19 23:50:00,2024-05-20 00:05:00,Long,2418.6,2417.400000000001,-1.1999999999989086,SL Hit,2417.400000000001,1,1529.5800000000033,15.0,-1.6300000000001091,1.7000000000002728
2024-05-20 02:40:00,2024-05-20 03:35:00,Short,2433.02,2435.72,-5.399999999999636,SL Hit,2435.72,2,1524.1800000000037,55.0,3.6799999999998363,-4.190000000000055
2024-05-20 08:05:00,2024-05-20 08:35:00,Long,2439.615,2438.0,-3.2299999999995634,SL Hit,2438.0,2,1520.9500000000041,30.0,-2.0849999999995816,1.925000000000182
2024-05-20 14:50:00,2024-05-20 18:45:00,Long,2427.76,2434.67,41.45999999999913,SL Hit,2434.67,6,1562.4100000000033,235.0,-9.870000000000346,9.349999999999909
2024-05-20 19:00:00,2024-05-20 22:00:00,Short,2429.52,2427.11,9.639999999999418,SL Hit,2427.11,4,1572.0500000000027,180.0,5.369999999999891,-6.2199999999998
2024-05-20 23:35:00,2024-05-21 00:45:00,Short,2426.335,2427.53,-2.3900000000003274,SL Hit,2427.53,2,1569.6600000000024,70.0,1.6149999999997817,-2.1350000000002183
2024-05-21 01:55:00,2024-05-21 04:30:00,Short,2417.0800000000004,2414.56,12.600000000002183,SL Hit,2414.56,5,1582.2600000000045,155.0,7.799999999999727,-10.19000000000051
2024-05-21 05:25:00,2024-05-21 05:35:00,Long,2415.76,2414.3199999999997,-1.4400000000005093,SL Hit,2414.3199999999997,1,1580.820000000004,10.0,-2.0400000000004184,1.4799999999995634
2024-05-21 06:00:00,2024-05-21 06:05:00,Long,2415.82,2415.179999999999,-0.6400000000012369,SL Hit,2415.179999999999,1,1580.1800000000028,5.0,-1.6300000000001091,1.2999999999997272
2024-05-21 17:15:00,2024-05-21 18:55:00,Short,2419.6949999999997,2420.26,-2.2600000000020373,SL Hit,2420.26,4,1577.9200000000008,100.0,2.9950000000003456,-2.0349999999998545
2024-05-21 21:00:00,2024-05-21 22:00:00,Short,2420.77,2421.0099999999998,-0.23999999999978172,SL Hit,2421.0099999999998,1,1577.680000000001,60.0,0.7699999999999818,-0.05999999999994543
2024-05-21 22:30:00,2024-05-21 23:45:00,Long,2421.2799999999997,2420.4,-1.7599999999993088,SL Hit,2420.4,2,1575.9200000000017,75.0,-0.8799999999996544,0.7800000000002001
2024-05-22 00:15:00,2024-05-22 00:35:00,Long,2421.99,2421.81,-0.3599999999996726,SL Hit,2421.81,2,1575.560000000002,20.0,-1.9899999999997817,0.8900000000003274
2024-05-22 01:05:00,2024-05-22 01:15:00,Short,2421.145,2422.67,-3.050000000000182,SL Hit,2422.67,2,1572.5100000000018,10.0,1.9149999999999636,-1.2449999999998909
2024-05-22 01:35:00,2024-05-22 01:50:00,Short,2419.84,2422.2000000000007,-2.360000000000582,SL Hit,2422.2000000000007,1,1570.1500000000012,15.0,2.5,-0.5900000000001455
2024-05-22 03:40:00,2024-05-22 05:20:00,Short,2414.56,2414.1,1.3800000000001091,SL Hit,2414.1,3,1571.5300000000013,100.0,2.6399999999998727,-2.8600000000001273
2024-05-22 07:25:00,2024-05-22 09:15:00,Short,2416.07,2417.1,-3.089999999999236,SL Hit,2417.1,3,1568.440000000002,110.0,1.7699999999999818,-5.3400000000001455
2024-05-22 09:20:00,2024-05-22 09:25:00,Long,2417.1,2416.060000000001,-1.0399999999990541,SL Hit,2416.060000000001,1,1567.400000000003,5.0,-1.9800000000000182,0.2600000000002183
2024-05-22 11:00:00,2024-05-22 12:20:00,Short,2412.47,2411.91,2.2399999999997817,SL Hit,2411.91,4,1569.6400000000028,80.0,2.5700000000001637,-7.199999999999818
2024-05-22 13:55:00,2024-05-22 14:00:00,Long,2411.42,2409.2999999999993,-2.1200000000008004,SL Hit,2409.2999999999993,1,1567.520000000002,5.0,-3.349999999999909,0.5399999999999636
2024-05-22 17:00:00,2024-05-22 17:15:00,Long,2391.81,2391.81,0.0,SL Hit,2391.81,1,1567.520000000002,15.0,-0.9600000000000364,2.1599999999998545
2024-05-22 20:05:00,2024-05-22 20:50:00,Long,2378.225,2377.59,-1.269999999999527,SL Hit,2377.59,2,1566.2500000000025,45.0,-0.6349999999997635,1.8150000000000546
2024-05-22 22:10:00,2024-05-23 00:45:00,Long,2380.6025,2380.6,-0.010000000000218279,SL Hit,2380.6,4,1566.2400000000023,155.0,-2.3224999999997635,2.9275000000002365
2024-05-23 06:25:00,2024-05-23 07:00:00,Long,2364.31,2363.46,-1.699999999999818,SL Hit,2363.46,2,1564.5400000000025,35.0,-1.6700000000000728,2.369999999999891
2024-05-23 09:15:00,2024-05-23 11:40:00,Long,2365.262,2367.2,9.689999999998236,SL Hit,2367.2,5,1574.2300000000007,145.0,-4.3520000000003165,3.737999999999829
2024-05-23 11:50:00,2024-05-23 13:20:00,Short,2367.45,2369.04,-3.180000000000291,SL Hit,2369.04,2,1571.0500000000004,90.0,1.680000000000291,-6.869999999999891
2024-05-23 13:30:00,2024-05-23 13:45:00,Long,2363.645,2362.16,-2.9700000000002547,SL Hit,2362.16,2,1568.0800000000002,15.0,-7.864999999999782,5.085000000000036
2024-05-23 15:25:00,2024-05-23 15:45:00,Short,2341.6,2346.9599999999987,-5.359999999998763,SL Hit,2346.9599999999987,1,1562.7200000000014,20.0,5.460000000000036,-1.3399999999996908
2024-05-23 16:00:00,2024-05-23 16:40:00,Long,2346.86,2342.86,-4.0,SL Hit,2342.86,1,1558.7200000000014,40.0,-5.180000000000291,2.8399999999996908
2024-05-23 17:00:00,2024-05-23 17:15:00,Short,2340.395,2342.21,-3.630000000000109,SL Hit,2342.21,2,1555.0900000000013,15.0,2.224999999999909,-0.7049999999999272
2024-05-23 17:20:00,2024-05-23 17:25:00,Long,2340.62,2338.6600000000008,-1.9599999999991269,SL Hit,2338.6600000000008,1,1553.1300000000022,5.0,-5.269999999999982,1.0300000000002
2024-05-23 19:30:00,2024-05-23 23:20:00,Short,2331.795,2331.38,1.6599999999998545,SL Hit,2331.38,4,1554.790000000002,230.0,2.224999999999909,-4.4650000000001455
2024-05-23 23:40:00,2024-05-24 00:15:00,Long,2332.005,2330.4,-3.2100000000000364,SL Hit,2330.4,2,1551.580000000002,35.0,-2.7049999999999272,1.2849999999998545
2024-05-24 06:30:00,2024-05-24 07:10:00,Short,2337.115,2338.93,-3.630000000000109,SL Hit,2338.93,2,1547.9500000000019,40.0,2.8950000000004366,-1.8149999999995998
2024-05-24 08:35:00,2024-05-24 09:40:00,Long,2338.55,2337.87,-0.680000000000291,SL Hit,2337.87,1,1547.2700000000016,65.0,-0.7600000000002183,4.460000000000036
2024-05-24 15:00:00,2024-05-24 15:10:00,Short,2338.69,2343.810000000001,-5.1200000000008,SL Hit,2343.810000000001,1,1542.1500000000008,10.0,1.0599999999999454,-1.2800000000002
2024-05-24 15:10:00,2024-05-24 15:20:00,Long,2338.24,2336.5600000000013,-1.679999999998472,SL Hit,2336.5600000000013,1,1540.4700000000023,10.0,-3.399999999999636,1.6200000000003456
2024-05-24 19:00:00,2024-05-24 20:00:00,Short,2334.13,2334.09,0.07999999999992724,SL Hit,2334.09,2,1540.5500000000022,60.0,0.8299999999999272,-2.3299999999999272
2024-05-27 00:00:00,2024-05-27 01:05:00,Short,2335.765,2337.03,-2.530000000000655,SL Hit,2337.03,2,1538.0200000000016,65.0,1.4149999999999636,-1.224999999999909
2024-05-27 01:35:00,2024-05-27 02:05:00,Long,2339.01,2338.12,-1.7800000000006548,SL Hit,2338.12,2,1536.240000000001,30.0,-1.0100000000002183,1.2099999999995816
2024-05-27 06:15:00,2024-05-27 06:50:00,Long,2342.77,2341.77,-2.0,SL Hit,2341.77,2,1534.240000000001,35.0,-1.1300000000001091,1.5700000000001637
2024-05-27 06:55:00,2024-05-27 08:10:00,Short,2341.1666666666665,2341.14,0.07999999999992724,SL Hit,2341.14,3,1534.3200000000008,75.0,1.3533333333334667,-3.366666666666333
2024-05-27 08:15:00,2024-05-27 10:00:00,Long,2342.8433333333337,2342.8,-0.1300000000005639,SL Hit,2342.8,3,1534.1900000000003,105.0,-1.8433333333337032,2.9766666666664605
2024-05-27 10:50:00,2024-05-27 11:00:00,Long,2344.53,2343.969999999999,-0.5600000000013097,SL Hit,2343.969999999999,1,1533.629999999999,10.0,-0.8700000000003456,0.7399999999997817
2024-05-27 12:00:00,2024-05-27 12:20:00,Short,2344.46,2346.2599999999993,-1.7999999999992724,SL Hit,2346.2599999999993,1,1531.8299999999997,20.0,4.239999999999782,-0.7699999999999818
2024-05-27 13:40:00,2024-05-27 14:50:00,Long,2354.66,2354.9,0.48000000000047294,SL Hit,2354.9,2,1532.3100000000002,70.0,-4.019999999999982,3.5900000000001455
2024-05-27 16:45:00,2024-05-27 18:15:00,Long,2354.41,2352.29,-4.239999999999782,SL Hit,2352.29,2,1528.0700000000004,90.0,-2.619999999999891,0.8200000000001637
2024-05-27 22:25:00,2024-05-27 22:45:00,Long,2352.7,2351.5,-2.399999999999636,SL Hit,2351.5,2,1525.6700000000008,20.0,-1.5,1.0399999999999636
2024-05-27 22:55:00,2024-05-27 23:55:00,Short,2352.0950000000003,2352.49,-0.7899999999990541,SL Hit,2352.49,2,1524.8800000000017,60.0,0.5049999999996544,-2.1950000000001637
2024-05-28 00:25:00,2024-05-28 01:20:00,Long,2351.49,2347.9300000000003,-3.5599999999994907,SL Hit,2347.9300000000003,1,1521.3200000000022,55.0,-2.3599999999996726,1.5400000000004184
2024-05-28 01:20:00,2024-05-28 01:35:00,Short,2351.21,2354.29,-3.0799999999999272,SL Hit,2354.29,1,1518.2400000000023,15.0,3.800000000000182,-0.7699999999999818
2024-05-28 03:40:00,2024-05-28 04:35:00,Short,2351.1099999999997,2351.65,-1.0800000000008367,SL Hit,2351.65,2,1517.1600000000014,55.0,0.5400000000004184,-1.6099999999996726
2024-05-28 04:45:00,2024-05-28 05:55:00,Long,2351.44,2350.6,-1.680000000000291,SL Hit,2350.6,2,1515.4800000000012,70.0,-1.8800000000001091,1.9899999999997817
2024-05-28 09:45:00,2024-05-28 09:50:00,Long,2344.46,2344.419999999999,-0.040000000000873115,SL Hit,2344.419999999999,1,1515.4400000000003,5.0,-0.4600000000000364,0.3200000000001637
2024-05-28 10:20:00,2024-05-28 11:00:00,Long,2344.865,2343.5,-2.7299999999995634,SL Hit,2343.5,2,1512.7100000000007,40.0,-1.4649999999996908,1.1950000000001637
2024-05-28 16:25:00,2024-05-28 17:35:00,Short,2357.0950000000003,2357.98,-1.769999999999527,SL Hit,2357.98,2,1510.9400000000012,70.0,2.5349999999998545,-3.3750000000004547
2024-05-28 17:50:00,2024-05-28 18:00:00,Long,2356.7,2356.6600000000008,-0.039999999999054126,SL Hit,2356.6600000000008,1,1510.9000000000021,10.0,-0.03999999999996362,0.8900000000003274
2024-05-28 18:30:00,2024-05-28 18:50:00,Short,2353.65,2356.0900000000006,-2.4400000000005093,SL Hit,2356.0900000000006,1,1508.4600000000016,20.0,2.619999999999891,-0.8099999999999454
2024-05-28 19:30:00,2024-05-28 19:55:00,Long,2357.64,2357.64,0.0,SL Hit,2357.64,1,1508.4600000000016,25.0,-0.13999999999987267,2.300000000000182
2024-05-28 22:50:00,2024-05-28 23:25:00,Short,2358.4,2359.14,-1.4799999999995634,SL Hit,2359.14,2,1506.980000000002,35.0,0.9299999999998363,-1.2000000000002728
2024-05-28 23:30:00,2024-05-28 23:50:00,Long,2359.13,2358.8499999999995,-0.28000000000065484,SL Hit,2358.8499999999995,1,1506.7000000000014,20.0,-1.1300000000001091,1.2699999999999818
2024-05-29 00:40:00,2024-05-29 01:30:00,Short,2357.75,2359.11,-2.7200000000002547,SL Hit,2359.11,2,1503.9800000000012,50.0,1.4800000000000182,-1.25
2024-05-29 02:25:00,2024-05-29 02:45:00,Long,2358.92,2357.4799999999996,-1.4400000000005093,SL Hit,2357.4799999999996,1,1502.5400000000006,20.0,-2.3200000000001637,1.8400000000001455
2024-05-29 03:35:00,2024-05-29 04:25:00,Short,2357.075,2358.79,-3.430000000000291,SL Hit,2358.79,2,1499.1100000000004,50.0,1.7350000000001273,-1.474999999999909
2024-05-29 12:30:00,2024-05-29 12:45:00,Long,2341.83,2341.83,0.0,SL Hit,2341.83,1,1499.1100000000004,15.0,-0.6399999999998727,1.5399999999999636
2024-05-29 13:15:00,2024-05-29 13:40:00,Long,2342.47,2342.47,0.0,SL Hit,2342.47,1,1499.1100000000004,25.0,-2.2099999999995816,4.070000000000164
2024-05-29 14:50:00,2024-05-29 16:55:00,Short,2340.9233333333336,2341.31,-1.159999999998945,SL Hit,2341.31,3,1497.9500000000014,125.0,3.786666666666406,-5.42333333333363
2024-05-29 19:45:00,2024-05-29 20:05:00,Short,2337.39,2338.15,-1.5200000000004366,SL Hit,2338.15,2,1496.430000000001,20.0,0.9200000000000728,-1.0499999999997272
2024-05-29 20:45:00,2024-05-29 22:15:00,Long,2338.016666666667,2337.54,-1.4300000000007458,SL Hit,2337.54,3,1495.0000000000002,90.0,-1.4166666666669698,0.953333333332921
2024-05-29 22:25:00,2024-05-30 01:10:00,Short,2337.2583333333337,2337.1,0.9500000000025466,SL Hit,2337.1,6,1495.9500000000028,165.0,1.6516666666661877,-3.8483333333338123
2024-05-30 01:40:00,2024-05-30 03:15:00,Short,2333.4500000000003,2331.53,5.760000000000218,SL Hit,2331.53,3,1501.710000000003,95.0,3.0099999999997635,-5.250000000000455
2024-05-30 05:20:00,2024-05-30 08:35:00,Short,2334.4925000000003,2334.84,-1.389999999999418,SL Hit,2334.84,4,1500.3200000000036,195.0,2.957499999999527,-11.912500000000364
2024-05-30 08:50:00,2024-05-30 09:35:00,Long,2334.225,2332.8,-2.8499999999994543,SL Hit,2332.8,2,1497.4700000000041,45.0,-1.7149999999996908,3.525000000000091
2024-05-30 09:45:00,2024-05-30 10:35:00,Short,2332.3999999999996,2333.08,-1.360000000000582,SL Hit,2333.08,2,1496.1100000000035,50.0,2.100000000000364,-1.7599999999997635
2024-05-30 12:30:00,2024-05-30 13:10:00,Long,2337.9700000000003,2340.05,4.1599999999998545,SL Hit,2340.05,2,1500.2700000000034,40.0,-3.0600000000004,6.839999999999691
2024-05-30 13:15:00,2024-05-30 13:30:00,Short,2343.685,2344.25,-1.1300000000001091,SL Hit,2344.25,2,1499.1400000000033,15.0,1.6649999999999636,-2.2150000000001455
2024-05-30 15:20:00,2024-05-30 16:30:00,Short,2342.9366666666665,2344.45,-4.539999999999964,SL Hit,2344.45,3,1494.6000000000033,70.0,3.533333333333303,-2.066666666666606
2024-05-30 19:20:00,2024-05-30 19:25:00,Short,2340.99,2341.1099999999988,-0.11999999999898137,SL Hit,2341.1099999999988,1,1494.4800000000043,5.0,0.3200000000001637,-0.30999999999994543
2024-05-31 00:25:00,2024-05-31 00:45:00,Short,2343.1,2345.2599999999998,-2.1599999999998545,SL Hit,2345.2599999999998,1,1492.3200000000045,20.0,3.900000000000091,-0.5399999999999636
2024-05-31 04:50:00,2024-05-31 05:10:00,Long,2342.43,2342.310000000001,-0.11999999999898137,SL Hit,2342.310000000001,1,1492.2000000000055,20.0,-0.19000000000005457,1.8600000000001273
2024-05-31 09:25:00,2024-05-31 09:50:00,Long,2342.88,2341.89,-1.980000000000473,SL Hit,2341.89,2,1490.220000000005,25.0,-1.4800000000000182,0.8599999999996726
2024-05-31 09:55:00,2024-05-31 10:45:00,Short,2342.705,2343.48,-1.550000000000182,SL Hit,2343.48,2,1488.6700000000048,50.0,1.2849999999998545,-1.8049999999998363
2024-05-31 10:50:00,2024-05-31 11:30:00,Long,2343.4866666666667,2342.7,-2.360000000000582,SL Hit,2342.7,3,1486.3100000000043,40.0,-1.686666666666497,1.1133333333332303
2024-05-31 18:45:00,2024-05-31 19:50:00,Short,2324.48,2327.32,-2.8400000000001455,SL Hit,2327.32,1,1483.4700000000041,65.0,3.369999999999891,-4.099999999999909
2024-06-02 22:20:00,2024-06-02 22:55:00,Short,2325.87,2326.53,-1.3200000000006185,SL Hit,2326.53,2,1482.1500000000035,35.0,0.6900000000000546,-3.1700000000000728
2024-06-02 23:05:00,2024-06-02 23:20:00,Long,2325.54,2324.5,-2.0799999999999272,SL Hit,2324.5,2,1480.0700000000036,15.0,-1.2399999999997817,0.8299999999999272
2024-06-02 23:35:00,2024-06-03 00:45:00,Short,2325.1766666666663,2325.89,-2.140000000000782,SL Hit,2325.89,3,1477.9300000000028,70.0,1.6233333333339033,-1.6766666666662786
2024-06-03 10:05:00,2024-06-03 12:00:00,Long,2328.375,2329.0,2.5,SL Hit,2329.0,4,1480.4300000000028,115.0,-2.1550000000002,3.7350000000001273
2024-06-03 13:55:00,2024-06-03 14:00:00,Short,2333.41,2339.129999999999,-5.719999999999345,SL Hit,2339.129999999999,1,1474.7100000000034,5.0,7.7400000000002365,-1.4299999999998363
2024-06-03 17:50:00,2024-06-03 18:20:00,Short,2347.84,2348.69,-1.699999999999818,SL Hit,2348.69,2,1473.0100000000036,30.0,1.3299999999999272,-1.680000000000291
2024-06-04 00:15:00,2024-06-04 04:00:00,Short,2348.4166666666665,2346.08,14.019999999999527,SL Hit,2346.08,6,1487.0300000000032,225.0,3.9033333333336486,-5.916666666666515
2024-06-04 05:55:00,2024-06-04 06:00:00,Short,2347.56,2348.0399999999995,-0.47999999999956344,SL Hit,2348.0399999999995,1,1486.5500000000036,5.0,3.2600000000002183,-0.2300000000000182
2024-06-04 06:40:00,2024-06-04 09:45:00,Short,2339.2349999999997,2331.81,29.69999999999891,SL Hit,2331.81,4,1516.2500000000025,185.0,9.25500000000011,-12.074999999999818
2024-06-04 12:20:00,2024-06-04 13:35:00,Long,2330.88,2331.68,1.5999999999994543,SL Hit,2331.68,2,1517.850000000002,75.0,-2.0300000000002,6.889999999999873
2024-06-04 17:15:00,2024-06-04 18:05:00,Long,2327.55,2327.8,0.5,SL Hit,2327.8,2,1518.350000000002,50.0,-2.2400000000002365,2.4099999999998545
2024-06-04 18:35:00,2024-06-04 20:45:00,Short,2326.785,2326.65,0.5399999999990541,SL Hit,2326.65,4,1518.890000000001,130.0,1.3550000000000182,-1.2849999999998545
2024-06-04 20:50:00,2024-06-04 23:20:00,Long,2327.3075,2327.38,0.2900000000008731,SL Hit,2327.38,4,1519.1800000000019,150.0,-1.1075000000000728,0.9525000000003274
2024-06-05 00:30:00,2024-06-05 00:35:00,Long,2328.69,2328.69,0.0,SL Hit,2328.69,1,1519.1800000000019,5.0,-0.05999999999994543,0.5099999999997635
2024-06-05 01:00:00,2024-06-05 01:50:00,Short,2327.97,2335.0499999999997,-7.079999999999927,SL Hit,2335.0499999999997,1,1512.100000000002,50.0,2.700000000000273,-2.1299999999996544
2024-06-05 01:50:00,2024-06-05 06:05:00,Long,2332.9175,2335.5,10.329999999999927,SL Hit,2335.5,4,1522.4300000000019,255.0,-4.2175000000002,8.612500000000182
2024-06-05 07:00:00,2024-06-05 07:25:00,Long,2332.3,2330.419999999999,-1.8800000000010186,SL Hit,2330.419999999999,1,1520.5500000000009,25.0,-3.1700000000000728,1.25
2024-06-05 08:50:00,2024-06-05 08:55:00,Long,2333.61,2332.5699999999993,-1.0400000000008731,SL Hit,2332.5699999999993,1,1519.51,5.0,-1.6400000000003274,0.15999999999985448
2024-06-05 11:55:00,2024-06-05 12:20:00,Short,2332.85,2343.85,-11.0,SL Hit,2343.85,1,1508.51,25.0,3.9200000000000728,-2.75
2024-06-05 12:20:00,2024-06-05 13:45:00,Long,2337.9066666666668,2339.74,5.4999999999990905,SL Hit,2339.74,3,1514.009999999999,85.0,-3.6566666666667516,6.883333333333212
2024-06-05 15:20:00,2024-06-05 16:55:00,Long,2352.68,2351.75,-3.719999999999345,SL Hit,2351.75,4,1510.2899999999997,95.0,-2.4299999999998363,4.440000000000055
2024-06-05 17:00:00,2024-06-05 17:10:00,Short,2352.7,2356.1799999999994,-3.4799999999995634,SL Hit,2356.1799999999994,1,1506.8100000000002,10.0,1.580000000000382,-1.0299999999997453
2024-06-05 17:10:00,2024-06-05 17:40:00,Long,2354.34,2352.94,-2.800000000000182,SL Hit,2352.94,2,1504.01,30.0,-2.150000000000091,1.2799999999997453
2024-06-05 18:30:00,2024-06-05 19:30:00,Long,2355.4700000000003,2354.38,-2.180000000000291,SL Hit,2354.38,2,1501.8299999999997,60.0,-1.900000000000091,0.8899999999998727
2024-06-05 23:25:00,2024-06-06 00:20:00,Short,2355.3733333333334,2355.45,-0.2299999999991087,SL Hit,2355.45,3,1501.6000000000006,55.0,1.0566666666663878,-1.0733333333332666
2024-06-06 00:30:00,2024-06-06 00:35:00,Long,2354.94,2354.7399999999993,-0.2000000000007276,SL Hit,2354.7399999999993,1,1501.3999999999999,5.0,-0.5,0.5499999999997272
2024-06-06 04:10:00,2024-06-06 05:05:00,Short,2368.135,2370.29,-4.309999999999491,SL Hit,2370.29,2,1497.0900000000004,55.0,2.9849999999996726,-1.3250000000002728
2024-06-06 05:25:00,2024-06-06 08:55:00,Short,2365.018,2362.82,10.989999999999327,SL Hit,2362.82,5,1508.0799999999997,210.0,4.322000000000116,-4.898000000000138
2024-06-06 11:20:00,2024-06-06 11:50:00,Long,2360.3999999999996,2359.6,-1.5999999999994543,SL Hit,2359.6,2,1506.4800000000002,30.0,-1.3499999999994543,1.300000000000182
2024-06-06 11:55:00,2024-06-06 13:30:00,Short,2359.12,2363.11,-7.980000000000473,SL Hit,2363.11,2,1498.4999999999998,95.0,6.190000000000055,-5.199999999999818
2024-06-06 14:30:00,2024-06-06 17:15:00,Long,2368.805,2371.08,9.100000000000364,SL Hit,2371.08,4,1507.6000000000001,165.0,-6.474999999999909,9.365000000000236
2024-06-06 17:20:00,2024-06-06 17:50:00,Short,2372.3050000000003,2373.29,-1.9699999999993452,SL Hit,2373.29,2,1505.6300000000008,30.0,1.2849999999998545,-1.2850000000003092
2024-06-06 18:50:00,2024-06-06 18:55:00,Long,2372.2,2371.6000000000013,-0.5999999999985448,SL Hit,2371.6000000000013,1,1505.0300000000022,5.0,-1.199999999999818,0.4800000000000182
2024-06-07 00:15:00,2024-06-07 00:40:00,Long,2377.365,2376.31,-2.1099999999996726,SL Hit,2376.31,2,1502.9200000000026,25.0,-1.5649999999995998,0.6750000000001819
2024-06-07 00:50:00,2024-06-07 01:10:00,Long,2378.05,2376.0099999999993,-2.040000000000873,SL Hit,2376.0099999999993,1,1500.8800000000017,20.0,-4.410000000000309,1.7799999999997453
2024-06-07 04:15:00,2024-06-07 04:20:00,Long,2380.8,2380.8,0.0,SL Hit,2380.8,1,1500.8800000000017,5.0,0.0,1.0899999999996908
2024-06-07 04:25:00,2024-06-07 05:10:00,Long,2383.815,2384.53,1.430000000000291,SL Hit,2384.53,2,1502.310000000002,45.0,-2.175000000000182,3.674999999999727
2024-06-07 06:25:00,2024-06-07 06:55:00,Short,2374.5,2375.59,-2.180000000000291,SL Hit,2375.59,2,1500.1300000000017,30.0,1.949999999999818,-2.300000000000182
2024-06-07 09:15:00,2024-06-07 11:25:00,Short,2336.8533333333335,2334.84,6.039999999999964,SL Hit,2334.84,3,1506.1700000000017,130.0,7.286666666666406,-5.973333333333358
2024-06-07 11:30:00,2024-06-07 11:35:00,Long,2334.21,2334.21,0.0,SL Hit,2334.21,1,1506.1700000000017,5.0,-0.7300000000000182,1.1799999999998363
2024-06-07 11:40:00,2024-06-07 12:25:00,Long,2335.39,2332.86,-5.059999999999491,SL Hit,2332.86,2,1501.1100000000022,45.0,-4.480000000000018,3.8299999999999272
2024-06-10 01:40:00,2024-06-10 02:35:00,Long,2297.19,2296.2,-1.980000000000473,SL Hit,2296.2,2,1499.1300000000017,55.0,-1.5900000000001455,2.6599999999998545
2024-06-10 02:50:00,2024-06-10 05:00:00,Short,2295.4925000000003,2295.42,0.2900000000008731,SL Hit,2295.42,4,1499.4200000000026,130.0,2.087499999999636,-3.292500000000473
2024-06-10 05:15:00,2024-06-10 07:20:00,Short,2292.6875,2294.02,-5.329999999999927,SL Hit,2294.02,4,1494.0900000000026,125.0,4.292500000000018,-4.947500000000218
2024-06-10 07:25:00,2024-06-10 08:50:00,Long,2294.85,2294.94,0.27000000000043656,SL Hit,2294.94,3,1494.360000000003,85.0,-1.0899999999996908,2.450000000000273
2024-06-10 10:05:00,2024-06-10 10:20:00,Short,2296.88,2302.8,-5.920000000000073,SL Hit,2302.8,1,1488.440000000003,15.0,0.4699999999997999,-1.5100000000002183
2024-06-10 10:20:00,2024-06-10 13:25:00,Long,2301.504,2304.83,16.63000000000011,SL Hit,2304.83,5,1505.0700000000031,185.0,-6.403999999999996,6.885999999999967
2024-06-10 15:00:00,2024-06-10 15:40:00,Short,2304.455,2305.99,-3.069999999999709,SL Hit,2305.99,2,1502.0000000000034,40.0,3.5850000000000364,-2.9049999999997453
2024-06-10 16:10:00,2024-06-10 17:20:00,Long,2311.026666666667,2311.0,-0.08000000000129148,SL Hit,2311.0,3,1501.9200000000021,70.0,-3.0366666666673154,2.473333333332903
2024-06-10 19:05:00,2024-06-10 19:25:00,Long,2311.23,2311.23,0.0,SL Hit,2311.23,1,1501.9200000000021,20.0,-0.32999999999992724,0.7699999999999818
2024-06-10 20:50:00,2024-06-10 22:05:00,Long,2309.97,2309.57,-0.3999999999996362,SL Hit,2309.57,1,1501.5200000000025,75.0,-0.569999999999709,1.9900000000002365
2024-06-11 00:25:00,2024-06-11 00:35:00,Short,2309.2799999999997,2309.99,-1.4200000000000728,SL Hit,2309.99,2,1500.1000000000024,10.0,0.9200000000000728,-0.6799999999998363
2024-06-11 00:40:00,2024-06-11 01:00:00,Long,2309.4,2309.4,0.0,SL Hit,2309.4,1,1500.1000000000024,20.0,-4.940000000000055,2.3899999999998727
2024-06-11 01:55:00,2024-06-11 03:15:00,Short,2302.88,2303.41,-1.0599999999994907,SL Hit,2303.41,2,1499.040000000003,80.0,0.7899999999999636,-4.079999999999927
2024-06-11 03:25:00,2024-06-11 03:45:00,Long,2303.12,2302.2,-1.8400000000001455,SL Hit,2302.2,2,1497.2000000000028,20.0,-1.0199999999999818,0.9500000000002728
2024-06-11 07:35:00,2024-06-11 07:40:00,Long,2303.73,2303.3300000000004,-0.3999999999996362,SL Hit,2303.3300000000004,1,1496.8000000000031,5.0,-0.7600000000002183,0.8200000000001637
2024-06-11 07:55:00,2024-06-11 09:10:00,Long,2305.213333333333,2305.09,-0.36999999999898137,SL Hit,2305.09,3,1496.4300000000042,75.0,-2.4133333333329574,2.3566666666670244
2024-06-11 13:45:00,2024-06-11 14:45:00,Short,2313.545,2316.81,-6.529999999999745,SL Hit,2316.81,2,1489.9000000000044,60.0,3.525000000000091,-1.8949999999999818
2024-06-11 15:10:00,2024-06-11 17:35:00,Short,2311.1124999999997,2311.35,-0.9500000000007276,SL Hit,2311.35,4,1488.9500000000037,145.0,3.0575000000003456,-5.132499999999709
2024-06-11 17:45:00,2024-06-11 19:30:00,Long,2312.26,2312.8,1.0799999999999272,SL Hit,2312.8,2,1490.0300000000036,105.0,-1.2800000000002,3.0299999999997453
2024-06-11 19:40:00,2024-06-11 19:45:00,Short,2313.78,2314.3800000000006,-0.6000000000003638,SL Hit,2314.3800000000006,1,1489.4300000000032,5.0,1.169999999999618,-0.15000000000009095
2024-06-11 22:05:00,2024-06-12 00:35:00,Short,2315.85,2315.35,2.5,SL Hit,2315.35,5,1491.9300000000032,150.0,1.6300000000001091,-2.549999999999727
2024-06-12 02:40:00,2024-06-12 03:25:00,Short,2313.1,2316.78,-3.680000000000291,SL Hit,2316.78,1,1488.250000000003,45.0,2.950000000000273,-0.9200000000000728
2024-06-12 03:25:00,2024-06-12 03:45:00,Long,2315.2,2315.000000000001,-0.1999999999989086,SL Hit,2315.000000000001,1,1488.050000000004,20.0,-0.23999999999978172,0.9200000000000728
2024-06-12 04:30:00,2024-06-12 05:30:00,Short,2313.633333333333,2313.67,-0.11000000000058208,SL Hit,2313.67,3,1487.9400000000035,60.0,0.49666666666689707,-1.633333333333212
2024-06-12 05:40:00,2024-06-12 07:20:00,Long,2313.9566666666665,2313.3,-1.9699999999988904,SL Hit,2313.3,3,1485.9700000000046,100.0,-1.886666666666315,3.593333333333703
2024-06-12 11:30:00,2024-06-12 12:15:00,Short,2313.2233333333334,2313.67,-1.3400000000001455,SL Hit,2313.67,3,1484.6300000000044,45.0,1.5966666666668061,-1.6233333333334485
2024-06-12 12:20:00,2024-06-12 12:25:00,Long,2313.7,2313.7,0.0,SL Hit,2313.7,1,1484.6300000000044,5.0,-0.38999999999987267,1.9200000000000728
2024-06-12 16:20:00,2024-06-12 17:30:00,Long,2336.7233333333334,2335.61,-3.3399999999996908,SL Hit,2335.61,3,1481.2900000000047,70.0,-2.2233333333333576,2.766666666666424
2024-06-12 20:45:00,2024-06-12 20:55:00,Long,2323.92,2322.959999999999,-0.9600000000009459,SL Hit,2322.959999999999,1,1480.3300000000038,10.0,-1.5199999999999818,0.900000000000091
2024-06-12 22:15:00,2024-06-13 00:30:00,Short,2321.975,2321.95,0.0500000000001819,SL Hit,2321.95,2,1480.380000000004,135.0,1.1050000000000182,-4.974999999999909
2024-06-13 03:55:00,2024-06-13 05:55:00,Short,2312.4925,2310.97,6.0900000000001455,SL Hit,2310.97,4,1486.4700000000041,120.0,2.1075000000000728,-3.512499999999818
2024-06-13 06:40:00,2024-06-13 08:35:00,Long,2315.02,2314.5,-2.0799999999999272,SL Hit,2314.5,4,1484.3900000000042,115.0,-2.3400000000001455,3.269999999999982
2024-06-13 08:50:00,2024-06-13 10:20:00,Short,2316.3333333333335,2318.14,-5.419999999999163,SL Hit,2318.14,3,1478.970000000005,90.0,2.766666666666424,-3.133333333333667
2024-06-13 11:15:00,2024-06-13 12:30:00,Short,2310.1499999999996,2309.58,1.139999999999418,SL Hit,2309.58,2,1480.1100000000044,75.0,9.550000000000182,-5.4099999999998545
2024-06-13 15:00:00,2024-06-13 15:05:00,Long,2313.4,2312.759999999999,-0.6400000000012369,SL Hit,2312.759999999999,1,1479.4700000000032,5.0,-2.200000000000273,3.4200000000000728
2024-06-13 17:55:00,2024-06-14 00:00:00,Short,2303.0933333333337,2303.05,0.2600000000011278,SL Hit,2303.05,6,1479.7300000000043,365.0,1.6166666666663332,-3.013333333333776
2024-06-14 04:10:00,2024-06-14 04:55:00,Short,2304.645,2305.83,-2.369999999999891,SL Hit,2305.83,2,1477.3600000000044,45.0,1.2449999999998909,-1.4450000000001637
2024-06-14 05:00:00,2024-06-14 07:10:00,Long,2309.866666666667,2310.69,2.4699999999998,SL Hit,2310.69,3,1479.8300000000042,130.0,-4.966666666666697,3.2133333333331393
2024-06-14 12:55:00,2024-06-14 13:10:00,Long,2330.17,2328.369999999999,-1.8000000000010914,SL Hit,2328.369999999999,1,1478.0300000000032,15.0,-2.369999999999891,1.2199999999998
2024-06-14 13:45:00,2024-06-14 14:50:00,Long,2331.385,2328.48,-5.8100000000004,SL Hit,2328.48,2,1472.2200000000028,65.0,-2.9150000000004184,3.444999999999709
2024-06-14 15:35:00,2024-06-14 16:00:00,Short,2326.145,2327.23,-2.1700000000000728,SL Hit,2327.23,2,1470.0500000000027,25.0,1.8550000000000182,-2.025000000000091
2024-06-14 17:15:00,2024-06-14 19:00:00,Long,2332.8625,2332.9,0.1499999999996362,SL Hit,2332.9,4,1470.2000000000023,105.0,-2.5225000000000364,2.0674999999996544
2024-06-14 19:10:00,2024-06-16 21:05:00,Short,2332.73,2332.49,0.7200000000007094,SL Hit,2332.49,3,1470.920000000003,2995.0,2.519999999999982,-2.230000000000018
2024-06-16 23:15:00,2024-06-17 00:30:00,Short,2327.793333333333,2326.61,3.5499999999988177,SL Hit,2326.61,3,1474.4700000000018,75.0,1.4066666666667516,-3.1933333333331575
2024-06-17 00:35:00,2024-06-17 01:00:00,Long,2326.04,2325.080000000001,-0.9599999999991269,SL Hit,2325.080000000001,1,1473.5100000000027,25.0,-3.3899999999998727,0.8800000000001091
2024-06-17 02:40:00,2024-06-17 03:50:00,Short,2322.4,2322.84,-1.3200000000001637,SL Hit,2322.84,3,1472.1900000000026,70.0,2.319999999999709,-1.2000000000002728
2024-06-17 04:35:00,2024-06-17 04:50:00,Long,2324.985,2323.7,-2.5700000000006185,SL Hit,2323.7,2,1469.620000000002,15.0,-2.0650000000000546,0.8249999999998181
2024-06-17 05:30:00,2024-06-17 07:05:00,Short,2319.36,2318.98,1.1400000000003274,SL Hit,2318.98,3,1470.7600000000023,95.0,2.1099999999996726,-3.7400000000002365
2024-06-17 09:40:00,2024-06-17 10:05:00,Short,2320.145,2320.84,-1.3900000000003274,SL Hit,2320.84,2,1469.370000000002,25.0,1.3550000000000182,-0.9549999999999272
2024-06-17 11:40:00,2024-06-17 12:45:00,Short,2319.68,2320.09,-1.2300000000009277,SL Hit,2320.09,3,1468.140000000001,65.0,1.3099999999999454,-2.8899999999998727
2024-06-17 13:05:00,2024-06-17 13:40:00,Long,2320.54,2320.54,0.0,SL Hit,2320.54,1,1468.140000000001,35.0,-0.7599999999997635,5.320000000000164
2024-06-17 14:10:00,2024-06-17 14:20:00,Short,2320.08,2321.959999999999,-1.8799999999991996,SL Hit,2321.959999999999,1,1466.2600000000018,10.0,3.2600000000002183,-0.7599999999997635
2024-06-17 15:15:00,2024-06-17 16:35:00,Short,2318.375,2315.63,5.489999999999782,SL Hit,2315.63,2,1471.7500000000016,80.0,4.684999999999945,-8.644999999999982
2024-06-17 17:55:00,2024-06-17 18:35:00,Long,2316.59,2315.75,-0.8400000000001455,SL Hit,2315.75,1,1470.9100000000014,40.0,-1.1900000000000546,1.2100000000000364
2024-06-17 19:20:00,2024-06-17 20:25:00,Long,2319.705,2318.8,-1.8099999999994907,SL Hit,2318.8,2,1469.100000000002,65.0,-1.9949999999998909,0.8650000000002365
2024-06-17 20:30:00,2024-06-17 22:15:00,Short,2318.84,2320.11,-2.5399999999999636,SL Hit,2320.11,2,1466.560000000002,105.0,1.3099999999999454,-1.4400000000000546
2024-06-17 22:25:00,2024-06-17 23:05:00,Long,2320.29,2319.2,-2.180000000000291,SL Hit,2319.2,2,1464.3800000000017,40.0,-1.1100000000001273,0.6599999999998545
2024-06-17 23:15:00,2024-06-17 23:55:00,Short,2319.27,2320.5500000000006,-1.2800000000006548,SL Hit,2320.5500000000006,1,1463.100000000001,40.0,1.4900000000002365,-0.3200000000001637
2024-06-18 01:10:00,2024-06-18 01:20:00,Long,2322.17,2320.129999999999,-2.040000000000873,SL Hit,2320.129999999999,1,1461.0600000000002,10.0,-3.0300000000002,0.21000000000003638
2024-06-18 01:35:00,2024-06-18 03:20:00,Long,2322.254,2323.2,4.729999999999563,SL Hit,2323.2,5,1465.7899999999997,105.0,-2.9539999999997235,3.2359999999998763
2024-06-18 06:10:00,2024-06-18 09:05:00,Short,2316.5379999999996,2313.11,17.139999999997144,SL Hit,2313.11,5,1482.9299999999969,175.0,5.062000000000353,-6.037999999999556
2024-06-18 09:10:00,2024-06-18 09:25:00,Long,2313.4,2311.7999999999997,-1.6000000000003638,SL Hit,2311.7999999999997,1,1481.3299999999965,15.0,-2.5,0.6700000000000728
2024-06-18 13:35:00,2024-06-18 14:40:00,Long,2320.7833333333333,2322.78,5.990000000000691,SL Hit,2322.78,3,1487.3199999999972,65.0,-5.923333333333176,6.566666666666606
2024-06-18 15:25:00,2024-06-18 16:45:00,Long,2326.44,2326.5,0.11999999999989086,SL Hit,2326.5,2,1487.439999999997,80.0,-2.869999999999891,3.130000000000109
2024-06-18 17:05:00,2024-06-18 17:50:00,Long,2330.605,2328.36,-4.489999999999782,SL Hit,2328.36,2,1482.9499999999973,45.0,-2.275000000000091,2.025000000000091
2024-06-18 17:55:00,2024-06-18 18:25:00,Short,2329.05,2329.81,-1.519999999999527,SL Hit,2329.81,2,1481.4299999999978,30.0,1.0299999999997453,-1.430000000000291
2024-06-18 20:40:00,2024-06-18 23:05:00,Short,2328.9933333333333,2329.26,-0.8000000000006366,SL Hit,2329.26,3,1480.6299999999972,145.0,0.7566666666666606,-2.2933333333335213
2024-06-18 23:45:00,2024-06-19 00:25:00,Long,2328.67,2327.99,-1.360000000000582,SL Hit,2327.99,2,1479.2699999999966,40.0,-0.6900000000000546,0.8400000000001455
2024-06-19 00:30:00,2024-06-19 00:35:00,Short,2328.16,2328.5999999999985,-0.4399999999986903,SL Hit,2328.5999999999985,1,1478.8299999999979,5.0,1.3800000000001091,-0.10999999999967258
2024-06-19 01:00:00,2024-06-19 01:10:00,Long,2329.26,2327.2199999999993,-2.040000000000873,SL Hit,2327.2199999999993,1,1476.789999999997,10.0,-3.5600000000004,0.3799999999996544
2024-06-19 02:25:00,2024-06-19 02:30:00,Long,2330.22,2330.22,0.0,SL Hit,2330.22,1,1476.789999999997,5.0,-0.08999999999969077,0.5400000000004184
2024-06-19 03:10:00,2024-06-19 03:15:00,Long,2330.71,2325.0700000000006,-5.639999999999418,SL Hit,2325.0700000000006,1,1471.1499999999976,5.0,-1.4099999999998545,0.6399999999998727
2024-06-19 03:15:00,2024-06-19 04:45:00,Short,2329.385,2328.17,2.430000000000291,SL Hit,2328.17,2,1473.5799999999979,90.0,1.8949999999999818,-2.3850000000002183
2024-06-19 05:25:00,2024-06-19 05:30:00,Long,2328.22,2327.6600000000003,-0.5599999999994907,SL Hit,2327.6600000000003,1,1473.0199999999984,5.0,-0.6299999999996544,0.25
2024-06-19 08:00:00,2024-06-19 09:05:00,Long,2332.265,2331.3,-1.9299999999993815,SL Hit,2331.3,2,1471.089999999999,65.0,-2.424999999999727,2.4950000000003456
2024-06-19 10:30:00,2024-06-19 10:50:00,Long,2328.53,2328.2899999999986,-0.2400000000016007,SL Hit,2328.2899999999986,1,1470.8499999999974,20.0,-1.050000000000182,0.9800000000000182
2024-06-19 11:05:00,2024-06-19 11:30:00,Short,2326.78,2329.060000000001,-2.280000000000655,SL Hit,2329.060000000001,1,1468.5699999999968,25.0,2.480000000000018,-0.5700000000001637
2024-06-19 11:45:00,2024-06-19 12:25:00,Long,2329.335,2328.0,-2.6700000000000728,SL Hit,2328.0,2,1465.8999999999967,40.0,-2.125,3.4349999999999454
2024-06-19 13:30:00,2024-06-19 13:35:00,Long,2329.44,2328.3199999999993,-1.1200000000008004,SL Hit,2328.3199999999993,1,1464.7799999999959,5.0,-1.1300000000001091,0.2899999999999636
2024-06-19 18:00:00,2024-06-19 22:50:00,Short,2329.885,2330.16,-0.5499999999992724,SL Hit,2330.16,2,1464.2299999999966,290.0,0.2749999999996362,-4.925000000000182
2024-06-19 23:20:00,2024-06-20 00:55:00,Short,2328.845,2329.51,-1.3300000000008367,SL Hit,2329.51,2,1462.8999999999958,95.0,0.805000000000291,-1.444999999999709
2024-06-20 03:10:00,2024-06-20 04:00:00,Short,2333.685,2334.15,-0.930000000000291,SL Hit,2334.15,2,1461.9699999999955,50.0,0.6449999999999818,-1.3849999999997635
2024-06-20 04:05:00,2024-06-20 07:05:00,Long,2338.9880000000003,2341.7,13.559999999997672,SL Hit,2341.7,5,1475.5299999999932,180.0,-5.888000000000375,6.011999999999716
2024-06-20 12:30:00,2024-06-20 12:35:00,Long,2340.31,2338.8699999999994,-1.4400000000005093,SL Hit,2338.8699999999994,1,1474.0899999999926,5.0,-2.5799999999999272,2.0799999999999272
2024-06-20 14:40:00,2024-06-20 15:15:00,Long,2357.19,2357.19,0.0,SL Hit,2357.19,1,1474.0899999999926,35.0,-0.2800000000002001,7.9099999999998545
2024-06-20 17:05:00,2024-06-20 19:35:00,Long,2357.265,2358.18,3.6599999999998545,SL Hit,2358.18,4,1477.7499999999925,150.0,-2.694999999999709,3.5850000000000364
2024-06-20 20:15:00,2024-06-20 20:40:00,Short,2358.735,2358.97,-0.46999999999934516,SL Hit,2358.97,2,1477.2799999999932,25.0,0.3550000000000182,-0.36500000000023647
2024-06-20 22:10:00,2024-06-20 22:15:00,Long,2357.5,2357.5,0.0,SL Hit,2357.5,1,1477.2799999999932,5.0,0.0,2.1700000000000728
2024-06-20 22:15:00,2024-06-20 22:30:00,Short,2358.57,2359.67,-2.199999999999818,SL Hit,2359.67,2,1475.0799999999933,15.0,1.1900000000000546,-1.2699999999999818
2024-06-21 02:35:00,2024-06-21 03:15:00,Short,2359.43,2359.53,-0.2000000000007276,SL Hit,2359.53,2,1474.8799999999926,40.0,1.2400000000002365,-1.4299999999998363
2024-06-21 05:20:00,2024-06-21 05:30:00,Long,2363.125,2362.1,-2.050000000000182,SL Hit,2362.1,2,1472.8299999999924,10.0,-1.425000000000182,0.4149999999999636
2024-06-21 07:35:00,2024-06-21 09:25:00,Long,2363.1666666666665,2364.2,3.099999999999909,SL Hit,2364.2,3,1475.9299999999923,110.0,-4.696666666666715,4.683333333333394
2024-06-21 10:10:00,2024-06-21 10:55:00,Short,2362.625,2363.51,-1.7700000000004366,SL Hit,2363.51,2,1474.159999999992,45.0,0.9450000000001637,-1.625
2024-06-21 14:30:00,2024-06-21 15:45:00,Short,2330.005,2328.06,7.780000000000655,SL Hit,2328.06,4,1481.9399999999926,75.0,8.21499999999969,-6.375
2024-06-21 17:00:00,2024-06-21 18:20:00,Short,2321.1733333333336,2319.26,5.7400000000002365,SL Hit,2319.26,3,1487.6799999999928,80.0,3.586666666666588,-4.0233333333335395
2024-06-21 19:50:00,2024-06-23 22:00:00,Short,2320.6949999999997,2321.29,-1.1900000000005093,SL Hit,2321.29,2,1486.4899999999923,3010.0,1.705000000000382,-2.9349999999994907
2024-06-23 23:25:00,2024-06-24 00:05:00,Short,2320.02,2320.3800000000006,-0.3600000000005821,SL Hit,2320.3800000000006,1,1486.1299999999917,40.0,0.6100000000001273,-3.2199999999998
2024-06-24 03:10:00,2024-06-24 03:50:00,Long,2325.07,2324.2,-1.7400000000006912,SL Hit,2324.2,2,1484.389999999991,40.0,-0.9700000000002547,1.3999999999996362
2024-06-24 03:55:00,2024-06-24 04:10:00,Short,2325.27,2326.03,-0.7600000000002183,SL Hit,2326.03,1,1483.6299999999908,15.0,1.1100000000001273,-1.1700000000000728
2024-06-24 04:45:00,2024-06-24 07:15:00,Short,2323.935,2325.1,-4.6599999999998545,SL Hit,2325.1,4,1478.969999999991,150.0,2.825000000000273,-2.525000000000091
2024-06-24 07:20:00,2024-06-24 09:00:00,Long,2327.545,2329.2,3.3099999999994907,SL Hit,2329.2,2,1482.2799999999904,100.0,-3.4450000000001637,5.054999999999836
2024-06-24 09:05:00,2024-06-24 11:30:00,Short,2326.55,2326.11,1.7600000000002183,SL Hit,2326.11,4,1484.0399999999906,145.0,3.8399999999996908,-4.289999999999964
2024-06-24 12:55:00,2024-06-24 15:25:00,Long,2329.29,2330.12,3.319999999999709,SL Hit,2330.12,4,1487.3599999999904,150.0,-3.25,4.199999999999818
2024-06-24 15:30:00,2024-06-24 16:30:00,Short,2330.05,2329.72,0.660000000000764,SL Hit,2329.72,2,1488.0199999999911,60.0,1.2999999999997272,-3.200000000000273
2024-06-24 18:20:00,2024-06-24 18:25:00,Long,2332.8,2332.8,0.0,SL Hit,2332.8,1,1488.0199999999911,5.0,-0.1000000000003638,1.0799999999999272
2024-06-24 22:20:00,2024-06-24 22:25:00,Short,2332.82,2333.2600000000007,-0.4400000000005093,SL Hit,2333.2600000000007,1,1487.5799999999906,5.0,0.5,-0.5199999999999818
2024-06-24 22:40:00,2024-06-25 00:50:00,Short,2330.7933333333335,2330.06,2.2000000000007276,SL Hit,2330.06,3,1489.7799999999913,130.0,1.966666666666697,-3.593333333333703
2024-06-25 01:05:00,2024-06-25 01:20:00,Long,2330.06,2327.5399999999995,-2.5200000000004366,SL Hit,2327.5399999999995,1,1487.259999999991,15.0,-2.6100000000001273,0.11999999999989086
2024-06-25 03:05:00,2024-06-25 03:15:00,Long,2326.86,2326.5400000000004,-0.31999999999970896,SL Hit,2326.5400000000004,1,1486.9399999999912,10.0,-0.36000000000012733,1.199999999999818
2024-06-25 08:45:00,2024-06-25 11:05:00,Long,2332.5466666666666,2333.93,4.149999999999636,SL Hit,2333.93,3,1491.0899999999908,140.0,-5.3066666666668425,4.383333333333212
2024-06-25 12:35:00,2024-06-25 14:20:00,Short,2324.273333333333,2325.87,-4.790000000000418,SL Hit,2325.87,3,1486.2999999999904,105.0,4.506666666667115,-4.36333333333323
2024-06-25 17:00:00,2024-06-25 17:40:00,Short,2317.82,2320.1800000000007,-2.360000000000582,SL Hit,2320.1800000000007,1,1483.9399999999898,40.0,1.9299999999998363,-0.9700000000002547
2024-06-25 17:40:00,2024-06-25 17:50:00,Long,2319.17,2318.8500000000004,-0.31999999999970896,SL Hit,2318.8500000000004,1,1483.6199999999901,10.0,-0.8899999999998727,0.5599999999999454
2024-06-25 18:20:00,2024-06-25 19:05:00,Short,2318.935,2319.64,-1.4099999999998545,SL Hit,2319.64,2,1482.2099999999903,45.0,1.3450000000002547,-2.1349999999997635
2024-06-25 19:45:00,2024-06-25 20:55:00,Short,2319.0033333333336,2319.32,-0.9499999999998181,SL Hit,2319.32,3,1481.2599999999904,70.0,0.786666666666406,-1.8033333333337396
2024-06-25 22:00:00,2024-06-25 23:20:00,Long,2319.4750000000004,2318.6,-1.7500000000009095,SL Hit,2318.6,2,1479.5099999999895,80.0,-1.175000000000182,1.5849999999995816
2024-06-25 23:25:00,2024-06-25 23:55:00,Short,2319.16,2320.0,-0.8400000000001455,SL Hit,2320.0,1,1478.6699999999894,30.0,1.3600000000001273,-0.3599999999996726
2024-06-26 00:15:00,2024-06-26 00:20:00,Short,2322.82,2338.3800000000015,-15.56000000000131,SL Hit,2338.3800000000015,1,1463.109999999988,5.0,-0.0,-3.8900000000003274
2024-06-26 00:20:00,2024-06-26 00:35:00,Long,2319.3,2319.3,0.0,SL Hit,2319.3,1,1463.109999999988,15.0,-1.400000000000091,1.3899999999998727
2024-06-26 00:40:00,2024-06-26 02:25:00,Short,2319.5249999999996,2320.57,-2.090000000001055,SL Hit,2320.57,2,1461.019999999987,105.0,1.4650000000001455,-8.734999999999673
2024-06-26 03:50:00,2024-06-26 04:25:00,Short,2317.26,2317.46,-0.3999999999996362,SL Hit,2317.46,2,1460.6199999999874,35.0,0.669999999999618,-1.3600000000001273
2024-06-26 04:30:00,2024-06-26 05:05:00,Short,2316.443333333333,2316.97,-1.5799999999999272,SL Hit,2316.97,3,1459.0399999999875,35.0,0.9166666666669698,-1.2433333333333394
2024-06-26 05:35:00,2024-06-26 08:25:00,Short,2315.618,2316.02,-2.0100000000002183,SL Hit,2316.02,5,1457.0299999999872,170.0,2.0520000000001346,-5.958000000000084
2024-06-26 09:45:00,2024-06-26 14:50:00,Short,2308.7339999999995,2299.34,46.96999999999662,SL Hit,2299.34,5,1503.9999999999839,305.0,9.016000000000531,-14.47399999999925
2024-06-26 15:00:00,2024-06-26 18:40:00,Long,2299.4799999999996,2299.5,0.10000000000218279,SL Hit,2299.5,5,1504.099999999986,220.0,-3.219999999999345,4.1700000000005275
2024-06-27 05:15:00,2024-06-27 06:20:00,Short,2298.795,2300.27,-2.949999999999818,SL Hit,2300.27,2,1501.1499999999862,65.0,1.824999999999818,-2.494999999999891
2024-06-27 10:00:00,2024-06-27 13:40:00,Long,2316.765,2320.01,19.470000000002074,SL Hit,2320.01,6,1520.6199999999883,220.0,-4.664999999999964,7.4650000000001455
2024-06-27 14:00:00,2024-06-27 14:20:00,Long,2323.13,2323.13,0.0,SL Hit,2323.13,1,1520.6199999999883,20.0,-0.07999999999992724,7.179999999999836
2024-06-27 15:20:00,2024-06-27 15:25:00,Long,2328.97,2328.690000000001,-0.27999999999883585,SL Hit,2328.690000000001,1,1520.3399999999895,5.0,-3.1399999999998727,1.4400000000000546
2024-06-27 16:25:00,2024-06-27 17:15:00,Short,2325.8050000000003,2326.45,-1.2899999999990541,SL Hit,2326.45,2,1519.0499999999904,50.0,1.1649999999995089,-2.205000000000382
2024-06-27 17:30:00,2024-06-27 18:00:00,Long,2325.9866666666667,2325.69,-0.8899999999998727,SL Hit,2325.69,3,1518.1599999999905,30.0,-1.566666666666606,0.9533333333333758
2024-06-27 22:25:00,2024-06-27 23:20:00,Short,2326.56,2327.04,-0.9600000000000364,SL Hit,2327.04,2,1517.1999999999905,55.0,0.6300000000001091,-0.9600000000000364
2024-06-28 00:15:00,2024-06-28 02:15:00,Short,2323.0449999999996,2321.53,6.059999999997672,SL Hit,2321.53,4,1523.2599999999882,120.0,3.4450000000001637,-4.004999999999654
2024-06-28 03:15:00,2024-06-28 03:20:00,Long,2323.66,2322.8199999999997,-0.8400000000001455,SL Hit,2322.8199999999997,1,1522.419999999988,5.0,-1.6599999999998545,0.9700000000002547
2024-06-28 03:25:00,2024-06-28 04:50:00,Short,2321.1666666666665,2320.72,1.3400000000001455,SL Hit,2320.72,3,1523.7599999999882,85.0,1.7033333333333758,-1.466666666666697
2024-06-28 07:05:00,2024-06-28 07:30:00,Long,2326.63,2325.909999999999,-0.7200000000011642,SL Hit,2325.909999999999,1,1523.039999999987,25.0,-1.7800000000002,1.3899999999998727
2024-06-28 09:55:00,2024-06-28 11:20:00,Long,2332.873333333333,2334.52,4.940000000000964,SL Hit,2334.52,3,1527.979999999988,85.0,-4.473333333332903,4.016666666666879
2024-06-28 11:25:00,2024-06-28 12:30:00,Short,2333.8366666666666,2334.78,-2.8300000000008367,SL Hit,2334.78,3,1525.1499999999871,65.0,4.133333333333212,-2.446666666666715
2024-06-28 17:55:00,2024-06-28 20:35:00,Short,2325.715,2325.07,3.869999999999891,SL Hit,2325.07,6,1529.019999999987,160.0,2.524999999999636,-3.055000000000291
2024-06-28 20:45:00,2024-06-30 22:00:00,Long,2324.98,2324.7400000000002,-0.23999999999978172,SL Hit,2324.7400000000002,1,1528.7799999999872,2955.0,-1.2199999999998,2.0300000000002
2024-06-30 22:10:00,2024-06-30 23:10:00,Short,2324.585,2324.77,-0.36999999999989086,SL Hit,2324.77,2,1528.4099999999873,60.0,0.8150000000000546,-2.1849999999999454
2024-07-01 04:30:00,2024-07-01 06:10:00,Short,2323.285,2323.87,-1.1700000000000728,SL Hit,2323.87,2,1527.2399999999873,100.0,1.025000000000091,-5.014999999999873
2024-07-01 08:00:00,2024-07-01 08:55:00,Short,2324.25,2325.5,-2.5,SL Hit,2325.5,2,1524.7399999999873,55.0,1.900000000000091,-2.349999999999909
2024-07-01 16:10:00,2024-07-01 16:50:00,Long,2329.065,2327.6,-2.930000000000291,SL Hit,2327.6,2,1521.809999999987,40.0,-3.0650000000000546,2.5949999999998
2024-07-01 22:05:00,2024-07-01 22:10:00,Long,2330.2,2330.2,0.0,SL Hit,2330.2,1,1521.809999999987,5.0,0.0,1.8400000000001455
2024-07-01 22:10:00,2024-07-01 23:00:00,Short,2331.27,2331.81,-1.0799999999999272,SL Hit,2331.81,2,1520.729999999987,50.0,1.1199999999998909,-0.9699999999997999
2024-07-01 23:35:00,2024-07-01 23:40:00,Long,2332.04,2331.2400000000007,-0.7999999999992724,SL Hit,2331.2400000000007,1,1519.9299999999878,5.0,-0.8400000000001455,0.2300000000000182
2024-07-02 01:00:00,2024-07-02 01:10:00,Long,2332.66,2331.460000000001,-1.1999999999989086,SL Hit,2331.460000000001,1,1518.7299999999889,10.0,-1.2599999999997635,0.7400000000002365
2024-07-02 13:30:00,2024-07-02 14:10:00,Long,2328.0,2326.3999999999996,-1.6000000000003638,SL Hit,2326.3999999999996,1,1517.1299999999885,40.0,-4.230000000000018,8.199999999999818
2024-07-02 14:15:00,2024-07-02 15:00:00,Short,2327.0150000000003,2327.79,-1.5499999999992724,SL Hit,2327.79,2,1515.5799999999892,45.0,1.2349999999996726,-3.6350000000002183
2024-07-02 15:05:00,2024-07-02 15:35:00,Long,2327.14,2325.780000000001,-1.359999999998763,SL Hit,2325.780000000001,1,1514.2199999999905,30.0,-1.569999999999709,3.2200000000002547
2024-07-02 18:00:00,2024-07-02 22:45:00,Long,2328.5916666666667,2329.8,7.2500000000009095,SL Hit,2329.8,6,1521.4699999999914,285.0,-4.01166666666677,2.5983333333333576
2024-07-02 22:55:00,2024-07-02 23:05:00,Short,2330.02,2334.4999999999995,-4.479999999999563,SL Hit,2334.4999999999995,1,1516.9899999999918,10.0,1.2199999999998,-1.1199999999998909
2024-07-02 23:05:00,2024-07-02 23:55:00,Long,2330.3900000000003,2329.56,-1.660000000000764,SL Hit,2329.56,2,1515.329999999991,50.0,-1.2900000000004184,0.6799999999998363
2024-07-03 00:00:00,2024-07-03 02:05:00,Short,2330.7333333333336,2329.84,2.680000000000291,SL Hit,2329.84,3,1518.0099999999914,125.0,1.2466666666664423,-2.333333333333485
2024-07-03 02:15:00,2024-07-03 03:15:00,Short,2328.45,2329.4,-1.9000000000005457,SL Hit,2329.4,2,1516.1099999999908,60.0,1.3100000000004002,-1.849999999999909
2024-07-03 03:20:00,2024-07-03 03:30:00,Long,2329.01,2329.01,0.0,SL Hit,2329.01,1,1516.1099999999908,10.0,-1.0100000000002183,0.36999999999989086
2024-07-03 05:35:00,2024-07-03 06:20:00,Short,2334.51,2335.16,-1.2999999999992724,SL Hit,2335.16,2,1514.8099999999915,45.0,1.0399999999999636,-3.4100000000003092
2024-07-03 17:30:00,2024-07-03 20:40:00,Short,2357.195,2355.14,12.330000000001746,SL Hit,2355.14,6,1527.1399999999933,190.0,2.605000000000018,-3.9950000000003456
2024-07-03 23:55:00,2024-07-04 00:00:00,Long,2358.2,2357.4000000000005,-0.7999999999992724,SL Hit,2357.4000000000005,1,1526.339999999994,5.0,-1.099999999999909,0.8000000000001819
2024-07-04 04:05:00,2024-07-04 04:35:00,Short,2358.4849999999997,2359.17,-1.3700000000008004,SL Hit,2359.17,2,1524.9699999999932,30.0,0.6950000000001637,-1.8849999999997635
2024-07-04 10:25:00,2024-07-04 11:25:00,Long,2357.925,2357.7,-0.4500000000007276,SL Hit,2357.7,2,1524.5199999999925,60.0,-0.4250000000001819,1.9349999999999454
2024-07-04 13:20:00,2024-07-04 13:25:00,Long,2358.03,2358.03,0.0,SL Hit,2358.03,1,1524.5199999999925,5.0,-0.5900000000001455,0.3599999999996726
2024-07-05 01:10:00,2024-07-05 01:20:00,Long,2358.3,2358.3,0.0,SL Hit,2358.3,1,1524.5199999999925,10.0,-0.6200000000003456,1.75
2024-07-05 05:35:00,2024-07-05 07:00:00,Long,2363.773333333333,2363.1,-2.019999999999527,SL Hit,2363.1,3,1522.499999999993,85.0,-1.0733333333332666,2.346666666666806
2024-07-05 07:30:00,2024-07-05 07:35:00,Short,2363.35,2364.6299999999987,-1.2799999999988358,SL Hit,2364.6299999999987,1,1521.2199999999941,5.0,1.599999999999909,-0.5499999999997272
2024-07-05 08:20:00,2024-07-05 08:40:00,Long,2365.92,2365.92,0.0,SL Hit,2365.92,1,1521.2199999999941,20.0,-0.13000000000010914,1.2300000000000182
2024-07-05 09:30:00,2024-07-05 10:30:00,Short,2364.5333333333333,2365.3,-2.3000000000006366,SL Hit,2365.3,3,1518.9199999999935,60.0,0.8066666666668425,-2.7233333333333576
2024-07-05 11:10:00,2024-07-05 11:50:00,Short,2363.895,2365.13,-2.4700000000002547,SL Hit,2365.13,2,1516.4499999999932,40.0,1.2350000000001273,-1.6149999999997817
2024-07-05 12:35:00,2024-07-05 13:05:00,Short,2367.81,2375.01,-14.400000000000546,SL Hit,2375.01,2,1502.0499999999927,30.0,8.11999999999989,-3.0900000000001455
2024-07-05 14:50:00,2024-07-05 15:00:00,Long,2382.44,2379.8399999999997,-2.600000000000364,SL Hit,2379.8399999999997,1,1499.4499999999923,10.0,-3.5399999999999636,1.1199999999998909
2024-07-05 18:15:00,2024-07-05 19:30:00,Long,2389.795,2390.69,1.7899999999999636,SL Hit,2390.69,2,1501.2399999999923,75.0,-3.3850000000002183,2.924999999999727
2024-07-07 22:45:00,2024-07-07 23:40:00,Short,2385.98,2386.39,-0.819999999999709,SL Hit,2386.39,2,1500.4199999999926,55.0,0.8800000000001091,-2.0799999999999272
2024-07-08 00:25:00,2024-07-08 00:30:00,Long,2385.5,2385.5,0.0,SL Hit,2385.5,1,1500.4199999999926,5.0,0.0,1.2899999999999636
2024-07-08 00:35:00,2024-07-08 00:50:00,Long,2386.38,2386.0999999999995,-0.28000000000065484,SL Hit,2386.0999999999995,1,1500.139999999992,15.0,-0.4800000000000182,1.1799999999998363
2024-07-08 02:40:00,2024-07-08 03:20:00,Short,2383.55,2383.45,0.2000000000007276,SL Hit,2383.45,2,1500.3399999999926,40.0,1.8099999999999454,-2.0
2024-07-08 05:00:00,2024-07-08 05:30:00,Long,2384.6949999999997,2383.6,-2.1899999999996,SL Hit,2383.6,2,1498.149999999993,30.0,-1.8449999999998,1.6850000000004002
2024-07-08 06:35:00,2024-07-08 07:35:00,Short,2380.6400000000003,2380.93,-0.5799999999990177,SL Hit,2380.93,2,1497.569999999994,60.0,0.8899999999998727,-3.8400000000001455
2024-07-08 11:15:00,2024-07-08 12:30:00,Long,2374.023333333333,2374.42,1.190000000000964,SL Hit,2374.42,3,1498.759999999995,75.0,-1.5833333333330302,3.0066666666671154
2024-07-08 13:45:00,2024-07-08 16:40:00,Short,2369.9075,2355.56,57.38999999999942,SL Hit,2355.56,4,1556.1499999999944,175.0,9.19250000000011,-19.207499999999982
2024-07-08 18:15:00,2024-07-08 19:00:00,Short,2355.895,2356.83,-1.8699999999998909,SL Hit,2356.83,2,1554.2799999999945,45.0,1.1550000000002,-1.5949999999998
2024-07-08 20:10:00,2024-07-08 20:15:00,Long,2358.68,2358.52,-0.15999999999985448,SL Hit,2358.52,1,1554.1199999999947,5.0,-0.6599999999998545,0.3400000000001455
2024-07-08 23:55:00,2024-07-09 01:55:00,Long,2362.6974999999998,2362.54,-0.6299999999991996,SL Hit,2362.54,4,1553.4899999999955,120.0,-2.0974999999998545,2.192500000000109
2024-07-09 02:00:00,2024-07-09 03:45:00,Short,2364.0125,2365.79,-7.110000000000582,SL Hit,2365.79,4,1546.3799999999949,105.0,2.5475000000001273,-3.8125
2024-07-09 05:30:00,2024-07-09 09:00:00,Short,2363.6639999999998,2361.59,10.369999999998072,SL Hit,2361.59,5,1556.749999999993,210.0,2.3760000000002037,-5.393999999999778
2024-07-09 11:30:00,2024-07-09 13:00:00,Short,2360.455,2360.92,-0.930000000000291,SL Hit,2360.92,2,1555.8199999999927,90.0,1.8150000000000546,-4.184999999999945
2024-07-09 13:10:00,2024-07-09 14:05:00,Long,2361.685,2359.7,-3.9700000000002547,SL Hit,2359.7,2,1551.8499999999924,55.0,-4.695000000000164,6.585000000000036
2024-07-09 15:05:00,2024-07-09 18:05:00,Short,2360.603333333333,2362.27,-5.0000000000009095,SL Hit,2362.27,3,1546.8499999999915,180.0,2.566666666667061,-10.30333333333283
2024-07-09 20:45:00,2024-07-09 23:00:00,Short,2363.9449999999997,2364.45,-1.0100000000002183,SL Hit,2364.45,2,1545.8399999999913,135.0,1.1250000000004547,-12.904999999999745
2024-07-09 23:20:00,2024-07-09 23:25:00,Long,2364.86,2364.7000000000003,-0.15999999999985448,SL Hit,2364.7000000000003,1,1545.6799999999914,5.0,-0.9600000000000364,0.15000000000009095
2024-07-10 01:05:00,2024-07-10 01:30:00,Short,2365.8100000000004,2367.81,-3.9999999999990905,SL Hit,2367.81,2,1541.6799999999923,25.0,3.2599999999997635,-2.300000000000182
2024-07-10 03:25:00,2024-07-10 04:00:00,Short,2367.8900000000003,2368.3,-0.819999999999709,SL Hit,2368.3,2,1540.8599999999926,35.0,0.5799999999994725,-1.3900000000003274
2024-07-10 04:25:00,2024-07-10 05:00:00,Short,2367.085,2367.78,-1.3900000000003274,SL Hit,2367.78,2,1539.4699999999923,35.0,1.1549999999997453,-1.0850000000000364
2024-07-10 06:15:00,2024-07-10 06:25:00,Short,2367.79,2370.0299999999997,-2.2399999999997817,SL Hit,2370.0299999999997,1,1537.2299999999925,10.0,2.380000000000109,-0.5599999999999454
2024-07-10 08:15:00,2024-07-10 08:40:00,Short,2373.085,2373.69,-1.2100000000000364,SL Hit,2373.69,2,1536.0199999999925,25.0,0.9549999999999272,-0.6950000000001637
2024-07-10 08:55:00,2024-07-10 09:35:00,Short,2372.4849999999997,2373.15,-1.3300000000008367,SL Hit,2373.15,2,1534.6899999999916,40.0,1.3650000000002365,-0.8249999999998181
2024-07-10 11:35:00,2024-07-10 13:05:00,Long,2378.17,2377.3,-1.7399999999997817,SL Hit,2377.3,2,1532.9499999999919,90.0,-3.0799999999999272,3.4699999999998
2024-07-10 14:45:00,2024-07-10 15:25:00,Short,2375.855,2377.62,-3.5299999999997453,SL Hit,2377.62,2,1529.4199999999921,40.0,3.025000000000091,-1.2150000000001455
2024-07-10 16:35:00,2024-07-10 22:25:00,Short,2372.918571428571,2372.02,6.289999999996326,SL Hit,2372.02,7,1535.7099999999884,350.0,5.511428571428951,-4.928571428571104
2024-07-10 23:50:00,2024-07-11 00:30:00,Short,2372.46,2372.67,-0.42000000000007276,SL Hit,2372.67,2,1535.2899999999884,40.0,0.6100000000001273,-0.9800000000000182
2024-07-11 00:40:00,2024-07-11 01:20:00,Long,2373.6633333333334,2373.4,-0.7899999999999636,SL Hit,2373.4,3,1534.4999999999884,40.0,-1.8633333333332303,1.666666666666515
2024-07-11 01:40:00,2024-07-11 02:15:00,Long,2374.65,2374.3300000000004,-0.31999999999970896,SL Hit,2374.3300000000004,1,1534.1799999999887,35.0,-0.75,1.400000000000091
2024-07-11 02:35:00,2024-07-11 05:50:00,Long,2379.4033333333336,2381.43,12.159999999997126,SL Hit,2381.43,6,1546.3399999999858,195.0,-3.6033333333334667,3.4266666666662786
2024-07-11 09:05:00,2024-07-11 09:45:00,Long,2383.0649999999996,2382.68,-0.7699999999995271,SL Hit,2382.68,2,1545.5699999999863,40.0,-1.0649999999995998,1.4150000000004184
2024-07-11 11:50:00,2024-07-11 12:30:00,Short,2381.32,2382.44,-2.2399999999997817,SL Hit,2382.44,2,1543.3299999999865,40.0,19.08999999999969,-1.9100000000003092
2024-07-11 13:35:00,2024-07-11 14:00:00,Short,2405.24,2408.159999999998,-2.9199999999982538,SL Hit,2408.159999999998,1,1540.4099999999883,25.0,3.3900000000003274,-9.179999999999836
2024-07-11 22:05:00,2024-07-11 23:25:00,Short,2413.51,2414.03,-1.0399999999999636,SL Hit,2414.03,2,1539.3699999999883,80.0,0.9499999999998181,-2.8100000000004
2024-07-11 23:55:00,2024-07-12 00:00:00,Long,2414.14,2414.14,0.0,SL Hit,2414.14,1,1539.3699999999883,5.0,-1.4600000000000364,1.7800000000002
2024-07-12 05:05:00,2024-07-12 05:45:00,Short,2407.1949999999997,2408.57,-2.7500000000009095,SL Hit,2408.57,2,1536.6199999999874,40.0,2.725000000000364,-1.6549999999997453
2024-07-12 07:35:00,2024-07-12 08:05:00,Short,2403.89,2405.81,-1.9200000000000728,SL Hit,2405.81,1,1534.6999999999873,30.0,2.3099999999999454,-0.4800000000000182
2024-07-12 09:50:00,2024-07-12 12:05:00,Short,2402.1475,2402.66,-2.0499999999992724,SL Hit,2402.66,4,1532.649999999988,135.0,3.1024999999999636,-4.647500000000036
2024-07-12 17:40:00,2024-07-12 18:05:00,Long,2416.0,2416.0,0.0,SL Hit,2416.0,1,1532.649999999988,25.0,-0.17000000000007276,2.0599999999999454
2024-07-12 18:50:00,2024-07-14 21:05:00,Short,2413.263333333333,2411.94,3.9699999999984357,SL Hit,2411.94,3,1536.6199999999865,3015.0,1.3466666666672609,-2.8633333333327755
2024-07-14 23:30:00,2024-07-14 23:45:00,Short,2406.3050000000003,2407.13,-1.6499999999996362,SL Hit,2407.13,2,1534.9699999999868,15.0,0.9149999999995089,-1.4050000000002
2024-07-15 01:10:00,2024-07-15 01:45:00,Short,2406.925,2407.89,-1.9299999999993815,SL Hit,2407.89,2,1533.0399999999875,35.0,1.2349999999996726,-1.9149999999999636
2024-07-15 05:45:00,2024-07-15 07:50:00,Short,2406.895,2406.43,0.930000000000291,SL Hit,2406.43,2,1533.9699999999877,125.0,3.6550000000002,-5.5949999999998
2024-07-15 10:15:00,2024-07-15 10:35:00,Long,2411.46,2411.38,-0.07999999999992724,SL Hit,2411.38,1,1533.8899999999878,20.0,-0.42000000000007276,2.3299999999999272
2024-07-15 12:25:00,2024-07-15 13:55:00,Short,2415.48,2416.99,-3.019999999999527,SL Hit,2416.99,2,1530.8699999999883,90.0,3.4200000000000728,-3.7100000000000364
2024-07-15 16:20:00,2024-07-15 16:40:00,Short,2432.12,2435.3999999999987,-3.279999999998836,SL Hit,2435.3999999999987,1,1527.5899999999895,20.0,7.410000000000309,-0.8699999999998909
2024-07-15 19:05:00,2024-07-15 23:10:00,Short,2421.3125,2421.17,0.569999999999709,SL Hit,2421.17,4,1528.1599999999892,245.0,1.737500000000182,-1.612500000000182
2024-07-15 23:55:00,2024-07-16 00:00:00,Long,2421.1,2421.1,0.0,SL Hit,2421.1,1,1528.1599999999892,5.0,-0.38000000000010914,1.2699999999999818
2024-07-16 00:20:00,2024-07-16 00:25:00,Long,2421.47,2420.6700000000005,-0.7999999999992724,SL Hit,2420.6700000000005,1,1527.35999999999,5.0,-0.8699999999998909,0.49000000000023647
2024-07-16 00:50:00,2024-07-16 01:00:00,Short,2421.15,2422.350000000001,-1.2000000000007276,SL Hit,2422.350000000001,1,1526.1599999999892,10.0,1.5899999999996908,-0.3000000000001819
2024-07-16 01:05:00,2024-07-16 04:05:00,Long,2426.37,2426.72,1.7499999999995453,SL Hit,2426.72,5,1527.9099999999887,180.0,-4.0099999999997635,4.930000000000291
2024-07-16 04:15:00,2024-07-16 04:40:00,Short,2427.03,2427.7900000000004,-0.7600000000002183,SL Hit,2427.7900000000004,1,1527.1499999999885,25.0,1.2599999999997635,-1.9900000000002365
2024-07-16 07:30:00,2024-07-16 08:05:00,Long,2436.165,2434.81,-2.7100000000000364,SL Hit,2434.81,2,1524.4399999999885,35.0,-2.3449999999998,2.974999999999909
2024-07-16 08:15:00,2024-07-16 08:30:00,Short,2435.7,2437.7799999999997,-2.0799999999999272,SL Hit,2437.7799999999997,1,1522.3599999999885,15.0,2.430000000000291,-0.5599999999999454
2024-07-16 08:45:00,2024-07-16 09:35:00,Short,2435.33,2440.8899999999994,-5.559999999999491,SL Hit,2440.8899999999994,1,1516.799999999989,50.0,7.5300000000002,-1.3899999999998727
2024-07-16 10:20:00,2024-07-16 11:25:00,Short,2441.365,2441.69,-0.6500000000005457,SL Hit,2441.69,2,1516.1499999999885,65.0,0.7950000000000728,-2.8149999999996
2024-07-16 11:55:00,2024-07-16 12:25:00,Short,2439.9,2443.7400000000002,-3.8400000000001455,SL Hit,2443.7400000000002,1,1512.3099999999883,30.0,3.949999999999818,-0.9600000000000364
2024-07-16 18:30:00,2024-07-16 18:35:00,Short,2462.81,2463.73,-0.9200000000000728,SL Hit,2463.73,1,1511.3899999999883,5.0,1.9800000000000182,-0.2300000000000182
2024-07-16 23:10:00,2024-07-17 04:50:00,Long,2470.3033333333333,2469.67,-1.8999999999996362,SL Hit,2469.67,3,1509.4899999999886,340.0,-2.033333333333303,2.2866666666668607
2024-07-17 07:30:00,2024-07-17 09:20:00,Long,2469.063333333333,2471.62,7.6700000000005275,SL Hit,2471.62,3,1517.1599999999892,110.0,-4.453333333332921,9.716666666667152
2024-07-17 11:40:00,2024-07-17 13:30:00,Long,2473.4519999999998,2473.23,-1.109999999998763,SL Hit,2473.23,5,1516.0499999999904,110.0,-4.531999999999698,5.248000000000047
2024-07-17 17:20:00,2024-07-17 17:25:00,Long,2456.66,2455.74,-0.9200000000000728,SL Hit,2455.74,1,1515.1299999999903,5.0,-0.9800000000000182,1.680000000000291
2024-07-17 17:40:00,2024-07-17 18:45:00,Short,2455.95,2457.76,-3.6200000000008004,SL Hit,2457.76,2,1511.5099999999895,65.0,1.9600000000000364,-4.75
2024-07-17 18:55:00,2024-07-17 19:30:00,Long,2457.14,2457.14,0.0,SL Hit,2457.14,1,1511.5099999999895,35.0,-0.009999999999763531,3.1100000000001273
2024-07-17 20:00:00,2024-07-17 23:00:00,Short,2458.4,2459.21,-2.4299999999998363,SL Hit,2459.21,3,1509.0799999999897,180.0,1.7100000000000364,-2.0
2024-07-17 23:40:00,2024-07-18 00:00:00,Long,2460.74,2460.0600000000013,-0.679999999998472,SL Hit,2460.0600000000013,1,1508.3999999999912,20.0,-2.069999999999709,0.9100000000003092
2024-07-18 03:40:00,2024-07-18 03:45:00,Long,2467.93,2467.570000000001,-0.3599999999987631,SL Hit,2467.570000000001,1,1508.0399999999925,5.0,-1.0799999999999272,0.680000000000291
2024-07-18 08:10:00,2024-07-18 08:20:00,Long,2471.69,2471.69,0.0,SL Hit,2471.69,1,1508.0399999999925,10.0,-0.2300000000000182,1.8899999999998727
2024-07-18 09:20:00,2024-07-18 12:00:00,Short,2465.4525000000003,2466.12,-2.6699999999982538,SL Hit,2466.12,4,1505.3699999999942,160.0,2.0474999999996726,-3.9325000000003456
2024-07-18 12:05:00,2024-07-18 12:40:00,Long,2466.9750000000004,2465.26,-3.430000000000291,SL Hit,2465.26,2,1501.939999999994,35.0,-3.1950000000001637,1.4349999999994907
2024-07-18 12:45:00,2024-07-18 12:50:00,Long,2463.63,2463.63,0.0,SL Hit,2463.63,1,1501.939999999994,5.0,-0.9500000000002728,1.1099999999996726
2024-07-18 13:30:00,2024-07-18 13:55:00,Short,2461.9449999999997,2463.94,-3.990000000000691,SL Hit,2463.94,2,1497.9499999999932,25.0,3.105000000000473,-3.674999999999727
2024-07-18 17:00:00,2024-07-18 19:40:00,Short,2451.6,2443.53,24.209999999999127,SL Hit,2443.53,3,1522.1599999999924,160.0,5.650000000000091,-11.159999999999854
2024-07-19 03:50:00,2024-07-19 03:55:00,Long,2428.65,2428.65,0.0,SL Hit,2428.65,1,1522.1599999999924,5.0,-0.03000000000020009,0.7999999999997272
2024-07-19 04:00:00,2024-07-19 04:15:00,Long,2428.52,2427.480000000001,-1.0399999999990541,SL Hit,2427.480000000001,1,1521.1199999999933,15.0,-1.4400000000000546,0.5199999999999818
2024-07-19 04:30:00,2024-07-19 06:50:00,Short,2421.8,2420.09,8.550000000000182,SL Hit,2420.09,5,1529.6699999999935,140.0,4.779999999999745,-7.2800000000002
2024-07-19 07:20:00,2024-07-19 07:30:00,Short,2417.14,2418.019999999999,-0.8799999999991996,SL Hit,2418.019999999999,1,1528.7899999999943,10.0,1.1200000000003456,-1.7699999999999818
2024-07-19 09:15:00,2024-07-19 13:40:00,Short,2411.773333333333,2405.36,38.479999999997744,SL Hit,2405.36,6,1567.269999999992,265.0,7.676666666666733,-17.853333333333012
2024-07-19 13:45:00,2024-07-19 14:05:00,Long,2403.18,2399.7000000000003,-3.4799999999995634,SL Hit,2399.7000000000003,1,1563.7899999999925,20.0,-3.869999999999891,1.9700000000002547
2024-07-19 18:40:00,2024-07-19 19:00:00,Short,2397.76,2399.3600000000006,-1.6000000000003638,SL Hit,2399.3600000000006,1,1562.189999999992,20.0,1.1899999999995998,-0.45000000000027285
2024-07-19 19:00:00,2024-07-19 19:30:00,Long,2398.4849999999997,2397.81,-1.3499999999994543,SL Hit,2397.81,2,1560.8399999999926,30.0,-1.394999999999527,0.8450000000002547
2024-07-19 20:10:00,2024-07-19 20:50:00,Short,2398.825,2399.62,-1.5900000000001455,SL Hit,2399.62,2,1559.2499999999925,40.0,1.4750000000003638,-1.724999999999909
2024-07-21 22:45:00,2024-07-21 23:25:00,Long,2409.7749999999996,2409.07,-1.409999999998945,SL Hit,2409.07,2,1557.8399999999936,40.0,-1.2749999999996362,1.675000000000182
2024-07-21 23:50:00,2024-07-22 00:00:00,Long,2410.97,2409.89,-1.0799999999999272,SL Hit,2409.89,1,1556.7599999999936,10.0,-2.669999999999618,0.7300000000000182
2024-07-22 00:05:00,2024-07-22 01:15:00,Short,2408.233333333333,2409.14,-2.7200000000002547,SL Hit,2409.14,3,1554.0399999999934,70.0,1.796666666667079,-2.2933333333330665
2024-07-22 04:40:00,2024-07-22 04:55:00,Short,2404.665,2405.61,-1.8900000000003274,SL Hit,2405.61,2,1552.149999999993,15.0,0.974999999999909,-2.2649999999998727
2024-07-22 05:00:00,2024-07-22 05:05:00,Long,2405.43,2405.43,0.0,SL Hit,2405.43,1,1552.149999999993,5.0,-0.5899999999996908,1.7600000000002183
2024-07-22 05:10:00,2024-07-22 05:15:00,Long,2404.3,2404.3,0.0,SL Hit,2404.3,1,1552.149999999993,5.0,-0.3700000000003456,1.0599999999999454
2024-07-22 06:05:00,2024-07-22 06:35:00,Short,2403.15,2402.98,0.3400000000001455,SL Hit,2402.98,2,1552.4899999999932,30.0,1.5799999999999272,-4.039999999999964
2024-07-22 11:20:00,2024-07-22 13:05:00,Short,2400.396666666667,2399.29,3.320000000001073,SL Hit,2399.29,3,1555.8099999999943,105.0,3.853333333333012,-11.336666666667043
2024-07-22 13:40:00,2024-07-22 15:00:00,Short,2391.8133333333335,2388.89,8.770000000000891,SL Hit,2388.89,3,1564.5799999999952,80.0,5.616666666666333,-7.503333333333558
2024-07-22 16:30:00,2024-07-22 17:55:00,Long,2391.9025,2392.8,3.5900000000001455,SL Hit,2392.8,4,1568.1699999999953,85.0,-3.8225000000002183,4.207499999999982
2024-07-22 18:00:00,2024-07-22 18:20:00,Short,2393.5699999999997,2394.01,-0.8800000000010186,SL Hit,2394.01,2,1567.2899999999943,20.0,1.050000000000182,-1.0399999999995089
2024-07-22 20:35:00,2024-07-22 23:45:00,Short,2396.0775,2395.73,1.389999999999418,SL Hit,2395.73,4,1568.6799999999937,190.0,2.1424999999999272,-2.0774999999998727
2024-07-22 23:50:00,2024-07-23 01:55:00,Long,2398.254,2401.5,16.230000000000473,SL Hit,2401.5,5,1584.9099999999942,125.0,-3.7539999999999054,5.516000000000076
2024-07-23 08:25:00,2024-07-23 10:25:00,Long,2403.16,2405.82,5.3200000000006185,SL Hit,2405.82,2,1590.2299999999948,120.0,-4.609999999999673,4.7800000000002
2024-07-23 11:05:00,2024-07-23 11:35:00,Long,2407.66,2406.54,-2.2399999999997817,SL Hit,2406.54,2,1587.989999999995,30.0,-1.3299999999999272,4.059999999999945
2024-07-23 12:45:00,2024-07-23 12:50:00,Long,2408.21,2408.05,-0.15999999999985448,SL Hit,2408.05,1,1587.8299999999952,5.0,-1.949999999999818,0.6700000000000728
2024-07-23 13:20:00,2024-07-23 14:25:00,Short,2403.096666666667,2404.22,-3.3699999999989814,SL Hit,2404.22,3,1584.4599999999962,65.0,2.1933333333331575,-3.596666666666806
2024-07-23 16:30:00,2024-07-23 16:40:00,Short,2404.47,2405.7099999999996,-1.2399999999997817,SL Hit,2405.7099999999996,1,1583.2199999999964,10.0,1.8100000000004002,-0.7999999999997272
2024-07-23 17:40:00,2024-07-23 18:10:00,Short,2404.515,2405.44,-1.8500000000003638,SL Hit,2405.44,2,1581.369999999996,30.0,0.9549999999999272,-2.4149999999999636
2024-07-23 18:20:00,2024-07-23 18:25:00,Long,2404.19,2404.19,0.0,SL Hit,2404.19,1,1581.369999999996,5.0,-0.38999999999987267,0.6700000000000728
2024-07-23 19:00:00,2024-07-23 20:05:00,Long,2406.785,2407.0,0.43000000000029104,SL Hit,2407.0,2,1581.7999999999963,65.0,-1.4149999999999636,2.144999999999982
2024-07-23 20:10:00,2024-07-23 23:40:00,Short,2408.4725,2408.93,-1.8299999999999272,SL Hit,2408.93,4,1579.9699999999964,210.0,1.367500000000291,-3.6724999999996726
2024-07-23 23:55:00,2024-07-24 01:10:00,Short,2409.1825,2409.78,-2.390000000001237,SL Hit,2409.78,4,1577.5799999999952,75.0,2.7674999999999272,-1.5025000000000546
2024-07-24 01:25:00,2024-07-24 02:05:00,Short,2407.443333333333,2408.75,-3.9200000000005275,SL Hit,2408.75,3,1573.6599999999946,40.0,2.0866666666670426,-2.2933333333330665
2024-07-24 03:10:00,2024-07-24 04:20:00,Long,2415.1,2415.05,-0.0999999999994543,SL Hit,2415.05,2,1573.5599999999952,70.0,-1.1199999999998909,2.7100000000000364
2024-07-24 04:50:00,2024-07-24 05:10:00,Long,2416.14,2416.14,0.0,SL Hit,2416.14,1,1573.5599999999952,20.0,-0.8799999999996544,1.6200000000003456
2024-07-24 08:40:00,2024-07-24 09:40:00,Short,2412.11,2413.03,-2.7600000000002183,SL Hit,2413.03,3,1570.799999999995,60.0,1.6299999999996544,-2.3099999999999454
2024-07-24 11:15:00,2024-07-24 11:40:00,Short,2412.78,2414.78,-2.0,SL Hit,2414.78,1,1568.799999999995,25.0,2.2399999999997817,-2.230000000000018
2024-07-24 12:55:00,2024-07-24 15:40:00,Long,2422.91,2424.34,5.720000000001164,SL Hit,2424.34,4,1574.5199999999961,165.0,-8.559999999999945,8.900000000000091
2024-07-24 16:50:00,2024-07-24 18:30:00,Short,2415.6575,2408.65,28.029999999998836,SL Hit,2408.65,4,1602.549999999995,100.0,5.852500000000418,-9.767499999999927
2024-07-24 19:15:00,2024-07-24 22:55:00,Short,2401.795,2397.1,18.780000000000655,SL Hit,2397.1,4,1621.3299999999956,220.0,6.764999999999873,-8.615000000000236
2024-07-24 23:10:00,2024-07-24 23:55:00,Long,2398.76,2398.7,-0.12000000000080036,SL Hit,2398.7,2,1621.2099999999948,45.0,-1.5600000000004002,2.2299999999995634
2024-07-25 03:20:00,2024-07-25 04:15:00,Short,2371.8,2375.26,-6.920000000000073,SL Hit,2375.26,2,1614.2899999999947,55.0,3.8599999999996726,-4.7800000000002
2024-07-25 04:20:00,2024-07-25 05:05:00,Long,2375.605,2374.7,-1.8100000000004002,SL Hit,2374.7,2,1612.4799999999943,45.0,-1.5050000000001091,2.125
2024-07-25 05:15:00,2024-07-25 06:05:00,Short,2374.82,2377.100000000001,-2.280000000000655,SL Hit,2377.100000000001,1,1610.1999999999937,50.0,3.1299999999996544,-5.570000000000164
2024-07-25 06:40:00,2024-07-25 07:35:00,Short,2372.4049999999997,2375.33,-5.850000000000364,SL Hit,2375.33,2,1604.3499999999933,55.0,4.165000000000418,-6.214999999999691
2024-07-25 08:25:00,2024-07-25 09:35:00,Short,2373.89,2373.6,0.8699999999998909,SL Hit,2373.6,3,1605.2199999999932,70.0,3.5799999999999272,-4.389999999999873
2024-07-25 13:45:00,2024-07-25 14:50:00,Short,2366.4133333333334,2366.71,-0.8899999999998727,SL Hit,2366.71,3,1604.3299999999933,65.0,4.6266666666665515,-8.233333333333576
2024-07-25 15:55:00,2024-07-25 16:45:00,Short,2362.955,2364.06,-2.2100000000000364,SL Hit,2364.06,2,1602.1199999999933,50.0,1.4549999999999272,-6.054999999999836
2024-07-25 16:50:00,2024-07-25 17:20:00,Long,2362.575,2360.99,-3.1700000000000728,SL Hit,2360.99,2,1598.9499999999932,30.0,-2.875,2.4450000000001637
2024-07-25 18:30:00,2024-07-25 18:45:00,Long,2358.19,2358.19,0.0,SL Hit,2358.19,1,1598.9499999999932,15.0,-0.5300000000002001,1.9200000000000728
2024-07-25 19:25:00,2024-07-25 22:25:00,Long,2362.1733333333336,2363.1,2.779999999998836,SL Hit,2363.1,3,1601.729999999992,180.0,-2.833333333333485,3.136666666666315
2024-07-25 22:30:00,2024-07-25 23:50:00,Short,2363.355,2363.97,-1.2299999999995634,SL Hit,2363.97,2,1600.4999999999925,80.0,0.9949999999998909,-1.4050000000002
2024-07-26 03:40:00,2024-07-26 05:25:00,Short,2371.366666666667,2371.53,-0.49000000000023647,SL Hit,2371.53,3,1600.0099999999923,105.0,2.1733333333331757,-4.16666666666697
2024-07-26 06:25:00,2024-07-26 06:45:00,Short,2368.21,2369.45,-1.2399999999997817,SL Hit,2369.45,1,1598.7699999999925,20.0,1.800000000000182,-1.2100000000000364
2024-07-26 08:00:00,2024-07-26 08:10:00,Long,2371.62,2371.62,0.0,SL Hit,2371.62,1,1598.7699999999925,10.0,-1.0799999999999272,2.019999999999982
2024-07-26 09:05:00,2024-07-26 09:20:00,Long,2373.53,2372.18,-2.7000000000007276,SL Hit,2372.18,2,1596.0699999999918,15.0,-1.6300000000001091,0.7999999999997272
2024-07-26 12:45:00,2024-07-26 13:05:00,Long,2375.52,2375.52,0.0,SL Hit,2375.52,1,1596.0699999999918,20.0,-0.11000000000012733,3.7199999999998
2024-07-26 13:30:00,2024-07-26 14:50:00,Long,2381.5299999999997,2382.63,3.3000000000010914,SL Hit,2382.63,3,1599.3699999999928,80.0,-4.639999999999873,8.680000000000291
2024-07-28 22:05:00,2024-07-29 01:10:00,Long,2396.6385714285716,2397.8,8.13000000000011,SL Hit,2397.8,7,1607.499999999993,185.0,-9.138571428571595,5.601428571428187
2024-07-29 02:40:00,2024-07-29 02:45:00,Long,2393.13,2392.29,-0.8400000000001455,SL Hit,2392.29,1,1606.6599999999928,5.0,-1.6300000000001091,0.8599999999996726
2024-07-29 03:10:00,2024-07-29 03:20:00,Long,2393.97,2392.530000000001,-1.4399999999986903,SL Hit,2392.530000000001,1,1605.2199999999941,10.0,-2.369999999999891,0.9900000000002365
2024-07-29 05:20:00,2024-07-29 05:25:00,Long,2394.37,2394.37,0.0,SL Hit,2394.37,1,1605.2199999999941,5.0,-0.8399999999996908,0.4800000000000182
2024-07-29 05:30:00,2024-07-29 07:30:00,Short,2392.5460000000003,2392.28,1.330000000000382,SL Hit,2392.28,5,1606.5499999999945,120.0,2.6739999999995234,-3.036000000000058
2024-07-29 09:40:00,2024-07-29 10:10:00,Short,2391.28,2395.1200000000003,-3.8400000000001455,SL Hit,2395.1200000000003,1,1602.7099999999944,30.0,2.3899999999998727,-1.5
2024-07-29 10:10:00,2024-07-29 11:00:00,Long,2393.096666666667,2392.31,-2.360000000000582,SL Hit,2392.31,3,1600.3499999999938,50.0,-2.7966666666666242,2.2033333333333758
2024-07-29 11:40:00,2024-07-29 12:20:00,Short,2389.773333333333,2388.76,3.0399999999985994,SL Hit,2388.76,3,1603.3899999999924,40.0,1.7366666666671335,-4.313333333333048
2024-07-29 13:55:00,2024-07-29 16:30:00,Short,2384.555,2377.76,40.76999999999771,SL Hit,2377.76,6,1644.15999999999,155.0,9.184999999999945,-14.694999999999709
2024-07-29 16:45:00,2024-07-29 18:05:00,Long,2377.3933333333334,2376.9,-1.4800000000000182,SL Hit,2376.9,3,1642.67999999999,80.0,-0.8333333333334849,5.776666666666642
2024-07-30 01:05:00,2024-07-30 01:55:00,Short,2380.2250000000004,2380.56,-0.6699999999991633,SL Hit,2380.56,2,1642.009999999991,50.0,1.8549999999995634,-3.925000000000182
2024-07-30 09:00:00,2024-07-30 10:00:00,Short,2388.99,2389.76,-1.5400000000008731,SL Hit,2389.76,2,1640.46999999999,60.0,0.9600000000000364,-1.2899999999999636
2024-07-30 10:05:00,2024-07-30 10:15:00,Long,2389.75,2388.75,-1.0,SL Hit,2388.75,1,1639.46999999999,10.0,-1.050000000000182,1.400000000000091
2024-07-30 16:55:00,2024-07-30 22:20:00,Long,2404.8214285714284,2408.4,25.050000000001546,SL Hit,2408.4,7,1664.5199999999916,325.0,-10.55142857142846,7.44857142857154
2024-07-30 22:50:00,2024-07-30 23:25:00,Short,2408.91,2409.44,-1.0600000000004002,SL Hit,2409.44,2,1663.4599999999912,35.0,0.7699999999999818,-1.1099999999996726
2024-07-30 23:45:00,2024-07-30 23:50:00,Long,2409.03,2408.6299999999987,-0.4000000000014552,SL Hit,2408.6299999999987,1,1663.0599999999897,5.0,-0.7300000000000182,0.6999999999998181
2024-07-31 00:15:00,2024-07-31 00:50:00,Short,2408.895,2409.24,-0.6899999999995998,SL Hit,2409.24,2,1662.3699999999901,35.0,0.525000000000091,-1.0949999999998
2024-07-31 02:55:00,2024-07-31 05:35:00,Long,2413.9533333333334,2418.01,12.170000000000528,SL Hit,2418.01,3,1674.5399999999906,160.0,-7.7733333333335395,7.666666666666515
2024-07-31 05:40:00,2024-07-31 06:20:00,Short,2419.08,2419.54,-0.9200000000000728,SL Hit,2419.54,2,1673.6199999999906,40.0,2.8099999999999454,-2.3600000000001273
2024-07-31 07:25:00,2024-07-31 08:40:00,Short,2417.49,2418.07,-1.740000000001146,SL Hit,2418.07,3,1671.8799999999894,75.0,1.7200000000002547,-2.019999999999982
2024-07-31 09:25:00,2024-07-31 09:55:00,Short,2419.43,2421.229999999999,-1.7999999999992724,SL Hit,2421.229999999999,1,1670.0799999999902,30.0,1.8600000000001273,-2.0299999999997453
2024-07-31 10:45:00,2024-07-31 11:35:00,Short,2419.46,2421.01,-3.100000000000364,SL Hit,2421.01,2,1666.9799999999898,50.0,3.1900000000000546,-1.7600000000002183
2024-07-31 12:05:00,2024-07-31 12:20:00,Short,2418.245,2420.09,-3.6900000000005093,SL Hit,2420.09,2,1663.2899999999893,15.0,2.5350000000003092,-0.8949999999999818
2024-07-31 12:25:00,2024-07-31 13:05:00,Long,2420.19,2419.34,-1.699999999999818,SL Hit,2419.34,2,1661.5899999999895,40.0,-1.5300000000002,2.230000000000018
2024-07-31 13:10:00,2024-07-31 13:30:00,Short,2419.72,2422.559999999998,-2.8399999999983265,SL Hit,2422.559999999998,1,1658.7499999999911,20.0,3.1700000000000728,-1.7799999999997453
2024-07-31 14:50:00,2024-07-31 15:35:00,Short,2422.14,2423.7,-3.119999999999891,SL Hit,2423.7,2,1655.6299999999912,45.0,1.7600000000002183,-2.819999999999709
2024-07-31 16:15:00,2024-07-31 18:00:00,Long,2425.4900000000002,2425.75,0.7799999999992906,SL Hit,2425.75,3,1656.4099999999905,105.0,-2.5700000000001637,3.4099999999998545
2024-07-31 20:50:00,2024-08-01 00:20:00,Short,2446.978,2446.75,1.1400000000003274,SL Hit,2446.75,5,1657.5499999999909,210.0,1.7820000000001528,-2.5779999999999745
2024-08-01 00:40:00,2024-08-01 01:55:00,Long,2450.096666666667,2452.52,7.269999999999527,SL Hit,2452.52,3,1664.8199999999904,75.0,-3.7966666666666242,8.073333333333267
2024-08-01 04:05:00,2024-08-01 04:25:00,Short,2443.33,2445.449999999999,-2.1199999999989814,SL Hit,2445.449999999999,1,1662.6999999999914,20.0,2.2800000000002,-0.5299999999997453
2024-08-01 07:10:00,2024-08-01 10:05:00,Short,2439.105,2434.73,26.25,SL Hit,2434.73,6,1688.9499999999914,175.0,5.574999999999818,-8.855000000000018
2024-08-01 10:15:00,2024-08-01 14:05:00,Long,2443.3450000000003,2449.42,24.299999999999272,SL Hit,2449.42,4,1713.2499999999907,230.0,-9.645000000000437,18.144999999999527
2024-08-01 14:20:00,2024-08-01 16:15:00,Short,2447.038,2446.76,1.3899999999989632,SL Hit,2446.76,5,1714.6399999999896,115.0,5.351999999999862,-4.938000000000102
2024-08-01 16:35:00,2024-08-01 16:50:00,Long,2446.24,2444.24,-2.0,SL Hit,2444.24,1,1712.6399999999896,15.0,-2.2099999999995816,2.350000000000364
2024-08-01 17:35:00,2024-08-01 19:10:00,Short,2438.96,2440.9,-3.880000000000109,SL Hit,2440.9,2,1708.7599999999895,95.0,1.9800000000000182,-4.25
2024-08-01 19:20:00,2024-08-01 20:20:00,Long,2441.8,2442.09,0.5799999999999272,SL Hit,2442.09,2,1709.3399999999895,60.0,-1.5900000000001455,1.9899999999997817
2024-08-01 20:30:00,2024-08-01 20:55:00,Short,2442.94,2446.7000000000003,-3.7600000000002183,SL Hit,2446.7000000000003,1,1705.5799999999892,25.0,4.269999999999982,-0.9500000000002728
2024-08-02 01:05:00,2024-08-02 02:55:00,Short,2450.755,2454.47,-7.4299999999993815,SL Hit,2454.47,2,1698.1499999999899,110.0,4.724999999999909,-15.465000000000146
2024-08-02 07:10:00,2024-08-02 08:20:00,Short,2463.0266666666666,2463.6,-1.7199999999998,SL Hit,2463.6,3,1696.42999999999,70.0,1.4433333333331575,-2.836666666666588
2024-08-02 09:30:00,2024-08-02 10:20:00,Short,2462.1800000000003,2463.8,-3.2399999999997817,SL Hit,2463.8,2,1693.1899999999903,50.0,3.019999999999527,-0.9200000000000728
2024-08-02 14:10:00,2024-08-02 14:25:00,Long,2470.035,2467.13,-5.809999999999491,SL Hit,2467.13,2,1687.3799999999908,15.0,-6.004999999999654,3.9450000000001637
2024-08-02 17:10:00,2024-08-02 18:10:00,Short,2429.5550000000003,2430.84,-2.569999999999709,SL Hit,2430.84,2,1684.809999999991,60.0,1.444999999999709,-6.085000000000491
2024-08-05 05:00:00,2024-08-05 07:15:00,Short,2440.515,2431.48,18.06999999999971,SL Hit,2431.48,2,1702.8799999999908,135.0,11.664999999999964,-18.0949999999998
2024-08-05 09:15:00,2024-08-05 09:35:00,Short,2423.145,2425.5,-4.710000000000036,SL Hit,2425.5,2,1698.1699999999908,20.0,4.295000000000073,-3.675000000000182
2024-08-05 14:05:00,2024-08-05 14:15:00,Long,2389.53,2389.53,0.0,SL Hit,2389.53,1,1698.1699999999908,10.0,-2.519999999999982,4.5
2024-08-05 14:45:00,2024-08-05 16:00:00,Long,2398.6099999999997,2402.21,7.200000000000728,SL Hit,2402.21,2,1705.3699999999915,75.0,-5.099999999999454,11.990000000000236
2024-08-05 16:05:00,2024-08-05 17:55:00,Short,2403.5950000000003,2406.1,-5.009999999999309,SL Hit,2406.1,2,1700.3599999999922,110.0,4.524999999999636,-3.9050000000002
2024-08-05 18:00:00,2024-08-05 18:05:00,Long,2403.8,2403.8,0.0,SL Hit,2403.8,1,1700.3599999999922,5.0,0.0,1.7100000000000364
2024-08-05 18:15:00,2024-08-05 20:00:00,Long,2407.0166666666664,2407.15,0.40000000000100044,SL Hit,2407.15,3,1700.7599999999932,105.0,-3.316666666666606,5.223333333333358
2024-08-05 20:05:00,2024-08-05 22:05:00,Short,2409.0550000000003,2411.53,-4.949999999999818,SL Hit,2411.53,2,1695.8099999999934,120.0,2.924999999999727,-3.525000000000091
2024-08-05 22:15:00,2024-08-05 22:25:00,Long,2411.69,2410.53,-1.1599999999998545,SL Hit,2410.53,1,1694.6499999999935,10.0,-2.1900000000000546,0.6999999999998181
2024-08-05 23:15:00,2024-08-05 23:20:00,Long,2408.69,2408.69,0.0,SL Hit,2408.69,1,1694.6499999999935,5.0,-0.13999999999987267,1.2100000000000364
2024-08-05 23:35:00,2024-08-06 00:15:00,Short,2408.4,2409.7999999999997,-1.3999999999996362,SL Hit,2409.7999999999997,1,1693.2499999999939,40.0,1.5799999999999272,-3.7800000000002
2024-08-06 00:20:00,2024-08-06 01:45:00,Long,2413.6966666666667,2412.36,-4.0099999999997635,SL Hit,2412.36,3,1689.239999999994,85.0,-3.996666666666897,4.073333333333267
2024-08-06 03:35:00,2024-08-06 03:55:00,Long,2408.61,2407.809999999999,-0.8000000000010914,SL Hit,2407.809999999999,1,1688.439999999993,20.0,-0.9500000000002728,2.199999999999818
2024-08-06 04:40:00,2024-08-06 07:10:00,Short,2406.37,2406.07,1.1999999999989086,SL Hit,2406.07,4,1689.639999999992,150.0,5.150000000000091,-11.409999999999854
2024-08-06 07:25:00,2024-08-06 10:50:00,Long,2411.23,2413.42,19.71000000000049,SL Hit,2413.42,9,1709.3499999999924,205.0,-7.199999999999818,4.070000000000164
2024-08-06 11:20:00,2024-08-06 11:30:00,Short,2410.69,2412.2499999999995,-1.5599999999994907,SL Hit,2412.2499999999995,1,1707.789999999993,10.0,3.2899999999999636,-0.38999999999987267
2024-08-06 13:50:00,2024-08-06 14:20:00,Long,2394.505,2392.35,-4.3100000000004,SL Hit,2392.35,2,1703.4799999999925,30.0,-2.7850000000003092,7.554999999999836
2024-08-06 14:25:00,2024-08-06 15:55:00,Short,2387.585,2387.51,0.2999999999992724,SL Hit,2387.51,4,1703.7799999999918,90.0,5.485000000000127,-5.775000000000091
2024-08-06 16:00:00,2024-08-06 16:05:00,Long,2387.69,2386.5699999999993,-1.1200000000008004,SL Hit,2386.5699999999993,1,1702.659999999991,5.0,-1.300000000000182,0.75
2024-08-06 17:55:00,2024-08-06 18:55:00,Long,2392.8375,2393.42,2.3299999999999272,SL Hit,2393.42,4,1704.989999999991,60.0,-1.4974999999999454,2.7325000000000728
2024-08-07 01:05:00,2024-08-07 01:20:00,Long,2385.74,2380.9800000000014,-4.759999999998399,SL Hit,2380.9800000000014,1,1700.2299999999925,15.0,-6.349999999999909,1.5200000000004366
2024-08-07 02:25:00,2024-08-07 03:50:00,Long,2385.26,2385.0,-1.0400000000008731,SL Hit,2385.0,4,1699.1899999999916,85.0,-2.580000000000382,3.069999999999709
2024-08-07 05:45:00,2024-08-07 06:25:00,Short,2392.5249999999996,2393.39,-1.730000000000473,SL Hit,2393.39,2,1697.4599999999912,40.0,4.4650000000001455,-3.4549999999994725
2024-08-07 06:30:00,2024-08-07 09:00:00,Short,2394.37,2394.17,0.7999999999992724,SL Hit,2394.17,4,1698.2599999999904,150.0,2.2800000000002,-6.210000000000036
2024-08-07 09:55:00,2024-08-07 11:40:00,Long,2395.11,2395.64,2.1199999999989814,SL Hit,2395.64,4,1700.3799999999894,105.0,-2.0599999999999454,3.3599999999996726
2024-08-07 13:45:00,2024-08-07 14:25:00,Short,2400.17,2401.35,-2.3599999999996726,SL Hit,2401.35,2,1698.0199999999897,40.0,2.130000000000109,-2.450000000000273
2024-08-07 17:25:00,2024-08-07 22:25:00,Short,2388.452857142857,2382.82,39.42999999999665,SL Hit,2382.82,7,1737.4499999999864,300.0,5.55714285714339,-7.852857142856919
2024-08-07 22:30:00,2024-08-08 00:00:00,Long,2383.6633333333334,2384.2,1.6099999999992178,SL Hit,2384.2,3,1739.0599999999856,90.0,-1.3633333333332303,2.096666666666806
2024-08-08 01:05:00,2024-08-08 01:15:00,Long,2388.11,2388.11,0.0,SL Hit,2388.11,1,1739.0599999999856,10.0,-1.680000000000291,2.569999999999709
2024-08-08 01:20:00,2024-08-08 01:30:00,Long,2388.01,2386.43,-3.160000000000764,SL Hit,2386.43,2,1735.8999999999849,10.0,-1.9900000000002365,1.4799999999995634
2024-08-08 01:35:00,2024-08-08 01:40:00,Long,2385.3,2385.3,0.0,SL Hit,2385.3,1,1735.8999999999849,5.0,-0.03000000000020009,1.3899999999998727
2024-08-08 02:30:00,2024-08-08 03:15:00,Long,2389.0933333333337,2388.19,-2.710000000000946,SL Hit,2388.19,3,1733.189999999984,45.0,-1.5233333333335395,1.586666666666133
2024-08-08 05:35:00,2024-08-08 06:15:00,Long,2393.46,2392.47,-1.980000000000473,SL Hit,2392.47,2,1731.2099999999834,40.0,-1.1599999999998545,1.8800000000001091
2024-08-08 06:25:00,2024-08-08 07:10:00,Long,2399.225,2396.51,-5.4299999999993815,SL Hit,2396.51,2,1725.779999999984,45.0,-4.204999999999927,1.125
2024-08-08 07:50:00,2024-08-08 08:30:00,Long,2396.52,2393.9999999999995,-2.5200000000004366,SL Hit,2393.9999999999995,1,1723.2599999999836,40.0,-3.400000000000091,1.2699999999999818
2024-08-08 12:25:00,2024-08-08 12:30:00,Long,2412.7,2412.7,0.0,SL Hit,2412.7,1,1723.2599999999836,5.0,-3.6899999999996,1.7899999999999636
2024-08-08 15:00:00,2024-08-08 16:35:00,Long,2416.7799999999997,2419.2,7.260000000000218,SL Hit,2419.2,3,1730.5199999999838,95.0,-4.639999999999873,6.600000000000364
2024-08-08 16:40:00,2024-08-08 18:05:00,Short,2421.2400000000002,2424.04,-8.399999999999181,SL Hit,2424.04,3,1722.1199999999847,85.0,2.819999999999709,-5.410000000000309
2024-08-08 18:10:00,2024-08-08 18:55:00,Long,2424.6949999999997,2423.57,-2.2499999999990905,SL Hit,2423.57,2,1719.8699999999856,45.0,-2.0949999999998,1.2950000000000728
2024-08-08 19:00:00,2024-08-08 19:25:00,Short,2423.025,2424.32,-2.5900000000001455,SL Hit,2424.32,2,1717.2799999999854,25.0,1.5050000000001091,-0.7950000000000728
2024-08-08 20:10:00,2024-08-08 22:15:00,Long,2424.976666666667,2424.63,-1.0400000000004184,SL Hit,2424.63,3,1716.239999999985,125.0,-1.496666666666897,2.3933333333329756
2024-08-08 23:20:00,2024-08-09 00:00:00,Short,2423.71,2424.86,-2.300000000000182,SL Hit,2424.86,2,1713.9399999999848,40.0,1.2699999999999818,-0.7800000000002001
2024-08-09 01:10:00,2024-08-09 01:30:00,Short,2421.16,2425.119999999999,-3.959999999999127,SL Hit,2425.119999999999,1,1709.9799999999857,20.0,4.100000000000364,-0.9899999999997817
2024-08-09 01:30:00,2024-08-09 02:30:00,Long,2424.9133333333334,2424.2,-2.140000000000782,SL Hit,2424.2,3,1707.839999999985,60.0,-1.5133333333333212,3.9566666666664787
2024-08-09 02:35:00,2024-08-09 04:10:00,Short,2422.475,2421.38,4.3799999999992,SL Hit,2421.38,4,1712.219999999984,95.0,3.2049999999999272,-3.275000000000091
2024-08-09 04:15:00,2024-08-09 04:30:00,Short,2421.045,2421.7,-1.3099999999994907,SL Hit,2421.7,2,1710.9099999999846,15.0,1.0149999999998727,-0.36500000000023647
2024-08-09 04:35:00,2024-08-09 05:30:00,Long,2422.456666666667,2421.7,-2.270000000001346,SL Hit,2421.7,3,1708.6399999999833,55.0,-1.5766666666668243,1.9333333333329392
2024-08-09 07:15:00,2024-08-09 08:25:00,Long,2422.765,2423.16,0.7899999999999636,SL Hit,2423.16,2,1709.4299999999832,70.0,-1.8550000000000182,3.775000000000091
2024-08-09 12:25:00,2024-08-09 13:40:00,Long,2425.625,2423.98,-3.2899999999999636,SL Hit,2423.98,2,1706.1399999999833,75.0,-2.474999999999909,7.235000000000127
2024-08-09 16:55:00,2024-08-09 17:40:00,Long,2433.46,2432.6600000000008,-0.7999999999992724,SL Hit,2432.6600000000008,1,1705.339999999984,45.0,-2.0100000000002183,3.4099999999998545
2024-08-09 20:50:00,2024-08-11 22:00:00,Long,2431.21,2430.27,-1.8800000000001091,SL Hit,2430.27,2,1703.459999999984,2950.0,-4.2400000000002365,0.7399999999997817
2024-08-11 23:40:00,2024-08-11 23:50:00,Short,2428.175,2429.03,-1.7100000000000364,SL Hit,2429.03,2,1701.7499999999839,10.0,1.1649999999999636,-1.375
2024-08-11 23:55:00,2024-08-12 00:00:00,Long,2427.2,2427.2,0.0,SL Hit,2427.2,1,1701.7499999999839,5.0,-0.29999999999972715,1.150000000000091
2024-08-12 01:00:00,2024-08-12 01:35:00,Long,2428.8450000000003,2427.2,-3.290000000000873,SL Hit,2427.2,2,1698.459999999983,35.0,-2.525000000000091,1.224999999999909
2024-08-12 02:05:00,2024-08-12 03:00:00,Short,2425.5649999999996,2427.0,-2.8700000000008004,SL Hit,2427.0,2,1695.5899999999822,55.0,1.5450000000005275,-1.7749999999996362
2024-08-12 03:30:00,2024-08-12 03:35:00,Long,2426.88,2426.88,0.0,SL Hit,2426.88,1,1695.5899999999822,5.0,-0.5900000000001455,0.42000000000007276
2024-08-12 06:00:00,2024-08-12 08:25:00,Long,2437.5316666666668,2440.23,16.1899999999996,SL Hit,2440.23,6,1711.7799999999818,145.0,-4.421666666666624,5.20833333333303
2024-08-12 08:30:00,2024-08-12 09:05:00,Short,2441.3450000000003,2443.67,-4.649999999999636,SL Hit,2443.67,2,1707.1299999999821,35.0,2.3849999999997635,-1.8150000000000546
2024-08-12 09:10:00,2024-08-12 09:45:00,Long,2442.29,2441.63,-1.9799999999995634,SL Hit,2441.63,3,1705.1499999999826,35.0,-1.3699999999998909,2.2800000000002
2024-08-12 10:25:00,2024-08-12 10:35:00,Short,2442.68,2445.3199999999993,-2.639999999999418,SL Hit,2445.3199999999993,1,1702.5099999999832,10.0,1.5399999999999636,-0.7899999999999636
2024-08-12 10:35:00,2024-08-12 10:40:00,Long,2443.29,2443.29,0.0,SL Hit,2443.29,1,1702.5099999999832,5.0,-0.09000000000014552,1.3600000000001273
2024-08-12 11:35:00,2024-08-12 12:25:00,Short,2441.725,2444.09,-4.730000000000473,SL Hit,2444.09,2,1697.7799999999827,50.0,2.7649999999998727,-2.0149999999998727
2024-08-12 16:00:00,2024-08-12 17:15:00,Long,2462.3633333333332,2462.6,0.7100000000000364,SL Hit,2462.6,3,1698.4899999999827,75.0,-3.3633333333332303,3.41666666666697
2024-08-12 18:20:00,2024-08-12 19:15:00,Long,2469.433333333334,2469.6,0.499999999998181,SL Hit,2469.6,3,1698.989999999981,55.0,-1.143333333333885,1.7166666666662422
2024-08-12 20:30:00,2024-08-12 20:35:00,Long,2471.72,2471.72,0.0,SL Hit,2471.72,1,1698.989999999981,5.0,-0.15999999999985448,0.40000000000009095
2024-08-12 21:00:00,2024-08-12 22:00:00,Long,2471.67,2471.67,0.0,SL Hit,2471.67,1,1698.989999999981,60.0,-1.900000000000091,0.21000000000003638
2024-08-12 22:35:00,2024-08-13 00:30:00,Long,2473.5766666666664,2473.1,-1.4299999999993815,SL Hit,2473.1,3,1697.5599999999815,115.0,-1.536666666666406,3.1433333333334303
2024-08-13 04:00:00,2024-08-13 04:40:00,Long,2463.41,2461.7700000000004,-1.639999999999418,SL Hit,2461.7700000000004,1,1695.919999999982,40.0,-1.9099999999998545,1.3800000000001091
2024-08-13 04:45:00,2024-08-13 05:35:00,Short,2461.125,2462.23,-2.2100000000000364,SL Hit,2462.23,2,1693.709999999982,50.0,1.375,-2.724999999999909
2024-08-13 10:20:00,2024-08-13 10:25:00,Long,2461.92,2461.5599999999995,-0.3600000000005821,SL Hit,2461.5599999999995,1,1693.3499999999815,5.0,-0.8099999999999454,1.4299999999998363
2024-08-13 10:50:00,2024-08-13 11:10:00,Short,2462.0,2463.4799999999996,-1.4799999999995634,SL Hit,2463.4799999999996,1,1691.869999999982,20.0,1.7100000000000364,-1.099999999999909
2024-08-13 12:05:00,2024-08-13 12:25:00,Long,2465.13,2465.13,0.0,SL Hit,2465.13,1,1691.869999999982,20.0,-0.6300000000001091,1.9800000000000182
2024-08-13 18:20:00,2024-08-13 20:15:00,Short,2466.5766666666673,2467.39,-2.439999999997781,SL Hit,2467.39,3,1689.4299999999841,115.0,2.1133333333327755,-4.076666666667279
2024-08-13 22:25:00,2024-08-13 22:45:00,Short,2464.8,2465.680000000001,-0.8800000000010186,SL Hit,2465.680000000001,1,1688.5499999999831,20.0,1.1599999999998545,-1.0
2024-08-13 23:10:00,2024-08-13 23:15:00,Short,2465.04,2465.12,-0.07999999999992724,SL Hit,2465.12,1,1688.4699999999832,5.0,0.2300000000000182,-0.2199999999997999
2024-08-13 23:40:00,2024-08-14 00:20:00,Short,2463.66,2466.379999999999,-2.719999999999345,SL Hit,2466.379999999999,1,1685.7499999999839,40.0,2.5599999999999454,-0.6799999999998363
2024-08-14 00:20:00,2024-08-14 00:25:00,Long,2465.17,2465.17,0.0,SL Hit,2465.17,1,1685.7499999999839,5.0,-0.07000000000016371,1.1399999999998727
2024-08-14 01:00:00,2024-08-14 01:50:00,Long,2466.035,2465.22,-1.6300000000001091,SL Hit,2465.22,2,1684.1199999999837,50.0,-1.5049999999996544,5.954999999999927
2024-08-14 02:00:00,2024-08-14 04:05:00,Short,2461.2349999999997,2461.14,0.37999999999919964,SL Hit,2461.14,4,1684.499999999983,125.0,3.9650000000001455,-5.3849999999997635
2024-08-14 05:00:00,2024-08-14 05:15:00,Long,2461.82,2460.98,-0.8400000000001455,SL Hit,2460.98,1,1683.6599999999828,15.0,-1.7200000000002547,0.25
2024-08-14 05:20:00,2024-08-14 05:55:00,Short,2460.77,2461.48,-1.4200000000000728,SL Hit,2461.48,2,1682.2399999999827,35.0,1.3899999999998727,-1.5300000000002
2024-08-14 06:20:00,2024-08-14 09:25:00,Long,2469.0866666666666,2473.95,14.58999999999969,SL Hit,2473.95,3,1696.8299999999824,185.0,-6.4766666666664605,9.11333333333323
2024-08-14 10:30:00,2024-08-14 12:35:00,Short,2473.236666666666,2475.08,-5.53000000000111,SL Hit,2475.08,3,1691.2999999999813,125.0,2.4733333333338123,-10.07666666666637
2024-08-14 18:20:00,2024-08-14 22:00:00,Long,2445.43,2447.61,10.900000000001455,SL Hit,2447.61,5,1702.1999999999828,220.0,-9.819999999999709,3.2600000000002183
2024-08-15 01:50:00,2024-08-15 02:25:00,Short,2450.175,2452.02,-3.6899999999996,SL Hit,2452.02,2,1698.5099999999832,35.0,1.9149999999999636,-2.675000000000182
2024-08-15 02:30:00,2024-08-15 05:15:00,Long,2452.0166666666664,2451.47,-1.6399999999998727,SL Hit,2451.47,3,1696.8699999999833,165.0,-1.316666666666606,3.243333333333794
2024-08-15 05:20:00,2024-08-15 06:00:00,Short,2452.99,2455.5099999999984,-2.5199999999986176,SL Hit,2455.5099999999984,1,1694.3499999999847,40.0,1.6600000000003092,-2.8899999999998727
2024-08-15 06:00:00,2024-08-15 06:50:00,Long,2454.555,2453.98,-1.1499999999996362,SL Hit,2453.98,2,1693.199999999985,50.0,-1.9049999999997453,4.065000000000055
2024-08-15 06:55:00,2024-08-15 07:15:00,Short,2455.0550000000003,2455.91,-1.7099999999991269,SL Hit,2455.91,2,1691.489999999986,20.0,1.0549999999998363,-0.6050000000004729
2024-08-15 07:25:00,2024-08-15 07:30:00,Long,2455.3,2455.3,0.0,SL Hit,2455.3,1,1691.489999999986,5.0,-0.41000000000030923,1.069999999999709
2024-08-15 07:50:00,2024-08-15 08:15:00,Long,2455.77,2453.9700000000007,-1.7999999999992724,SL Hit,2453.9700000000007,1,1689.6899999999866,25.0,-2.2399999999997817,0.3000000000001819
2024-08-15 09:55:00,2024-08-15 12:30:00,Long,2459.396,2460.8,7.019999999999982,SL Hit,2460.8,5,1696.7099999999866,155.0,-3.2960000000002765,10.303999999999633
2024-08-15 17:15:00,2024-08-15 18:05:00,Short,2455.535,2456.19,-1.3100000000004002,SL Hit,2456.19,2,1695.3999999999862,50.0,1.0850000000000364,-2.2349999999996726
2024-08-15 18:25:00,2024-08-15 19:45:00,Long,2457.09,2456.6,-0.9800000000004729,SL Hit,2456.6,2,1694.4199999999857,80.0,-2.230000000000018,4.460000000000036
2024-08-15 20:30:00,2024-08-15 23:15:00,Short,2455.8633333333332,2455.72,0.43000000000029104,SL Hit,2455.72,3,1694.849999999986,165.0,1.4866666666666788,-1.8633333333332303
2024-08-15 23:20:00,2024-08-16 00:40:00,Long,2456.295,2456.13,-0.32999999999992724,SL Hit,2456.13,2,1694.519999999986,80.0,-0.7950000000000728,3.3049999999998363
2024-08-16 02:15:00,2024-08-16 04:30:00,Short,2453.9075000000003,2453.16,2.9900000000016007,SL Hit,2453.16,4,1697.5099999999877,135.0,2.382499999999709,-3.5075000000001637
2024-08-16 04:55:00,2024-08-16 05:20:00,Short,2453.12,2453.39,-0.5399999999999636,SL Hit,2453.39,2,1696.9699999999877,25.0,0.9800000000000182,-0.5599999999999454
2024-08-16 06:55:00,2024-08-16 07:40:00,Short,2453.52,2454.43,-1.819999999999709,SL Hit,2454.43,2,1695.149999999988,45.0,1.8299999999999272,-2.0599999999999454
2024-08-16 10:55:00,2024-08-16 14:20:00,Long,2478.1266666666666,2484.58,38.720000000000255,SL Hit,2484.58,6,1733.8699999999883,205.0,-14.126666666666551,21.573333333333267
2024-08-16 18:05:00,2024-08-16 18:10:00,Long,2498.97,2498.97,0.0,SL Hit,2498.97,1,1733.8699999999883,5.0,-0.3599999999996726,1.0
2024-08-16 18:30:00,2024-08-18 22:00:00,Long,2503.94,2506.11,8.680000000000291,SL Hit,2506.11,4,1742.5499999999886,3090.0,-5.329999999999927,5.559999999999945
2024-08-18 22:55:00,2024-08-18 23:10:00,Long,2504.23,2503.3,-1.8599999999996726,SL Hit,2503.3,2,1740.689999999989,15.0,-1.2300000000000182,0.7599999999997635
2024-08-18 23:45:00,2024-08-19 00:20:00,Long,2504.8233333333333,2504.1,-2.1700000000000728,SL Hit,2504.1,3,1738.5199999999888,35.0,-1.1233333333334485,1.816666666666606
2024-08-19 02:35:00,2024-08-19 04:15:00,Long,2501.3250000000003,2502.28,3.819999999999709,SL Hit,2502.28,4,1742.3399999999885,100.0,-2.1850000000004,4.144999999999527
2024-08-19 04:50:00,2024-08-19 05:25:00,Short,2500.29,2501.0,-1.4200000000000728,SL Hit,2501.0,2,1740.9199999999885,35.0,1.050000000000182,-1.3099999999999454
2024-08-19 05:30:00,2024-08-19 06:20:00,Long,2502.56,2499.81,-5.5,SL Hit,2499.81,2,1735.4199999999885,50.0,-4.059999999999945,1.9400000000000546
2024-08-19 08:15:00,2024-08-19 08:45:00,Long,2504.77,2502.810000000001,-1.9599999999991269,SL Hit,2502.810000000001,1,1733.4599999999893,30.0,-2.0099999999997635,1.8600000000001273
2024-08-19 09:15:00,2024-08-19 11:45:00,Short,2497.4933333333333,2492.13,16.08999999999969,SL Hit,2492.13,3,1749.549999999989,150.0,5.446666666666715,-10.173333333333176
2024-08-19 12:20:00,2024-08-19 12:25:00,Long,2494.17,2494.17,0.0,SL Hit,2494.17,1,1749.549999999989,5.0,-1.5799999999999272,1.1399999999998727
2024-08-19 12:40:00,2024-08-19 13:30:00,Short,2491.545,2491.99,-0.8899999999994179,SL Hit,2491.99,2,1748.6599999999896,50.0,1.4149999999999636,-4.0349999999998545
2024-08-19 15:15:00,2024-08-19 17:25:00,Long,2503.5699999999997,2502.8,-3.0799999999981083,SL Hit,2502.8,4,1745.5799999999915,130.0,-3.3899999999998727,3.6700000000000728
2024-08-19 18:40:00,2024-08-19 20:10:00,Long,2504.575,2503.7,-3.5,SL Hit,2503.7,4,1742.0799999999915,90.0,-1.4049999999997453,1.0750000000002728
2024-08-19 20:40:00,2024-08-19 22:50:00,Short,2503.6,2504.21,-1.830000000000382,SL Hit,2504.21,3,1740.2499999999911,130.0,0.7400000000002365,-1.900000000000091
2024-08-19 23:40:00,2024-08-20 00:20:00,Short,2503.71,2504.69,-1.9600000000000364,SL Hit,2504.69,2,1738.289999999991,40.0,0.9800000000000182,-0.9900000000002365
2024-08-20 07:35:00,2024-08-20 10:50:00,Long,2514.9966666666664,2520.86,17.590000000001055,SL Hit,2520.86,3,1755.8799999999922,195.0,-9.896666666666533,9.953333333333376
2024-08-20 17:15:00,2024-08-20 17:45:00,Long,2510.765,2510.04,-1.449999999999818,SL Hit,2510.04,2,1754.4299999999923,30.0,-1.4049999999997453,1.7950000000000728
2024-08-20 20:05:00,2024-08-20 20:50:00,Long,2515.54,2515.1,-0.8800000000001091,SL Hit,2515.1,2,1753.5499999999922,45.0,-1.7899999999999636,1.2600000000002183
2024-08-21 00:00:00,2024-08-21 00:05:00,Short,2512.75,2513.1100000000006,-0.3600000000005821,SL Hit,2513.1100000000006,1,1753.1899999999916,5.0,0.9099999999998545,-0.09000000000014552
2024-08-21 00:35:00,2024-08-21 00:40:00,Long,2514.73,2514.3300000000004,-0.3999999999996362,SL Hit,2514.3300000000004,1,1752.789999999992,5.0,-0.650000000000091,0.8299999999999272
2024-08-21 02:35:00,2024-08-21 05:35:00,Short,2516.7300000000005,2517.3,-2.279999999998836,SL Hit,2517.3,4,1750.5099999999932,180.0,2.4599999999995816,-3.6500000000005457
2024-08-21 06:05:00,2024-08-21 06:35:00,Short,2515.43,2523.389999999999,-7.959999999999127,SL Hit,2523.389999999999,1,1742.549999999994,30.0,3.650000000000091,-3.9299999999998363
2024-08-21 06:35:00,2024-08-21 06:45:00,Long,2517.33,2515.290000000001,-2.039999999999054,SL Hit,2515.290000000001,1,1740.509999999995,10.0,-2.9699999999998,1.050000000000182
2024-08-21 10:05:00,2024-08-21 10:25:00,Short,2505.64,2507.1199999999994,-1.4799999999995634,SL Hit,2507.1199999999994,1,1739.0299999999954,20.0,2.050000000000182,-0.36999999999989086
2024-08-21 10:55:00,2024-08-21 12:30:00,Long,2509.89,2509.99,0.29999999999972715,SL Hit,2509.99,3,1739.3299999999952,95.0,-3.0099999999997635,3.6100000000001273
2024-08-21 13:25:00,2024-08-21 14:10:00,Short,2502.63,2503.16,-1.0599999999994907,SL Hit,2503.16,2,1738.2699999999957,45.0,5.210000000000036,-7.579999999999927
2024-08-21 15:10:00,2024-08-21 15:15:00,Long,2504.32,2503.839999999999,-0.48000000000138243,SL Hit,2503.839999999999,1,1737.7899999999943,5.0,-0.5300000000002001,2.1099999999996726
2024-08-21 17:05:00,2024-08-21 19:20:00,Long,2510.0775,2511.41,5.329999999999927,SL Hit,2511.41,4,1743.1199999999942,135.0,-2.4674999999997453,8.852499999999964
2024-08-21 19:35:00,2024-08-21 19:55:00,Long,2512.99,2511.67,-1.319999999999709,SL Hit,2511.67,1,1741.7999999999945,20.0,-1.8899999999998727,2.400000000000091
2024-08-21 20:05:00,2024-08-21 20:55:00,Short,2511.01,2511.93,-1.839999999999236,SL Hit,2511.93,2,1739.9599999999953,50.0,1.1799999999998363,-1.3100000000004002
2024-08-22 04:05:00,2024-08-22 04:55:00,Short,2501.4399999999996,2501.76,-0.6400000000012369,SL Hit,2501.76,2,1739.319999999994,50.0,0.6400000000003274,-1.8499999999994543
2024-08-22 05:00:00,2024-08-22 05:05:00,Long,2501.83,2501.4699999999993,-0.3600000000005821,SL Hit,2501.4699999999993,1,1738.9599999999934,5.0,-0.75,0.5900000000001455
2024-08-22 05:45:00,2024-08-22 06:15:00,Short,2501.71,2507.750000000001,-6.040000000000873,SL Hit,2507.750000000001,1,1732.9199999999926,30.0,6.190000000000055,-1.5100000000002183
2024-08-22 08:50:00,2024-08-22 09:15:00,Short,2502.745,2504.11,-2.730000000000473,SL Hit,2504.11,2,1730.189999999992,25.0,1.8250000000002728,-1.4049999999997453
2024-08-22 10:30:00,2024-08-22 10:40:00,Long,2507.94,2507.1,-0.8400000000001455,SL Hit,2507.1,1,1729.349999999992,10.0,-0.8400000000001455,0.9400000000000546
2024-08-22 13:20:00,2024-08-22 14:45:00,Short,2485.433333333333,2478.22,21.639999999999418,SL Hit,2478.22,3,1750.9899999999914,85.0,11.736666666667134,-14.30333333333283
2024-08-22 17:20:00,2024-08-22 19:45:00,Short,2482.8866666666668,2483.25,-1.0899999999996908,SL Hit,2483.25,3,1749.8999999999917,145.0,1.7633333333333212,-4.226666666666915
2024-08-22 20:10:00,2024-08-22 22:05:00,Long,2483.42,2483.64,0.4399999999995998,SL Hit,2483.64,2,1750.3399999999913,115.0,-0.75,1.5399999999999636
2024-08-22 23:35:00,2024-08-23 01:30:00,Long,2487.596666666667,2488.62,3.069999999999254,SL Hit,2488.62,3,1753.4099999999905,115.0,-2.0266666666666424,4.223333333333358
2024-08-23 05:05:00,2024-08-23 05:40:00,Long,2493.7,2493.3,-0.3999999999996362,SL Hit,2493.3,1,1753.009999999991,35.0,-1.3899999999998727,1.8500000000003638
2024-08-23 06:35:00,2024-08-23 10:00:00,Long,2496.1825,2498.1,7.670000000000073,SL Hit,2498.1,4,1760.679999999991,205.0,-4.392499999999927,5.417500000000018
2024-08-23 17:00:00,2024-08-23 17:50:00,Long,2510.76,2510.17,-1.180000000000291,SL Hit,2510.17,2,1759.4999999999907,50.0,-1.0600000000004002,2.3899999999998727
2024-08-23 17:55:00,2024-08-23 19:10:00,Short,2510.853333333333,2511.09,-0.7100000000014006,SL Hit,2511.09,3,1758.7899999999893,75.0,1.0666666666670608,-2.7833333333328483
2024-08-23 20:45:00,2024-08-25 22:20:00,Long,2512.1233333333334,2511.2,-2.7700000000008913,SL Hit,2511.2,3,1756.0199999999884,2975.0,-1.7933333333335213,2.2566666666666606
2024-08-26 00:45:00,2024-08-26 01:25:00,Short,2513.94,2515.19,-2.5,SL Hit,2515.19,2,1753.5199999999884,40.0,1.25,-1.5399999999999636
2024-08-26 03:35:00,2024-08-26 05:05:00,Short,2510.0133333333333,2509.99,0.07000000000061846,SL Hit,2509.99,3,1753.589999999989,90.0,1.4466666666667152,-1.4133333333334122
2024-08-26 06:25:00,2024-08-26 10:30:00,Long,2521.328,2522.84,7.560000000000855,SL Hit,2522.84,5,1761.1499999999899,245.0,-10.947999999999865,5.211999999999989
2024-08-26 15:00:00,2024-08-26 16:45:00,Short,2515.84,2517.16,-2.639999999999418,SL Hit,2517.16,2,1758.5099999999904,105.0,2.2199999999998,-4.210000000000036
2024-08-26 23:05:00,2024-08-27 02:35:00,Short,2513.524285714286,2507.45,42.52000000000453,SL Hit,2507.45,7,1801.029999999995,210.0,3.935714285713857,-7.7242857142859975
2024-08-27 04:40:00,2024-08-27 05:15:00,Short,2507.51,2511.3100000000013,-3.8000000000010914,SL Hit,2511.3100000000013,1,1797.2299999999939,35.0,1.7699999999999818,-1.0
2024-08-27 05:15:00,2024-08-27 06:40:00,Long,2512.3149999999996,2513.71,2.790000000000873,SL Hit,2513.71,2,1800.0199999999948,85.0,-3.944999999999709,4.815000000000509
2024-08-27 07:15:00,2024-08-27 07:20:00,Long,2514.68,2514.28,-0.3999999999996362,SL Hit,2514.28,1,1799.6199999999951,5.0,-2.199999999999818,0.6600000000003092
2024-08-27 07:25:00,2024-08-27 09:05:00,Short,2511.5933333333337,2512.02,-1.2799999999988358,SL Hit,2512.02,3,1798.3399999999963,100.0,2.3066666666663878,-7.583333333333485
2024-08-27 11:15:00,2024-08-27 12:30:00,Long,2510.62,2510.25,-0.7399999999997817,SL Hit,2510.25,2,1797.5999999999965,75.0,-2.880000000000109,3.3900000000003274
2024-08-27 15:05:00,2024-08-27 17:40:00,Short,2516.19,2520.16,-7.9399999999996,SL Hit,2520.16,2,1789.659999999997,155.0,4.799999999999727,-6.010000000000218
2024-08-27 18:05:00,2024-08-27 18:10:00,Long,2520.52,2520.52,0.0,SL Hit,2520.52,1,1789.659999999997,5.0,-1.2199999999998,0.7899999999999636
2024-08-27 18:15:00,2024-08-27 20:55:00,Long,2523.4271428571433,2524.0,4.009999999997035,SL Hit,2524.0,7,1793.669999999994,160.0,-2.80714285714339,2.2828571428567557
2024-08-28 00:10:00,2024-08-28 00:15:00,Short,2524.68,2525.0799999999995,-0.3999999999996362,SL Hit,2525.0799999999995,1,1793.2699999999943,5.0,0.5300000000002001,-0.09999999999990905
2024-08-28 00:30:00,2024-08-28 07:00:00,Short,2515.2725,2508.63,53.13999999999942,SL Hit,2508.63,8,1846.4099999999937,390.0,10.31750000000011,-11.382500000000164
2024-08-28 09:05:00,2024-08-28 10:10:00,Long,2508.87,2508.06,-1.6199999999998909,SL Hit,2508.06,2,1844.7899999999938,65.0,-2.0,2.4100000000003092
2024-08-28 10:35:00,2024-08-28 13:10:00,Short,2503.7425,2503.81,-0.27000000000043656,SL Hit,2503.81,4,1844.5199999999934,155.0,3.287500000000364,-9.702499999999873
2024-08-28 14:05:00,2024-08-28 14:45:00,Long,2506.12,2504.89,-2.4600000000000364,SL Hit,2504.89,2,1842.0599999999934,40.0,-1.9299999999998363,2.6400000000003274
2024-08-28 16:10:00,2024-08-28 17:25:00,Short,2503.0533333333333,2503.09,-0.11000000000058208,SL Hit,2503.09,3,1841.9499999999928,75.0,3.0266666666666424,-6.61333333333323
2024-08-28 19:55:00,2024-08-28 20:05:00,Short,2507.56,2508.0399999999995,-0.47999999999956344,SL Hit,2508.0399999999995,1,1841.4699999999932,10.0,0.6900000000000546,-0.29999999999972715
2024-08-28 22:05:00,2024-08-28 22:10:00,Short,2505.1,2506.7000000000003,-1.6000000000003638,SL Hit,2506.7000000000003,1,1839.8699999999928,5.0,0.3000000000001819,-10.599999999999909
2024-08-28 22:10:00,2024-08-28 23:05:00,Long,2506.145,2505.84,-0.6099999999996726,SL Hit,2505.84,2,1839.2599999999932,55.0,-11.644999999999982,2.4450000000001637
2024-08-28 23:10:00,2024-08-28 23:45:00,Short,2507.215,2507.54,-0.6499999999996362,SL Hit,2507.54,2,1838.6099999999935,35.0,0.40499999999974534,-1.8150000000000546
2024-08-29 05:00:00,2024-08-29 07:55:00,Short,2517.7425,2518.32,-2.3100000000013097,SL Hit,2518.32,4,1836.2999999999922,175.0,3.237500000000182,-3.8724999999999454
2024-08-29 11:45:00,2024-08-29 13:40:00,Short,2517.4166666666665,2514.19,9.679999999999382,SL Hit,2514.19,3,1845.9799999999916,115.0,4.703333333333376,-13.47666666666646
2024-08-29 13:50:00,2024-08-29 16:05:00,Long,2516.7666666666664,2518.71,5.830000000000837,SL Hit,2518.71,3,1851.8099999999924,135.0,-2.8466666666663514,8.293333333333521
2024-08-29 16:20:00,2024-08-29 16:35:00,Long,2521.88,2521.88,0.0,SL Hit,2521.88,1,1851.8099999999924,15.0,-0.18000000000029104,1.9899999999997817
2024-08-29 17:30:00,2024-08-29 18:35:00,Long,2525.996666666667,2523.6,-7.190000000000964,SL Hit,2523.6,3,1844.6199999999915,65.0,-3.616666666666788,1.6733333333331757
2024-08-29 18:40:00,2024-08-29 18:50:00,Long,2522.85,2520.730000000001,-2.1199999999989814,SL Hit,2520.730000000001,1,1842.4999999999925,10.0,-2.25,0.9100000000003092
2024-08-29 20:40:00,2024-08-30 01:20:00,Short,2519.5233333333335,2517.82,10.220000000000255,SL Hit,2517.82,6,1852.7199999999928,280.0,2.4766666666664605,-4.383333333333667
2024-08-30 02:25:00,2024-08-30 02:35:00,Short,2515.735,2516.25,-1.0299999999997453,SL Hit,2516.25,2,1851.689999999993,10.0,1.275000000000091,-0.3949999999999818
2024-08-30 05:25:00,2024-08-30 05:45:00,Long,2514.4750000000004,2513.31,-2.3300000000008367,SL Hit,2513.31,2,1849.3599999999922,20.0,-1.9050000000002,1.5249999999996362
2024-08-30 10:00:00,2024-08-30 10:05:00,Short,2523.88,2524.2,-0.31999999999970896,SL Hit,2524.2,1,1849.0399999999925,5.0,0.650000000000091,-0.25
2024-08-30 12:40:00,2024-08-30 13:40:00,Short,2517.3866666666668,2517.56,-0.5199999999995271,SL Hit,2517.56,3,1848.519999999993,60.0,4.633333333333212,-4.216666666666697
2024-08-30 13:50:00,2024-08-30 13:55:00,Long,2515.2,2515.2,0.0,SL Hit,2515.2,1,1848.519999999993,5.0,-0.169999999999618,2.300000000000182
2024-08-30 14:10:00,2024-08-30 17:55:00,Short,2507.441666666667,2499.23,49.270000000002256,SL Hit,2499.23,6,1897.7899999999952,225.0,10.718333333332794,-12.651666666667097
2024-08-30 19:00:00,2024-08-30 19:50:00,Short,2501.9700000000003,2502.15,-0.3599999999996726,SL Hit,2502.15,2,1897.4299999999955,50.0,1.7199999999998,-3.7700000000004366
2024-09-01 22:55:00,2024-09-02 00:30:00,Short,2502.6133333333332,2503.43,-2.449999999999818,SL Hit,2503.43,3,1894.9799999999957,95.0,1.1066666666665697,-1.7133333333331393
2024-09-02 02:35:00,2024-09-02 03:10:00,Short,2492.64,2492.69,-0.1000000000003638,SL Hit,2492.69,2,1894.8799999999953,35.0,0.6600000000003092,-2.400000000000091
2024-09-02 04:35:00,2024-09-02 05:15:00,Short,2496.73,2497.56,-1.6599999999998545,SL Hit,2497.56,2,1893.2199999999955,40.0,1.25,-0.9499999999998181
2024-09-02 05:30:00,2024-09-02 06:05:00,Short,2496.27,2500.229999999999,-3.959999999999127,SL Hit,2500.229999999999,1,1889.2599999999964,35.0,2.5100000000002183,-0.9899999999997817
2024-09-02 06:05:00,2024-09-02 06:55:00,Long,2498.1949999999997,2497.38,-1.6299999999991996,SL Hit,2497.38,2,1887.6299999999972,50.0,-1.644999999999527,2.855000000000473
2024-09-02 10:55:00,2024-09-02 11:20:00,Short,2499.15,2499.5100000000007,-0.3600000000005821,SL Hit,2499.5100000000007,1,1887.2699999999966,25.0,0.8899999999998727,-2.0
2024-09-02 15:50:00,2024-09-02 16:05:00,Short,2500.79,2501.79,-1.0,SL Hit,2501.79,1,1886.2699999999966,15.0,0.9099999999998545,-0.25
2024-09-02 16:05:00,2024-09-02 16:25:00,Long,2501.44,2500.559999999999,-0.8800000000010186,SL Hit,2500.559999999999,1,1885.3899999999956,20.0,-0.9900000000002365,0.19000000000005457
2024-09-02 17:50:00,2024-09-02 18:20:00,Short,2499.5699999999997,2499.8,-0.4600000000009459,SL Hit,2499.8,2,1884.9299999999946,30.0,0.23000000000047294,-1.269999999999527
2024-09-02 22:50:00,2024-09-02 23:40:00,Short,2497.85,2498.12,-0.5399999999999636,SL Hit,2498.12,2,1884.3899999999946,50.0,0.4600000000000364,-1.150000000000091
2024-09-03 00:35:00,2024-09-03 02:40:00,Short,2495.02,2495.33,-0.6199999999998909,SL Hit,2495.33,2,1883.7699999999948,125.0,1.25,-4.900000000000091
2024-09-03 03:35:00,2024-09-03 06:15:00,Short,2494.848,2495.52,-3.3600000000001273,SL Hit,2495.52,5,1880.4099999999946,160.0,1.912000000000262,-2.13799999999992
2024-09-03 06:50:00,2024-09-03 09:50:00,Long,2500.2075,2502.11,7.610000000000582,SL Hit,2502.11,4,1888.0199999999952,180.0,-4.127500000000055,5.762499999999818
2024-09-03 13:30:00,2024-09-03 15:25:00,Short,2483.124,2481.68,7.2199999999998,SL Hit,2481.68,5,1895.239999999995,115.0,10.006000000000313,-9.023999999999887
2024-09-04 00:40:00,2024-09-04 01:30:00,Short,2492.9300000000003,2493.96,-2.0599999999994907,SL Hit,2493.96,2,1893.1799999999955,50.0,1.069999999999709,-1.6200000000003456
2024-09-04 01:35:00,2024-09-04 03:25:00,Long,2493.6225000000004,2494.51,3.5499999999992724,SL Hit,2494.51,4,1896.7299999999948,110.0,-1.5325000000002547,3.0974999999993997
2024-09-04 07:50:00,2024-09-04 09:30:00,Short,2480.455,2476.11,17.3799999999992,SL Hit,2476.11,4,1914.109999999994,100.0,4.204999999999927,-8.50500000000011
2024-09-04 14:05:00,2024-09-04 14:40:00,Short,2493.4700000000003,2498.39,-9.839999999999236,SL Hit,2498.39,2,1904.2699999999948,35.0,5.519999999999527,-4.7800000000002
2024-09-04 14:45:00,2024-09-04 15:30:00,Long,2498.145,2494.17,-7.949999999999818,SL Hit,2494.17,2,1896.319999999995,45.0,-4.264999999999873,1.6950000000001637
2024-09-04 16:30:00,2024-09-04 16:45:00,Long,2496.55,2495.47,-2.160000000000764,SL Hit,2495.47,2,1894.1599999999942,15.0,-1.2000000000002728,1.2300000000000182
2024-09-04 18:30:00,2024-09-04 18:50:00,Short,2492.985,2494.33,-2.6899999999996,SL Hit,2494.33,2,1891.4699999999946,20.0,1.6649999999999636,-0.3350000000000364
2024-09-04 20:10:00,2024-09-04 20:15:00,Long,2494.45,2494.29,-0.15999999999985448,SL Hit,2494.29,1,1891.3099999999947,5.0,-0.4699999999997999,0.2800000000002001
2024-09-05 01:15:00,2024-09-05 03:10:00,Long,2497.2725,2496.7,-2.290000000000873,SL Hit,2496.7,4,1889.0199999999938,115.0,-1.7224999999998545,1.7775000000001455
2024-09-05 03:15:00,2024-09-05 05:05:00,Short,2495.263333333334,2494.84,1.2700000000008913,SL Hit,2494.84,3,1890.2899999999947,110.0,1.5966666666663514,-2.363333333333685
2024-09-05 05:20:00,2024-09-05 07:50:00,Long,2500.992,2505.25,21.289999999999054,SL Hit,2505.25,5,1911.5799999999938,150.0,-6.5020000000004075,5.947999999999865
2024-09-05 08:05:00,2024-09-05 10:00:00,Long,2511.41,2515.27,7.720000000000255,SL Hit,2515.27,2,1919.299999999994,115.0,-5.4099999999998545,5.7800000000002
2024-09-05 12:20:00,2024-09-05 13:10:00,Long,2517.1,2510.820000000001,-6.279999999998836,SL Hit,2510.820000000001,1,1913.0199999999952,50.0,-4.0099999999997635,5.670000000000073
2024-09-05 13:10:00,2024-09-05 14:15:00,Short,2516.115,2519.26,-6.290000000000873,SL Hit,2519.26,2,1906.7299999999943,65.0,3.8850000000002183,-8.914999999999964
2024-09-05 15:15:00,2024-09-05 16:50:00,Short,2509.0466666666666,2510.47,-4.269999999999527,SL Hit,2510.47,3,1902.4599999999948,95.0,2.0433333333335213,-3.6066666666665697
2024-09-05 19:00:00,2024-09-05 20:25:00,Short,2515.1133333333332,2515.61,-1.4900000000006912,SL Hit,2515.61,3,1900.9699999999941,85.0,0.7666666666668789,-1.4133333333334122
2024-09-05 22:05:00,2024-09-05 22:10:00,Long,2516.14,2516.14,0.0,SL Hit,2516.14,1,1900.9699999999941,5.0,-0.009999999999763531,0.30999999999994543
2024-09-05 23:55:00,2024-09-06 00:05:00,Long,2517.145,2517.03,-0.22999999999956344,SL Hit,2517.03,2,1900.7399999999946,10.0,-0.525000000000091,0.36500000000023647
2024-09-06 00:10:00,2024-09-06 02:20:00,Short,2515.693333333333,2515.64,0.15999999999985448,SL Hit,2515.64,3,1900.8999999999944,130.0,1.5566666666668425,-2.733333333333121
2024-09-06 03:20:00,2024-09-06 03:25:00,Long,2517.34,2516.74,-0.6000000000003638,SL Hit,2516.74,1,1900.299999999994,5.0,-1.0399999999999636,0.5799999999999272
2024-09-06 03:30:00,2024-09-06 03:55:00,Short,2517.3,2517.68,-0.7599999999993088,SL Hit,2517.68,2,1899.5399999999947,25.0,0.8399999999996908,-0.44000000000005457
2024-09-06 04:35:00,2024-09-06 04:40:00,Long,2518.57,2518.4499999999994,-0.12000000000080036,SL Hit,2518.4499999999994,1,1899.419999999994,5.0,-0.6700000000000728,0.5299999999997453
2024-09-06 04:45:00,2024-09-06 04:50:00,Long,2517.2,2517.2,0.0,SL Hit,2517.2,1,1899.419999999994,5.0,0.0,1.580000000000382
2024-09-06 04:50:00,2024-09-06 05:05:00,Short,2518.66,2519.8999999999996,-1.2399999999997817,SL Hit,2519.8999999999996,1,1898.1799999999942,15.0,1.5300000000002,-1.2599999999997635
2024-09-06 05:55:00,2024-09-06 06:00:00,Long,2519.53,2517.2899999999986,-2.2400000000016007,SL Hit,2517.2899999999986,1,1895.9399999999926,5.0,-0.7800000000002001,0.5
2024-09-06 06:00:00,2024-09-06 08:50:00,Short,2518.25,2517.92,2.639999999999418,SL Hit,2517.92,8,1898.579999999992,170.0,2.630000000000109,-2.5599999999999454
2024-09-06 09:10:00,2024-09-06 09:15:00,Short,2516.97,2517.2499999999986,-0.27999999999883585,SL Hit,2517.2499999999986,1,1898.2999999999931,5.0,1.0600000000004002,-0.1799999999998363
2024-09-06 09:15:00,2024-09-06 10:35:00,Long,2518.08,2517.34,-1.4799999999995634,SL Hit,2517.34,2,1896.8199999999936,80.0,-1.2899999999999636,1.5799999999999272
2024-09-06 11:15:00,2024-09-06 11:30:00,Long,2519.0699999999997,2518.31,-1.519999999999527,SL Hit,2518.31,2,1895.299999999994,15.0,-1.199999999999818,1.0100000000002183
2024-09-06 18:40:00,2024-09-06 19:20:00,Short,2492.48,2494.92,-4.880000000000109,SL Hit,2494.92,2,1890.419999999994,40.0,2.5799999999999272,-1.8099999999999454
2024-09-06 19:25:00,2024-09-08 22:15:00,Long,2495.6833333333334,2495.6,-0.25000000000045475,SL Hit,2495.6,3,1890.1699999999935,3050.0,-2.283333333333303,2.0466666666666242
2024-09-08 23:00:00,2024-09-08 23:10:00,Long,2496.9,2496.9,0.0,SL Hit,2496.9,1,1890.1699999999935,10.0,-0.3000000000001819,1.1599999999998545
2024-09-08 23:30:00,2024-09-09 00:00:00,Short,2496.205,2496.79,-1.1700000000000728,SL Hit,2496.79,2,1888.9999999999934,30.0,1.7449999999998909,-1.5050000000001091
2024-09-09 01:15:00,2024-09-09 02:55:00,Long,2497.692,2497.1,-2.960000000000491,SL Hit,2497.1,5,1886.039999999993,100.0,-1.9220000000000255,1.2779999999997926
2024-09-09 04:10:00,2024-09-09 04:15:00,Long,2498.62,2498.62,0.0,SL Hit,2498.62,1,1886.039999999993,5.0,-0.009999999999763531,0.2800000000002001
2024-09-09 04:20:00,2024-09-09 04:30:00,Long,2498.53,2498.53,0.0,SL Hit,2498.53,1,1886.039999999993,10.0,-0.4800000000000182,0.4699999999997999
2024-09-09 09:45:00,2024-09-09 10:15:00,Long,2495.86,2495.5799999999995,-0.28000000000065484,SL Hit,2495.5799999999995,1,1885.7599999999923,30.0,-1.4200000000000728,3.1799999999998363
2024-09-09 19:50:00,2024-09-09 20:30:00,Long,2505.045,2505.25,0.4099999999998545,SL Hit,2505.25,2,1886.1699999999921,40.0,-0.45499999999992724,1.0349999999998545
2024-09-10 02:40:00,2024-09-10 03:25:00,Long,2503.05,2502.74,-0.6200000000008004,SL Hit,2502.74,2,1885.5499999999913,45.0,-1.1100000000001273,1.1599999999998545
2024-09-10 03:30:00,2024-09-10 05:10:00,Short,2502.2766666666666,2502.08,0.5900000000001455,SL Hit,2502.08,3,1886.1399999999915,100.0,1.1233333333334485,-1.5866666666665878
2024-09-10 05:55:00,2024-09-10 07:00:00,Long,2504.5066666666667,2503.69,-2.449999999999818,SL Hit,2503.69,3,1883.6899999999916,65.0,-1.1366666666667697,1.9033333333331939
2024-09-10 07:25:00,2024-09-10 07:50:00,Long,2504.38,2504.38,0.0,SL Hit,2504.38,1,1883.6899999999916,25.0,-0.49000000000023647,2.7399999999997817
2024-09-10 08:00:00,2024-09-10 09:30:00,Short,2502.0,2502.59,-1.7700000000004366,SL Hit,2502.59,3,1881.9199999999912,90.0,1.2899999999999636,-2.0900000000001455
2024-09-10 11:25:00,2024-09-10 12:30:00,Short,2505.46,2509.3,-3.8400000000001455,SL Hit,2509.3,1,1878.079999999991,65.0,3.1599999999998545,-1.6599999999998545
2024-09-10 12:30:00,2024-09-10 14:05:00,Long,2507.12,2505.12,-2.0,SL Hit,2505.12,1,1876.079999999991,95.0,-2.0,7.8400000000001455
2024-09-10 18:25:00,2024-09-10 19:35:00,Long,2514.875,2514.33,-1.0900000000001455,SL Hit,2514.33,2,1874.989999999991,70.0,-1.675000000000182,2.1149999999997817
2024-09-10 22:30:00,2024-09-10 22:40:00,Long,2516.52,2514.0400000000004,-2.4799999999995634,SL Hit,2514.0400000000004,1,1872.5099999999914,10.0,-1.2199999999998,0.17000000000007276
2024-09-10 22:40:00,2024-09-10 23:40:00,Short,2516.985,2518.1,-2.2299999999995634,SL Hit,2518.1,2,1870.2799999999918,60.0,1.125,-0.9050000000002001
2024-09-10 23:45:00,2024-09-11 00:50:00,Long,2517.706666666667,2516.9,-2.4200000000005275,SL Hit,2516.9,3,1867.8599999999913,65.0,-1.366666666666788,1.2933333333330665
2024-09-11 00:55:00,2024-09-11 01:35:00,Short,2516.91,2520.629999999999,-3.719999999999345,SL Hit,2520.629999999999,1,1864.139999999992,40.0,3.8600000000001273,-1.9800000000000182
2024-09-11 06:05:00,2024-09-11 07:35:00,Long,2525.0533333333333,2524.63,-1.269999999999527,SL Hit,2524.63,3,1862.8699999999924,90.0,-4.0433333333330665,2.9766666666669153
2024-09-11 09:35:00,2024-09-11 10:55:00,Short,2523.37,2522.32,3.1499999999991815,SL Hit,2522.32,3,1866.0199999999916,80.0,0.8299999999999272,-3.549999999999727
2024-09-11 11:05:00,2024-09-11 11:10:00,Long,2521.66,2521.66,0.0,SL Hit,2521.66,1,1866.0199999999916,5.0,-0.1999999999998181,0.5399999999999636
2024-09-11 11:55:00,2024-09-11 12:00:00,Long,2522.12,2521.5600000000004,-0.5599999999994907,SL Hit,2521.5600000000004,1,1865.459999999992,5.0,-0.9899999999997817,0.5199999999999818
2024-09-11 14:10:00,2024-09-11 14:40:00,Short,2505.005,2508.06,-6.109999999999673,SL Hit,2508.06,2,1859.3499999999924,30.0,3.3049999999998363,-1.2049999999999272
2024-09-11 18:05:00,2024-09-11 18:15:00,Long,2514.64,2514.64,0.0,SL Hit,2514.64,1,1859.3499999999924,10.0,-0.31999999999970896,1.5100000000002183
2024-09-11 18:30:00,2024-09-11 19:55:00,Short,2511.9533333333334,2511.94,0.03999999999996362,SL Hit,2511.94,3,1859.3899999999924,85.0,1.166666666666515,-2.153333333333194
2024-09-11 20:45:00,2024-09-11 22:15:00,Short,2512.545,2513.27,-1.449999999999818,SL Hit,2513.27,2,1857.9399999999926,90.0,0.944999999999709,-2.0349999999998545
2024-09-11 22:25:00,2024-09-11 22:35:00,Long,2513.31,2513.31,0.0,SL Hit,2513.31,1,1857.9399999999926,10.0,-0.8099999999999454,0.42000000000007276
2024-09-11 23:55:00,2024-09-12 00:55:00,Short,2511.68,2511.89,-0.8400000000001455,SL Hit,2511.89,4,1857.0999999999924,60.0,0.6300000000001091,-0.6099999999996726
2024-09-12 05:55:00,2024-09-12 06:35:00,Long,2519.6,2519.29,-0.9299999999998363,SL Hit,2519.29,3,1856.1699999999926,40.0,-2.150000000000091,2.180000000000291
2024-09-12 06:55:00,2024-09-12 08:15:00,Short,2517.1499999999996,2517.35,-0.4000000000005457,SL Hit,2517.35,2,1855.769999999992,80.0,0.3200000000001637,-2.639999999999418
2024-09-12 08:20:00,2024-09-12 08:55:00,Long,2517.25,2516.290000000001,-0.9599999999991269,SL Hit,2516.290000000001,1,1854.809999999993,35.0,-1.25,1.9600000000000364
2024-09-12 10:05:00,2024-09-12 10:20:00,Long,2518.78,2518.78,0.0,SL Hit,2518.78,1,1854.809999999993,15.0,-0.24000000000023647,2.1299999999996544
2024-09-12 10:45:00,2024-09-12 11:45:00,Short,2516.01,2519.3300000000017,-3.320000000001528,SL Hit,2519.3300000000017,1,1851.4899999999914,60.0,3.5099999999997635,-3.0300000000002
2024-09-12 14:45:00,2024-09-12 16:05:00,Long,2551.91,2551.7,-0.6300000000001091,SL Hit,2551.7,3,1850.8599999999913,80.0,-2.6099999999996726,2.7100000000000364
2024-09-12 18:05:00,2024-09-12 19:10:00,Long,2554.51,2555.23,1.4399999999995998,SL Hit,2555.23,2,1852.2999999999909,65.0,-1.9400000000000546,3.549999999999727
2024-09-12 19:45:00,2024-09-12 22:55:00,Long,2557.9633333333336,2557.04,-2.7700000000008913,SL Hit,2557.04,3,1849.52999999999,190.0,-1.263333333333776,1.936666666666497
2024-09-12 23:05:00,2024-09-12 23:55:00,Short,2557.64,2558.17,-1.0600000000004002,SL Hit,2558.17,2,1848.4699999999896,50.0,0.6600000000003092,-1.2399999999997817
2024-09-13 00:05:00,2024-09-13 00:50:00,Long,2558.1949999999997,2558.21,0.030000000000654836,SL Hit,2558.21,2,1848.4999999999902,45.0,-1.194999999999709,4.285000000000309
2024-09-13 04:25:00,2024-09-13 05:45:00,Long,2567.74,2567.1,-1.2799999999997453,SL Hit,2567.1,2,1847.2199999999905,80.0,-1.6899999999995998,2.2800000000002
2024-09-13 05:55:00,2024-09-13 07:00:00,Short,2566.62,2568.12,-3.0,SL Hit,2568.12,2,1844.2199999999905,65.0,2.150000000000091,-3.4200000000000728
2024-09-13 10:00:00,2024-09-13 12:10:00,Short,2567.3733333333334,2567.73,-1.069999999999709,SL Hit,2567.73,3,1843.1499999999908,130.0,1.6166666666663332,-3.563333333333503
2024-09-13 12:15:00,2024-09-13 13:55:00,Long,2573.65,2576.7,9.149999999999181,SL Hit,2576.7,3,1852.29999999999,100.0,-6.4900000000002365,9.36999999999989
2024-09-13 18:50:00,2024-09-13 19:50:00,Short,2581.943333333333,2582.4,-1.3700000000008004,SL Hit,2582.4,3,1850.9299999999891,60.0,0.7766666666666424,-3.403333333333194
2024-09-13 20:25:00,2024-09-15 22:55:00,Short,2579.575,2580.15,-1.1500000000005457,SL Hit,2580.15,2,1849.7799999999886,3030.0,1.4050000000002,-3.5649999999996
2024-09-16 01:35:00,2024-09-16 01:40:00,Long,2581.57,2581.57,0.0,SL Hit,2581.57,1,1849.7799999999886,5.0,-0.24000000000023647,1.2100000000000364
2024-09-16 04:30:00,2024-09-16 05:15:00,Short,2585.96,2586.2,-0.47999999999956344,SL Hit,2586.2,2,1849.299999999989,45.0,0.4899999999997817,-1.099999999999909
2024-09-16 06:20:00,2024-09-16 06:35:00,Short,2588.615,2588.75,-0.27000000000043656,SL Hit,2588.75,2,1849.0299999999886,15.0,0.48500000000012733,-1.724999999999909
2024-09-16 06:55:00,2024-09-16 07:40:00,Short,2583.9700000000003,2582.43,3.0800000000008367,SL Hit,2582.43,2,1852.1099999999894,45.0,2.7199999999998,-4.050000000000182
2024-09-16 11:25:00,2024-09-16 12:15:00,Long,2581.24,2580.03,-2.4199999999991633,SL Hit,2580.03,2,1849.6899999999903,50.0,-1.3899999999998727,1.7000000000002728
2024-09-16 12:20:00,2024-09-16 12:30:00,Short,2581.85,2588.4099999999994,-6.559999999999491,SL Hit,2588.4099999999994,1,1843.1299999999908,10.0,0.6199999999998909,-1.6399999999998727
2024-09-16 12:30:00,2024-09-16 12:35:00,Long,2581.35,2579.6300000000006,-1.7199999999993452,SL Hit,2579.6300000000006,1,1841.4099999999914,5.0,-2.2399999999997817,1.1199999999998909
2024-09-16 14:10:00,2024-09-16 16:20:00,Short,2580.805,2581.21,-1.6200000000008004,SL Hit,2581.21,4,1839.7899999999906,130.0,2.5650000000000546,-4.714999999999691
2024-09-16 18:30:00,2024-09-16 19:20:00,Short,2580.8366666666666,2581.15,-0.9400000000005093,SL Hit,2581.15,3,1838.8499999999901,50.0,0.7333333333335759,-1.3366666666665878
2024-09-16 20:25:00,2024-09-16 20:35:00,Long,2582.7,2582.6600000000008,-0.039999999999054126,SL Hit,2582.6600000000008,1,1838.809999999991,10.0,-1.5,0.49000000000023647
2024-09-16 22:50:00,2024-09-16 23:40:00,Short,2583.01,2583.44,-0.8599999999996726,SL Hit,2583.44,2,1837.9499999999914,50.0,0.4399999999995998,-1.0100000000002183
2024-09-16 23:45:00,2024-09-17 00:10:00,Long,2583.15,2581.8699999999994,-1.2800000000006548,SL Hit,2581.8699999999994,1,1836.6699999999908,25.0,-1.349999999999909,1.0299999999997453
2024-09-17 00:15:00,2024-09-17 01:35:00,Short,2581.65,2580.87,2.3400000000006003,SL Hit,2580.87,3,1839.0099999999914,80.0,1.9699999999998,-3.1100000000001273
2024-09-17 03:55:00,2024-09-17 04:25:00,Short,2577.7799999999997,2578.4,-1.2400000000006912,SL Hit,2578.4,2,1837.7699999999907,30.0,1.0000000000004547,-1.9799999999995634
2024-09-17 04:45:00,2024-09-17 05:40:00,Short,2576.8199999999997,2577.8,-1.9600000000009459,SL Hit,2577.8,2,1835.8099999999897,55.0,1.9200000000000728,-2.269999999999527
2024-09-17 09:50:00,2024-09-17 11:25:00,Short,2574.365,2575.82,-2.910000000000764,SL Hit,2575.82,2,1832.899999999989,95.0,1.5150000000003274,-4.484999999999673
2024-09-17 17:00:00,2024-09-17 17:40:00,Short,2563.365,2565.91,-5.0900000000001455,SL Hit,2565.91,2,1827.8099999999888,40.0,4.085000000000036,-2.2649999999998727
2024-09-17 17:45:00,2024-09-17 19:20:00,Long,2569.2066666666665,2568.95,-0.7699999999999818,SL Hit,2568.95,3,1827.0399999999888,95.0,-2.7566666666666606,2.183333333333394
2024-09-17 22:45:00,2024-09-18 00:10:00,Long,2571.8900000000003,2572.7,3.2399999999979627,SL Hit,2572.7,4,1830.2799999999868,85.0,-1.5600000000004002,2.769999999999527
2024-09-18 00:15:00,2024-09-18 01:00:00,Short,2571.9750000000004,2573.86,-3.769999999999527,SL Hit,2573.86,2,1826.5099999999873,45.0,3.9749999999994543,-0.5650000000005093
2024-09-18 01:40:00,2024-09-18 03:20:00,Short,2573.5175,2573.86,-1.3700000000008004,SL Hit,2573.86,4,1825.1399999999865,100.0,0.7625000000002728,-3.4674999999997453
2024-09-18 04:00:00,2024-09-18 04:05:00,Long,2575.54,2575.3399999999992,-0.2000000000007276,SL Hit,2575.3399999999992,1,1824.9399999999857,5.0,-1.2199999999998,0.6599999999998545
2024-09-18 04:35:00,2024-09-18 06:30:00,Short,2570.5933333333337,2568.86,5.200000000000728,SL Hit,2568.86,3,1830.1399999999865,115.0,1.9266666666662786,-4.993333333333794
2024-09-18 06:45:00,2024-09-18 08:15:00,Long,2568.8366666666666,2568.8,-0.10999999999921783,SL Hit,2568.8,3,1830.0299999999872,90.0,-0.8466666666668061,2.9533333333333758
2024-09-18 09:20:00,2024-09-18 09:25:00,Long,2570.22,2569.82,-0.3999999999996362,SL Hit,2569.82,1,1829.6299999999876,5.0,-0.8899999999998727,0.6400000000003274
2024-09-18 09:35:00,2024-09-18 09:55:00,Short,2569.33,2571.289999999999,-1.9599999999991269,SL Hit,2571.289999999999,1,1827.6699999999885,20.0,2.4700000000002547,-0.6199999999998909
2024-09-18 12:15:00,2024-09-18 13:00:00,Short,2575.4049999999997,2576.57,-2.3300000000008367,SL Hit,2576.57,2,1825.3399999999876,45.0,2.2450000000003456,-1.8849999999997635
2024-09-18 14:25:00,2024-09-18 16:55:00,Short,2570.69,2573.25,-7.679999999999836,SL Hit,2573.25,3,1817.6599999999878,150.0,4.429999999999836,-2.480000000000018
2024-09-18 19:40:00,2024-09-18 22:40:00,Short,2558.2200000000003,2560.45,-4.459999999999127,SL Hit,2560.45,2,1813.1999999999887,180.0,2.9999999999995453,-10.590000000000146
2024-09-19 07:25:00,2024-09-19 10:30:00,Long,2582.6666666666665,2586.4,11.200000000000728,SL Hit,2586.4,3,1824.3999999999894,185.0,-5.666666666666515,11.733333333333576
2024-09-19 11:15:00,2024-09-19 12:00:00,Short,2587.045,2589.58,-5.069999999999709,SL Hit,2589.58,2,1819.3299999999897,45.0,3.105000000000018,-2.244999999999891
2024-09-19 19:30:00,2024-09-19 22:25:00,Short,2587.4233333333336,2587.07,1.0600000000004002,SL Hit,2587.07,3,1820.38999999999,175.0,2.036666666666406,-2.4233333333336304
2024-09-19 22:40:00,2024-09-19 23:15:00,Long,2587.185,2586.88,-0.6099999999996726,SL Hit,2586.88,2,1819.7799999999904,35.0,-0.9249999999997272,0.6050000000000182
2024-09-20 00:05:00,2024-09-20 00:30:00,Short,2586.895,2587.37,-0.9499999999998181,SL Hit,2587.37,2,1818.8299999999906,25.0,0.525000000000091,-1.5949999999998
2024-09-20 00:35:00,2024-09-20 01:15:00,Long,2587.21,2586.7699999999995,-0.4400000000005093,SL Hit,2586.7699999999995,1,1818.38999999999,40.0,-1.7300000000000182,1.2199999999998
2024-09-20 01:50:00,2024-09-20 05:10:00,Long,2591.805,2592.69,5.31000000000131,SL Hit,2592.69,6,1823.6999999999914,200.0,-4.614999999999782,2.4450000000001637
2024-09-20 05:35:00,2024-09-20 07:40:00,Long,2601.2133333333336,2606.15,14.80999999999949,SL Hit,2606.15,3,1838.509999999991,125.0,-7.7733333333335395,8.006666666666206
2024-09-20 08:05:00,2024-09-20 09:45:00,Long,2607.86,2605.61,-4.5,SL Hit,2605.61,2,1834.009999999991,100.0,-2.6200000000003456,4.549999999999727
2024-09-20 09:50:00,2024-09-20 10:30:00,Short,2606.135,2608.75,-5.229999999999563,SL Hit,2608.75,2,1828.7799999999913,40.0,2.875,-3.275000000000091
2024-09-20 10:35:00,2024-09-20 13:00:00,Long,2613.62,2614.69,4.280000000000655,SL Hit,2614.69,4,1833.059999999992,145.0,-5.230000000000018,5.300000000000182
2024-09-20 13:05:00,2024-09-20 14:30:00,Short,2611.525,2613.52,-3.9899999999997817,SL Hit,2613.52,2,1829.0699999999922,85.0,3.9149999999999636,-8.684999999999945
2024-09-20 19:45:00,2024-09-23 01:10:00,Short,2620.6066666666666,2618.9,5.119999999999436,SL Hit,2618.9,3,1834.1899999999916,3205.0,2.013333333333321,-4.546666666666624
2024-09-23 11:15:00,2024-09-23 11:20:00,Long,2622.54,2622.3,-0.23999999999978172,SL Hit,2622.3,1,1833.9499999999919,5.0,-0.36999999999989086,1.3899999999998727
2024-09-23 11:25:00,2024-09-23 11:45:00,Long,2623.83,2621.98,-3.699999999999818,SL Hit,2621.98,2,1830.249999999992,20.0,-2.4400000000000546,1.6199999999998909
2024-09-23 11:50:00,2024-09-23 12:05:00,Short,2623.84,2624.4800000000014,-0.6400000000012369,SL Hit,2624.4800000000014,1,1829.6099999999908,15.0,1.6099999999996726,-0.680000000000291
2024-09-23 12:30:00,2024-09-23 13:10:00,Short,2622.65,2628.610000000001,-5.960000000000946,SL Hit,2628.610000000001,1,1823.6499999999899,40.0,6.690000000000055,-1.4900000000002365
2024-09-23 13:50:00,2024-09-23 15:00:00,Long,2631.81,2629.57,-8.959999999999127,SL Hit,2629.57,4,1814.6899999999907,70.0,-3.480000000000018,2.75
2024-09-23 16:30:00,2024-09-23 16:55:00,Short,2627.54,2628.61,-3.210000000000491,SL Hit,2628.61,3,1811.4799999999902,25.0,1.199999999999818,-0.9499999999998181
2024-09-23 17:00:00,2024-09-23 17:05:00,Long,2627.95,2627.87,-0.07999999999992724,SL Hit,2627.87,1,1811.3999999999903,5.0,-0.2199999999997999,0.7800000000002001
2024-09-23 22:10:00,2024-09-23 22:35:00,Long,2627.81,2627.34,-0.9399999999995998,SL Hit,2627.34,2,1810.4599999999907,25.0,-0.4800000000000182,0.1799999999998363
2024-09-24 00:30:00,2024-09-24 01:00:00,Short,2625.765,2625.91,-0.2899999999999636,SL Hit,2625.91,2,1810.1699999999908,30.0,0.9050000000002001,-2.0049999999996544
2024-09-24 02:10:00,2024-09-24 03:40:00,Short,2628.08,2634.0,-5.920000000000073,SL Hit,2634.0,1,1804.2499999999907,90.0,7.710000000000036,-1.4800000000000182
2024-09-24 07:20:00,2024-09-24 07:25:00,Long,2628.53,2627.3299999999995,-1.2000000000007276,SL Hit,2627.3299999999995,1,1803.04999999999,5.0,-1.3500000000003638,1.3599999999996726
2024-09-24 08:20:00,2024-09-24 09:05:00,Short,2629.165,2629.18,-0.02999999999974534,SL Hit,2629.18,2,1803.0199999999902,45.0,0.16499999999996362,-3.1649999999999636
2024-09-24 09:15:00,2024-09-24 09:25:00,Long,2627.64,2627.440000000001,-0.1999999999989086,SL Hit,2627.440000000001,1,1802.8199999999913,10.0,-0.6399999999998727,1.8099999999999454
2024-09-24 12:30:00,2024-09-24 13:45:00,Long,2630.986666666667,2632.86,5.619999999998981,SL Hit,2632.86,3,1808.4399999999903,75.0,-4.4566666666669335,5.973333333332903
2024-09-24 14:05:00,2024-09-24 20:35:00,Long,2652.0333333333333,2661.02,80.88000000000011,SL Hit,2661.02,9,1889.3199999999904,390.0,-17.053333333333285,11.996666666666897
2024-09-25 03:30:00,2024-09-25 07:35:00,Short,2657.5575000000003,2655.1,19.660000000003492,SL Hit,2655.1,8,1908.9799999999939,245.0,4.212499999999636,-5.297500000000127
2024-09-25 08:45:00,2024-09-25 09:25:00,Short,2654.8599999999997,2656.06,-2.4000000000005457,SL Hit,2656.06,2,1906.5799999999933,40.0,1.3700000000003456,-1.919999999999618
2024-09-25 11:10:00,2024-09-25 11:55:00,Short,2656.34,2657.39,-2.0999999999994543,SL Hit,2657.39,2,1904.4799999999939,45.0,1.6700000000000728,-2.3299999999999272
2024-09-25 18:25:00,2024-09-25 19:30:00,Long,2660.4925000000003,2660.23,-1.0500000000010914,SL Hit,2660.23,4,1903.4299999999928,65.0,-1.3525000000004184,0.9774999999995089
2024-09-25 22:45:00,2024-09-25 23:05:00,Long,2659.155,2657.8,-2.7100000000000364,SL Hit,2657.8,2,1900.7199999999928,20.0,-2.355000000000018,0.3949999999999818
2024-09-25 23:10:00,2024-09-26 00:35:00,Short,2658.0533333333333,2659.06,-3.019999999999982,SL Hit,2659.06,3,1897.6999999999928,85.0,1.3366666666665878,-2.7433333333333394
2024-09-26 00:40:00,2024-09-26 02:40:00,Long,2659.605,2658.73,-1.75,SL Hit,2658.73,2,1895.9499999999928,120.0,-1.8850000000002183,1.7350000000001273
2024-09-26 02:45:00,2024-09-26 03:30:00,Short,2659.13,2666.330000000001,-7.200000000000728,SL Hit,2666.330000000001,1,1888.749999999992,45.0,2.5899999999996908,-1.9100000000003092
2024-09-26 03:30:00,2024-09-26 03:40:00,Long,2660.76,2660.76,0.0,SL Hit,2660.76,1,1888.749999999992,10.0,-0.3900000000003274,0.9599999999995816
2024-09-26 05:55:00,2024-09-26 06:45:00,Short,2661.0950000000003,2661.72,-1.2499999999990905,SL Hit,2661.72,2,1887.499999999993,50.0,0.8249999999998181,-2.8150000000000546
2024-09-26 06:50:00,2024-09-26 07:10:00,Long,2661.02,2661.02,0.0,SL Hit,2661.02,1,1887.499999999993,20.0,-0.36999999999989086,2.8600000000001273
2024-09-26 07:45:00,2024-09-26 09:30:00,Long,2666.3533333333335,2667.35,2.989999999999327,SL Hit,2667.35,3,1890.4899999999923,105.0,-2.683333333333394,3.9566666666664787
2024-09-26 09:40:00,2024-09-26 10:20:00,Short,2667.9300000000003,2669.59,-3.319999999999709,SL Hit,2669.59,2,1887.1699999999926,40.0,4.569999999999709,-0.8700000000003456
2024-09-26 11:35:00,2024-09-26 12:10:00,Long,2679.87,2678.510000000001,-1.359999999998763,SL Hit,2678.510000000001,1,1885.8099999999938,35.0,-7.369999999999891,5.260000000000218
2024-09-26 13:55:00,2024-09-26 14:15:00,Short,2660.06,2666.6600000000003,-6.600000000000364,SL Hit,2666.6600000000003,1,1879.2099999999934,20.0,8.070000000000164,-1.650000000000091
2024-09-26 14:45:00,2024-09-26 15:00:00,Long,2666.3,2664.11,-4.380000000000109,SL Hit,2664.11,2,1874.8299999999933,15.0,-3.0600000000004,1.2100000000000364
2024-09-26 17:00:00,2024-09-26 19:25:00,Long,2671.92,2674.7,16.679999999998472,SL Hit,2674.7,6,1891.5099999999918,145.0,-4.440000000000055,5.769999999999982
2024-09-26 22:25:00,2024-09-26 22:30:00,Long,2672.32,2672.32,0.0,SL Hit,2672.32,1,1891.5099999999918,5.0,-0.7200000000002547,0.33999999999969077
2024-09-27 01:20:00,2024-09-27 01:30:00,Long,2669.97,2669.97,0.0,SL Hit,2669.97,1,1891.5099999999918,10.0,-0.8699999999998909,2.480000000000018
2024-09-27 02:45:00,2024-09-27 02:55:00,Long,2669.65,2668.929999999999,-0.7200000000011642,SL Hit,2668.929999999999,1,1890.7899999999906,10.0,-0.8699999999998909,0.5199999999999818
2024-09-27 04:45:00,2024-09-27 09:45:00,Short,2666.324285714286,2663.64,18.790000000002237,SL Hit,2663.64,7,1909.5799999999929,300.0,4.755714285714021,-7.8742857142860885
2024-09-27 09:50:00,2024-09-27 10:05:00,Long,2663.78,2662.899999999999,-0.8800000000010186,SL Hit,2662.899999999999,1,1908.6999999999919,15.0,-1.7300000000000182,0.849999999999909
2024-09-27 10:30:00,2024-09-27 10:40:00,Long,2664.1,2663.3800000000006,-0.7199999999993452,SL Hit,2663.3800000000006,1,1907.9799999999925,10.0,-1.099999999999909,0.8099999999999454
2024-09-27 10:45:00,2024-09-27 11:55:00,Long,2665.173333333333,2666.79,4.850000000000364,SL Hit,2666.79,3,1912.8299999999929,70.0,-1.5433333333330665,3.8866666666667697
2024-09-27 13:35:00,2024-09-27 16:10:00,Short,2657.4925000000003,2650.9,26.3700000000008,SL Hit,2650.9,4,1939.1999999999937,155.0,12.767499999999927,-12.452500000000327
2024-09-27 16:15:00,2024-09-27 16:45:00,Long,2652.24,2652.38,0.28000000000065484,SL Hit,2652.38,2,1939.4799999999943,30.0,-2.399999999999636,3.7700000000004366
2024-09-27 16:55:00,2024-09-27 18:15:00,Short,2648.925,2647.06,3.730000000000473,SL Hit,2647.06,2,1943.2099999999948,80.0,3.5850000000000364,-5.555000000000291
2024-09-27 19:15:00,2024-09-29 23:10:00,Long,2655.5699999999997,2661.0,21.720000000001164,SL Hit,2661.0,4,1964.929999999996,3115.0,-8.449999999999818,8.0300000000002
2024-09-30 00:00:00,2024-09-30 00:50:00,Long,2663.54,2662.0,-3.0799999999999272,SL Hit,2662.0,2,1961.849999999996,50.0,-2.0,2.150000000000091
2024-09-30 01:05:00,2024-09-30 04:20:00,Short,2656.9900000000002,2654.92,10.350000000000819,SL Hit,2654.92,5,1972.1999999999969,195.0,6.449999999999818,-9.180000000000291
2024-09-30 04:25:00,2024-09-30 04:30:00,Long,2654.77,2654.4500000000003,-0.31999999999970896,SL Hit,2654.4500000000003,1,1971.8799999999972,5.0,-1.2399999999997817,0.6700000000000728
2024-09-30 09:10:00,2024-09-30 12:10:00,Short,2647.266666666667,2642.63,13.91000000000031,SL Hit,2642.63,3,1985.7899999999975,180.0,4.11333333333323,-12.38666666666677
2024-09-30 14:10:00,2024-09-30 14:20:00,Short,2630.89,2632.4900000000002,-1.6000000000003638,SL Hit,2632.4900000000002,1,1984.189999999997,10.0,2.450000000000273,-1.8899999999998727
2024-09-30 20:25:00,2024-09-30 23:20:00,Long,2633.465,2634.35,3.539999999999054,SL Hit,2634.35,4,1987.7299999999962,175.0,-1.5450000000000728,2.144999999999982
2024-10-01 00:05:00,2024-10-01 00:35:00,Long,2636.3050000000003,2635.17,-2.2700000000004366,SL Hit,2635.17,2,1985.4599999999957,30.0,-2.205000000000382,0.2549999999996544
2024-10-01 01:00:00,2024-10-01 01:15:00,Long,2636.34,2635.51,-1.6599999999998545,SL Hit,2635.51,2,1983.7999999999959,15.0,-0.9400000000000546,0.5199999999999818
2024-10-01 06:55:00,2024-10-01 07:05:00,Long,2644.8,2644.3599999999997,-0.4400000000005093,SL Hit,2644.3599999999997,1,1983.3599999999954,10.0,-0.580000000000382,0.9600000000000364
2024-10-01 09:45:00,2024-10-01 10:25:00,Short,2648.08,2649.88,-3.600000000000364,SL Hit,2649.88,2,1979.759999999995,40.0,2.3600000000001273,-1.9699999999998
2024-10-01 10:30:00,2024-10-01 10:35:00,Long,2648.89,2648.4100000000003,-0.47999999999956344,SL Hit,2648.4100000000003,1,1979.2799999999954,5.0,-0.5,0.5900000000001455
2024-10-01 12:00:00,2024-10-01 13:05:00,Long,2650.42,2650.0200000000004,-0.3999999999996362,SL Hit,2650.0200000000004,1,1978.8799999999958,65.0,-2.25,6.079999999999927
2024-10-01 16:30:00,2024-10-01 17:30:00,Long,2666.285,2664.38,-3.8099999999994907,SL Hit,2664.38,2,1975.0699999999963,60.0,-2.5450000000000728,6.295000000000073
2024-10-01 17:45:00,2024-10-01 22:30:00,Short,2662.8666666666663,2662.34,3.159999999997126,SL Hit,2662.34,6,1978.2299999999934,285.0,2.593333333333703,-5.266666666666424
2024-10-02 00:45:00,2024-10-02 01:25:00,Short,2658.17,2659.6100000000006,-1.4400000000005093,SL Hit,2659.6100000000006,1,1976.789999999993,40.0,1.5399999999999636,-1.8200000000001637
2024-10-02 02:35:00,2024-10-02 06:10:00,Short,2655.165,2648.62,26.18000000000029,SL Hit,2648.62,4,2002.9699999999932,215.0,6.2849999999998545,-10.625
2024-10-02 06:35:00,2024-10-02 08:05:00,Long,2651.683333333333,2653.58,5.690000000000964,SL Hit,2653.58,3,2008.6599999999942,90.0,-3.7733333333330847,3.876666666667006
2024-10-02 09:25:00,2024-10-02 09:35:00,Long,2653.76,2652.5599999999995,-1.2000000000007276,SL Hit,2652.5599999999995,1,2007.4599999999934,10.0,-1.7800000000002,1.5099999999997635
2024-10-02 12:05:00,2024-10-02 12:30:00,Short,2649.165,2650.8,-3.2700000000004366,SL Hit,2650.8,2,2004.189999999993,25.0,2.005000000000109,-4.744999999999891
2024-10-02 13:20:00,2024-10-02 14:25:00,Long,2655.3166666666666,2653.48,-5.5099999999997635,SL Hit,2653.48,3,1998.6799999999932,65.0,-2.8066666666663878,6.853333333333467
2024-10-02 16:35:00,2024-10-02 16:50:00,Short,2648.85,2650.53,-1.680000000000291,SL Hit,2650.53,1,1996.999999999993,15.0,2.6600000000003092,-0.42000000000007276
2024-10-02 17:15:00,2024-10-02 18:20:00,Short,2649.8900000000003,2652.98,-6.1799999999993815,SL Hit,2652.98,2,1990.8199999999936,65.0,3.289999999999509,-2.7500000000004547
2024-10-02 18:35:00,2024-10-02 20:55:00,Long,2656.3675000000003,2657.7,5.329999999998108,SL Hit,2657.7,4,1996.1499999999917,140.0,-3.4575000000004366,3.2824999999998
2024-10-02 22:55:00,2024-10-03 00:00:00,Long,2659.69,2659.39,-0.9000000000005457,SL Hit,2659.39,3,1995.2499999999911,65.0,-0.6900000000000546,1.3400000000001455
2024-10-03 00:55:00,2024-10-03 04:35:00,Short,2656.683333333333,2656.25,2.5999999999976353,SL Hit,2656.25,6,1997.8499999999888,220.0,1.94666666666717,-3.33333333333303
2024-10-03 06:05:00,2024-10-03 06:10:00,Short,2652.17,2653.7299999999996,-1.5599999999994907,SL Hit,2653.7299999999996,1,1996.2899999999893,5.0,2.0399999999999636,-0.38999999999987267
2024-10-03 08:20:00,2024-10-03 09:35:00,Short,2644.59,2645.95,-2.719999999999345,SL Hit,2645.95,2,1993.56999999999,75.0,2.1399999999998727,-3.6600000000003092
2024-10-03 09:40:00,2024-10-03 11:15:00,Long,2646.4933333333333,2644.31,-6.550000000000182,SL Hit,2644.31,3,1987.0199999999897,95.0,-2.333333333333485,1.416666666666515
2024-10-03 13:20:00,2024-10-03 14:10:00,Short,2648.285,2651.08,-5.5900000000001455,SL Hit,2651.08,2,1981.4299999999896,50.0,4.125,-8.174999999999727
2024-10-03 15:00:00,2024-10-03 17:50:00,Long,2653.3266666666664,2655.46,6.4000000000010004,SL Hit,2655.46,3,1987.8299999999906,170.0,-5.146666666666533,8.533333333333758
2024-10-03 17:55:00,2024-10-03 18:35:00,Short,2657.725,2659.26,-3.0700000000006185,SL Hit,2659.26,2,1984.75999999999,40.0,1.8650000000002365,-2.0450000000000728
2024-10-03 18:40:00,2024-10-03 18:45:00,Long,2659.0,2658.2800000000007,-0.7199999999993452,SL Hit,2658.2800000000007,1,1984.0399999999906,5.0,-0.8400000000001455,0.11000000000012733
2024-10-03 19:50:00,2024-10-03 23:05:00,Short,2656.5075,2656.11,1.5900000000001455,SL Hit,2656.11,4,1985.6299999999908,195.0,1.9524999999998727,-2.4075000000002547
2024-10-03 23:15:00,2024-10-03 23:20:00,Long,2656.17,2655.8099999999995,-0.3600000000005821,SL Hit,2655.8099999999995,1,1985.2699999999902,5.0,-0.5300000000002001,0.30999999999994543
2024-10-04 01:20:00,2024-10-04 03:40:00,Long,2659.1125,2661.7,10.349999999998545,SL Hit,2661.7,4,1995.6199999999887,140.0,-2.392500000000382,4.237499999999727
2024-10-04 06:20:00,2024-10-04 07:45:00,Short,2663.5249999999996,2662.85,1.3499999999994543,SL Hit,2662.85,2,1996.9699999999882,85.0,2.8950000000004366,-4.734999999999673
2024-10-04 09:05:00,2024-10-04 10:15:00,Short,2658.593333333333,2658.78,-0.5600000000022192,SL Hit,2658.78,3,1996.409999999986,70.0,1.4166666666674246,-1.6433333333329756
2024-10-04 17:40:00,2024-10-04 18:10:00,Long,2647.9049999999997,2645.85,-4.109999999999673,SL Hit,2645.85,2,1992.2999999999863,30.0,-2.0549999999998363,2.7150000000001455
2024-10-06 23:25:00,2024-10-06 23:55:00,Long,2651.06,2647.6199999999994,-3.4400000000005093,SL Hit,2647.6199999999994,1,1988.8599999999858,30.0,-2.0599999999999454,0.44000000000005457
2024-10-06 23:55:00,2024-10-07 01:00:00,Short,2650.35,2651.04,-1.3800000000001091,SL Hit,2651.04,2,1987.4799999999857,65.0,0.7699999999999818,-2.650000000000091
2024-10-07 05:05:00,2024-10-07 06:50:00,Short,2643.92,2643.42,1.0,SL Hit,2643.42,2,1988.4799999999857,105.0,2.5799999999999272,-4.070000000000164
2024-10-07 12:00:00,2024-10-07 12:15:00,Long,2657.6800000000003,2656.81,-1.7400000000006912,SL Hit,2656.81,2,1986.739999999985,15.0,-1.8700000000003456,1.4299999999998363
2024-10-07 14:30:00,2024-10-07 15:30:00,Short,2643.7799999999997,2647.68,-7.800000000000182,SL Hit,2647.68,2,1978.9399999999848,60.0,5.080000000000382,-4.979999999999563
2024-10-07 18:35:00,2024-10-07 22:15:00,Short,2644.0875,2642.98,4.430000000000291,SL Hit,2642.98,4,1983.369999999985,220.0,2.0524999999997817,-4.487500000000182
2024-10-08 01:40:00,2024-10-08 01:50:00,Short,2640.68,2644.0399999999986,-3.359999999998763,SL Hit,2644.0399999999986,1,1980.0099999999863,10.0,4.190000000000055,-0.8399999999996908
2024-10-08 05:00:00,2024-10-08 05:30:00,Short,2643.01,2647.050000000001,-4.040000000000873,SL Hit,2647.050000000001,1,1975.9699999999855,30.0,1.4099999999998545,-1.5400000000004184
2024-10-08 05:30:00,2024-10-08 06:25:00,Long,2644.1549999999997,2642.71,-2.889999999999418,SL Hit,2642.71,2,1973.079999999986,55.0,-2.8449999999998,2.1550000000002
2024-10-08 09:40:00,2024-10-08 12:25:00,Long,2645.1866666666665,2648.59,20.42000000000189,SL Hit,2648.59,6,1993.499999999988,165.0,-6.196666666666715,7.42333333333363
2024-10-08 12:30:00,2024-10-08 16:10:00,Short,2633.233333333333,2615.15,108.49999999999818,SL Hit,2615.15,6,2101.9999999999864,220.0,15.946666666666715,-27.24333333333334
2024-10-08 18:05:00,2024-10-08 18:30:00,Short,2615.49,2616.16,-1.3400000000001455,SL Hit,2616.16,2,2100.659999999986,25.0,0.8400000000001455,-0.9399999999995998
2024-10-08 19:10:00,2024-10-08 22:25:00,Long,2618.94,2619.8,3.4400000000005093,SL Hit,2619.8,4,2104.0999999999867,195.0,-4.050000000000182,4.420000000000073
2024-10-08 22:30:00,2024-10-08 23:00:00,Short,2621.6800000000003,2622.06,-0.7599999999993088,SL Hit,2622.06,2,2103.3399999999874,30.0,0.919999999999618,-1.2800000000002
2024-10-09 01:20:00,2024-10-09 02:45:00,Short,2620.2225,2619.62,2.4099999999998545,SL Hit,2619.62,4,2105.7499999999873,85.0,3.6775000000002365,-3.2424999999998363
2024-10-09 09:05:00,2024-10-09 09:40:00,Long,2616.775,2616.2,-1.1500000000005457,SL Hit,2616.2,2,2104.5999999999867,35.0,-1.4450000000001637,1.5450000000000728
2024-10-09 12:40:00,2024-10-09 14:50:00,Short,2612.365,2610.39,7.899999999999636,SL Hit,2610.39,4,2112.4999999999864,130.0,7.8650000000002365,-6.604999999999563
2024-10-09 15:00:00,2024-10-09 15:50:00,Long,2612.2200000000003,2612.19,-0.06000000000040018,SL Hit,2612.19,2,2112.439999999986,50.0,-2.3900000000003274,5.569999999999709
2024-10-09 17:50:00,2024-10-09 18:15:00,Long,2608.335,2606.96,-2.75,SL Hit,2606.96,2,2109.689999999986,25.0,-1.4450000000001637,2.574999999999818
2024-10-09 22:05:00,2024-10-09 22:10:00,Long,2605.29,2603.9700000000003,-1.319999999999709,SL Hit,2603.9700000000003,1,2108.3699999999862,5.0,-0.32999999999992724,1.7100000000000364
2024-10-09 22:10:00,2024-10-09 23:10:00,Short,2606.29,2609.05,-2.7600000000002183,SL Hit,2609.05,1,2105.609999999986,60.0,2.8200000000001637,-0.6900000000000546
2024-10-09 23:45:00,2024-10-10 00:35:00,Short,2608.56,2610.0800000000004,-1.5200000000004366,SL Hit,2610.0800000000004,1,2104.0899999999856,50.0,0.9500000000002728,-2.6799999999998363
2024-10-10 00:35:00,2024-10-10 01:05:00,Long,2609.08,2609.06,-0.03999999999996362,SL Hit,2609.06,2,2104.0499999999856,30.0,-1.0799999999999272,1.3400000000001455
2024-10-10 01:10:00,2024-10-10 01:40:00,Short,2610.1499999999996,2610.89,-1.480000000000473,SL Hit,2610.89,2,2102.569999999985,30.0,2.0900000000001455,-2.949999999999818
2024-10-10 10:40:00,2024-10-10 11:20:00,Long,2617.23,2616.52,-1.4200000000000728,SL Hit,2616.52,2,2101.149999999985,40.0,-1.6300000000001091,1.599999999999909
2024-10-10 13:55:00,2024-10-10 14:05:00,Long,2625.75,2625.75,0.0,SL Hit,2625.75,1,2101.149999999985,10.0,-1.0,3.550000000000182
2024-10-10 15:00:00,2024-10-10 16:00:00,Short,2623.1549999999997,2624.36,-4.820000000001528,SL Hit,2624.36,4,2096.3299999999836,60.0,2.6550000000002,-4.054999999999836
2024-10-10 19:10:00,2024-10-10 19:50:00,Long,2628.45,2628.45,0.0,SL Hit,2628.45,1,2096.3299999999836,40.0,-0.08999999999969077,2.8100000000004
2024-10-10 20:30:00,2024-10-10 20:35:00,Long,2630.18,2629.94,-0.23999999999978172,SL Hit,2629.94,1,2096.089999999984,5.0,-1.1799999999998363,1.180000000000291
2024-10-10 20:45:00,2024-10-10 23:10:00,Short,2629.13,2629.99,-1.7199999999993452,SL Hit,2629.99,2,2094.3699999999844,145.0,0.9699999999997999,-1.8299999999999272
2024-10-11 01:00:00,2024-10-11 01:05:00,Long,2633.94,2633.1,-0.8400000000001455,SL Hit,2633.1,1,2093.5299999999843,5.0,-0.9400000000000546,1.5900000000001455
2024-10-11 04:40:00,2024-10-11 05:10:00,Long,2645.3149999999996,2644.0,-2.6299999999991996,SL Hit,2644.0,2,2090.899999999985,30.0,-2.1149999999997817,0.6450000000004366
2024-10-11 05:15:00,2024-10-11 05:35:00,Short,2644.385,2644.84,-0.9099999999998545,SL Hit,2644.84,2,2089.9899999999852,20.0,1.2549999999996544,-1.275000000000091
2024-10-11 10:10:00,2024-10-11 10:25:00,Short,2637.3450000000003,2638.59,-2.4899999999997817,SL Hit,2638.59,2,2087.4999999999854,15.0,1.5049999999996544,-0.34500000000025466
2024-10-11 14:20:00,2024-10-11 16:40:00,Long,2655.924,2658.42,12.480000000000473,SL Hit,2658.42,5,2099.979999999986,140.0,-5.623999999999796,5.3659999999999854
2024-10-11 16:50:00,2024-10-11 17:50:00,Short,2658.68,2659.1,-1.2600000000002183,SL Hit,2659.1,3,2098.7199999999857,60.0,2.380000000000109,-2.2199999999998
2024-10-11 17:55:00,2024-10-11 18:05:00,Long,2657.8,2657.8,0.0,SL Hit,2657.8,1,2098.7199999999857,10.0,-1.1000000000003638,1.9800000000000182
2024-10-14 01:45:00,2024-10-14 01:50:00,Long,2646.21,2646.21,0.0,SL Hit,2646.21,1,2098.7199999999857,5.0,-1.699999999999818,1.8099999999999454
2024-10-14 03:40:00,2024-10-14 03:45:00,Long,2656.36,2656.36,0.0,SL Hit,2656.36,1,2098.7199999999857,5.0,-0.03999999999996362,0.8799999999996544
2024-10-14 06:20:00,2024-10-14 07:10:00,Long,2661.945,2662.7,1.5099999999993088,SL Hit,2662.7,2,2100.229999999985,50.0,-3.125,4.394999999999982
2024-10-14 07:20:00,2024-10-14 09:05:00,Short,2661.39,2660.47,2.7600000000002183,SL Hit,2660.47,3,2102.9899999999852,105.0,1.900000000000091,-2.8799999999996544
2024-10-14 09:45:00,2024-10-14 10:10:00,Short,2658.825,2659.81,-1.9700000000002547,SL Hit,2659.81,2,2101.019999999985,25.0,1.8350000000000364,-1.324999999999818
2024-10-14 10:15:00,2024-10-14 10:55:00,Long,2658.8,2655.96,-2.8400000000001455,SL Hit,2655.96,1,2098.179999999985,40.0,-2.7800000000002,1.0899999999996908
2024-10-14 10:55:00,2024-10-14 12:25:00,Short,2654.46,2653.8,1.9799999999995634,SL Hit,2653.8,3,2100.1599999999844,90.0,3.1399999999998727,-3.3200000000001637
2024-10-14 13:15:00,2024-10-14 13:40:00,Short,2649.73,2656.57,-6.8400000000001455,SL Hit,2656.57,1,2093.3199999999842,25.0,9.429999999999836,-1.7100000000000364
2024-10-14 14:25:00,2024-10-14 15:30:00,Short,2649.0333333333333,2648.29,2.230000000000018,SL Hit,2648.29,3,2095.5499999999843,65.0,1.996666666666897,-4.433333333333394
2024-10-14 16:00:00,2024-10-14 16:15:00,Short,2646.42,2647.74,-1.319999999999709,SL Hit,2647.74,1,2094.2299999999846,15.0,1.4899999999997817,-0.5799999999999272
2024-10-14 16:40:00,2024-10-14 17:35:00,Long,2648.4300000000003,2647.5,-1.860000000000582,SL Hit,2647.5,2,2092.369999999984,55.0,-1.0300000000002,1.2599999999997635
2024-10-14 17:40:00,2024-10-14 18:25:00,Short,2648.6099999999997,2649.69,-2.160000000000764,SL Hit,2649.69,2,2090.209999999983,45.0,1.6400000000003274,-2.2099999999995816
2024-10-14 19:05:00,2024-10-14 19:15:00,Short,2649.925,2650.85,-1.8499999999994543,SL Hit,2650.85,2,2088.3599999999838,10.0,1.3449999999998,-0.6649999999999636
2024-10-15 00:55:00,2024-10-15 01:20:00,Short,2648.2650000000003,2649.38,-2.2299999999995634,SL Hit,2649.38,2,2086.129999999984,25.0,1.1549999999997453,-0.9150000000004184
2024-10-15 04:30:00,2024-10-15 06:00:00,Short,2643.3433333333337,2643.0,1.0300000000011096,SL Hit,2643.0,3,2087.1599999999853,90.0,1.836666666666133,-5.003333333333558
2024-10-15 09:30:00,2024-10-15 09:45:00,Long,2653.13,2652.409999999999,-0.7200000000011642,SL Hit,2652.409999999999,1,2086.439999999984,15.0,-0.7300000000000182,1.4099999999998545
2024-10-15 10:15:00,2024-10-15 10:35:00,Long,2654.69,2654.69,0.0,SL Hit,2654.69,1,2086.439999999984,20.0,-0.2800000000002001,1.7699999999999818
2024-10-15 16:55:00,2024-10-15 18:20:00,Short,2663.12,2664.37,-2.5,SL Hit,2664.37,2,2083.939999999984,85.0,1.7400000000002365,-4.079999999999927
2024-10-15 19:20:00,2024-10-15 19:30:00,Long,2665.01,2665.01,0.0,SL Hit,2665.01,1,2083.939999999984,10.0,-0.75,1.2399999999997817
2024-10-15 23:10:00,2024-10-16 01:00:00,Short,2660.475,2660.34,0.26999999999952706,SL Hit,2660.34,2,2084.2099999999837,110.0,1.8450000000002547,-1.694999999999709
2024-10-16 01:50:00,2024-10-16 02:50:00,Long,2666.05,2665.64,-0.8200000000006185,SL Hit,2665.64,2,2083.389999999983,60.0,-1.7699999999999818,3.1899999999996
2024-10-16 04:30:00,2024-10-16 07:15:00,Long,2668.618,2673.8,25.91000000000122,SL Hit,2673.8,5,2109.2999999999843,165.0,-3.117999999999938,8.811999999999898
2024-10-16 07:20:00,2024-10-16 07:45:00,Short,2675.085,2675.66,-1.1499999999996362,SL Hit,2675.66,2,2108.1499999999846,25.0,1.0450000000000728,-1.8650000000002365
2024-10-16 08:25:00,2024-10-16 10:05:00,Long,2678.0,2678.21,0.6300000000001091,SL Hit,2678.21,3,2108.7799999999847,100.0,-2.0799999999999272,4.389999999999873
2024-10-16 12:35:00,2024-10-16 13:45:00,Long,2679.9866666666667,2680.41,1.269999999999527,SL Hit,2680.41,3,2110.0499999999843,70.0,-2.496666666666897,5.083333333333485
2024-10-16 16:50:00,2024-10-16 18:40:00,Long,2674.32,2674.7,1.1399999999989632,SL Hit,2674.7,3,2111.1899999999832,110.0,-2.6700000000000728,2.199999999999818
2024-10-17 00:05:00,2024-10-17 02:35:00,Long,2678.9025,2681.29,9.549999999999272,SL Hit,2681.29,4,2120.7399999999825,150.0,-4.3125,5.787499999999909
2024-10-17 07:00:00,2024-10-17 07:45:00,Short,2681.475,2682.62,-2.2899999999999636,SL Hit,2682.62,2,2118.4499999999825,45.0,1.9949999999998909,-2.3849999999997635
2024-10-17 09:00:00,2024-10-17 10:05:00,Short,2680.9300000000003,2681.09,-0.31999999999970896,SL Hit,2681.09,2,2118.129999999983,65.0,0.9399999999995998,-3.830000000000382
2024-10-17 12:35:00,2024-10-17 13:05:00,Short,2676.13,2681.8100000000004,-5.680000000000291,SL Hit,2681.8100000000004,1,2112.4499999999825,30.0,6.2599999999997635,-2.119999999999891
2024-10-17 13:45:00,2024-10-17 16:25:00,Long,2689.5,2687.81,-6.760000000000218,SL Hit,2687.81,4,2105.6899999999823,160.0,-4.389999999999873,7.019999999999982
2024-10-17 17:45:00,2024-10-17 19:10:00,Short,2691.045,2690.89,0.6200000000008004,SL Hit,2690.89,4,2106.309999999983,85.0,3.005000000000109,-2.9450000000001637
2024-10-17 22:20:00,2024-10-17 23:00:00,Long,2692.5933333333332,2691.5,-3.2799999999997453,SL Hit,2691.5,3,2103.0299999999834,40.0,-1.5933333333332484,0.3466666666668061
2024-10-17 23:25:00,2024-10-17 23:45:00,Short,2692.36,2693.28,-0.9200000000000728,SL Hit,2693.28,1,2102.1099999999833,20.0,1.4699999999998,-0.5599999999999454
2024-10-18 00:40:00,2024-10-18 00:50:00,Long,2693.66,2693.0200000000004,-0.6399999999994179,SL Hit,2693.0200000000004,1,2101.469999999984,10.0,-0.7300000000000182,0.75
2024-10-18 03:15:00,2024-10-18 03:50:00,Short,2708.085,2709.27,-2.369999999999891,SL Hit,2709.27,2,2099.099999999984,35.0,1.974999999999909,-1.8850000000002183
2024-10-18 06:10:00,2024-10-18 07:10:00,Short,2708.015,2707.29,1.449999999999818,SL Hit,2707.29,2,2100.549999999984,60.0,3.425000000000182,-5.154999999999745
2024-10-18 08:35:00,2024-10-18 09:10:00,Short,2703.11,2707.9500000000003,-4.8400000000001455,SL Hit,2707.9500000000003,1,2095.7099999999837,35.0,6.319999999999709,-1.2100000000000364
2024-10-18 10:05:00,2024-10-18 10:55:00,Short,2712.24,2712.9,-1.3200000000006185,SL Hit,2712.9,2,2094.389999999983,50.0,0.8200000000001637,-4.139999999999873
2024-10-18 12:25:00,2024-10-18 12:55:00,Long,2712.86,2710.2599999999998,-2.600000000000364,SL Hit,2710.2599999999998,1,2091.7899999999827,30.0,-3.3099999999999454,3.7799999999997453
2024-10-18 15:50:00,2024-10-18 16:05:00,Short,2715.46,2716.57,-2.2200000000002547,SL Hit,2716.57,2,2089.5699999999824,15.0,2.6700000000000728,-1.1599999999998545
2024-10-18 16:15:00,2024-10-18 16:30:00,Long,2716.45,2715.95,-1.0,SL Hit,2715.95,2,2088.5699999999824,15.0,-0.6499999999996362,1.25
2024-10-18 16:35:00,2024-10-18 16:55:00,Short,2715.855,2717.7,-3.6899999999996,SL Hit,2717.7,2,2084.879999999983,20.0,1.925000000000182,-0.5850000000000364
2024-10-18 17:00:00,2024-10-18 17:20:00,Long,2717.61,2716.69,-0.9200000000000728,SL Hit,2716.69,1,2083.9599999999828,20.0,-2.0599999999999454,1.9200000000000728
2024-10-21 00:25:00,2024-10-21 01:05:00,Short,2723.54,2725.66,-4.239999999999782,SL Hit,2725.66,2,2079.719999999983,40.0,2.4400000000000546,-2.0
2024-10-21 01:10:00,2024-10-21 02:10:00,Long,2727.5333333333333,2725.87,-4.9900000000002365,SL Hit,2725.87,3,2074.7299999999827,60.0,-2.6233333333334485,1.3566666666665697
2024-10-21 02:25:00,2024-10-21 02:30:00,Long,2728.25,2728.25,0.0,SL Hit,2728.25,1,2074.7299999999827,5.0,-0.8600000000001273,1.4099999999998545
2024-10-21 04:35:00,2024-10-21 06:45:00,Short,2728.734,2727.76,4.869999999998527,SL Hit,2727.76,5,2079.5999999999813,130.0,2.005999999999858,-5.2039999999997235
2024-10-21 08:25:00,2024-10-21 08:45:00,Long,2731.64,2731.64,0.0,SL Hit,2731.64,1,2079.5999999999813,20.0,-1.0099999999997635,1.3400000000001455
2024-10-21 11:40:00,2024-10-21 11:50:00,Long,2735.97,2735.97,0.0,SL Hit,2735.97,1,2079.5999999999813,10.0,-0.9599999999995816,1.9400000000000546
2024-10-21 12:35:00,2024-10-21 13:25:00,Long,2738.51,2736.16,-4.700000000000728,SL Hit,2736.16,2,2074.8999999999805,50.0,-2.6400000000003274,1.0899999999996908
2024-10-21 13:35:00,2024-10-21 13:45:00,Short,2738.61,2739.93,-1.319999999999709,SL Hit,2739.93,1,2073.579999999981,10.0,1.849999999999909,-1.5399999999999636
2024-10-21 13:50:00,2024-10-21 14:00:00,Long,2737.39,2737.39,0.0,SL Hit,2737.39,1,2073.579999999981,10.0,-2.3799999999996544,2.5700000000001637
2024-10-21 16:20:00,2024-10-21 16:55:00,Short,2720.925,2722.82,-3.7899999999999636,SL Hit,2722.82,2,2069.789999999981,35.0,2.9549999999999272,-2.625
2024-10-21 18:05:00,2024-10-21 19:50:00,Short,2720.4133333333334,2720.61,-0.5900000000001455,SL Hit,2720.61,3,2069.1999999999807,105.0,2.1266666666665515,-7.013333333333321
2024-10-21 23:15:00,2024-10-21 23:20:00,Long,2721.23,2720.8699999999994,-0.3600000000005821,SL Hit,2720.8699999999994,1,2068.83999999998,5.0,-0.8299999999999272,0.3200000000001637
2024-10-21 23:25:00,2024-10-21 23:55:00,Long,2720.92,2720.4,-1.0399999999999636,SL Hit,2720.4,2,2067.79999999998,30.0,-1.0199999999999818,1.4400000000000546
2024-10-22 00:05:00,2024-10-22 00:15:00,Long,2722.62,2721.46,-1.1599999999998545,SL Hit,2721.46,1,2066.6399999999803,10.0,-1.2199999999998,0.6700000000000728
2024-10-22 03:05:00,2024-10-22 05:10:00,Long,2731.9275,2733.61,6.730000000001382,SL Hit,2733.61,4,2073.3699999999817,125.0,-2.007499999999709,3.8325000000004366
2024-10-22 05:15:00,2024-10-22 06:20:00,Short,2733.94,2734.4,-0.9200000000000728,SL Hit,2734.4,2,2072.4499999999816,65.0,2.2399999999997817,-4.630000000000109
2024-10-22 08:10:00,2024-10-22 10:20:00,Short,2734.6433333333334,2736.02,-4.129999999999654,SL Hit,2736.02,3,2068.319999999982,130.0,3.5066666666666606,-4.733333333333576
2024-10-22 13:15:00,2024-10-22 13:55:00,Long,2738.125,2737.56,-1.1300000000001091,SL Hit,2737.56,2,2067.189999999982,40.0,-2.6649999999999636,3.7649999999998727
2024-10-22 14:50:00,2024-10-22 15:35:00,Long,2741.675,2740.86,-1.6300000000001091,SL Hit,2740.86,2,2065.5599999999818,45.0,-2.025000000000091,2.3849999999997635
2024-10-22 17:50:00,2024-10-22 18:00:00,Long,2746.27,2746.27,0.0,SL Hit,2746.27,1,2065.5599999999818,10.0,-0.40000000000009095,0.7800000000002001
2024-10-22 20:50:00,2024-10-22 22:00:00,Long,2748.11,2747.549999999999,-0.5600000000013097,SL Hit,2747.549999999999,1,2064.9999999999804,70.0,-1.1600000000003092,0.5399999999999636
2024-10-22 23:35:00,2024-10-22 23:40:00,Long,2747.19,2746.9099999999994,-0.28000000000065484,SL Hit,2746.9099999999994,1,2064.71999999998,5.0,-0.8299999999999272,0.15000000000009095
2024-10-23 00:40:00,2024-10-23 02:30:00,Short,2741.7,2739.19,10.039999999999054,SL Hit,2739.19,4,2074.759999999979,110.0,5.190000000000055,-4.299999999999727
2024-10-23 02:40:00,2024-10-23 05:25:00,Long,2742.53,2748.95,19.259999999998854,SL Hit,2748.95,3,2094.0199999999777,165.0,-4.170000000000073,8.230000000000018
2024-10-23 08:10:00,2024-10-23 09:05:00,Long,2755.6899999999996,2755.61,-0.159999999998945,SL Hit,2755.61,2,2093.8599999999788,55.0,-0.8899999999994179,2.5100000000002183
2024-10-23 09:10:00,2024-10-23 11:15:00,Short,2751.71,2751.75,-0.15999999999985448,SL Hit,2751.75,4,2093.699999999979,125.0,3.6900000000000546,-2.8099999999999454
2024-10-23 15:05:00,2024-10-23 16:35:00,Short,2719.3933333333334,2721.9,-7.519999999999982,SL Hit,2721.9,3,2086.179999999979,90.0,3.236666666666679,-10.793333333333521
2024-10-23 19:40:00,2024-10-23 19:50:00,Long,2716.67,2716.67,0.0,SL Hit,2716.67,1,2086.179999999979,10.0,-0.7000000000002728,1.5399999999999636
2024-10-23 22:15:00,2024-10-24 02:05:00,Long,2719.4516666666664,2721.9,14.690000000002328,SL Hit,2721.9,6,2100.8699999999812,230.0,-4.2516666666665515,6.848333333333812
2024-10-24 02:10:00,2024-10-24 04:10:00,Short,2722.675,2723.38,-1.4099999999998545,SL Hit,2723.38,2,2099.4599999999814,120.0,1.3449999999998,-2.875
2024-10-24 04:15:00,2024-10-24 07:45:00,Long,2729.2083333333335,2734.2,29.949999999998,SL Hit,2734.2,6,2129.4099999999794,210.0,-5.9983333333334485,7.671666666666624
2024-10-24 12:40:00,2024-10-24 13:45:00,Long,2740.285,2736.7,-7.170000000000073,SL Hit,2736.7,2,2122.2399999999793,65.0,-4.824999999999818,2.925000000000182
2024-10-24 17:40:00,2024-10-24 18:45:00,Long,2736.0074999999997,2735.25,-3.029999999998836,SL Hit,2735.25,4,2119.2099999999805,65.0,-1.707499999999527,1.6025000000004184
2024-10-24 18:50:00,2024-10-25 01:10:00,Short,2735.0162499999997,2733.64,11.0099999999984,SL Hit,2733.64,8,2130.219999999979,380.0,1.643750000000182,-3.776249999999891
2024-10-25 02:35:00,2024-10-25 04:10:00,Short,2726.75,2727.02,-0.8099999999999454,SL Hit,2727.02,3,2129.409999999979,95.0,1.5900000000001455,-2.119999999999891
2024-10-25 04:15:00,2024-10-25 04:20:00,Long,2726.11,2726.11,0.0,SL Hit,2726.11,1,2129.409999999979,5.0,-0.8800000000001091,0.7199999999997999
2024-10-25 04:40:00,2024-10-25 05:30:00,Short,2725.79,2729.0299999999997,-3.2399999999997817,SL Hit,2729.0299999999997,1,2126.169999999979,50.0,3.5700000000001637,-0.8099999999999454
2024-10-25 06:35:00,2024-10-25 07:30:00,Long,2728.955,2728.95,-0.010000000000218279,SL Hit,2728.95,2,2126.159999999979,55.0,-1.2449999999998909,3.375
2024-10-25 09:35:00,2024-10-25 09:45:00,Short,2717.91,2720.4299999999985,-2.5199999999986176,SL Hit,2720.4299999999985,1,2123.6399999999803,10.0,2.900000000000091,-0.6299999999996544
2024-10-25 11:05:00,2024-10-25 15:40:00,Long,2729.5025,2737.02,60.13999999999942,SL Hit,2737.02,8,2183.7799999999797,275.0,-7.9724999999998545,12.277500000000146
2024-10-25 15:45:00,2024-10-25 16:35:00,Short,2737.815,2738.69,-1.75,SL Hit,2738.69,2,2182.0299999999797,50.0,0.974999999999909,-4.7150000000001455
2024-10-25 16:40:00,2024-10-25 16:45:00,Long,2736.9,2736.9,0.0,SL Hit,2736.9,1,2182.0299999999797,5.0,-0.6300000000001091,1.8099999999999454
2024-10-25 18:40:00,2024-10-25 19:30:00,Short,2742.2799999999997,2741.75,1.0599999999994907,SL Hit,2741.75,2,2183.089999999979,50.0,1.4200000000000728,-2.1799999999998363
2024-10-28 00:05:00,2024-10-28 01:45:00,Short,2731.6800000000003,2728.89,8.370000000001255,SL Hit,2728.89,3,2191.4599999999805,100.0,4.199999999999818,-7.170000000000073
2024-10-28 03:05:00,2024-10-28 05:10:00,Short,2733.153333333333,2734.1,-2.8400000000001455,SL Hit,2734.1,3,2188.6199999999803,125.0,1.2866666666668607,-3.9433333333331575
2024-10-28 05:15:00,2024-10-28 06:55:00,Long,2736.5074999999997,2740.62,16.450000000000728,SL Hit,2740.62,4,2205.069999999981,100.0,-5.297499999999673,7.852500000000418
2024-10-28 09:10:00,2024-10-28 10:25:00,Short,2731.6425,2731.07,2.289999999999054,SL Hit,2731.07,4,2207.35999999998,75.0,2.1975000000002183,-3.432499999999891
2024-10-28 11:45:00,2024-10-28 12:50:00,Long,2732.3900000000003,2731.9,-0.9800000000004729,SL Hit,2731.9,2,2206.3799999999796,65.0,-1.6900000000005093,2.2599999999997635
2024-10-28 14:50:00,2024-10-28 15:00:00,Long,2744.16,2742.24,-1.9200000000000728,SL Hit,2742.24,1,2204.4599999999796,10.0,-3.1700000000000728,1.3200000000001637
2024-10-28 18:25:00,2024-10-28 18:45:00,Short,2740.44,2741.8399999999997,-1.3999999999996362,SL Hit,2741.8399999999997,1,2203.05999999998,20.0,1.4699999999998,-0.34999999999990905
2024-10-28 19:30:00,2024-10-28 19:35:00,Long,2742.33,2742.33,0.0,SL Hit,2742.33,1,2203.05999999998,5.0,-0.25,0.7600000000002183
2024-10-28 23:05:00,2024-10-28 23:30:00,Long,2741.975,2740.6,-2.75,SL Hit,2740.6,2,2200.30999999998,25.0,-1.974999999999909,0.6750000000001819
2024-10-29 00:55:00,2024-10-29 02:35:00,Long,2749.926,2754.31,21.920000000000073,SL Hit,2754.31,5,2222.22999999998,100.0,-4.925999999999931,7.354000000000269
2024-10-29 05:50:00,2024-10-29 06:45:00,Short,2752.53,2758.61,-6.079999999999927,SL Hit,2758.61,1,2216.14999999998,55.0,3.8299999999999272,-3.5100000000002183
2024-10-29 06:45:00,2024-10-29 07:25:00,Long,2754.075,2753.84,-0.46999999999934516,SL Hit,2753.84,2,2215.6799999999807,40.0,-1.0049999999996544,2.2850000000003092
2024-10-29 09:20:00,2024-10-29 09:25:00,Long,2755.5,2755.5,0.0,SL Hit,2755.5,1,2215.6799999999807,5.0,-1.1700000000000728,0.9099999999998545
2024-10-29 09:35:00,2024-10-29 11:15:00,Short,2751.523333333333,2751.08,1.3299999999994725,SL Hit,2751.08,3,2217.00999999998,100.0,2.2866666666668607,-4.223333333332903
2024-10-29 11:45:00,2024-10-29 12:55:00,Long,2750.9,2749.07,-3.6599999999998545,SL Hit,2749.07,2,2213.3499999999804,70.0,-1.8400000000001455,2.3600000000001273
2024-10-29 18:55:00,2024-10-29 19:00:00,Long,2772.78,2772.4199999999996,-0.3600000000005821,SL Hit,2772.4199999999996,1,2212.98999999998,5.0,-1.180000000000291,1.319999999999709
2024-10-29 23:20:00,2024-10-29 23:50:00,Short,2773.875,2774.66,-1.569999999999709,SL Hit,2774.66,2,2211.41999999998,30.0,1.1649999999999636,-1.775000000000091
2024-10-30 01:05:00,2024-10-30 01:15:00,Long,2778.2,2775.840000000001,-2.359999999998763,SL Hit,2775.840000000001,1,2209.0599999999813,10.0,-1.199999999999818,0.7300000000000182
2024-10-30 01:15:00,2024-10-30 01:40:00,Short,2778.05,2780.6500000000005,-2.600000000000364,SL Hit,2780.6500000000005,1,2206.459999999981,25.0,3.5099999999997635,-1.0199999999999818
2024-10-30 08:40:00,2024-10-30 09:50:00,Short,2781.4733333333334,2782.98,-4.519999999999982,SL Hit,2782.98,3,2201.939999999981,70.0,2.8866666666667697,-1.9933333333333394
2024-10-30 11:20:00,2024-10-30 11:45:00,Short,2780.26,2781.4,-2.2799999999997453,SL Hit,2781.4,2,2199.659999999981,25.0,1.349999999999909,-1.3100000000004002
2024-10-30 12:45:00,2024-10-30 13:25:00,Long,2781.31,2780.5499999999997,-0.7600000000002183,SL Hit,2780.5499999999997,1,2198.899999999981,40.0,-1.7899999999999636,6.0900000000001455
2024-10-30 14:45:00,2024-10-30 15:10:00,Long,2780.34,2772.34,-8.0,SL Hit,2772.34,1,2190.899999999981,25.0,-8.329999999999927,0.9899999999997817
2024-10-30 18:40:00,2024-10-30 20:45:00,Short,2787.145,2787.71,-2.2600000000002183,SL Hit,2787.71,4,2188.639999999981,125.0,1.7449999999998909,-3.144999999999982
2024-10-30 23:45:00,2024-10-31 00:15:00,Short,2786.4,2786.79,-0.7799999999997453,SL Hit,2786.79,2,2187.859999999981,30.0,1.6199999999998909,-1.7100000000000364
2024-10-31 03:35:00,2024-10-31 05:20:00,Short,2785.2650000000003,2784.96,0.6100000000005821,SL Hit,2784.96,2,2188.4699999999816,105.0,1.5649999999995998,-3.0250000000005457
2024-10-31 05:35:00,2024-10-31 05:55:00,Short,2783.19,2784.5899999999997,-1.3999999999996362,SL Hit,2784.5899999999997,1,2187.069999999982,20.0,1.8600000000001273,-0.49000000000023647
2024-10-31 08:05:00,2024-10-31 08:50:00,Short,2779.736666666666,2779.32,1.249999999998181,SL Hit,2779.32,3,2188.31999999998,45.0,2.343333333333703,-2.586666666666133
2024-10-31 09:00:00,2024-10-31 10:00:00,Long,2778.633333333333,2777.2,-4.300000000000182,SL Hit,2777.2,3,2184.01999999998,60.0,-1.7033333333333758,1.2866666666668607
2024-10-31 10:40:00,2024-10-31 12:20:00,Long,2779.92,2778.96,-2.880000000000109,SL Hit,2778.96,3,2181.13999999998,100.0,-2.849999999999909,2.4699999999998
2024-10-31 14:35:00,2024-10-31 15:55:00,Short,2742.255,2740.18,4.150000000000546,SL Hit,2740.18,2,2185.2899999999804,80.0,5.264999999999873,-10.28500000000031
2024-10-31 17:50:00,2024-10-31 18:05:00,Short,2739.09,2741.290000000001,-2.2000000000007276,SL Hit,2741.290000000001,1,2183.0899999999797,15.0,2.8599999999996726,-0.6900000000000546
2024-10-31 18:25:00,2024-10-31 19:35:00,Long,2744.853333333333,2747.2,7.040000000000418,SL Hit,2747.2,3,2190.12999999998,70.0,-4.353333333333012,4.44666666666717
2024-10-31 23:30:00,2024-10-31 23:45:00,Long,2747.11,2746.549999999999,-0.5600000000013097,SL Hit,2746.549999999999,1,2189.569999999979,15.0,-0.8200000000001637,0.6999999999998181
2024-11-01 00:30:00,2024-11-01 01:05:00,Short,2745.64,2746.85,-2.4200000000000728,SL Hit,2746.85,2,2187.1499999999787,35.0,1.3700000000003456,-1.5399999999999636
2024-11-01 01:10:00,2024-11-01 01:20:00,Long,2746.91,2745.790000000001,-1.1199999999989814,SL Hit,2745.790000000001,1,2186.0299999999797,10.0,-1.199999999999818,0.5700000000001637
2024-11-01 03:25:00,2024-11-01 04:35:00,Long,2750.7099999999996,2750.2,-1.5299999999992906,SL Hit,2750.2,3,2184.4999999999804,70.0,-1.9699999999998,1.230000000000473
2024-11-01 06:40:00,2024-11-01 08:10:00,Short,2751.116666666667,2751.72,-1.809999999999036,SL Hit,2751.72,3,2182.6899999999814,90.0,2.2433333333333394,-3.9566666666669335
2024-11-01 09:00:00,2024-11-01 09:20:00,Short,2753.87,2764.1499999999987,-10.279999999998836,SL Hit,2764.1499999999987,1,2172.4099999999826,20.0,1.2899999999999636,-2.569999999999709
2024-11-01 09:20:00,2024-11-01 09:30:00,Long,2752.95,2751.590000000001,-1.359999999998763,SL Hit,2751.590000000001,1,2171.049999999984,10.0,-1.8599999999996726,0.7200000000002547
2024-11-01 11:15:00,2024-11-01 12:00:00,Long,2752.19,2751.85,-0.680000000000291,SL Hit,2751.85,2,2170.3699999999835,45.0,-0.650000000000091,1.6399999999998727
2024-11-01 15:15:00,2024-11-01 15:40:00,Long,2747.14,2747.14,0.0,SL Hit,2747.14,1,2170.3699999999835,25.0,-0.8599999999996726,2.730000000000018
2024-11-01 17:25:00,2024-11-01 18:35:00,Short,2738.06,2737.62,0.8800000000001091,SL Hit,2737.62,2,2171.2499999999836,70.0,2.4099999999998545,-4.860000000000127
2024-11-01 18:45:00,2024-11-01 19:00:00,Long,2736.65,2735.2500000000005,-1.3999999999996362,SL Hit,2735.2500000000005,1,2169.849999999984,15.0,-2.4100000000003092,0.7799999999997453
2024-11-01 20:45:00,2024-11-03 23:00:00,Long,2734.58,2734.26,-0.31999999999970896,SL Hit,2734.26,1,2169.5299999999843,3015.0,-3.6700000000000728,12.11999999999989
2024-11-04 01:10:00,2024-11-04 01:50:00,Short,2737.31,2739.56,-4.5,SL Hit,2739.56,2,2165.0299999999843,40.0,3.019999999999982,-2.1100000000001273
2024-11-04 03:35:00,2024-11-04 04:05:00,Long,2741.05,2740.46,-1.180000000000291,SL Hit,2740.46,2,2163.849999999984,30.0,-0.6400000000003274,1.2300000000000182
2024-11-04 04:10:00,2024-11-04 04:35:00,Short,2741.4049999999997,2741.78,-0.7500000000009095,SL Hit,2741.78,2,2163.099999999983,25.0,0.37500000000045475,-1.694999999999709
2024-11-04 12:15:00,2024-11-04 12:20:00,Long,2740.89,2740.73,-0.15999999999985448,SL Hit,2740.73,1,2162.9399999999832,5.0,-0.7100000000000364,1.1700000000000728
2024-11-04 12:55:00,2024-11-04 13:10:00,Long,2742.45,2741.930000000001,-0.5199999999986176,SL Hit,2741.930000000001,1,2162.4199999999846,15.0,-0.6499999999996362,1.9400000000000546
2024-11-04 15:05:00,2024-11-04 15:30:00,Long,2742.875,2740.9,-3.949999999999818,SL Hit,2740.9,2,2158.469999999985,25.0,-3.9149999999999636,2.275000000000091
2024-11-04 17:15:00,2024-11-04 17:20:00,Short,2734.83,2741.3099999999995,-6.479999999999563,SL Hit,2741.3099999999995,1,2151.9899999999852,5.0,1.6700000000000728,-1.6199999999998909
2024-11-04 17:20:00,2024-11-04 20:00:00,Long,2737.0650000000005,2737.1,0.2099999999963984,SL Hit,2737.1,6,2152.1999999999816,160.0,-2.755000000000564,2.4249999999992724
2024-11-04 20:05:00,2024-11-05 03:30:00,Short,2734.7775,2730.29,17.950000000000728,SL Hit,2730.29,4,2170.1499999999824,445.0,3.4825000000000728,-9.84750000000031
2024-11-05 04:50:00,2024-11-05 05:15:00,Short,2734.98,2735.33,-0.6999999999998181,SL Hit,2735.33,2,2169.4499999999825,25.0,1.2899999999999636,-1.1399999999998727
2024-11-05 09:35:00,2024-11-05 11:00:00,Short,2738.813333333333,2739.48,-2.0000000000009095,SL Hit,2739.48,3,2167.4499999999816,85.0,3.796666666667079,-3.08333333333303
2024-11-05 11:10:00,2024-11-05 11:15:00,Long,2739.36,2739.36,0.0,SL Hit,2739.36,1,2167.4499999999816,5.0,-1.2600000000002183,0.900000000000091
2024-11-05 13:40:00,2024-11-05 14:45:00,Long,2743.37,2742.9,-0.9399999999995998,SL Hit,2742.9,2,2166.509999999982,65.0,-1.2999999999997272,6.329999999999927
2024-11-05 14:50:00,2024-11-05 17:10:00,Short,2741.4700000000003,2741.08,1.5600000000013097,SL Hit,2741.08,4,2168.0699999999833,140.0,5.289999999999964,-8.180000000000291
2024-11-05 18:10:00,2024-11-05 18:15:00,Long,2742.03,2738.27,-3.7600000000002183,SL Hit,2738.27,1,2164.309999999983,5.0,-1.4200000000000728,1.0099999999997635
2024-11-05 18:15:00,2024-11-05 20:50:00,Short,2741.15,2741.77,-1.8599999999996726,SL Hit,2741.77,3,2162.4499999999834,155.0,1.0099999999997635,-2.25
2024-11-05 23:45:00,2024-11-06 01:15:00,Short,2741.1274999999996,2739.86,5.06999999999789,SL Hit,2739.86,4,2167.5199999999813,90.0,4.932500000000346,-8.017499999999472
2024-11-06 01:20:00,2024-11-06 02:30:00,Long,2742.295,2742.68,0.7699999999995271,SL Hit,2742.68,2,2168.289999999981,70.0,-3.8350000000000364,7.014999999999873
2024-11-06 02:50:00,2024-11-06 04:35:00,Short,2738.2333333333336,2738.98,-2.239999999999327,SL Hit,2738.98,3,2166.0499999999815,105.0,6.2266666666664605,-6.583333333333485
2024-11-06 04:40:00,2024-11-06 05:10:00,Long,2739.28,2739.28,0.0,SL Hit,2739.28,1,2166.0499999999815,30.0,-0.7699999999999818,3.9599999999995816
2024-11-06 06:05:00,2024-11-06 08:15:00,Short,2727.3549999999996,2728.01,-2.6200000000026193,SL Hit,2728.01,4,2163.429999999979,130.0,10.145000000000437,-25.2849999999994
2024-11-06 09:30:00,2024-11-06 10:25:00,Short,2722.8500000000004,2726.37,-7.039999999999054,SL Hit,2726.37,2,2156.38999999998,55.0,3.619999999999436,-6.300000000000182
2024-11-06 10:30:00,2024-11-06 10:35:00,Long,2725.58,2725.58,0.0,SL Hit,2725.58,1,2156.38999999998,5.0,-0.6900000000000546,1.2100000000000364
2024-11-06 10:45:00,2024-11-06 14:10:00,Short,2700.6519999999996,2666.25,172.00999999999794,SL Hit,2666.25,5,2328.399999999978,205.0,21.81800000000021,-41.80199999999968
2024-11-06 15:00:00,2024-11-06 15:05:00,Short,2660.47,2669.309999999998,-8.839999999998327,SL Hit,2669.309999999998,1,2319.5599999999795,5.0,4.160000000000309,-2.8799999999996544
2024-11-06 15:05:00,2024-11-06 16:10:00,Long,2666.36,2670.16,7.599999999999454,SL Hit,2670.16,2,2327.159999999979,65.0,-8.769999999999982,11.059999999999945
2024-11-06 17:05:00,2024-11-06 18:20:00,Short,2668.3450000000003,2669.06,-1.4299999999993815,SL Hit,2669.06,2,2325.7299999999796,75.0,1.0649999999995998,-6.6850000000004
2024-11-06 21:30:00,2024-11-06 23:00:00,Short,2659.835,2660.87,-2.069999999999709,SL Hit,2660.87,2,2323.65999999998,90.0,1.6549999999997453,-1.7449999999998909
2024-11-07 00:35:00,2024-11-07 00:40:00,Long,2662.76,2662.5999999999985,-0.16000000000167347,SL Hit,2662.5999999999985,1,2323.499999999978,5.0,-1.5600000000004002,0.7699999999999818
2024-11-07 01:05:00,2024-11-07 02:00:00,Short,2656.085,2650.95,10.270000000000437,SL Hit,2650.95,2,2333.7699999999786,55.0,7.554999999999836,-9.525000000000091
2024-11-07 07:05:00,2024-11-07 08:30:00,Long,2660.295,2661.8,3.0100000000002183,SL Hit,2661.8,2,2336.779999999979,85.0,-3.224999999999909,7.114999999999782
2024-11-07 08:35:00,2024-11-07 09:20:00,Short,2661.14,2662.87,-3.4600000000000364,SL Hit,2662.87,2,2333.319999999979,45.0,2.75,-3.7100000000000364
2024-11-07 09:55:00,2024-11-07 10:10:00,Short,2661.92,2664.32,-4.800000000000182,SL Hit,2664.32,2,2328.5199999999786,15.0,3.299999999999727,-2.099999999999909
2024-11-07 10:45:00,2024-11-07 11:00:00,Long,2666.57,2665.73,-0.8400000000001455,SL Hit,2665.73,1,2327.6799999999785,15.0,-1.8900000000003274,1.6499999999996362
2024-11-07 12:00:00,2024-11-07 16:10:00,Long,2682.132,2695.73,67.98999999999978,SL Hit,2695.73,5,2395.6699999999782,250.0,-17.61200000000008,17.78800000000001
2024-11-07 16:15:00,2024-11-07 17:10:00,Short,2695.33,2697.52,-4.380000000000109,SL Hit,2697.52,2,2391.289999999978,55.0,2.9700000000002547,-4.269999999999982
2024-11-07 17:55:00,2024-11-07 19:30:00,Short,2696.4449999999997,2694.15,9.179999999998472,SL Hit,2694.15,4,2400.4699999999766,95.0,3.305000000000291,-7.214999999999691
2024-11-07 19:35:00,2024-11-07 19:40:00,Long,2694.54,2690.0199999999995,-4.520000000000437,SL Hit,2690.0199999999995,1,2395.949999999976,5.0,-6.230000000000018,0.7100000000000364
2024-11-07 19:55:00,2024-11-08 01:00:00,Long,2702.45,2705.3,11.400000000001455,SL Hit,2705.3,4,2407.3499999999776,305.0,-9.460000000000036,7.470000000000255
2024-11-08 01:40:00,2024-11-08 04:15:00,Short,2698.75,2695.78,17.8199999999988,SL Hit,2695.78,6,2425.1699999999764,155.0,3.650000000000091,-4.849999999999909
2024-11-08 12:50:00,2024-11-08 13:00:00,Long,2690.84,2690.16,-0.680000000000291,SL Hit,2690.16,1,2424.489999999976,10.0,-1.1400000000003274,2.0899999999996908
2024-11-08 13:25:00,2024-11-08 13:35:00,Long,2693.25,2691.49,-1.7600000000002183,SL Hit,2691.49,1,2422.729999999976,10.0,-2.699999999999818,2.9600000000000364
2024-11-08 14:35:00,2024-11-08 17:55:00,Short,2689.69,2688.2,5.960000000000946,SL Hit,2688.2,4,2428.689999999977,200.0,8.389999999999873,-6.019999999999982
2024-11-08 18:35:00,2024-11-08 19:30:00,Short,2685.3199999999997,2685.24,0.15999999999985448,SL Hit,2685.24,2,2428.8499999999767,55.0,0.9100000000003092,-2.0599999999994907
2024-11-08 19:35:00,2024-11-08 20:50:00,Long,2686.4266666666667,2686.83,1.2099999999995816,SL Hit,2686.83,3,2430.0599999999763,75.0,-1.7366666666666788,1.9833333333331211
2024-11-11 06:15:00,2024-11-11 07:05:00,Long,2671.66,2671.5,-0.31999999999970896,SL Hit,2671.5,2,2429.7399999999766,50.0,-2.1599999999998545,2.180000000000291
2024-11-11 08:00:00,2024-11-11 08:10:00,Short,2669.25,2670.6499999999996,-1.3999999999996362,SL Hit,2670.6499999999996,1,2428.339999999977,10.0,2.1700000000000728,-0.44000000000005457
2024-11-11 08:30:00,2024-11-11 10:00:00,Short,2668.48,2667.72,3.040000000000873,SL Hit,2667.72,4,2431.379999999978,90.0,2.0900000000001455,-3.9400000000000546
2024-11-11 12:35:00,2024-11-11 12:55:00,Long,2659.605,2657.91,-3.3900000000003274,SL Hit,2657.91,2,2427.9899999999775,20.0,-2.144999999999982,2.474999999999909
2024-11-11 14:30:00,2024-11-11 15:05:00,Short,2624.165,2625.91,-3.4899999999997817,SL Hit,2625.91,2,2424.4999999999777,35.0,3.324999999999818,-6.304999999999836
2024-11-11 15:35:00,2024-11-11 16:30:00,Short,2615.76,2616.46,-1.3999999999996362,SL Hit,2616.46,2,2423.099999999978,55.0,2.769999999999982,-2.9200000000000728
2024-11-11 17:10:00,2024-11-11 18:35:00,Short,2614.51,2615.43,-1.839999999999236,SL Hit,2615.43,2,2421.259999999979,85.0,1.2299999999995634,-3.8400000000001455
2024-11-12 04:45:00,2024-11-12 10:45:00,Short,2604.182,2595.61,85.71999999999662,SL Hit,2595.61,10,2506.9799999999755,360.0,13.758000000000266,-14.351999999999862
2024-11-12 15:00:00,2024-11-12 17:50:00,Short,2601.9919999999997,2596.77,26.109999999998763,SL Hit,2596.77,5,2533.089999999974,170.0,8.858000000000175,-9.271999999999935
2024-11-12 20:00:00,2024-11-12 20:35:00,Short,2598.4,2599.06,-1.319999999999709,SL Hit,2599.06,2,2531.7699999999745,35.0,0.7899999999999636,-2.519999999999982
2024-11-12 21:25:00,2024-11-12 23:10:00,Short,2598.075,2598.25,-0.3500000000003638,SL Hit,2598.25,2,2531.419999999974,105.0,0.875,-2.074999999999818
2024-11-12 23:40:00,2024-11-12 23:45:00,Short,2598.47,2599.109999999999,-0.6399999999994179,SL Hit,2599.109999999999,1,2530.7799999999747,5.0,0.9900000000002365,-0.15999999999985448
2024-11-13 00:45:00,2024-11-13 04:40:00,Long,2605.6,2609.36,22.56000000000131,SL Hit,2609.36,6,2553.339999999976,235.0,-6.940000000000055,7.550000000000182
2024-11-13 05:15:00,2024-11-13 05:55:00,Short,2605.795,2606.4,-1.2100000000000364,SL Hit,2606.4,2,2552.129999999976,40.0,1.275000000000091,-2.1150000000002365
2024-11-13 06:00:00,2024-11-13 06:10:00,Long,2605.45,2605.45,0.0,SL Hit,2605.45,1,2552.129999999976,10.0,-0.6199999999998909,1.7699999999999818
2024-11-13 07:30:00,2024-11-13 08:00:00,Long,2605.57,2604.89,-0.680000000000291,SL Hit,2604.89,1,2551.4499999999757,30.0,-1.8700000000003456,1.5
2024-11-13 09:30:00,2024-11-13 09:35:00,Long,2609.78,2609.5799999999995,-0.2000000000007276,SL Hit,2609.5799999999995,1,2551.249999999975,5.0,-0.7200000000002547,1.4899999999997817
2024-11-13 11:15:00,2024-11-13 11:30:00,Long,2609.6,2607.36,-2.2399999999997817,SL Hit,2607.36,1,2549.009999999975,15.0,-2.5,0.2699999999999818
2024-11-13 13:05:00,2024-11-13 13:30:00,Short,2608.995,2610.78,-3.5700000000006185,SL Hit,2610.78,2,2545.4399999999746,25.0,8.875,-1.9849999999996726
2024-11-13 13:35:00,2024-11-13 13:40:00,Long,2611.0,2611.0,0.0,SL Hit,2611.0,1,2545.4399999999746,5.0,-0.7199999999997999,3.0700000000001637
2024-11-13 14:45:00,2024-11-13 18:50:00,Short,2592.7760000000003,2583.5,46.38000000000147,SL Hit,2583.5,5,2591.819999999976,245.0,15.293999999999869,-14.816000000000258
2024-11-13 20:00:00,2024-11-13 21:05:00,Short,2577.0699999999997,2576.44,1.8899999999989632,SL Hit,2576.44,3,2593.709999999975,65.0,3.7600000000002183,-3.9799999999995634
2024-11-13 21:50:00,2024-11-13 23:20:00,Short,2573.89,2578.2499999999986,-4.359999999998763,SL Hit,2578.2499999999986,1,2589.3499999999763,90.0,6.610000000000127,-2.1299999999996544
2024-11-13 23:40:00,2024-11-14 01:30:00,Short,2570.2675,2569.04,4.9099999999998545,SL Hit,2569.04,4,2594.259999999976,110.0,4.192500000000109,-4.577499999999873
2024-11-14 01:55:00,2024-11-14 03:15:00,Short,2563.92,2564.45,-1.0599999999994907,SL Hit,2564.45,2,2593.1999999999766,80.0,2.9200000000000728,-5.019999999999982
2024-11-14 03:20:00,2024-11-14 03:50:00,Long,2563.21,2560.13,-3.0799999999999272,SL Hit,2560.13,1,2590.1199999999767,30.0,-3.099999999999909,0.650000000000091
2024-11-14 04:00:00,2024-11-14 04:45:00,Short,2561.4449999999997,2562.91,-2.930000000000291,SL Hit,2562.91,2,2587.1899999999764,45.0,1.4650000000001455,-3.3449999999998
2024-11-14 05:30:00,2024-11-14 07:30:00,Short,2557.7275,2556.8,3.709999999999127,SL Hit,2556.8,4,2590.8999999999755,120.0,2.5925000000002,-7.417500000000018
2024-11-14 08:15:00,2024-11-14 08:55:00,Long,2557.33,2555.13,-4.399999999999636,SL Hit,2555.13,2,2586.499999999976,40.0,-2.7799999999997453,0.9900000000002365
2024-11-14 09:00:00,2024-11-14 11:00:00,Short,2552.65,2547.47,15.540000000000873,SL Hit,2547.47,3,2602.0399999999768,120.0,5.460000000000036,-15.090000000000146
2024-11-14 11:05:00,2024-11-14 11:25:00,Long,2546.795,2545.49,-2.610000000000582,SL Hit,2545.49,2,2599.429999999976,20.0,-1.5050000000001091,1.5149999999998727
2024-11-14 12:10:00,2024-11-14 12:45:00,Long,2554.105,2552.23,-3.75,SL Hit,2552.23,2,2595.679999999976,35.0,-3.1849999999999454,2.224999999999909
2024-11-14 12:55:00,2024-11-14 13:35:00,Short,2553.575,2556.24,-5.329999999999927,SL Hit,2556.24,2,2590.3499999999763,40.0,4.9350000000004,-2.144999999999982
2024-11-14 19:35:00,2024-11-14 20:00:00,Long,2575.21,2571.29,-3.9200000000000728,SL Hit,2571.29,1,2586.429999999976,25.0,-6.220000000000255,1.4200000000000728
2024-11-14 23:45:00,2024-11-15 00:25:00,Long,2566.735,2566.2,-1.0700000000006185,SL Hit,2566.2,2,2585.3599999999756,40.0,-0.875,0.43499999999994543
2024-11-15 02:50:00,2024-11-15 03:15:00,Long,2569.92,2569.08,-0.8400000000001455,SL Hit,2569.08,1,2584.5199999999754,25.0,-1.2400000000002365,0.7599999999997635
2024-11-15 04:25:00,2024-11-15 04:40:00,Short,2568.07,2569.23,-1.1599999999998545,SL Hit,2569.23,1,2583.3599999999756,15.0,1.2599999999997635,-0.47000000000025466
2024-11-15 04:55:00,2024-11-15 07:15:00,Short,2563.965,2563.36,1.2100000000000364,SL Hit,2563.36,2,2584.5699999999756,140.0,3.4349999999999454,-9.00500000000011
2024-11-15 07:55:00,2024-11-15 08:25:00,Long,2564.165,2562.17,-3.9899999999997817,SL Hit,2562.17,2,2580.579999999976,30.0,-2.994999999999891,2.425000000000182
2024-11-15 14:10:00,2024-11-15 15:20:00,Long,2572.7400000000002,2571.19,-4.650000000000546,SL Hit,2571.19,3,2575.9299999999753,70.0,-5.160000000000309,2.769999999999982
2024-11-15 17:00:00,2024-11-15 18:20:00,Short,2562.483333333333,2564.49,-6.019999999999982,SL Hit,2564.49,3,2569.9099999999753,80.0,2.3366666666670426,-3.283333333333303
2024-11-18 03:50:00,2024-11-18 04:10:00,Short,2589.11,2591.43,-2.319999999999709,SL Hit,2591.43,1,2567.5899999999756,20.0,2.4299999999998363,-0.6400000000003274
2024-11-18 04:20:00,2024-11-18 05:00:00,Long,2591.795,2590.74,-2.110000000000582,SL Hit,2590.74,2,2565.479999999975,40.0,-1.6649999999999636,1.1449999999999818
2024-11-18 07:15:00,2024-11-18 08:05:00,Short,2583.5766666666664,2584.3,-2.170000000001437,SL Hit,2584.3,3,2563.3099999999736,50.0,3.1833333333338487,-1.9466666666662604
2024-11-18 09:25:00,2024-11-18 09:35:00,Long,2589.76,2589.76,0.0,SL Hit,2589.76,1,2563.3099999999736,10.0,-0.25,3.1899999999996
2024-11-18 13:10:00,2024-11-18 13:20:00,Long,2594.66,2594.380000000001,-0.27999999999883585,SL Hit,2594.380000000001,1,2563.0299999999747,10.0,-1.1799999999998363,3.7400000000002365
2024-11-18 15:15:00,2024-11-18 15:20:00,Long,2609.04,2608.88,-0.15999999999985448,SL Hit,2608.88,1,2562.869999999975,5.0,-0.3200000000001637,1.8699999999998909
2024-11-18 16:35:00,2024-11-18 18:50:00,Short,2610.1150000000002,2610.34,-0.8999999999996362,SL Hit,2610.34,4,2561.9699999999752,135.0,2.274999999999636,-2.7650000000003274
2024-11-18 20:00:00,2024-11-18 20:35:00,Long,2609.285,2608.5,-1.569999999999709,SL Hit,2608.5,2,2560.3999999999755,35.0,-0.8049999999998363,2.1550000000002
2024-11-18 20:40:00,2024-11-18 21:15:00,Short,2609.615,2610.77,-2.3100000000004,SL Hit,2610.77,2,2558.089999999975,35.0,1.425000000000182,-2.3149999999996
2024-11-18 21:40:00,2024-11-18 21:55:00,Long,2611.51,2611.51,0.0,SL Hit,2611.51,1,2558.089999999975,15.0,-0.21000000000003638,0.6899999999995998
2024-11-19 00:35:00,2024-11-19 00:40:00,Long,2612.24,2611.5600000000013,-0.679999999998472,SL Hit,2611.5600000000013,1,2557.4099999999767,5.0,-1.0399999999999636,0.5700000000001637
2024-11-19 01:00:00,2024-11-19 01:30:00,Long,2613.75,2613.3099999999995,-0.4400000000005093,SL Hit,2613.3099999999995,1,2556.969999999976,30.0,-1.9299999999998363,3.9099999999998545
2024-11-19 05:05:00,2024-11-19 06:00:00,Short,2622.3599999999997,2623.24,-1.7600000000002183,SL Hit,2623.24,2,2555.209999999976,55.0,1.7800000000002,-1.569999999999709
2024-11-19 08:25:00,2024-11-19 08:30:00,Long,2619.84,2619.199999999999,-0.6400000000012369,SL Hit,2619.199999999999,1,2554.5699999999747,5.0,-0.6700000000000728,0.9699999999997999
2024-11-19 09:20:00,2024-11-19 11:30:00,Long,2632.648,2634.17,7.609999999999673,SL Hit,2634.17,5,2562.1799999999744,130.0,-4.378000000000156,3.6520000000000437
2024-11-19 13:55:00,2024-11-19 16:15:00,Short,2629.2500000000005,2627.02,11.150000000002365,SL Hit,2627.02,5,2573.3299999999767,140.0,7.459999999999582,-8.170000000000528
2024-11-19 21:40:00,2024-11-19 21:45:00,Long,2631.98,2631.6199999999994,-0.3600000000005821,SL Hit,2631.6199999999994,1,2572.969999999976,5.0,-0.9800000000000182,0.8400000000001455
2024-11-20 04:30:00,2024-11-20 05:40:00,Short,2637.085,2637.56,-0.9499999999998181,SL Hit,2637.56,2,2572.0199999999763,70.0,1.2649999999998727,-2.175000000000182
2024-11-20 06:05:00,2024-11-20 08:50:00,Short,2629.0975,2623.42,22.709999999999127,SL Hit,2623.42,4,2594.7299999999755,165.0,6.512500000000273,-9.27749999999969
2024-11-20 09:40:00,2024-11-20 09:50:00,Long,2622.46,2621.7400000000007,-0.7199999999993452,SL Hit,2621.7400000000007,1,2594.009999999976,10.0,-1.2200000000002547,1.0
2024-11-20 09:55:00,2024-11-20 10:15:00,Short,2622.295,2622.95,-1.3099999999994907,SL Hit,2622.95,2,2592.6999999999766,20.0,1.6749999999997272,-1.3450000000002547
2024-11-20 16:25:00,2024-11-20 18:15:00,Long,2650.5575,2648.6,-7.829999999999927,SL Hit,2648.6,4,2584.8699999999767,110.0,-2.707499999999982,4.502500000000055
2024-11-20 23:10:00,2024-11-20 23:15:00,Short,2649.18,2649.4199999999996,-0.23999999999978172,SL Hit,2649.4199999999996,1,2584.629999999977,5.0,0.3200000000001637,-0.05999999999994543
2024-11-21 03:05:00,2024-11-21 03:25:00,Short,2652.23,2654.0299999999993,-1.7999999999992724,SL Hit,2654.0299999999993,1,2582.8299999999776,20.0,2.3400000000001455,-0.9099999999998545
2024-11-21 04:15:00,2024-11-21 04:20:00,Long,2657.15,2656.47,-0.680000000000291,SL Hit,2656.47,1,2582.1499999999774,5.0,-1.349999999999909,0.29999999999972715
2024-11-21 05:15:00,2024-11-21 05:40:00,Short,2655.385,2656.22,-1.6699999999991633,SL Hit,2656.22,2,2580.479999999978,25.0,1.3549999999995634,-0.9850000000001273
2024-11-21 05:55:00,2024-11-21 07:15:00,Long,2659.6466666666665,2660.19,1.6300000000005639,SL Hit,2660.19,3,2582.1099999999788,80.0,-3.3566666666665697,2.313333333333503
2024-11-21 07:25:00,2024-11-21 08:10:00,Long,2662.79,2662.31,-0.9600000000000364,SL Hit,2662.31,2,2581.1499999999787,45.0,-1.7799999999997453,1.4800000000000182
2024-11-21 09:45:00,2024-11-21 10:35:00,Short,2666.4266666666667,2668.8,-7.120000000000346,SL Hit,2668.8,3,2574.0299999999784,50.0,3.233333333333121,-2.986666666666679
2024-11-21 11:05:00,2024-11-21 12:05:00,Long,2668.99,2668.470000000001,-0.5199999999986176,SL Hit,2668.470000000001,1,2573.5099999999798,60.0,-3.299999999999727,4.320000000000164
2024-11-21 12:45:00,2024-11-21 14:00:00,Short,2665.2166666666667,2667.08,-5.589999999999691,SL Hit,2667.08,3,2567.91999999998,75.0,2.6933333333331575,-4.216666666666697
2024-11-21 14:10:00,2024-11-21 14:50:00,Long,2667.96,2663.96,-4.0,SL Hit,2663.96,1,2563.91999999998,40.0,-6.449999999999818,3.380000000000109
2024-11-21 19:55:00,2024-11-21 20:50:00,Short,2669.6333333333337,2670.65,-3.0499999999992724,SL Hit,2670.65,3,2560.869999999981,55.0,1.8666666666663332,-1.7333333333335759
2024-11-21 21:45:00,2024-11-21 23:50:00,Short,2669.5225,2669.59,-0.27000000000043656,SL Hit,2669.59,4,2560.5999999999804,125.0,0.8074999999998909,-2.5225000000000364
2024-11-21 23:55:00,2024-11-22 00:15:00,Short,2669.49,2672.7299999999996,-3.2399999999997817,SL Hit,2672.7299999999996,1,2557.3599999999806,20.0,3.550000000000182,-0.8099999999999454
2024-11-22 06:10:00,2024-11-22 09:15:00,Long,2691.6079999999997,2694.76,15.760000000002492,SL Hit,2694.76,5,2573.119999999983,185.0,-5.467999999999847,8.39200000000028
2024-11-22 10:20:00,2024-11-22 11:15:00,Long,2706.713333333333,2705.65,-3.189999999999145,SL Hit,2705.65,3,2569.929999999984,55.0,-3.9633333333331393,3.196666666666715
2024-11-22 14:25:00,2024-11-22 15:20:00,Short,2692.595,2698.05,-10.910000000000764,SL Hit,2698.05,2,2559.019999999983,55.0,5.705000000000382,-8.084999999999582
2024-11-22 17:45:00,2024-11-22 17:50:00,Short,2705.43,2706.6699999999996,-1.2399999999997817,SL Hit,2706.6699999999996,1,2557.7799999999834,5.0,1.2800000000002,-0.30999999999994543
2024-11-22 17:55:00,2024-11-22 19:40:00,Long,2709.045,2709.3,1.0200000000004366,SL Hit,2709.3,4,2558.799999999984,105.0,-2.755000000000109,2.2849999999998545
2024-11-22 20:10:00,2024-11-22 21:10:00,Short,2706.585,2708.64,-4.109999999999673,SL Hit,2708.64,2,2554.689999999984,60.0,2.2049999999999272,-1.5149999999998727
2024-11-25 15:55:00,2024-11-25 16:30:00,Short,2630.325,2634.17,-7.690000000000509,SL Hit,2634.17,2,2546.9999999999836,35.0,5.795000000000073,-3.774999999999636
2024-11-25 21:25:00,2024-11-25 23:10:00,Short,2626.38,2627.500000000001,-1.1200000000008004,SL Hit,2627.500000000001,1,2545.879999999983,105.0,1.1900000000000546,-1.1199999999998909
2024-11-26 01:05:00,2024-11-26 02:40:00,Long,2626.8566666666666,2625.74,-3.350000000000364,SL Hit,2625.74,3,2542.5299999999825,95.0,-4.366666666666788,4.983333333333576
2024-11-26 03:30:00,2024-11-26 04:10:00,Long,2629.115,2629.34,0.4500000000007276,SL Hit,2629.34,2,2542.979999999983,40.0,-2.0149999999998727,2.1450000000004366
2024-11-26 10:10:00,2024-11-26 11:00:00,Long,2630.1033333333335,2629.49,-1.840000000001055,SL Hit,2629.49,3,2541.139999999982,50.0,-2.7033333333333758,2.6566666666667516
2024-11-26 11:40:00,2024-11-26 11:45:00,Long,2631.15,2631.15,0.0,SL Hit,2631.15,1,2541.139999999982,5.0,-0.05999999999994543,1.5499999999997272
2024-11-26 11:50:00,2024-11-26 12:05:00,Long,2631.1,2631.1,0.0,SL Hit,2631.1,1,2541.139999999982,15.0,-0.03999999999996362,2.230000000000018
2024-11-26 12:30:00,2024-11-26 13:00:00,Short,2631.535,2632.66,-2.25,SL Hit,2632.66,2,2538.889999999982,30.0,6.2150000000001455,-1.8849999999997635
2024-11-26 13:35:00,2024-11-26 15:20:00,Short,2626.68,2625.11,4.709999999999127,SL Hit,2625.11,3,2543.5999999999813,105.0,7.350000000000364,-9.329999999999927
2024-11-26 16:45:00,2024-11-26 17:00:00,Long,2629.08,2627.7199999999993,-1.360000000000582,SL Hit,2627.7199999999993,1,2542.2399999999807,15.0,-2.119999999999891,1.599999999999909
2024-11-26 21:25:00,2024-11-26 21:40:00,Long,2632.51,2631.75,-0.7600000000002183,SL Hit,2631.75,1,2541.4799999999805,15.0,-0.900000000000091,0.599999999999909
2024-11-27 02:05:00,2024-11-27 03:05:00,Long,2634.8900000000003,2636.64,3.4999999999990905,SL Hit,2636.64,2,2544.9799999999796,60.0,-3.0100000000002183,5.489999999999782
2024-11-27 03:10:00,2024-11-27 03:25:00,Short,2636.66,2639.0599999999995,-2.399999999999636,SL Hit,2639.0599999999995,1,2542.57999999998,15.0,2.5399999999999636,-0.599999999999909
2024-11-27 06:50:00,2024-11-27 08:15:00,Long,2645.91,2646.0,0.18000000000029104,SL Hit,2646.0,2,2542.75999999998,85.0,-2.1700000000000728,2.550000000000182
2024-11-27 08:20:00,2024-11-27 08:25:00,Short,2649.15,2661.7099999999996,-12.55999999999949,SL Hit,2661.7099999999996,1,2530.1999999999807,5.0,-0.0,-3.25
2024-11-27 08:25:00,2024-11-27 08:35:00,Long,2645.96,2645.7200000000003,-0.23999999999978172,SL Hit,2645.7200000000003,1,2529.959999999981,10.0,-0.5900000000001455,2.5700000000001637
2024-11-27 09:35:00,2024-11-27 11:35:00,Short,2648.485,2649.06,-3.4499999999989086,SL Hit,2649.06,6,2526.509999999982,120.0,2.125,-3.4149999999999636
2024-11-27 19:20:00,2024-11-27 20:05:00,Short,2636.5,2636.34,0.31999999999970896,SL Hit,2636.34,2,2526.8299999999817,45.0,2.1799999999998363,-2.599999999999909
2024-11-27 23:55:00,2024-11-28 00:30:00,Short,2636.84,2637.14,-0.5999999999994543,SL Hit,2637.14,2,2526.2299999999823,35.0,1.0399999999999636,-1.4900000000002365
2024-11-28 05:05:00,2024-11-28 05:25:00,Short,2631.37,2638.05,-6.680000000000291,SL Hit,2638.05,1,2519.549999999982,20.0,2.0300000000002,-1.6700000000000728
2024-11-28 05:25:00,2024-11-28 11:20:00,Long,2639.0711111111104,2646.8,69.56000000000768,SL Hit,2646.8,9,2589.1099999999897,355.0,-9.17111111111035,10.088888888889414
2024-11-28 11:30:00,2024-11-28 12:35:00,Short,2646.48,2646.72,-0.7199999999993452,SL Hit,2646.72,3,2588.3899999999903,65.0,0.9899999999997817,-2.6799999999998363
2024-11-28 13:50:00,2024-11-28 14:20:00,Long,2646.395,2645.56,-1.6700000000000728,SL Hit,2645.56,2,2586.7199999999903,30.0,-1.3649999999997817,1.324999999999818
2024-11-28 17:25:00,2024-11-28 23:55:00,Short,2639.275,2638.62,2.6200000000008004,SL Hit,2638.62,4,2589.339999999991,390.0,2.4850000000001273,-2.175000000000182
2024-11-29 04:45:00,2024-11-29 05:05:00,Long,2659.9799999999996,2659.51,-0.9399999999986903,SL Hit,2659.51,2,2588.3999999999924,20.0,-0.5799999999994725,0.9900000000002365
2024-11-29 05:10:00,2024-11-29 05:25:00,Short,2660.89,2662.1299999999997,-1.2399999999997817,SL Hit,2662.1299999999997,1,2587.1599999999926,15.0,2.1200000000003456,-0.9899999999997817
2024-11-29 08:30:00,2024-11-29 09:10:00,Short,2658.625,2660.35,-3.449999999999818,SL Hit,2660.35,2,2583.7099999999928,40.0,2.3850000000002183,-4.525000000000091
2024-11-29 11:50:00,2024-11-29 13:20:00,Short,2660.9533333333334,2661.6,-1.9399999999995998,SL Hit,2661.6,3,2581.769999999993,90.0,3.416666666666515,-4.013333333333321
2024-11-29 14:50:00,2024-11-29 15:40:00,Short,2654.45,2655.99,-3.0799999999999272,SL Hit,2655.99,2,2578.6899999999932,50.0,1.9400000000000546,-4.049999999999727
2024-11-29 16:30:00,2024-11-29 17:05:00,Long,2661.315,2659.67,-3.2899999999999636,SL Hit,2659.67,2,2575.3999999999933,35.0,-1.7049999999999272,0.8150000000000546
2024-11-29 18:15:00,2024-12-02 01:40:00,Short,2642.898333333333,2634.83,48.409999999998945,SL Hit,2634.83,6,2623.809999999992,3325.0,16.771666666666988,-19.71833333333325
2024-12-02 05:10:00,2024-12-02 07:05:00,Short,2626.616666666667,2627.53,-2.7400000000002365,SL Hit,2627.53,3,2621.069999999992,115.0,1.5733333333332666,-4.626666666667006
2024-12-02 09:10:00,2024-12-02 10:40:00,Long,2633.146666666667,2634.88,5.199999999999363,SL Hit,2634.88,3,2626.2699999999913,90.0,-3.3566666666670244,4.433333333332939
2024-12-02 12:50:00,2024-12-02 13:20:00,Short,2640.585,2642.88,-4.5900000000001455,SL Hit,2642.88,2,2621.679999999991,30.0,5.804999999999836,-3.3650000000002365
2024-12-02 15:05:00,2024-12-02 18:50:00,Short,2641.3475,2637.2,33.18000000000029,SL Hit,2637.2,8,2654.8599999999915,225.0,7.622499999999945,-8.447499999999764
2024-12-02 18:55:00,2024-12-02 19:10:00,Long,2636.77,2636.77,0.0,SL Hit,2636.77,1,2654.8599999999915,15.0,-0.09999999999990905,1.4099999999998545
2024-12-02 21:25:00,2024-12-02 21:55:00,Short,2637.12,2639.5599999999986,-2.4399999999986903,SL Hit,2639.5599999999986,1,2652.419999999993,30.0,1.8800000000001091,-0.6099999999996726
2024-12-02 21:55:00,2024-12-03 00:50:00,Long,2641.16,2641.7,3.2399999999997817,SL Hit,2641.7,6,2655.6599999999926,175.0,-3.5599999999999454,2.980000000000018
2024-12-03 05:40:00,2024-12-03 06:10:00,Short,2639.72,2644.1599999999985,-4.43999999999869,SL Hit,2644.1599999999985,1,2651.219999999994,30.0,6.519999999999982,-1.1099999999996726
2024-12-03 07:40:00,2024-12-03 07:50:00,Short,2644.79,2645.829999999999,-1.0399999999990541,SL Hit,2645.829999999999,1,2650.179999999995,10.0,1.1399999999998727,-0.38000000000010914
2024-12-03 08:00:00,2024-12-03 08:50:00,Short,2642.645,2642.12,1.050000000000182,SL Hit,2642.12,2,2651.229999999995,50.0,2.675000000000182,-3.375
2024-12-03 10:40:00,2024-12-03 11:15:00,Short,2643.29,2644.71,-2.8400000000001455,SL Hit,2644.71,2,2648.389999999995,35.0,1.7699999999999818,-0.75
2024-12-03 12:05:00,2024-12-03 13:05:00,Short,2641.52,2641.79,-0.5399999999999636,SL Hit,2641.79,2,2647.849999999995,60.0,2.1100000000001273,-3.4600000000000364
2024-12-03 13:10:00,2024-12-03 15:00:00,Long,2643.885,2644.16,0.5499999999992724,SL Hit,2644.16,2,2648.399999999994,110.0,-4.075000000000273,11.084999999999582
2024-12-03 16:00:00,2024-12-03 16:05:00,Long,2640.69,2640.0099999999998,-0.680000000000291,SL Hit,2640.0099999999998,1,2647.719999999994,5.0,-1.4800000000000182,2.1100000000001273
2024-12-03 17:40:00,2024-12-03 17:55:00,Short,2644.67,2647.67,-3.0,SL Hit,2647.67,1,2644.719999999994,15.0,3.069999999999709,-0.75
2024-12-03 18:40:00,2024-12-03 21:30:00,Short,2643.664,2643.22,2.2200000000020736,SL Hit,2643.22,5,2646.939999999996,170.0,2.655999999999949,-3.7640000000001237
2024-12-03 23:25:00,2024-12-03 23:55:00,Short,2641.9700000000003,2642.52,-1.0999999999994543,SL Hit,2642.52,2,2645.8399999999965,30.0,0.8299999999999272,-0.8900000000003274
2024-12-04 04:25:00,2024-12-04 04:35:00,Long,2645.3,2645.3,0.0,SL Hit,2645.3,1,2645.8399999999965,10.0,-1.1000000000003638,1.1599999999998545
2024-12-04 08:10:00,2024-12-04 09:05:00,Short,2641.01,2647.250000000002,-6.240000000001601,SL Hit,2647.250000000002,1,2639.599999999995,55.0,1.1899999999995998,-5.3100000000004
2024-12-04 09:05:00,2024-12-04 09:45:00,Long,2640.965,2640.26,-1.4099999999998545,SL Hit,2640.26,2,2638.189999999995,40.0,-2.175000000000182,1.6349999999997635
2024-12-04 10:40:00,2024-12-04 12:20:00,Long,2643.2133333333336,2642.5,-2.140000000000782,SL Hit,2642.5,3,2636.0499999999943,100.0,-2.213333333333594,4.136666666666315
2024-12-04 12:25:00,2024-12-04 13:20:00,Short,2640.955,2643.94,-5.970000000000255,SL Hit,2643.94,2,2630.079999999994,55.0,3.2649999999998727,-7.485000000000127
2024-12-04 13:25:00,2024-12-04 13:35:00,Long,2643.62,2642.54,-1.0799999999999272,SL Hit,2642.54,1,2628.999999999994,10.0,-1.5399999999999636,3.519999999999982
2024-12-04 16:40:00,2024-12-04 18:20:00,Short,2651.4049999999997,2652.27,-1.730000000000473,SL Hit,2652.27,2,2627.2699999999936,100.0,1.2150000000001455,-4.474999999999909
2024-12-05 01:45:00,2024-12-05 02:35:00,Short,2646.5299999999997,2647.29,-1.5200000000004366,SL Hit,2647.29,2,2625.749999999993,50.0,2.0900000000001455,-2.4299999999998363
2024-12-05 04:30:00,2024-12-05 05:10:00,Short,2647.19,2647.26,-0.14000000000032742,SL Hit,2647.26,2,2625.609999999993,40.0,1.1300000000001091,-1.4900000000002365
2024-12-05 05:15:00,2024-12-05 06:55:00,Long,2646.84,2646.84,0.0,SL Hit,2646.84,1,2625.609999999993,100.0,-0.16000000000030923,8.489999999999782
2024-12-05 14:35:00,2024-12-05 15:50:00,Short,2642.52,2639.35,9.510000000000218,SL Hit,2639.35,3,2635.119999999993,75.0,5.179999999999836,-10.579999999999927
2024-12-05 18:50:00,2024-12-05 20:10:00,Long,2629.23,2628.93,-0.9000000000005457,SL Hit,2628.93,3,2634.2199999999925,80.0,-1.5599999999999454,2.3600000000001273
2024-12-05 20:15:00,2024-12-05 21:00:00,Short,2629.56,2631.9599999999996,-2.399999999999636,SL Hit,2631.9599999999996,1,2631.819999999993,45.0,2.75,-1.3600000000001273
2024-12-05 23:55:00,2024-12-06 00:50:00,Long,2633.0299999999997,2631.38,-3.2999999999992724,SL Hit,2631.38,2,2628.5199999999936,55.0,-2.3099999999999454,0.5900000000001455
2024-12-06 03:00:00,2024-12-06 05:10:00,Long,2637.975,2641.4,13.700000000000728,SL Hit,2641.4,4,2642.2199999999943,130.0,-13.014999999999873,5.885000000000218
2024-12-06 05:15:00,2024-12-06 07:55:00,Short,2639.636,2639.41,1.1300000000005639,SL Hit,2639.41,5,2643.349999999995,160.0,2.6539999999999964,-4.355999999999767
2024-12-06 08:05:00,2024-12-06 08:30:00,Long,2639.26,2638.1799999999985,-1.0800000000017462,SL Hit,2638.1799999999985,1,2642.269999999993,25.0,-1.3600000000001273,2.0399999999999636
2024-12-06 12:05:00,2024-12-06 12:40:00,Short,2638.4449999999997,2640.88,-4.8700000000008,SL Hit,2640.88,2,2637.3999999999924,35.0,2.8150000000005093,-2.024999999999636
2024-12-06 13:15:00,2024-12-06 13:35:00,Short,2636.55,2645.2300000000005,-8.680000000000291,SL Hit,2645.2300000000005,1,2628.719999999992,20.0,6.429999999999836,-4.789999999999964
2024-12-06 13:35:00,2024-12-06 14:05:00,Long,2638.81,2632.98,-17.48999999999978,SL Hit,2632.98,3,2611.2299999999923,30.0,-10.799999999999727,4.170000000000073
2024-12-06 19:45:00,2024-12-06 20:20:00,Short,2633.875,2635.64,-3.5299999999997453,SL Hit,2635.64,2,2607.6999999999925,35.0,2.2649999999998727,-0.9349999999999454
2024-12-09 00:15:00,2024-12-09 01:15:00,Short,2636.23,2645.5499999999997,-9.319999999999709,SL Hit,2645.5499999999997,1,2598.379999999993,60.0,9.690000000000055,-9.0300000000002
2024-12-09 04:35:00,2024-12-09 05:10:00,Short,2636.73,2637.29,-1.1199999999998909,SL Hit,2637.29,2,2597.259999999993,35.0,1.3099999999999454,-2.4299999999998363
2024-12-09 05:45:00,2024-12-09 05:50:00,Long,2638.92,2638.92,0.0,SL Hit,2638.92,1,2597.259999999993,5.0,-0.7200000000002547,1.0199999999999818
2024-12-09 11:30:00,2024-12-09 11:40:00,Long,2655.59,2654.1099999999988,-1.4800000000013824,SL Hit,2654.1099999999988,1,2595.7799999999916,10.0,-1.6300000000001091,2.1799999999998363
2024-12-09 11:50:00,2024-12-09 13:00:00,Short,2656.275,2656.98,-2.819999999999709,SL Hit,2656.98,4,2592.959999999992,70.0,1.7550000000001091,-2.8150000000000546
2024-12-09 15:30:00,2024-12-09 16:20:00,Short,2669.3633333333332,2669.51,-0.44000000000096406,SL Hit,2669.51,3,2592.519999999991,50.0,4.326666666666824,-2.3433333333332484
2024-12-09 19:50:00,2024-12-09 21:50:00,Short,2660.085,2660.28,-0.3900000000003274,SL Hit,2660.28,2,2592.1299999999906,120.0,0.7550000000001091,-3.4850000000001273
2024-12-09 21:55:00,2024-12-09 23:05:00,Long,2659.52,2659.52,0.0,SL Hit,2659.52,1,2592.1299999999906,70.0,-0.3200000000001637,1.199999999999818
2024-12-09 23:40:00,2024-12-09 23:45:00,Long,2658.9,2657.6999999999994,-1.2000000000007276,SL Hit,2657.6999999999994,1,2590.92999999999,5.0,-0.3000000000001819,2.549999999999727
2024-12-09 23:45:00,2024-12-10 00:50:00,Short,2660.8599999999997,2661.45,-1.180000000000291,SL Hit,2661.45,2,2589.7499999999895,65.0,1.0600000000004002,-3.9599999999995816
2024-12-10 02:40:00,2024-12-10 03:15:00,Long,2669.12,2667.080000000001,-2.039999999999054,SL Hit,2667.080000000001,1,2587.7099999999905,35.0,-3.349999999999909,1.9900000000002365
2024-12-10 04:45:00,2024-12-10 06:50:00,Short,2670.2999999999997,2669.67,1.8899999999989632,SL Hit,2669.67,3,2589.5999999999894,125.0,1.7600000000002183,-4.329999999999927
2024-12-10 08:45:00,2024-12-10 08:55:00,Long,2662.04,2662.04,0.0,SL Hit,2662.04,1,2589.5999999999894,10.0,-0.13999999999987267,1.2200000000002547
2024-12-10 09:15:00,2024-12-10 12:35:00,Long,2668.7619999999997,2675.52,33.79000000000133,SL Hit,2675.52,5,2623.389999999991,200.0,-6.071999999999662,9.958000000000084
2024-12-10 15:30:00,2024-12-10 16:55:00,Short,2688.675,2690.79,-4.229999999999563,SL Hit,2690.79,2,2619.159999999991,85.0,3.1349999999997635,-3.8650000000002365
2024-12-10 18:30:00,2024-12-10 19:00:00,Long,2692.375,2691.71,-1.3299999999999272,SL Hit,2691.71,2,2617.8299999999913,30.0,-0.7550000000001091,0.875
2024-12-10 19:05:00,2024-12-10 19:20:00,Short,2692.11,2694.35,-2.2399999999997817,SL Hit,2694.35,1,2615.5899999999915,15.0,2.2799999999997453,-0.8099999999999454
2024-12-10 19:20:00,2024-12-10 19:30:00,Long,2692.2,2692.2,0.0,SL Hit,2692.2,1,2615.5899999999915,10.0,-1.199999999999818,2.1900000000000546
2024-12-10 21:40:00,2024-12-11 00:00:00,Long,2693.6825,2693.9,0.8700000000008004,SL Hit,2693.9,4,2616.4599999999923,140.0,-1.7824999999998,4.447500000000218
2024-12-11 00:05:00,2024-12-11 00:30:00,Short,2694.69,2704.2499999999995,-9.55999999999949,SL Hit,2704.2499999999995,1,2606.899999999993,25.0,4.349999999999909,-2.3899999999998727
2024-12-11 00:30:00,2024-12-11 00:40:00,Long,2697.83,2697.59,-0.23999999999978172,SL Hit,2697.59,1,2606.659999999993,10.0,-0.5099999999997635,2.430000000000291
2024-12-11 01:05:00,2024-12-11 01:20:00,Short,2697.97,2701.689999999999,-3.719999999999345,SL Hit,2701.689999999999,1,2602.9399999999937,15.0,5.269999999999982,-0.9299999999998363
2024-12-11 02:35:00,2024-12-11 02:40:00,Long,2701.8,2699.8399999999992,-1.9600000000009459,SL Hit,2699.8399999999992,1,2600.9799999999927,5.0,-2.550000000000182,0.7899999999999636
2024-12-11 02:55:00,2024-12-11 03:15:00,Short,2699.865,2700.87,-2.0100000000002183,SL Hit,2700.87,2,2598.9699999999925,20.0,1.3350000000000364,-1.224999999999909
2024-12-11 06:15:00,2024-12-11 07:05:00,Long,2693.1666666666665,2693.2,0.09999999999990905,SL Hit,2693.2,3,2599.0699999999924,50.0,-2.286666666666406,4.213333333333594
2024-12-11 08:10:00,2024-12-11 09:00:00,Long,2691.56,2688.7999999999997,-2.7600000000002183,SL Hit,2688.7999999999997,1,2596.309999999992,50.0,-2.769999999999982,3.8899999999998727
2024-12-11 12:10:00,2024-12-11 13:00:00,Short,2695.97,2696.46,-1.4700000000007094,SL Hit,2696.46,3,2594.8399999999915,50.0,1.6200000000003456,-2.019999999999982
2024-12-11 14:00:00,2024-12-11 14:05:00,Long,2701.03,2701.03,0.0,SL Hit,2701.03,1,2594.8399999999915,5.0,-2.0,2.569999999999709
2024-12-11 16:20:00,2024-12-11 16:35:00,Long,2714.32,2714.32,0.0,SL Hit,2714.32,1,2594.8399999999915,15.0,-1.7100000000000364,3.919999999999618
2024-12-11 20:10:00,2024-12-11 20:25:00,Long,2718.63,2718.63,0.0,SL Hit,2718.63,1,2594.8399999999915,15.0,-0.599999999999909,1.4200000000000728
2024-12-11 21:00:00,2024-12-11 21:05:00,Short,2715.6,2716.559999999999,-0.9599999999991269,SL Hit,2716.559999999999,1,2593.8799999999924,5.0,1.050000000000182,-0.23999999999978172
2024-12-11 21:45:00,2024-12-11 21:55:00,Long,2717.52,2717.28,-0.23999999999978172,SL Hit,2717.28,1,2593.6399999999926,10.0,-2.2199999999998,0.6900000000000546
2024-12-11 23:05:00,2024-12-11 23:50:00,Short,2716.03,2719.7900000000004,-3.7600000000002183,SL Hit,2719.7900000000004,1,2589.8799999999924,45.0,3.869999999999891,-0.9400000000000546
2024-12-12 00:10:00,2024-12-12 00:15:00,Long,2719.83,2719.83,0.0,SL Hit,2719.83,1,2589.8799999999924,5.0,-0.15000000000009095,0.7800000000002001
2024-12-12 00:35:00,2024-12-12 01:05:00,Long,2720.685,2719.51,-2.3499999999994543,SL Hit,2719.51,2,2587.529999999993,30.0,-1.375,5.0349999999998545
2024-12-12 01:10:00,2024-12-12 03:15:00,Short,2710.603333333333,2706.42,12.549999999998818,SL Hit,2706.42,3,2600.0799999999917,125.0,9.246666666666897,-15.603333333333012
2024-12-12 03:45:00,2024-12-12 06:10:00,Long,2711.15,2711.4,0.75,SL Hit,2711.4,3,2600.8299999999917,145.0,-3.9400000000000546,5.029999999999745
2024-12-12 06:55:00,2024-12-12 07:40:00,Long,2717.4700000000003,2717.61,0.27999999999974534,SL Hit,2717.61,2,2601.1099999999915,45.0,-1.3500000000003638,2.4799999999995634
2024-12-12 09:20:00,2024-12-12 16:55:00,Short,2702.1645454545455,2682.45,216.86000000000286,SL Hit,2682.45,11,2817.9699999999943,455.0,15.555454545454268,-26.92454545454575
2024-12-12 18:20:00,2024-12-12 18:45:00,Short,2684.185,2685.92,-3.4700000000002547,SL Hit,2685.92,2,2814.499999999994,25.0,2.005000000000109,-1.1849999999999454
2024-12-12 19:20:00,2024-12-12 19:30:00,Long,2684.6,2684.6,0.0,SL Hit,2684.6,1,2814.499999999994,10.0,-0.849999999999909,0.9700000000002547
2024-12-12 19:35:00,2024-12-12 23:20:00,Short,2682.37,2680.56,9.049999999999727,SL Hit,2680.56,5,2823.549999999994,225.0,2.1100000000001273,-3.369999999999891
2024-12-12 23:35:00,2024-12-12 23:50:00,Long,2679.875,2679.64,-0.47000000000025466,SL Hit,2679.64,2,2823.0799999999936,15.0,-0.5749999999998181,0.6950000000001637
2024-12-13 00:40:00,2024-12-13 01:50:00,Long,2684.8633333333332,2688.45,10.759999999999764,SL Hit,2688.45,3,2833.8399999999933,70.0,-3.633333333333212,7.216666666666697
2024-12-13 04:40:00,2024-12-13 04:50:00,Short,2686.5699999999997,2687.16,-1.180000000000291,SL Hit,2687.16,2,2832.659999999993,10.0,0.8400000000001455,-1.169999999999618
2024-12-13 06:10:00,2024-12-13 06:25:00,Long,2686.92,2685.39,-3.0600000000004,SL Hit,2685.39,2,2829.5999999999926,15.0,-2.019999999999982,0.6199999999998909
2024-12-13 08:20:00,2024-12-13 08:45:00,Long,2683.42,2681.99,-2.860000000000582,SL Hit,2681.99,2,2826.739999999992,25.0,-3.3600000000001273,1.1399999999998727
2024-12-13 09:50:00,2024-12-13 12:05:00,Short,2668.3633333333332,2666.97,4.180000000000291,SL Hit,2666.97,3,2830.9199999999923,135.0,2.7266666666669153,-5.063333333333048
2024-12-13 14:30:00,2024-12-13 14:35:00,Short,2660.05,2660.13,-0.07999999999992724,SL Hit,2660.13,1,2830.8399999999924,5.0,2.069999999999709,-1.9500000000002728
2024-12-13 15:05:00,2024-12-13 15:40:00,Short,2658.89,2659.82,-1.860000000000582,SL Hit,2659.82,2,2828.979999999992,35.0,2.630000000000109,-4.379999999999654
2024-12-13 19:35:00,2024-12-13 21:35:00,Short,2651.1299999999997,2649.31,5.459999999999127,SL Hit,2649.31,3,2834.439999999991,120.0,2.7400000000002365,-4.979999999999563
2024-12-15 23:20:00,2024-12-16 00:35:00,Long,2649.16,2648.8,-0.7199999999993452,SL Hit,2648.8,2,2833.7199999999916,75.0,-1.2599999999997635,3.5700000000001637
2024-12-16 00:45:00,2024-12-16 02:45:00,Short,2651.5733333333333,2653.49,-5.749999999999545,SL Hit,2653.49,3,2827.969999999992,120.0,3.6266666666665515,-8.163333333333412
2024-12-16 07:00:00,2024-12-16 07:20:00,Short,2652.84,2653.84,-2.0,SL Hit,2653.84,2,2825.969999999992,20.0,1.8099999999999454,-1.3400000000001455
2024-12-16 07:45:00,2024-12-16 08:05:00,Long,2654.355,2652.9,-2.9099999999998545,SL Hit,2652.9,2,2823.059999999992,20.0,-1.7449999999998909,1.0450000000000728
2024-12-16 09:45:00,2024-12-16 10:00:00,Short,2656.49,2659.0499999999993,-2.5599999999994907,SL Hit,2659.0499999999993,1,2820.4999999999927,15.0,2.9600000000000364,-0.6399999999998727
2024-12-16 10:35:00,2024-12-16 11:00:00,Long,2658.92,2658.16,-1.5200000000004366,SL Hit,2658.16,2,2818.9799999999923,25.0,-1.0399999999999636,1.8400000000001455
2024-12-16 17:15:00,2024-12-16 17:55:00,Long,2653.16,2652.7,-0.9200000000000728,SL Hit,2652.7,2,2818.059999999992,40.0,-2.1599999999998545,2.050000000000182
2024-12-16 21:40:00,2024-12-16 23:00:00,Long,2652.195,2651.5,-1.3900000000003274,SL Hit,2651.5,2,2816.669999999992,80.0,-0.8949999999999818,0.3550000000000182
2024-12-16 23:05:00,2024-12-17 00:00:00,Short,2651.73,2652.23,-1.5,SL Hit,2652.23,3,2815.169999999992,55.0,1.5,-1.0300000000002
2024-12-17 04:40:00,2024-12-17 06:00:00,Short,2652.67,2654.38,-3.4200000000000728,SL Hit,2654.38,2,2811.749999999992,80.0,1.7399999999997817,-3.269999999999982
2024-12-17 06:50:00,2024-12-17 06:55:00,Short,2647.58,2648.699999999999,-1.1199999999989814,SL Hit,2648.699999999999,1,2810.629999999993,5.0,1.1900000000000546,-0.27999999999974534
2024-12-17 13:40:00,2024-12-17 14:25:00,Short,2638.955,2639.63,-1.3500000000003638,SL Hit,2639.63,2,2809.2799999999925,45.0,4.184999999999945,-6.085000000000036
2024-12-17 14:35:00,2024-12-17 14:50:00,Long,2638.94,2637.3000000000006,-1.639999999999418,SL Hit,2637.3000000000006,1,2807.639999999993,15.0,-3.300000000000182,1.3699999999998909
2024-12-17 16:45:00,2024-12-17 16:50:00,Long,2639.6,2639.6,0.0,SL Hit,2639.6,1,2807.639999999993,5.0,-0.07999999999992724,1.650000000000091
2024-12-17 18:35:00,2024-12-17 19:10:00,Long,2647.48,2646.43,-2.100000000000364,SL Hit,2646.43,2,2805.5399999999927,35.0,-1.6199999999998909,1.300000000000182
2024-12-17 20:30:00,2024-12-17 20:50:00,Long,2646.4,2643.759999999999,-2.640000000001237,SL Hit,2643.759999999999,1,2802.8999999999915,20.0,-3.5,0.2899999999999636
2024-12-18 00:55:00,2024-12-18 01:00:00,Long,2649.22,2649.22,0.0,SL Hit,2649.22,1,2802.8999999999915,5.0,-1.319999999999709,1.3500000000003638
2024-12-18 01:05:00,2024-12-18 01:40:00,Long,2649.8733333333334,2649.18,-2.0800000000008367,SL Hit,2649.18,3,2800.8199999999906,35.0,-1.4733333333333576,1.1766666666667334
2024-12-18 01:45:00,2024-12-18 05:10:00,Short,2647.316666666667,2645.64,10.060000000003129,SL Hit,2645.64,6,2810.8799999999937,205.0,4.163333333332957,-5.216666666667152
2024-12-18 07:20:00,2024-12-18 08:35:00,Short,2646.86,2650.6200000000003,-3.7600000000002183,SL Hit,2650.6200000000003,1,2807.1199999999935,75.0,0.8599999999996726,-4.650000000000091
2024-12-18 08:35:00,2024-12-18 09:15:00,Long,2646.75,2646.75,0.0,SL Hit,2646.75,1,2807.1199999999935,40.0,-0.2600000000002183,2.5100000000002183
2024-12-18 10:00:00,2024-12-18 10:50:00,Short,2647.6733333333336,2648.56,-2.659999999998945,SL Hit,2648.56,3,2804.4599999999946,50.0,1.5466666666661695,-1.6933333333336122
2024-12-18 11:35:00,2024-12-18 12:35:00,Short,2647.145,2647.39,-0.4899999999997817,SL Hit,2647.39,2,2803.969999999995,60.0,0.2849999999998545,-2.4549999999999272
2024-12-18 12:55:00,2024-12-18 15:45:00,Short,2640.8966666666665,2637.58,19.899999999999636,SL Hit,2637.58,6,2823.8699999999944,170.0,6.443333333333612,-6.766666666666424
2024-12-18 15:50:00,2024-12-18 16:40:00,Long,2636.8366666666666,2637.06,0.6700000000000728,SL Hit,2637.06,3,2824.5399999999945,50.0,-2.346666666666806,2.3933333333334303
2024-12-18 18:30:00,2024-12-18 18:35:00,Long,2637.68,2637.44,-0.23999999999978172,SL Hit,2637.44,1,2824.2999999999947,5.0,-0.8099999999999454,0.9800000000000182
2024-12-18 18:45:00,2024-12-19 00:25:00,Short,2607.5280000000002,2591.74,78.94000000000233,SL Hit,2591.74,5,2903.239999999997,340.0,29.15199999999959,-24.44800000000032
2024-12-19 02:25:00,2024-12-19 06:30:00,Short,2609.956666666667,2610.11,-0.9199999999991633,SL Hit,2610.11,6,2902.319999999998,245.0,3.1633333333329574,-6.946666666666715
2024-12-19 07:10:00,2024-12-19 07:55:00,Long,2616.1850000000004,2615.72,-0.9300000000012005,SL Hit,2615.72,2,2901.3899999999967,45.0,-2.5950000000002547,5.934999999999491
2024-12-19 08:00:00,2024-12-19 08:50:00,Short,2616.245,2617.86,-3.230000000000473,SL Hit,2617.86,2,2898.159999999996,50.0,2.505000000000109,-3.2149999999996908
2024-12-19 09:20:00,2024-12-19 09:35:00,Long,2619.79,2619.61,-0.3599999999996726,SL Hit,2619.61,2,2897.7999999999965,15.0,-0.5900000000001455,1.9200000000000728
2024-12-19 14:45:00,2024-12-19 16:25:00,Short,2592.42,2591.64,2.3400000000006003,SL Hit,2591.64,3,2900.139999999997,100.0,3.319999999999709,-5.4099999999998545
2024-12-19 18:05:00,2024-12-19 20:10:00,Long,2596.14,2596.83,2.7600000000002183,SL Hit,2596.83,4,2902.8999999999974,125.0,-4.170000000000073,4.640000000000327
2024-12-19 23:40:00,2024-12-20 00:30:00,Short,2593.395,2594.15,-1.5100000000002183,SL Hit,2594.15,2,2901.389999999997,50.0,1.3650000000002365,-1.2649999999998727
2024-12-20 00:50:00,2024-12-20 01:10:00,Short,2592.55,2596.55,-4.0,SL Hit,2596.55,1,2897.389999999997,20.0,6.549999999999727,-3.350000000000364
2024-12-20 01:30:00,2024-12-20 02:05:00,Long,2600.4300000000003,2598.79,-3.280000000000655,SL Hit,2598.79,2,2894.1099999999965,35.0,-3.3400000000001455,3.319999999999709
2024-12-20 02:25:00,2024-12-20 03:25:00,Short,2597.0699999999997,2597.59,-1.5600000000013097,SL Hit,2597.59,3,2892.549999999995,60.0,2.7500000000004547,-1.9699999999998
2024-12-20 04:05:00,2024-12-20 04:45:00,Long,2599.3,2596.8999999999987,-2.400000000001455,SL Hit,2596.8999999999987,1,2890.1499999999937,40.0,-2.600000000000364,1.5599999999999454
2024-12-20 06:10:00,2024-12-20 07:30:00,Long,2604.67,2604.94,1.0799999999999272,SL Hit,2604.94,4,2891.2299999999937,80.0,-4.300000000000182,2.6399999999998727
2024-12-20 08:15:00,2024-12-20 08:35:00,Long,2606.33,2602.33,-4.0,SL Hit,2602.33,1,2887.2299999999937,20.0,-2.0099999999997635,1.1599999999998545
2024-12-20 08:35:00,2024-12-20 09:50:00,Short,2605.8366666666666,2606.18,-1.0299999999997453,SL Hit,2606.18,3,2886.199999999994,75.0,1.1933333333336122,-2.5566666666663878
2024-12-20 10:25:00,2024-12-20 10:35:00,Long,2605.69,2605.0500000000006,-0.6399999999994179,SL Hit,2605.0500000000006,1,2885.5599999999945,10.0,-0.8099999999999454,0.9400000000000546
2024-12-20 13:05:00,2024-12-20 13:25:00,Long,2603.89,2600.610000000001,-3.279999999998836,SL Hit,2600.610000000001,1,2882.2799999999957,20.0,-2.8899999999998727,1.1300000000001091
2024-12-20 13:25:00,2024-12-20 13:40:00,Short,2602.7,2609.499999999999,-6.799999999999272,SL Hit,2609.499999999999,1,2875.4799999999964,15.0,7.370000000000346,-1.699999999999818
2024-12-20 15:05:00,2024-12-20 17:30:00,Long,2623.4233333333336,2624.02,1.7899999999990541,SL Hit,2624.02,3,2877.2699999999954,145.0,-6.80333333333374,7.506666666666206
2024-12-20 20:15:00,2024-12-22 23:00:00,Short,2624.706666666667,2623.54,3.5000000000009095,SL Hit,2623.54,3,2880.7699999999963,3045.0,2.0733333333332666,-5.826666666666824
2024-12-22 23:45:00,2024-12-22 23:50:00,Long,2622.3,2622.3,0.0,SL Hit,2622.3,1,2880.7699999999963,5.0,-0.1000000000003638,1.9899999999997817
2024-12-23 01:45:00,2024-12-23 01:55:00,Long,2620.61,2620.61,0.0,SL Hit,2620.61,1,2880.7699999999963,10.0,-0.05999999999994543,2.1700000000000728
2024-12-23 02:00:00,2024-12-23 06:00:00,Long,2624.5099999999998,2626.88,14.220000000002074,SL Hit,2626.88,6,2894.9899999999984,240.0,-4.079999999999927,4.360000000000127
2024-12-23 06:30:00,2024-12-23 07:50:00,Long,2630.25,2630.3,0.1500000000005457,SL Hit,2630.3,3,2895.139999999999,80.0,-2.0900000000001455,2.730000000000018
2024-12-23 07:55:00,2024-12-23 13:05:00,Short,2623.552857142857,2615.82,54.1299999999992,SL Hit,2615.82,7,2949.269999999998,310.0,8.397142857142626,-10.372857142857356
2024-12-23 13:40:00,2024-12-23 14:25:00,Long,2618.52,2616.97,-3.100000000000364,SL Hit,2616.97,2,2946.169999999998,45.0,-1.6199999999998909,1.1199999999998909
2024-12-23 14:30:00,2024-12-23 15:35:00,Short,2614.32,2613.81,1.0200000000004366,SL Hit,2613.81,2,2947.1899999999982,65.0,4.129999999999654,-4.070000000000164
2024-12-23 16:40:00,2024-12-23 17:15:00,Long,2613.81,2613.57,-0.23999999999978172,SL Hit,2613.57,1,2946.9499999999985,35.0,-1.0,2.400000000000091
2024-12-23 19:45:00,2024-12-23 20:00:00,Short,2610.6549999999997,2611.42,-1.5300000000006548,SL Hit,2611.42,2,2945.419999999998,15.0,1.5050000000001091,-1.0549999999998363
2024-12-23 20:45:00,2024-12-23 21:20:00,Short,2610.69,2610.93,-0.47999999999956344,SL Hit,2610.93,2,2944.9399999999982,35.0,0.7199999999997999,-1.6399999999998727
2024-12-24 00:10:00,2024-12-24 00:20:00,Long,2615.54,2614.2200000000003,-1.319999999999709,SL Hit,2614.2200000000003,1,2943.6199999999985,10.0,-1.4299999999998363,0.17000000000007276
2024-12-24 00:25:00,2024-12-24 00:55:00,Short,2614.68,2616.2399999999993,-1.5599999999994907,SL Hit,2616.2399999999993,1,2942.059999999999,30.0,2.3700000000003456,-1.6799999999998363
2024-12-24 02:50:00,2024-12-24 03:55:00,Short,2617.205,2617.75,-1.0900000000001455,SL Hit,2617.75,2,2940.969999999999,65.0,1.0149999999998727,-2.005000000000109
2024-12-24 04:55:00,2024-12-24 05:55:00,Long,2619.3966666666665,2618.49,-2.7200000000002547,SL Hit,2618.49,3,2938.2499999999986,60.0,-1.6966666666667152,1.7733333333335395
2024-12-24 06:00:00,2024-12-24 06:45:00,Short,2618.35,2618.1,0.5,SL Hit,2618.1,2,2938.7499999999986,45.0,0.650000000000091,-1.9699999999998
2024-12-24 09:05:00,2024-12-24 10:05:00,Short,2615.5025,2614.53,3.889999999999418,SL Hit,2614.53,4,2942.639999999998,60.0,2.6174999999998363,-2.2424999999998363
2024-12-24 11:05:00,2024-12-24 14:00:00,Short,2614.1,2614.55,-2.700000000001637,SL Hit,2614.55,6,2939.9399999999964,175.0,1.8200000000001637,-2.8899999999998727
2024-12-24 14:05:00,2024-12-24 14:15:00,Long,2613.92,2613.92,0.0,SL Hit,2613.92,1,2939.9399999999964,10.0,-0.4800000000000182,1.0900000000001455
2024-12-24 14:45:00,2024-12-24 16:05:00,Short,2611.6133333333332,2612.76,-3.440000000000964,SL Hit,2612.76,3,2936.4999999999955,80.0,2.0366666666668607,-1.7133333333331393
2024-12-24 16:10:00,2024-12-24 18:15:00,Long,2615.28,2615.5,0.6599999999993997,SL Hit,2615.5,3,2937.159999999995,125.0,-2.8900000000003274,3.8599999999996726
2024-12-26 00:30:00,2024-12-26 00:45:00,Long,2619.72,2619.72,0.0,SL Hit,2619.72,1,2937.159999999995,15.0,-0.11999999999989086,2.6600000000003092
2024-12-26 05:10:00,2024-12-26 05:50:00,Short,2626.9300000000003,2627.78,-1.699999999999818,SL Hit,2627.78,2,2935.459999999995,40.0,0.849999999999909,-1.3800000000001091
2024-12-26 07:30:00,2024-12-26 07:50:00,Short,2624.37,2625.489999999999,-1.1199999999989814,SL Hit,2625.489999999999,1,2934.339999999996,20.0,1.150000000000091,-0.8699999999998909
2024-12-26 09:50:00,2024-12-26 09:55:00,Long,2627.54,2627.54,0.0,SL Hit,2627.54,1,2934.339999999996,5.0,-0.5099999999997635,0.4499999999998181
2024-12-26 10:10:00,2024-12-26 11:35:00,Long,2628.118,2628.22,0.5099999999993088,SL Hit,2628.22,5,2934.8499999999954,85.0,-1.518000000000029,1.5520000000001346
2024-12-26 11:45:00,2024-12-26 13:00:00,Short,2627.23,2627.11,0.23999999999978172,SL Hit,2627.11,2,2935.089999999995,75.0,3.0099999999997635,-2.630000000000109
2024-12-26 13:40:00,2024-12-26 14:45:00,Short,2625.2349999999997,2627.23,-3.990000000000691,SL Hit,2627.23,2,2931.0999999999945,65.0,2.4950000000003456,-3.4349999999994907
2024-12-26 20:25:00,2024-12-26 20:55:00,Long,2635.36,2633.6,-1.7600000000002183,SL Hit,2633.6,1,2929.3399999999942,30.0,-1.7400000000002365,0.31999999999970896
2024-12-26 20:55:00,2024-12-26 23:45:00,Short,2633.456,2633.23,1.1300000000005639,SL Hit,2633.23,5,2930.469999999995,170.0,1.1039999999998145,-8.96600000000035
2024-12-27 03:25:00,2024-12-27 03:30:00,Short,2632.73,2634.850000000001,-2.1200000000008004,SL Hit,2634.850000000001,1,2928.349999999994,5.0,2.0799999999999272,-0.5300000000002001
2024-12-27 03:30:00,2024-12-27 04:30:00,Long,2632.98,2631.77,-2.4200000000000728,SL Hit,2631.77,2,2925.929999999994,60.0,-1.4800000000000182,2.0700000000001637
2024-12-27 04:35:00,2024-12-27 04:45:00,Short,2632.75,2637.75,-5.0,SL Hit,2637.75,1,2920.929999999994,10.0,0.7600000000002183,-1.25
2024-12-27 04:45:00,2024-12-27 05:10:00,Long,2633.35,2632.19,-1.1599999999998545,SL Hit,2632.19,1,2919.769999999994,25.0,-1.349999999999909,0.650000000000091
2024-12-27 05:55:00,2024-12-27 06:20:00,Short,2632.11,2635.27,-3.1599999999998545,SL Hit,2635.27,1,2916.609999999994,25.0,4.179999999999836,-0.7899999999999636
2024-12-27 07:15:00,2024-12-27 07:30:00,Long,2635.9,2635.9,0.0,SL Hit,2635.9,1,2916.609999999994,15.0,-0.34999999999990905,1.9099999999998545
2024-12-27 10:05:00,2024-12-27 11:15:00,Short,2625.0466666666666,2626.62,-4.7199999999998,SL Hit,2626.62,3,2911.8899999999944,70.0,2.2233333333333576,-1.566666666666606
2024-12-27 11:30:00,2024-12-27 12:55:00,Long,2625.68,2625.68,0.0,SL Hit,2625.68,1,2911.8899999999944,85.0,-0.34999999999990905,5.730000000000018
2024-12-27 13:00:00,2024-12-27 15:00:00,Short,2620.27,2618.34,7.719999999999345,SL Hit,2618.34,4,2919.6099999999938,120.0,6.809999999999945,-8.9699999999998
2024-12-27 16:35:00,2024-12-27 16:40:00,Long,2617.52,2617.52,0.0,SL Hit,2617.52,1,2919.6099999999938,5.0,-0.8800000000001091,1.1700000000000728
2024-12-27 16:55:00,2024-12-27 17:00:00,Long,2617.38,2616.1799999999994,-1.2000000000007276,SL Hit,2616.1799999999994,1,2918.409999999993,5.0,-1.7400000000002365,0.9299999999998363
2024-12-29 23:50:00,2024-12-30 00:15:00,Long,2623.65,2623.2899999999995,-0.3600000000005821,SL Hit,2623.2899999999995,1,2918.0499999999925,25.0,-1.150000000000091,1.2199999999998
2024-12-30 00:50:00,2024-12-30 01:20:00,Short,2623.21,2625.170000000001,-1.9600000000009459,SL Hit,2625.170000000001,1,2916.0899999999915,30.0,2.8400000000001455,-1.8099999999999454
2024-12-30 01:20:00,2024-12-30 01:50:00,Long,2624.19,2624.19,0.0,SL Hit,2624.19,1,2916.0899999999915,30.0,-0.3200000000001637,2.0700000000001637
2024-12-30 05:00:00,2024-12-30 05:15:00,Short,2621.99,2623.749999999998,-1.7599999999983993,SL Hit,2623.749999999998,1,2914.329999999993,15.0,1.900000000000091,-0.4399999999995998
2024-12-30 05:15:00,2024-12-30 05:20:00,Long,2623.19,2623.19,0.0,SL Hit,2623.19,1,2914.329999999993,5.0,-0.5199999999999818,0.6999999999998181
2024-12-30 08:40:00,2024-12-30 11:10:00,Short,2613.78,2612.85,3.720000000001164,SL Hit,2612.85,4,2918.0499999999943,150.0,3.549999999999727,-4.5
2024-12-30 19:00:00,2024-12-30 19:05:00,Long,2605.95,2605.3500000000013,-0.5999999999985448,SL Hit,2605.3500000000013,1,2917.4499999999957,5.0,-1.2100000000000364,0.3200000000001637
2024-12-30 19:50:00,2024-12-30 21:15:00,Long,2608.023333333333,2606.7,-3.9699999999998,SL Hit,2606.7,3,2913.479999999996,85.0,-1.7233333333329028,1.2566666666671154
2024-12-30 21:30:00,2024-12-30 23:45:00,Short,2606.1833333333334,2606.16,0.07000000000061846,SL Hit,2606.16,3,2913.5499999999965,135.0,1.4466666666667152,-2.883333333333212
2024-12-31 02:20:00,2024-12-31 03:25:00,Short,2608.2100000000005,2607.18,3.0900000000019645,SL Hit,2607.18,3,2916.6399999999985,65.0,1.0999999999994543,-2.8000000000006366
2024-12-31 03:35:00,2024-12-31 06:25:00,Short,2606.515,2607.85,-2.6700000000000728,SL Hit,2607.85,2,2913.9699999999984,170.0,1.3650000000002365,-3.4549999999999272
2024-12-31 06:35:00,2024-12-31 06:40:00,Long,2606.16,2606.16,0.0,SL Hit,2606.16,1,2913.9699999999984,5.0,-0.8599999999996726,0.6700000000000728
2024-12-31 07:00:00,2024-12-31 10:00:00,Long,2612.3540000000003,2614.08,8.62999999999829,SL Hit,2614.08,5,2922.5999999999967,180.0,-5.554000000000087,5.225999999999658
2024-12-31 10:15:00,2024-12-31 11:05:00,Short,2612.955,2613.32,-0.7300000000004729,SL Hit,2613.32,2,2921.8699999999963,50.0,1.6849999999999454,-2.255000000000109
2024-12-31 16:50:00,2024-12-31 17:30:00,Long,2625.7799999999997,2624.43,-2.699999999999818,SL Hit,2624.43,2,2919.1699999999964,40.0,-1.919999999999618,1.4400000000000546
2024-12-31 17:55:00,2024-12-31 18:00:00,Short,2624.15,2624.190000000001,-0.040000000000873115,SL Hit,2624.190000000001,1,2919.1299999999956,5.0,0.8299999999999272,-1.0
2025-01-02 04:35:00,2025-01-02 05:25:00,Short,2632.99,2634.18,-2.380000000000109,SL Hit,2634.18,2,2916.7499999999955,50.0,2.25,-1.8899999999998727
2025-01-02 06:45:00,2025-01-02 07:20:00,Long,2633.6166666666663,2633.59,-0.079999999998563,SL Hit,2633.59,3,2916.669999999997,35.0,-1.0166666666664241,1.5433333333335213
2025-01-02 07:25:00,2025-01-02 07:55:00,Short,2634.365,2635.67,-2.610000000000582,SL Hit,2635.67,2,2914.0599999999963,30.0,1.4150000000004184,-1.3049999999998363
2025-01-02 14:50:00,2025-01-02 17:30:00,Long,2652.6833333333334,2654.3,4.850000000000364,SL Hit,2654.3,3,2918.9099999999967,160.0,-7.193333333333612,7.526666666666642
2025-01-02 21:15:00,2025-01-02 23:10:00,Short,2658.2349999999997,2658.05,0.36999999999898137,SL Hit,2658.05,2,2919.2799999999957,115.0,1.1150000000002365,-1.9949999999998909
2025-01-02 23:15:00,2025-01-02 23:25:00,Long,2657.77,2657.77,0.0,SL Hit,2657.77,1,2919.2799999999957,10.0,-0.2699999999999818,0.8899999999998727
2025-01-03 03:05:00,2025-01-03 04:00:00,Long,2662.17,2662.07,-0.1999999999998181,SL Hit,2662.07,2,2919.079999999996,55.0,-1.0100000000002183,2.630000000000109
2025-01-03 04:40:00,2025-01-03 06:55:00,Short,2661.0433333333335,2659.73,3.9400000000005093,SL Hit,2659.73,3,2923.0199999999963,135.0,1.7566666666666606,-4.883333333333667
2025-01-03 08:45:00,2025-01-03 09:20:00,Short,2653.335,2655.22,-3.769999999999527,SL Hit,2655.22,2,2919.249999999997,35.0,2.2849999999998545,-3.2950000000000728
2025-01-03 15:00:00,2025-01-03 16:00:00,Short,2646.8900000000003,2645.98,1.8200000000006185,SL Hit,2645.98,2,2921.0699999999974,60.0,1.3699999999998909,-5.9200000000005275
2025-01-03 18:20:00,2025-01-03 19:05:00,Short,2641.0,2642.12,-2.2399999999997817,SL Hit,2642.12,2,2918.8299999999977,45.0,1.7800000000002,-1.699999999999818
2025-01-03 21:30:00,2025-01-03 21:40:00,Short,2637.255,2637.56,-0.6099999999996726,SL Hit,2637.56,2,2918.219999999998,10.0,2.674999999999727,-0.27500000000009095
2025-01-05 23:15:00,2025-01-05 23:30:00,Long,2639.7,2639.7,0.0,SL Hit,2639.7,1,2918.219999999998,15.0,0.0,2.550000000000182
2025-01-06 01:05:00,2025-01-06 02:00:00,Long,2641.7799999999997,2640.3,-2.959999999999127,SL Hit,2640.3,2,2915.259999999999,55.0,-1.9699999999998,5.230000000000473
2025-01-06 02:30:00,2025-01-06 03:15:00,Long,2643.66,2643.2,-0.9200000000000728,SL Hit,2643.2,2,2914.339999999999,45.0,-1.8099999999999454,1.4800000000000182
2025-01-06 04:50:00,2025-01-06 07:05:00,Short,2634.225,2632.22,8.020000000000437,SL Hit,2632.22,4,2922.359999999999,135.0,2.394999999999982,-4.045000000000073
2025-01-06 10:55:00,2025-01-06 12:10:00,Long,2638.7100000000005,2643.9,15.5699999999988,SL Hit,2643.9,3,2937.929999999998,75.0,-6.190000000000509,10.1899999999996
2025-01-06 12:15:00,2025-01-06 12:35:00,Short,2643.99,2645.749999999998,-1.7599999999983993,SL Hit,2645.749999999998,1,2936.1699999999996,20.0,2.5300000000002,-1.919999999999618
2025-01-06 13:30:00,2025-01-06 14:45:00,Short,2631.7899999999995,2627.07,14.159999999998035,SL Hit,2627.07,3,2950.3299999999977,75.0,10.890000000000327,-17.129999999999654
2025-01-06 16:35:00,2025-01-06 17:15:00,Long,2639.29,2638.62,-1.3400000000001455,SL Hit,2638.62,2,2948.9899999999975,40.0,-1.5199999999999818,1.7400000000002365
2025-01-06 18:00:00,2025-01-06 18:20:00,Short,2635.71,2637.2,-2.9799999999995634,SL Hit,2637.2,2,2946.009999999998,20.0,2.2100000000000364,-1.949999999999818
2025-01-06 20:10:00,2025-01-06 20:20:00,Short,2634.01,2637.3300000000017,-3.320000000001528,SL Hit,2637.3300000000017,1,2942.6899999999964,10.0,1.319999999999709,-0.830000000000382
2025-01-06 20:20:00,2025-01-06 20:30:00,Long,2634.2,2632.1600000000008,-2.039999999999054,SL Hit,2632.1600000000008,1,2940.6499999999974,10.0,-1.5,0.45000000000027285
2025-01-06 20:30:00,2025-01-06 21:05:00,Short,2633.98,2635.4200000000005,-1.4400000000005093,SL Hit,2635.4200000000005,1,2939.209999999997,35.0,1.949999999999818,-0.6300000000001091
2025-01-07 00:20:00,2025-01-07 00:45:00,Short,2633.465,2633.83,-0.7299999999995634,SL Hit,2633.83,2,2938.4799999999973,25.0,1.0850000000000364,-1.3650000000002365
2025-01-07 01:45:00,2025-01-07 02:05:00,Long,2638.21,2638.21,0.0,SL Hit,2638.21,1,2938.4799999999973,20.0,-0.21000000000003638,2.800000000000182
2025-01-07 03:50:00,2025-01-07 03:55:00,Long,2638.48,2638.48,0.0,SL Hit,2638.48,1,2938.4799999999973,5.0,-0.38000000000010914,1.0199999999999818
2025-01-07 04:45:00,2025-01-07 05:15:00,Short,2638.04,2639.5,-2.9200000000000728,SL Hit,2639.5,2,2935.559999999997,30.0,2.630000000000109,-1.1399999999998727
2025-01-07 06:05:00,2025-01-07 06:20:00,Long,2644.91,2644.83,-0.07999999999992724,SL Hit,2644.83,1,2935.4799999999973,15.0,-1.7699999999999818,1.3800000000001091
2025-01-07 06:45:00,2025-01-07 08:00:00,Short,2641.546666666667,2641.1,1.3400000000015098,SL Hit,2641.1,3,2936.819999999999,75.0,2.073333333332812,-3.3866666666672245
2025-01-07 08:20:00,2025-01-07 08:50:00,Long,2643.09,2640.7299999999996,-2.360000000000582,SL Hit,2640.7299999999996,1,2934.459999999998,30.0,-2.480000000000018,1.4800000000000182
2025-01-07 10:35:00,2025-01-07 10:45:00,Long,2643.36,2643.36,0.0,SL Hit,2643.36,1,2934.459999999998,10.0,-0.5599999999999454,1.2100000000000364
2025-01-07 13:50:00,2025-01-07 14:00:00,Long,2660.81,2660.690000000001,-0.11999999999898137,SL Hit,2660.690000000001,1,2934.3399999999992,10.0,-0.8400000000001455,3.1599999999998545
2025-01-07 19:25:00,2025-01-07 19:40:00,Short,2647.52,2648.9999999999995,-1.4799999999995634,SL Hit,2648.9999999999995,1,2932.8599999999997,15.0,2.3299999999999272,-0.8200000000001637
2025-01-08 00:00:00,2025-01-08 00:55:00,Long,2649.57,2650.34,2.3099999999999454,SL Hit,2650.34,3,2935.1699999999996,55.0,-1.2699999999999818,1.6499999999996362
2025-01-08 01:00:00,2025-01-08 01:40:00,Short,2648.9449999999997,2648.95,-0.010000000000218279,SL Hit,2648.95,2,2935.1599999999994,40.0,1.4950000000003456,-1.6349999999997635
2025-01-08 02:05:00,2025-01-08 02:50:00,Short,2648.12,2649.88,-1.7600000000002183,SL Hit,2649.88,1,2933.399999999999,45.0,2.0100000000002183,-3.019999999999982
2025-01-08 02:50:00,2025-01-08 03:00:00,Long,2648.93,2648.1300000000006,-0.7999999999992724,SL Hit,2648.1300000000006,1,2932.6,10.0,-0.7999999999997272,1.2000000000002728
2025-01-08 03:40:00,2025-01-08 04:05:00,Short,2646.585,2647.26,-1.3500000000003638,SL Hit,2647.26,2,2931.2499999999995,25.0,1.125,-0.7950000000000728
2025-01-08 04:50:00,2025-01-08 05:45:00,Short,2647.935,2649.95,-4.029999999999745,SL Hit,2649.95,2,2927.22,55.0,2.4050000000002,-3.5349999999998545
2025-01-08 05:55:00,2025-01-08 06:00:00,Long,2649.87,2649.87,0.0,SL Hit,2649.87,1,2927.22,5.0,-0.900000000000091,0.7100000000000364
2025-01-08 07:00:00,2025-01-08 07:40:00,Long,2652.505,2652.33,-0.3500000000003638,SL Hit,2652.33,2,2926.8699999999994,40.0,-0.7650000000003274,1.7449999999998909
2025-01-08 09:10:00,2025-01-08 09:15:00,Long,2653.32,2653.32,0.0,SL Hit,2653.32,1,2926.8699999999994,5.0,-0.1000000000003638,1.2799999999997453
2025-01-08 11:10:00,2025-01-08 12:45:00,Short,2651.0249999999996,2650.99,0.06999999999970896,SL Hit,2650.99,2,2926.939999999999,95.0,1.2850000000003092,-5.244999999999436
2025-01-08 16:30:00,2025-01-08 16:35:00,Long,2666.01,2665.369999999999,-0.6400000000012369,SL Hit,2665.369999999999,1,2926.299999999998,5.0,-1.2800000000002,0.5499999999997272
2025-01-08 23:50:00,2025-01-09 00:20:00,Long,2661.61,2660.2,-2.8200000000006185,SL Hit,2660.2,2,2923.4799999999973,30.0,-1.5300000000002,1.3099999999999454
2025-01-09 00:25:00,2025-01-09 01:50:00,Short,2659.8475,2659.79,0.22999999999956344,SL Hit,2659.79,4,2923.709999999997,85.0,1.1725000000001273,-3.0474999999996726
2025-01-09 06:20:00,2025-01-09 07:50:00,Long,2661.92,2664.29,4.739999999999782,SL Hit,2664.29,2,2928.4499999999966,90.0,-3.200000000000273,4.630000000000109
2025-01-09 10:20:00,2025-01-09 10:30:00,Long,2665.41,2665.41,0.0,SL Hit,2665.41,1,2928.4499999999966,10.0,0.0,1.2300000000000182
2025-01-09 11:05:00,2025-01-09 13:15:00,Long,2670.975714285714,2671.41,3.0400000000022374,SL Hit,2671.41,7,2931.489999999999,130.0,-3.935714285713857,3.934285714286034
2025-01-09 14:25:00,2025-01-09 18:05:00,Short,2669.854285714286,2666.58,22.920000000003256,SL Hit,2666.58,7,2954.410000000002,220.0,5.705714285713839,-7.064285714286143
2025-01-09 19:10:00,2025-01-09 19:45:00,Short,2669.705,2670.2,-0.9899999999997817,SL Hit,2670.2,2,2953.4200000000023,35.0,0.9850000000001273,-1.8049999999998363
2025-01-09 20:15:00,2025-01-09 21:30:00,Short,2669.5899999999997,2669.52,0.20999999999912689,SL Hit,2669.52,3,2953.6300000000015,75.0,0.9900000000002365,-1.8899999999998727
2025-01-09 21:40:00,2025-01-09 23:05:00,Long,2669.8100000000004,2669.05,-1.5200000000004366,SL Hit,2669.05,2,2952.110000000001,85.0,-0.9100000000003092,0.9799999999995634
2025-01-10 00:30:00,2025-01-10 00:35:00,Short,2669.91,2670.91,-1.0,SL Hit,2670.91,1,2951.110000000001,5.0,1.2100000000000364,-0.25
2025-01-10 00:40:00,2025-01-10 01:15:00,Long,2670.575,2669.71,-1.7299999999995634,SL Hit,2669.71,2,2949.3800000000015,35.0,-2.474999999999909,0.8949999999999818
2025-01-10 02:05:00,2025-01-10 03:05:00,Long,2671.9333333333334,2672.77,2.5099999999997635,SL Hit,2672.77,3,2951.8900000000012,60.0,-2.433333333333394,2.536666666666406
2025-01-10 06:25:00,2025-01-10 07:15:00,Long,2675.25,2674.8899999999994,-0.3600000000005821,SL Hit,2674.8899999999994,1,2951.5300000000007,50.0,-0.5900000000001455,3.150000000000091
2025-01-10 10:10:00,2025-01-10 10:25:00,Long,2680.18,2680.18,0.0,SL Hit,2680.18,1,2951.5300000000007,15.0,-0.3799999999996544,2.0700000000001637
2025-01-10 11:50:00,2025-01-10 13:10:00,Short,2679.455,2679.58,-0.25,SL Hit,2679.58,2,2951.2800000000007,80.0,2.474999999999909,-4.255000000000109
2025-01-10 14:20:00,2025-01-10 14:45:00,Long,2685.84,2682.3999999999996,-3.4400000000005093,SL Hit,2682.3999999999996,1,2947.84,25.0,-3.9700000000002547,6.789999999999964
2025-01-10 16:45:00,2025-01-10 18:10:00,Long,2694.3966666666665,2692.83,-4.699999999999818,SL Hit,2692.83,3,2943.1400000000003,85.0,-2.0466666666666242,2.8733333333334485
2025-01-10 21:50:00,2025-01-12 23:55:00,Short,2688.84,2690.53,-3.380000000000109,SL Hit,2690.53,2,2939.76,3005.0,1.7999999999997272,-2.5300000000002
2025-01-13 03:05:00,2025-01-13 05:55:00,Short,2687.7966666666666,2686.49,3.9200000000005275,SL Hit,2686.49,3,2943.6800000000007,170.0,2.803333333333285,-4.216666666666697
2025-01-13 07:35:00,2025-01-13 08:40:00,Short,2687.795,2689.06,-2.5299999999997453,SL Hit,2689.06,2,2941.150000000001,65.0,1.375,-3.8350000000000364
2025-01-13 08:50:00,2025-01-13 09:00:00,Long,2686.27,2686.27,0.0,SL Hit,2686.27,1,2941.150000000001,10.0,-0.6300000000001091,1.4600000000000364
2025-01-13 09:20:00,2025-01-13 09:30:00,Short,2686.08,2687.76,-1.680000000000291,SL Hit,2687.76,1,2939.4700000000007,10.0,1.9500000000002728,-3.5299999999997453
2025-01-13 11:15:00,2025-01-13 14:45:00,Short,2673.9016666666666,2670.37,21.19000000000051,SL Hit,2670.37,6,2960.660000000001,210.0,6.598333333333358,-9.901666666666642
2025-01-13 15:50:00,2025-01-13 16:25:00,Short,2664.395,2666.61,-4.430000000000291,SL Hit,2666.61,2,2956.230000000001,35.0,3.0349999999998545,-3.3350000000000364
2025-01-13 21:30:00,2025-01-14 01:15:00,Long,2666.9366666666665,2670.2,19.579999999999927,SL Hit,2670.2,6,2975.810000000001,225.0,-4.836666666666588,4.953333333333376
2025-01-14 02:40:00,2025-01-14 03:20:00,Long,2671.02,2668.95,-4.140000000000327,SL Hit,2668.95,2,2971.6700000000005,40.0,-2.519999999999982,1.0399999999999636
2025-01-14 06:55:00,2025-01-14 07:00:00,Long,2668.49,2668.49,0.0,SL Hit,2668.49,1,2971.6700000000005,5.0,-0.2199999999997999,1.7100000000000364
2025-01-14 07:10:00,2025-01-14 09:35:00,Long,2669.3233333333333,2667.26,-6.189999999999145,SL Hit,2667.26,3,2965.4800000000014,145.0,-2.8633333333332303,4.576666666666824
2025-01-14 09:40:00,2025-01-14 10:05:00,Short,2666.575,2668.24,-3.3299999999999272,SL Hit,2668.24,2,2962.1500000000015,25.0,1.9850000000001273,-1.5549999999998363
2025-01-14 11:35:00,2025-01-14 12:35:00,Long,2668.57,2667.75,-2.460000000000491,SL Hit,2667.75,3,2959.690000000001,60.0,-3.4700000000002547,2.849999999999909
2025-01-14 12:45:00,2025-01-14 13:30:00,Short,2669.505,2670.56,-2.1099999999996726,SL Hit,2670.56,2,2957.5800000000013,45.0,3.9349999999999454,-4.055000000000291
2025-01-14 14:10:00,2025-01-14 14:30:00,Short,2661.155,2663.6,-4.889999999999418,SL Hit,2663.6,2,2952.690000000002,20.0,2.494999999999891,-1.7550000000001091
2025-01-14 16:25:00,2025-01-14 16:30:00,Long,2670.94,2670.5400000000004,-0.3999999999996362,SL Hit,2670.5400000000004,1,2952.2900000000022,5.0,-1.0199999999999818,1.2699999999999818
2025-01-14 18:00:00,2025-01-14 18:35:00,Short,2668.41,2670.129999999999,-1.7199999999993452,SL Hit,2670.129999999999,1,2950.570000000003,35.0,2.730000000000018,-2.9099999999998545
2025-01-14 19:55:00,2025-01-14 20:10:00,Long,2673.88,2672.079999999999,-1.8000000000010914,SL Hit,2672.079999999999,1,2948.770000000002,15.0,-1.8400000000001455,0.6700000000000728
2025-01-14 23:45:00,2025-01-15 02:45:00,Short,2673.5125,2673.7,-0.75,SL Hit,2673.7,4,2948.020000000002,180.0,2.387500000000273,-4.3125
2025-01-15 07:35:00,2025-01-15 07:45:00,Long,2682.14,2681.82,-0.31999999999970896,SL Hit,2681.82,1,2947.700000000002,10.0,-0.5,1.6900000000000546
2025-01-15 09:25:00,2025-01-15 11:35:00,Long,2685.788,2685.58,-1.0400000000004184,SL Hit,2685.58,5,2946.6600000000017,130.0,-1.6979999999998654,3.012000000000171
2025-01-15 17:40:00,2025-01-15 21:30:00,Long,2693.195714285714,2693.6,2.8300000000008367,SL Hit,2693.6,7,2949.4900000000025,230.0,-3.095714285714166,3.764285714285961
2025-01-15 21:35:00,2025-01-15 23:25:00,Short,2692.535,2696.06,-7.050000000000182,SL Hit,2696.06,2,2942.4400000000023,110.0,3.5850000000000364,-1.574999999999818
2025-01-16 03:40:00,2025-01-16 03:45:00,Long,2696.78,2696.059999999999,-0.7200000000011642,SL Hit,2696.059999999999,1,2941.720000000001,5.0,-0.8200000000001637,0.5499999999997272
2025-01-16 04:50:00,2025-01-16 05:00:00,Long,2697.33,2697.01,-0.31999999999970896,SL Hit,2697.01,1,2941.4000000000015,10.0,-0.4299999999998363,0.2600000000002183
2025-01-16 05:10:00,2025-01-16 07:05:00,Short,2694.975,2694.98,-0.010000000000218279,SL Hit,2694.98,2,2941.3900000000012,115.0,1.2350000000001273,-4.974999999999909
2025-01-16 07:55:00,2025-01-16 08:50:00,Long,2698.765,2698.5,-0.5299999999997453,SL Hit,2698.5,2,2940.8600000000015,55.0,-1.8449999999998,4.3650000000002365
2025-01-16 09:00:00,2025-01-16 09:20:00,Short,2699.12,2702.88,-3.7600000000002183,SL Hit,2702.88,1,2937.1000000000013,20.0,5.960000000000036,-1.1399999999998727
2025-01-16 09:45:00,2025-01-16 12:00:00,Long,2706.02,2705.18,-2.5200000000004366,SL Hit,2705.18,3,2934.580000000001,135.0,-2.1700000000000728,4.650000000000091
2025-01-16 12:05:00,2025-01-16 13:10:00,Short,2704.275,2705.2,-1.8499999999994543,SL Hit,2705.2,2,2932.7300000000014,65.0,2.4549999999999272,-3.3150000000000546
2025-01-16 14:35:00,2025-01-16 14:50:00,Short,2716.85,2728.809999999999,-11.959999999999127,SL Hit,2728.809999999999,1,2920.7700000000023,15.0,1.1900000000000546,-2.9899999999997817
2025-01-16 14:50:00,2025-01-16 15:45:00,Long,2717.2650000000003,2712.9,-8.730000000000473,SL Hit,2712.9,2,2912.040000000002,55.0,-4.555000000000291,2.1149999999997817
2025-01-16 16:15:00,2025-01-16 16:20:00,Long,2718.5,2718.42,-0.07999999999992724,SL Hit,2718.42,1,2911.960000000002,5.0,-0.5700000000001637,1.1100000000001273
2025-01-16 16:40:00,2025-01-16 17:50:00,Long,2720.2099999999996,2721.0,2.370000000001255,SL Hit,2721.0,3,2914.330000000003,70.0,-1.9999999999995453,4.190000000000509
2025-01-16 19:55:00,2025-01-16 20:00:00,Short,2715.04,2715.3599999999997,-0.31999999999970896,SL Hit,2715.3599999999997,1,2914.0100000000034,5.0,0.47000000000025466,-0.5599999999999454
2025-01-16 20:20:00,2025-01-16 20:50:00,Short,2716.2250000000004,2716.65,-0.8499999999994543,SL Hit,2716.65,2,2913.160000000004,30.0,0.6149999999997817,-1.2650000000003274
2025-01-16 20:55:00,2025-01-16 21:00:00,Long,2715.69,2714.889999999999,-0.8000000000010914,SL Hit,2714.889999999999,1,2912.360000000003,5.0,-1.4299999999998363,0.5299999999997453
2025-01-17 04:30:00,2025-01-17 06:10:00,Short,2713.9733333333334,2713.02,2.8600000000001273,SL Hit,2713.02,3,2915.220000000003,100.0,1.4266666666667334,-2.7733333333335395
2025-01-17 07:00:00,2025-01-17 07:35:00,Long,2712.54,2711.47,-2.1400000000003274,SL Hit,2711.47,2,2913.0800000000027,35.0,-1.2399999999997817,1.8899999999998727
2025-01-17 09:20:00,2025-01-17 11:15:00,Short,2706.605,2705.94,1.3299999999999272,SL Hit,2705.94,2,2914.4100000000026,115.0,3.2049999999999272,-3.2049999999999272
2025-01-17 12:30:00,2025-01-17 12:40:00,Long,2709.51,2709.51,0.0,SL Hit,2709.51,1,2914.4100000000026,10.0,-0.11000000000012733,1.949999999999818
2025-01-17 14:40:00,2025-01-17 16:55:00,Long,2711.62,2714.5,11.520000000000437,SL Hit,2714.5,4,2925.930000000003,135.0,-5.5099999999997635,5.579999999999927
2025-01-17 17:00:00,2025-01-19 23:10:00,Short,2707.653333333333,2702.16,32.960000000000036,SL Hit,2702.16,6,2958.890000000003,3250.0,8.596666666666806,-8.96333333333314
2025-01-20 01:00:00,2025-01-20 02:05:00,Short,2691.9849999999997,2695.54,-7.110000000000582,SL Hit,2695.54,2,2951.7800000000025,65.0,3.9650000000001455,-3.0849999999995816
2025-01-20 02:35:00,2025-01-20 04:30:00,Long,2699.3933333333334,2702.3,8.720000000000255,SL Hit,2702.3,3,2960.5000000000027,115.0,-3.5433333333335213,4.88666666666677
2025-01-20 05:50:00,2025-01-20 07:40:00,Long,2705.0666666666666,2705.4,1.0000000000004547,SL Hit,2705.4,3,2961.500000000003,110.0,-1.366666666666788,8.503333333333558
2025-01-20 08:45:00,2025-01-20 09:05:00,Long,2705.62,2705.0199999999995,-0.6000000000003638,SL Hit,2705.0199999999995,1,2960.900000000003,20.0,-0.849999999999909,3.0300000000002
2025-01-20 10:25:00,2025-01-20 11:20:00,Long,2708.0,2707.97,-0.06000000000040018,SL Hit,2707.97,2,2960.8400000000024,55.0,-0.6799999999998363,3.7600000000002183
2025-01-20 11:30:00,2025-01-20 13:05:00,Short,2708.233333333333,2708.75,-1.5500000000006366,SL Hit,2708.75,3,2959.290000000002,95.0,1.6566666666667516,-3.033333333333303
2025-01-20 14:05:00,2025-01-20 14:45:00,Long,2708.895,2708.6,-0.5900000000001455,SL Hit,2708.6,2,2958.7000000000016,40.0,-1.0850000000000364,2.2649999999998727
2025-01-20 16:15:00,2025-01-20 16:45:00,Short,2706.56,2708.8799999999997,-2.319999999999709,SL Hit,2708.8799999999997,1,2956.380000000002,30.0,2.0599999999999454,-2.4200000000000728
2025-01-20 16:45:00,2025-01-20 17:25:00,Long,2707.68,2704.9199999999996,-2.7600000000002183,SL Hit,2704.9199999999996,1,2953.6200000000017,40.0,-3.1599999999998545,1.5100000000002183
2025-01-20 18:55:00,2025-01-20 19:00:00,Long,2709.35,2709.150000000001,-0.1999999999989086,SL Hit,2709.150000000001,1,2953.420000000003,5.0,-0.38999999999987267,1.3299999999999272
2025-01-21 00:20:00,2025-01-21 01:10:00,Short,2708.3266666666664,2710.45,-6.370000000000346,SL Hit,2710.45,3,2947.0500000000025,50.0,2.6933333333336122,-5.146666666666533
2025-01-21 04:35:00,2025-01-21 06:30:00,Long,2726.1225,2725.48,-2.569999999999709,SL Hit,2725.48,4,2944.4800000000027,115.0,-2.5225000000000364,3.087500000000091
2025-01-21 08:50:00,2025-01-21 09:50:00,Short,2721.995,2723.6,-3.2100000000000364,SL Hit,2723.6,2,2941.2700000000027,60.0,1.7850000000003092,-3.8649999999997817
2025-01-21 10:15:00,2025-01-21 11:50:00,Short,2721.3999999999996,2723.89,-4.980000000000473,SL Hit,2723.89,2,2936.2900000000022,95.0,2.6200000000003456,-4.839999999999691
2025-01-21 16:00:00,2025-01-21 17:45:00,Long,2741.75,2741.52,-0.6900000000000546,SL Hit,2741.52,3,2935.600000000002,105.0,-3.8400000000001455,3.7199999999998
2025-01-21 17:55:00,2025-01-21 18:35:00,Short,2742.875,2744.43,-3.1099999999996726,SL Hit,2744.43,2,2932.4900000000025,40.0,2.4549999999999272,-3.0549999999998363
2025-01-21 19:50:00,2025-01-21 20:45:00,Short,2741.9733333333334,2741.6,1.1200000000003456,SL Hit,2741.6,3,2933.610000000003,55.0,1.0366666666668607,-2.2733333333335395
2025-01-21 23:55:00,2025-01-22 00:10:00,Long,2743.63,2743.63,0.0,SL Hit,2743.63,1,2933.610000000003,15.0,-0.8299999999999272,1.4699999999998
2025-01-22 01:45:00,2025-01-22 02:10:00,Short,2748.085,2749.09,-2.0100000000002183,SL Hit,2749.09,2,2931.6000000000026,25.0,1.1549999999997453,-1.4850000000001273
2025-01-22 02:20:00,2025-01-22 02:25:00,Long,2748.18,2748.18,0.0,SL Hit,2748.18,1,2931.6000000000026,5.0,-1.0799999999999272,0.6700000000000728
2025-01-22 02:40:00,2025-01-22 03:25:00,Short,2748.205,2749.44,-2.4700000000002547,SL Hit,2749.44,2,2929.1300000000024,45.0,1.3250000000002728,-2.144999999999982
2025-01-22 08:35:00,2025-01-22 10:50:00,Long,2758.093333333333,2759.55,4.370000000002165,SL Hit,2759.55,3,2933.5000000000045,135.0,-6.983333333332666,5.006666666667115
2025-01-22 11:00:00,2025-01-22 12:50:00,Short,2757.31,2757.41,-0.1999999999998181,SL Hit,2757.41,2,2933.3000000000047,110.0,2.769999999999982,-5.480000000000018
2025-01-22 12:55:00,2025-01-22 13:25:00,Long,2757.85,2755.2499999999995,-2.600000000000364,SL Hit,2755.2499999999995,1,2930.7000000000044,30.0,-3.5099999999997635,3.450000000000273
2025-01-22 20:15:00,2025-01-22 20:55:00,Short,2755.8,2756.21,-0.819999999999709,SL Hit,2756.21,2,2929.8800000000047,40.0,1.1299999999996544,-1.2000000000002728
2025-01-22 23:05:00,2025-01-22 23:45:00,Short,2754.96,2755.42,-0.9200000000000728,SL Hit,2755.42,2,2928.9600000000046,40.0,1.0799999999999272,-1.400000000000091
2025-01-22 23:55:00,2025-01-23 00:00:00,Long,2754.76,2754.76,0.0,SL Hit,2754.76,1,2928.9600000000046,5.0,-1.4500000000002728,1.0099999999997635
2025-01-23 01:20:00,2025-01-23 02:30:00,Short,2754.115,2754.06,0.10999999999967258,SL Hit,2754.06,2,2929.0700000000043,70.0,0.7450000000003456,-3.3849999999997635
2025-01-23 02:35:00,2025-01-23 03:15:00,Long,2752.82,2751.099999999999,-1.7200000000011642,SL Hit,2751.099999999999,1,2927.350000000003,40.0,-2.0,0.32999999999992724
2025-01-23 03:55:00,2025-01-23 04:10:00,Short,2750.04,2751.7599999999993,-1.7199999999993452,SL Hit,2751.7599999999993,1,2925.6300000000037,15.0,2.2600000000002183,-0.4299999999998363
2025-01-23 05:55:00,2025-01-23 06:10:00,Short,2752.22,2754.4199999999987,-2.1999999999989086,SL Hit,2754.4199999999987,1,2923.430000000005,15.0,1.6000000000003638,-0.9800000000000182
2025-01-23 06:10:00,2025-01-23 06:15:00,Long,2753.12,2753.12,0.0,SL Hit,2753.12,1,2923.430000000005,5.0,-0.04999999999972715,0.7100000000000364
2025-01-23 10:15:00,2025-01-23 12:10:00,Long,2750.21,2751.02,1.6199999999998909,SL Hit,2751.02,2,2925.0500000000047,115.0,-4.039999999999964,4.039999999999964
2025-01-23 13:00:00,2025-01-23 14:30:00,Short,2744.495,2746.1,-3.2100000000000364,SL Hit,2746.1,2,2921.8400000000047,90.0,2.4450000000001637,-8.404999999999745
2025-01-23 21:50:00,2025-01-23 23:05:00,Long,2753.68,2753.160000000001,-0.5199999999986176,SL Hit,2753.160000000001,1,2921.320000000006,75.0,-1.1799999999998363,0.9600000000000364
2025-01-23 23:35:00,2025-01-24 01:40:00,Long,2756.5825,2758.88,9.19000000000051,SL Hit,2758.88,4,2930.5100000000066,125.0,-3.4825000000000728,5.207499999999982
2025-01-24 08:00:00,2025-01-24 09:05:00,Short,2772.9700000000003,2774.78,-3.619999999999891,SL Hit,2774.78,2,2926.8900000000067,65.0,2.4799999999995634,-2.8400000000001455
2025-01-24 09:15:00,2025-01-24 09:30:00,Long,2774.65,2774.65,0.0,SL Hit,2774.65,1,2926.8900000000067,15.0,-0.7899999999999636,2.6599999999998545
2025-01-24 11:25:00,2025-01-24 14:10:00,Long,2778.3959999999997,2780.3,9.520000000002256,SL Hit,2780.3,5,2936.410000000009,165.0,-2.625999999999749,5.804000000000087
2025-01-24 19:10:00,2025-01-26 23:45:00,Short,2771.83,2768.16,22.020000000000437,SL Hit,2768.16,6,2958.4300000000094,3155.0,3.150000000000091,-6.289999999999964
2025-01-26 23:50:00,2025-01-27 00:20:00,Long,2766.665,2765.9,-1.5299999999997453,SL Hit,2765.9,2,2956.9000000000096,30.0,-0.8649999999997817,1.974999999999909
2025-01-27 00:55:00,2025-01-27 01:25:00,Long,2769.12,2769.5,0.7600000000002183,SL Hit,2769.5,2,2957.66000000001,30.0,-1.2100000000000364,3.1400000000003274
2025-01-27 03:45:00,2025-01-27 03:50:00,Long,2760.2,2760.2,0.0,SL Hit,2760.2,1,2957.66000000001,5.0,-0.01999999999998181,1.3700000000003456
2025-01-27 04:05:00,2025-01-27 08:05:00,Short,2755.22,2752.59,10.519999999998618,SL Hit,2752.59,4,2968.1800000000085,240.0,5.130000000000109,-7.619999999999891
2025-01-27 08:10:00,2025-01-27 12:15:00,Long,2760.3299999999995,2765.15,24.100000000003092,SL Hit,2765.15,5,2992.2800000000116,245.0,-8.379999999999654,11.150000000000546
2025-01-27 13:25:00,2025-01-27 18:25:00,Short,2744.35875,2735.48,71.02999999999884,SL Hit,2735.48,8,3063.3100000000104,300.0,15.361249999999927,-13.198750000000018
2025-01-27 19:05:00,2025-01-27 21:50:00,Long,2738.99,2740.1,5.550000000000637,SL Hit,2740.1,5,3068.860000000011,165.0,-2.0799999999999272,4.630000000000109
2025-01-27 21:55:00,2025-01-27 23:25:00,Short,2740.5299999999997,2741.9,-2.740000000000691,SL Hit,2741.9,2,3066.1200000000104,90.0,3.230000000000473,-1.7299999999995634
2025-01-28 00:35:00,2025-01-28 01:55:00,Long,2743.4900000000002,2742.02,-4.410000000000764,SL Hit,2742.02,3,3061.7100000000096,80.0,-3.5300000000002,1.4699999999998
2025-01-28 02:35:00,2025-01-28 03:10:00,Short,2739.6,2740.2,-1.199999999999818,SL Hit,2740.2,2,3060.5100000000098,35.0,1.5399999999999636,-1.199999999999818
2025-01-28 03:40:00,2025-01-28 04:05:00,Short,2738.675,2739.73,-2.1099999999996726,SL Hit,2739.73,2,3058.40000000001,25.0,1.544999999999618,-0.8550000000000182
2025-01-28 07:30:00,2025-01-28 07:40:00,Long,2742.35,2740.5500000000006,-1.7999999999992724,SL Hit,2740.5500000000006,1,3056.600000000011,10.0,-2.5099999999997635,0.38000000000010914
2025-01-28 07:55:00,2025-01-28 09:05:00,Short,2739.21,2742.6500000000005,-3.4400000000005093,SL Hit,2742.6500000000005,1,3053.1600000000103,70.0,4.869999999999891,-4.3400000000001455
2025-01-28 10:05:00,2025-01-28 10:15:00,Long,2743.61,2743.61,0.0,SL Hit,2743.61,1,3053.1600000000103,10.0,-0.3900000000003274,1.3399999999996908
2025-01-28 12:35:00,2025-01-28 12:40:00,Long,2743.28,2743.28,0.0,SL Hit,2743.28,1,3053.1600000000103,5.0,-0.3700000000003456,0.6199999999998909
2025-01-28 12:50:00,2025-01-28 17:30:00,Long,2753.2383333333332,2757.62,26.289999999999964,SL Hit,2757.62,6,3079.4500000000103,280.0,-9.51833333333343,5.851666666666915
2025-01-28 17:35:00,2025-01-28 18:30:00,Short,2759.38,2760.86,-2.9600000000000364,SL Hit,2760.86,2,3076.4900000000102,55.0,2.630000000000109,-1.9800000000000182
2025-01-28 20:55:00,2025-01-28 21:00:00,Long,2763.83,2763.83,0.0,SL Hit,2763.83,1,3076.4900000000102,5.0,-1.1199999999998909,0.8699999999998909
2025-01-28 21:55:00,2025-01-29 00:30:00,Short,2763.2566666666667,2763.63,-1.1200000000003456,SL Hit,2763.63,3,3075.37000000001,155.0,0.783333333333303,-1.6566666666667516
2025-01-29 05:25:00,2025-01-29 08:00:00,Short,2760.5275,2760.18,1.390000000001237,SL Hit,2760.18,4,3076.760000000011,155.0,1.9224999999996726,-3.0775000000003274
2025-01-29 10:00:00,2025-01-29 13:00:00,Short,2759.2966666666666,2757.92,8.259999999999309,SL Hit,2757.92,6,3085.0200000000104,180.0,3.633333333333212,-3.9066666666667516
2025-01-29 13:05:00,2025-01-29 15:00:00,Long,2756.81,2757.52,2.8400000000001455,SL Hit,2757.52,4,3087.8600000000106,115.0,-4.119999999999891,4.010000000000218
2025-01-30 01:45:00,2025-01-30 03:15:00,Short,2760.0175,2760.36,-1.3700000000008004,SL Hit,2760.36,4,3086.49000000001,90.0,0.9425000000001091,-1.6174999999998363
2025-01-30 03:30:00,2025-01-30 04:30:00,Long,2760.41,2760.41,0.0,SL Hit,2760.41,1,3086.49000000001,60.0,-0.10999999999967258,2.7100000000000364
2025-01-30 06:05:00,2025-01-30 06:25:00,Long,2760.43,2759.910000000001,-0.5199999999986176,SL Hit,2759.910000000001,1,3085.970000000011,20.0,-0.7300000000000182,1.6100000000001273
2025-01-30 06:45:00,2025-01-30 13:30:00,Long,2774.433333333334,2779.68,47.21999999999389,SL Hit,2779.68,9,3133.190000000005,405.0,-13.103333333333921,8.206666666666024
2025-01-30 15:10:00,2025-01-30 17:00:00,Long,2790.8799999999997,2790.37,-1.5299999999992906,SL Hit,2790.37,3,3131.6600000000058,110.0,-3.9599999999995816,7.2400000000002365
2025-01-30 20:15:00,2025-01-30 20:35:00,Long,2793.3,2793.3,0.0,SL Hit,2793.3,1,3131.6600000000058,20.0,-0.5399999999999636,2.8599999999996726
2025-01-31 02:05:00,2025-01-31 04:00:00,Long,2796.0375,2795.7,-1.3500000000003638,SL Hit,2795.7,4,3130.3100000000054,115.0,-0.8874999999998181,1.9324999999998909
2025-01-31 04:45:00,2025-01-31 05:30:00,Long,2795.486666666666,2794.6,-2.659999999998945,SL Hit,2794.6,3,3127.6500000000065,45.0,-1.6866666666660421,0.713333333333594
2025-01-31 07:15:00,2025-01-31 08:30:00,Long,2796.09,2792.9300000000003,-3.1599999999998545,SL Hit,2792.9300000000003,1,3124.4900000000066,75.0,-3.400000000000091,4.4699999999998
2025-01-31 09:10:00,2025-01-31 09:15:00,Long,2794.15,2793.7500000000005,-0.3999999999996362,SL Hit,2793.7500000000005,1,3124.090000000007,5.0,-0.43000000000029104,0.849999999999909
2025-01-31 13:40:00,2025-01-31 14:20:00,Short,2806.5933333333337,2806.79,-0.5899999999987813,SL Hit,2806.79,3,3123.500000000008,40.0,1.5766666666663696,-2.0033333333335577
2025-01-31 19:50:00,2025-01-31 20:40:00,Short,2797.17,2797.25,-0.15999999999985448,SL Hit,2797.25,2,3123.3400000000083,50.0,1.4899999999997817,-3.050000000000182
2025-02-03 00:40:00,2025-02-03 00:55:00,Long,2793.16,2791.3199999999997,-1.8400000000001455,SL Hit,2791.3199999999997,1,3121.500000000008,15.0,-2.4699999999998,1.9700000000002547
2025-02-03 02:00:00,2025-02-03 04:00:00,Short,2777.5499999999997,2776.36,4.759999999998399,SL Hit,2776.36,4,3126.2600000000066,120.0,4.790000000000418,-5.339999999999691
2025-02-03 05:15:00,2025-02-03 09:15:00,Long,2787.0157142857142,2796.14,63.869999999999436,SL Hit,2796.14,7,3190.130000000006,240.0,-6.005714285714021,12.804285714285925
2025-02-03 09:30:00,2025-02-03 10:05:00,Long,2798.09,2794.41,-3.680000000000291,SL Hit,2794.41,1,3186.4500000000057,35.0,-4.309999999999945,2.0299999999997453
2025-02-03 10:30:00,2025-02-03 10:50:00,Short,2794.76,2799.4400000000005,-4.680000000000291,SL Hit,2799.4400000000005,1,3181.7700000000054,20.0,4.829999999999927,-1.5300000000002
2025-02-03 12:35:00,2025-02-03 16:45:00,Long,2813.271666666667,2818.37,30.589999999997417,SL Hit,2818.37,6,3212.360000000003,250.0,-11.361666666667134,16.57833333333292
2025-02-03 20:50:00,2025-02-03 23:50:00,Short,2814.4575000000004,2814.15,1.2300000000013824,SL Hit,2814.15,4,3213.5900000000042,180.0,2.862499999999727,-3.5575000000003456
2025-02-03 23:55:00,2025-02-04 00:05:00,Long,2812.8,2812.8,0.0,SL Hit,2812.8,1,3213.5900000000042,10.0,-0.8000000000001819,1.069999999999709
2025-02-04 01:20:00,2025-02-04 04:50:00,Long,2819.4725,2818.2,-5.0900000000001455,SL Hit,2818.2,4,3208.500000000004,210.0,-2.5324999999998,4.577500000000327
2025-02-04 09:15:00,2025-02-04 10:30:00,Long,2815.71,2815.5099999999993,-0.2000000000007276,SL Hit,2815.5099999999993,1,3208.3000000000034,75.0,-2.75,5.880000000000109
2025-02-04 11:30:00,2025-02-04 15:35:00,Long,2828.221666666667,2840.04,70.90999999999894,SL Hit,2840.04,6,3279.2100000000023,245.0,-13.921666666666624,16.578333333333376
2025-02-04 16:05:00,2025-02-04 16:15:00,Short,2837.03,2848.310000000001,-11.280000000000655,SL Hit,2848.310000000001,1,3267.9300000000017,10.0,2.7199999999998,-2.8200000000001637
2025-02-04 16:15:00,2025-02-04 17:00:00,Long,2839.4799999999996,2839.61,0.2600000000011278,SL Hit,2839.61,2,3268.190000000003,45.0,-2.519999999999527,2.5700000000006185
2025-02-04 17:20:00,2025-02-04 18:50:00,Long,2842.7833333333333,2842.6,-0.5500000000001819,SL Hit,2842.6,3,3267.6400000000026,90.0,-1.633333333333212,2.0066666666666606
2025-02-04 19:05:00,2025-02-04 19:35:00,Short,2842.965,2843.73,-1.5299999999997453,SL Hit,2843.73,2,3266.110000000003,30.0,1.0850000000000364,-1.3650000000002365
2025-02-04 21:15:00,2025-02-05 00:25:00,Short,2841.603333333333,2841.96,-1.0700000000010732,SL Hit,2841.96,3,3265.040000000002,190.0,1.3066666666668425,-2.403333333333194
2025-02-05 01:25:00,2025-02-05 02:00:00,Short,2843.58,2846.8999999999996,-3.319999999999709,SL Hit,2846.8999999999996,1,3261.720000000002,35.0,3.8299999999999272,-4.480000000000018
2025-02-05 03:30:00,2025-02-05 03:35:00,Long,2853.46,2853.3,-0.15999999999985448,SL Hit,2853.3,1,3261.560000000002,5.0,-0.42000000000007276,0.6300000000001091
2025-02-05 08:20:00,2025-02-05 10:15:00,Long,2867.76,2869.39,3.259999999999309,SL Hit,2869.39,2,3264.8200000000015,115.0,-3.0300000000002,4.169999999999618
2025-02-05 10:25:00,2025-02-05 10:45:00,Long,2871.63,2869.55,-2.0799999999999272,SL Hit,2869.55,1,3262.7400000000016,20.0,-2.269999999999982,4.809999999999945
2025-02-05 11:15:00,2025-02-05 12:30:00,Short,2868.4033333333336,2869.96,-4.669999999999163,SL Hit,2869.96,3,3258.0700000000024,75.0,2.0266666666661877,-2.6933333333336122
2025-02-05 12:55:00,2025-02-05 13:15:00,Long,2869.2,2868.2400000000007,-0.9599999999991269,SL Hit,2868.2400000000007,1,3257.1100000000033,20.0,-2.4899999999997817,1.4100000000003092
2025-02-05 14:55:00,2025-02-05 16:05:00,Long,2870.43,2869.7100000000005,-0.7199999999993452,SL Hit,2869.7100000000005,1,3256.390000000004,70.0,-2.0799999999999272,11.580000000000382
2025-02-05 18:20:00,2025-02-05 20:25:00,Short,2866.6299999999997,2864.59,6.119999999998527,SL Hit,2864.59,3,3262.5100000000025,125.0,4.520000000000437,-4.3299999999994725
2025-02-06 00:25:00,2025-02-06 01:55:00,Short,2866.795,2870.41,-7.229999999999563,SL Hit,2870.41,2,3255.280000000003,90.0,4.795000000000073,-2.994999999999891
2025-02-06 03:05:00,2025-02-06 06:20:00,Short,2869.198,2869.48,-1.410000000000764,SL Hit,2869.48,5,3253.870000000002,195.0,2.812000000000353,-4.657999999999902
2025-02-06 06:30:00,2025-02-06 06:35:00,Long,2869.45,2869.45,0.0,SL Hit,2869.45,1,3253.870000000002,5.0,-1.5199999999999818,1.6600000000003092
2025-02-06 06:50:00,2025-02-06 07:25:00,Short,2860.795,2861.18,-0.7699999999995271,SL Hit,2861.18,2,3253.1000000000026,35.0,0.8049999999998363,-2.394999999999982
2025-02-06 07:45:00,2025-02-06 08:35:00,Short,2855.215,2856.32,-2.2100000000000364,SL Hit,2856.32,2,3250.8900000000026,50.0,4.474999999999909,-5.934999999999945
2025-02-06 09:10:00,2025-02-06 10:05:00,Long,2858.2966666666666,2857.47,-2.480000000000473,SL Hit,2857.47,3,3248.410000000002,55.0,-2.436666666666497,1.283333333333303
2025-02-06 10:45:00,2025-02-06 10:55:00,Long,2860.11,2859.469999999999,-0.6400000000012369,SL Hit,2859.469999999999,1,3247.770000000001,10.0,-2.180000000000291,1.2999999999997272
2025-02-06 14:45:00,2025-02-06 15:40:00,Short,2849.9849999999997,2847.45,5.069999999999709,SL Hit,2847.45,2,3252.8400000000006,55.0,6.325000000000273,-14.724999999999454
2025-02-06 17:05:00,2025-02-06 17:50:00,Short,2850.52,2851.23,-2.130000000000109,SL Hit,2851.23,3,3250.7100000000005,45.0,1.1599999999998545,-1.650000000000091
2025-02-06 19:30:00,2025-02-06 19:45:00,Short,2850.95,2852.069999999999,-1.1199999999989814,SL Hit,2852.069999999999,1,3249.5900000000015,15.0,2.430000000000291,-0.34999999999990905
2025-02-06 21:50:00,2025-02-06 23:10:00,Long,2856.165,2855.63,-1.069999999999709,SL Hit,2855.63,2,3248.520000000002,80.0,-1.0650000000000546,0.7449999999998909
2025-02-07 03:15:00,2025-02-07 04:20:00,Short,2868.0,2868.66,-1.319999999999709,SL Hit,2868.66,2,3247.200000000002,65.0,0.6799999999998363,-2.1399999999998727
2025-02-07 04:25:00,2025-02-07 04:50:00,Long,2868.085,2867.2,-1.7700000000004366,SL Hit,2867.2,2,3245.4300000000017,25.0,-1.025000000000091,1.1649999999999636
2025-02-07 05:35:00,2025-02-07 07:50:00,Short,2863.49,2864.67,-4.720000000001164,SL Hit,2864.67,4,3240.7100000000005,135.0,2.300000000000182,-4.619999999999891
2025-02-07 07:55:00,2025-02-07 10:05:00,Long,2865.812,2867.13,6.590000000001055,SL Hit,2867.13,5,3247.3000000000015,130.0,-2.461999999999989,4.338000000000193
2025-02-07 11:55:00,2025-02-07 12:05:00,Long,2867.08,2866.76,-0.31999999999970896,SL Hit,2866.76,1,3246.980000000002,10.0,-0.5399999999999636,0.7200000000002547
2025-02-07 13:45:00,2025-02-07 16:00:00,Long,2867.616666666667,2873.29,17.019999999999527,SL Hit,2873.29,3,3264.0000000000014,135.0,-10.946666666666715,18.623333333332994
2025-02-07 16:10:00,2025-02-07 17:55:00,Short,2866.73,2858.59,16.279999999999745,SL Hit,2858.59,2,3280.280000000001,105.0,10.309999999999945,-13.039999999999964
2025-02-07 21:05:00,2025-02-07 21:35:00,Long,2860.5,2860.5,0.0,SL Hit,2860.5,1,3280.280000000001,30.0,-0.8000000000001819,2.3200000000001637
2025-02-09 23:45:00,2025-02-10 00:00:00,Long,2867.17,2866.5699999999997,-0.6000000000003638,SL Hit,2866.5699999999997,1,3279.6800000000007,15.0,-0.8899999999998727,1.5499999999997272
2025-02-10 02:50:00,2025-02-10 03:45:00,Short,2873.1200000000003,2874.08,-2.879999999998745,SL Hit,2874.08,3,3276.800000000002,55.0,1.2399999999997817,-2.0200000000004366
2025-02-10 04:35:00,2025-02-10 05:30:00,Long,2877.98,2878.07,0.27000000000043656,SL Hit,2878.07,3,3277.0700000000024,55.0,-2.6799999999998363,1.650000000000091
2025-02-10 05:35:00,2025-02-10 06:00:00,Short,2877.6800000000003,2878.83,-2.2999999999992724,SL Hit,2878.83,2,3274.770000000003,25.0,3.039999999999509,-1.680000000000291
2025-02-10 07:55:00,2025-02-10 10:30:00,Long,2897.1133333333332,2899.35,6.710000000000036,SL Hit,2899.35,3,3281.480000000003,155.0,-4.803333333333285,8.846666666666806
2025-02-10 12:00:00,2025-02-10 12:25:00,Long,2904.91,2904.1900000000005,-0.7199999999993452,SL Hit,2904.1900000000005,1,3280.760000000004,25.0,-0.7799999999997453,1.9600000000000364
2025-02-10 13:05:00,2025-02-10 13:15:00,Short,2903.98,2907.4200000000005,-3.4400000000005093,SL Hit,2907.4200000000005,1,3277.3200000000033,10.0,4.699999999999818,-0.8600000000001273
2025-02-10 14:25:00,2025-02-10 15:45:00,Long,2906.605,2906.05,-1.1099999999996726,SL Hit,2906.05,2,3276.2100000000037,80.0,-5.054999999999836,4.394999999999982
2025-02-10 16:30:00,2025-02-10 17:55:00,Short,2903.5550000000003,2902.8,1.5100000000002183,SL Hit,2902.8,2,3277.720000000004,85.0,2.8149999999996,-6.795000000000073
2025-02-10 18:15:00,2025-02-10 19:10:00,Long,2904.4750000000004,2904.51,0.06999999999970896,SL Hit,2904.51,2,3277.7900000000036,55.0,-1.3650000000002365,2.264999999999418
2025-02-10 19:15:00,2025-02-10 20:15:00,Short,2904.5299999999997,2905.05,-1.0400000000008731,SL Hit,2905.05,2,3276.7500000000027,60.0,1.1400000000003274,-1.9299999999998363
2025-02-11 00:50:00,2025-02-11 01:05:00,Long,2921.81,2920.3699999999994,-1.4400000000005093,SL Hit,2920.3699999999994,1,3275.310000000002,15.0,-2.1799999999998363,2.6100000000001273
2025-02-11 04:30:00,2025-02-11 04:45:00,Long,2918.645,2918.14,-1.0100000000002183,SL Hit,2918.14,2,3274.300000000002,15.0,-1.3449999999998,1.625
2025-02-11 06:45:00,2025-02-11 06:55:00,Short,2917.26,2917.7000000000007,-0.4400000000005093,SL Hit,2917.7000000000007,1,3273.8600000000015,10.0,1.0499999999997272,-1.5200000000004366
2025-02-11 07:00:00,2025-02-11 10:30:00,Short,2911.0914285714284,2906.5,32.13999999999896,SL Hit,2906.5,7,3306.0000000000005,210.0,6.94857142857154,-8.651428571428369
2025-02-11 11:40:00,2025-02-11 11:45:00,Short,2903.86,2904.820000000001,-0.9600000000009459,SL Hit,2904.820000000001,1,3305.0399999999995,5.0,1.2999999999997272,-0.24000000000023647
2025-02-11 15:00:00,2025-02-11 15:35:00,Short,2898.46,2901.5,-6.079999999999927,SL Hit,2901.5,2,3298.9599999999996,35.0,3.3400000000001455,-7.050000000000182
2025-02-11 15:40:00,2025-02-11 16:35:00,Long,2904.205,2903.65,-1.1099999999996726,SL Hit,2903.65,2,3297.85,55.0,-2.2049999999999272,3.994999999999891
2025-02-11 16:40:00,2025-02-11 17:30:00,Short,2902.8599999999997,2905.21,-4.700000000000728,SL Hit,2905.21,2,3293.149999999999,50.0,3.480000000000473,-4.359999999999673
2025-02-11 19:25:00,2025-02-11 21:50:00,Short,2899.903333333333,2899.17,2.1999999999993634,SL Hit,2899.17,3,3295.3499999999985,145.0,3.2566666666666606,-5.83333333333303
2025-02-12 00:30:00,2025-02-12 02:05:00,Short,2894.8050000000003,2895.26,-0.9099999999998545,SL Hit,2895.26,2,3294.4399999999987,95.0,2.4649999999996908,-10.295000000000073
2025-02-12 03:40:00,2025-02-12 04:20:00,Short,2888.72,2889.26,-1.0800000000008367,SL Hit,2889.26,2,3293.359999999998,40.0,0.7200000000002547,-1.6899999999995998
2025-02-12 04:25:00,2025-02-12 04:30:00,Long,2888.97,2885.89,-3.0799999999999272,SL Hit,2885.89,1,3290.279999999998,5.0,-3.149999999999636,1.300000000000182
2025-02-12 05:40:00,2025-02-12 07:30:00,Long,2888.915,2891.74,11.299999999999272,SL Hit,2891.74,4,3301.579999999997,110.0,-3.275000000000091,6.4650000000001455
2025-02-12 12:45:00,2025-02-12 13:10:00,Long,2881.83,2881.4300000000003,-0.3999999999996362,SL Hit,2881.4300000000003,1,3301.1799999999976,25.0,-4.929999999999836,3.7600000000002183
2025-02-12 15:00:00,2025-02-12 15:55:00,Short,2894.4700000000003,2895.28,-1.6199999999998909,SL Hit,2895.28,2,3299.5599999999977,55.0,0.9699999999997999,-7.3400000000001455
2025-02-12 16:05:00,2025-02-12 16:15:00,Long,2893.69,2893.1699999999996,-0.5200000000004366,SL Hit,2893.1699999999996,1,3299.0399999999972,10.0,-1.5900000000001455,1.1300000000001091
2025-02-12 16:40:00,2025-02-12 18:00:00,Long,2899.9449999999997,2901.9,3.910000000000764,SL Hit,2901.9,2,3302.949999999998,80.0,-4.674999999999727,8.995000000000346
2025-02-12 18:25:00,2025-02-12 20:25:00,Short,2899.9933333333333,2898.71,3.849999999999909,SL Hit,2898.71,3,3306.799999999998,120.0,2.946666666666715,-5.973333333333358
2025-02-12 23:30:00,2025-02-13 00:40:00,Short,2903.4,2908.16,-9.519999999999527,SL Hit,2908.16,2,3297.2799999999984,70.0,5.230000000000018,-3.0
2025-02-13 02:00:00,2025-02-13 04:15:00,Long,2910.69,2916.14,16.349999999999454,SL Hit,2916.14,3,3313.629999999998,135.0,-5.200000000000273,7.559999999999945
2025-02-13 04:45:00,2025-02-13 06:00:00,Long,2917.75,2916.63,-2.2399999999997817,SL Hit,2916.63,2,3311.389999999998,75.0,-3.1700000000000728,4.699999999999818
2025-02-13 07:30:00,2025-02-13 07:40:00,Long,2916.91,2915.75,-1.1599999999998545,SL Hit,2915.75,1,3310.229999999998,10.0,-3.5299999999997453,3.0799999999999272
2025-02-13 09:45:00,2025-02-13 11:20:00,Long,2916.7,2916.54,-0.6399999999994179,SL Hit,2916.54,4,3309.589999999999,95.0,-2.9600000000000364,2.600000000000364
2025-02-13 11:50:00,2025-02-13 12:05:00,Short,2916.49,2919.0499999999993,-2.5599999999994907,SL Hit,2919.0499999999993,1,3307.0299999999993,15.0,2.3100000000004,-0.7999999999997272
2025-02-13 12:05:00,2025-02-13 13:00:00,Long,2919.2999999999997,2917.0,-6.8999999999991815,SL Hit,2917.0,3,3300.13,55.0,-5.819999999999709,1.730000000000473
2025-02-13 13:20:00,2025-02-13 14:35:00,Short,2912.5766666666664,2913.34,-2.290000000001328,SL Hit,2913.34,3,3297.839999999999,75.0,4.493333333333794,-5.566666666666151
2025-02-13 16:45:00,2025-02-13 18:30:00,Short,2917.475,2918.9,-2.850000000000364,SL Hit,2918.9,2,3294.9899999999984,105.0,1.4650000000001455,-4.494999999999891
2025-02-13 18:35:00,2025-02-13 18:40:00,Long,2917.2,2917.2,0.0,SL Hit,2917.2,1,3294.9899999999984,5.0,-1.7699999999999818,2.130000000000109
2025-02-13 18:45:00,2025-02-13 20:05:00,Long,2923.0725,2925.27,8.789999999999054,SL Hit,2925.27,4,3303.7799999999975,80.0,-6.002500000000055,3.887499999999818
2025-02-13 21:40:00,2025-02-13 23:20:00,Short,2928.895,2929.25,-0.7100000000000364,SL Hit,2929.25,2,3303.0699999999974,100.0,0.9650000000001455,-1.8949999999999818
2025-02-14 02:15:00,2025-02-14 03:00:00,Short,2927.3050000000003,2928.46,-2.3099999999994907,SL Hit,2928.46,2,3300.759999999998,45.0,2.444999999999709,-1.305000000000291
2025-02-14 05:35:00,2025-02-14 07:20:00,Long,2930.41,2931.97,6.239999999999782,SL Hit,2931.97,4,3306.9999999999977,105.0,-3.769999999999982,6.019999999999982
2025-02-14 11:15:00,2025-02-14 13:30:00,Short,2931.332,2930.26,5.359999999998308,SL Hit,2930.26,5,3312.359999999996,135.0,4.8279999999999745,-4.561999999999898
2025-02-14 14:05:00,2025-02-14 16:55:00,Short,2906.808,2895.58,56.14000000000033,SL Hit,2895.58,5,3368.4999999999964,170.0,21.192000000000007,-17.458000000000084
2025-02-14 21:40:00,2025-02-16 23:25:00,Long,2883.6666666666665,2882.14,-4.579999999999927,SL Hit,2882.14,3,3363.9199999999964,2985.0,-2.666666666666515,9.303333333333285
2025-02-16 23:30:00,2025-02-17 00:00:00,Short,2879.7799999999997,2881.74,-3.9200000000000728,SL Hit,2881.74,2,3359.9999999999964,30.0,4.510000000000218,-1.3399999999996908
2025-02-17 02:20:00,2025-02-17 04:35:00,Long,2898.1666666666665,2901.8,10.900000000001,SL Hit,2901.8,3,3370.8999999999974,135.0,-3.8766666666665515,6.483333333333576
2025-02-17 08:30:00,2025-02-17 09:00:00,Short,2900.0699999999997,2901.49,-2.8400000000001455,SL Hit,2901.49,2,3368.059999999997,30.0,3.2800000000002,-4.919999999999618
2025-02-17 10:20:00,2025-02-17 10:55:00,Short,2901.645,2902.56,-1.8299999999999272,SL Hit,2902.56,2,3366.2299999999973,35.0,1.0650000000000546,-6.195000000000164
2025-02-17 14:30:00,2025-02-17 15:20:00,Long,2899.096666666667,2899.15,0.15999999999985448,SL Hit,2899.15,3,3366.389999999997,50.0,-1.3466666666668061,4.423333333333176
2025-02-17 15:25:00,2025-02-17 19:15:00,Short,2899.588333333333,2898.15,8.62999999999829,SL Hit,2898.15,6,3375.0199999999954,230.0,1.5816666666669335,-3.1883333333330484
2025-02-17 19:25:00,2025-02-17 23:05:00,Long,2897.76,2897.3199999999997,-0.4400000000005093,SL Hit,2897.3199999999997,1,3374.579999999995,220.0,-0.6600000000003092,1.0099999999997635
2025-02-17 23:20:00,2025-02-17 23:45:00,Short,2897.45,2898.6899999999996,-1.2399999999997817,SL Hit,2898.6899999999996,1,3373.339999999995,25.0,1.5300000000002,-1.449999999999818
2025-02-18 00:40:00,2025-02-18 01:00:00,Long,2899.38,2897.46,-1.9200000000000728,SL Hit,2897.46,1,3371.419999999995,20.0,-2.380000000000109,0.7599999999997635
2025-02-18 01:00:00,2025-02-18 02:10:00,Short,2895.963333333333,2897.5,-4.610000000000582,SL Hit,2897.5,3,3366.8099999999945,70.0,2.9266666666667334,-4.123333333332994
2025-02-18 08:15:00,2025-02-18 09:05:00,Long,2911.8450000000003,2911.3,-1.0900000000001455,SL Hit,2911.3,2,3365.7199999999943,50.0,-2.2350000000001273,1.1849999999999454
2025-02-18 09:10:00,2025-02-18 10:00:00,Short,2912.06,2913.06,-2.0,SL Hit,2913.06,2,3363.7199999999943,50.0,1.0700000000001637,-1.9200000000000728
2025-02-18 10:05:00,2025-02-18 10:25:00,Long,2911.97,2909.81,-2.1599999999998545,SL Hit,2909.81,1,3361.5599999999945,20.0,-2.399999999999636,0.2600000000002183
2025-02-18 14:15:00,2025-02-18 15:30:00,Long,2922.51,2925.34,8.489999999999782,SL Hit,2925.34,3,3370.0499999999943,75.0,-4.7400000000002365,6.729999999999563
2025-02-18 16:35:00,2025-02-18 17:15:00,Long,2930.26,2931.13,1.7399999999997817,SL Hit,2931.13,2,3371.789999999994,40.0,-1.6300000000001091,3.0799999999999272
2025-02-18 18:45:00,2025-02-18 20:15:00,Long,2933.353333333333,2935.61,6.770000000001346,SL Hit,2935.61,3,3378.5599999999954,90.0,-1.7133333333331393,3.426666666667188
2025-02-19 00:35:00,2025-02-19 01:35:00,Short,2932.585,2933.78,-2.3900000000003274,SL Hit,2933.78,2,3376.169999999995,60.0,1.7950000000000728,-4.3650000000002365
2025-02-19 02:30:00,2025-02-19 03:40:00,Short,2932.04,2930.16,3.7600000000002183,SL Hit,2930.16,2,3379.9299999999953,70.0,3.849999999999909,-7.369999999999891
2025-02-19 04:35:00,2025-02-19 04:50:00,Short,2927.13,2928.9700000000003,-1.8400000000001455,SL Hit,2928.9700000000003,1,3378.089999999995,15.0,2.150000000000091,-0.4600000000000364
2025-02-19 04:55:00,2025-02-19 06:30:00,Long,2930.5225,2933.2,10.709999999999127,SL Hit,2933.2,4,3388.7999999999943,95.0,-2.8724999999999454,5.067500000000109
2025-02-19 10:00:00,2025-02-19 10:10:00,Long,2945.44,2944.9199999999996,-0.5200000000004366,SL Hit,2944.9199999999996,1,3388.279999999994,10.0,-2.9400000000000546,1.25
2025-02-19 13:05:00,2025-02-19 13:50:00,Long,2939.9300000000003,2937.5,-7.290000000000873,SL Hit,2937.5,3,3380.989999999993,45.0,-6.650000000000091,1.2299999999995634
2025-02-19 15:25:00,2025-02-19 17:10:00,Short,2932.435,2929.07,13.459999999999127,SL Hit,2929.07,4,3394.449999999992,105.0,6.204999999999927,-8.724999999999909
2025-02-19 17:20:00,2025-02-19 17:25:00,Long,2928.17,2928.17,0.0,SL Hit,2928.17,1,3394.449999999992,5.0,-1.5199999999999818,1.1300000000001091
2025-02-19 18:05:00,2025-02-19 19:05:00,Short,2924.205,2926.5,-4.5900000000001455,SL Hit,2926.5,2,3389.859999999992,60.0,2.355000000000018,-5.404999999999745
2025-02-19 19:10:00,2025-02-19 21:35:00,Long,2929.75,2932.44,8.070000000000164,SL Hit,2932.44,3,3397.929999999992,145.0,-5.5,7.650000000000091
2025-02-19 21:40:00,2025-02-19 23:05:00,Short,2933.145,2933.68,-1.069999999999709,SL Hit,2933.68,2,3396.8599999999924,85.0,1.1649999999999636,-1.4450000000001637
2025-02-19 23:15:00,2025-02-20 01:25:00,Long,2937.28,2938.98,6.799999999999272,SL Hit,2938.98,4,3403.6599999999917,130.0,-4.180000000000291,4.7599999999997635
2025-02-20 05:40:00,2025-02-20 06:35:00,Long,2944.23,2944.77,1.6199999999998909,SL Hit,2944.77,3,3405.2799999999916,55.0,-0.40000000000009095,2.3299999999999272
2025-02-20 06:45:00,2025-02-20 06:55:00,Short,2944.95,2948.1899999999996,-3.2399999999997817,SL Hit,2948.1899999999996,1,3402.039999999992,10.0,3.75,-0.8099999999999454
2025-02-20 10:45:00,2025-02-20 13:30:00,Short,2947.9925000000003,2947.03,3.850000000000364,SL Hit,2947.03,4,3405.889999999992,165.0,5.117499999999836,-8.152500000000146
2025-02-20 15:30:00,2025-02-20 17:00:00,Long,2937.9024999999997,2942.4,17.9900000000016,SL Hit,2942.4,4,3423.8799999999937,90.0,-4.152499999999691,7.2475000000004
2025-02-20 17:40:00,2025-02-20 17:55:00,Long,2944.2,2943.8,-0.3999999999996362,SL Hit,2943.8,1,3423.479999999994,15.0,-3.619999999999891,2.519999999999982
2025-02-20 19:10:00,2025-02-20 20:50:00,Short,2937.72,2937.75,-0.09000000000060027,SL Hit,2937.75,3,3423.3899999999935,100.0,2.1900000000000546,-4.2199999999998
2025-02-21 00:25:00,2025-02-21 01:05:00,Short,2938.6,2944.9999999999995,-6.399999999999636,SL Hit,2944.9999999999995,1,3416.989999999994,40.0,7.139999999999873,-1.599999999999909
2025-02-21 01:05:00,2025-02-21 01:35:00,Long,2943.2,2943.2,0.0,SL Hit,2943.2,1,3416.989999999994,30.0,-1.8999999999996362,5.800000000000182
2025-02-21 02:35:00,2025-02-21 05:45:00,Short,2934.5342857142864,2931.77,19.35000000000491,SL Hit,2931.77,7,3436.339999999999,190.0,6.085714285713493,-9.974285714286452
2025-02-21 09:55:00,2025-02-21 10:30:00,Long,2928.87,2928.87,0.0,SL Hit,2928.87,1,3436.339999999999,35.0,-0.6700000000000728,1.800000000000182
2025-02-21 11:05:00,2025-02-21 11:50:00,Long,2932.2433333333333,2930.84,-4.209999999999582,SL Hit,2930.84,3,3432.129999999999,45.0,-2.333333333333485,3.5766666666668243
2025-02-21 14:20:00,2025-02-21 14:30:00,Long,2934.1,2933.02,-1.0799999999999272,SL Hit,2933.02,1,3431.0499999999993,10.0,-2.769999999999982,1.2899999999999636
2025-02-21 17:40:00,2025-02-21 17:55:00,Long,2939.81,2939.4100000000003,-0.3999999999996362,SL Hit,2939.4100000000003,1,3430.6499999999996,15.0,-0.40000000000009095,1.6599999999998545
2025-02-21 19:00:00,2025-02-21 19:05:00,Long,2941.56,2941.56,0.0,SL Hit,2941.56,1,3430.6499999999996,5.0,-1.4600000000000364,0.8000000000001819
2025-02-21 20:25:00,2025-02-21 21:35:00,Short,2933.9300000000003,2936.29,-4.719999999999345,SL Hit,2936.29,2,3425.9300000000003,70.0,2.669999999999618,-1.5900000000001455
2025-02-24 00:10:00,2025-02-24 02:20:00,Short,2934.5099999999998,2930.8,11.129999999998745,SL Hit,2930.8,3,3437.059999999999,130.0,2.880000000000109,-13.039999999999964
2025-02-24 05:35:00,2025-02-24 06:25:00,Short,2939.2200000000003,2939.14,0.16000000000076398,SL Hit,2939.14,2,3437.22,50.0,2.1399999999998727,-3.8700000000003456
2025-02-24 10:20:00,2025-02-24 11:20:00,Short,2940.87,2940.29,1.1599999999998545,SL Hit,2940.29,2,3438.3799999999997,60.0,2.3400000000001455,-5.929999999999836
2025-02-24 16:45:00,2025-02-24 16:50:00,Short,2942.99,2953.99,-11.0,SL Hit,2953.99,1,3427.3799999999997,5.0,0.12000000000034561,-2.75
2025-02-24 16:50:00,2025-02-24 20:25:00,Long,2945.0099999999998,2948.17,15.800000000001546,SL Hit,2948.17,5,3443.180000000001,215.0,-4.4099999999998545,4.650000000000091
2025-02-24 23:05:00,2025-02-24 23:10:00,Long,2951.2,2950.000000000001,-1.1999999999989086,SL Hit,2950.000000000001,1,3441.9800000000023,5.0,-2.0,1.6100000000001273
2025-02-25 01:05:00,2025-02-25 01:35:00,Long,2949.62,2947.9800000000005,-1.639999999999418,SL Hit,2947.9800000000005,1,3440.340000000003,30.0,-4.0,2.5399999999999636
2025-02-25 02:50:00,2025-02-25 05:10:00,Short,2945.283333333333,2938.71,19.719999999998436,SL Hit,2938.71,3,3460.0600000000013,140.0,4.076666666667279,-10.043333333333067
2025-02-25 06:00:00,2025-02-25 07:10:00,Short,2936.535,2938.23,-3.3900000000003274,SL Hit,2938.23,2,3456.670000000001,70.0,3.505000000000109,-2.8350000000000364
2025-02-25 10:05:00,2025-02-25 10:15:00,Short,2937.89,2939.89,-2.0,SL Hit,2939.89,1,3454.670000000001,10.0,2.2600000000002183,-0.5
2025-02-25 11:05:00,2025-02-25 11:25:00,Short,2938.875,2939.79,-1.8299999999999272,SL Hit,2939.79,2,3452.840000000001,20.0,1.1350000000002183,-0.45499999999992724
2025-02-25 15:15:00,2025-02-25 17:15:00,Short,2906.145,2897.44,34.81999999999971,SL Hit,2897.44,4,3487.6600000000008,120.0,21.865000000000236,-15.934999999999945
2025-02-25 17:20:00,2025-02-25 23:20:00,Long,2908.212,2913.59,26.890000000000782,SL Hit,2913.59,5,3514.5500000000015,360.0,-12.001999999999953,8.838000000000193
2025-02-25 23:25:00,2025-02-25 23:40:00,Short,2914.27,2919.7499999999995,-5.479999999999563,SL Hit,2919.7499999999995,1,3509.070000000002,15.0,2.369999999999891,-1.3699999999998909
2025-02-25 23:40:00,2025-02-26 00:55:00,Long,2919.645,2923.5,7.710000000000036,SL Hit,2923.5,2,3516.780000000002,75.0,-4.744999999999891,6.045000000000073
2025-02-26 01:20:00,2025-02-26 01:40:00,Long,2925.14,2923.22,-1.9200000000000728,SL Hit,2923.22,1,3514.860000000002,20.0,-2.2399999999997817,4.75
2025-02-26 04:00:00,2025-02-26 04:55:00,Short,2914.6133333333332,2915.47,-2.569999999999709,SL Hit,2915.47,3,3512.2900000000022,55.0,3.486666666666679,-2.413333333333412
2025-02-26 05:00:00,2025-02-26 06:00:00,Long,2917.286666666667,2914.92,-7.100000000000364,SL Hit,2914.92,3,3505.190000000002,60.0,-2.6366666666667697,3.5933333333332484
2025-02-26 06:45:00,2025-02-26 07:10:00,Short,2908.53,2912.570000000001,-4.040000000000873,SL Hit,2912.570000000001,1,3501.150000000001,25.0,4.079999999999927,-2.4900000000002365
2025-02-26 14:35:00,2025-02-26 14:50:00,Short,2894.63,2904.510000000001,-9.880000000001019,SL Hit,2904.510000000001,1,3491.27,15.0,10.019999999999982,-2.980000000000018
2025-02-26 15:55:00,2025-02-26 16:25:00,Long,2912.6400000000003,2911.03,-3.2200000000002547,SL Hit,2911.03,2,3488.0499999999997,30.0,-2.0400000000004184,3.8399999999996908
2025-02-26 16:30:00,2025-02-26 17:05:00,Short,2911.7650000000003,2914.85,-6.169999999999163,SL Hit,2914.85,2,3481.8800000000006,35.0,3.1549999999997453,-0.8650000000002365
2025-02-26 17:10:00,2025-02-26 17:15:00,Long,2913.96,2913.96,0.0,SL Hit,2913.96,1,3481.8800000000006,5.0,-2.0700000000001637,2.1599999999998545
2025-02-26 19:25:00,2025-02-26 19:35:00,Long,2915.49,2915.49,0.0,SL Hit,2915.49,1,3481.8800000000006,10.0,-0.9899999999997817,0.43000000000029104
2025-02-26 20:10:00,2025-02-26 20:55:00,Short,2914.795,2915.95,-2.3099999999994907,SL Hit,2915.95,2,3479.570000000001,45.0,1.724999999999909,-2.7649999999998727
2025-02-27 01:15:00,2025-02-27 01:40:00,Short,2915.3,2925.7000000000016,-10.400000000001455,SL Hit,2925.7000000000016,1,3469.1699999999996,25.0,2.5599999999999454,-2.600000000000364
2025-02-27 01:40:00,2025-02-27 01:50:00,Long,2915.5,2915.5,0.0,SL Hit,2915.5,1,3469.1699999999996,10.0,-2.1399999999998727,1.8400000000001455
2025-02-27 03:55:00,2025-02-27 06:05:00,Short,2900.89,2894.44,19.349999999999454,SL Hit,2894.44,3,3488.519999999999,130.0,5.950000000000273,-12.019999999999982
2025-02-27 08:20:00,2025-02-27 09:10:00,Short,2885.73,2885.01,1.4399999999995998,SL Hit,2885.01,2,3489.9599999999987,50.0,2.380000000000109,-8.5
2025-02-27 20:05:00,2025-02-27 21:25:00,Short,2876.036666666667,2875.91,0.38000000000101863,SL Hit,2875.91,3,3490.3399999999997,80.0,2.5233333333330847,-4.66666666666697
2025-02-27 23:25:00,2025-02-28 00:20:00,Short,2875.84,2876.67,-1.6599999999998545,SL Hit,2876.67,2,3488.68,55.0,2.1099999999996726,-1.8400000000001455
2025-02-28 03:40:00,2025-02-28 05:15:00,Short,2864.8266666666664,2864.65,0.5299999999988358,SL Hit,2864.65,3,3489.2099999999987,95.0,3.5733333333337214,-7.316666666666151
2025-02-28 08:10:00,2025-02-28 08:55:00,Short,2856.5,2856.67,-0.3400000000001455,SL Hit,2856.67,2,3488.8699999999985,45.0,2.3600000000001273,-5.429999999999836
2025-02-28 09:00:00,2025-02-28 11:10:00,Long,2861.4479999999994,2862.15,3.5100000000034015,SL Hit,2862.15,5,3492.380000000002,130.0,-5.2179999999993925,3.212000000000444
2025-02-28 11:15:00,2025-02-28 12:05:00,Short,2862.68,2869.68,-7.0,SL Hit,2869.68,1,3485.380000000002,50.0,2.050000000000182,-3.5799999999999272
2025-02-28 12:05:00,2025-02-28 12:10:00,Long,2864.09,2861.7700000000004,-2.319999999999709,SL Hit,2861.7700000000004,1,3483.060000000002,5.0,-3.1600000000003092,0.4800000000000182
2025-02-28 13:35:00,2025-02-28 15:25:00,Short,2849.4449999999997,2841.56,31.539999999999054,SL Hit,2841.56,4,3514.6000000000013,110.0,8.605000000000473,-16.644999999999527
2025-02-28 16:50:00,2025-02-28 18:15:00,Short,2846.7966666666666,2845.73,3.199999999999818,SL Hit,2845.73,3,3517.800000000001,85.0,4.553333333333285,-4.60666666666657
2025-02-28 18:45:00,2025-02-28 19:15:00,Long,2846.25,2844.92,-2.6599999999998545,SL Hit,2844.92,2,3515.1400000000012,30.0,-1.6300000000001091,1.3400000000001455
2025-02-28 19:20:00,2025-02-28 19:35:00,Short,2845.1800000000003,2847.59,-4.819999999999709,SL Hit,2847.59,2,3510.3200000000015,15.0,3.6599999999998545,-1.0600000000004002
2025-03-03 01:20:00,2025-03-03 02:45:00,Long,2869.5933333333337,2869.16,-1.3000000000015461,SL Hit,2869.16,3,3509.02,85.0,-2.343333333333703,2.136666666666315
2025-03-03 02:55:00,2025-03-03 07:00:00,Short,2866.5299999999997,2865.75,3.1199999999989814,SL Hit,2865.75,4,3512.139999999999,245.0,3.2800000000002,-6.139999999999873
2025-03-03 08:10:00,2025-03-03 08:20:00,Long,2863.56,2862.1199999999994,-1.4400000000005093,SL Hit,2862.1199999999994,1,3510.6999999999985,10.0,-3.1399999999998727,1.3099999999999454
2025-03-03 08:45:00,2025-03-03 13:00:00,Long,2871.09,2874.54,20.69999999999891,SL Hit,2874.54,6,3531.3999999999974,255.0,-6.7400000000002365,5.9699999999998
2025-03-03 15:05:00,2025-03-03 15:20:00,Short,2880.03,2885.390000000001,-5.360000000000582,SL Hit,2885.390000000001,1,3526.039999999997,15.0,6.669999999999618,-1.5400000000004184
2025-03-03 16:40:00,2025-03-03 17:20:00,Long,2890.865,2890.0,-1.7299999999995634,SL Hit,2890.0,2,3524.309999999997,40.0,-2.375,1.8950000000004366
2025-03-03 21:55:00,2025-03-04 00:10:00,Short,2892.8450000000003,2892.9,-0.10999999999967258,SL Hit,2892.9,2,3524.1999999999975,135.0,0.37499999999954525,-3.0450000000000728
2025-03-04 02:35:00,2025-03-04 03:15:00,Short,2886.625,2888.61,-3.9700000000002547,SL Hit,2888.61,2,3520.2299999999973,40.0,5.244999999999891,-1.7449999999998909
2025-03-04 05:20:00,2025-03-04 05:45:00,Long,2892.4,2890.759999999999,-1.640000000001237,SL Hit,2890.759999999999,1,3518.589999999996,25.0,-4.0,1.6199999999998909
2025-03-04 06:10:00,2025-03-04 07:10:00,Short,2888.2799999999997,2889.71,-2.860000000000582,SL Hit,2889.71,2,3515.7299999999955,60.0,3.2800000000002,-3.649999999999636
2025-03-04 09:25:00,2025-03-04 09:40:00,Long,2918.17,2916.8899999999994,-1.2800000000006548,SL Hit,2916.8899999999994,1,3514.449999999995,15.0,-1.3299999999999272,2.9299999999998363
2025-03-04 10:35:00,2025-03-04 11:05:00,Short,2914.085,2915.76,-3.350000000000364,SL Hit,2915.76,2,3511.0999999999945,30.0,3.275000000000091,-1.3850000000002183
2025-03-04 16:15:00,2025-03-04 16:35:00,Short,2908.7200000000003,2909.49,-1.5399999999990541,SL Hit,2909.49,2,3509.5599999999954,20.0,1.449999999999818,-1.6300000000001091
2025-03-05 00:10:00,2025-03-05 00:25:00,Short,2914.08,2916.039999999999,-1.9599999999991269,SL Hit,2916.039999999999,1,3507.5999999999963,15.0,2.5,-0.4899999999997817
2025-03-05 03:10:00,2025-03-05 07:50:00,Long,2911.62625,2914.51,23.070000000003347,SL Hit,2914.51,8,3530.6699999999996,280.0,-6.436249999999745,9.663750000000164
2025-03-05 09:10:00,2025-03-05 09:15:00,Long,2918.78,2917.94,-0.8400000000001455,SL Hit,2917.94,1,3529.8299999999995,5.0,-0.9100000000003092,1.1299999999996544
2025-03-05 12:10:00,2025-03-05 12:40:00,Long,2915.78,2914.3399999999997,-1.4400000000005093,SL Hit,2914.3399999999997,1,3528.389999999999,30.0,-1.8100000000004002,3.230000000000018
2025-03-05 13:05:00,2025-03-05 14:30:00,Short,2909.9533333333334,2905.97,11.950000000000728,SL Hit,2905.97,3,3540.3399999999997,85.0,5.576666666666824,-15.353333333333467
2025-03-05 16:45:00,2025-03-05 16:55:00,Long,2927.78,2923.86,-3.9200000000000728,SL Hit,2923.86,1,3536.4199999999996,10.0,-4.930000000000291,1.0499999999997272
2025-03-05 18:30:00,2025-03-05 21:00:00,Long,2918.8480000000004,2921.26,12.059999999999036,SL Hit,2921.26,5,3548.4799999999987,150.0,-5.088000000000193,3.931999999999789
2025-03-05 23:10:00,2025-03-06 00:00:00,Short,2917.745,2918.28,-1.0700000000006185,SL Hit,2918.28,2,3547.409999999998,50.0,1.4349999999999454,-2.0450000000000728
2025-03-06 00:40:00,2025-03-06 01:35:00,Short,2918.25,2924.8500000000004,-6.600000000000364,SL Hit,2924.8500000000004,1,3540.8099999999977,55.0,2.9899999999997817,-2.25
2025-03-06 01:35:00,2025-03-06 03:05:00,Long,2922.6433333333334,2923.11,1.400000000000091,SL Hit,2923.11,3,3542.2099999999978,90.0,-3.2933333333335213,3.7066666666664787
2025-03-06 03:25:00,2025-03-06 05:30:00,Short,2920.83,2917.78,12.199999999998909,SL Hit,2917.78,4,3554.4099999999967,125.0,3.5399999999999636,-6.319999999999709
2025-03-06 09:00:00,2025-03-06 10:50:00,Short,2902.035,2903.85,-7.260000000000218,SL Hit,2903.85,4,3547.1499999999965,110.0,2.775000000000091,-10.074999999999818
2025-03-06 12:40:00,2025-03-06 14:00:00,Short,2903.2233333333334,2907.18,-11.869999999999436,SL Hit,2907.18,3,3535.279999999997,80.0,5.096666666666806,-3.783333333333303
2025-03-06 14:05:00,2025-03-06 17:50:00,Long,2914.1585714285716,2917.3,21.990000000000236,SL Hit,2917.3,7,3557.2699999999973,225.0,-9.148571428571358,7.561428571428223
2025-03-06 19:25:00,2025-03-06 21:50:00,Short,2913.045,2910.87,8.700000000000728,SL Hit,2910.87,4,3565.969999999998,145.0,4.125,-4.795000000000073
2025-03-06 22:00:00,2025-03-06 23:05:00,Long,2910.65,2910.65,0.0,SL Hit,2910.65,1,3565.969999999998,65.0,-0.0500000000001819,2.2899999999999636
2025-03-07 00:00:00,2025-03-07 00:40:00,Short,2906.28,2905.04,2.480000000000473,SL Hit,2905.04,2,3568.4499999999985,40.0,3.7199999999998,-8.900000000000091
2025-03-07 07:10:00,2025-03-07 07:25:00,Long,2913.37,2911.72,-3.300000000000182,SL Hit,2911.72,2,3565.1499999999983,15.0,-1.7699999999999818,0.9500000000002728
2025-03-07 09:30:00,2025-03-07 11:10:00,Short,2920.903333333333,2920.86,0.12999999999919964,SL Hit,2920.86,3,3565.2799999999975,100.0,1.5366666666668607,-3.6933333333331575
2025-03-07 11:20:00,2025-03-07 11:50:00,Long,2920.29,2917.37,-2.9200000000000728,SL Hit,2917.37,1,3562.3599999999974,30.0,-3.519999999999982,0.6300000000001091
2025-03-07 12:20:00,2025-03-07 13:00:00,Long,2919.625,2918.38,-2.4899999999997817,SL Hit,2918.38,2,3559.8699999999976,40.0,-2.394999999999982,2.9450000000001637
2025-03-07 13:40:00,2025-03-07 14:00:00,Long,2920.41,2911.25,-9.159999999999854,SL Hit,2911.25,1,3550.7099999999978,20.0,-15.069999999999709,2.8700000000003456
2025-03-07 16:50:00,2025-03-07 18:50:00,Short,2910.5750000000003,2907.83,16.470000000002074,SL Hit,2907.83,6,3567.18,120.0,7.944999999999709,-8.305000000000291
2025-03-07 19:55:00,2025-03-07 20:30:00,Short,2906.8,2908.22,-2.839999999999236,SL Hit,2908.22,2,3564.3400000000006,35.0,2.1399999999998727,-2.480000000000018
2025-03-07 21:50:00,2025-03-07 21:55:00,Long,2911.32,2911.2400000000002,-0.07999999999992724,SL Hit,2911.2400000000002,1,3564.2600000000007,5.0,-4.180000000000291,0.8999999999996362
2025-03-09 23:55:00,2025-03-10 00:20:00,Long,2916.685,2913.6,-6.170000000000073,SL Hit,2913.6,2,3558.0900000000006,25.0,-3.0850000000000364,1.1350000000002183
2025-03-10 00:45:00,2025-03-10 01:05:00,Short,2914.82,2917.6600000000003,-2.8400000000001455,SL Hit,2917.6600000000003,1,3555.2500000000005,20.0,3.099999999999909,-2.1200000000003456
2025-03-10 01:10:00,2025-03-10 01:45:00,Long,2916.485,2913.08,-6.8100000000004,SL Hit,2913.08,2,3548.44,35.0,-3.5950000000002547,1.3150000000000546
2025-03-10 01:50:00,2025-03-10 02:00:00,Short,2913.01,2913.7700000000004,-0.7600000000002183,SL Hit,2913.7700000000004,1,3547.68,10.0,0.8399999999996908,-1.75
2025-03-10 05:00:00,2025-03-10 05:55:00,Short,2909.0200000000004,2909.6,-1.7399999999984175,SL Hit,2909.6,3,3545.9400000000014,55.0,2.719999999999345,-2.0000000000004547
2025-03-10 06:40:00,2025-03-10 07:45:00,Long,2913.153333333333,2912.1,-3.1599999999998545,SL Hit,2912.1,3,3542.7800000000016,65.0,-3.053333333333285,1.9466666666667152
2025-03-10 08:25:00,2025-03-10 09:05:00,Short,2901.755,2904.4,-5.289999999999964,SL Hit,2904.4,2,3537.4900000000016,40.0,4.005000000000109,-5.075000000000273
2025-03-10 11:25:00,2025-03-10 11:50:00,Short,2900.045,2902.29,-4.489999999999782,SL Hit,2902.29,2,3533.000000000002,25.0,3.6549999999997453,-3.9650000000001455
2025-03-10 12:35:00,2025-03-10 12:45:00,Long,2905.37,2904.7300000000005,-0.6399999999994179,SL Hit,2904.7300000000005,1,3532.3600000000024,10.0,-1.5099999999997635,1.5300000000002
2025-03-10 13:05:00,2025-03-10 13:25:00,Long,2906.52,2902.6,-3.9200000000000728,SL Hit,2902.6,1,3528.4400000000023,20.0,-5.1599999999998545,1.349999999999909
2025-03-10 20:55:00,2025-03-10 22:10:00,Long,2888.6,2886.7,-3.800000000000182,SL Hit,2886.7,2,3524.640000000002,75.0,-2.400000000000091,1.2200000000002547
2025-03-10 22:20:00,2025-03-11 00:10:00,Short,2885.4233333333336,2885.63,-0.6199999999994361,SL Hit,2885.63,3,3524.0200000000027,110.0,2.116666666666333,-3.7233333333338123
2025-03-11 01:35:00,2025-03-11 03:20:00,Long,2893.09,2896.14,9.149999999999181,SL Hit,2896.14,3,3533.170000000002,105.0,-5.180000000000291,6.649999999999636
2025-03-11 03:25:00,2025-03-11 03:55:00,Short,2896.34,2896.78,-0.8800000000001091,SL Hit,2896.78,2,3532.290000000002,30.0,0.6299999999996544,-1.25
2025-03-11 04:20:00,2025-03-11 05:10:00,Long,2897.035,2896.91,-0.25,SL Hit,2896.91,2,3532.040000000002,50.0,-0.9349999999999454,1.555000000000291
2025-03-11 09:50:00,2025-03-11 11:05:00,Long,2912.39,2911.28,-3.3299999999990177,SL Hit,2911.28,3,3528.7100000000028,75.0,-2.099999999999909,1.9200000000000728
2025-03-11 11:40:00,2025-03-11 12:15:00,Long,2913.17,2911.49,-1.680000000000291,SL Hit,2911.49,1,3527.0300000000025,35.0,-2.430000000000291,1.9299999999998363
2025-03-11 12:40:00,2025-03-11 13:05:00,Long,2914.48,2907.359999999999,-7.1200000000008,SL Hit,2907.359999999999,1,3519.9100000000017,25.0,-6.7800000000002,0.9499999999998181
2025-03-11 13:05:00,2025-03-11 13:40:00,Short,2910.01,2919.250000000002,-9.2400000000016,SL Hit,2919.250000000002,1,3510.67,35.0,10.039999999999964,-2.8400000000001455
2025-03-11 17:10:00,2025-03-11 17:25:00,Long,2918.78,2914.86,-3.9200000000000728,SL Hit,2914.86,1,3506.75,15.0,-4.7400000000002365,1.2300000000000182
2025-03-11 18:55:00,2025-03-11 19:00:00,Long,2917.84,2917.84,0.0,SL Hit,2917.84,1,3506.75,5.0,-0.2899999999999636,0.9899999999997817
2025-03-11 19:15:00,2025-03-11 19:50:00,Long,2919.455,2919.96,1.0100000000002183,SL Hit,2919.96,2,3507.76,35.0,-0.6149999999997817,1.7150000000001455
2025-03-11 23:00:00,2025-03-11 23:50:00,Long,2917.485,2915.7,-3.5700000000006185,SL Hit,2915.7,2,3504.1899999999996,50.0,-2.005000000000109,1.9149999999999636
2025-03-12 03:50:00,2025-03-12 05:35:00,Short,2914.9499999999994,2913.97,2.9399999999986903,SL Hit,2913.97,3,3507.1299999999983,105.0,2.0200000000004366,-2.8499999999994543
2025-03-12 05:40:00,2025-03-12 06:40:00,Long,2913.7,2913.7,0.0,SL Hit,2913.7,1,3507.1299999999983,60.0,-1.1599999999998545,6.910000000000309
2025-03-12 07:25:00,2025-03-12 07:40:00,Short,2911.98,2918.5399999999995,-6.559999999999491,SL Hit,2918.5399999999995,1,3500.569999999999,15.0,2.300000000000182,-1.6399999999998727
2025-03-12 07:40:00,2025-03-12 09:35:00,Long,2916.09,2918.46,4.739999999999782,SL Hit,2918.46,2,3505.3099999999986,115.0,-4.460000000000036,8.920000000000073
2025-03-12 11:15:00,2025-03-12 11:20:00,Long,2914.6,2914.6,0.0,SL Hit,2914.6,1,3505.3099999999986,5.0,-0.7100000000000364,0.9800000000000182
2025-03-12 11:35:00,2025-03-12 11:40:00,Short,2915.2,2917.5599999999986,-2.359999999998763,SL Hit,2917.5599999999986,1,3502.95,5.0,0.9700000000002547,-0.5899999999996908
2025-03-12 11:40:00,2025-03-12 12:00:00,Long,2915.325,2914.55,-1.5499999999992724,SL Hit,2914.55,2,3501.4000000000005,20.0,-1.0649999999995998,1.1449999999999818
2025-03-12 14:40:00,2025-03-12 18:20:00,Long,2926.36,2933.98,22.859999999999673,SL Hit,2933.98,3,3524.26,220.0,-9.66000000000031,13.799999999999727
2025-03-12 19:30:00,2025-03-12 20:35:00,Short,2932.4449999999997,2933.02,-1.1500000000005457,SL Hit,2933.02,2,3523.1099999999997,65.0,2.1550000000002,-1.7349999999996726
2025-03-13 00:25:00,2025-03-13 00:30:00,Long,2938.12,2938.12,0.0,SL Hit,2938.12,1,3523.1099999999997,5.0,-0.09999999999990905,0.6900000000000546
2025-03-13 01:55:00,2025-03-13 02:15:00,Short,2938.32,2941.0400000000013,-2.720000000001164,SL Hit,2941.0400000000013,1,3520.3899999999985,20.0,3.0799999999999272,-0.7699999999999818
2025-03-13 05:55:00,2025-03-13 08:05:00,Short,2937.5919999999996,2936.74,4.259999999999309,SL Hit,2936.74,5,3524.649999999998,130.0,2.7080000000005384,-4.581999999999425
2025-03-13 10:40:00,2025-03-13 11:40:00,Short,2944.6499999999996,2947.15,-5.0000000000009095,SL Hit,2947.15,2,3519.649999999997,60.0,3.2900000000004184,-2.3399999999996908
2025-03-13 12:20:00,2025-03-13 13:30:00,Short,2946.3,2945.26,2.0799999999999272,SL Hit,2945.26,2,3521.729999999997,70.0,1.5499999999997272,-5.8100000000004
2025-03-13 17:10:00,2025-03-13 17:20:00,Short,2977.23,2979.109999999999,-1.8799999999991996,SL Hit,2979.109999999999,1,3519.8499999999976,10.0,2.7399999999997817,-0.8299999999999272
2025-03-13 19:45:00,2025-03-13 20:15:00,Long,2981.975,2981.09,-1.769999999999527,SL Hit,2981.09,2,3518.079999999998,30.0,-0.8849999999997635,2.7350000000001273
2025-03-14 00:35:00,2025-03-14 01:05:00,Short,2985.73,2989.2899999999995,-3.5599999999994907,SL Hit,2989.2899999999995,1,3514.5199999999986,30.0,2.8200000000001637,-1.9299999999998363
2025-03-14 01:05:00,2025-03-14 01:25:00,Long,2987.1450000000004,2984.7,-4.890000000001237,SL Hit,2984.7,2,3509.6299999999974,20.0,-3.9450000000006185,2.5349999999993997
2025-03-14 01:40:00,2025-03-14 01:50:00,Long,2985.91,2985.91,0.0,SL Hit,2985.91,1,3509.6299999999974,10.0,-0.30999999999994543,2.3600000000001273
2025-03-14 03:45:00,2025-03-14 04:50:00,Long,2987.86,2987.299999999999,-0.5600000000013097,SL Hit,2987.299999999999,1,3509.069999999996,65.0,-1.599999999999909,5.75
2025-03-14 06:25:00,2025-03-14 06:45:00,Short,2982.7,2986.0199999999995,-3.319999999999709,SL Hit,2986.0199999999995,1,3505.7499999999964,20.0,4.519999999999982,-1.5799999999999272
2025-03-14 06:55:00,2025-03-14 07:00:00,Long,2985.21,2985.21,0.0,SL Hit,2985.21,1,3505.7499999999964,5.0,-0.9600000000000364,0.7199999999997999
2025-03-14 12:15:00,2025-03-14 12:20:00,Long,2997.6,2997.6,0.0,SL Hit,2997.6,1,3505.7499999999964,5.0,-0.7599999999997635,1.2000000000002728
2025-03-14 14:15:00,2025-03-14 14:20:00,Long,2990.29,2989.05,-1.2399999999997817,SL Hit,2989.05,1,3504.5099999999966,5.0,-1.5799999999999272,1.8800000000001091
2025-03-14 19:30:00,2025-03-14 20:35:00,Short,2983.1333333333337,2983.37,-0.7099999999986721,SL Hit,2983.37,3,3503.799999999998,65.0,2.8266666666663696,-1.9333333333338487
2025-03-16 22:05:00,2025-03-16 22:45:00,Short,2986.9049999999997,2989.98,-6.150000000000546,SL Hit,2989.98,2,3497.6499999999974,40.0,3.2450000000003456,-1.2649999999998727
2025-03-16 22:50:00,2025-03-17 00:10:00,Long,2989.226666666667,2988.4,-2.480000000000473,SL Hit,2988.4,3,3495.169999999997,80.0,-2.2266666666669153,4.5133333333328665
2025-03-17 00:45:00,2025-03-17 00:55:00,Short,2989.09,2989.9300000000003,-0.8400000000001455,SL Hit,2989.9300000000003,1,3494.3299999999967,10.0,1.4299999999998363,-1.4900000000002365
2025-03-17 01:05:00,2025-03-17 02:05:00,Long,2991.066666666667,2990.2,-2.600000000001728,SL Hit,2990.2,3,3491.729999999995,60.0,-2.346666666667261,1.5633333333330484
2025-03-17 03:15:00,2025-03-17 03:35:00,Short,2986.8,2987.4000000000005,-0.6000000000003638,SL Hit,2987.4000000000005,1,3491.1299999999947,20.0,1.5399999999999636,-0.8400000000001455
2025-03-17 03:45:00,2025-03-17 05:55:00,Short,2985.3799999999997,2985.36,0.05999999999858119,SL Hit,2985.36,3,3491.1899999999932,130.0,2.1700000000005275,-3.1299999999996544
2025-03-17 07:20:00,2025-03-17 08:35:00,Short,2986.4300000000003,2986.51,-0.15999999999985448,SL Hit,2986.51,2,3491.0299999999934,75.0,2.2799999999997453,-3.230000000000473
2025-03-17 13:00:00,2025-03-17 13:30:00,Short,2988.0299999999997,2990.4,-4.740000000000691,SL Hit,2990.4,2,3486.2899999999927,30.0,2.6900000000000546,-1.7999999999997272
2025-03-17 17:15:00,2025-03-17 17:20:00,Long,2996.94,2996.94,0.0,SL Hit,2996.94,1,3486.2899999999927,5.0,-0.44000000000005457,1.3600000000001273
2025-03-17 19:35:00,2025-03-17 20:40:00,Short,2999.58,3001.43,-3.699999999999818,SL Hit,3001.43,2,3482.589999999993,65.0,1.900000000000091,-2.049999999999727
2025-03-17 20:50:00,2025-03-17 22:00:00,Long,3001.07,3000.0299999999993,-1.0400000000008731,SL Hit,3000.0299999999993,1,3481.549999999992,70.0,-1.3700000000003456,0.1299999999996544
2025-03-18 00:10:00,2025-03-18 00:20:00,Short,3000.95,3001.96,-2.0200000000004366,SL Hit,3001.96,2,3479.5299999999916,10.0,1.400000000000091,-1.6499999999996362
2025-03-18 01:40:00,2025-03-18 05:15:00,Long,3006.2533333333336,3010.19,11.80999999999949,SL Hit,3010.19,3,3491.339999999991,215.0,-3.7533333333335577,10.296666666666624
2025-03-18 08:05:00,2025-03-18 09:50:00,Long,3019.48,3019.47,-0.020000000000436557,SL Hit,3019.47,2,3491.3199999999906,105.0,-1.400000000000091,8.789999999999964
2025-03-18 11:30:00,2025-03-18 13:30:00,Long,3028.8,3033.6,19.19999999999891,SL Hit,3033.6,4,3510.5199999999895,120.0,-4.75,8.889999999999873
2025-03-18 13:35:00,2025-03-18 15:20:00,Short,3029.69,3030.21,-2.599999999999909,SL Hit,3030.21,5,3507.9199999999896,105.0,7.279999999999745,-4.9900000000002365
2025-03-18 17:20:00,2025-03-18 18:00:00,Short,3033.245,3033.16,0.17000000000007276,SL Hit,3033.16,2,3508.0899999999897,40.0,1.7049999999999272,-3.4649999999996908
2025-03-18 18:05:00,2025-03-18 18:20:00,Long,3032.62,3032.0600000000004,-0.5599999999994907,SL Hit,3032.0600000000004,1,3507.52999999999,15.0,-1.1199999999998909,0.6100000000001273
2025-03-18 20:20:00,2025-03-18 22:50:00,Short,3033.83,3033.84,-0.030000000000654836,SL Hit,3033.84,3,3507.4999999999895,150.0,0.9400000000000546,-2.3299999999999272
2025-03-19 01:10:00,2025-03-19 02:00:00,Short,3029.63,3029.69,-0.11999999999989086,SL Hit,3029.69,2,3507.3799999999896,50.0,1.6199999999998909,-2.130000000000109
2025-03-19 02:10:00,2025-03-19 02:25:00,Long,3029.84,3029.84,0.0,SL Hit,3029.84,1,3507.3799999999896,15.0,-0.03999999999996362,1.9800000000000182
2025-03-19 02:40:00,2025-03-19 06:20:00,Long,3035.34,3036.98,8.199999999999363,SL Hit,3036.98,5,3515.579999999989,220.0,-3.130000000000109,9.61999999999989
2025-03-19 06:25:00,2025-03-19 06:40:00,Short,3036.94,3039.140000000001,-2.2000000000007276,SL Hit,3039.140000000001,1,3513.3799999999883,15.0,2.7799999999997453,-2.4400000000000546
2025-03-19 08:05:00,2025-03-19 10:15:00,Short,3032.89,3031.13,5.279999999999291,SL Hit,3031.13,3,3518.6599999999876,130.0,3.2899999999999636,-9.11999999999989
2025-03-19 13:05:00,2025-03-19 15:05:00,Short,3033.15,3031.66,5.960000000000946,SL Hit,3031.66,4,3524.6199999999885,120.0,4.779999999999745,-6.4900000000002365
2025-03-19 15:10:00,2025-03-19 17:15:00,Long,3031.565,3031.4,-0.6599999999998545,SL Hit,3031.4,4,3523.9599999999887,125.0,-2.7649999999998727,6.3449999999998
2025-03-19 17:40:00,2025-03-19 18:00:00,Short,3031.31,3036.189999999999,-4.8799999999992,SL Hit,3036.189999999999,1,3519.0799999999895,20.0,5.789999999999964,-2.8099999999999454
2025-03-19 19:05:00,2025-03-19 19:15:00,Long,3046.44,3045.52,-0.9200000000000728,SL Hit,3045.52,1,3518.1599999999894,10.0,-1.800000000000182,4.5900000000001455
2025-03-19 19:25:00,2025-03-19 19:35:00,Short,3043.0,3046.879999999999,-3.8799999999991996,SL Hit,3046.879999999999,1,3514.27999999999,10.0,4.429999999999836,-0.9699999999997999
2025-03-19 22:55:00,2025-03-19 23:35:00,Long,3049.585,3047.8,-3.569999999999709,SL Hit,3047.8,2,3510.7099999999905,40.0,-1.7849999999998545,0.6449999999999818
2025-03-20 00:00:00,2025-03-20 01:55:00,Long,3052.9280000000003,3050.97,-9.790000000002692,SL Hit,3050.97,5,3500.919999999988,115.0,-3.8280000000004293,2.661999999999807
2025-03-20 09:10:00,2025-03-20 09:45:00,Long,3042.63,3042.63,0.0,SL Hit,3042.63,1,3500.919999999988,35.0,-1.3299999999999272,3.049999999999727
2025-03-20 11:40:00,2025-03-20 12:05:00,Short,3033.745,3035.0,-2.5100000000002183,SL Hit,3035.0,2,3498.4099999999876,25.0,1.8450000000002547,-3.005000000000109
2025-03-20 15:15:00,2025-03-20 15:20:00,Long,3039.45,3039.330000000001,-0.11999999999898137,SL Hit,3039.330000000001,1,3498.2899999999886,5.0,-0.1999999999998181,1.0600000000004002
2025-03-20 16:00:00,2025-03-20 16:30:00,Long,3040.87,3037.590000000001,-3.279999999998836,SL Hit,3037.590000000001,1,3495.0099999999898,30.0,-6.359999999999673,1.5100000000002183
2025-03-20 18:10:00,2025-03-20 20:10:00,Long,3043.8425,3043.9,0.22999999999956344,SL Hit,3043.9,4,3495.2399999999893,120.0,-2.9325000000003456,1.9375
2025-03-20 22:05:00,2025-03-20 22:50:00,Short,3044.0866666666666,3044.54,-1.3600000000001273,SL Hit,3044.54,3,3493.879999999989,45.0,1.333333333333485,-1.9866666666666788
2025-03-20 23:30:00,2025-03-21 00:15:00,Long,3044.06,3043.1,-1.9200000000000728,SL Hit,3043.1,2,3491.959999999989,45.0,-1.3800000000001091,3.1399999999998727
2025-03-21 00:20:00,2025-03-21 03:50:00,Short,3039.1783333333337,3032.08,42.590000000002874,SL Hit,3032.08,6,3534.549999999992,210.0,5.441666666666151,-9.248333333333903
2025-03-21 04:45:00,2025-03-21 06:10:00,Short,3030.45,3031.45,-2.0,SL Hit,3031.45,2,3532.549999999992,85.0,1.9700000000002547,-8.609999999999673
2025-03-21 06:15:00,2025-03-21 06:25:00,Long,3030.58,3030.300000000001,-0.27999999999883585,SL Hit,3030.300000000001,1,3532.269999999993,10.0,-0.5799999999999272,0.9700000000002547
2025-03-21 07:35:00,2025-03-21 07:50:00,Long,3031.88,3030.239999999999,-1.640000000001237,SL Hit,3030.239999999999,1,3530.629999999992,15.0,-2.5799999999999272,0.4499999999998181
2025-03-21 09:35:00,2025-03-21 10:10:00,Short,3029.39,3032.9499999999994,-3.5599999999994907,SL Hit,3032.9499999999994,1,3527.0699999999924,35.0,3.75,-0.8899999999998727
2025-03-21 12:15:00,2025-03-21 13:00:00,Long,3034.59,3033.58,-2.0200000000004366,SL Hit,3033.58,2,3525.049999999992,45.0,-1.300000000000182,3.0099999999997635
2025-03-21 13:05:00,2025-03-21 14:40:00,Short,3026.476666666667,3009.24,51.7100000000014,SL Hit,3009.24,3,3576.7599999999934,95.0,10.153333333333194,-27.056666666666843
2025-03-21 18:25:00,2025-03-21 19:00:00,Long,3017.08,3017.08,0.0,SL Hit,3017.08,1,3576.7599999999934,35.0,-1.1100000000001273,3.869999999999891
2025-03-24 00:20:00,2025-03-24 01:30:00,Short,3021.52,3023.04,-3.0399999999999636,SL Hit,3023.04,2,3573.7199999999934,70.0,2.4200000000000728,-4.380000000000109
2025-03-24 04:25:00,2025-03-24 04:40:00,Long,3017.28,3017.28,0.0,SL Hit,3017.28,1,3573.7199999999934,15.0,-0.580000000000382,1.0
2025-03-24 05:05:00,2025-03-24 06:10:00,Long,3020.1949999999997,3020.24,0.09000000000014552,SL Hit,3020.24,2,3573.8099999999936,65.0,-2.3549999999995634,2.4150000000004184
2025-03-24 06:35:00,2025-03-24 07:30:00,Long,3024.456666666667,3024.2,-0.770000000001346,SL Hit,3024.2,3,3573.0399999999922,55.0,-2.8866666666667697,4.173333333333176
2025-03-24 11:05:00,2025-03-24 12:15:00,Short,3027.98,3027.62,0.7200000000002547,SL Hit,3027.62,2,3573.7599999999925,70.0,0.9600000000000364,-3.8400000000001455
2025-03-24 13:40:00,2025-03-24 15:35:00,Short,3018.1059999999998,3012.65,27.27999999999838,SL Hit,3012.65,5,3601.039999999991,115.0,7.644000000000233,-12.095999999999549
2025-03-24 16:40:00,2025-03-24 19:10:00,Short,3008.6850000000004,3007.75,3.7400000000016007,SL Hit,3007.75,4,3604.7799999999925,150.0,2.174999999999727,-6.1950000000006185
2025-03-24 19:15:00,2025-03-24 19:20:00,Long,3007.1,3007.1,0.0,SL Hit,3007.1,1,3604.7799999999925,5.0,-1.25,0.8800000000001091
2025-03-24 20:00:00,2025-03-24 22:30:00,Long,3008.69,3009.2,1.019999999999527,SL Hit,3009.2,2,3605.799999999992,150.0,-3.1900000000000546,5.900000000000091
2025-03-24 22:40:00,2025-03-25 00:30:00,Short,3010.4466666666667,3011.85,-4.209999999999582,SL Hit,3011.85,3,3601.5899999999924,110.0,1.6533333333331939,-2.1466666666665333
2025-03-25 09:20:00,2025-03-25 11:40:00,Long,3022.4375,3023.3,3.4500000000007276,SL Hit,3023.3,4,3605.039999999993,140.0,-3.287499999999909,3.692500000000109
2025-03-25 11:45:00,2025-03-25 13:30:00,Short,3022.2799999999997,3024.83,-5.100000000000364,SL Hit,3024.83,2,3599.939999999993,105.0,2.7400000000002365,-7.299999999999727
2025-03-25 13:35:00,2025-03-25 14:30:00,Long,3030.1800000000003,3026.8,-6.760000000000218,SL Hit,3026.8,2,3593.1799999999926,55.0,-5.350000000000364,5.309999999999491
2025-03-25 14:55:00,2025-03-25 16:40:00,Short,3024.4266666666667,3024.11,0.9499999999998181,SL Hit,3024.11,3,3594.1299999999924,105.0,4.213333333333139,-6.446666666666715
2025-03-25 16:45:00,2025-03-25 17:00:00,Long,3023.89,3022.610000000001,-1.2799999999988358,SL Hit,3022.610000000001,1,3592.8499999999935,15.0,-2.069999999999709,1.6200000000003456
2025-03-25 17:25:00,2025-03-25 17:55:00,Short,3021.335,3022.33,-1.9899999999997817,SL Hit,3022.33,2,3590.8599999999938,30.0,1.3350000000000364,-1.5050000000001091
2025-03-25 19:40:00,2025-03-25 19:45:00,Long,3019.38,3019.1799999999994,-0.2000000000007276,SL Hit,3019.1799999999994,1,3590.659999999993,5.0,-0.2800000000002001,1.0
2025-03-25 22:40:00,2025-03-25 23:00:00,Short,3020.635,3021.18,-1.089999999999236,SL Hit,3021.18,2,3589.569999999994,20.0,0.5749999999998181,-1.2350000000001273
2025-03-25 23:05:00,2025-03-25 23:10:00,Long,3020.1,3020.1,0.0,SL Hit,3020.1,1,3589.569999999994,5.0,-0.09999999999990905,1.2300000000000182
2025-03-25 23:30:00,2025-03-25 23:55:00,Long,3020.685,3019.8,-1.769999999999527,SL Hit,3019.8,2,3587.7999999999943,25.0,-0.8849999999997635,0.7449999999998909
2025-03-26 02:25:00,2025-03-26 02:40:00,Long,3024.91,3024.470000000001,-0.4399999999986903,SL Hit,3024.470000000001,1,3587.3599999999956,15.0,-2.3099999999999454,1.5399999999999636
2025-03-26 03:05:00,2025-03-26 05:30:00,Short,3017.3050000000003,3016.03,5.100000000000364,SL Hit,3016.03,4,3592.459999999996,145.0,5.504999999999654,-4.005000000000109
2025-03-26 06:40:00,2025-03-26 06:50:00,Long,3024.19,3024.19,0.0,SL Hit,3024.19,1,3592.459999999996,10.0,-0.19000000000005457,1.6100000000001273
2025-03-26 08:45:00,2025-03-26 10:40:00,Short,3023.955,3023.46,0.9899999999997817,SL Hit,3023.46,2,3593.4499999999957,115.0,2.675000000000182,-6.864999999999782
2025-03-26 12:35:00,2025-03-26 14:40:00,Short,3023.8600000000006,3019.11,19.00000000000182,SL Hit,3019.11,4,3612.4499999999975,125.0,6.139999999999418,-8.730000000000473
2025-03-26 16:20:00,2025-03-26 16:55:00,Long,3017.67,3015.4699999999993,-2.2000000000007276,SL Hit,3015.4699999999993,1,3610.249999999997,35.0,-2.450000000000273,2.0799999999999272
2025-03-26 18:55:00,2025-03-26 20:00:00,Short,3018.075,3018.14,-0.13000000000010914,SL Hit,3018.14,2,3610.1199999999967,65.0,0.8450000000002547,-2.2549999999996544
2025-03-26 20:45:00,2025-03-26 20:50:00,Long,3019.95,3019.95,0.0,SL Hit,3019.95,1,3610.1199999999967,5.0,-0.8799999999996544,0.8400000000001455
2025-03-26 22:20:00,2025-03-26 22:55:00,Long,3020.103333333333,3018.4,-5.109999999998763,SL Hit,3018.4,3,3605.009999999998,35.0,-2.203333333332921,0.5966666666668061
2025-03-26 23:00:00,2025-03-26 23:25:00,Short,3018.9449999999997,3020.17,-2.4500000000007276,SL Hit,3020.17,2,3602.559999999997,25.0,1.425000000000182,-1.544999999999618
2025-03-26 23:40:00,2025-03-27 00:30:00,Long,3021.45,3022.23,1.5600000000004002,SL Hit,3022.23,2,3604.1199999999976,50.0,-2.0799999999999272,2.9400000000000546
2025-03-27 00:50:00,2025-03-27 01:40:00,Long,3024.405,3024.7,0.589999999999236,SL Hit,3024.7,2,3604.709999999997,50.0,-1.4050000000002,3.6349999999997635
2025-03-27 03:35:00,2025-03-27 05:10:00,Long,3032.7825,3031.72,-4.25,SL Hit,3031.72,4,3600.459999999997,95.0,-2.012499999999818,5.007500000000164
2025-03-27 05:50:00,2025-03-27 07:05:00,Short,3031.215,3032.94,-3.449999999999818,SL Hit,3032.94,2,3597.009999999997,75.0,2.4649999999996908,-4.815000000000055
2025-03-27 12:00:00,2025-03-27 12:10:00,Long,3054.3,3052.819999999999,-1.4800000000013824,SL Hit,3052.819999999999,1,3595.5299999999957,10.0,-1.900000000000091,1.2699999999999818
2025-03-27 12:35:00,2025-03-27 13:05:00,Short,3050.075,3051.14,-2.130000000000109,SL Hit,3051.14,2,3593.3999999999955,30.0,1.7950000000000728,-2.824999999999818
2025-03-27 16:45:00,2025-03-27 17:50:00,Short,3051.05,3052.08,-2.0599999999994907,SL Hit,3052.08,2,3591.339999999996,65.0,1.8899999999998727,-3.1700000000000728
2025-03-27 18:30:00,2025-03-27 20:00:00,Long,3055.9933333333333,3056.29,0.8899999999998727,SL Hit,3056.29,3,3592.229999999996,90.0,-1.283333333333303,1.6266666666665515
2025-03-27 20:05:00,2025-03-27 20:50:00,Short,3056.435,3056.57,-0.27000000000043656,SL Hit,3056.57,2,3591.9599999999955,45.0,0.6050000000000182,-2.3350000000000364
2025-03-27 23:00:00,2025-03-27 23:45:00,Short,3054.775,3054.9,-0.25,SL Hit,3054.9,2,3591.7099999999955,45.0,1.1449999999999818,-1.0750000000002728
2025-03-28 06:35:00,2025-03-28 07:40:00,Long,3080.59,3080.3500000000004,-0.23999999999978172,SL Hit,3080.3500000000004,1,3591.4699999999957,65.0,-0.41000000000030923,5.029999999999745
2025-03-28 07:55:00,2025-03-28 09:40:00,Short,3075.7033333333334,3074.06,4.930000000000291,SL Hit,3074.06,3,3596.399999999996,105.0,4.85666666666657,-9.553333333333285
2025-03-28 11:00:00,2025-03-28 12:20:00,Long,3074.895,3073.64,-2.5100000000002183,SL Hit,3073.64,2,3593.889999999996,80.0,-3.5949999999998,4.4050000000002
2025-03-28 12:25:00,2025-03-28 12:50:00,Short,3078.045,3080.85,-5.609999999999673,SL Hit,3080.85,2,3588.279999999996,25.0,2.9549999999999272,-4.014999999999873
2025-03-28 13:20:00,2025-03-28 13:45:00,Short,3073.665,3078.36,-9.390000000000327,SL Hit,3078.36,2,3578.889999999996,25.0,5.434999999999945,-1.8049999999998363
2025-03-28 17:15:00,2025-03-28 17:40:00,Long,3082.89,3079.1700000000005,-3.719999999999345,SL Hit,3079.1700000000005,1,3575.1699999999964,25.0,-4.480000000000018,2.650000000000091
2025-03-28 19:40:00,2025-03-28 19:45:00,Long,3081.05,3081.05,0.0,SL Hit,3081.05,1,3575.1699999999964,5.0,-0.6300000000001091,0.599999999999909
2025-03-28 20:05:00,2025-03-28 20:35:00,Long,3081.915,3081.9,-0.02999999999974534,SL Hit,3081.9,2,3575.1399999999967,30.0,-0.6449999999999818,2.4349999999999454
2025-03-28 20:55:00,2025-03-30 23:05:00,Long,3086.8900000000003,3087.5,1.2199999999993452,SL Hit,3087.5,2,3576.359999999996,3010.0,-2.7400000000002365,12.659999999999854
2025-03-31 04:25:00,2025-03-31 09:20:00,Long,3114.812,3120.97,30.78999999999951,SL Hit,3120.97,5,3607.1499999999955,295.0,-7.402000000000044,11.758000000000266
2025-03-31 15:55:00,2025-03-31 16:30:00,Short,3114.775,3116.85,-4.149999999999636,SL Hit,3116.85,2,3602.999999999996,35.0,2.574999999999818,-2.744999999999891
2025-03-31 16:35:00,2025-03-31 17:20:00,Long,3118.205,3117.38,-1.6499999999996362,SL Hit,3117.38,2,3601.3499999999963,45.0,-1.1749999999997272,2.144999999999982
2025-03-31 18:15:00,2025-03-31 19:40:00,Long,3121.693333333334,3121.18,-1.540000000002692,SL Hit,3121.18,3,3599.8099999999936,85.0,-2.4833333333340306,2.036666666665951
2025-03-31 20:10:00,2025-03-31 20:15:00,Long,3123.53,3123.0899999999997,-0.4400000000005093,SL Hit,3123.0899999999997,1,3599.369999999993,5.0,-0.6600000000003092,0.5599999999999454
2025-03-31 23:10:00,2025-03-31 23:45:00,Long,3125.545,3123.7,-3.6900000000005093,SL Hit,3123.7,2,3595.6799999999926,35.0,-2.175000000000182,0.6649999999999636
2025-03-31 23:50:00,2025-04-01 00:45:00,Short,3122.12,3126.21,-8.180000000000291,SL Hit,3126.21,2,3587.4999999999923,55.0,5.130000000000109,-2.9200000000000728
2025-04-01 01:25:00,2025-04-01 01:30:00,Long,3131.96,3131.96,0.0,SL Hit,3131.96,1,3587.4999999999923,5.0,-1.0199999999999818,1.8400000000001455
2025-04-01 01:40:00,2025-04-01 04:15:00,Long,3141.921666666667,3144.93,18.049999999996544,SL Hit,3144.93,6,3605.549999999989,155.0,-9.41166666666686,5.718333333332794
2025-04-01 04:20:00,2025-04-01 05:20:00,Short,3143.536666666667,3144.86,-3.9699999999998,SL Hit,3144.86,3,3601.579999999989,60.0,1.883333333333212,-2.3366666666670426
2025-04-01 07:30:00,2025-04-01 09:20:00,Short,3132.523333333333,3133.64,-3.350000000000364,SL Hit,3133.64,3,3598.2299999999886,110.0,2.966666666666697,-7.853333333333012
2025-04-01 11:05:00,2025-04-01 13:00:00,Short,3132.0224999999996,3133.83,-7.230000000001382,SL Hit,3133.83,4,3590.9999999999873,115.0,3.1875000000004547,-3.9924999999993815
2025-04-01 17:20:00,2025-04-01 18:40:00,Long,3112.8799999999997,3114.22,4.020000000000437,SL Hit,3114.22,3,3595.0199999999877,80.0,-2.9799999999995634,5.5300000000002
2025-04-01 18:50:00,2025-04-01 19:55:00,Short,3115.645,3117.92,-4.550000000000182,SL Hit,3117.92,2,3590.4699999999875,65.0,3.175000000000182,-2.0349999999998545
2025-04-01 22:05:00,2025-04-01 23:00:00,Short,3112.91,3113.18,-0.8099999999999454,SL Hit,3113.18,3,3589.6599999999876,55.0,1.6400000000003274,-5.149999999999636
2025-04-02 06:25:00,2025-04-02 07:00:00,Long,3117.3199999999997,3114.7,-5.239999999999782,SL Hit,3114.7,2,3584.419999999988,35.0,-3.4599999999995816,1.4200000000000728
2025-04-02 09:30:00,2025-04-02 09:55:00,Short,3129.49,3130.76,-2.540000000000873,SL Hit,3130.76,2,3581.879999999987,25.0,1.5300000000002,-2.4799999999995634
2025-04-02 10:25:00,2025-04-02 12:25:00,Short,3124.53,3123.22,3.9300000000012005,SL Hit,3123.22,3,3585.809999999988,120.0,4.099999999999909,-13.700000000000273
2025-04-02 15:40:00,2025-04-02 17:20:00,Long,3129.0150000000003,3127.52,-2.990000000000691,SL Hit,3127.52,2,3582.8199999999874,100.0,-4.415000000000418,4.894999999999527
2025-04-02 23:45:00,2025-04-03 00:05:00,Long,3159.18,3159.18,0.0,SL Hit,3159.18,1,3582.8199999999874,20.0,-4.099999999999909,7.4900000000002365
2025-04-03 01:35:00,2025-04-03 01:50:00,Long,3155.28,3151.399999999999,-3.8800000000010186,SL Hit,3151.399999999999,1,3578.9399999999864,15.0,-4.440000000000055,6.7599999999997635
2025-04-03 06:05:00,2025-04-03 06:20:00,Long,3128.66,3126.0600000000013,-2.599999999998545,SL Hit,3126.0600000000013,1,3576.339999999988,15.0,-3.1799999999998363,3.2800000000002
2025-04-03 09:35:00,2025-04-03 13:35:00,Short,3102.0850000000005,3079.69,134.37000000000262,SL Hit,3079.69,6,3710.7099999999905,240.0,26.41499999999951,-46.625000000000455
2025-04-03 16:10:00,2025-04-03 16:20:00,Long,3107.83,3104.67,-6.319999999999709,SL Hit,3104.67,2,3704.389999999991,10.0,-6.829999999999927,2.4099999999998545
2025-04-04 03:50:00,2025-04-04 06:30:00,Long,3099.9275000000002,3101.9,7.889999999999418,SL Hit,3101.9,4,3712.27999999999,160.0,-7.2775000000001455,9.222499999999854
2025-04-04 10:05:00,2025-04-04 10:10:00,Long,3093.86,3093.86,0.0,SL Hit,3093.86,1,3712.27999999999,5.0,-0.5199999999999818,5.449999999999818
2025-04-04 10:25:00,2025-04-04 11:45:00,Long,3102.3100000000004,3105.53,6.4399999999996,SL Hit,3105.53,2,3718.71999999999,80.0,-7.2400000000002365,32.20999999999958
2025-04-04 11:50:00,2025-04-04 16:15:00,Short,3068.675714285714,3025.53,302.01999999999725,SL Hit,3025.53,7,4020.739999999987,265.0,43.174285714285816,-51.24571428571426
2025-04-04 16:25:00,2025-04-04 18:40:00,Long,3024.73,3021.62,-12.44000000000051,SL Hit,3021.62,4,4008.2999999999865,135.0,-8.050000000000182,10.699999999999818
2025-04-04 18:45:00,2025-04-04 19:15:00,Short,3022.55,3027.09,-9.079999999999927,SL Hit,3027.09,2,3999.2199999999866,30.0,8.859999999999673,-4.380000000000109
2025-04-04 19:20:00,2025-04-04 20:55:00,Long,3033.97,3035.1,3.3900000000003274,SL Hit,3035.1,3,4002.609999999987,95.0,-6.789999999999964,6.400000000000091
2025-04-06 23:15:00,2025-04-07 01:05:00,Short,2993.8866666666668,2991.23,7.970000000000255,SL Hit,2991.23,3,4010.579999999987,110.0,14.523333333333085,-20.776666666666642
2025-04-07 02:35:00,2025-04-07 03:40:00,Short,3030.913333333334,3030.08,2.500000000001819,SL Hit,3030.08,3,4013.079999999989,65.0,5.976666666666006,-7.683333333333849
2025-04-07 10:25:00,2025-04-07 12:00:00,Long,3032.225,3030.42,-3.6099999999996726,SL Hit,3030.42,2,4009.4699999999893,95.0,-5.014999999999873,13.065000000000055
2025-04-07 13:05:00,2025-04-07 13:15:00,Long,3027.38,3024.0199999999995,-3.360000000000582,SL Hit,3024.0199999999995,1,4006.1099999999888,10.0,-5.410000000000309,4.309999999999945
2025-04-07 14:15:00,2025-04-07 14:20:00,Long,3026.37,3026.37,0.0,SL Hit,3026.37,1,4006.1099999999888,5.0,-6.069999999999709,11.2800000000002
2025-04-07 15:45:00,2025-04-07 16:30:00,Short,2981.236666666666,2984.39,-9.460000000000946,SL Hit,2984.39,3,3996.649999999988,45.0,6.373333333333903,-5.66666666666606
2025-04-07 17:50:00,2025-04-07 18:50:00,Long,2971.675,2968.64,-6.0700000000006185,SL Hit,2968.64,2,3990.579999999987,60.0,-6.255000000000109,4.5649999999996
2025-04-07 22:05:00,2025-04-07 23:15:00,Long,2984.8025000000002,2984.8,-0.010000000000218279,SL Hit,2984.8,4,3990.569999999987,70.0,-3.5525000000002365,3.287499999999909
2025-04-08 02:05:00,2025-04-08 03:00:00,Long,3000.44,2998.38,-4.119999999999891,SL Hit,2998.38,2,3986.449999999987,55.0,-3.050000000000182,3.9099999999998545
2025-04-08 04:05:00,2025-04-08 04:20:00,Long,2998.41,2995.5300000000007,-2.8799999999991996,SL Hit,2995.5300000000007,1,3983.569999999988,15.0,-2.8799999999996544,1.1000000000003638
2025-04-08 05:20:00,2025-04-08 07:15:00,Long,3006.382,3008.65,11.340000000000146,SL Hit,3008.65,5,3994.909999999988,115.0,-6.652000000000044,8.288000000000011
2025-04-08 07:20:00,2025-04-08 10:00:00,Short,3007.67,3007.63,0.15999999999985448,SL Hit,3007.63,4,3995.069999999988,160.0,3.9400000000000546,-12.300000000000182
2025-04-08 10:30:00,2025-04-08 12:20:00,Long,3009.875,3008.94,-3.7399999999997817,SL Hit,3008.94,4,3991.329999999988,110.0,-3.875,9.235000000000127
2025-04-08 16:25:00,2025-04-08 18:30:00,Short,2989.925,2986.35,7.150000000000546,SL Hit,2986.35,2,3998.4799999999886,125.0,5.835000000000036,-15.275000000000091
2025-04-08 19:15:00,2025-04-08 19:45:00,Short,2980.14,2982.7,-5.119999999999891,SL Hit,2982.7,2,3993.3599999999888,30.0,2.800000000000182,-3.3799999999996544
2025-04-08 23:30:00,2025-04-09 00:25:00,Short,2979.5699999999997,2983.81,-8.480000000000473,SL Hit,2983.81,2,3984.8799999999883,55.0,5.290000000000418,-9.649999999999636
2025-04-09 01:00:00,2025-04-09 01:25:00,Short,2978.67,2997.2700000000004,-18.600000000000364,SL Hit,2997.2700000000004,1,3966.279999999988,25.0,11.090000000000146,-4.650000000000091
2025-04-09 01:25:00,2025-04-09 02:20:00,Long,2994.91,3004.22,18.61999999999989,SL Hit,3004.22,2,3984.899999999988,55.0,-14.670000000000073,15.460000000000036
2025-04-09 06:10:00,2025-04-09 07:55:00,Long,3032.9166666666665,3041.59,26.02000000000089,SL Hit,3041.59,3,4010.9199999999887,105.0,-14.406666666666297,16.703333333333376
2025-04-09 09:30:00,2025-04-09 10:10:00,Long,3046.205,3043.5,-5.4099999999998545,SL Hit,3043.5,2,4005.509999999989,40.0,-5.154999999999745,3.0149999999998727
2025-04-09 11:05:00,2025-04-09 11:15:00,Short,3044.1,3050.5799999999995,-6.479999999999563,SL Hit,3050.5799999999995,1,3999.0299999999893,10.0,12.110000000000127,-1.6199999999998909
2025-04-09 11:15:00,2025-04-09 12:10:00,Long,3059.1366666666668,3058.9,-0.7100000000000364,SL Hit,3058.9,3,3998.3199999999892,55.0,-15.346666666666806,12.783333333333303
2025-04-09 12:15:00,2025-04-09 13:30:00,Short,3061.58,3064.0200000000004,-2.4400000000005093,SL Hit,3064.0200000000004,1,3995.8799999999887,75.0,10.539999999999964,-18.139999999999873
2025-04-09 14:55:00,2025-04-09 15:15:00,Short,3071.67,3078.99,-7.319999999999709,SL Hit,3078.99,1,3988.559999999989,20.0,10.699999999999818,-5.460000000000036
2025-04-09 16:50:00,2025-04-09 17:00:00,Long,3090.01,3089.6099999999988,-0.4000000000014552,SL Hit,3089.6099999999988,1,3988.1599999999876,10.0,-1.5900000000001455,4.5
2025-04-09 18:10:00,2025-04-09 19:00:00,Short,3062.52,3072.0,-18.960000000000036,SL Hit,3072.0,2,3969.1999999999875,50.0,10.63000000000011,-11.900000000000091
2025-04-09 20:35:00,2025-04-09 22:30:00,Short,3082.995,3083.02,-0.0500000000001819,SL Hit,3083.02,2,3969.1499999999874,115.0,4.744999999999891,-12.295000000000073
2025-04-10 01:05:00,2025-04-10 01:45:00,Short,3089.023333333333,3088.56,1.389999999999418,SL Hit,3088.56,3,3970.539999999987,40.0,4.746666666666897,-10.323333333333267
2025-04-10 02:55:00,2025-04-10 05:35:00,Long,3123.5060000000003,3121.83,-8.380000000001928,SL Hit,3121.83,5,3962.159999999985,160.0,-8.296000000000276,8.123999999999796
2025-04-10 07:05:00,2025-04-10 07:20:00,Short,3119.205,3122.19,-5.970000000000255,SL Hit,3122.19,2,3956.1899999999846,15.0,3.3650000000002365,-2.255000000000109
2025-04-10 12:05:00,2025-04-10 12:35:00,Long,3125.0550000000003,3123.71,-2.6900000000005093,SL Hit,3123.71,2,3953.499999999984,30.0,-8.055000000000291,8.034999999999854
2025-04-10 14:55:00,2025-04-10 16:10:00,Long,3155.165,3155.0,-0.32999999999992724,SL Hit,3155.0,2,3953.169999999984,75.0,-6.855000000000018,19.184999999999945
2025-04-10 17:40:00,2025-04-10 17:45:00,Long,3161.66,3161.66,0.0,SL Hit,3161.66,1,3953.169999999984,5.0,-0.7999999999997272,2.8900000000003274
2025-04-10 18:25:00,2025-04-10 20:25:00,Long,3168.86,3170.49,4.889999999998963,SL Hit,3170.49,3,3958.059999999983,120.0,-6.050000000000182,7.170000000000073
2025-04-10 20:35:00,2025-04-10 22:25:00,Short,3170.93,3180.1299999999987,-9.199999999998909,SL Hit,3180.1299999999987,1,3948.859999999984,110.0,9.25,-2.5899999999996908
2025-04-11 01:10:00,2025-04-11 01:15:00,Long,3211.68,3204.240000000001,-7.43999999999869,SL Hit,3204.240000000001,1,3941.4199999999855,5.0,-8.679999999999836,3.100000000000364
2025-04-11 02:15:00,2025-04-11 02:55:00,Long,3217.033333333333,3215.28,-5.2599999999979445,SL Hit,3215.28,3,3936.1599999999876,40.0,-3.2133333333326846,2.5066666666671154
2025-04-11 03:00:00,2025-04-11 03:30:00,Short,3216.005,3219.11,-6.210000000000036,SL Hit,3219.11,2,3929.9499999999875,30.0,3.7950000000000728,-1.8949999999999818
2025-04-11 04:10:00,2025-04-11 04:30:00,Short,3215.78,3216.86,-1.0799999999999272,SL Hit,3216.86,1,3928.8699999999876,20.0,1.2799999999997453,-4.110000000000127
2025-04-11 06:35:00,2025-04-11 06:50:00,Long,3200.3,3200.3,0.0,SL Hit,3200.3,1,3928.8699999999876,15.0,-3.1900000000000546,8.699999999999818
2025-04-11 07:10:00,2025-04-11 07:15:00,Long,3208.0,3208.0,0.0,SL Hit,3208.0,1,3928.8699999999876,5.0,-3.6799999999998363,4.739999999999782
2025-04-11 08:05:00,2025-04-11 09:15:00,Long,3215.6566666666663,3215.32,-1.0099999999983993,SL Hit,3215.32,3,3927.859999999989,70.0,-7.44666666666626,10.253333333333558
2025-04-11 09:20:00,2025-04-11 09:45:00,Short,3216.91,3224.949999999999,-8.039999999999054,SL Hit,3224.949999999999,1,3919.81999999999,25.0,8.050000000000182,-3.9699999999998
2025-04-11 10:30:00,2025-04-11 12:05:00,Short,3220.1766666666663,3219.59,1.7599999999983993,SL Hit,3219.59,3,3921.5799999999886,95.0,7.33333333333394,-10.096666666666351
2025-04-11 13:50:00,2025-04-11 15:00:00,Short,3228.6433333333334,3232.14,-10.489999999999327,SL Hit,3232.14,3,3911.0899999999892,70.0,8.686666666666497,-8.873333333333449
2025-04-11 18:35:00,2025-04-11 18:50:00,Long,3234.8,3234.8,0.0,SL Hit,3234.8,1,3911.0899999999892,15.0,-0.8100000000004002,2.819999999999709
2025-04-11 20:00:00,2025-04-13 22:00:00,Long,3234.486666666666,3233.76,-2.1799999999980173,SL Hit,3233.76,3,3908.909999999991,3000.0,-23.886666666666315,3.843333333333703
2025-04-13 23:55:00,2025-04-14 01:00:00,Long,3220.96,3219.2,-3.5200000000004366,SL Hit,3219.2,2,3905.389999999991,65.0,-4.320000000000164,5.949999999999818
2025-04-14 02:00:00,2025-04-14 02:15:00,Long,3239.21,3239.21,0.0,SL Hit,3239.21,1,3905.389999999991,15.0,-1.7899999999999636,6.019999999999982
2025-04-14 03:00:00,2025-04-14 03:25:00,Short,3231.63,3233.23,-3.199999999999818,SL Hit,3233.23,2,3902.189999999991,25.0,1.6399999999998727,-5.519999999999982
2025-04-14 03:35:00,2025-04-14 04:20:00,Long,3232.125,3231.26,-1.7299999999995634,SL Hit,3231.26,2,3900.4599999999914,45.0,-0.974999999999909,3.0149999999998727
2025-04-14 04:30:00,2025-04-14 05:35:00,Short,3228.24,3227.33,1.819999999999709,SL Hit,3227.33,2,3902.279999999991,65.0,3.6200000000003456,-6.75
2025-04-14 07:10:00,2025-04-14 07:30:00,Short,3229.99,3232.749999999998,-2.7599999999983993,SL Hit,3232.749999999998,1,3899.5199999999927,20.0,3.350000000000364,-1.1399999999998727
2025-04-14 12:10:00,2025-04-14 12:20:00,Long,3225.19,3222.9899999999993,-2.2000000000007276,SL Hit,3222.9899999999993,1,3897.319999999992,10.0,-6.929999999999836,2.0299999999997453
2025-04-14 15:20:00,2025-04-14 16:50:00,Short,3207.5533333333333,3206.61,2.8299999999994725,SL Hit,3206.61,3,3900.1499999999915,90.0,1.996666666666897,-10.64333333333343
2025-04-14 18:15:00,2025-04-14 19:45:00,Short,3212.175,3212.08,0.19000000000050932,SL Hit,3212.08,2,3900.339999999992,90.0,1.9049999999997453,-10.715000000000146
2025-04-14 19:50:00,2025-04-14 23:00:00,Long,3212.424,3211.3,-5.619999999998981,SL Hit,3211.3,5,3894.719999999993,190.0,-4.643999999999778,2.536000000000058
2025-04-14 23:30:00,2025-04-15 00:15:00,Short,3212.375,3213.89,-3.0299999999997453,SL Hit,3213.89,2,3891.6899999999932,45.0,1.8049999999998363,-2.175000000000182
2025-04-15 00:20:00,2025-04-15 00:25:00,Long,3214.08,3214.08,0.0,SL Hit,3214.08,1,3891.6899999999932,5.0,-2.599999999999909,0.8099999999999454
2025-04-15 01:05:00,2025-04-15 05:15:00,Long,3223.5075,3227.14,29.05999999999767,SL Hit,3227.14,8,3920.749999999991,250.0,-11.59750000000031,8.732499999999618
2025-04-15 06:15:00,2025-04-15 06:55:00,Long,3226.955,3224.6,-4.710000000000036,SL Hit,3224.6,2,3916.039999999991,40.0,-2.9349999999999454,1.4549999999999272
2025-04-15 10:55:00,2025-04-15 12:10:00,Short,3221.83,3223.55,-3.4400000000005093,SL Hit,3223.55,2,3912.5999999999904,75.0,1.8699999999998909,-4.679999999999836
2025-04-15 12:15:00,2025-04-15 12:20:00,Long,3223.77,3218.810000000001,-4.959999999999127,SL Hit,3218.810000000001,1,3907.6399999999912,5.0,-6.5,1.6700000000000728
2025-04-15 19:00:00,2025-04-15 19:05:00,Long,3228.79,3228.79,0.0,SL Hit,3228.79,1,3907.6399999999912,5.0,-0.8899999999998727,1.6599999999998545
2025-04-16 06:05:00,2025-04-16 06:30:00,Short,3288.32,3292.48,-4.1599999999998545,SL Hit,3292.48,1,3903.4799999999914,25.0,5.179999999999836,-1.0399999999999636
2025-04-16 10:55:00,2025-04-16 11:00:00,Long,3303.56,3302.7600000000007,-0.7999999999992724,SL Hit,3302.7600000000007,1,3902.679999999992,5.0,-3.2799999999997453,1.1199999999998909
2025-04-16 12:45:00,2025-04-16 13:55:00,Short,3309.3133333333335,3310.86,-4.639999999999873,SL Hit,3310.86,3,3898.0399999999922,70.0,6.416666666666515,-11.983333333333576
2025-04-16 15:05:00,2025-04-16 15:30:00,Short,3311.0550000000003,3313.67,-5.229999999999563,SL Hit,3313.67,2,3892.8099999999927,25.0,6.214999999999691,-5.165000000000418
2025-04-16 18:10:00,2025-04-16 19:40:00,Long,3336.3199999999997,3337.9,4.740000000001146,SL Hit,3337.9,3,3897.549999999994,90.0,-7.849999999999909,5.770000000000437
2025-04-16 19:50:00,2025-04-16 20:05:00,Short,3338.17,3339.55,-2.7600000000002183,SL Hit,3339.55,2,3894.7899999999936,15.0,1.4099999999998545,-3.269999999999982
2025-04-16 23:05:00,2025-04-17 01:10:00,Short,3348.282,3347.64,3.2100000000014006,SL Hit,3347.64,5,3897.999999999995,125.0,4.337999999999738,-7.682000000000244
2025-04-17 04:05:00,2025-04-17 09:00:00,Short,3330.687142857143,3324.07,46.320000000000164,SL Hit,3324.07,7,3944.319999999995,295.0,13.032857142856756,-17.727142857143008
2025-04-17 09:20:00,2025-04-17 09:25:00,Long,3324.19,3322.9899999999993,-1.2000000000007276,SL Hit,3322.9899999999993,1,3943.1199999999944,5.0,-2.5599999999999454,1.6799999999998363
2025-04-17 10:30:00,2025-04-17 11:30:00,Long,3326.795,3326.14,-1.3100000000004002,SL Hit,3326.14,2,3941.809999999994,60.0,-1.8850000000002183,5.444999999999709
2025-04-17 11:35:00,2025-04-17 12:15:00,Short,3326.41,3334.9299999999985,-8.519999999998618,SL Hit,3334.9299999999985,1,3933.2899999999954,40.0,11.740000000000236,-4.019999999999982
2025-04-17 15:05:00,2025-04-17 18:30:00,Long,3311.2033333333334,3317.87,39.99999999999909,SL Hit,3317.87,6,3973.2899999999945,205.0,-17.84333333333325,10.676666666666733
2025-04-22 06:55:00,2025-04-22 10:00:00,Short,3464.365,3457.18,28.73999999999978,SL Hit,3457.18,4,4002.0299999999943,185.0,17.795000000000073,-21.274999999999636
2025-04-22 10:55:00,2025-04-22 11:50:00,Short,3453.5699999999997,3458.31,-9.480000000000473,SL Hit,3458.31,2,3992.549999999994,55.0,6.5300000000002,-5.559999999999491
2025-04-22 12:35:00,2025-04-22 14:30:00,Short,3440.0733333333333,3434.36,17.139999999999418,SL Hit,3434.36,3,4009.6899999999932,115.0,13.816666666666606,-28.31333333333305
2025-04-22 14:50:00,2025-04-22 15:00:00,Short,3426.98,3431.82,-4.8400000000001455,SL Hit,3431.82,1,4004.849999999993,10.0,4.920000000000073,-2.380000000000109
2025-04-22 20:00:00,2025-04-22 22:00:00,Long,3377.3500000000004,3376.65,-1.4000000000005457,SL Hit,3376.65,2,4003.4499999999925,120.0,-54.67000000000053,5.089999999999691
2025-04-22 23:05:00,2025-04-22 23:55:00,Long,3335.715,3333.15,-5.130000000000109,SL Hit,3333.15,2,3998.3199999999924,50.0,-2.9650000000001455,13.224999999999909
2025-04-23 08:15:00,2025-04-23 12:00:00,Long,3316.8100000000004,3322.51,22.799999999999272,SL Hit,3322.51,4,4021.1199999999917,225.0,-10.330000000000382,22.769999999999527
2025-04-23 12:05:00,2025-04-23 14:40:00,Short,3307.056666666667,3281.77,75.86000000000058,SL Hit,3281.77,3,4096.979999999992,155.0,25.24333333333334,-50.89666666666699
2025-04-23 19:50:00,2025-04-23 20:25:00,Long,3292.795,3290.0,-5.5900000000001455,SL Hit,3290.0,2,4091.389999999992,35.0,-2.805000000000291,2.3849999999997635
2025-04-23 23:55:00,2025-04-24 01:50:00,Long,3338.3933333333334,3356.14,53.23999999999933,SL Hit,3356.14,3,4144.629999999992,115.0,-26.59333333333325,27.026666666666642
2025-04-24 02:00:00,2025-04-24 04:10:00,Short,3348.08,3329.03,57.14999999999918,SL Hit,3329.03,3,4201.779999999992,130.0,14.430000000000291,-26.61999999999989
2025-04-24 05:05:00,2025-04-24 05:35:00,Short,3323.9700000000003,3327.27,-6.599999999999454,SL Hit,3327.27,2,4195.179999999992,30.0,10.519999999999527,-2.0100000000002183
2025-04-24 06:05:00,2025-04-24 06:50:00,Short,3320.873333333333,3324.93,-12.170000000000528,SL Hit,3324.93,3,4183.009999999991,45.0,6.676666666667188,-5.743333333332885
2025-04-24 07:00:00,2025-04-24 08:20:00,Long,3330.2566666666667,3330.47,0.6399999999994179,SL Hit,3330.47,3,4183.6499999999905,80.0,-6.296666666666624,8.253333333333558
2025-04-24 08:40:00,2025-04-24 09:25:00,Long,3336.6400000000003,3335.47,-2.340000000001055,SL Hit,3335.47,2,4181.3099999999895,45.0,-3.5300000000002,4.419999999999618
2025-04-24 11:05:00,2025-04-24 11:55:00,Long,3335.08,3335.95,1.7399999999997817,SL Hit,3335.95,2,4183.049999999989,50.0,-4.3400000000001455,7.710000000000036
2025-04-24 12:45:00,2025-04-24 12:55:00,Long,3336.73,3336.73,0.0,SL Hit,3336.73,1,4183.049999999989,10.0,-0.5300000000002001,4.309999999999945
2025-04-24 17:25:00,2025-04-24 19:00:00,Long,3335.0866666666666,3333.03,-6.169999999999163,SL Hit,3333.03,3,4176.87999999999,95.0,-2.686666666666497,4.233333333333576
2025-04-24 22:20:00,2025-04-24 22:25:00,Short,3353.64,3373.7999999999997,-20.159999999999854,SL Hit,3373.7999999999997,1,4156.71999999999,5.0,9.63000000000011,-5.039999999999964
2025-04-24 22:25:00,2025-04-24 23:20:00,Long,3356.0249999999996,3357.2,2.350000000000364,SL Hit,3357.2,2,4159.069999999991,55.0,-6.574999999999818,13.515000000000327
2025-04-25 00:10:00,2025-04-25 00:35:00,Long,3354.1,3354.1,0.0,SL Hit,3354.1,1,4159.069999999991,25.0,-2.7599999999997635,6.639999999999873
2025-04-25 01:45:00,2025-04-25 03:05:00,Short,3348.556666666667,3349.92,-4.089999999999691,SL Hit,3349.92,3,4154.9799999999905,80.0,4.103333333333012,-6.256666666666661
2025-04-25 03:15:00,2025-04-25 03:25:00,Long,3348.79,3348.670000000001,-0.11999999999898137,SL Hit,3348.670000000001,1,4154.8599999999915,10.0,-0.4600000000000364,4.039999999999964
2025-04-25 06:25:00,2025-04-25 07:40:00,Long,3302.853333333333,3305.4,7.640000000001237,SL Hit,3305.4,3,4162.499999999993,75.0,-9.55333333333283,10.686666666666952
2025-04-25 11:35:00,2025-04-25 12:00:00,Short,3297.515,3299.42,-3.8100000000004,SL Hit,3299.42,2,4158.689999999992,25.0,2.305000000000291,-8.884999999999764
2025-04-25 17:55:00,2025-04-25 18:35:00,Long,3293.485,3291.8,-3.369999999999891,SL Hit,3291.8,2,4155.319999999992,40.0,-3.2850000000003092,3.0850000000000364
2025-04-28 13:10:00,2025-04-28 14:15:00,Short,3295.71,3300.94,-10.460000000000036,SL Hit,3300.94,2,4144.859999999992,65.0,11.570000000000164,-8.440000000000055
2025-04-28 19:00:00,2025-04-28 19:15:00,Long,3348.87,3345.71,-3.1599999999998545,SL Hit,3345.71,1,4141.6999999999925,15.0,-3.4299999999998363,2.6700000000000728
2025-04-28 19:20:00,2025-04-28 19:55:00,Short,3349.385,3350.91,-3.0499999999992724,SL Hit,3350.91,2,4138.649999999993,35.0,3.3049999999998363,-2.925000000000182
2025-04-28 22:10:00,2025-04-28 23:00:00,Short,3338.335,3339.46,-2.25,SL Hit,3339.46,2,4136.399999999993,50.0,3.8449999999998,-6.934999999999945
2025-04-29 00:50:00,2025-04-29 04:05:00,Short,3327.1,3317.28,49.099999999998545,SL Hit,3317.28,5,4185.499999999992,195.0,11.11999999999989,-18.659999999999854
2025-04-29 04:45:00,2025-04-29 06:20:00,Short,3312.023333333333,3315.56,-10.610000000000582,SL Hit,3315.56,3,4174.889999999991,95.0,3.646666666666988,-6.723333333332903
2025-04-29 06:25:00,2025-04-29 07:10:00,Long,3315.075,3315.11,0.07000000000061846,SL Hit,3315.11,2,4174.959999999992,45.0,-2.694999999999709,8.175000000000182
2025-04-29 08:30:00,2025-04-29 10:50:00,Short,3314.8566666666666,3315.04,-0.5500000000001819,SL Hit,3315.04,3,4174.409999999992,140.0,5.553333333333285,-8.536666666666406
2025-04-29 11:15:00,2025-04-29 11:45:00,Long,3310.73,3310.73,0.0,SL Hit,3310.73,1,4174.409999999992,30.0,-0.25,5.119999999999891
2025-04-29 11:55:00,2025-04-29 12:50:00,Short,3308.8149999999996,3311.21,-4.790000000000873,SL Hit,3311.21,2,4169.619999999991,55.0,4.755000000000564,-6.2849999999994
2025-04-29 13:45:00,2025-04-29 14:50:00,Short,3312.29,3316.74,-8.899999999999636,SL Hit,3316.74,2,4160.719999999991,65.0,4.8400000000001455,-11.809999999999945
2025-04-29 16:00:00,2025-04-29 17:45:00,Long,3317.995,3322.17,8.350000000000364,SL Hit,3322.17,2,4169.0699999999915,105.0,-5.855000000000018,11.765000000000327
2025-04-29 17:50:00,2025-04-29 18:30:00,Short,3319.75,3319.14,1.2200000000002547,SL Hit,3319.14,2,4170.289999999992,40.0,3.4099999999998545,-6.150000000000091
2025-04-29 19:00:00,2025-04-29 19:45:00,Long,3321.7766666666666,3321.08,-2.0900000000001455,SL Hit,3321.08,3,4168.199999999992,45.0,-2.566666666666606,2.6033333333334667
2025-04-29 20:50:00,2025-04-30 00:00:00,Short,3318.165,3317.55,2.459999999999127,SL Hit,3317.55,4,4170.659999999991,190.0,4.5349999999998545,-6.275000000000091
2025-04-30 02:05:00,2025-04-30 02:25:00,Short,3310.41,3312.41,-4.0,SL Hit,3312.41,2,4166.659999999991,20.0,2.3299999999999272,-3.119999999999891
2025-04-30 04:15:00,2025-04-30 04:45:00,Short,3303.9700000000003,3305.88,-3.819999999999709,SL Hit,3305.88,2,4162.839999999991,30.0,3.4899999999997817,-2.700000000000273
2025-04-30 06:20:00,2025-04-30 07:20:00,Short,3306.95,3309.27,-4.640000000000327,SL Hit,3309.27,2,4158.199999999991,60.0,4.220000000000255,-3.8899999999998727
2025-04-30 09:15:00,2025-04-30 09:35:00,Short,3282.94,3284.67,-3.4600000000000364,SL Hit,3284.67,2,4154.739999999991,20.0,3.4899999999997817,-3.849999999999909
2025-04-30 11:30:00,2025-04-30 11:45:00,Long,3280.01,3277.41,-2.600000000000364,SL Hit,3277.41,1,4152.13999999999,15.0,-3.2700000000004366,1.3399999999996908
2025-04-30 12:45:00,2025-04-30 14:00:00,Long,3304.43,3301.12,-9.929999999999836,SL Hit,3301.12,3,4142.20999999999,75.0,-11.919999999999618,14.650000000000091
2025-04-30 16:05:00,2025-04-30 16:15:00,Long,3308.66,3308.66,0.0,SL Hit,3308.66,1,4142.20999999999,10.0,-0.4699999999997999,2.6200000000003456
2025-04-30 16:40:00,2025-04-30 17:10:00,Long,3309.11,3308.0699999999993,-1.0400000000008731,SL Hit,3308.0699999999993,1,4141.169999999989,30.0,-3.4400000000000546,4.119999999999891
2025-04-30 18:05:00,2025-04-30 23:10:00,Short,3290.1087499999994,3279.47,85.10999999999694,SL Hit,3279.47,8,4226.279999999986,305.0,17.031250000000455,-20.108749999999418
2025-04-30 23:35:00,2025-05-01 05:20:00,Short,3248.8287499999997,3231.15,141.42999999999665,SL Hit,3231.15,8,4367.709999999983,345.0,27.46125000000029,-29.9087499999996
2025-05-01 06:20:00,2025-05-01 07:35:00,Short,3235.3199999999997,3232.2,9.359999999999673,SL Hit,3232.2,3,4377.069999999982,75.0,4.770000000000437,-9.359999999999673
2025-05-01 07:40:00,2025-05-01 09:05:00,Long,3233.226666666667,3231.6,-4.880000000001019,SL Hit,3231.6,3,4372.189999999981,85.0,-4.626666666667006,2.9233333333331757
2025-05-01 11:10:00,2025-05-01 11:35:00,Long,3223.46,3222.0199999999995,-1.4400000000005093,SL Hit,3222.0199999999995,1,4370.749999999981,25.0,-3.099999999999909,3.369999999999891
2025-05-01 13:40:00,2025-05-01 14:35:00,Short,3223.4266666666667,3227.08,-10.959999999999582,SL Hit,3227.08,3,4359.789999999981,55.0,8.24333333333334,-9.166666666666515
2025-05-01 15:30:00,2025-05-01 16:40:00,Short,3212.6766666666663,3214.44,-5.290000000001328,SL Hit,3214.44,3,4354.49999999998,70.0,4.873333333333903,-7.956666666666479
2025-05-01 19:25:00,2025-05-01 19:30:00,Long,3224.76,3224.76,0.0,SL Hit,3224.76,1,4354.49999999998,5.0,-0.13000000000010914,1.569999999999709
2025-05-01 20:00:00,2025-05-01 22:30:00,Long,3234.2125,3234.61,1.5900000000001455,SL Hit,3234.61,4,4356.08999999998,150.0,-6.412499999999909,8.747499999999945
2025-05-02 00:10:00,2025-05-02 00:45:00,Long,3237.55,3237.55,0.0,SL Hit,3237.55,1,4356.08999999998,35.0,-7.25,6.269999999999982
2025-05-02 03:10:00,2025-05-02 04:30:00,Long,3250.9266666666663,3253.15,6.670000000001437,SL Hit,3253.15,3,4362.759999999982,80.0,-3.4966666666664423,6.843333333333703
2025-05-02 04:40:00,2025-05-02 05:35:00,Short,3253.51,3253.87,-0.7199999999993452,SL Hit,3253.87,2,4362.039999999983,55.0,2.6099999999996726,-3.8100000000004
2025-05-02 07:25:00,2025-05-02 10:35:00,Long,3259.165,3258.35,-3.2600000000002183,SL Hit,3258.35,4,4358.7799999999825,190.0,-4.585000000000036,7.3650000000002365
2025-05-02 10:45:00,2025-05-02 11:15:00,Short,3258.14,3261.179999999999,-3.039999999999054,SL Hit,3261.179999999999,1,4355.739999999983,30.0,4.7400000000002365,-0.7599999999997635
2025-05-02 11:20:00,2025-05-02 12:00:00,Long,3261.58,3261.58,0.0,SL Hit,3261.58,1,4355.739999999983,40.0,-0.44000000000005457,6.930000000000291
2025-05-02 12:30:00,2025-05-02 14:15:00,Short,3249.928,3251.94,-10.060000000000855,SL Hit,3251.94,5,4345.679999999982,105.0,12.811999999999898,-10.188000000000102
2025-05-02 18:15:00,2025-05-02 19:00:00,Short,3226.965,3229.42,-4.9099999999998545,SL Hit,3229.42,2,4340.769999999982,45.0,4.394999999999982,-2.6150000000002365
2025-05-02 19:10:00,2025-05-04 22:55:00,Long,3235.808,3239.34,17.660000000000764,SL Hit,3239.34,5,4358.429999999983,3105.0,-9.307999999999993,7.822000000000116
2025-05-04 23:05:00,2025-05-04 23:30:00,Short,3241.36,3248.560000000001,-7.200000000000728,SL Hit,3248.560000000001,1,4351.229999999982,25.0,5.920000000000073,-1.8600000000001273
2025-05-04 23:30:00,2025-05-05 00:35:00,Long,3244.625,3243.0,-3.25,SL Hit,3243.0,2,4347.979999999982,65.0,-1.824999999999818,6.894999999999982
2025-05-05 00:40:00,2025-05-05 01:00:00,Short,3243.51,3250.3500000000004,-6.8400000000001455,SL Hit,3250.3500000000004,1,4341.139999999982,20.0,9.529999999999745,-2.150000000000091
2025-05-05 02:45:00,2025-05-05 03:05:00,Long,3267.32,3267.32,0.0,SL Hit,3267.32,1,4341.139999999982,20.0,-0.8800000000001091,4.5
2025-05-05 03:15:00,2025-05-05 05:05:00,Short,3257.435,3259.29,-3.7100000000000364,SL Hit,3259.29,2,4337.429999999982,110.0,3.605000000000018,-4.545000000000073
2025-05-05 06:40:00,2025-05-05 07:05:00,Long,3261.11,3259.309999999999,-1.8000000000010914,SL Hit,3259.309999999999,1,4335.629999999981,25.0,-2.3900000000003274,3.900000000000091
2025-05-05 12:45:00,2025-05-05 12:50:00,Long,3319.51,3319.2699999999986,-0.2400000000016007,SL Hit,3319.2699999999986,1,4335.389999999979,5.0,-0.3100000000004002,2.5599999999999454
2025-05-05 15:05:00,2025-05-05 15:30:00,Short,3311.29,3314.16,-5.739999999999782,SL Hit,3314.16,2,4329.64999999998,25.0,3.6700000000000728,-1.8400000000001455
2025-05-05 15:35:00,2025-05-05 16:00:00,Long,3313.99,3311.2700000000004,-2.719999999999345,SL Hit,3311.2700000000004,1,4326.92999999998,25.0,-3.169999999999618,3.080000000000382
2025-05-05 17:25:00,2025-05-05 17:35:00,Long,3312.87,3312.87,0.0,SL Hit,3312.87,1,4326.92999999998,10.0,-0.5399999999999636,2.880000000000109
2025-05-05 23:55:00,2025-05-06 00:15:00,Long,3331.62,3330.31,-2.619999999999891,SL Hit,3330.31,2,4324.30999999998,20.0,-2.849999999999909,2.5900000000001455
2025-05-06 02:10:00,2025-05-06 02:35:00,Long,3380.16,3372.880000000001,-7.279999999998836,SL Hit,3372.880000000001,1,4317.029999999982,25.0,-15.199999999999818,6.079999999999927
2025-05-06 04:30:00,2025-05-06 04:45:00,Short,3359.25,3371.25,-12.0,SL Hit,3371.25,1,4305.029999999982,15.0,5.639999999999873,-3.0
2025-05-06 04:45:00,2025-05-06 05:15:00,Long,3361.12,3357.04,-4.079999999999927,SL Hit,3357.04,1,4300.949999999982,30.0,-4.420000000000073,4.300000000000182
2025-05-06 05:40:00,2025-05-06 06:15:00,Short,3357.75,3363.97,-12.4399999999996,SL Hit,3363.97,2,4288.509999999982,35.0,9.809999999999945,-7.070000000000164
2025-05-06 07:05:00,2025-05-06 09:00:00,Long,3375.0175,3376.13,4.450000000000728,SL Hit,3376.13,4,4292.959999999983,115.0,-9.357500000000073,7.5925000000002
2025-05-06 09:55:00,2025-05-06 10:20:00,Long,3380.38,3380.38,0.0,SL Hit,3380.38,1,4292.959999999983,25.0,-2.2400000000002365,3.0899999999996908
2025-05-06 12:20:00,2025-05-06 12:40:00,Short,3377.52,3388.44,-10.920000000000073,SL Hit,3388.44,1,4282.039999999983,20.0,13.679999999999836,-2.730000000000018
2025-05-06 13:05:00,2025-05-06 13:35:00,Long,3389.9,3389.9,0.0,SL Hit,3389.9,1,4282.039999999983,30.0,-1.2899999999999636,6.9699999999998
2025-05-06 15:40:00,2025-05-06 17:50:00,Long,3404.464,3412.82,41.78000000000111,SL Hit,3412.82,5,4323.819999999983,130.0,-11.114000000000033,12.985999999999876
2025-05-06 18:00:00,2025-05-06 18:50:00,Short,3415.105,3416.79,-3.369999999999891,SL Hit,3416.79,2,4320.449999999983,50.0,1.925000000000182,-4.994999999999891
2025-05-07 00:20:00,2025-05-07 02:15:00,Short,3377.5466666666666,3376.9,1.9399999999995998,SL Hit,3376.9,3,4322.389999999983,115.0,11.813333333333503,-17.426666666666733
2025-05-07 05:15:00,2025-05-07 05:30:00,Long,3384.2,3384.2,0.0,SL Hit,3384.2,1,4322.389999999983,15.0,-1.099999999999909,2.8200000000001637
2025-05-07 05:50:00,2025-05-07 07:30:00,Long,3389.7833333333333,3388.09,-5.0799999999994725,SL Hit,3388.09,3,4317.309999999983,100.0,-5.283333333333303,7.236666666666679
2025-05-07 07:40:00,2025-05-07 10:05:00,Short,3382.8849999999998,3378.31,18.299999999999272,SL Hit,3378.31,4,4335.609999999982,145.0,8.00500000000011,-13.504999999999654
2025-05-07 13:25:00,2025-05-07 13:35:00,Short,3384.88,3391.4400000000014,-6.56000000000131,SL Hit,3391.4400000000014,1,4329.049999999981,10.0,7.2199999999998,-2.980000000000018
2025-05-07 14:25:00,2025-05-07 14:35:00,Short,3383.49,3386.9699999999993,-3.4799999999995634,SL Hit,3386.9699999999993,1,4325.5699999999815,10.0,5.0,-1.3399999999996908
2025-05-07 16:10:00,2025-05-07 17:50:00,Short,3386.2033333333334,3387.35,-3.4399999999996,SL Hit,3387.35,3,4322.129999999982,100.0,3.316666666666606,-6.283333333333303
2025-05-07 18:00:00,2025-05-07 18:30:00,Long,3386.67,3383.88,-5.579999999999927,SL Hit,3383.88,2,4316.549999999982,30.0,-4.829999999999927,10.809999999999945
2025-05-07 20:55:00,2025-05-07 22:00:00,Short,3365.38,3372.0200000000013,-6.640000000001237,SL Hit,3372.0200000000013,1,4309.909999999981,65.0,6.779999999999745,-1.6600000000003092
2025-05-07 22:05:00,2025-05-08 00:55:00,Long,3374.888,3380.3,27.06000000000131,SL Hit,3380.3,5,4336.969999999982,170.0,-8.688000000000102,11.632000000000062
2025-05-08 04:10:00,2025-05-08 07:30:00,Short,3373.1200000000003,3338.92,136.8000000000011,SL Hit,3338.92,4,4473.769999999983,200.0,22.669999999999618,-52.21000000000049
2025-05-08 07:35:00,2025-05-08 08:50:00,Long,3342.2099999999996,3338.01,-12.59999999999809,SL Hit,3338.01,3,4461.1699999999855,75.0,-4.859999999999673,6.8100000000004
2025-05-08 11:40:00,2025-05-08 13:55:00,Long,3352.5099999999998,3356.7,12.570000000000164,SL Hit,3356.7,3,4473.739999999985,135.0,-11.149999999999636,16.000000000000455
2025-05-08 14:30:00,2025-05-08 17:55:00,Short,3339.751666666667,3305.45,205.81000000000313,SL Hit,3305.45,6,4679.549999999988,205.0,21.448333333332812,-42.251666666667006
2025-05-08 20:50:00,2025-05-08 22:05:00,Short,3307.41,3315.0099999999984,-7.599999999998545,SL Hit,3315.0099999999984,1,4671.94999999999,75.0,6.970000000000255,-3.0099999999997635
2025-05-08 22:05:00,2025-05-08 23:55:00,Long,3313.195,3313.72,1.0499999999992724,SL Hit,3313.72,2,4672.999999999989,110.0,-3.8150000000000546,10.335000000000036
2025-05-09 00:20:00,2025-05-09 00:55:00,Short,3313.19,3327.11,-13.920000000000073,SL Hit,3327.11,1,4659.079999999989,35.0,9.230000000000018,-4.070000000000164
2025-05-09 00:55:00,2025-05-09 01:00:00,Long,3317.9,3317.9,0.0,SL Hit,3317.9,1,4659.079999999989,5.0,-1.3600000000001273,4.519999999999982
2025-05-09 09:35:00,2025-05-09 11:05:00,Short,3325.45,3329.28,-7.660000000000764,SL Hit,3329.28,2,4651.419999999988,90.0,4.850000000000364,-3.4299999999998363
2025-05-09 11:10:00,2025-05-09 11:30:00,Long,3328.01,3328.01,0.0,SL Hit,3328.01,1,4651.419999999988,20.0,-3.230000000000018,9.019999999999982
2025-05-09 12:05:00,2025-05-09 13:55:00,Long,3333.56,3333.1,-1.8400000000001455,SL Hit,3333.1,4,4649.579999999988,110.0,-5.049999999999727,6.230000000000018
2025-05-09 14:35:00,2025-05-09 14:40:00,Long,3336.57,3336.57,0.0,SL Hit,3336.57,1,4649.579999999988,5.0,-2.5399999999999636,2.5099999999997635
2025-05-09 15:20:00,2025-05-09 16:20:00,Long,3340.2233333333334,3340.1,-0.3700000000003456,SL Hit,3340.1,3,4649.209999999988,60.0,-2.1233333333334485,6.546666666666624
2025-05-09 16:35:00,2025-05-09 17:20:00,Short,3338.8000000000006,3339.73,-2.7899999999981446,SL Hit,3339.73,3,4646.41999999999,45.0,3.119999999999436,-3.1000000000008185
2025-05-09 17:30:00,2025-05-09 18:05:00,Long,3339.835,3339.6,-0.47000000000025466,SL Hit,3339.6,2,4645.94999999999,35.0,-1.9349999999999454,2.4850000000001273
2025-05-11 22:50:00,2025-05-11 23:15:00,Short,3272.575,3277.08,-9.010000000000218,SL Hit,3277.08,2,4636.93999999999,25.0,6.195000000000164,-7.375
2025-05-11 23:25:00,2025-05-12 00:40:00,Long,3281.973333333333,3279.4,-7.719999999998436,SL Hit,3279.4,3,4629.219999999991,75.0,-8.073333333332812,7.156666666667206
2025-05-12 03:20:00,2025-05-12 04:20:00,Long,3278.745,3279.91,2.3299999999999272,SL Hit,3279.91,2,4631.549999999991,60.0,-4.795000000000073,5.2150000000001455
2025-05-12 05:15:00,2025-05-12 05:55:00,Short,3274.34,3275.87,-3.0599999999994907,SL Hit,3275.87,2,4628.489999999992,40.0,2.049999999999727,-5.670000000000073
2025-05-12 07:55:00,2025-05-12 08:35:00,Short,3224.785,3230.71,-11.850000000000364,SL Hit,3230.71,2,4616.639999999991,40.0,7.505000000000109,-4.964999999999691
2025-05-12 13:55:00,2025-05-12 14:00:00,Long,3239.89,3236.57,-3.319999999999709,SL Hit,3236.57,1,4613.3199999999915,5.0,-6.119999999999891,1.0100000000002183
2025-05-12 16:55:00,2025-05-12 18:45:00,Short,3223.62,3223.71,-0.3600000000005821,SL Hit,3223.71,4,4612.959999999991,110.0,3.800000000000182,-2.7599999999997635
2025-05-12 20:20:00,2025-05-12 20:50:00,Long,3235.955,3233.9,-4.109999999999673,SL Hit,3233.9,2,4608.849999999991,30.0,-2.6549999999997453,1.7649999999998727
2025-05-12 22:15:00,2025-05-12 23:25:00,Short,3235.3799999999997,3235.96,-1.740000000001146,SL Hit,3235.96,3,4607.10999999999,70.0,1.8900000000003274,-6.479999999999563
2025-05-12 23:30:00,2025-05-13 00:35:00,Long,3235.6966666666667,3235.26,-1.3099999999994907,SL Hit,3235.26,3,4605.79999999999,65.0,-2.496666666666897,7.333333333333485
2025-05-13 08:30:00,2025-05-13 09:15:00,Short,3254.2349999999997,3255.78,-3.090000000001055,SL Hit,3255.78,2,4602.709999999989,45.0,1.6350000000002183,-3.7549999999996544
2025-05-13 13:45:00,2025-05-13 15:25:00,Short,3241.866666666667,3247.56,-17.079999999999472,SL Hit,3247.56,3,4585.62999999999,100.0,6.36333333333323,-15.38666666666677
2025-05-13 21:00:00,2025-05-13 21:10:00,Long,3250.1,3250.1,0.0,SL Hit,3250.1,1,4585.62999999999,10.0,-0.6999999999998181,0.09999999999990905
2025-05-13 22:45:00,2025-05-14 00:00:00,Long,3253.5766666666664,3252.56,-3.0499999999992724,SL Hit,3252.56,3,4582.579999999991,75.0,-5.416666666666515,3.1233333333334485
2025-05-14 00:55:00,2025-05-14 01:20:00,Short,3241.91,3245.15,-6.480000000000473,SL Hit,3245.15,2,4576.09999999999,25.0,4.100000000000364,-2.480000000000018
2025-05-14 01:25:00,2025-05-14 01:40:00,Long,3246.5,3244.7800000000007,-1.7199999999993452,SL Hit,3244.7800000000007,1,4574.379999999991,15.0,-3.380000000000109,3.900000000000091
2025-05-14 02:00:00,2025-05-14 04:35:00,Short,3232.286666666667,3229.58,16.2400000000016,SL Hit,3229.58,6,4590.619999999993,155.0,8.58333333333303,-8.966666666666697
2025-05-14 05:00:00,2025-05-14 05:35:00,Short,3223.7466666666664,3226.47,-8.170000000000073,SL Hit,3226.47,3,4582.4499999999925,35.0,4.333333333333485,-1.9666666666662422
2025-05-14 07:05:00,2025-05-14 07:25:00,Short,3228.9300000000003,3230.86,-3.8599999999996726,SL Hit,3230.86,2,4578.589999999993,20.0,4.239999999999782,-4.100000000000364
2025-05-14 08:00:00,2025-05-14 08:10:00,Long,3237.9,3237.3400000000006,-0.5599999999994907,SL Hit,3237.3400000000006,1,4578.029999999993,10.0,-2.0799999999999272,4.420000000000073
2025-05-14 09:15:00,2025-05-14 09:45:00,Short,3232.58,3242.8599999999988,-10.279999999998836,SL Hit,3242.8599999999988,1,4567.7499999999945,30.0,3.119999999999891,-3.519999999999982
2025-05-14 09:45:00,2025-05-14 10:00:00,Long,3234.78,3231.3399999999997,-3.4400000000005093,SL Hit,3231.3399999999997,1,4564.309999999994,15.0,-4.25,1.0399999999999636
2025-05-14 11:40:00,2025-05-14 13:50:00,Short,3211.215,3193.38,35.67000000000007,SL Hit,3193.38,2,4599.979999999994,130.0,22.024999999999636,-35.225000000000364
2025-05-14 15:10:00,2025-05-14 15:20:00,Short,3180.38,3184.9400000000014,-4.56000000000131,SL Hit,3184.9400000000014,1,4595.419999999993,10.0,4.869999999999891,-1.1400000000003274
2025-05-14 18:55:00,2025-05-14 19:50:00,Short,3173.87,3180.829999999999,-6.959999999999127,SL Hit,3180.829999999999,1,4588.459999999994,55.0,5.800000000000182,-4.9099999999998545
2025-05-14 19:50:00,2025-05-14 20:55:00,Long,3179.2000000000003,3178.24,-2.8800000000014734,SL Hit,3178.24,3,4585.579999999993,65.0,-3.200000000000273,3.6099999999996726
2025-05-14 23:10:00,2025-05-15 00:05:00,Long,3183.585,3181.5,-4.170000000000073,SL Hit,3181.5,2,4581.409999999993,55.0,-3.2849999999998545,3.3350000000000364
2025-05-15 00:45:00,2025-05-15 00:50:00,Short,3182.17,3182.5300000000007,-0.3600000000005821,SL Hit,3182.5300000000007,1,4581.049999999992,5.0,4.599999999999909,-1.300000000000182
2025-05-15 01:40:00,2025-05-15 05:20:00,Short,3157.5099999999998,3141.59,95.51999999999771,SL Hit,3141.59,6,4676.56999999999,220.0,28.190000000000055,-21.889999999999873
2025-05-15 05:40:00,2025-05-15 06:40:00,Short,3135.95,3149.5099999999993,-13.55999999999949,SL Hit,3149.5099999999993,1,4663.00999999999,60.0,15.0,-14.289999999999964
2025-05-15 08:20:00,2025-05-15 10:00:00,Long,3159.1800000000003,3164.6,10.839999999999236,SL Hit,3164.6,2,4673.849999999989,100.0,-11.090000000000146,12.099999999999909
2025-05-15 12:05:00,2025-05-15 12:10:00,Long,3181.34,3179.9399999999987,-1.4000000000014552,SL Hit,3179.9399999999987,1,4672.449999999988,5.0,-2.5100000000002183,1.0599999999999454
2025-05-15 16:30:00,2025-05-15 17:30:00,Long,3220.44,3218.57,-3.7399999999997817,SL Hit,3218.57,2,4668.709999999988,60.0,-2.2400000000002365,7.920000000000073
2025-05-15 17:35:00,2025-05-15 19:15:00,Short,3222.4133333333334,3225.46,-9.139999999999873,SL Hit,3225.46,3,4659.569999999989,100.0,3.3266666666663696,-5.813333333333503
2025-05-15 19:20:00,2025-05-15 23:00:00,Long,3238.1225,3243.96,23.350000000000364,SL Hit,3243.96,4,4682.919999999989,220.0,-13.472499999999854,13.337500000000091
2025-05-16 01:10:00,2025-05-16 02:30:00,Short,3224.5766666666664,3224.88,-0.9100000000012187,SL Hit,3224.88,3,4682.0099999999875,80.0,7.313333333333503,-10.766666666666424
2025-05-16 02:45:00,2025-05-16 04:15:00,Short,3214.13,3215.01,-1.7600000000002183,SL Hit,3215.01,2,4680.249999999987,90.0,6.769999999999982,-7.400000000000091
2025-05-16 04:20:00,2025-05-16 05:15:00,Long,3218.465,3218.02,-0.8900000000003274,SL Hit,3218.02,2,4679.359999999987,55.0,-5.285000000000309,3.3449999999998
2025-05-16 05:20:00,2025-05-16 09:25:00,Short,3214.022,3208.74,26.410000000000764,SL Hit,3208.74,5,4705.769999999988,245.0,16.53800000000001,-18.001999999999953
2025-05-16 10:15:00,2025-05-16 12:35:00,Short,3189.9350000000004,3178.84,22.19000000000051,SL Hit,3178.84,2,4727.959999999988,140.0,17.504999999999654,-34.48500000000058
2025-05-16 12:45:00,2025-05-16 13:15:00,Long,3180.92,3174.4,-13.039999999999964,SL Hit,3174.4,2,4714.919999999988,30.0,-10.210000000000036,4.489999999999782
2025-05-16 14:25:00,2025-05-16 15:10:00,Short,3177.0699999999997,3176.57,0.9999999999990905,SL Hit,3176.57,2,4715.919999999987,45.0,2.7600000000002183,-10.729999999999563
2025-05-16 15:25:00,2025-05-16 18:35:00,Long,3183.6771428571424,3186.07,16.750000000004547,SL Hit,3186.07,7,4732.669999999992,190.0,-8.417142857142153,8.032857142857665
2025-05-16 19:05:00,2025-05-19 00:50:00,Long,3218.1233333333334,3243.83,154.23999999999887,SL Hit,3243.83,6,4886.909999999991,3225.0,-30.02333333333354,30.766666666666424
2025-05-19 01:00:00,2025-05-19 02:50:00,Short,3236.5866666666666,3226.91,29.0300000000002,SL Hit,3226.91,3,4915.939999999991,110.0,10.033333333333303,-22.166666666666515
2025-05-19 04:10:00,2025-05-19 04:20:00,Short,3210.95,3215.909999999999,-4.959999999999127,SL Hit,3215.909999999999,1,4910.979999999992,10.0,5.010000000000218,-1.2399999999997817
2025-05-19 08:15:00,2025-05-19 08:25:00,Long,3236.21,3234.9299999999994,-1.2800000000006548,SL Hit,3234.9299999999994,1,4909.699999999992,10.0,-2.5,2.380000000000109
2025-05-19 11:50:00,2025-05-19 12:00:00,Long,3243.7,3242.46,-1.2399999999997817,SL Hit,3242.46,1,4908.459999999992,10.0,-1.8999999999996362,1.8400000000001455
2025-05-19 12:15:00,2025-05-19 14:30:00,Short,3235.74,3233.89,7.399999999999636,SL Hit,3233.89,4,4915.8599999999915,135.0,7.570000000000164,-18.109999999999673
2025-05-19 15:00:00,2025-05-19 15:40:00,Long,3233.976666666667,3232.25,-5.180000000000746,SL Hit,3232.25,3,4910.679999999991,40.0,-3.4366666666669516,1.853333333333012
2025-05-19 15:50:00,2025-05-19 16:05:00,Long,3235.67,3228.629999999999,-7.040000000000873,SL Hit,3228.629999999999,1,4903.63999999999,15.0,-7.010000000000218,3.9400000000000546
2025-05-19 16:05:00,2025-05-19 16:30:00,Short,3229.715,3231.03,-2.630000000000109,SL Hit,3231.03,2,4901.00999999999,25.0,1.5549999999998363,-2.4149999999999636
2025-05-19 17:55:00,2025-05-19 18:15:00,Short,3226.92,3229.07,-4.300000000000182,SL Hit,3229.07,2,4896.70999999999,20.0,2.8899999999998727,-1.5199999999999818
2025-05-19 19:55:00,2025-05-20 00:00:00,Short,3227.145714285714,3223.67,24.329999999996744,SL Hit,3223.67,7,4921.039999999986,245.0,6.324285714285907,-8.285714285713766
2025-05-20 04:20:00,2025-05-20 04:25:00,Long,3212.78,3212.78,0.0,SL Hit,3212.78,1,4921.039999999986,5.0,-1.180000000000291,1.7899999999999636
2025-05-20 06:15:00,2025-05-20 06:20:00,Long,3216.6,3216.1599999999994,-0.4400000000005093,SL Hit,3216.1599999999994,1,4920.599999999986,5.0,-2.0799999999999272,2.0799999999999272
2025-05-20 06:25:00,2025-05-20 06:45:00,Long,3215.0,3207.4400000000005,-7.559999999999491,SL Hit,3207.4400000000005,1,4913.039999999986,20.0,-6.300000000000182,0.0500000000001819
2025-05-20 06:45:00,2025-05-20 07:15:00,Short,3209.9,3212.7400000000002,-2.8400000000001455,SL Hit,3212.7400000000002,1,4910.199999999986,30.0,3.3899999999998727,-1.599999999999909
2025-05-20 08:35:00,2025-05-20 10:10:00,Long,3230.34,3233.2,5.719999999999345,SL Hit,3233.2,2,4915.9199999999855,95.0,-6.850000000000364,8.279999999999745
2025-05-20 11:10:00,2025-05-20 12:10:00,Long,3238.005,3236.9,-2.2100000000000364,SL Hit,3236.9,2,4913.7099999999855,60.0,-1.8550000000000182,3.6149999999997817
2025-05-20 13:15:00,2025-05-20 13:55:00,Short,3237.9,3249.780000000001,-11.880000000001019,SL Hit,3249.780000000001,1,4901.8299999999845,40.0,21.960000000000036,-3.0
2025-05-20 13:55:00,2025-05-20 15:05:00,Long,3264.66,3274.5,19.68000000000029,SL Hit,3274.5,2,4921.509999999985,70.0,-19.609999999999673,20.559999999999945
2025-05-20 15:55:00,2025-05-20 16:05:00,Short,3277.8,3281.760000000001,-3.960000000000946,SL Hit,3281.760000000001,1,4917.549999999984,10.0,4.0099999999997635,-0.9900000000002365
2025-05-20 16:15:00,2025-05-20 16:30:00,Long,3280.81,3277.73,-3.0799999999999272,SL Hit,3277.73,1,4914.469999999984,15.0,-3.4299999999998363,1.5399999999999636
2025-05-20 17:15:00,2025-05-20 17:25:00,Long,3280.81,3280.81,0.0,SL Hit,3280.81,1,4914.469999999984,10.0,-0.5099999999997635,4.0300000000002
2025-05-21 00:30:00,2025-05-21 01:15:00,Long,3296.45,3295.010000000001,-1.4399999999986903,SL Hit,3295.010000000001,1,4913.029999999985,45.0,-1.6899999999995998,17.2800000000002
2025-05-21 03:25:00,2025-05-21 04:00:00,Long,3306.69,3305.52,-2.3400000000001455,SL Hit,3305.52,2,4910.689999999985,35.0,-2.599999999999909,2.8299999999999272
2025-05-21 05:00:00,2025-05-21 05:40:00,Short,3301.34,3305.620000000001,-4.280000000000655,SL Hit,3305.620000000001,1,4906.409999999984,40.0,11.179999999999836,-3.2400000000002365
2025-05-21 06:35:00,2025-05-21 07:15:00,Long,3317.41,3311.09,-6.319999999999709,SL Hit,3311.09,1,4900.089999999985,40.0,-7.039999999999964,2.7200000000002547
2025-05-21 07:25:00,2025-05-21 08:35:00,Short,3309.6066666666666,3309.39,0.650000000000091,SL Hit,3309.39,3,4900.739999999985,70.0,5.543333333333521,-5.9066666666667516
2025-05-21 09:30:00,2025-05-21 09:35:00,Long,3310.06,3309.3799999999997,-0.680000000000291,SL Hit,3309.3799999999997,1,4900.059999999985,5.0,-2.1100000000001273,1.7300000000000182
2025-05-21 09:50:00,2025-05-21 10:20:00,Short,3310.615,3313.81,-6.390000000000327,SL Hit,3313.81,2,4893.669999999985,30.0,6.4050000000002,-1.2549999999996544
2025-05-21 13:40:00,2025-05-21 13:50:00,Long,3303.1,3299.6200000000003,-3.4799999999995634,SL Hit,3299.6200000000003,1,4890.189999999985,10.0,-7.210000000000036,3.1399999999998727
2025-05-21 13:50:00,2025-05-21 14:50:00,Short,3301.92,3307.02,-10.199999999999818,SL Hit,3307.02,2,4879.989999999985,60.0,5.369999999999891,-6.0300000000002
2025-05-21 16:15:00,2025-05-21 16:25:00,Long,3312.45,3310.05,-2.399999999999636,SL Hit,3310.05,1,4877.589999999986,10.0,-2.75,0.41000000000030923
2025-05-21 17:35:00,2025-05-21 19:00:00,Short,3312.7333333333336,3315.73,-8.989999999999327,SL Hit,3315.73,3,4868.599999999986,85.0,5.646666666666533,-2.5533333333337396
2025-05-21 19:45:00,2025-05-21 22:00:00,Short,3319.155,3317.72,2.8700000000008004,SL Hit,3317.72,2,4871.469999999987,135.0,4.105000000000018,-6.1550000000002
2025-05-22 03:20:00,2025-05-22 03:45:00,Long,3341.125,3337.67,-6.9099999999998545,SL Hit,3337.67,2,4864.559999999987,25.0,-4.025000000000091,1.9549999999999272
2025-05-22 03:50:00,2025-05-22 04:45:00,Short,3336.51,3337.4,-1.7799999999997453,SL Hit,3337.4,2,4862.779999999987,55.0,1.7099999999995816,-4.110000000000127
2025-05-22 04:50:00,2025-05-22 05:45:00,Long,3337.6949999999997,3335.3,-4.789999999999054,SL Hit,3335.3,2,4857.989999999988,55.0,-7.404999999999745,1.455000000000382
2025-05-22 09:05:00,2025-05-22 09:50:00,Short,3310.065,3309.51,1.1099999999996726,SL Hit,3309.51,2,4859.099999999988,45.0,3.0949999999998,-5.045000000000073
2025-05-22 12:55:00,2025-05-22 13:00:00,Short,3304.23,3308.39,-4.1599999999998545,SL Hit,3308.39,1,4854.939999999988,5.0,7.329999999999927,-1.0399999999999636
2025-05-22 13:10:00,2025-05-22 13:25:00,Long,3311.69,3310.53,-1.1599999999998545,SL Hit,3310.53,1,4853.779999999988,15.0,-1.8200000000001637,3.1799999999998363
2025-05-22 18:40:00,2025-05-22 20:30:00,Short,3294.123333333333,3293.99,0.3999999999996362,SL Hit,3293.99,3,4854.179999999988,110.0,2.616666666666788,-4.80333333333283
2025-05-22 20:35:00,2025-05-23 00:00:00,Long,3296.654,3296.3,-1.7699999999990723,SL Hit,3296.3,5,4852.409999999989,205.0,-4.554000000000087,4.7159999999998945
2025-05-23 02:25:00,2025-05-23 03:30:00,Short,3296.8900000000003,3299.96,-6.139999999999418,SL Hit,3299.96,2,4846.2699999999895,65.0,3.0999999999994543,-5.8400000000001455
2025-05-23 12:35:00,2025-05-23 12:50:00,Long,3353.99,3353.59,-0.3999999999996362,SL Hit,3353.59,1,4845.86999999999,15.0,-3.2399999999997817,5.920000000000073
2025-05-23 13:25:00,2025-05-23 14:15:00,Short,3347.59,3348.39,-1.5999999999994543,SL Hit,3348.39,2,4844.26999999999,50.0,4.699999999999818,-12.480000000000018
2025-05-23 15:55:00,2025-05-23 17:15:00,Long,3359.8266666666664,3357.72,-6.319999999999709,SL Hit,3357.72,3,4837.949999999991,80.0,-2.9566666666664787,4.353333333333467
2025-05-23 19:05:00,2025-05-23 20:25:00,Short,3363.39,3361.4,7.959999999999127,SL Hit,3361.4,4,4845.90999999999,80.0,2.019999999999982,-5.690000000000055
2025-05-26 01:40:00,2025-05-26 03:10:00,Long,3345.2700000000004,3345.88,1.8299999999990177,SL Hit,3345.88,3,4847.739999999989,90.0,-2.710000000000491,10.719999999999345
2025-05-26 03:15:00,2025-05-26 04:10:00,Short,3347.455,3348.79,-2.6700000000000728,SL Hit,3348.79,2,4845.069999999989,55.0,2.9149999999999636,-3.755000000000109
2025-05-26 04:15:00,2025-05-26 04:25:00,Long,3347.4,3347.4,0.0,SL Hit,3347.4,1,4845.069999999989,10.0,-0.16000000000030923,1.4099999999998545
2025-05-26 04:55:00,2025-05-26 05:05:00,Long,3348.87,3348.87,0.0,SL Hit,3348.87,1,4845.069999999989,10.0,-0.9499999999998181,2.4200000000000728
2025-05-26 05:25:00,2025-05-26 10:00:00,Short,3338.0733333333333,3329.22,53.1200000000008,SL Hit,3329.22,6,4898.18999999999,275.0,11.63666666666677,-14.473333333333358
2025-05-26 13:55:00,2025-05-26 14:25:00,Long,3339.025,3337.17,-3.7100000000000364,SL Hit,3337.17,2,4894.47999999999,30.0,-2.4650000000001455,1.7550000000001091
2025-05-26 14:55:00,2025-05-26 15:15:00,Short,3336.49,3338.7299999999996,-2.2399999999997817,SL Hit,3338.7299999999996,1,4892.23999999999,20.0,2.4200000000000728,-0.5599999999999454
2025-05-26 16:05:00,2025-05-26 17:25:00,Long,3340.815,3339.6,-4.860000000000582,SL Hit,3339.6,4,4887.379999999989,80.0,-4.315000000000055,2.2350000000001273
2025-05-26 17:30:00,2025-05-26 17:50:00,Short,3340.915,3341.5,-1.1700000000000728,SL Hit,3341.5,2,4886.209999999989,20.0,0.6849999999999454,-1.7150000000001455
2025-05-26 18:25:00,2025-05-26 23:45:00,Long,3343.9275,3345.3,5.490000000001601,SL Hit,3345.3,4,4891.699999999991,320.0,-2.857499999999618,4.5525000000002365
2025-05-27 00:45:00,2025-05-27 01:05:00,Short,3344.87,3350.3499999999995,-5.479999999999563,SL Hit,3350.3499999999995,1,4886.219999999991,20.0,2.1600000000003092,-3.7199999999998
2025-05-27 01:05:00,2025-05-27 01:15:00,Long,3342.45,3337.250000000001,-5.199999999998909,SL Hit,3337.250000000001,1,4881.019999999992,10.0,-2.649999999999636,1.0
2025-05-27 01:15:00,2025-05-27 02:15:00,Short,3338.3450000000003,3341.05,-5.4099999999998545,SL Hit,3341.05,2,4875.609999999992,60.0,3.9849999999996726,-6.345000000000255
2025-05-27 02:25:00,2025-05-27 02:30:00,Long,3339.45,3338.8500000000013,-0.5999999999985448,SL Hit,3338.8500000000013,1,4875.009999999994,5.0,-1.449999999999818,2.2100000000000364
2025-05-27 02:35:00,2025-05-27 03:45:00,Long,3341.8700000000003,3341.69,-0.5400000000008731,SL Hit,3341.69,3,4874.469999999993,70.0,-2.550000000000182,5.239999999999782
2025-05-27 03:50:00,2025-05-27 06:10:00,Short,3333.45,3328.06,10.779999999999745,SL Hit,3328.06,2,4885.249999999993,140.0,9.070000000000164,-16.2199999999998
2025-05-27 06:15:00,2025-05-27 06:35:00,Long,3324.44,3316.8399999999997,-7.600000000000364,SL Hit,3316.8399999999997,1,4877.649999999992,20.0,-8.289999999999964,1.7799999999997453
2025-05-27 09:35:00,2025-05-27 11:00:00,Short,3295.67,3296.98,-5.239999999999782,SL Hit,3296.98,4,4872.409999999993,85.0,2.9600000000000364,-4.400000000000091
2025-05-27 12:55:00,2025-05-27 13:00:00,Short,3293.31,3296.509999999999,-3.1999999999989086,SL Hit,3296.509999999999,1,4869.209999999994,5.0,4.179999999999836,-0.7999999999997272
2025-05-27 13:10:00,2025-05-27 13:55:00,Long,3300.3500000000004,3294.6,-11.50000000000091,SL Hit,3294.6,2,4857.709999999993,45.0,-8.170000000000528,3.5299999999997453
2025-05-27 14:00:00,2025-05-27 14:35:00,Short,3294.39,3298.34,-7.900000000000546,SL Hit,3298.34,2,4849.809999999992,35.0,5.4900000000002365,-8.009999999999764
2025-05-27 14:55:00,2025-05-27 15:15:00,Long,3300.71,3297.5,-6.420000000000073,SL Hit,3297.5,2,4843.389999999992,20.0,-4.880000000000109,1.9400000000000546
2025-05-27 18:20:00,2025-05-27 18:50:00,Short,3300.885,3303.03,-4.289999999999964,SL Hit,3303.03,2,4839.099999999992,30.0,2.724999999999909,-1.7450000000003456
2025-05-27 20:50:00,2025-05-27 22:25:00,Short,3302.345,3305.12,-5.550000000000182,SL Hit,3305.12,2,4833.549999999992,95.0,2.9350000000004,-4.044999999999618
2025-05-27 23:10:00,2025-05-28 00:55:00,Long,3308.48,3308.9,0.8400000000001455,SL Hit,3308.9,2,4834.389999999992,105.0,-4.579999999999927,7.099999999999909
2025-05-28 07:05:00,2025-05-28 07:35:00,Long,3309.29,3309.8,1.0200000000004366,SL Hit,3309.8,2,4835.409999999993,30.0,-1.7599999999997635,4.720000000000255
2025-05-28 08:25:00,2025-05-28 08:50:00,Short,3317.89,3320.57,-2.680000000000291,SL Hit,3320.57,1,4832.729999999992,25.0,5.3400000000001455,-2.4099999999998545
2025-05-28 13:10:00,2025-05-28 16:10:00,Short,3301.525,3296.45,30.450000000001637,SL Hit,3296.45,6,4863.179999999994,180.0,8.275000000000091,-8.625
2025-05-28 16:40:00,2025-05-28 18:00:00,Short,3295.2400000000002,3298.1,-8.579999999999018,SL Hit,3298.1,3,4854.599999999995,80.0,3.549999999999727,-5.720000000000255
2025-05-28 18:05:00,2025-05-28 19:05:00,Long,3299.83,3299.36,-0.9399999999995998,SL Hit,3299.36,2,4853.659999999995,60.0,-2.730000000000018,2.800000000000182
2025-05-29 03:50:00,2025-05-29 04:05:00,Long,3275.21,3272.9700000000003,-2.2399999999997817,SL Hit,3272.9700000000003,1,4851.4199999999955,15.0,-2.9299999999998363,1.4899999999997817
2025-05-29 04:30:00,2025-05-29 05:55:00,Short,3272.5899999999997,3271.75,3.359999999998763,SL Hit,3271.75,4,4854.779999999994,85.0,2.350000000000364,-6.2599999999997635
2025-05-29 09:20:00,2025-05-29 10:00:00,Short,3280.46,3283.0,-5.079999999999927,SL Hit,3283.0,2,4849.699999999994,40.0,6.329999999999927,-4.130000000000109
2025-05-29 11:00:00,2025-05-29 11:05:00,Long,3296.7,3296.54,-0.15999999999985448,SL Hit,3296.54,1,4849.5399999999945,5.0,-0.29999999999972715,2.5
2025-05-29 13:25:00,2025-05-29 13:40:00,Long,3318.1,3312.94,-5.1599999999998545,SL Hit,3312.94,1,4844.379999999995,15.0,-5.589999999999691,3.680000000000291
2025-05-29 14:35:00,2025-05-29 15:05:00,Short,3310.24,3315.5999999999985,-5.359999999998763,SL Hit,3315.5999999999985,1,4839.019999999996,30.0,6.5600000000004,-4.989999999999782
2025-05-29 15:40:00,2025-05-29 16:45:00,Long,3320.306666666667,3324.3,11.980000000000018,SL Hit,3324.3,3,4850.999999999996,65.0,-5.38666666666677,9.943333333333157
2025-05-29 17:35:00,2025-05-29 20:25:00,Short,3319.7825000000003,3316.74,12.170000000001892,SL Hit,3316.74,4,4863.169999999998,170.0,5.617499999999836,-5.482500000000073
2025-05-29 22:05:00,2025-05-29 22:10:00,Long,3316.2,3315.8,-0.3999999999996362,SL Hit,3315.8,1,4862.769999999999,5.0,-1.199999999999818,1.4600000000000364
2025-05-29 22:15:00,2025-05-29 23:25:00,Short,3315.495,3315.52,-0.1000000000003638,SL Hit,3315.52,4,4862.669999999998,70.0,2.1950000000001637,-3.0949999999998
2025-05-30 00:25:00,2025-05-30 01:00:00,Short,3312.62,3313.8,-2.360000000000582,SL Hit,3313.8,2,4860.309999999998,35.0,2.1100000000001273,-3.619999999999891
2025-05-30 01:05:00,2025-05-30 01:45:00,Long,3312.62,3310.0999999999995,-2.5200000000004366,SL Hit,3310.0999999999995,1,4857.789999999997,40.0,-2.980000000000018,9.590000000000146
2025-05-30 02:00:00,2025-05-30 05:00:00,Short,3301.7259999999997,3295.3,32.12999999999738,SL Hit,3295.3,5,4889.919999999995,180.0,10.154000000000451,-10.14599999999973
2025-05-30 05:10:00,2025-05-30 05:35:00,Short,3292.08,3299.3999999999996,-7.319999999999709,SL Hit,3299.3999999999996,1,4882.599999999995,25.0,7.610000000000127,-1.8299999999999272
2025-05-30 07:05:00,2025-05-30 08:05:00,Short,3294.9300000000003,3296.91,-5.93999999999869,SL Hit,3296.91,3,4876.659999999996,60.0,4.019999999999527,-6.160000000000309
2025-05-30 08:10:00,2025-05-30 09:30:00,Long,3294.9500000000003,3293.9,-3.1500000000005457,SL Hit,3293.9,3,4873.509999999996,80.0,-2.5200000000004366,3.869999999999891
2025-05-30 10:35:00,2025-05-30 12:10:00,Short,3294.08,3294.21,-0.3900000000003274,SL Hit,3294.21,3,4873.119999999995,95.0,11.7800000000002,-6.799999999999727
2025-05-30 15:20:00,2025-05-30 16:30:00,Long,3287.6549999999997,3286.6,-2.1099999999996726,SL Hit,3286.6,2,4871.009999999996,70.0,-3.274999999999636,4.8650000000002365
2025-06-01 23:50:00,2025-06-02 00:10:00,Short,3311.11,3319.9500000000003,-8.840000000000146,SL Hit,3319.9500000000003,1,4862.1699999999955,20.0,3.150000000000091,-2.6100000000001273
2025-06-02 00:10:00,2025-06-02 00:20:00,Long,3311.55,3311.55,0.0,SL Hit,3311.55,1,4862.1699999999955,10.0,-1.3500000000003638,2.7100000000000364
2025-06-02 03:00:00,2025-06-02 03:55:00,Short,3306.0,3308.09,-4.180000000000291,SL Hit,3308.09,2,4857.989999999995,55.0,2.5,-2.7100000000000364
2025-06-02 05:40:00,2025-06-02 08:25:00,Long,3343.495,3351.03,30.140000000001237,SL Hit,3351.03,4,4888.1299999999965,165.0,-24.234999999999673,14.865000000000236
2025-06-02 08:30:00,2025-06-02 10:20:00,Short,3350.706666666667,3348.97,5.210000000001401,SL Hit,3348.97,3,4893.339999999998,110.0,4.61333333333323,-5.856666666667024
2025-06-02 12:10:00,2025-06-02 12:20:00,Short,3358.36,3360.9600000000005,-2.600000000000364,SL Hit,3360.9600000000005,1,4890.739999999998,10.0,4.190000000000055,-1.25
2025-06-02 12:20:00,2025-06-02 13:00:00,Long,3359.39,3355.07,-4.319999999999709,SL Hit,3355.07,1,4886.419999999998,40.0,-5.309999999999945,3.800000000000182
2025-06-02 13:15:00,2025-06-02 13:35:00,Short,3355.7,3357.42,-3.4400000000005093,SL Hit,3357.42,2,4882.979999999998,20.0,3.980000000000018,-3.949999999999818
2025-06-02 14:25:00,2025-06-02 16:10:00,Long,3374.486666666666,3372.74,-5.239999999999327,SL Hit,3372.74,3,4877.739999999998,105.0,-3.756666666666206,4.543333333333976
2025-06-02 16:15:00,2025-06-02 17:10:00,Short,3373.125,3374.9,-3.550000000000182,SL Hit,3374.9,2,4874.189999999998,55.0,2.2950000000000728,-3.775000000000091
2025-06-02 17:55:00,2025-06-02 18:00:00,Long,3373.65,3372.3699999999994,-1.2800000000006548,SL Hit,3372.3699999999994,1,4872.909999999997,5.0,-2.550000000000182,0.6900000000000546
2025-06-02 18:30:00,2025-06-02 18:40:00,Short,3371.8,3373.88,-2.0799999999999272,SL Hit,3373.88,1,4870.829999999997,10.0,5.279999999999745,-0.5199999999999818
2025-06-02 20:50:00,2025-06-02 20:55:00,Long,3381.91,3380.99,-0.9200000000000728,SL Hit,3380.99,1,4869.909999999997,5.0,-2.1099999999996726,0.6000000000003638
