Entry Time,Exit Time,Direction,Entry Price,Exit Price,PnL,Exit Reason,SL Price,Units,Cumulative PnL,Duration,MAE,MFE
2023-06-14 00:35:00,2023-06-14 00:45:00,Long,1945.0349999999999,1944.2,-1.669999999999618,SL Hit,1944.2,2,-1.669999999999618,10.0,-1.2349999999999,0.25500000000010914
2023-06-14 00:50:00,2023-06-14 01:10:00,Short,1945.06,1945.2400000000002,-0.18000000000029104,SL Hit,1945.2400000000002,1,-1.849999999999909,20.0,0.6200000000001182,-0.9099999999998545
2023-06-14 01:45:00,2023-06-14 03:20:00,Long,1946.6375,1946.75,0.4499999999998181,SL Hit,1946.75,4,-1.400000000000091,95.0,-0.8875000000000455,1.1324999999999363
2023-06-14 05:20:00,2023-06-14 07:20:00,Short,1946.915,1946.61,1.2200000000002547,SL Hit,1946.61,4,-0.1799999999998363,120.0,1.5350000000000819,-2.115000000000009
2023-06-14 08:50:00,2023-06-14 09:45:00,Long,1950.915,1950.9,-0.05999999999949068,SL Hit,1950.9,4,-0.23999999999932697,55.0,-1.615000000000009,1.8450000000000273
2023-06-14 10:55:00,2023-06-14 11:55:00,Short,1947.1499999999999,1946.66,1.9599999999991269,SL Hit,1946.66,4,1.7199999999998,60.0,1.5900000000001455,-1.849999999999909
2023-06-14 15:55:00,2023-06-14 16:00:00,Short,1956.29,1956.3049999999998,-0.01499999999987267,SL Hit,1956.3049999999998,1,1.7049999999999272,5.0,0.11000000000012733,-0.6900000000000546
2023-06-14 18:40:00,2023-06-14 19:30:00,Long,1947.6799999999998,1943.59,-8.179999999999836,SL Hit,1943.59,2,-6.474999999999909,50.0,-4.129999999999882,4.920000000000073
2023-06-14 19:35:00,2023-06-14 19:45:00,Short,1945.95,1945.95,0.0,SL Hit,1945.95,1,-6.474999999999909,10.0,0.15999999999985448,-1.6600000000000819
2023-06-14 22:55:00,2023-06-14 23:30:00,Short,1944.02,1944.1549999999997,-0.13499999999976353,SL Hit,1944.1549999999997,1,-6.609999999999673,35.0,1.1100000000001273,-2.019999999999982
2023-06-14 23:35:00,2023-06-14 23:40:00,Long,1944.28,1944.28,0.0,SL Hit,1944.28,1,-6.609999999999673,5.0,-0.37999999999988177,0.6200000000001182
2023-06-15 05:35:00,2023-06-15 06:30:00,Long,1935.14,1934.7199999999998,-0.42000000000030013,SL Hit,1934.7199999999998,1,-7.029999999999973,55.0,-1.9800000000000182,4.339999999999918
2023-06-15 08:10:00,2023-06-15 08:20:00,Long,1933.4250000000002,1932.3,-2.2500000000004547,SL Hit,1932.3,2,-9.280000000000427,10.0,-2.4850000000001273,0.724999999999909
2023-06-15 11:00:00,2023-06-15 12:15:00,Short,1930.9250000000002,1929.67,2.5100000000002183,SL Hit,1929.67,2,-6.770000000000209,75.0,2.7849999999998545,-3.3850000000002183
2023-06-15 12:40:00,2023-06-15 15:15:00,Long,1941.3000000000002,1952.22,21.83999999999969,SL Hit,1952.22,2,15.069999999999482,155.0,-12.290000000000191,18.159999999999854
2023-06-15 17:25:00,2023-06-15 17:30:00,Short,1958.44,1958.935,-0.49499999999989086,SL Hit,1958.935,1,14.57499999999959,5.0,0.5,-0.5900000000001455
2023-06-15 18:00:00,2023-06-15 18:05:00,Long,1958.75,1958.75,0.0,SL Hit,1958.75,1,14.57499999999959,5.0,-1.150000000000091,0.6099999999999
2023-06-15 18:10:00,2023-06-15 19:00:00,Short,1957.795,1958.22,-0.849999999999909,SL Hit,1958.22,2,13.724999999999682,50.0,0.6649999999999636,-1.0950000000000273
2023-06-15 19:05:00,2023-06-15 19:20:00,Long,1957.96,1957.96,0.0,SL Hit,1957.96,1,13.724999999999682,15.0,-0.8600000000001273,0.75
2023-06-15 19:30:00,2023-06-15 20:20:00,Long,1958.51,1957.5,-3.0299999999999727,SL Hit,1957.5,3,10.694999999999709,50.0,-1.3099999999999454,1.0499999999999545
2023-06-15 20:30:00,2023-06-15 20:50:00,Short,1957.95,1957.95,0.0,SL Hit,1957.95,1,10.694999999999709,20.0,0.03999999999996362,-1.0499999999999545
2023-06-15 22:45:00,2023-06-15 22:50:00,Long,1957.9,1957.8399999999997,-0.06000000000040018,SL Hit,1957.8399999999997,1,10.634999999999309,5.0,-0.6000000000001364,0.2599999999999909
2023-06-16 00:10:00,2023-06-16 00:15:00,Long,1958.6,1958.6,0.0,SL Hit,1958.6,1,10.634999999999309,5.0,-0.2699999999999818,0.6700000000000728
2023-06-16 05:05:00,2023-06-16 05:20:00,Short,1955.18,1955.255,-0.07500000000004547,SL Hit,1955.255,1,10.559999999999263,15.0,0.4600000000000364,-1.1800000000000637
2023-06-16 08:35:00,2023-06-16 12:35:00,Long,1963.8225,1964.36,4.299999999999272,SL Hit,1964.36,8,14.859999999998536,240.0,-2.2825000000000273,3.9774999999999636
2023-06-16 14:15:00,2023-06-16 14:40:00,Short,1958.6,1958.6,0.0,SL Hit,1958.6,1,14.859999999998536,25.0,1.7300000000000182,-5.099999999999909
2023-06-16 15:00:00,2023-06-16 15:10:00,Long,1960.44,1959.9299999999998,-0.5100000000002183,SL Hit,1959.9299999999998,1,14.349999999998317,10.0,-1.759999999999991,0.9099999999998545
2023-06-16 15:40:00,2023-06-16 17:00:00,Short,1956.42,1955.49,1.8600000000001273,SL Hit,1955.49,2,16.209999999998445,80.0,1.9600000000000364,-2.7200000000000273
2023-06-16 19:30:00,2023-06-16 20:50:00,Short,1957.44,1957.785,-0.3450000000000273,SL Hit,1957.785,1,15.864999999998417,80.0,0.44000000000005457,-1.9600000000000364
2023-06-19 01:10:00,2023-06-19 01:35:00,Long,1956.46,1956.0700000000002,-0.38999999999987267,SL Hit,1956.0700000000002,1,15.474999999998545,25.0,-0.5099999999999909,1.3999999999998636
2023-06-19 01:45:00,2023-06-19 04:25:00,Short,1955.602,1955.62,-0.08999999999900865,SL Hit,1955.62,5,15.384999999999536,160.0,0.987999999999829,-1.8020000000001346
2023-06-19 05:35:00,2023-06-19 07:55:00,Short,1955.562,1954.57,4.959999999999809,SL Hit,1954.57,5,20.344999999999345,140.0,1.568000000000211,-2.7819999999999254
2023-06-19 10:45:00,2023-06-19 10:50:00,Long,1949.76,1949.5049999999999,-0.25500000000010914,SL Hit,1949.5049999999999,1,20.089999999999236,5.0,-0.9600000000000364,0.6300000000001091
2023-06-19 11:40:00,2023-06-19 12:10:00,Short,1948.6533333333334,1949.07,-1.2499999999995453,SL Hit,1949.07,3,18.83999999999969,30.0,0.9566666666664787,-0.8533333333334667
2023-06-19 13:05:00,2023-06-19 13:15:00,Long,1951.72,1951.21,-0.5099999999999909,SL Hit,1951.21,1,18.3299999999997,10.0,-0.5199999999999818,0.6399999999998727
2023-06-19 14:10:00,2023-06-19 14:25:00,Short,1951.65,1951.65,0.0,SL Hit,1951.65,1,18.3299999999997,15.0,0.34999999999990905,-0.8700000000001182
2023-06-19 18:05:00,2023-06-19 18:20:00,Short,1949.675,1949.83,-0.30999999999994543,SL Hit,1949.83,2,18.019999999999754,15.0,0.4149999999999636,-0.974999999999909
2023-06-19 23:35:00,2023-06-19 23:55:00,Short,1951.36,1951.5100000000002,-0.15000000000031832,SL Hit,1951.5100000000002,1,17.869999999999436,20.0,0.9600000000000364,-0.2999999999999545
2023-06-20 04:10:00,2023-06-20 04:20:00,Short,1950.18,1950.315,-0.1349999999999909,SL Hit,1950.315,1,17.734999999999445,10.0,0.14999999999986358,-1.0800000000001546
2023-06-20 08:30:00,2023-06-20 09:05:00,Short,1953.7199999999998,1954.01,-0.580000000000382,SL Hit,1954.01,2,17.154999999999063,35.0,0.540000000000191,-1.6199999999998909
2023-06-20 10:20:00,2023-06-20 11:00:00,Short,1951.2649999999999,1952.66,-2.7900000000004184,SL Hit,1952.66,2,14.364999999998645,40.0,2.0850000000000364,-1.1649999999999636
2023-06-20 11:30:00,2023-06-20 12:05:00,Short,1951.71,1952.025,-0.31500000000005457,SL Hit,1952.025,1,14.04999999999859,35.0,0.7799999999999727,-1.3199999999999363
2023-06-20 16:55:00,2023-06-20 17:00:00,Long,1937.29,1937.29,0.0,SL Hit,1937.29,1,14.04999999999859,5.0,-0.09999999999990905,0.5299999999999727
2023-06-20 19:15:00,2023-06-20 19:20:00,Long,1936.5,1936.395,-0.10500000000001819,SL Hit,1936.395,1,13.944999999998572,5.0,-0.42000000000007276,0.6900000000000546
2023-06-20 20:45:00,2023-06-20 20:55:00,Short,1935.9,1935.9,0.0,SL Hit,1935.9,1,13.944999999998572,10.0,0.09999999999990905,-0.5600000000001728
2023-06-20 22:05:00,2023-06-20 22:55:00,Long,1936.7233333333334,1936.0,-2.1700000000000728,SL Hit,1936.0,3,11.7749999999985,50.0,-1.2233333333333576,1.2566666666666606
2023-06-20 23:45:00,2023-06-21 00:20:00,Short,1937.6,1937.9,-0.3000000000001819,SL Hit,1937.9,1,11.474999999998317,35.0,0.43000000000006366,-1.699999999999818
2023-06-21 01:15:00,2023-06-21 01:30:00,Short,1937.27,1937.38,-0.22000000000025466,SL Hit,1937.38,2,11.254999999998063,15.0,0.30999999999994543,-1.009999999999991
2023-06-21 02:50:00,2023-06-21 05:35:00,Short,1936.3380000000002,1936.27,0.340000000001055,SL Hit,1936.27,5,11.594999999999118,165.0,1.4019999999998163,-2.068000000000211
2023-06-21 05:40:00,2023-06-21 05:55:00,Long,1936.29,1935.105,-1.1849999999999454,SL Hit,1935.105,1,10.409999999999172,15.0,-1.5899999999999181,0.39000000000010004
2023-06-21 08:30:00,2023-06-21 08:50:00,Short,1934.38,1935.18,-1.599999999999909,SL Hit,1935.18,2,8.809999999999263,20.0,1.3999999999998636,-0.6700000000000728
2023-06-21 09:15:00,2023-06-21 09:20:00,Short,1933.12,1933.5550000000003,-0.4350000000004002,SL Hit,1933.5550000000003,1,8.374999999998863,5.0,1.0100000000002183,-0.9499999999998181
2023-06-21 09:30:00,2023-06-21 12:15:00,Long,1934.39,1933.9,-2.4500000000000455,SL Hit,1933.9,5,5.924999999998818,165.0,-2.1900000000000546,1.2799999999999727
2023-06-21 13:10:00,2023-06-21 13:15:00,Short,1927.26,1927.9650000000001,-0.7050000000001546,SL Hit,1927.9650000000001,1,5.219999999998663,5.0,0.8099999999999454,-0.8799999999998818
2023-06-21 15:50:00,2023-06-21 16:15:00,Long,1931.565,1930.86,-1.4100000000003092,SL Hit,1930.86,2,3.809999999998354,25.0,-0.7850000000000819,1.7349999999999
2023-06-21 17:50:00,2023-06-21 17:55:00,Long,1934.53,1934.3500000000001,-0.1799999999998363,SL Hit,1934.3500000000001,1,3.6299999999985175,5.0,-0.3999999999998636,0.5299999999999727
2023-06-21 20:20:00,2023-06-21 22:00:00,Short,1932.4666666666665,1932.73,-0.7900000000006457,SL Hit,1932.73,3,2.839999999997872,100.0,0.7033333333336032,-0.6366666666665424
2023-06-21 22:10:00,2023-06-21 22:15:00,Long,1932.68,1932.68,0.0,SL Hit,1932.68,1,2.839999999997872,5.0,-0.5800000000001546,0.5599999999999454
2023-06-21 23:00:00,2023-06-21 23:25:00,Short,1933.5,1933.59,-0.08999999999991815,SL Hit,1933.59,1,2.7499999999979536,25.0,0.39000000000010004,-1.2999999999999545
2023-06-22 01:05:00,2023-06-22 01:15:00,Short,1932.76,1932.895,-0.1349999999999909,SL Hit,1932.895,1,2.6149999999979627,10.0,0.4600000000000364,-0.8599999999999
2023-06-22 04:45:00,2023-06-22 05:55:00,Short,1929.9,1930.05,-0.29999999999972715,SL Hit,1930.05,2,2.3149999999982356,70.0,1.3399999999999181,-2.0
2023-06-22 11:30:00,2023-06-22 11:50:00,Short,1927.4,1927.4,0.0,SL Hit,1927.4,1,2.3149999999982356,20.0,0.14999999999986358,-2.1100000000001273
2023-06-22 15:25:00,2023-06-22 16:00:00,Short,1914.0900000000001,1915.16,-2.1399999999998727,SL Hit,1915.16,2,0.1749999999983629,35.0,1.2899999999999636,-1.6900000000000546
2023-06-22 16:10:00,2023-06-22 17:05:00,Long,1914.27,1913.7150000000001,-0.5549999999998363,SL Hit,1913.7150000000001,1,-0.3800000000014734,55.0,-0.6399999999998727,3.1200000000001182
2023-06-22 17:50:00,2023-06-22 18:00:00,Long,1915.33,1915.24,-0.08999999999991815,SL Hit,1915.24,1,-0.4700000000013915,10.0,-0.4299999999998363,1.1300000000001091
2023-06-22 19:05:00,2023-06-22 19:20:00,Long,1914.95,1914.62,-0.3300000000001546,SL Hit,1914.62,1,-0.8000000000015461,15.0,-0.6600000000000819,0.2899999999999636
2023-06-22 20:20:00,2023-06-22 22:00:00,Short,1913.8400000000001,1914.04,-0.3999999999996362,SL Hit,1914.04,2,-1.2000000000011823,100.0,0.2999999999999545,-1.3800000000001091
2023-06-23 02:50:00,2023-06-23 03:15:00,Short,1911.23,1911.23,0.0,SL Hit,1911.23,1,-1.2000000000011823,25.0,0.31999999999993634,-1.0299999999999727
2023-06-23 06:55:00,2023-06-23 07:00:00,Short,1913.8,1914.1,-0.2999999999999545,SL Hit,1914.1,1,-1.5000000000011369,5.0,0.2999999999999545,-1.2000000000000455
2023-06-23 08:40:00,2023-06-23 08:50:00,Long,1919.24,1918.895,-0.3450000000000273,SL Hit,1918.895,1,-1.8450000000011642,10.0,-0.7300000000000182,0.6800000000000637
2023-06-23 09:15:00,2023-06-23 09:20:00,Short,1917.84,1917.84,0.0,SL Hit,1917.84,1,-1.8450000000011642,5.0,0.8100000000001728,-0.6999999999998181
2023-06-23 12:15:00,2023-06-23 12:30:00,Long,1919.4,1919.4,0.0,SL Hit,1919.4,1,-1.8450000000011642,15.0,-0.14000000000010004,4.279999999999973
2023-06-23 13:50:00,2023-06-23 14:00:00,Long,1934.6,1931.915,-2.6849999999999454,SL Hit,1931.915,1,-4.53000000000111,10.0,-4.269999999999982,1.9700000000000273
2023-06-23 16:35:00,2023-06-23 17:30:00,Short,1919.6399999999999,1920.41,-1.5400000000004184,SL Hit,1920.41,2,-6.070000000001528,55.0,1.4300000000000637,-1.709999999999809
2023-06-23 17:50:00,2023-06-23 18:00:00,Long,1920.09,1919.715,-0.375,SL Hit,1919.715,1,-6.445000000001528,10.0,-0.3999999999998636,0.7000000000000455
2023-06-23 18:05:00,2023-06-23 18:35:00,Long,1919.89,1919.4399999999998,-0.45000000000027285,SL Hit,1919.4399999999998,1,-6.895000000001801,30.0,-1.290000000000191,0.2899999999999636
2023-06-23 19:05:00,2023-06-23 19:40:00,Long,1920.46,1919.3,-2.3200000000001637,SL Hit,1919.3,2,-9.215000000001965,35.0,-1.2100000000000364,0.7000000000000455
2023-06-23 19:45:00,2023-06-23 20:50:00,Short,1919.86,1919.86,0.0,SL Hit,1919.86,1,-9.215000000001965,65.0,1.259999999999991,-1.259999999999991
2023-06-25 23:20:00,2023-06-25 23:25:00,Long,1924.45,1924.225,-0.22500000000013642,SL Hit,1924.225,1,-9.440000000002101,5.0,-0.8500000000001364,0.2899999999999636
2023-06-25 23:55:00,2023-06-26 00:00:00,Long,1924.88,1924.88,0.0,SL Hit,1924.88,1,-9.440000000002101,5.0,-0.20000000000004547,0.9399999999998272
2023-06-26 01:25:00,2023-06-26 01:55:00,Long,1926.6,1925.4,-1.199999999999818,SL Hit,1925.4,1,-10.640000000001919,30.0,-1.2899999999999636,1.7300000000000182
2023-06-26 02:05:00,2023-06-26 02:25:00,Short,1925.0,1926.3049999999998,-1.3049999999998363,SL Hit,1926.3049999999998,1,-11.945000000001755,20.0,1.509999999999991,-0.31999999999993634
2023-06-26 03:30:00,2023-06-26 03:50:00,Long,1925.72,1925.1,-1.2400000000002365,SL Hit,1925.1,2,-13.185000000001992,20.0,-0.9200000000000728,0.9200000000000728
2023-06-26 04:10:00,2023-06-26 04:25:00,Short,1925.02,1925.0949999999998,-0.0749999999998181,SL Hit,1925.0949999999998,1,-13.26000000000181,15.0,0.12000000000011823,-1.4200000000000728
2023-06-26 08:00:00,2023-06-26 09:10:00,Long,1930.21,1931.1,1.7799999999997453,SL Hit,1931.1,2,-11.480000000002065,70.0,-1.3299999999999272,2.8799999999998818
2023-06-26 09:55:00,2023-06-26 10:05:00,Short,1929.96,1930.365,-0.4049999999999727,SL Hit,1930.365,1,-11.885000000002037,10.0,1.3199999999999363,-0.6600000000000819
2023-06-26 11:25:00,2023-06-26 11:35:00,Short,1931.8,1932.04,-0.2400000000000091,SL Hit,1932.04,1,-12.125000000002046,10.0,0.5599999999999454,-0.4800000000000182
2023-06-26 11:40:00,2023-06-26 11:50:00,Long,1932.05,1931.4950000000001,-0.5549999999998363,SL Hit,1931.4950000000001,1,-12.680000000001883,10.0,-0.6599999999998545,0.2400000000000091
2023-06-26 12:05:00,2023-06-26 12:30:00,Short,1931.305,1932.31,-2.0099999999997635,SL Hit,1932.31,2,-14.690000000001646,25.0,1.2649999999998727,-1.4450000000001637
2023-06-26 15:10:00,2023-06-26 15:55:00,Long,1926.3899999999999,1926.2,-0.3799999999996544,SL Hit,1926.2,2,-15.0700000000013,45.0,-2.4899999999997817,1.9500000000000455
2023-06-26 16:45:00,2023-06-26 17:45:00,Short,1923.9133333333332,1924.21,-0.8900000000005548,SL Hit,1924.21,3,-15.960000000001855,60.0,1.0166666666668789,-1.2133333333331393
2023-06-26 19:25:00,2023-06-26 19:55:00,Short,1922.73,1923.045,-0.31500000000005457,SL Hit,1923.045,1,-16.27500000000191,30.0,0.38999999999987267,-1.1300000000001091
2023-06-26 22:40:00,2023-06-26 23:00:00,Long,1923.87,1922.8650000000002,-1.0049999999996544,SL Hit,1922.8650000000002,1,-17.280000000001564,20.0,-1.25,0.7300000000000182
2023-06-27 00:25:00,2023-06-27 00:40:00,Long,1922.53,1922.53,0.0,SL Hit,1922.53,1,-17.280000000001564,15.0,-0.12999999999988177,1.990000000000009
2023-06-27 01:20:00,2023-06-27 03:30:00,Long,1926.823333333333,1928.11,3.860000000000582,SL Hit,1928.11,3,-13.420000000000982,130.0,-2.4533333333331484,3.2166666666669244
2023-06-27 03:55:00,2023-06-27 04:00:00,Short,1928.55,1928.55,0.0,SL Hit,1928.55,1,-13.420000000000982,5.0,0.03999999999996362,-0.9500000000000455
2023-06-27 18:00:00,2023-06-27 18:20:00,Short,1912.02,1912.1699999999998,-0.14999999999986358,SL Hit,1912.1699999999998,1,-13.570000000000846,20.0,1.2899999999999636,-1.4200000000000728
2023-06-27 23:45:00,2023-06-28 00:10:00,Long,1915.32,1915.0950000000003,-0.22499999999968168,SL Hit,1915.0950000000003,1,-13.795000000000528,25.0,-0.31999999999993634,0.8200000000001637
2023-06-28 00:40:00,2023-06-28 00:55:00,Short,1915.46,1915.73,-0.2699999999999818,SL Hit,1915.73,1,-14.06500000000051,15.0,0.5399999999999636,-0.5599999999999454
2023-06-28 01:45:00,2023-06-28 01:50:00,Long,1915.47,1915.47,0.0,SL Hit,1915.47,1,-14.06500000000051,5.0,-0.7000000000000455,0.5099999999999909
2023-06-28 06:40:00,2023-06-28 08:55:00,Short,1910.765,1910.19,2.300000000000182,SL Hit,1910.19,4,-11.765000000000327,135.0,1.584999999999809,-2.9650000000001455
2023-06-28 09:00:00,2023-06-28 09:25:00,Long,1909.65,1909.4099999999999,-0.24000000000023647,SL Hit,1909.4099999999999,1,-12.005000000000564,25.0,-1.050000000000182,1.9199999999998454
2023-06-28 12:25:00,2023-06-28 12:45:00,Short,1906.71,1907.78,-2.1399999999998727,SL Hit,1907.78,2,-14.145000000000437,20.0,1.5499999999999545,-0.9200000000000728
2023-06-28 13:30:00,2023-06-28 13:40:00,Long,1908.88,1907.4250000000002,-1.4549999999999272,SL Hit,1907.4250000000002,1,-15.600000000000364,10.0,-4.040000000000191,1.8199999999999363
2023-06-28 14:50:00,2023-06-28 15:00:00,Short,1906.94,1907.345,-0.4049999999999727,SL Hit,1907.345,1,-16.005000000000337,10.0,1.3899999999998727,-1.400000000000091
2023-06-28 15:20:00,2023-06-28 17:35:00,Long,1911.1275,1912.23,4.4099999999998545,SL Hit,1912.23,4,-11.595000000000482,135.0,-2.087500000000091,2.1224999999999454
2023-06-28 19:00:00,2023-06-28 22:05:00,Short,1910.1625000000001,1909.41,3.0100000000002183,SL Hit,1909.41,4,-8.585000000000264,185.0,2.0874999999998636,-3.4925000000000637
2023-06-28 23:10:00,2023-06-28 23:30:00,Long,1910.01,1909.4099999999999,-0.6000000000001364,SL Hit,1909.4099999999999,1,-9.1850000000004,20.0,-0.8099999999999454,0.5499999999999545
2023-06-29 00:00:00,2023-06-29 00:55:00,Short,1909.155,1909.18,-0.0500000000001819,SL Hit,1909.18,2,-9.235000000000582,55.0,0.8550000000000182,-1.7549999999998818
2023-06-29 02:45:00,2023-06-29 03:50:00,Short,1904.825,1904.83,-0.009999999999763531,SL Hit,1904.83,2,-9.245000000000346,65.0,1.125,-2.3250000000000455
2023-06-29 04:15:00,2023-06-29 04:20:00,Long,1904.76,1904.325,-0.43499999999994543,SL Hit,1904.325,1,-9.680000000000291,5.0,-0.7599999999999909,0.4800000000000182
2023-06-29 05:20:00,2023-06-29 05:30:00,Short,1904.16,1904.34,-0.1799999999998363,SL Hit,1904.34,1,-9.860000000000127,10.0,0.5299999999999727,-0.9300000000000637
2023-06-29 11:45:00,2023-06-29 12:00:00,Short,1910.14,1910.3049999999998,-0.16499999999973625,SL Hit,1910.3049999999998,1,-10.024999999999864,15.0,0.5,-0.44000000000005457
2023-06-29 12:25:00,2023-06-29 12:30:00,Long,1909.8,1909.8,0.0,SL Hit,1909.8,1,-10.024999999999864,5.0,-9.049999999999955,1.7100000000000364
2023-06-29 14:50:00,2023-06-29 15:50:00,Long,1910.455,1909.04,-2.8299999999999272,SL Hit,1909.04,2,-12.85499999999979,60.0,-2.0549999999998363,2.5450000000000728
2023-06-29 16:55:00,2023-06-29 17:00:00,Long,1909.54,1909.3300000000002,-0.209999999999809,SL Hit,1909.3300000000002,1,-13.0649999999996,5.0,-0.4600000000000364,0.7699999999999818
2023-06-29 18:05:00,2023-06-29 18:30:00,Short,1907.35,1908.325,-0.9750000000001364,SL Hit,1908.325,1,-14.039999999999736,25.0,0.9900000000000091,-1.0499999999999545
2023-06-30 01:10:00,2023-06-30 01:15:00,Long,1909.02,1908.105,-0.9149999999999636,SL Hit,1908.105,1,-14.9549999999997,5.0,-1.1199999999998909,0.38000000000010914
2023-06-30 05:10:00,2023-06-30 05:15:00,Long,1908.32,1907.96,-0.35999999999989996,SL Hit,1907.96,1,-15.3149999999996,5.0,-0.8199999999999363,0.37000000000011823
2023-06-30 12:30:00,2023-06-30 16:40:00,Long,1913.9466666666667,1917.42,31.26000000000022,SL Hit,1917.42,9,15.945000000000618,250.0,-7.716666666666697,6.3433333333332484
2023-06-30 20:20:00,2023-06-30 20:35:00,Short,1918.42,1918.45,-0.029999999999972715,SL Hit,1918.45,1,15.915000000000646,15.0,0.1899999999998272,-0.9200000000000728
2023-07-02 20:00:00,2023-07-02 22:00:00,Long,1918.835,1919.1,0.5299999999997453,SL Hit,1919.1,2,16.44500000000039,120.0,-0.48500000000012733,0.8150000000000546
2023-07-03 02:15:00,2023-07-03 03:35:00,Short,1916.75,1916.9900000000002,-0.24000000000023647,SL Hit,1916.9900000000002,1,16.205000000000155,80.0,0.2899999999999636,-2.650000000000091
2023-07-03 04:15:00,2023-07-03 05:25:00,Long,1919.1399999999999,1918.6,-1.0799999999999272,SL Hit,1918.6,2,15.125000000000227,70.0,-0.7399999999997817,1.3300000000001546
2023-07-03 05:35:00,2023-07-03 06:55:00,Short,1917.3966666666668,1914.98,7.250000000000227,SL Hit,1914.98,3,22.375000000000455,80.0,2.6733333333331757,-3.876666666666779
2023-07-03 10:15:00,2023-07-03 10:20:00,Short,1912.7,1912.7150000000001,-0.015000000000100044,SL Hit,1912.7150000000001,1,22.360000000000355,5.0,0.06999999999993634,-0.650000000000091
2023-07-03 11:50:00,2023-07-03 12:10:00,Short,1912.83,1913.35,-1.0399999999999636,SL Hit,1913.35,2,21.32000000000039,20.0,0.7400000000000091,-1.0699999999999363
2023-07-03 17:40:00,2023-07-03 18:10:00,Short,1921.36,1921.4650000000001,-0.10500000000024556,SL Hit,1921.4650000000001,1,21.215000000000146,30.0,0.3300000000001546,-0.8599999999999
2023-07-03 20:05:00,2023-07-03 20:10:00,Short,1921.06,1921.09,-0.029999999999972715,SL Hit,1921.09,1,21.185000000000173,5.0,0.19000000000005457,-0.9600000000000364
2023-07-03 20:35:00,2023-07-03 20:55:00,Long,1921.3166666666666,1920.5,-2.449999999999818,SL Hit,1920.5,3,18.735000000000355,20.0,-0.816666666666606,0.2233333333333576
2023-07-03 22:45:00,2023-07-03 23:45:00,Short,1920.9800000000002,1920.89,0.27000000000043656,SL Hit,1920.89,3,19.00500000000079,60.0,0.4999999999997726,-1.0800000000001546
2023-07-04 04:55:00,2023-07-04 05:10:00,Long,1923.685,1923.7,0.03000000000020009,SL Hit,1923.7,2,19.03500000000099,15.0,-0.20499999999992724,0.8550000000000182
2023-07-04 07:05:00,2023-07-04 07:10:00,Long,1926.65,1926.65,0.0,SL Hit,1926.65,1,19.03500000000099,5.0,-0.40000000000009095,0.3999999999998636
2023-07-04 07:15:00,2023-07-04 07:20:00,Long,1926.47,1926.47,0.0,SL Hit,1926.47,1,19.03500000000099,5.0,-0.7699999999999818,0.8099999999999454
2023-07-04 10:20:00,2023-07-04 12:00:00,Short,1929.218,1929.32,-0.5099999999993088,SL Hit,1929.32,5,18.525000000001683,100.0,0.6720000000000255,-2.018000000000029
2023-07-04 17:55:00,2023-07-04 18:05:00,Long,1924.88,1924.88,0.0,SL Hit,1924.88,1,18.525000000001683,10.0,-0.6800000000000637,0.5199999999999818
2023-07-04 22:15:00,2023-07-04 22:20:00,Short,1925.16,1925.19,-0.029999999999972715,SL Hit,1925.19,1,18.49500000000171,5.0,0.7400000000000091,-0.3200000000001637
2023-07-05 00:05:00,2023-07-05 00:10:00,Long,1926.14,1926.14,0.0,SL Hit,1926.14,1,18.49500000000171,5.0,-0.9400000000000546,0.34999999999990905
2023-07-05 02:05:00,2023-07-05 02:55:00,Short,1923.65,1924.15,-1.0,SL Hit,1924.15,2,17.49500000000171,50.0,0.9399999999998272,-0.9500000000000455
2023-07-05 04:40:00,2023-07-05 04:45:00,Short,1925.24,1925.315,-0.07500000000004547,Bullish Trade Reversal,1925.315,1,17.420000000001664,5.0,0.43000000000006366,-0.8399999999999181
2023-07-05 04:45:00,2023-07-05 06:00:00,Long,1925.45,1925.15,-1.199999999999818,SL Hit,1925.15,4,16.220000000001846,75.0,-1.0499999999999545,0.8299999999999272
2023-07-05 12:10:00,2023-07-05 12:15:00,Short,1926.56,1927.3249999999998,-0.7649999999998727,SL Hit,1927.3249999999998,1,15.455000000001974,5.0,1.6800000000000637,-0.22000000000002728
2023-07-05 12:20:00,2023-07-05 12:25:00,Long,1927.775,1926.34,-2.8700000000003456,SL Hit,1926.34,2,12.585000000001628,5.0,-1.8450000000000273,0.9949999999998909
2023-07-05 13:15:00,2023-07-05 13:30:00,Long,1931.8000000000002,1928.29,-7.020000000000437,SL Hit,1928.29,2,5.565000000001191,15.0,-3.5700000000001637,3.0299999999997453
2023-07-05 13:35:00,2023-07-05 14:15:00,Short,1926.605,1925.19,2.8299999999999272,SL Hit,1925.19,2,8.395000000001119,40.0,2.4849999999999,-4.144999999999982
2023-07-05 15:50:00,2023-07-05 18:00:00,Short,1921.8,1920.12,5.040000000000191,SL Hit,1920.12,3,13.43500000000131,130.0,2.8700000000001182,-3.2999999999999545
2023-07-05 20:05:00,2023-07-05 20:10:00,Short,1916.35,1916.3649999999998,-0.01499999999987267,SL Hit,1916.3649999999998,1,13.420000000001437,5.0,0.2800000000002001,-0.15999999999985448
2023-07-05 20:55:00,2023-07-05 22:00:00,Short,1914.8,1915.055,-0.25500000000010914,SL Hit,1915.055,1,13.165000000001328,65.0,1.2999999999999545,-0.5
2023-07-05 22:35:00,2023-07-05 22:40:00,Long,1916.5,1916.5,0.0,SL Hit,1916.5,1,13.165000000001328,5.0,-0.40000000000009095,0.7200000000000273
2023-07-06 00:10:00,2023-07-06 00:50:00,Long,1916.92,1916.1,-1.6400000000003274,SL Hit,1916.1,2,11.525000000001,40.0,-1.1200000000001182,0.5599999999999454
2023-07-06 01:55:00,2023-07-06 02:45:00,Long,1918.6,1918.21,-0.7799999999997453,SL Hit,1918.21,2,10.745000000001255,50.0,-0.4699999999997999,1.040000000000191
2023-07-06 03:20:00,2023-07-06 03:25:00,Short,1918.5,1918.53,-0.029999999999972715,SL Hit,1918.53,1,10.715000000001282,5.0,0.6099999999999,-1.0
2023-07-06 07:05:00,2023-07-06 07:10:00,Short,1920.26,1920.26,0.0,SL Hit,1920.26,1,10.715000000001282,5.0,0.13000000000010914,-0.900000000000091
2023-07-06 14:25:00,2023-07-06 14:35:00,Short,1904.66,1904.795,-0.1349999999999909,SL Hit,1904.795,1,10.580000000001291,10.0,1.259999999999991,-1.8100000000001728
2023-07-06 23:45:00,2023-07-07 00:05:00,Short,1911.87,1911.9750000000001,-0.10500000000024556,SL Hit,1911.9750000000001,1,10.475000000001046,20.0,0.3400000000001455,-0.8699999999998909
2023-07-07 00:15:00,2023-07-07 00:20:00,Long,1910.9,1910.9,0.0,Bearish Trade Reversal,1910.9,1,10.475000000001046,5.0,0.0,1.2300000000000182
2023-07-07 00:20:00,2023-07-07 01:30:00,Short,1911.4850000000001,1911.64,-0.30999999999994543,SL Hit,1911.64,2,10.1650000000011,70.0,0.6449999999999818,-1.915000000000191
2023-07-07 02:20:00,2023-07-07 03:00:00,Short,1910.96,1911.1699999999998,-0.209999999999809,SL Hit,1911.1699999999998,1,9.955000000001291,40.0,0.5099999999999909,-1.1900000000000546
2023-07-07 04:00:00,2023-07-07 04:25:00,Short,1910.34,1911.1,-1.5199999999999818,SL Hit,1911.1,2,8.43500000000131,25.0,0.9600000000000364,-0.9399999999998272
2023-07-07 06:45:00,2023-07-07 06:50:00,Long,1914.72,1914.72,0.0,SL Hit,1914.72,1,8.43500000000131,5.0,-1.2200000000000273,0.4500000000000455
2023-07-07 09:40:00,2023-07-07 10:05:00,Long,1915.32,1915.32,0.0,SL Hit,1915.32,1,8.43500000000131,25.0,-0.09999999999990905,1.400000000000091
2023-07-07 11:35:00,2023-07-07 11:50:00,Long,1917.29,1916.4050000000002,-0.8849999999997635,SL Hit,1916.4050000000002,1,7.550000000001546,15.0,-0.9900000000000091,0.36000000000012733
2023-07-07 16:50:00,2023-07-09 22:05:00,Short,1926.49,1925.56,6.510000000000446,SL Hit,1925.56,7,14.060000000001992,3195.0,1.3399999999999181,-2.990000000000009
2023-07-09 23:05:00,2023-07-09 23:45:00,Short,1924.96,1924.96,0.0,SL Hit,1924.96,1,14.060000000001992,40.0,0.21000000000003638,-1.8600000000001273
2023-07-10 01:00:00,2023-07-10 02:30:00,Long,1925.0333333333335,1924.14,-2.680000000000291,SL Hit,1924.14,3,11.3800000000017,90.0,-1.2333333333335759,1.7566666666664332
2023-07-10 02:55:00,2023-07-10 03:05:00,Long,1924.74,1924.71,-0.029999999999972715,SL Hit,1924.71,1,11.350000000001728,10.0,-0.2899999999999636,0.7400000000000091
2023-07-10 07:50:00,2023-07-10 07:55:00,Long,1925.0,1924.8500000000001,-0.14999999999986358,SL Hit,1924.8500000000001,1,11.200000000001864,5.0,-0.30999999999994543,0.6199999999998909
2023-07-10 08:05:00,2023-07-10 08:45:00,Short,1924.22,1924.685,-0.46499999999991815,SL Hit,1924.685,1,10.735000000001946,40.0,0.5399999999999636,-1.5499999999999545
2023-07-10 09:45:00,2023-07-10 10:00:00,Short,1923.45,1923.7800000000002,-0.3300000000001546,SL Hit,1923.7800000000002,1,10.405000000001792,15.0,0.38999999999987267,-0.6400000000001
2023-07-10 10:15:00,2023-07-10 10:20:00,Short,1923.69,1924.02,-0.32999999999992724,Bullish Trade Reversal,1924.02,1,10.075000000001864,5.0,0.599999999999909,-0.18000000000006366
2023-07-10 10:20:00,2023-07-10 12:10:00,Long,1923.89,1923.79,-0.4000000000005457,SL Hit,1923.79,4,9.675000000001319,110.0,-1.1400000000001,1.7199999999998
2023-07-10 15:35:00,2023-07-10 15:50:00,Short,1922.895,1923.37,-0.9499999999998181,SL Hit,1923.37,2,8.7250000000015,15.0,0.6349999999999909,-0.7149999999999181
2023-07-10 16:25:00,2023-07-10 18:00:00,Long,1924.74,1925.2,0.9200000000000728,SL Hit,1925.2,2,9.645000000001573,95.0,-1.1400000000001,1.990000000000009
2023-07-10 18:25:00,2023-07-10 18:45:00,Short,1925.415,1925.95,-1.0700000000001637,SL Hit,1925.95,2,8.57500000000141,20.0,0.5850000000000364,-0.6150000000000091
2023-07-10 18:50:00,2023-07-10 19:40:00,Long,1925.5633333333335,1924.79,-2.3200000000006185,SL Hit,1924.79,3,6.255000000000791,50.0,-1.2633333333335486,0.7666666666664241
2023-07-10 20:50:00,2023-07-10 22:15:00,Short,1925.17,1925.36,-0.3799999999996544,SL Hit,1925.36,2,5.875000000001137,85.0,0.1899999999998272,-0.7699999999999818
2023-07-10 22:30:00,2023-07-10 22:40:00,Short,1924.64,1924.9099999999999,-0.26999999999975444,SL Hit,1924.9099999999999,1,5.605000000001382,10.0,0.37999999999988177,-0.12000000000011823
2023-07-11 02:30:00,2023-07-11 03:15:00,Long,1926.87,1926.1,-1.5399999999999636,SL Hit,1926.1,2,4.065000000001419,45.0,-1.2799999999999727,1.8100000000001728
2023-07-11 03:55:00,2023-07-11 04:10:00,Short,1926.67,1927.16,-0.9800000000000182,SL Hit,1927.16,2,3.0850000000014006,15.0,0.6799999999998363,-0.8700000000001182
2023-07-11 09:25:00,2023-07-11 09:55:00,Short,1936.72,1937.3199999999997,-0.5999999999996817,SL Hit,1937.3199999999997,1,2.485000000001719,30.0,1.4800000000000182,-1.8099999999999454
2023-07-11 12:05:00,2023-07-11 13:30:00,Short,1933.4175,1933.2,0.8699999999998909,SL Hit,1933.2,4,3.35500000000161,85.0,2.822499999999991,-3.7975000000001273
2023-07-11 13:50:00,2023-07-11 13:55:00,Short,1932.9,1933.5449999999998,-0.6449999999997544,Bullish Trade Reversal,1933.5449999999998,1,2.7100000000018554,5.0,0.7300000000000182,-1.6700000000000728
2023-07-11 13:55:00,2023-07-11 14:45:00,Long,1933.5999999999997,1932.29,-3.929999999999154,SL Hit,1932.29,3,-1.2199999999972988,50.0,-1.4399999999995998,1.7200000000002547
2023-07-11 19:30:00,2023-07-11 19:35:00,Short,1932.25,1932.25,0.0,Bullish Trade Reversal,1932.25,1,-1.2199999999972988,5.0,-0.0,-1.349999999999909
2023-07-11 19:35:00,2023-07-11 19:40:00,Long,1931.88,1930.41,-1.4700000000000273,Bearish Trade Reversal,1930.41,1,-2.689999999997326,5.0,-0.9800000000000182,0.1899999999998272
2023-07-11 19:40:00,2023-07-11 19:45:00,Short,1931.92,1932.145,-0.22499999999990905,SL Hit,1932.145,1,-2.914999999997235,5.0,0.2899999999999636,-0.8200000000001637
2023-07-11 22:10:00,2023-07-12 03:35:00,Long,1935.9455555555553,1938.0,18.490000000002283,SL Hit,1938.0,9,15.575000000005048,325.0,-4.545555555555211,4.904444444444607
2023-07-12 03:45:00,2023-07-12 04:10:00,Long,1939.05,1938.31,-2.2200000000000273,SL Hit,1938.31,3,13.35500000000502,25.0,-0.8799999999998818,0.6000000000001364
2023-07-12 04:20:00,2023-07-12 04:55:00,Short,1938.1,1938.16,-0.12000000000034561,SL Hit,1938.16,2,13.235000000004675,35.0,0.8900000000001,-0.5099999999999909
2023-07-12 07:45:00,2023-07-12 08:00:00,Short,1934.35,1934.62,-0.2699999999999818,SL Hit,1934.62,1,12.965000000004693,15.0,0.3100000000001728,-1.1499999999998636
2023-07-12 11:20:00,2023-07-12 11:25:00,Long,1933.47,1932.915,-0.5550000000000637,Bearish Trade Reversal,1932.915,1,12.41000000000463,5.0,-0.37000000000011823,0.7999999999999545
2023-07-12 11:25:00,2023-07-12 11:30:00,Short,1934.21,1934.21,0.0,SL Hit,1934.21,1,12.41000000000463,5.0,0.9500000000000455,-0.43000000000006366
2023-07-12 13:30:00,2023-07-12 15:15:00,Long,1955.0825000000002,1953.62,-5.850000000001273,SL Hit,1953.62,4,6.560000000003356,105.0,-4.602500000000191,2.9274999999997817
2023-07-12 15:20:00,2023-07-12 15:25:00,Short,1953.83,1953.8899999999999,-0.05999999999994543,SL Hit,1953.8899999999999,1,6.500000000003411,5.0,1.490000000000009,-0.4900000000000091
2023-07-12 18:25:00,2023-07-12 19:20:00,Long,1957.6000000000001,1957.0,-1.8000000000004093,SL Hit,1957.0,3,4.700000000003001,55.0,-0.7000000000000455,0.7499999999997726
2023-07-12 20:45:00,2023-07-12 22:35:00,Short,1957.7,1957.99,-0.5799999999999272,SL Hit,1957.99,2,4.120000000003074,110.0,0.44000000000005457,-1.2000000000000455
2023-07-12 23:40:00,2023-07-12 23:55:00,Short,1957.53,1957.76,-0.4600000000000364,SL Hit,1957.76,2,3.6600000000030377,15.0,0.2400000000000091,-0.6299999999998818
2023-07-13 00:10:00,2023-07-13 00:35:00,Long,1958.02,1956.8,-2.4400000000000546,SL Hit,1956.8,2,1.2200000000029831,25.0,-1.5199999999999818,0.7699999999999818
2023-07-13 00:40:00,2023-07-13 01:00:00,Short,1957.67,1957.67,0.0,SL Hit,1957.67,1,1.2200000000029831,20.0,0.4199999999998454,-1.4700000000000273
2023-07-13 01:20:00,2023-07-13 03:20:00,Long,1958.9466666666667,1959.77,4.9399999999996,SL Hit,1959.77,6,6.160000000002583,120.0,-2.596666666666806,2.5933333333332484
2023-07-13 03:30:00,2023-07-13 04:30:00,Short,1959.99,1960.59,-2.399999999999636,SL Hit,1960.59,4,3.7600000000029468,60.0,1.1099999999999,-1.0199999999999818
2023-07-13 06:15:00,2023-07-13 07:20:00,Long,1960.43,1961.11,1.3599999999996726,SL Hit,1961.11,2,5.120000000002619,65.0,-2.2799999999999727,2.7799999999999727
2023-07-13 09:10:00,2023-07-13 09:15:00,Short,1960.16,1960.25,-0.08999999999991815,SL Hit,1960.25,1,5.030000000002701,5.0,0.13999999999987267,-1.0600000000001728
2023-07-13 11:05:00,2023-07-13 11:10:00,Long,1960.2649999999999,1959.1,-2.3299999999999272,SL Hit,1959.1,2,2.700000000002774,5.0,-1.3649999999997817,0.3450000000000273
2023-07-13 11:15:00,2023-07-13 11:40:00,Short,1959.73,1959.895,-0.16499999999996362,SL Hit,1959.895,1,2.5350000000028103,25.0,0.2699999999999818,-2.4300000000000637
2023-07-13 13:55:00,2023-07-13 14:05:00,Short,1958.91,1960.185,-1.2749999999998636,SL Hit,1960.185,1,1.2600000000029468,10.0,2.259999999999991,-1.9100000000000819
2023-07-13 21:00:00,2023-07-13 22:00:00,Long,1960.13,1960.13,0.0,SL Hit,1960.13,1,1.2600000000029468,60.0,-0.21000000000003638,0.2899999999999636
2023-07-14 00:05:00,2023-07-14 01:15:00,Short,1959.298,1959.42,-0.6100000000003547,SL Hit,1959.42,5,0.6500000000025921,70.0,1.0119999999999436,-1.5979999999999563
2023-07-14 01:25:00,2023-07-14 02:55:00,Long,1960.71,1961.93,2.4400000000000546,SL Hit,1961.93,2,3.0900000000026466,90.0,-1.7999999999999545,2.980000000000018
2023-07-14 04:10:00,2023-07-14 07:50:00,Short,1959.2516666666663,1956.91,14.049999999997453,SL Hit,1956.91,6,17.1400000000001,220.0,2.478333333333694,-4.971666666666351
2023-07-14 08:00:00,2023-07-14 08:05:00,Long,1956.69,1956.69,0.0,SL Hit,1956.69,1,17.1400000000001,5.0,-0.009999999999990905,1.259999999999991
2023-07-14 08:10:00,2023-07-14 08:15:00,Long,1957.02,1956.75,-0.2699999999999818,SL Hit,1956.75,1,16.87000000000012,5.0,-0.8199999999999363,0.6600000000000819
2023-07-14 09:00:00,2023-07-14 09:05:00,Short,1956.15,1956.96,-0.8099999999999454,SL Hit,1956.96,1,16.060000000000173,5.0,0.9399999999998272,-0.14000000000010004
2023-07-14 15:05:00,2023-07-14 15:15:00,Long,1958.46,1958.2799999999997,-0.18000000000029104,SL Hit,1958.2799999999997,1,15.879999999999882,10.0,-0.6600000000000819,1.509999999999991
2023-07-14 15:45:00,2023-07-14 16:00:00,Short,1958.52,1958.6399999999999,-0.11999999999989086,SL Hit,1958.6399999999999,1,15.759999999999991,15.0,0.5799999999999272,-1.2200000000000273
2023-07-14 16:20:00,2023-07-14 18:05:00,Long,1958.7649999999999,1959.03,1.0600000000004002,SL Hit,1959.03,4,16.82000000000039,105.0,-1.5449999999998454,1.7650000000001
2023-07-14 18:30:00,2023-07-14 18:35:00,Long,1960.77,1960.485,-0.28500000000008185,SL Hit,1960.485,1,16.53500000000031,5.0,-0.8299999999999272,0.17000000000007276
2023-07-14 20:55:00,2023-07-16 22:00:00,Long,1955.9899999999998,1954.5,-4.469999999999345,SL Hit,1954.5,3,12.065000000000964,2945.0,-1.5899999999996908,1.9100000000003092
2023-07-16 22:05:00,2023-07-16 23:45:00,Short,1953.5,1952.42,3.2399999999997817,SL Hit,1952.42,3,15.305000000000746,100.0,1.3099999999999454,-2.2999999999999545
2023-07-17 01:50:00,2023-07-17 02:45:00,Short,1952.385,1952.6,-0.4299999999998363,SL Hit,1952.6,2,14.87500000000091,55.0,0.974999999999909,-1.1849999999999454
2023-07-17 09:40:00,2023-07-17 10:55:00,Long,1956.77,1957.36,1.1799999999998363,SL Hit,1957.36,2,16.055000000000746,75.0,-0.7699999999999818,2.8900000000001
2023-07-17 12:20:00,2023-07-17 14:05:00,Short,1954.39,1951.39,9.0,SL Hit,1951.39,3,25.055000000000746,105.0,4.079999999999927,-8.460000000000036
2023-07-17 14:10:00,2023-07-17 15:05:00,Long,1951.9633333333334,1952.17,0.6200000000001182,SL Hit,1952.17,3,25.675000000000864,55.0,-1.0033333333333303,2.1466666666665333
2023-07-17 15:50:00,2023-07-17 16:10:00,Long,1954.19,1954.1000000000001,-0.08999999999991815,SL Hit,1954.1000000000001,1,25.585000000000946,20.0,-0.2999999999999545,0.9299999999998363
2023-07-17 19:40:00,2023-07-17 22:40:00,Short,1954.9475,1954.91,0.1499999999996362,SL Hit,1954.91,4,25.735000000000582,180.0,0.5924999999999727,-1.3475000000000819
2023-07-18 00:15:00,2023-07-18 01:45:00,Long,1955.9333333333334,1955.32,-1.840000000000373,SL Hit,1955.32,3,23.89500000000021,90.0,-1.2533333333333303,3.406666666666524
2023-07-18 02:15:00,2023-07-18 04:55:00,Long,1958.903333333333,1959.4,2.9800000000027467,SL Hit,1959.4,6,26.875000000002956,160.0,-2.3033333333330575,2.066666666667061
2023-07-18 05:25:00,2023-07-18 05:30:00,Long,1960.64,1960.64,0.0,SL Hit,1960.64,1,26.875000000002956,5.0,-0.03000000000020009,0.9799999999997908
2023-07-18 05:35:00,2023-07-18 05:40:00,Long,1960.43,1960.43,0.0,SL Hit,1960.43,1,26.875000000002956,5.0,-0.12000000000011823,0.4299999999998363
2023-07-18 06:05:00,2023-07-18 06:45:00,Short,1959.255,1959.97,-1.4299999999998363,SL Hit,1959.97,2,25.44500000000312,40.0,1.0449999999998454,-1.4050000000002
2023-07-18 08:15:00,2023-07-18 08:25:00,Long,1961.74,1961.74,0.0,SL Hit,1961.74,1,25.44500000000312,10.0,-0.8399999999999181,0.8299999999999272
2023-07-18 08:30:00,2023-07-18 08:45:00,Short,1961.54,1961.7800000000002,-0.24000000000023647,SL Hit,1961.7800000000002,1,25.205000000002883,15.0,0.6600000000000819,-1.0399999999999636
2023-07-18 09:40:00,2023-07-18 09:45:00,Long,1962.45,1962.27,-0.18000000000006366,SL Hit,1962.27,1,25.02500000000282,5.0,-0.8500000000001364,0.43000000000006366
2023-07-18 10:05:00,2023-07-18 11:05:00,Long,1962.6966666666667,1962.1,-1.7900000000004184,SL Hit,1962.1,3,23.2350000000024,60.0,-0.7266666666666879,1.433333333333394
2023-07-18 12:40:00,2023-07-18 12:50:00,Short,1963.2,1967.07,-3.869999999999891,SL Hit,1967.07,1,19.36500000000251,10.0,5.3599999999999,-2.3199999999999363
2023-07-18 15:10:00,2023-07-18 15:15:00,Long,1982.34,1982.28,-0.05999999999994543,SL Hit,1982.28,1,19.305000000002565,5.0,-0.6199999999998909,0.9700000000000273
2023-07-18 17:30:00,2023-07-18 18:15:00,Short,1976.57,1976.7350000000001,-0.165000000000191,SL Hit,1976.7350000000001,1,19.140000000002374,45.0,0.6800000000000637,-1.8699999999998909
2023-07-18 19:45:00,2023-07-18 19:55:00,Short,1977.55,1977.55,0.0,SL Hit,1977.55,1,19.140000000002374,10.0,0.12000000000011823,-1.0499999999999545
2023-07-18 22:05:00,2023-07-18 22:25:00,Long,1978.4099999999999,1978.0,-0.819999999999709,SL Hit,1978.0,2,18.320000000002665,20.0,-0.4099999999998545,0.49000000000023647
2023-07-18 22:35:00,2023-07-18 23:00:00,Long,1978.22,1977.9,-0.6399999999998727,SL Hit,1977.9,2,17.680000000002792,25.0,-0.5199999999999818,0.7899999999999636
2023-07-19 00:00:00,2023-07-19 00:15:00,Short,1977.59,1977.59,0.0,SL Hit,1977.59,1,17.680000000002792,15.0,-0.0,-1.1899999999998272
2023-07-19 00:25:00,2023-07-19 01:25:00,Long,1977.3400000000001,1976.5,-2.5200000000004366,SL Hit,1976.5,3,15.160000000002356,60.0,-0.9300000000000637,1.0399999999999636
2023-07-19 04:00:00,2023-07-19 04:05:00,Short,1975.52,1975.79,-0.2699999999999818,SL Hit,1975.79,1,14.890000000002374,5.0,0.4700000000000273,-0.20000000000004547
2023-07-19 07:20:00,2023-07-19 07:30:00,Long,1979.86,1979.545,-0.3149999999998272,SL Hit,1979.545,1,14.575000000002547,10.0,-1.2299999999997908,0.9300000000000637
2023-07-19 10:10:00,2023-07-19 10:20:00,Short,1977.69,1977.69,0.0,SL Hit,1977.69,1,14.575000000002547,10.0,0.30999999999994543,-1.6600000000000819
2023-07-19 13:15:00,2023-07-19 13:30:00,Short,1977.0149999999999,1978.14,-2.2500000000004547,SL Hit,1978.14,2,12.325000000002092,15.0,1.2850000000000819,-1.3849999999997635
2023-07-19 13:50:00,2023-07-19 14:00:00,Long,1977.24,1976.8,-0.8800000000001091,SL Hit,1976.8,2,11.445000000001983,10.0,-1.2999999999999545,2.4400000000000546
2023-07-19 14:05:00,2023-07-19 15:10:00,Short,1975.4,1975.37,0.06000000000040018,SL Hit,1975.37,2,11.505000000002383,65.0,2.3799999999998818,-5.300000000000182
2023-07-19 16:05:00,2023-07-19 16:25:00,Short,1973.97,1974.1949999999997,-0.22499999999968168,SL Hit,1974.1949999999997,1,11.280000000002701,20.0,0.5599999999999454,-1.7999999999999545
2023-07-19 19:55:00,2023-07-19 20:10:00,Long,1978.0700000000002,1977.3,-1.5400000000004184,SL Hit,1977.3,2,9.740000000002283,15.0,-0.9100000000000819,0.35999999999989996
2023-07-19 20:20:00,2023-07-19 22:00:00,Short,1977.5,1977.5,0.0,SL Hit,1977.5,1,9.740000000002283,100.0,0.6600000000000819,-1.6600000000000819
2023-07-19 22:50:00,2023-07-19 22:55:00,Short,1977.27,1977.27,0.0,SL Hit,1977.27,1,9.740000000002283,5.0,0.16000000000008185,-0.25
2023-07-20 00:05:00,2023-07-20 00:40:00,Long,1978.1366666666665,1977.6,-1.6099999999999,SL Hit,1977.6,3,8.130000000002383,35.0,-0.6366666666665424,0.9733333333333576
2023-07-20 01:00:00,2023-07-20 01:10:00,Long,1979.24,1979.0299999999997,-0.21000000000026375,SL Hit,1979.0299999999997,1,7.920000000002119,10.0,-0.9400000000000546,0.8799999999998818
2023-07-20 03:15:00,2023-07-20 03:40:00,Long,1986.505,1985.26,-2.4900000000002365,SL Hit,1985.26,2,5.430000000001883,25.0,-1.8050000000000637,0.8149999999998272
2023-07-20 03:55:00,2023-07-20 06:25:00,Short,1983.6860000000001,1981.91,8.880000000000337,SL Hit,1981.91,5,14.31000000000222,150.0,1.9639999999999418,-4.546000000000049
2023-07-20 07:10:00,2023-07-20 07:15:00,Long,1982.05,1981.42,-0.6299999999998818,SL Hit,1981.42,1,13.680000000002337,5.0,-1.0499999999999545,0.3400000000001455
2023-07-20 07:25:00,2023-07-20 07:35:00,Short,1981.05,1981.05,0.0,SL Hit,1981.05,1,13.680000000002337,10.0,-0.0,-1.759999999999991
2023-07-20 11:10:00,2023-07-20 11:25:00,Short,1980.89,1981.8,-1.819999999999709,SL Hit,1981.8,2,11.860000000002628,15.0,1.0199999999999818,-1.5900000000001455
2023-07-20 11:30:00,2023-07-20 12:00:00,Long,1981.38,1980.81,-0.5700000000001637,SL Hit,1980.81,1,11.290000000002465,30.0,-1.050000000000182,0.8399999999999181
2023-07-20 16:15:00,2023-07-20 16:25:00,Short,1966.95,1967.31,-0.35999999999989996,SL Hit,1967.31,1,10.930000000002565,10.0,0.4800000000000182,-1.5199999999999818
2023-07-20 18:50:00,2023-07-20 18:55:00,Long,1969.1,1969.1,0.0,Bearish Trade Reversal,1969.1,1,10.930000000002565,5.0,0.0,1.3300000000001546
2023-07-20 18:55:00,2023-07-20 19:15:00,Short,1970.14,1970.3049999999998,-0.16499999999973625,SL Hit,1970.3049999999998,1,10.765000000002829,20.0,0.75,-1.5900000000001455
2023-07-20 20:45:00,2023-07-21 01:10:00,Long,1971.4533333333331,1971.84,1.1600000000003092,SL Hit,1971.84,3,11.925000000003138,265.0,-2.1933333333331575,1.856666666666797
2023-07-21 01:15:00,2023-07-21 01:30:00,Short,1972.17,1972.17,0.0,SL Hit,1972.17,1,11.925000000003138,15.0,1.1199999999998909,-0.6400000000001
2023-07-21 01:40:00,2023-07-21 01:45:00,Long,1973.01,1972.71,-0.2999999999999545,SL Hit,1972.71,1,11.625000000003183,5.0,-0.5899999999999181,0.17000000000007276
2023-07-21 02:15:00,2023-07-21 04:30:00,Short,1971.13,1970.85,0.8400000000006003,SL Hit,1970.85,3,12.465000000003783,135.0,0.8599999999999,-1.5300000000002
2023-07-21 04:35:00,2023-07-21 04:40:00,Long,1970.32,1970.275,-0.044999999999845386,SL Hit,1970.275,1,12.420000000003938,5.0,-0.07999999999992724,0.4500000000000455
2023-07-21 04:50:00,2023-07-21 05:05:00,Short,1970.07,1970.07,0.0,SL Hit,1970.07,1,12.420000000003938,15.0,0.19000000000005457,-1.3699999999998909
2023-07-21 06:10:00,2023-07-21 07:30:00,Long,1969.97,1969.35,-1.8600000000003547,SL Hit,1969.35,3,10.560000000003583,80.0,-1.7699999999999818,2.089999999999918
2023-07-21 13:00:00,2023-07-21 13:30:00,Short,1962.2633333333333,1962.93,-2.0000000000002274,SL Hit,1962.93,3,8.560000000003356,30.0,1.4366666666667243,-3.4533333333333758
2023-07-21 13:40:00,2023-07-21 13:45:00,Long,1962.12,1961.8200000000002,-0.29999999999972715,SL Hit,1961.8200000000002,1,8.260000000003629,5.0,-3.0299999999999727,0.8700000000001182
2023-07-21 15:10:00,2023-07-21 15:15:00,Short,1960.59,1960.785,-0.1950000000001637,SL Hit,1960.785,1,8.065000000003465,5.0,1.0600000000001728,-1.1599999999998545
2023-07-21 17:45:00,2023-07-21 17:50:00,Short,1963.3,1963.3,0.0,SL Hit,1963.3,1,8.065000000003465,5.0,0.03999999999996362,-0.32999999999992724
2023-07-21 19:25:00,2023-07-21 19:30:00,Short,1962.13,1962.145,-0.01499999999987267,SL Hit,1962.145,1,8.050000000003593,5.0,0.12999999999988177,-0.9300000000000637
2023-07-21 20:10:00,2023-07-21 20:20:00,Short,1961.59,1961.6950000000002,-0.10500000000024556,SL Hit,1961.6950000000002,1,7.945000000003347,10.0,0.3500000000001364,-0.1799999999998363
2023-07-23 20:00:00,2023-07-23 22:40:00,Long,1961.555,1961.2,-0.7100000000000364,SL Hit,1961.2,2,7.235000000003311,160.0,-0.4550000000001546,1.2049999999999272
2023-07-23 22:50:00,2023-07-23 23:05:00,Short,1961.77,1961.9199999999998,-0.14999999999986358,SL Hit,1961.9199999999998,1,7.085000000003447,15.0,0.40000000000009095,-0.8699999999998909
2023-07-23 23:10:00,2023-07-24 00:05:00,Short,1961.6466666666665,1961.66,-0.04000000000064574,SL Hit,1961.66,3,7.045000000002801,55.0,0.3433333333334758,-1.5466666666666242
2023-07-24 00:10:00,2023-07-24 00:25:00,Long,1961.04,1960.73,-0.6199999999998909,SL Hit,1960.73,2,6.42500000000291,15.0,-0.6399999999998727,0.6300000000001091
2023-07-24 01:25:00,2023-07-24 02:15:00,Long,1960.3333333333333,1960.5,0.5000000000002274,SL Hit,1960.5,3,6.925000000003138,50.0,-0.9933333333333394,1.966666666666697
2023-07-24 04:15:00,2023-07-24 04:40:00,Short,1959.67,1959.67,0.0,SL Hit,1959.67,1,6.925000000003138,25.0,0.5199999999999818,-1.1700000000000728
2023-07-24 06:05:00,2023-07-24 06:25:00,Short,1960.16,1960.16,0.0,SL Hit,1960.16,1,6.925000000003138,20.0,1.099999999999909,-2.160000000000082
2023-07-24 06:30:00,2023-07-24 08:00:00,Long,1962.0266666666666,1963.08,3.1599999999998545,SL Hit,1963.08,3,10.085000000002992,90.0,-2.0166666666666515,3.2433333333333394
2023-07-24 08:05:00,2023-07-24 08:10:00,Short,1963.26,1963.62,-0.35999999999989996,SL Hit,1963.62,1,9.725000000003092,5.0,0.40000000000009095,-0.39000000000010004
2023-07-24 08:20:00,2023-07-24 09:10:00,Short,1962.89,1962.89,0.0,SL Hit,1962.89,1,9.725000000003092,50.0,0.029999999999972715,-3.4600000000000364
2023-07-24 09:55:00,2023-07-24 10:25:00,Long,1965.4666666666665,1965.19,-0.8299999999992451,SL Hit,1965.19,3,8.895000000003847,30.0,-1.1266666666665515,0.9433333333336122
2023-07-24 11:10:00,2023-07-24 11:20:00,Long,1966.36,1965.85,-0.5099999999999909,SL Hit,1965.85,1,8.385000000003856,10.0,-0.6299999999998818,0.4900000000000091
2023-07-24 14:25:00,2023-07-24 14:35:00,Short,1959.17,1959.56,-0.38999999999987267,SL Hit,1959.56,1,7.995000000003984,10.0,1.3999999999998636,-1.400000000000091
2023-07-24 16:05:00,2023-07-24 16:15:00,Short,1959.61,1959.985,-0.375,SL Hit,1959.985,1,7.620000000003984,10.0,0.6100000000001273,-1.240000000000009
2023-07-24 16:20:00,2023-07-24 16:35:00,Long,1959.52,1959.19,-0.32999999999992724,SL Hit,1959.19,1,7.290000000004056,15.0,-0.42000000000007276,0.9300000000000637
2023-07-24 17:15:00,2023-07-24 19:55:00,Short,1957.6559999999997,1954.34,16.579999999999018,SL Hit,1954.34,5,23.870000000003074,160.0,2.7440000000003693,-4.855999999999767
2023-07-24 23:20:00,2023-07-24 23:40:00,Short,1954.1,1954.25,-0.15000000000009095,SL Hit,1954.25,1,23.720000000002983,20.0,0.17000000000007276,-0.9199999999998454
2023-07-25 02:40:00,2023-07-25 02:45:00,Long,1962.79,1962.73,-0.05999999999994543,SL Hit,1962.73,1,23.660000000003038,5.0,-1.0899999999999181,0.2400000000000091
2023-07-25 02:50:00,2023-07-25 02:55:00,Long,1962.66,1962.66,0.0,SL Hit,1962.66,1,23.660000000003038,5.0,-0.5199999999999818,0.599999999999909
2023-07-25 03:40:00,2023-07-25 03:55:00,Short,1961.65,1961.9950000000001,-0.3450000000000273,SL Hit,1961.9950000000001,1,23.31500000000301,15.0,0.38999999999987267,-0.650000000000091
2023-07-25 04:05:00,2023-07-25 04:15:00,Short,1961.76,1961.85,-0.08999999999991815,SL Hit,1961.85,1,23.225000000003092,10.0,0.10999999999989996,-1.0599999999999454
2023-07-25 04:20:00,2023-07-25 05:35:00,Short,1961.26,1961.67,-0.8200000000001637,SL Hit,1961.67,2,22.40500000000293,75.0,1.3900000000001,-1.1600000000000819
2023-07-25 06:30:00,2023-07-25 06:45:00,Long,1962.4499999999998,1962.15,-0.5999999999994543,SL Hit,1962.15,2,21.805000000003474,15.0,-1.2499999999997726,1.0100000000002183
2023-07-25 08:35:00,2023-07-25 09:25:00,Long,1961.8049999999998,1962.14,0.6700000000005275,SL Hit,1962.14,2,22.475000000004002,50.0,-1.2649999999998727,1.5450000000000728
2023-07-25 10:25:00,2023-07-25 12:00:00,Short,1961.31,1961.3999999999999,-0.08999999999991815,SL Hit,1961.3999999999999,1,22.385000000004084,95.0,1.8700000000001182,-8.019999999999982
2023-07-25 14:05:00,2023-07-25 14:10:00,Short,1958.34,1959.66,-1.3200000000001637,SL Hit,1959.66,1,21.06500000000392,5.0,1.4700000000000273,-2.5799999999999272
2023-07-25 16:45:00,2023-07-25 18:45:00,Short,1962.99,1963.75,-1.5199999999999818,SL Hit,1963.75,2,19.545000000003938,120.0,0.8099999999999454,-1.7200000000000273
2023-07-25 19:10:00,2023-07-25 19:45:00,Long,1964.25,1963.4,-2.549999999999727,SL Hit,1963.4,3,16.99500000000421,35.0,-1.0499999999999545,0.9100000000000819
2023-07-25 19:55:00,2023-07-25 20:00:00,Short,1964.29,1964.335,-0.04500000000007276,SL Hit,1964.335,1,16.950000000004138,5.0,0.5199999999999818,-1.2899999999999636
2023-07-25 20:55:00,2023-07-25 21:00:00,Long,1964.59,1964.3500000000001,-0.23999999999978172,SL Hit,1964.3500000000001,1,16.710000000004356,5.0,-0.4900000000000091,0.16000000000008185
2023-07-26 00:10:00,2023-07-26 04:00:00,Short,1964.2400000000002,1964.13,0.5500000000006366,SL Hit,1964.13,5,17.260000000004993,230.0,1.4199999999998454,-2.2600000000002183
2023-07-26 06:50:00,2023-07-26 07:25:00,Long,1970.135,1968.77,-2.730000000000018,SL Hit,1968.77,2,14.530000000004975,35.0,-1.7449999999998909,0.5950000000000273
2023-07-26 07:30:00,2023-07-26 07:45:00,Short,1968.71,1969.3700000000001,-0.6600000000000819,SL Hit,1969.3700000000001,1,13.870000000004893,15.0,1.3399999999999181,-0.6100000000001273
2023-07-26 08:05:00,2023-07-26 09:10:00,Long,1971.243333333333,1971.35,0.3200000000003911,SL Hit,1971.35,3,14.190000000005284,65.0,-1.1733333333331757,1.1266666666667788
2023-07-26 10:15:00,2023-07-26 10:50:00,Short,1971.18,1971.1950000000002,-0.015000000000100044,SL Hit,1971.1950000000002,1,14.175000000005184,35.0,0.5199999999999818,-1.509999999999991
2023-07-26 13:00:00,2023-07-26 14:05:00,Short,1968.87,1967.05,3.6399999999998727,SL Hit,1967.05,2,17.815000000005057,65.0,2.8200000000001637,-4.879999999999882
2023-07-26 16:20:00,2023-07-26 18:00:00,Short,1970.88,1970.33,1.1000000000003638,SL Hit,1970.33,2,18.91500000000542,100.0,1.4299999999998363,-2.9700000000000273
2023-07-26 18:25:00,2023-07-26 18:30:00,Short,1968.36,1968.675,-0.31500000000005457,SL Hit,1968.675,1,18.600000000005366,5.0,0.5900000000001455,-1.5499999999999545
2023-07-26 20:25:00,2023-07-26 22:10:00,Short,1972.77,1973.04,-0.2699999999999818,SL Hit,1973.04,1,18.330000000005384,105.0,0.599999999999909,-2.4700000000000273
2023-07-26 23:00:00,2023-07-26 23:10:00,Long,1973.57,1972.4899999999998,-1.0800000000001546,SL Hit,1972.4899999999998,1,17.25000000000523,10.0,-2.0699999999999363,0.25
2023-07-27 00:10:00,2023-07-27 00:20:00,Long,1972.07,1971.7,-0.7399999999997817,SL Hit,1971.7,2,16.510000000005448,10.0,-0.4800000000000182,0.2999999999999545
2023-07-27 00:30:00,2023-07-27 00:35:00,Short,1971.66,1971.66,0.0,SL Hit,1971.66,1,16.510000000005448,5.0,0.31999999999993634,-1.1600000000000819
2023-07-27 01:00:00,2023-07-27 03:35:00,Long,1975.6666666666667,1978.35,8.0499999999995,SL Hit,1978.35,3,24.560000000004948,155.0,-3.346666666666806,6.263333333333321
2023-07-27 03:40:00,2023-07-27 04:20:00,Short,1977.83,1978.08,-0.5,SL Hit,1978.08,2,24.060000000004948,40.0,0.8400000000001455,-1.1299999999998818
2023-07-27 06:10:00,2023-07-27 06:15:00,Long,1975.47,1975.3500000000001,-0.11999999999989086,SL Hit,1975.3500000000001,1,23.940000000005057,5.0,-0.13000000000010914,0.6900000000000546
2023-07-27 07:15:00,2023-07-27 08:25:00,Long,1978.27,1977.43,-0.8399999999999181,SL Hit,1977.43,1,23.10000000000514,70.0,-0.9100000000000819,3.5499999999999545
2023-07-27 08:55:00,2023-07-27 09:05:00,Short,1976.12,1976.495,-0.375,SL Hit,1976.495,1,22.72500000000514,10.0,0.4600000000000364,-1.2899999999999636
2023-07-27 09:45:00,2023-07-27 10:10:00,Short,1974.73,1975.76,-2.0599999999999454,SL Hit,1975.76,2,20.665000000005193,25.0,1.1900000000000546,-1.0899999999999181
2023-07-27 11:40:00,2023-07-27 12:10:00,Long,1977.24,1976.21,-2.0599999999999454,SL Hit,1976.21,2,18.605000000005248,30.0,-2.2000000000000455,1.8399999999999181
2023-07-27 12:20:00,2023-07-27 15:00:00,Short,1960.455,1946.02,28.86999999999989,SL Hit,1946.02,2,47.47500000000514,160.0,16.185000000000173,-18.25499999999988
2023-07-27 15:10:00,2023-07-27 16:20:00,Long,1944.5349999999999,1943.99,-1.0899999999996908,SL Hit,1943.99,2,46.38500000000545,70.0,-0.6149999999997817,2.5850000000000364
2023-07-27 18:20:00,2023-07-27 19:05:00,Short,1945.56,1945.63,-0.14000000000032742,SL Hit,1945.63,2,46.24500000000512,45.0,0.3300000000001546,-1.5599999999999454
2023-07-27 19:15:00,2023-07-27 19:30:00,Long,1945.605,1945.18,-0.849999999999909,SL Hit,1945.18,2,45.39500000000521,15.0,-0.5050000000001091,1.5550000000000637
2023-07-27 19:35:00,2023-07-27 20:55:00,Short,1945.255,1944.94,0.6300000000001091,SL Hit,1944.94,2,46.02500000000532,80.0,0.7449999999998909,-2.355000000000018
2023-07-28 01:05:00,2023-07-28 01:10:00,Long,1947.71,1947.71,0.0,SL Hit,1947.71,1,46.02500000000532,5.0,-0.5599999999999454,0.44000000000005457
2023-07-28 02:40:00,2023-07-28 02:50:00,Long,1950.81,1950.5099999999998,-0.3000000000001819,SL Hit,1950.5099999999998,1,45.72500000000514,10.0,-0.30999999999994543,0.8099999999999454
2023-07-28 04:05:00,2023-07-28 04:25:00,Long,1954.11,1954.11,0.0,SL Hit,1954.11,1,45.72500000000514,20.0,-1.3399999999999181,2.5
2023-07-28 04:30:00,2023-07-28 04:40:00,Long,1952.49,1952.49,0.0,SL Hit,1952.49,1,45.72500000000514,10.0,-1.6800000000000637,1.1800000000000637
2023-07-28 05:45:00,2023-07-28 05:50:00,Long,1951.56,1951.41,-0.14999999999986358,SL Hit,1951.41,1,45.575000000005275,5.0,-0.15999999999985448,0.8400000000001455
2023-07-28 07:05:00,2023-07-28 07:20:00,Long,1951.92,1950.71,-2.4200000000000728,SL Hit,1950.71,2,43.1550000000052,15.0,-1.2200000000000273,1.1399999999998727
2023-07-28 07:25:00,2023-07-28 08:50:00,Short,1950.0349999999999,1949.91,0.24999999999954525,SL Hit,1949.91,2,43.40500000000475,85.0,1.2150000000001455,-1.974999999999909
2023-07-28 12:45:00,2023-07-28 12:50:00,Short,1955.51,1955.51,0.0,SL Hit,1955.51,1,43.40500000000475,5.0,2.5799999999999272,-1.0699999999999363
2023-07-28 14:05:00,2023-07-28 16:00:00,Long,1959.816,1960.4,2.9200000000003,SL Hit,1960.4,5,46.32500000000505,115.0,-3.645999999999958,3.4039999999999964
2023-07-28 16:05:00,2023-07-28 16:20:00,Short,1961.9450000000002,1962.2,-0.5099999999997635,SL Hit,1962.2,2,45.815000000005284,15.0,0.44499999999993634,-1.4450000000001637
2023-07-28 20:05:00,2023-07-28 20:30:00,Long,1958.83,1958.57,-0.5199999999999818,SL Hit,1958.57,2,45.2950000000053,25.0,-0.9299999999998363,0.3400000000001455
2023-07-28 20:55:00,2023-07-30 22:15:00,Long,1958.8433333333332,1958.9,0.1700000000005275,SL Hit,1958.9,3,45.46500000000583,2960.0,-0.14333333333320297,2.856666666666797
2023-07-30 22:30:00,2023-07-30 23:00:00,Long,1960.21,1958.9950000000001,-1.2149999999999181,SL Hit,1958.9950000000001,1,44.25000000000591,30.0,-2.910000000000082,0.18000000000006366
2023-07-31 00:30:00,2023-07-31 00:55:00,Short,1957.75,1957.87,-0.11999999999989086,SL Hit,1957.87,1,44.13000000000602,25.0,0.5899999999999181,-1.5499999999999545
2023-07-31 01:45:00,2023-07-31 01:50:00,Short,1956.56,1957.0249999999999,-0.46499999999991815,SL Hit,1957.0249999999999,1,43.6650000000061,5.0,0.8400000000001455,-0.11999999999989086
2023-07-31 07:00:00,2023-07-31 07:05:00,Short,1954.7,1954.9700000000003,-0.2700000000002092,SL Hit,1954.9700000000003,1,43.39500000000589,5.0,0.5199999999999818,-1.0900000000001455
2023-07-31 08:30:00,2023-07-31 09:00:00,Short,1954.34,1954.535,-0.1950000000001637,SL Hit,1954.535,1,43.20000000000573,30.0,0.4800000000000182,-1.5499999999999545
2023-07-31 10:05:00,2023-07-31 10:35:00,Long,1956.9866666666667,1956.5,-1.4600000000000364,SL Hit,1956.5,3,41.74000000000569,30.0,-0.6566666666667516,1.0933333333332484
2023-07-31 16:40:00,2023-07-31 16:45:00,Long,1971.64,1971.64,0.0,SL Hit,1971.64,1,41.74000000000569,5.0,-0.41000000000008185,0.5899999999999181
2023-07-31 17:40:00,2023-07-31 22:00:00,Short,1966.5025,1965.67,3.3299999999999272,SL Hit,1965.67,4,45.07000000000562,260.0,4.577499999999873,-2.302500000000009
2023-07-31 22:10:00,2023-07-31 22:15:00,Long,1965.41,1965.065,-0.3450000000000273,SL Hit,1965.065,1,44.72500000000559,5.0,-0.42000000000007276,0.2300000000000182
2023-08-01 00:10:00,2023-08-01 08:50:00,Short,1960.2563636363636,1956.94,36.479999999999336,SL Hit,1956.94,11,81.20500000000493,520.0,4.063636363636306,-5.956363636363676
2023-08-01 17:00:00,2023-08-01 17:05:00,Long,1943.11,1943.0949999999998,-0.015000000000100044,SL Hit,1943.0949999999998,1,81.19000000000483,5.0,-0.4900000000000091,0.3200000000001637
2023-08-01 17:25:00,2023-08-01 17:45:00,Short,1942.06,1942.48,-0.8400000000001455,SL Hit,1942.48,2,80.35000000000468,20.0,0.5399999999999636,-0.7699999999999818
2023-08-01 20:05:00,2023-08-01 22:00:00,Short,1944.4433333333334,1944.51,-0.1999999999998181,SL Hit,1944.51,3,80.15000000000487,115.0,6.85666666666657,-1.2433333333333394
2023-08-01 22:55:00,2023-08-01 23:00:00,Short,1951.05,1951.05,0.0,SL Hit,1951.05,1,80.15000000000487,5.0,1.5599999999999454,-0.9800000000000182
2023-08-02 00:00:00,2023-08-02 01:25:00,Short,1950.125,1949.63,0.9899999999997817,SL Hit,1949.63,2,81.14000000000465,85.0,2.0950000000000273,-2.4249999999999545
2023-08-02 01:30:00,2023-08-02 01:35:00,Short,1949.36,1949.8850000000002,-0.5250000000003183,Bullish Trade Reversal,1949.8850000000002,1,80.61500000000433,5.0,0.36000000000012733,-0.6599999999998545
2023-08-02 01:35:00,2023-08-02 01:45:00,Long,1948.87,1948.8249999999998,-0.04500000000007276,SL Hit,1948.8249999999998,1,80.57000000000426,10.0,-0.4099999999998545,0.8500000000001364
2023-08-02 03:35:00,2023-08-02 04:05:00,Long,1948.28,1948.28,0.0,SL Hit,1948.28,1,80.57000000000426,30.0,-0.03999999999996362,1.1400000000001
2023-08-02 06:00:00,2023-08-02 06:10:00,Long,1948.69,1948.69,0.0,SL Hit,1948.69,1,80.57000000000426,10.0,-0.2899999999999636,1.5
2023-08-02 07:55:00,2023-08-02 08:00:00,Short,1948.86,1949.1599999999999,-0.2999999999999545,SL Hit,1949.1599999999999,1,80.2700000000043,5.0,1.0300000000002,-1.259999999999991
2023-08-02 13:05:00,2023-08-02 13:10:00,Short,1944.81,1945.125,-0.31500000000005457,SL Hit,1945.125,1,79.95500000000425,5.0,0.38000000000010914,-1.0799999999999272
2023-08-02 14:05:00,2023-08-02 15:40:00,Short,1937.8833333333334,1935.2,8.050000000000182,SL Hit,1935.2,3,88.00500000000443,95.0,6.306666666666615,-4.443333333333385
2023-08-02 15:45:00,2023-08-02 16:45:00,Long,1934.9,1935.21,0.6199999999998909,SL Hit,1935.21,2,88.62500000000432,60.0,-0.5600000000001728,3.5
2023-08-02 20:30:00,2023-08-02 22:00:00,Short,1935.06,1935.12,-0.05999999999994543,SL Hit,1935.12,1,88.56500000000437,90.0,0.3500000000001364,-1.4600000000000364
2023-08-02 23:35:00,2023-08-02 23:40:00,Short,1935.74,1935.755,-0.015000000000100044,SL Hit,1935.755,1,88.55000000000427,5.0,0.08999999999991815,-0.9400000000000546
2023-08-03 00:40:00,2023-08-03 01:10:00,Short,1936.0349999999999,1936.28,-0.49000000000023647,SL Hit,1936.28,2,88.06000000000404,30.0,0.3350000000000364,-1.5349999999998545
2023-08-03 01:20:00,2023-08-03 02:50:00,Long,1936.8233333333335,1936.1,-2.170000000000755,SL Hit,1936.1,3,85.89000000000328,90.0,-1.923333333333403,1.9666666666664696
2023-08-03 02:55:00,2023-08-03 03:50:00,Short,1936.4099999999999,1936.71,-0.6000000000003638,SL Hit,1936.71,2,85.29000000000292,55.0,0.6300000000001091,-2.339999999999918
2023-08-03 06:10:00,2023-08-03 06:20:00,Long,1934.79,1933.9050000000002,-0.8849999999997635,SL Hit,1933.9050000000002,1,84.40500000000316,10.0,-1.5399999999999636,0.40000000000009095
2023-08-03 06:45:00,2023-08-03 06:50:00,Short,1933.68,1933.6950000000002,-0.015000000000100044,SL Hit,1933.6950000000002,1,84.39000000000306,5.0,0.15999999999985448,-0.8800000000001091
2023-08-03 07:00:00,2023-08-03 07:20:00,Short,1933.45,1933.45,0.0,SL Hit,1933.45,1,84.39000000000306,20.0,0.5399999999999636,-2.4500000000000455
2023-08-03 08:55:00,2023-08-03 09:15:00,Long,1936.455,1936.02,-0.8699999999998909,SL Hit,1936.02,2,83.52000000000317,20.0,-0.45499999999992724,1.2350000000001273
2023-08-03 10:35:00,2023-08-03 11:10:00,Short,1935.15,1935.225,-0.0749999999998181,SL Hit,1935.225,1,83.44500000000335,35.0,0.35999999999989996,-2.310000000000173
2023-08-03 12:00:00,2023-08-03 12:30:00,Short,1934.88,1935.06,-0.1799999999998363,SL Hit,1935.06,1,83.26500000000351,30.0,0.5299999999999727,-5.130000000000109
2023-08-03 14:35:00,2023-08-03 14:45:00,Long,1936.29,1936.29,0.0,SL Hit,1936.29,1,83.26500000000351,10.0,-1.7899999999999636,1.3700000000001182
2023-08-03 22:15:00,2023-08-03 23:00:00,Long,1934.61,1934.5349999999999,-0.07500000000004547,SL Hit,1934.5349999999999,1,83.19000000000347,45.0,-0.5099999999999909,2.1900000000000546
2023-08-04 00:35:00,2023-08-04 02:05:00,Long,1935.9239999999998,1935.69,-1.1699999999984811,SL Hit,1935.69,5,82.02000000000498,90.0,-1.1239999999997963,2.0260000000002947
2023-08-04 02:10:00,2023-08-04 02:40:00,Short,1935.93,1935.975,-0.044999999999845386,SL Hit,1935.975,1,81.97500000000514,30.0,0.5399999999999636,-1.1200000000001182
2023-08-04 03:35:00,2023-08-04 03:40:00,Long,1935.97,1935.97,0.0,SL Hit,1935.97,1,81.97500000000514,5.0,-0.2400000000000091,0.5
2023-08-04 04:25:00,2023-08-04 05:20:00,Short,1933.7,1935.455,-1.7549999999998818,SL Hit,1935.455,1,80.22000000000526,55.0,2.0,-0.4700000000000273
2023-08-04 05:40:00,2023-08-04 06:00:00,Long,1936.725,1935.3,-2.849999999999909,SL Hit,1935.3,2,77.37000000000535,20.0,-1.7149999999999181,0.6349999999999909
2023-08-04 06:40:00,2023-08-04 06:45:00,Short,1933.13,1933.13,0.0,SL Hit,1933.13,1,77.37000000000535,5.0,0.15999999999985448,-0.42000000000007276
2023-08-04 14:45:00,2023-08-04 15:40:00,Short,1942.3,1942.3,0.0,SL Hit,1942.3,1,77.37000000000535,55.0,1.400000000000091,-4.680000000000064
2023-08-04 15:50:00,2023-08-04 15:55:00,Long,1943.45,1943.045,-0.4049999999999727,SL Hit,1943.045,1,76.96500000000538,5.0,-0.8800000000001091,0.2999999999999545
2023-08-04 17:00:00,2023-08-04 19:30:00,Short,1941.52,1941.67,-0.3000000000001819,SL Hit,1941.67,2,76.6650000000052,150.0,0.5799999999999272,-2.119999999999891
2023-08-04 20:45:00,2023-08-07 01:10:00,Long,1943.2325,1942.9,-1.3299999999999272,SL Hit,1942.9,4,75.33500000000527,3145.0,-1.4325000000001182,1.5474999999999
2023-08-07 01:25:00,2023-08-07 03:10:00,Short,1941.82,1941.4,1.2599999999995362,SL Hit,1941.4,3,76.5950000000048,105.0,1.740000000000009,-2.019999999999982
2023-08-07 08:10:00,2023-08-07 08:40:00,Short,1935.8,1935.8899999999999,-0.08999999999991815,SL Hit,1935.8899999999999,1,76.50500000000488,30.0,0.2799999999999727,-1.3399999999999181
2023-08-07 11:30:00,2023-08-07 11:35:00,Short,1934.17,1934.29,-0.11999999999989086,SL Hit,1934.29,1,76.385000000005,5.0,1.1199999999998909,-0.8700000000001182
2023-08-07 12:55:00,2023-08-07 13:45:00,Long,1936.82,1936.82,0.0,SL Hit,1936.82,1,76.385000000005,50.0,-0.05999999999994543,4.630000000000109
2023-08-07 14:20:00,2023-08-07 14:25:00,Short,1935.96,1936.065,-0.10500000000001819,SL Hit,1936.065,1,76.28000000000497,5.0,0.35999999999989996,-0.9300000000000637
2023-08-07 14:30:00,2023-08-07 16:00:00,Short,1934.94,1933.54,5.600000000000364,SL Hit,1933.54,4,81.88000000000534,90.0,1.7200000000000273,-3.009999999999991
2023-08-07 17:00:00,2023-08-07 17:15:00,Long,1934.27,1934.27,0.0,SL Hit,1934.27,1,81.88000000000534,15.0,-0.03999999999996362,0.8800000000001091
2023-08-07 19:00:00,2023-08-07 19:15:00,Long,1937.02,1936.8400000000001,-0.1799999999998363,SL Hit,1936.8400000000001,1,81.7000000000055,15.0,-0.5199999999999818,0.34999999999990905
2023-08-07 20:30:00,2023-08-07 20:40:00,Short,1935.8049999999998,1936.08,-0.5500000000001819,SL Hit,1936.08,2,81.15000000000532,10.0,0.4450000000001637,-0.12499999999977263
2023-08-07 22:10:00,2023-08-07 22:30:00,Short,1936.37,1936.52,-0.15000000000009095,SL Hit,1936.52,1,81.00000000000523,20.0,0.4500000000000455,-1.0699999999999363
2023-08-08 01:00:00,2023-08-08 02:55:00,Short,1935.0466666666669,1934.96,0.26000000000044565,SL Hit,1934.96,3,81.26000000000568,115.0,0.4133333333331848,-3.736666666666906
2023-08-08 03:30:00,2023-08-08 05:45:00,Short,1933.756666666667,1934.55,-2.3799999999991996,SL Hit,1934.55,3,78.88000000000648,135.0,0.9533333333331484,-1.756666666666888
2023-08-08 07:05:00,2023-08-08 07:15:00,Short,1933.1149999999998,1933.68,-1.1300000000005639,SL Hit,1933.68,2,77.75000000000591,10.0,0.9850000000001273,-0.40499999999974534
2023-08-08 07:30:00,2023-08-08 08:35:00,Short,1932.7,1932.76,-0.05999999999994543,SL Hit,1932.76,1,77.69000000000597,65.0,0.10999999999989996,-2.480000000000018
2023-08-08 11:40:00,2023-08-08 14:15:00,Short,1927.0300000000002,1927.37,-1.359999999998763,SL Hit,1927.37,4,76.3300000000072,155.0,3.049999999999727,-4.220000000000255
2023-08-08 15:55:00,2023-08-08 16:15:00,Short,1926.08,1926.0949999999998,-0.01499999999987267,SL Hit,1926.0949999999998,1,76.31500000000733,20.0,0.25,-1.9800000000000182
2023-08-08 18:15:00,2023-08-08 18:20:00,Short,1925.09,1925.09,0.0,SL Hit,1925.09,1,76.31500000000733,5.0,0.14000000000010004,-0.5
2023-08-08 22:30:00,2023-08-08 23:00:00,Long,1924.45,1924.2,-0.5,SL Hit,1924.2,2,75.81500000000733,30.0,-0.3500000000001364,1.0199999999999818
2023-08-08 23:20:00,2023-08-09 00:55:00,Long,1925.33,1925.0,-0.9899999999997817,SL Hit,1925.0,3,74.82500000000755,95.0,-1.0299999999999727,1.1400000000001
2023-08-09 01:25:00,2023-08-09 02:00:00,Long,1927.2849999999999,1927.0,-0.569999999999709,SL Hit,1927.0,2,74.25500000000784,35.0,-0.8949999999997544,1.5450000000000728
2023-08-09 04:15:00,2023-08-09 05:00:00,Short,1930.4399999999998,1930.76,-0.9600000000004911,SL Hit,1930.76,3,73.29500000000735,45.0,0.37000000000011823,-1.0399999999997362
2023-08-09 07:40:00,2023-08-09 07:50:00,Short,1930.16,1930.1750000000002,-0.015000000000100044,SL Hit,1930.1750000000002,1,73.28000000000725,10.0,0.06999999999993634,-0.8600000000001273
2023-08-09 09:30:00,2023-08-09 11:40:00,Short,1926.3749999999998,1925.29,4.339999999999236,SL Hit,1925.29,4,77.62000000000648,130.0,1.7650000000003274,-2.924999999999727
2023-08-09 12:15:00,2023-08-09 12:20:00,Short,1923.54,1923.54,0.0,SL Hit,1923.54,1,77.62000000000648,5.0,0.8500000000001364,-1.3399999999999181
2023-08-09 12:25:00,2023-08-09 12:30:00,Short,1923.82,1924.0900000000001,-0.2700000000002092,SL Hit,1924.0900000000001,1,77.35000000000628,5.0,1.3500000000001364,-1.2200000000000273
2023-08-09 15:30:00,2023-08-09 15:40:00,Short,1917.12,1917.12,0.0,SL Hit,1917.12,1,77.35000000000628,10.0,0.08000000000015461,-1.2899999999999636
2023-08-09 17:45:00,2023-08-09 17:50:00,Short,1916.46,1916.475,-0.01499999999987267,SL Hit,1916.475,1,77.3350000000064,5.0,0.13999999999987267,-1.3600000000001273
2023-08-09 17:55:00,2023-08-09 19:00:00,Short,1916.1566666666668,1916.18,-0.06999999999993634,SL Hit,1916.18,3,77.26500000000647,65.0,0.4833333333333485,-1.1566666666667516
2023-08-09 19:05:00,2023-08-09 19:10:00,Long,1916.0,1915.8650000000002,-0.13499999999976353,SL Hit,1915.8650000000002,1,77.1300000000067,5.0,-0.25,0.13000000000010914
2023-08-09 19:55:00,2023-08-09 22:00:00,Short,1915.0166666666667,1914.74,0.8299999999999272,SL Hit,1914.74,3,77.96000000000663,125.0,0.6233333333334485,-1.6166666666665606
2023-08-09 22:30:00,2023-08-09 22:40:00,Long,1915.82,1915.64,-0.1799999999998363,SL Hit,1915.64,1,77.7800000000068,10.0,-0.5199999999999818,0.5
2023-08-09 23:35:00,2023-08-09 23:40:00,Short,1916.53,1916.53,0.0,SL Hit,1916.53,1,77.7800000000068,5.0,0.18000000000006366,-0.9300000000000637
2023-08-10 04:40:00,2023-08-10 05:20:00,Short,1917.42,1917.51,-0.08999999999991815,SL Hit,1917.51,1,77.69000000000688,40.0,0.3999999999998636,-1.4600000000000364
2023-08-10 05:55:00,2023-08-10 06:00:00,Long,1917.81,1917.81,0.0,SL Hit,1917.81,1,77.69000000000688,5.0,-0.30999999999994543,0.9700000000000273
2023-08-10 08:35:00,2023-08-10 11:10:00,Long,1920.236666666667,1921.69,8.71999999999889,SL Hit,1921.69,6,86.41000000000577,155.0,-1.406666666666979,2.3033333333330575
2023-08-10 11:15:00,2023-08-10 11:30:00,Long,1921.595,1920.91,-1.3699999999998909,SL Hit,1920.91,2,85.04000000000588,15.0,-0.7149999999999181,0.5249999999998636
2023-08-10 11:35:00,2023-08-10 11:45:00,Short,1921.61,1921.7150000000001,-0.10500000000024556,Bullish Trade Reversal,1921.7150000000001,1,84.93500000000563,10.0,0.2700000000002092,-0.8099999999999454
2023-08-10 11:45:00,2023-08-10 13:10:00,Long,1924.1675,1922.94,-4.9099999999998545,SL Hit,1922.94,4,80.02500000000578,85.0,-3.3675000000000637,5.352499999999964
2023-08-10 13:50:00,2023-08-10 14:00:00,Long,1921.7,1920.62,-1.0800000000001546,SL Hit,1920.62,1,78.94500000000562,10.0,-1.6000000000001364,1.3899999999998727
2023-08-10 15:10:00,2023-08-10 15:15:00,Short,1914.35,1914.7399999999998,-0.38999999999987267,SL Hit,1914.7399999999998,1,78.55500000000575,5.0,1.300000000000182,-0.8399999999999181
2023-08-10 18:50:00,2023-08-10 19:00:00,Long,1914.41,1914.41,0.0,SL Hit,1914.41,1,78.55500000000575,10.0,-0.040000000000190994,0.5799999999999272
2023-08-10 19:05:00,2023-08-10 19:35:00,Long,1913.885,1913.5,-0.7699999999999818,SL Hit,1913.5,2,77.78500000000577,30.0,-1.0850000000000364,0.9149999999999636
2023-08-10 19:40:00,2023-08-11 00:15:00,Short,1912.8225,1912.66,0.6499999999996362,SL Hit,1912.66,4,78.4350000000054,275.0,0.8475000000000819,-1.9224999999999
2023-08-11 05:25:00,2023-08-11 07:15:00,Long,1915.4766666666667,1915.76,0.849999999999909,SL Hit,1915.76,3,79.28500000000531,110.0,-2.2766666666666424,2.013333333333321
2023-08-11 08:55:00,2023-08-11 09:25:00,Long,1918.67,1917.5,-2.3400000000001455,SL Hit,1917.5,2,76.94500000000517,30.0,-1.6000000000001364,0.9900000000000091
2023-08-11 11:30:00,2023-08-11 12:30:00,Long,1918.8499999999997,1917.9,-2.849999999998772,SL Hit,1917.9,3,74.0950000000064,60.0,-3.6999999999995907,1.9800000000002456
2023-08-11 14:05:00,2023-08-11 15:15:00,Long,1918.54,1916.92,-3.2399999999997817,SL Hit,1916.92,2,70.85500000000661,70.0,-2.3099999999999454,1.2899999999999636
2023-08-11 15:25:00,2023-08-11 16:35:00,Short,1915.9299999999998,1915.02,1.819999999999709,SL Hit,1915.02,2,72.67500000000632,70.0,1.1600000000000819,-3.3299999999999272
2023-08-11 16:40:00,2023-08-11 16:50:00,Long,1914.24,1914.18,-0.05999999999994543,SL Hit,1914.18,1,72.61500000000638,10.0,-0.18000000000006366,0.32999999999992724
2023-08-11 17:10:00,2023-08-11 17:20:00,Long,1915.05,1914.8250000000003,-0.22499999999968168,SL Hit,1914.8250000000003,1,72.3900000000067,10.0,-1.1499999999998636,0.20000000000004547
2023-08-11 19:00:00,2023-08-11 19:50:00,Short,1913.2466666666667,1913.46,-0.6400000000001,SL Hit,1913.46,3,71.7500000000066,50.0,0.2533333333333303,-1.1466666666667606
2023-08-11 19:55:00,2023-08-11 20:05:00,Long,1913.33,1913.33,0.0,SL Hit,1913.33,1,71.7500000000066,10.0,-0.029999999999972715,0.5199999999999818
2023-08-11 20:50:00,2023-08-13 22:00:00,Long,1913.1,1913.1,0.0,SL Hit,1913.1,1,71.7500000000066,2950.0,-0.2999999999999545,1.8500000000001364
2023-08-13 22:25:00,2023-08-13 22:40:00,Long,1914.0,1914.0,0.0,SL Hit,1914.0,1,71.7500000000066,15.0,-0.900000000000091,0.8699999999998909
2023-08-14 00:15:00,2023-08-14 00:20:00,Short,1911.94,1911.94,0.0,SL Hit,1911.94,1,71.7500000000066,5.0,-0.0,-0.4500000000000455
2023-08-14 00:45:00,2023-08-14 00:55:00,Short,1911.12,1911.1800000000003,-0.06000000000040018,SL Hit,1911.1800000000003,1,71.6900000000062,10.0,0.2700000000002092,-1.1199999999998909
2023-08-14 06:05:00,2023-08-14 06:10:00,Short,1912.33,1912.4500000000003,-0.12000000000034561,SL Hit,1912.4500000000003,1,71.57000000000585,5.0,0.36000000000012733,-0.5799999999999272
2023-08-14 06:25:00,2023-08-14 06:35:00,Long,1912.85,1912.4899999999998,-0.36000000000012733,SL Hit,1912.4899999999998,1,71.21000000000572,10.0,-0.38999999999987267,0.42000000000007276
2023-08-14 08:20:00,2023-08-14 08:30:00,Long,1915.07,1915.07,0.0,SL Hit,1915.07,1,71.21000000000572,10.0,-0.5899999999999181,0.8500000000001364
2023-08-14 09:15:00,2023-08-14 10:15:00,Short,1913.8249999999998,1914.04,-0.43000000000029104,SL Hit,1914.04,2,70.78000000000543,60.0,0.48500000000012733,-2.224999999999909
2023-08-14 10:25:00,2023-08-14 11:05:00,Long,1914.3200000000002,1914.11,-0.4200000000005275,SL Hit,1914.11,2,70.3600000000049,40.0,-0.45000000000027285,0.5899999999999181
2023-08-14 11:30:00,2023-08-14 11:35:00,Short,1913.68,1913.86,-0.1799999999998363,SL Hit,1913.86,1,70.18000000000507,5.0,0.2400000000000091,-0.37000000000011823
2023-08-14 16:50:00,2023-08-14 16:55:00,Long,1912.42,1912.06,-0.36000000000012733,SL Hit,1912.06,1,69.82000000000494,5.0,-0.5600000000001728,0.3999999999998636
2023-08-14 20:00:00,2023-08-14 20:10:00,Short,1907.44,1907.605,-0.16499999999996362,SL Hit,1907.605,1,69.65500000000497,10.0,0.30999999999994543,-0.19000000000005457
2023-08-14 22:50:00,2023-08-14 22:55:00,Long,1907.53,1907.5,-0.029999999999972715,SL Hit,1907.5,1,69.625000000005,5.0,-0.8299999999999272,0.17000000000007276
2023-08-15 01:05:00,2023-08-15 01:15:00,Long,1906.05,1905.63,-0.4199999999998454,SL Hit,1905.63,1,69.20500000000516,10.0,-0.4500000000000455,0.5099999999999909
2023-08-15 01:35:00,2023-08-15 01:40:00,Short,1904.52,1904.6399999999999,-0.11999999999989086,SL Hit,1904.6399999999999,1,69.08500000000527,5.0,1.759999999999991,-1.0199999999999818
2023-08-15 04:35:00,2023-08-15 05:20:00,Short,1906.83,1907.085,-0.25500000000010914,SL Hit,1907.085,1,68.83000000000516,45.0,0.5,-0.9800000000000182
2023-08-15 05:30:00,2023-08-15 05:35:00,Long,1905.32,1905.32,0.0,SL Hit,1905.32,1,68.83000000000516,5.0,-0.7400000000000091,0.7899999999999636
2023-08-15 06:45:00,2023-08-15 06:55:00,Short,1905.0,1905.0,0.0,SL Hit,1905.0,1,68.83000000000516,10.0,0.07999999999992724,-1.0
2023-08-15 07:30:00,2023-08-15 07:40:00,Short,1904.26,1904.77,-0.5099999999999909,SL Hit,1904.77,1,68.32000000000517,10.0,0.6900000000000546,-1.4600000000000364
2023-08-15 08:25:00,2023-08-15 08:35:00,Short,1904.24,1904.4049999999997,-0.16499999999973625,SL Hit,1904.4049999999997,1,68.15500000000543,10.0,0.8900000000001,-0.5599999999999454
2023-08-15 12:25:00,2023-08-15 12:40:00,Short,1903.34,1903.34,0.0,SL Hit,1903.34,1,68.15500000000543,15.0,0.8900000000001,-6.649999999999864
2023-08-15 12:55:00,2023-08-15 13:00:00,Long,1903.28,1902.7250000000001,-0.5549999999998363,SL Hit,1902.7250000000001,1,67.6000000000056,5.0,-1.2699999999999818,1.6400000000001
2023-08-15 14:15:00,2023-08-15 16:00:00,Long,1906.1,1906.0,-0.1999999999998181,SL Hit,1906.0,2,67.40000000000578,105.0,-1.9800000000000182,5.240000000000009
2023-08-15 18:50:00,2023-08-15 19:35:00,Short,1903.225,1903.2,0.04999999999972715,SL Hit,1903.2,2,67.4500000000055,45.0,0.4550000000001546,-1.324999999999818
2023-08-15 19:45:00,2023-08-15 19:55:00,Long,1902.75,1901.9250000000002,-0.8249999999998181,Bearish Trade Reversal,1901.9250000000002,1,66.62500000000568,10.0,-0.5499999999999545,0.39000000000010004
2023-08-15 19:55:00,2023-08-15 20:05:00,Short,1902.72,1903.065,-0.3450000000000273,SL Hit,1903.065,1,66.28000000000566,10.0,0.5899999999999181,-0.33999999999991815
2023-08-15 20:30:00,2023-08-15 22:05:00,Short,1902.34,1902.34,0.0,SL Hit,1902.34,1,66.28000000000566,95.0,-0.0,-1.5399999999999636
2023-08-16 01:50:00,2023-08-16 01:55:00,Long,1903.03,1902.88,-0.14999999999986358,SL Hit,1902.88,1,66.1300000000058,5.0,-0.5099999999999909,0.9400000000000546
2023-08-16 03:35:00,2023-08-16 03:50:00,Long,1904.075,1903.94,-0.2699999999999818,SL Hit,1903.94,2,65.86000000000581,15.0,-0.6749999999999545,0.3450000000000273
2023-08-16 03:55:00,2023-08-16 05:00:00,Short,1904.09,1904.46,-0.7400000000002365,SL Hit,1904.46,2,65.12000000000558,65.0,0.38000000000010914,-1.25
2023-08-16 05:05:00,2023-08-16 06:50:00,Long,1905.005,1905.4,1.5799999999999272,SL Hit,1905.4,4,66.7000000000055,105.0,-1.5050000000001091,1.4149999999999636
2023-08-16 07:05:00,2023-08-16 08:30:00,Short,1904.82,1904.94,-0.3600000000003547,SL Hit,1904.94,3,66.34000000000515,85.0,0.7100000000000364,-1.9399999999998272
2023-08-16 09:00:00,2023-08-16 09:50:00,Long,1905.35,1905.23,-0.11999999999989086,SL Hit,1905.23,1,66.22000000000526,50.0,-0.34999999999990905,1.75
2023-08-16 10:55:00,2023-08-16 13:35:00,Short,1903.8250000000003,1903.97,-0.5799999999990177,SL Hit,1903.97,4,65.64000000000624,160.0,2.7649999999996453,-3.4850000000003547
2023-08-16 15:05:00,2023-08-16 18:20:00,Short,1900.845,1898.53,13.890000000000327,SL Hit,1898.53,6,79.53000000000657,195.0,3.8450000000000273,-5.845000000000027
2023-08-16 18:55:00,2023-08-16 19:00:00,Short,1895.0,1895.1349999999998,-0.13499999999976353,SL Hit,1895.1349999999998,1,79.3950000000068,5.0,0.32999999999992724,-0.4900000000000091
2023-08-16 23:00:00,2023-08-17 01:40:00,Short,1892.556,1892.17,1.9299999999998363,SL Hit,1892.17,5,81.32500000000664,160.0,1.69399999999996,-2.816000000000031
2023-08-17 01:55:00,2023-08-17 02:00:00,Long,1891.96,1891.7199999999998,-0.24000000000023647,SL Hit,1891.7199999999998,1,81.0850000000064,5.0,-0.36000000000012733,1.009999999999991
2023-08-17 02:55:00,2023-08-17 03:00:00,Long,1893.58,1892.98,-0.599999999999909,SL Hit,1892.98,1,80.4850000000065,5.0,-0.7799999999999727,0.2300000000000182
2023-08-17 05:35:00,2023-08-17 05:55:00,Short,1892.65,1892.9799999999998,-0.32999999999969987,SL Hit,1892.9799999999998,1,80.1550000000068,20.0,0.6999999999998181,-1.150000000000091
2023-08-17 06:15:00,2023-08-17 07:25:00,Long,1894.83,1896.13,2.600000000000364,SL Hit,1896.13,2,82.75500000000716,70.0,-1.5599999999999454,2.490000000000009
2023-08-17 08:05:00,2023-08-17 08:15:00,Short,1895.95,1896.025,-0.07500000000004547,SL Hit,1896.025,1,82.68000000000711,10.0,0.2400000000000091,-0.5699999999999363
2023-08-17 08:50:00,2023-08-17 09:45:00,Short,1894.54,1894.5,0.07999999999992724,SL Hit,1894.5,2,82.76000000000704,55.0,0.8700000000001182,-0.8699999999998909
2023-08-17 11:30:00,2023-08-17 11:40:00,Long,1898.22,1898.16,-0.05999999999994543,SL Hit,1898.16,1,82.7000000000071,10.0,-0.900000000000091,1.1800000000000637
2023-08-17 14:20:00,2023-08-17 14:45:00,Short,1895.97,1895.97,0.0,SL Hit,1895.97,1,82.7000000000071,25.0,0.22000000000002728,-2.769999999999982
2023-08-17 15:25:00,2023-08-17 16:20:00,Short,1891.7733333333333,1890.64,3.399999999999636,SL Hit,1890.64,3,86.10000000000673,55.0,2.1866666666667243,-2.9733333333333576
2023-08-17 17:05:00,2023-08-17 18:55:00,Short,1886.5075,1886.6,-0.36999999999989086,SL Hit,1886.6,4,85.73000000000684,110.0,1.2425000000000637,-1.8074999999998909
2023-08-17 23:00:00,2023-08-17 23:05:00,Long,1889.94,1889.58,-0.36000000000012733,SL Hit,1889.58,1,85.37000000000671,5.0,-0.9400000000000546,0.6499999999998636
2023-08-18 00:20:00,2023-08-18 00:25:00,Long,1891.51,1891.435,-0.07500000000004547,SL Hit,1891.435,1,85.29500000000667,5.0,-0.10999999999989996,0.22000000000002728
2023-08-18 02:05:00,2023-08-18 02:10:00,Short,1893.66,1893.8249999999998,-0.16499999999973625,SL Hit,1893.8249999999998,1,85.13000000000693,5.0,0.9299999999998363,-0.3000000000001819
2023-08-18 02:55:00,2023-08-18 05:40:00,Short,1893.07,1893.23,-0.48000000000024556,SL Hit,1893.23,3,84.65000000000668,165.0,0.4700000000000273,-2.769999999999982
2023-08-18 05:50:00,2023-08-18 06:05:00,Long,1892.98,1892.695,-0.28500000000008185,SL Hit,1892.695,1,84.3650000000066,15.0,-0.6900000000000546,1.0299999999999727
2023-08-18 07:10:00,2023-08-18 07:25:00,Long,1892.36,1892.27,-0.08999999999991815,SL Hit,1892.27,1,84.27500000000668,15.0,-0.11999999999989086,0.6400000000001
2023-08-18 07:40:00,2023-08-18 08:20:00,Long,1892.9250000000002,1892.52,-0.8100000000004002,SL Hit,1892.52,2,83.46500000000628,40.0,-1.0150000000001,0.974999999999909
2023-08-18 09:35:00,2023-08-18 09:40:00,Short,1891.95,1892.5950000000003,-0.6450000000002092,Bullish Trade Reversal,1892.5950000000003,1,82.82000000000608,5.0,0.6499999999998636,-0.05999999999994543
2023-08-18 09:40:00,2023-08-18 10:55:00,Long,1893.3375,1894.24,3.6099999999996726,SL Hit,1894.24,4,86.43000000000575,75.0,-1.4375,2.0924999999999727
2023-08-18 11:00:00,2023-08-18 11:30:00,Short,1894.23,1894.23,0.0,SL Hit,1894.23,1,86.43000000000575,30.0,-0.0,-1.4300000000000637
2023-08-18 17:20:00,2023-08-18 17:50:00,Short,1887.7,1889.4099999999999,-1.709999999999809,SL Hit,1889.4099999999999,1,84.72000000000594,30.0,1.9300000000000637,-0.8500000000001364
2023-08-18 20:30:00,2023-08-22 08:20:00,Long,1893.2633333333333,1899.6,19.009999999999764,SL Hit,1899.6,3,103.7300000000057,5030.0,-4.9833333333333485,8.976666666666688
2023-08-22 16:40:00,2023-08-22 17:00:00,Short,1897.53,1897.785,-0.25500000000010914,SL Hit,1897.785,1,103.4750000000056,20.0,0.2799999999999727,-1.3299999999999272
2023-08-22 18:00:00,2023-08-22 18:20:00,Long,1897.37,1896.9,-0.9399999999995998,SL Hit,1896.9,2,102.535000000006,20.0,-0.959999999999809,0.3500000000001364
2023-08-22 20:20:00,2023-08-22 22:00:00,Short,1897.31,1897.565,-0.25500000000010914,SL Hit,1897.565,1,102.28000000000588,100.0,0.3500000000001364,-0.7100000000000364
2023-08-22 23:05:00,2023-08-22 23:10:00,Short,1897.84,1897.87,-0.029999999999972715,SL Hit,1897.87,1,102.25000000000591,5.0,0.15000000000009095,-0.8399999999999181
2023-08-22 23:30:00,2023-08-22 23:35:00,Long,1898.04,1897.575,-0.46499999999991815,SL Hit,1897.575,1,101.785000000006,5.0,-0.6399999999998727,0.2400000000000091
2023-08-22 23:40:00,2023-08-23 02:45:00,Long,1899.81,1900.9,5.450000000000728,SL Hit,1900.9,5,107.23500000000672,185.0,-2.1099999999999,2.75
2023-08-23 02:50:00,2023-08-23 03:35:00,Short,1901.31,1901.31,0.0,SL Hit,1901.31,1,107.23500000000672,45.0,0.6000000000001364,-1.2100000000000364
2023-08-23 05:40:00,2023-08-23 05:50:00,Long,1902.79,1902.79,0.0,SL Hit,1902.79,1,107.23500000000672,10.0,-0.05999999999994543,1.0299999999999727
2023-08-23 07:10:00,2023-08-23 07:15:00,Short,1902.91,1903.09,-0.1799999999998363,SL Hit,1903.09,1,107.05500000000688,5.0,0.5199999999999818,-0.3300000000001546
2023-08-23 08:50:00,2023-08-23 09:25:00,Long,1904.0349999999999,1903.56,-0.9499999999998181,SL Hit,1903.56,2,106.10500000000707,35.0,-0.9249999999999545,1.0450000000000728
2023-08-23 10:40:00,2023-08-23 10:50:00,Short,1901.97,1902.4499999999998,-0.4799999999997908,SL Hit,1902.4499999999998,1,105.62500000000728,10.0,1.4800000000000182,-0.43000000000006366
2023-08-23 11:35:00,2023-08-23 11:50:00,Long,1903.92,1902.84,-2.1600000000003092,SL Hit,1902.84,2,103.46500000000697,15.0,-1.3200000000001637,0.5399999999999636
2023-08-23 11:55:00,2023-08-23 12:00:00,Short,1903.28,1903.6100000000001,-0.3300000000001546,SL Hit,1903.6100000000001,1,103.13500000000681,5.0,1.0699999999999363,-0.18000000000006366
2023-08-23 18:05:00,2023-08-23 22:05:00,Short,1916.925,1916.61,0.6300000000001091,SL Hit,1916.61,2,103.76500000000692,240.0,1.0750000000000455,-2.5650000000000546
2023-08-23 23:30:00,2023-08-24 01:10:00,Long,1917.7766666666666,1917.8,0.06999999999993634,SL Hit,1917.8,3,103.83500000000686,100.0,-1.2766666666666424,1.4033333333334213
2023-08-24 01:25:00,2023-08-24 01:30:00,Short,1918.0,1918.0,0.0,SL Hit,1918.0,1,103.83500000000686,5.0,0.5299999999999727,-0.5099999999999909
2023-08-24 02:45:00,2023-08-24 02:50:00,Long,1919.94,1919.94,0.0,SL Hit,1919.94,1,103.83500000000686,5.0,-0.09000000000014552,0.7999999999999545
2023-08-24 03:45:00,2023-08-24 04:05:00,Long,1920.9099999999999,1920.0,-1.819999999999709,SL Hit,1920.0,2,102.01500000000715,20.0,-1.0099999999997635,0.3200000000001637
2023-08-24 05:55:00,2023-08-24 06:30:00,Long,1921.5749999999998,1920.56,-2.0299999999997453,SL Hit,1920.56,2,99.9850000000074,35.0,-1.6749999999997272,1.0150000000001
2023-08-24 06:55:00,2023-08-24 07:10:00,Long,1921.61,1921.0700000000002,-0.5399999999997362,SL Hit,1921.0700000000002,1,99.44500000000767,15.0,-0.6699999999998454,0.40000000000009095
2023-08-24 07:55:00,2023-08-24 08:00:00,Short,1919.92,1920.58,-0.6599999999998545,SL Hit,1920.58,1,98.78500000000781,5.0,1.2999999999999545,-0.44000000000005457
2023-08-24 10:05:00,2023-08-24 13:45:00,Short,1916.1842857142856,1914.93,8.779999999998608,SL Hit,1914.93,7,107.56500000000642,220.0,4.465714285714512,-4.1442857142856155
2023-08-24 13:50:00,2023-08-24 15:15:00,Long,1918.4025,1920.6,8.789999999999964,SL Hit,1920.6,4,116.35500000000638,85.0,-3.3924999999999272,4.607500000000073
2023-08-24 16:25:00,2023-08-24 17:25:00,Short,1918.9599999999998,1918.23,2.1899999999993724,SL Hit,1918.23,3,118.54500000000576,60.0,0.7700000000002092,-2.2599999999997635
2023-08-24 18:50:00,2023-08-24 19:20:00,Short,1917.7,1917.7,0.0,SL Hit,1917.7,1,118.54500000000576,30.0,0.2400000000000091,-1.1000000000001364
2023-08-24 20:00:00,2023-08-24 22:05:00,Short,1916.9399999999998,1917.05,-0.330000000000382,SL Hit,1917.05,3,118.21500000000538,125.0,0.39000000000010004,-1.0399999999997362
2023-08-25 02:25:00,2023-08-25 04:50:00,Short,1914.9133333333332,1914.33,1.7499999999997726,SL Hit,1914.33,3,119.96500000000515,145.0,2.006666666666888,-2.013333333333094
2023-08-25 05:05:00,2023-08-25 05:15:00,Short,1913.41,1913.605,-0.19499999999993634,SL Hit,1913.605,1,119.77000000000521,10.0,0.38999999999987267,-1.1100000000001273
2023-08-25 11:55:00,2023-08-25 12:30:00,Long,1917.17,1917.17,0.0,SL Hit,1917.17,1,119.77000000000521,35.0,-0.4700000000000273,2.980000000000018
2023-08-25 12:50:00,2023-08-25 13:10:00,Short,1916.53,1917.355,-0.8250000000000455,SL Hit,1917.355,1,118.94500000000517,20.0,0.9100000000000819,-1.0299999999999727
2023-08-25 14:00:00,2023-08-25 14:05:00,Long,1915.62,1909.125,-6.494999999999891,Bearish Trade Reversal,1909.125,1,112.45000000000528,5.0,-4.329999999999927,5.480000000000018
2023-08-25 14:05:00,2023-08-25 14:15:00,Short,1918.19,1921.1,-5.819999999999709,SL Hit,1921.1,2,106.63000000000557,10.0,4.059999999999945,-2.3099999999999454
2023-08-25 14:30:00,2023-08-25 15:25:00,Short,1907.645,1906.98,1.3299999999999272,SL Hit,1906.98,2,107.9600000000055,55.0,4.434999999999945,-4.244999999999891
2023-08-25 15:30:00,2023-08-25 19:50:00,Long,1910.61375,1913.39,22.210000000000946,SL Hit,1913.39,8,130.17000000000644,260.0,-4.623749999999973,3.996249999999918
2023-08-25 20:25:00,2023-08-25 20:40:00,Short,1913.56,1913.845,-0.28500000000008185,SL Hit,1913.845,1,129.88500000000636,15.0,0.6100000000001273,-0.7599999999999909
2023-08-25 20:55:00,2023-08-27 23:55:00,Long,1914.81,1914.2,-1.2199999999998,SL Hit,1914.2,2,128.66500000000656,3060.0,-0.9700000000000273,1.1600000000000819
2023-08-28 01:15:00,2023-08-28 01:40:00,Long,1916.385,1915.68,-1.4099999999998545,SL Hit,1915.68,2,127.2550000000067,25.0,-0.9949999999998909,0.8350000000000364
2023-08-28 01:45:00,2023-08-28 02:15:00,Short,1915.83,1915.86,-0.029999999999972715,SL Hit,1915.86,1,127.22500000000673,30.0,0.11000000000012733,-0.6699999999998454
2023-08-28 04:55:00,2023-08-28 05:05:00,Short,1915.59,1915.6650000000002,-0.07500000000027285,SL Hit,1915.6650000000002,1,127.15000000000646,10.0,0.2799999999999727,-0.4499999999998181
2023-08-28 07:15:00,2023-08-28 09:05:00,Short,1914.97,1915.16,-0.7600000000002183,SL Hit,1915.16,4,126.39000000000624,110.0,0.9900000000000091,-1.8700000000001182
2023-08-28 12:05:00,2023-08-28 12:15:00,Long,1914.1,1914.1,0.0,SL Hit,1914.1,1,126.39000000000624,10.0,-0.6099999999999,1.1900000000000546
2023-08-28 12:25:00,2023-08-28 12:40:00,Short,1914.74,1915.58,-1.6799999999998363,SL Hit,1915.58,2,124.7100000000064,15.0,1.9500000000000455,-1.4200000000000728
2023-08-28 13:50:00,2023-08-28 15:00:00,Long,1917.54,1918.52,1.9600000000000364,SL Hit,1918.52,2,126.67000000000644,70.0,-1.0899999999999181,2.2000000000000455
2023-08-28 15:10:00,2023-08-28 15:15:00,Short,1918.63,1919.29,-0.6599999999998545,SL Hit,1919.29,1,126.01000000000658,5.0,1.6199999999998909,-0.9300000000000637
2023-08-28 18:10:00,2023-08-28 18:55:00,Short,1919.585,1919.77,-0.36999999999989086,SL Hit,1919.77,2,125.6400000000067,45.0,0.4049999999999727,-0.7850000000000819
2023-08-28 19:00:00,2023-08-28 19:55:00,Long,1920.0233333333333,1919.1,-2.770000000000209,SL Hit,1919.1,3,122.87000000000648,55.0,-1.2233333333333576,0.5066666666666606
2023-08-28 23:10:00,2023-08-28 23:35:00,Long,1920.9566666666667,1920.1,-2.570000000000391,SL Hit,1920.1,3,120.3000000000061,25.0,-0.856666666666797,0.43333333333339397
2023-08-29 00:05:00,2023-08-29 00:25:00,Long,1921.025,1920.4,-1.25,SL Hit,1920.4,2,119.0500000000061,20.0,-0.8250000000000455,0.9249999999999545
2023-08-29 04:05:00,2023-08-29 05:40:00,Short,1924.915,1925.06,-0.2899999999999636,SL Hit,1925.06,2,118.76000000000613,95.0,0.5050000000001091,-1.8150000000000546
2023-08-29 06:00:00,2023-08-29 06:15:00,Long,1924.72,1924.3,-0.8400000000001455,SL Hit,1924.3,2,117.92000000000598,15.0,-0.4800000000000182,0.43000000000006366
2023-08-29 08:50:00,2023-08-29 09:15:00,Long,1923.3633333333335,1922.77,-1.7800000000004275,SL Hit,1922.77,3,116.14000000000556,25.0,-1.1633333333334122,0.37666666666655146
2023-08-29 09:20:00,2023-08-29 09:25:00,Short,1922.8,1922.8899999999999,-0.08999999999991815,SL Hit,1922.8899999999999,1,116.05000000000564,5.0,0.19000000000005457,-0.25
2023-08-29 10:20:00,2023-08-29 12:50:00,Short,1919.7399999999998,1916.4,10.019999999999072,SL Hit,1916.4,3,126.07000000000471,150.0,3.130000000000109,-5.209999999999809
2023-08-29 13:40:00,2023-08-29 16:10:00,Long,1928.288,1936.25,39.809999999999945,SL Hit,1936.25,5,165.88000000000466,150.0,-10.188000000000102,9.261999999999944
2023-08-29 16:40:00,2023-08-29 16:45:00,Short,1934.63,1934.63,0.0,SL Hit,1934.63,1,165.88000000000466,5.0,0.4799999999997908,-0.290000000000191
2023-08-29 19:55:00,2023-08-29 20:30:00,Long,1937.53,1937.1,-0.8600000000001273,SL Hit,1937.1,2,165.02000000000453,35.0,-0.8299999999999272,0.4900000000000091
2023-08-29 20:35:00,2023-08-29 20:45:00,Short,1937.62,1937.62,0.0,SL Hit,1937.62,1,165.02000000000453,10.0,0.07000000000016371,-0.1999999999998181
2023-08-29 22:10:00,2023-08-29 22:35:00,Short,1937.01,1937.085,-0.07500000000004547,SL Hit,1937.085,1,164.94500000000448,25.0,0.15000000000009095,-1.009999999999991
2023-08-29 23:05:00,2023-08-29 23:15:00,Long,1936.98,1936.4,-1.1599999999998545,SL Hit,1936.4,2,163.78500000000463,10.0,-0.9800000000000182,0.21000000000003638
2023-08-29 23:40:00,2023-08-30 00:15:00,Short,1936.395,1936.52,-0.25,SL Hit,1936.52,2,163.53500000000463,35.0,0.1349999999999909,-0.9949999999998909
2023-08-30 03:10:00,2023-08-30 03:20:00,Short,1936.36,1936.525,-0.165000000000191,SL Hit,1936.525,1,163.37000000000444,10.0,0.21000000000003638,-0.959999999999809
2023-08-30 10:00:00,2023-08-30 10:05:00,Long,1937.9,1937.8850000000002,-0.01499999999987267,SL Hit,1937.8850000000002,1,163.35500000000457,5.0,-0.3000000000001819,0.2799999999999727
2023-08-30 10:25:00,2023-08-30 10:40:00,Short,1936.8,1937.145,-0.3450000000000273,SL Hit,1937.145,1,163.01000000000454,15.0,0.7599999999999909,-0.7999999999999545
2023-08-30 11:20:00,2023-08-30 11:25:00,Long,1937.79,1937.52,-0.2699999999999818,SL Hit,1937.52,1,162.74000000000456,5.0,-0.2899999999999636,0.9900000000000091
2023-08-30 13:50:00,2023-08-30 15:05:00,Long,1946.9775,1945.34,-6.550000000000182,SL Hit,1945.34,4,156.19000000000437,75.0,-2.177500000000009,1.7225000000000819
2023-08-30 18:15:00,2023-08-30 22:00:00,Short,1943.3500000000001,1943.03,1.9200000000009823,SL Hit,1943.03,6,158.11000000000536,225.0,1.0199999999997544,-1.4500000000000455
2023-08-31 02:25:00,2023-08-31 02:35:00,Long,1946.2,1946.2,0.0,SL Hit,1946.2,1,158.11000000000536,10.0,-0.08000000000015461,1.1299999999998818
2023-08-31 05:20:00,2023-08-31 06:00:00,Short,1945.07,1945.35,-0.5599999999999454,SL Hit,1945.35,2,157.5500000000054,40.0,0.5099999999999909,-1.0699999999999363
2023-08-31 06:30:00,2023-08-31 06:35:00,Short,1944.4,1944.46,-0.05999999999994543,SL Hit,1944.46,1,157.49000000000547,5.0,0.08999999999991815,-0.7000000000000455
2023-08-31 09:10:00,2023-08-31 09:40:00,Short,1944.38,1944.78,-0.7999999999997272,SL Hit,1944.78,2,156.69000000000574,30.0,0.459999999999809,-0.7700000000002092
2023-08-31 09:50:00,2023-08-31 09:55:00,Long,1944.43,1944.43,0.0,SL Hit,1944.43,1,156.69000000000574,5.0,-0.009999999999990905,0.35999999999989996
2023-08-31 11:50:00,2023-08-31 12:35:00,Long,1944.89,1944.7399999999998,-0.15000000000031832,SL Hit,1944.7399999999998,1,156.54000000000542,45.0,-1.3800000000001091,2.689999999999827
2023-08-31 13:40:00,2023-08-31 13:45:00,Short,1942.88,1943.72,-0.8399999999999181,SL Hit,1943.72,1,155.7000000000055,5.0,1.1299999999998818,-1.7200000000000273
2023-08-31 14:40:00,2023-08-31 14:55:00,Short,1942.93,1942.96,-0.029999999999972715,SL Hit,1942.96,1,155.67000000000553,15.0,0.029999999999972715,-1.4100000000000819
2023-08-31 16:40:00,2023-08-31 16:45:00,Long,1942.02,1941.735,-0.28500000000008185,SL Hit,1941.735,1,155.38500000000545,5.0,-0.7000000000000455,0.09999999999990905
2023-08-31 16:55:00,2023-08-31 17:50:00,Short,1940.88,1940.62,0.5200000000004366,SL Hit,1940.62,2,155.90500000000588,55.0,1.0199999999999818,-1.7700000000002092
2023-08-31 17:55:00,2023-08-31 19:10:00,Long,1941.2266666666667,1940.8,-1.2800000000002,SL Hit,1940.8,3,154.62500000000568,75.0,-1.0166666666666515,0.8233333333332666
2023-08-31 19:15:00,2023-09-01 00:00:00,Short,1940.4566666666663,1940.08,2.2599999999979445,SL Hit,1940.08,6,156.88500000000363,285.0,0.9233333333338578,-2.0566666666661604
2023-09-01 00:45:00,2023-09-01 00:50:00,Short,1938.85,1938.94,-0.09000000000014552,SL Hit,1938.94,1,156.79500000000348,5.0,0.19000000000005457,-0.15999999999985448
2023-09-01 02:05:00,2023-09-01 04:35:00,Short,1940.6766666666665,1939.15,4.579999999999245,SL Hit,1939.15,3,161.37500000000273,150.0,1.8633333333334576,-3.176666666666506
2023-09-01 05:40:00,2023-09-01 05:45:00,Long,1940.1,1939.8300000000002,-0.26999999999975444,SL Hit,1939.8300000000002,1,161.10500000000297,5.0,-0.7999999999999545,0.4700000000000273
2023-09-01 06:15:00,2023-09-01 06:55:00,Short,1939.3866666666665,1939.78,-1.180000000000291,SL Hit,1939.78,3,159.92500000000268,40.0,0.9533333333333758,-1.2866666666666333
2023-09-01 08:00:00,2023-09-01 08:25:00,Long,1943.1666666666667,1942.4,-2.2999999999999545,SL Hit,1942.4,3,157.62500000000273,25.0,-1.0466666666668516,0.4833333333333485
2023-09-01 12:30:00,2023-09-01 13:20:00,Long,1949.7833333333335,1947.29,-7.4800000000007,SL Hit,1947.29,3,150.14500000000203,50.0,-4.343333333333476,2.5066666666664332
2023-09-01 14:20:00,2023-09-01 14:55:00,Short,1938.93,1939.335,-0.4049999999999727,SL Hit,1939.335,1,149.74000000000206,35.0,1.1099999999999,-4.320000000000164
2023-09-01 19:40:00,2023-09-04 00:45:00,Short,1940.3066666666666,1940.13,0.529999999999518,SL Hit,1940.13,3,150.27000000000157,3185.0,1.3533333333334667,-1.3066666666666151
2023-09-04 01:30:00,2023-09-04 03:20:00,Long,1943.735,1944.8,2.130000000000109,SL Hit,1944.8,2,152.40000000000168,110.0,-2.334999999999809,2.2450000000001182
2023-09-04 06:45:00,2023-09-04 06:50:00,Short,1944.99,1944.99,0.0,SL Hit,1944.99,1,152.40000000000168,5.0,0.12999999999988177,-0.5499999999999545
2023-09-04 07:00:00,2023-09-04 07:55:00,Short,1944.2649999999999,1944.13,0.26999999999952706,SL Hit,1944.13,2,152.6700000000012,55.0,0.8250000000000455,-1.1449999999999818
2023-09-04 08:40:00,2023-09-04 08:55:00,Short,1943.59,1943.71,-0.12000000000011823,SL Hit,1943.71,1,152.5500000000011,15.0,0.20000000000004547,-1.6899999999998272
2023-09-04 11:30:00,2023-09-04 11:35:00,Short,1940.19,1940.4750000000001,-0.28500000000008185,SL Hit,1940.4750000000001,1,152.265000000001,5.0,0.7200000000000273,-0.30999999999994543
2023-09-04 14:10:00,2023-09-04 14:30:00,Short,1937.62,1937.7400000000002,-0.12000000000034561,SL Hit,1937.7400000000002,1,152.14500000000066,20.0,0.9500000000000455,-0.8199999999999363
2023-09-04 15:00:00,2023-09-04 15:40:00,Long,1938.39,1937.8,-1.7700000000004366,SL Hit,1937.8,3,150.37500000000023,40.0,-1.0900000000001455,0.6199999999998909
2023-09-04 16:55:00,2023-09-04 17:00:00,Short,1938.23,1938.335,-0.10500000000001819,SL Hit,1938.335,1,150.2700000000002,5.0,0.11999999999989086,-0.13000000000010914
2023-09-04 22:10:00,2023-09-04 23:20:00,Long,1938.16,1937.3199999999997,-0.8400000000003729,SL Hit,1937.3199999999997,1,149.42999999999984,70.0,-1.1600000000000819,0.33999999999991815
2023-09-04 23:25:00,2023-09-05 01:20:00,Short,1937.6899999999998,1937.88,-0.5700000000008458,SL Hit,1937.88,3,148.859999999999,115.0,0.5700000000001637,-1.3899999999998727
2023-09-05 05:00:00,2023-09-05 05:05:00,Long,1938.56,1938.2900000000002,-0.26999999999975444,SL Hit,1938.2900000000002,1,148.58999999999924,5.0,-0.2799999999999727,0.2400000000000091
2023-09-05 06:05:00,2023-09-05 07:00:00,Short,1936.76,1936.895,-0.1349999999999909,SL Hit,1936.895,1,148.45499999999925,55.0,0.7300000000000182,-1.6600000000000819
2023-09-05 08:00:00,2023-09-05 10:40:00,Short,1933.39,1932.06,3.990000000000464,SL Hit,1932.06,3,152.4449999999997,160.0,2.1399999999998727,-3.3900000000001
2023-09-05 10:45:00,2023-09-05 11:05:00,Long,1931.71,1930.3,-2.8200000000001637,SL Hit,1930.3,2,149.62499999999955,20.0,-2.2100000000000364,0.22000000000002728
2023-09-05 12:00:00,2023-09-05 12:15:00,Long,1930.5,1930.3200000000002,-0.1799999999998363,SL Hit,1930.3200000000002,1,149.4449999999997,15.0,-0.7699999999999818,1.150000000000091
2023-09-05 12:45:00,2023-09-05 12:50:00,Short,1933.32,1933.32,0.0,SL Hit,1933.32,1,149.4449999999997,5.0,1.0199999999999818,-1.8899999999998727
2023-09-05 14:35:00,2023-09-05 14:40:00,Long,1926.57,1926.48,-0.08999999999991815,SL Hit,1926.48,1,149.3549999999998,5.0,-0.12999999999988177,0.9800000000000182
2023-09-05 17:15:00,2023-09-05 17:20:00,Short,1926.68,1926.71,-0.029999999999972715,SL Hit,1926.71,1,149.32499999999982,5.0,0.30999999999994543,-0.40000000000009095
2023-09-05 17:45:00,2023-09-05 17:50:00,Short,1926.45,1926.6,-0.14999999999986358,SL Hit,1926.6,1,149.17499999999995,5.0,0.2799999999999727,-0.13000000000010914
2023-09-05 20:20:00,2023-09-05 20:35:00,Short,1925.64,1925.64,0.0,SL Hit,1925.64,1,149.17499999999995,15.0,0.03999999999996362,-0.9400000000000546
2023-09-05 22:35:00,2023-09-05 22:55:00,Short,1926.24,1926.2849999999999,-0.044999999999845386,SL Hit,1926.2849999999999,1,149.1300000000001,20.0,0.10999999999989996,-1.0399999999999636
2023-09-06 00:30:00,2023-09-06 02:15:00,Short,1925.295,1925.29,0.020000000000436557,SL Hit,1925.29,4,149.15000000000055,105.0,1.134999999999991,-1.3949999999999818
2023-09-06 07:35:00,2023-09-06 08:50:00,Short,1923.855,1924.66,-1.6100000000001273,SL Hit,1924.66,2,147.54000000000042,75.0,0.8650000000000091,-1.1549999999999727
2023-09-06 08:55:00,2023-09-06 09:30:00,Long,1924.44,1923.33,-1.1100000000001273,SL Hit,1923.33,1,146.4300000000003,35.0,-1.740000000000009,0.599999999999909
2023-09-06 11:00:00,2023-09-06 11:10:00,Short,1926.71,1926.71,0.0,SL Hit,1926.71,1,146.4300000000003,10.0,0.08999999999991815,-0.8400000000001455
2023-09-06 12:20:00,2023-09-06 13:45:00,Short,1926.08,1926.86,-0.7799999999999727,SL Hit,1926.86,1,145.65000000000032,85.0,0.8500000000001364,-4.939999999999827
2023-09-06 20:20:00,2023-09-06 20:25:00,Short,1916.8,1916.8,0.0,SL Hit,1916.8,1,145.65000000000032,5.0,-0.0,-0.2400000000000091
2023-09-06 23:30:00,2023-09-07 01:05:00,Short,1916.9099999999999,1916.99,-0.24000000000046384,SL Hit,1916.99,3,145.40999999999985,95.0,0.5800000000001546,-1.209999999999809
2023-09-07 02:10:00,2023-09-07 02:45:00,Long,1918.6533333333334,1918.27,-1.1500000000003183,SL Hit,1918.27,3,144.25999999999954,35.0,-0.933333333333394,0.5266666666666424
2023-09-07 07:40:00,2023-09-07 07:50:00,Short,1917.66,1917.915,-0.25499999999988177,SL Hit,1917.915,1,144.00499999999965,10.0,0.5199999999999818,-0.5900000000001455
2023-09-07 09:10:00,2023-09-07 09:15:00,Long,1918.79,1918.5049999999999,-0.28500000000008185,SL Hit,1918.5049999999999,1,143.71999999999957,5.0,-0.7899999999999636,0.6200000000001182
2023-09-07 12:30:00,2023-09-07 12:55:00,Short,1918.16,1923.005,-4.845000000000027,SL Hit,1923.005,1,138.87499999999955,25.0,5.199999999999818,-1.8800000000001091
2023-09-07 13:05:00,2023-09-07 13:15:00,Long,1922.29,1921.75,-0.5399999999999636,SL Hit,1921.75,1,138.33499999999958,10.0,-0.7999999999999545,1.0
2023-09-07 14:15:00,2023-09-07 14:20:00,Short,1918.56,1918.56,0.0,SL Hit,1918.56,1,138.33499999999958,5.0,0.11000000000012733,-0.7899999999999636
2023-09-07 14:25:00,2023-09-07 14:35:00,Short,1918.68,1918.68,0.0,SL Hit,1918.68,1,138.33499999999958,10.0,0.2699999999999818,-1.7799999999999727
2023-09-07 17:05:00,2023-09-07 17:20:00,Short,1918.25,1918.25,0.0,SL Hit,1918.25,1,138.33499999999958,15.0,0.38000000000010914,-0.7799999999999727
2023-09-07 22:55:00,2023-09-07 23:05:00,Long,1919.46,1919.46,0.0,SL Hit,1919.46,1,138.33499999999958,10.0,-0.4600000000000364,0.7300000000000182
2023-09-08 02:05:00,2023-09-08 02:15:00,Long,1925.58,1925.58,0.0,SL Hit,1925.58,1,138.33499999999958,10.0,-1.0799999999999272,0.5900000000001455
2023-09-08 03:10:00,2023-09-08 06:00:00,Short,1925.7649999999999,1926.17,-0.8100000000004002,SL Hit,1926.17,2,137.52499999999918,170.0,0.4450000000001637,-2.1649999999999636
2023-09-08 06:45:00,2023-09-08 06:50:00,Short,1925.48,1925.57,-0.08999999999991815,SL Hit,1925.57,1,137.43499999999926,5.0,0.08999999999991815,-0.4800000000000182
2023-09-08 07:30:00,2023-09-08 07:35:00,Short,1924.54,1924.96,-0.42000000000007276,SL Hit,1924.96,1,137.0149999999992,5.0,0.4600000000000364,-0.6199999999998909
2023-09-08 08:10:00,2023-09-08 08:55:00,Short,1924.19,1924.44,-0.5,SL Hit,1924.44,2,136.5149999999992,45.0,0.36999999999989086,-1.5900000000001455
2023-09-08 09:05:00,2023-09-08 09:35:00,Long,1924.4866666666667,1924.52,0.09999999999990905,SL Hit,1924.52,3,136.6149999999991,30.0,-0.7866666666666333,1.2633333333333212
2023-09-08 10:35:00,2023-09-08 12:05:00,Short,1923.6233333333332,1923.66,-0.11000000000058208,SL Hit,1923.66,3,136.50499999999852,90.0,0.5766666666668243,-1.3233333333332666
2023-09-08 13:15:00,2023-09-08 13:20:00,Short,1920.52,1920.895,-0.375,SL Hit,1920.895,1,136.12999999999852,5.0,0.8800000000001091,-0.22000000000002728
2023-09-08 14:45:00,2023-09-08 16:55:00,Short,1922.87,1919.59,6.559999999999945,SL Hit,1919.59,2,142.68999999999846,130.0,4.440000000000055,-5.349999999999909
2023-09-08 17:30:00,2023-09-08 18:45:00,Long,1918.795,1918.9,0.21000000000003638,SL Hit,1918.9,2,142.8999999999985,75.0,-0.6950000000001637,1.824999999999818
2023-09-10 22:05:00,2023-09-10 23:30:00,Short,1918.72,1918.88,-0.3200000000001637,SL Hit,1918.88,2,142.57999999999834,85.0,0.7300000000000182,-1.5199999999999818
2023-09-10 23:35:00,2023-09-10 23:55:00,Long,1918.97,1918.2,-1.5399999999999636,SL Hit,1918.2,2,141.03999999999837,20.0,-1.0699999999999363,0.5099999999999909
2023-09-11 00:35:00,2023-09-11 01:05:00,Long,1919.5033333333333,1919.1,-1.2100000000002638,SL Hit,1919.1,3,139.8299999999981,30.0,-0.4633333333333667,0.8366666666665878
2023-09-11 02:10:00,2023-09-11 02:15:00,Long,1923.12,1922.8650000000002,-0.2549999999996544,SL Hit,1922.8650000000002,1,139.57499999999845,5.0,-0.709999999999809,0.39000000000010004
2023-09-11 03:00:00,2023-09-11 03:25:00,Short,1922.57,1923.39,-1.6400000000003274,SL Hit,1923.39,2,137.93499999999813,25.0,0.8400000000001455,-0.4700000000000273
2023-09-11 03:30:00,2023-09-11 03:35:00,Long,1923.06,1922.655,-0.4049999999999727,SL Hit,1922.655,1,137.52999999999815,5.0,-0.7599999999999909,0.30999999999994543
2023-09-11 04:05:00,2023-09-11 05:50:00,Long,1924.4575,1926.68,8.890000000000327,SL Hit,1926.68,4,146.41999999999848,105.0,-2.057499999999891,3.4525000000001
2023-09-11 06:35:00,2023-09-11 06:40:00,Long,1927.75,1927.66,-0.08999999999991815,SL Hit,1927.66,1,146.32999999999856,5.0,-0.2799999999999727,0.6800000000000637
2023-09-11 09:45:00,2023-09-11 10:45:00,Short,1925.755,1926.14,-0.7699999999999818,SL Hit,1926.14,2,145.55999999999858,60.0,0.625,-1.0550000000000637
2023-09-11 11:35:00,2023-09-11 11:40:00,Long,1925.75,1925.5549999999998,-0.1950000000001637,SL Hit,1925.5549999999998,1,145.36499999999842,5.0,-1.0399999999999636,0.41000000000008185
2023-09-11 12:20:00,2023-09-11 12:30:00,Long,1925.54,1924.67,-0.8699999999998909,SL Hit,1924.67,1,144.49499999999853,10.0,-1.0799999999999272,0.7799999999999727
2023-09-11 12:35:00,2023-09-11 12:45:00,Short,1925.71,1926.3700000000001,-0.6600000000000819,SL Hit,1926.3700000000001,1,143.83499999999844,10.0,0.7000000000000455,-0.37000000000011823
2023-09-11 14:10:00,2023-09-11 14:15:00,Short,1925.5,1925.5,0.0,SL Hit,1925.5,1,143.83499999999844,5.0,1.0299999999999727,-1.1099999999999
2023-09-11 17:45:00,2023-09-11 19:20:00,Short,1922.48,1922.1,0.7600000000002183,SL Hit,1922.1,2,144.59499999999866,95.0,0.599999999999909,-1.0499999999999545
2023-09-11 23:30:00,2023-09-12 00:20:00,Short,1921.635,1922.07,-0.8699999999998909,SL Hit,1922.07,2,143.72499999999877,50.0,0.6449999999999818,-0.7349999999999
2023-09-12 02:50:00,2023-09-12 02:55:00,Long,1922.86,1922.86,0.0,SL Hit,1922.86,1,143.72499999999877,5.0,-0.8599999999999,0.25
2023-09-12 04:20:00,2023-09-12 04:30:00,Short,1922.91,1923.0,-0.08999999999991815,SL Hit,1923.0,1,143.63499999999885,10.0,0.08999999999991815,-0.9100000000000819
2023-09-12 05:10:00,2023-09-12 08:05:00,Short,1920.0649999999998,1919.87,0.7799999999997453,SL Hit,1919.87,4,144.4149999999986,175.0,1.8850000000002183,-1.8649999999997817
2023-09-12 09:25:00,2023-09-12 09:30:00,Short,1919.38,1919.4850000000001,-0.10500000000001819,SL Hit,1919.4850000000001,1,144.30999999999858,5.0,0.13999999999987267,-0.7800000000002001
2023-09-12 10:35:00,2023-09-12 14:25:00,Short,1912.062,1910.61,7.259999999999991,SL Hit,1910.61,5,151.56999999999857,230.0,6.488000000000056,-4.192000000000007
2023-09-12 18:50:00,2023-09-12 19:00:00,Long,1913.05,1913.05,0.0,SL Hit,1913.05,1,151.56999999999857,10.0,-0.75,0.37000000000011823
2023-09-12 19:10:00,2023-09-12 19:50:00,Long,1912.9366666666667,1912.4,-1.6099999999999,SL Hit,1912.4,3,149.95999999999867,40.0,-0.6366666666667697,0.6033333333332394
2023-09-12 19:55:00,2023-09-12 20:30:00,Short,1912.95,1913.27,-0.6399999999998727,SL Hit,1913.27,2,149.3199999999988,35.0,0.31999999999993634,-0.9500000000000455
2023-09-12 21:00:00,2023-09-12 22:00:00,Long,1913.29,1913.29,0.0,SL Hit,1913.29,1,149.3199999999988,60.0,-0.36999999999989086,0.049999999999954525
2023-09-12 23:20:00,2023-09-12 23:45:00,Short,1913.1,1913.23,-0.2600000000002183,SL Hit,1913.23,2,149.05999999999858,25.0,0.25,-0.8999999999998636
2023-09-13 00:00:00,2023-09-13 00:20:00,Long,1913.105,1912.83,-0.5500000000001819,SL Hit,1912.83,2,148.5099999999984,20.0,-0.44499999999993634,0.48499999999989996
2023-09-13 00:25:00,2023-09-13 00:30:00,Short,1912.84,1912.855,-0.015000000000100044,SL Hit,1912.855,1,148.4949999999983,5.0,0.41000000000008185,-0.12999999999988177
2023-09-13 00:40:00,2023-09-13 01:15:00,Short,1913.0,1913.27,-0.5399999999999636,SL Hit,1913.27,2,147.95499999999834,35.0,0.7200000000000273,-0.5899999999999181
2023-09-13 02:30:00,2023-09-13 03:40:00,Short,1909.355,1909.24,0.2300000000000182,SL Hit,1909.24,2,148.18499999999835,70.0,0.8849999999999909,-1.8550000000000182
2023-09-13 04:50:00,2023-09-13 04:55:00,Long,1911.42,1911.0900000000001,-0.32999999999992724,SL Hit,1911.0900000000001,1,147.85499999999843,5.0,-0.7200000000000273,0.5
2023-09-13 05:25:00,2023-09-13 05:30:00,Short,1910.85,1910.8649999999998,-0.01499999999987267,SL Hit,1910.8649999999998,1,147.83999999999855,5.0,1.6800000000000637,-0.6499999999998636
2023-09-13 06:00:00,2023-09-13 06:10:00,Short,1909.78,1910.3200000000002,-0.540000000000191,SL Hit,1910.3200000000002,1,147.29999999999836,10.0,0.5899999999999181,-0.32999999999992724
2023-09-13 09:50:00,2023-09-13 10:30:00,Short,1911.29,1911.57,-0.5599999999999454,SL Hit,1911.57,2,146.73999999999842,40.0,0.44000000000005457,-0.9900000000000091
2023-09-13 12:10:00,2023-09-13 12:25:00,Short,1911.38,1911.395,-0.01499999999987267,SL Hit,1911.395,1,146.72499999999854,15.0,0.7199999999997999,-1.6400000000001
2023-09-13 12:30:00,2023-09-13 12:45:00,Short,1907.645,1912.1,-8.909999999999854,SL Hit,1912.1,2,137.8149999999987,15.0,4.585000000000036,-1.2850000000000819
2023-09-13 19:00:00,2023-09-13 22:00:00,Short,1908.665,1908.84,-0.6999999999998181,SL Hit,1908.84,4,137.11499999999887,180.0,0.6449999999999818,-1.365000000000009
2023-09-14 01:55:00,2023-09-14 03:00:00,Short,1910.455,1910.34,0.2300000000000182,SL Hit,1910.34,2,137.3449999999989,65.0,0.8650000000000091,-1.5149999999998727
2023-09-14 04:25:00,2023-09-14 05:45:00,Long,1909.92,1908.95,-3.880000000000109,SL Hit,1908.95,4,133.46499999999878,80.0,-1.25,0.8399999999999181
2023-09-14 07:35:00,2023-09-14 08:30:00,Short,1906.295,1906.35,-0.10999999999967258,SL Hit,1906.35,2,133.3549999999991,55.0,0.47499999999990905,-1.1950000000001637
2023-09-14 09:45:00,2023-09-14 09:55:00,Long,1906.42,1905.8799999999999,-0.540000000000191,SL Hit,1905.8799999999999,1,132.81499999999892,10.0,-0.9200000000000728,0.09999999999990905
2023-09-14 10:50:00,2023-09-14 11:30:00,Long,1907.91,1907.73,-0.18000000000006366,SL Hit,1907.73,1,132.63499999999885,40.0,-0.2799999999999727,1.1299999999998818
2023-09-14 14:45:00,2023-09-14 15:40:00,Long,1906.88,1906.88,0.0,SL Hit,1906.88,1,132.63499999999885,55.0,-1.0300000000002,4.239999999999782
2023-09-14 17:40:00,2023-09-14 18:25:00,Short,1909.045,1909.41,-0.7300000000000182,SL Hit,1909.41,2,131.90499999999884,45.0,0.5749999999998181,-1.1449999999999818
2023-09-14 18:55:00,2023-09-14 19:00:00,Short,1908.35,1908.4700000000003,-0.12000000000034561,SL Hit,1908.4700000000003,1,131.7849999999985,5.0,0.2300000000000182,-0.1899999999998272
2023-09-14 22:00:00,2023-09-14 22:10:00,Short,1910.66,1910.72,-0.05999999999994543,SL Hit,1910.72,1,131.72499999999854,10.0,0.11999999999989086,-0.7599999999999909
2023-09-14 23:35:00,2023-09-15 00:00:00,Long,1910.0500000000002,1909.3,-1.5000000000004547,SL Hit,1909.3,2,130.2249999999981,25.0,-0.9500000000002728,0.7799999999997453
2023-09-15 00:15:00,2023-09-15 00:20:00,Long,1910.87,1910.87,0.0,SL Hit,1910.87,1,130.2249999999981,5.0,-1.0699999999999363,0.17000000000007276
2023-09-15 01:25:00,2023-09-15 03:05:00,Long,1914.1766666666665,1914.98,2.4100000000005366,SL Hit,1914.98,3,132.63499999999863,100.0,-2.936666666666497,1.723333333333585
2023-09-15 03:10:00,2023-09-15 03:15:00,Short,1915.02,1915.125,-0.10500000000001819,SL Hit,1915.125,1,132.5299999999986,5.0,0.12000000000011823,-1.0199999999999818
2023-09-15 07:00:00,2023-09-15 07:55:00,Short,1917.705,1917.94,-0.47000000000025466,SL Hit,1917.94,2,132.05999999999835,55.0,0.8250000000000455,-2.1849999999999454
2023-09-15 08:55:00,2023-09-15 09:55:00,Long,1918.0833333333333,1917.72,-1.0899999999996908,SL Hit,1917.72,3,130.96999999999866,60.0,-0.8833333333332121,1.0666666666668334
2023-09-15 10:00:00,2023-09-15 11:10:00,Short,1917.49,1918.2,-1.4200000000000728,SL Hit,1918.2,2,129.5499999999986,70.0,0.7799999999999727,-0.6900000000000546
2023-09-15 11:15:00,2023-09-15 11:20:00,Short,1918.27,1918.27,0.0,SL Hit,1918.27,1,129.5499999999986,5.0,0.37000000000011823,-0.6399999999998727
2023-09-15 15:15:00,2023-09-15 16:10:00,Short,1927.39,1927.74,-1.0499999999997272,SL Hit,1927.74,3,128.49999999999886,55.0,1.4099999999998545,-2.520000000000209
2023-09-15 16:20:00,2023-09-15 20:25:00,Short,1924.3575,1923.03,10.6200000000008,SL Hit,1923.03,8,139.11999999999966,245.0,3.2124999999998636,-2.6575000000000273
2023-09-17 22:55:00,2023-09-17 23:35:00,Short,1922.7800000000002,1923.16,-0.7599999999997635,SL Hit,1923.16,2,138.3599999999999,40.0,0.9099999999998545,-0.8800000000001091
2023-09-18 00:00:00,2023-09-18 01:35:00,Long,1923.935,1923.6,-1.3400000000001455,SL Hit,1923.6,4,137.01999999999975,95.0,-1.2349999999999,2.505000000000109
2023-09-18 01:40:00,2023-09-18 01:45:00,Short,1924.76,1925.045,-0.28500000000008185,SL Hit,1925.045,1,136.73499999999967,5.0,0.33999999999991815,-0.7400000000000091
2023-09-18 02:10:00,2023-09-18 04:00:00,Long,1926.9866666666667,1928.1,3.3399999999996908,SL Hit,1928.1,3,140.07499999999936,110.0,-1.4766666666666879,2.4633333333333667
2023-09-18 04:05:00,2023-09-18 04:20:00,Short,1928.61,1929.0300000000002,-0.42000000000030013,SL Hit,1929.0300000000002,1,139.65499999999906,15.0,0.6400000000001,-1.009999999999991
2023-09-18 04:55:00,2023-09-18 05:05:00,Short,1928.2,1928.3049999999998,-0.10499999999979082,SL Hit,1928.3049999999998,1,139.54999999999927,10.0,0.2999999999999545,-0.7999999999999545
2023-09-18 07:35:00,2023-09-18 09:35:00,Short,1926.875,1926.5,0.75,SL Hit,1926.5,2,140.29999999999927,120.0,1.2550000000001091,-2.275000000000091
2023-09-18 09:40:00,2023-09-18 10:35:00,Long,1926.3566666666666,1926.31,-0.13999999999987267,SL Hit,1926.31,3,140.1599999999994,55.0,-0.7666666666666515,1.1133333333334576
2023-09-18 10:50:00,2023-09-18 11:00:00,Short,1926.755,1927.19,-0.8699999999998909,SL Hit,1927.19,2,139.2899999999995,10.0,0.43499999999994543,-0.7550000000001091
2023-09-18 12:25:00,2023-09-18 12:30:00,Long,1926.53,1925.1950000000002,-1.334999999999809,Bearish Trade Reversal,1925.1950000000002,1,137.9549999999997,5.0,-0.8899999999998727,0.5399999999999636
2023-09-18 12:30:00,2023-09-18 13:15:00,Short,1926.81,1927.1999999999998,-0.38999999999987267,SL Hit,1927.1999999999998,1,137.56499999999983,45.0,1.1900000000000546,-3.1799999999998363
2023-09-18 15:35:00,2023-09-18 18:10:00,Long,1930.2900000000002,1931.4,5.5499999999995,SL Hit,1931.4,5,143.11499999999933,155.0,-3.450000000000273,3.049999999999727
2023-09-18 21:00:00,2023-09-18 22:00:00,Short,1933.42,1933.42,0.0,SL Hit,1933.42,1,143.11499999999933,60.0,0.11999999999989086,-0.12000000000011823
2023-09-19 05:00:00,2023-09-19 05:30:00,Short,1931.005,1931.44,-0.8699999999998909,SL Hit,1931.44,2,142.24499999999944,30.0,0.7149999999999181,-0.7050000000001546
2023-09-19 05:55:00,2023-09-19 06:20:00,Short,1930.94,1931.17,-0.4600000000000364,SL Hit,1931.17,2,141.7849999999994,25.0,0.31999999999993634,-0.8200000000001637
2023-09-19 06:50:00,2023-09-19 07:00:00,Short,1930.55,1930.6399999999999,-0.08999999999991815,SL Hit,1930.6399999999999,1,141.69499999999948,10.0,0.9600000000000364,-0.6599999999998545
2023-09-19 07:05:00,2023-09-19 08:25:00,Long,1932.54,1933.6,2.119999999999891,SL Hit,1933.6,2,143.81499999999937,80.0,-1.4300000000000637,2.1900000000000546
2023-09-19 09:00:00,2023-09-19 09:10:00,Short,1933.71,1933.9650000000001,-0.25500000000010914,SL Hit,1933.9650000000001,1,143.55999999999926,10.0,0.5,-0.09000000000014552
2023-09-19 10:25:00,2023-09-19 11:15:00,Long,1935.6333333333334,1935.23,-1.2100000000002638,SL Hit,1935.23,3,142.349999999999,50.0,-0.933333333333394,1.076666666666597
2023-09-19 11:45:00,2023-09-19 11:55:00,Short,1935.12,1935.12,0.0,SL Hit,1935.12,1,142.349999999999,10.0,0.09000000000014552,-0.4799999999997908
2023-09-19 12:45:00,2023-09-19 12:50:00,Short,1935.34,1935.34,0.0,SL Hit,1935.34,1,142.349999999999,5.0,0.39000000000010004,-1.1499999999998636
2023-09-19 14:10:00,2023-09-19 14:30:00,Short,1933.16,1933.37,-0.209999999999809,SL Hit,1933.37,1,142.1399999999992,20.0,0.3999999999998636,-2.660000000000082
2023-09-19 15:45:00,2023-09-19 15:50:00,Short,1932.81,1932.9750000000001,-0.165000000000191,SL Hit,1932.9750000000001,1,141.974999999999,5.0,0.2799999999999727,-0.2999999999999545
2023-09-19 17:55:00,2023-09-19 19:05:00,Short,1931.09,1931.3600000000001,-0.2700000000002092,SL Hit,1931.3600000000001,1,141.7049999999988,70.0,0.41000000000008185,-1.3299999999999272
2023-09-20 00:45:00,2023-09-20 00:55:00,Short,1930.64,1930.7150000000001,-0.07500000000004547,SL Hit,1930.7150000000001,1,141.62999999999874,10.0,0.11999999999989086,-0.8400000000001455
2023-09-20 03:25:00,2023-09-20 03:35:00,Long,1931.025,1930.58,-0.8900000000003274,SL Hit,1930.58,2,140.73999999999842,10.0,-0.9250000000001819,0.334999999999809
2023-09-20 03:45:00,2023-09-20 05:05:00,Short,1930.59,1930.29,0.8999999999998636,SL Hit,1930.29,3,141.63999999999828,80.0,0.5700000000001637,-1.0899999999999181
2023-09-20 06:10:00,2023-09-20 06:50:00,Long,1931.345,1930.37,-1.9500000000002728,SL Hit,1930.37,2,139.689999999998,40.0,-1.1050000000000182,0.8650000000000091
2023-09-20 14:35:00,2023-09-20 14:40:00,Short,1942.61,1942.955,-0.3450000000000273,SL Hit,1942.955,1,139.34499999999798,5.0,0.7700000000002092,-1.209999999999809
2023-09-20 16:50:00,2023-09-20 17:25:00,Long,1945.48,1946.0,1.0399999999999636,SL Hit,1946.0,2,140.38499999999794,35.0,-0.14000000000010004,1.8599999999999
2023-09-20 23:55:00,2023-09-21 01:45:00,Short,1928.3100000000002,1926.54,5.3100000000006276,SL Hit,1926.54,3,145.69499999999857,110.0,1.4899999999997817,-4.010000000000218
2023-09-21 02:35:00,2023-09-21 03:00:00,Short,1926.65,1927.1599999999999,-0.5099999999997635,SL Hit,1927.1599999999999,1,145.1849999999988,25.0,0.5299999999999727,-0.6000000000001364
2023-09-21 04:20:00,2023-09-21 05:00:00,Long,1927.73,1927.4,-0.6599999999998545,SL Hit,1927.4,2,144.52499999999895,40.0,-0.7200000000000273,0.7899999999999636
2023-09-21 05:35:00,2023-09-21 06:05:00,Long,1927.93,1927.7799999999997,-0.15000000000031832,SL Hit,1927.7799999999997,1,144.37499999999864,30.0,-0.2400000000000091,0.9399999999998272
2023-09-21 07:10:00,2023-09-21 07:15:00,Short,1927.7,1927.79,-0.08999999999991815,SL Hit,1927.79,1,144.28499999999872,5.0,0.6399999999998727,-0.5599999999999454
2023-09-21 09:25:00,2023-09-21 09:30:00,Short,1922.79,1923.27,-0.4800000000000182,SL Hit,1923.27,1,143.8049999999987,5.0,0.7100000000000364,-0.4900000000000091
2023-09-21 11:05:00,2023-09-21 13:00:00,Short,1919.8633333333335,1917.0,8.590000000000373,SL Hit,1917.0,3,152.39499999999907,115.0,4.086666666666588,-5.803333333333512
2023-09-21 13:15:00,2023-09-21 13:20:00,Short,1915.45,1915.45,0.0,SL Hit,1915.45,1,152.39499999999907,5.0,1.6199999999998909,-0.9500000000000455
2023-09-21 13:45:00,2023-09-21 13:50:00,Long,1916.6,1916.4650000000001,-0.13499999999976353,SL Hit,1916.4650000000001,1,152.2599999999993,5.0,-0.8199999999999363,2.0700000000001637
2023-09-21 16:30:00,2023-09-21 19:05:00,Long,1919.3825,1919.62,0.9499999999998181,SL Hit,1919.62,4,153.20999999999913,155.0,-1.4624999999998636,1.8275000000001
2023-09-21 19:15:00,2023-09-21 19:35:00,Short,1920.705,1920.84,-0.2699999999999818,SL Hit,1920.84,2,152.93999999999915,20.0,0.24500000000011823,-0.3949999999999818
2023-09-21 22:25:00,2023-09-22 00:20:00,Long,1920.5825,1920.8,0.8699999999998909,SL Hit,1920.8,4,153.80999999999904,115.0,-1.2825000000000273,1.087500000000091
2023-09-22 01:35:00,2023-09-22 03:20:00,Long,1923.7033333333336,1923.42,-0.8500000000005912,SL Hit,1923.42,3,152.95999999999844,105.0,-1.7033333333336032,1.7066666666664787
2023-09-22 04:10:00,2023-09-22 04:40:00,Short,1923.87,1924.39,-1.0400000000004184,SL Hit,1924.39,2,151.91999999999803,30.0,0.7300000000000182,-0.5699999999999363
2023-09-22 04:50:00,2023-09-22 04:55:00,Long,1923.95,1922.825,-1.125,Bearish Trade Reversal,1922.825,1,150.79499999999803,5.0,-0.75,0.43000000000006366
2023-09-22 04:55:00,2023-09-22 05:05:00,Short,1924.33,1924.3449999999998,-0.01499999999987267,SL Hit,1924.3449999999998,1,150.77999999999815,10.0,0.2599999999999909,-0.9299999999998363
2023-09-22 06:10:00,2023-09-22 06:15:00,Long,1925.05,1924.99,-0.05999999999994543,SL Hit,1924.99,1,150.7199999999982,5.0,-0.5199999999999818,0.5599999999999454
2023-09-22 08:30:00,2023-09-22 08:35:00,Short,1926.5,1926.545,-0.04500000000007276,SL Hit,1926.545,1,150.67499999999814,5.0,0.42000000000007276,-0.19000000000005457
2023-09-22 09:50:00,2023-09-22 10:25:00,Short,1925.84,1925.84,0.0,SL Hit,1925.84,1,150.67499999999814,35.0,0.11000000000012733,-1.740000000000009
2023-09-22 11:35:00,2023-09-22 12:05:00,Long,1926.08,1925.3449999999998,-0.7350000000001273,SL Hit,1925.3449999999998,1,149.939999999998,30.0,-1.6699999999998454,0.6200000000001182
2023-09-22 13:00:00,2023-09-22 13:30:00,Long,1925.92,1925.77,-0.15000000000009095,SL Hit,1925.77,1,149.78999999999792,30.0,-0.38000000000010914,1.490000000000009
2023-09-22 14:35:00,2023-09-22 15:00:00,Long,1927.52,1927.04,-0.4800000000000182,SL Hit,1927.04,1,149.3099999999979,25.0,-0.6299999999998818,1.3299999999999272
2023-09-22 16:00:00,2023-09-22 16:20:00,Long,1927.815,1927.49,-0.650000000000091,SL Hit,1927.49,2,148.6599999999978,20.0,-0.5450000000000728,0.46499999999991815
2023-09-22 18:15:00,2023-09-22 19:45:00,Short,1924.926666666667,1925.14,-0.6399999999994179,SL Hit,1925.14,3,148.0199999999984,90.0,0.5933333333330211,-0.8266666666670517
2023-09-22 20:55:00,2023-09-24 22:20:00,Long,1925.45,1925.07,-0.7600000000002183,SL Hit,1925.07,2,147.25999999999817,2965.0,-0.5,2.3999999999998636
2023-09-24 22:30:00,2023-09-25 00:45:00,Short,1924.9599999999998,1924.85,0.5499999999994998,SL Hit,1924.85,5,147.80999999999767,135.0,1.050000000000182,-1.7599999999997635
2023-09-25 01:10:00,2023-09-25 01:15:00,Short,1924.3,1924.4350000000002,-0.13500000000021828,SL Hit,1924.4350000000002,1,147.67499999999745,5.0,0.2999999999999545,-0.32999999999992724
2023-09-25 02:45:00,2023-09-25 03:20:00,Long,1923.35,1923.0800000000002,-0.26999999999975444,SL Hit,1923.0800000000002,1,147.4049999999977,35.0,-0.849999999999909,0.8400000000001455
2023-09-25 05:40:00,2023-09-25 06:35:00,Short,1921.76,1921.94,-0.36000000000012733,SL Hit,1921.94,2,147.04499999999757,55.0,0.8700000000001182,-1.259999999999991
2023-09-25 11:10:00,2023-09-25 11:20:00,Long,1924.655,1924.0,-1.3099999999999454,SL Hit,1924.0,2,145.73499999999763,10.0,-1.1549999999999727,0.20499999999992724
2023-09-25 11:25:00,2023-09-25 11:40:00,Short,1924.19,1924.4299999999998,-0.23999999999978172,SL Hit,1924.4299999999998,1,145.49499999999784,15.0,0.2999999999999545,-0.4500000000000455
2023-09-25 14:15:00,2023-09-25 15:30:00,Short,1919.0633333333335,1918.54,1.5700000000006185,SL Hit,1918.54,3,147.06499999999846,75.0,3.826666666666597,-3.953333333333603
2023-09-25 16:25:00,2023-09-25 16:30:00,Short,1916.48,1916.48,0.0,SL Hit,1916.48,1,147.06499999999846,5.0,0.11999999999989086,-0.43000000000006366
2023-09-25 16:35:00,2023-09-25 16:45:00,Short,1916.105,1916.6,-0.9899999999997817,SL Hit,1916.6,2,146.07499999999868,10.0,0.49499999999989086,-0.9049999999999727
2023-09-25 17:10:00,2023-09-25 17:20:00,Long,1917.095,1915.7,-2.7899999999999636,SL Hit,1915.7,2,143.28499999999872,10.0,-1.6949999999999363,0.16499999999996362
2023-09-25 18:05:00,2023-09-25 18:25:00,Short,1916.165,1916.44,-0.5500000000001819,SL Hit,1916.44,2,142.73499999999854,20.0,0.9149999999999636,-0.30500000000006366
2023-09-25 18:40:00,2023-09-25 18:50:00,Short,1915.75,1915.75,0.0,SL Hit,1915.75,1,142.73499999999854,10.0,0.01999999999998181,-1.25
2023-09-25 19:55:00,2023-09-25 20:15:00,Short,1915.68,1915.8,-0.11999999999989086,SL Hit,1915.8,1,142.61499999999864,20.0,0.12999999999988177,-0.6800000000000637
2023-09-25 22:45:00,2023-09-25 23:45:00,Short,1916.3499999999997,1916.54,-0.5700000000008458,SL Hit,1916.54,3,142.0449999999978,60.0,0.2600000000002183,-1.0499999999997272
2023-09-25 23:55:00,2023-09-26 00:10:00,Long,1915.4,1915.4,0.0,SL Hit,1915.4,2,142.0449999999978,15.0,-0.10000000000013642,0.9699999999997999
2023-09-26 00:15:00,2023-09-26 04:25:00,Short,1914.4685714285713,1913.78,4.819999999999254,SL Hit,1913.78,7,146.86499999999705,250.0,1.6514285714285961,-1.7385714285712766
2023-09-26 08:25:00,2023-09-26 08:30:00,Long,1915.21,1915.105,-0.10500000000001819,SL Hit,1915.105,1,146.75999999999704,5.0,-0.2400000000000091,0.2999999999999545
2023-09-26 09:15:00,2023-09-26 09:30:00,Short,1912.94,1912.94,0.0,SL Hit,1912.94,1,146.75999999999704,15.0,0.10999999999989996,-1.1400000000001
2023-09-26 13:15:00,2023-09-26 14:00:00,Short,1906.5,1907.15,-1.300000000000182,SL Hit,1907.15,2,145.45999999999685,45.0,2.5599999999999454,-1.8900000000001
2023-09-26 14:25:00,2023-09-26 14:30:00,Long,1907.93,1907.0,-0.9300000000000637,SL Hit,1907.0,1,144.5299999999968,5.0,-1.3300000000001546,0.5099999999999909
2023-09-26 18:20:00,2023-09-26 18:30:00,Short,1900.16,1900.625,-0.46499999999991815,SL Hit,1900.625,1,144.06499999999687,10.0,0.6199999999998909,-1.3600000000001273
2023-09-26 18:35:00,2023-09-26 19:10:00,Short,1899.7066666666667,1900.06,-1.059999999999718,SL Hit,1900.06,3,143.00499999999715,35.0,0.893333333333203,-1.0066666666666606
2023-09-26 20:35:00,2023-09-26 20:40:00,Short,1900.44,1900.44,0.0,SL Hit,1900.44,1,143.00499999999715,5.0,-0.0,-1.0399999999999636
2023-09-26 20:45:00,2023-09-26 20:55:00,Short,1900.3,1900.4500000000003,-0.15000000000031832,SL Hit,1900.4500000000003,1,142.85499999999683,10.0,0.2899999999999636,-0.7999999999999545
2023-09-26 23:35:00,2023-09-26 23:40:00,Long,1901.29,1901.29,0.0,SL Hit,1901.29,1,142.85499999999683,5.0,-0.38999999999987267,0.5900000000001455
2023-09-27 00:40:00,2023-09-27 01:25:00,Short,1901.27,1901.4650000000001,-0.1950000000001637,SL Hit,1901.4650000000001,1,142.65999999999667,45.0,0.25,-1.8699999999998909
2023-09-27 03:20:00,2023-09-27 06:05:00,Short,1898.8225,1898.31,2.050000000000182,SL Hit,1898.31,4,144.70999999999685,165.0,1.9974999999999454,-3.4224999999999
2023-09-27 10:10:00,2023-09-27 10:20:00,Short,1895.15,1895.15,0.0,SL Hit,1895.15,1,144.70999999999685,10.0,0.4800000000000182,-0.5600000000001728
2023-09-27 11:10:00,2023-09-27 11:40:00,Short,1893.345,1893.96,-1.2300000000000182,SL Hit,1893.96,2,143.47999999999683,30.0,0.6749999999999545,-0.8849999999999909
2023-09-27 14:55:00,2023-09-27 18:30:00,Short,1878.5880000000002,1875.16,17.140000000000555,SL Hit,1875.16,5,160.6199999999974,215.0,6.771999999999707,-6.788000000000238
2023-09-27 22:05:00,2023-09-27 22:40:00,Long,1876.29,1875.4050000000002,-0.8849999999997635,SL Hit,1875.4050000000002,1,159.73499999999763,35.0,-0.9900000000000091,0.7899999999999636
2023-09-28 01:00:00,2023-09-28 02:30:00,Short,1875.36,1874.49,3.4799999999995634,SL Hit,1874.49,4,163.2149999999972,90.0,1.9400000000000546,-2.229999999999791
2023-09-28 02:35:00,2023-09-28 03:00:00,Long,1874.21,1874.21,0.0,SL Hit,1874.21,1,163.2149999999972,25.0,-0.41000000000008185,0.8299999999999272
2023-09-28 04:05:00,2023-09-28 04:30:00,Short,1874.4,1874.415,-0.01499999999987267,SL Hit,1874.415,1,163.19999999999732,25.0,0.029999999999972715,-1.1000000000001364
2023-09-28 05:10:00,2023-09-28 06:15:00,Long,1876.085,1875.93,-0.6199999999998909,SL Hit,1875.93,4,162.57999999999743,65.0,-1.525000000000091,1.3350000000000364
2023-09-28 11:20:00,2023-09-28 11:25:00,Long,1875.54,1875.2849999999999,-0.25500000000010914,SL Hit,1875.2849999999999,1,162.32499999999732,5.0,-0.33999999999991815,0.5
2023-09-28 12:15:00,2023-09-28 12:20:00,Long,1876.71,1876.6350000000002,-0.0749999999998181,SL Hit,1876.6350000000002,1,162.2499999999975,5.0,-0.8500000000001364,1.0699999999999363
2023-09-28 12:35:00,2023-09-28 13:35:00,Short,1876.3933333333334,1876.41,-0.049999999999954525,SL Hit,1876.41,3,162.19999999999754,60.0,2.7066666666664787,-4.553333333333512
2023-09-28 13:55:00,2023-09-28 14:00:00,Short,1873.11,1873.44,-0.3300000000001546,SL Hit,1873.44,1,161.8699999999974,5.0,1.900000000000091,-0.4699999999997999
2023-09-28 16:35:00,2023-09-28 16:45:00,Long,1865.35,1864.6600000000003,-0.6899999999995998,SL Hit,1864.6600000000003,1,161.1799999999978,10.0,-1.5899999999999181,0.3300000000001546
2023-09-28 18:50:00,2023-09-28 20:15:00,Long,1866.08,1866.4,1.6000000000008185,SL Hit,1866.4,5,162.7799999999986,85.0,-1.5299999999999727,1.1400000000001
2023-09-28 20:35:00,2023-09-28 22:05:00,Short,1865.39,1865.22,0.3400000000001455,SL Hit,1865.22,2,163.11999999999875,90.0,0.7400000000000091,-1.290000000000191
2023-09-28 22:40:00,2023-09-28 23:10:00,Short,1864.74,1864.74,0.0,SL Hit,1864.74,1,163.11999999999875,30.0,0.2300000000000182,-1.740000000000009
2023-09-29 00:35:00,2023-09-29 02:00:00,Short,1866.23,1866.21,0.03999999999996362,SL Hit,1866.21,2,163.15999999999872,85.0,0.38999999999987267,-1.7200000000000273
2023-09-29 02:25:00,2023-09-29 02:30:00,Long,1865.39,1865.2999999999997,-0.09000000000037289,SL Hit,1865.2999999999997,1,163.06999999999834,5.0,-0.19000000000005457,0.8399999999999181
2023-09-29 02:35:00,2023-09-29 02:45:00,Long,1864.9,1864.9,0.0,SL Hit,1864.9,1,163.06999999999834,10.0,-0.009999999999990905,0.9199999999998454
2023-09-29 02:55:00,2023-09-29 04:25:00,Short,1864.455,1864.43,0.04999999999972715,SL Hit,1864.43,2,163.11999999999807,90.0,0.6950000000001637,-1.5950000000000273
2023-09-29 09:00:00,2023-09-29 09:30:00,Short,1871.3766666666668,1872.12,-2.229999999999336,SL Hit,1872.12,3,160.88999999999874,30.0,0.783333333333303,-0.4566666666667061
2023-09-29 09:35:00,2023-09-29 10:55:00,Long,1872.5033333333333,1872.46,-0.12999999999988177,SL Hit,1872.46,3,160.75999999999885,80.0,-0.7533333333333303,1.0166666666666515
2023-09-29 12:55:00,2023-09-29 13:45:00,Long,1873.14,1872.0900000000001,-1.0499999999999545,SL Hit,1872.0900000000001,1,159.7099999999989,50.0,-1.9400000000000546,6.089999999999918
2023-09-29 16:35:00,2023-09-29 16:45:00,Long,1855.12,1854.8500000000001,-0.26999999999975444,SL Hit,1854.8500000000001,1,159.43999999999915,10.0,-1.349999999999909,1.050000000000182
2023-09-29 18:05:00,2023-10-01 19:00:00,Short,1850.07,1850.04,0.08999999999991815,SL Hit,1850.04,3,159.52999999999906,2935.0,0.5900000000001455,-4.169999999999845
2023-10-02 03:15:00,2023-10-02 03:25:00,Short,1843.98,1843.98,0.0,SL Hit,1843.98,1,159.52999999999906,10.0,0.05999999999994543,-0.7799999999999727
2023-10-02 04:05:00,2023-10-02 04:10:00,Short,1843.14,1843.395,-0.25499999999988177,SL Hit,1843.395,1,159.27499999999918,5.0,0.8199999999999363,-0.3100000000001728
2023-10-02 05:30:00,2023-10-02 06:20:00,Short,1841.8366666666668,1842.23,-1.179999999999609,SL Hit,1842.23,3,158.09499999999957,50.0,1.0133333333330938,-2.4666666666669244
2023-10-02 10:15:00,2023-10-02 10:30:00,Long,1834.45,1834.21,-0.2400000000000091,SL Hit,1834.21,1,157.85499999999956,15.0,-0.7400000000000091,1.5499999999999545
2023-10-02 10:35:00,2023-10-02 10:50:00,Long,1834.195,1833.71,-0.9699999999997999,SL Hit,1833.71,2,156.88499999999976,15.0,-0.5950000000000273,1.6950000000001637
2023-10-02 10:55:00,2023-10-02 11:00:00,Short,1834.21,1834.21,0.0,SL Hit,1834.21,1,156.88499999999976,5.0,-0.0,-1.3600000000001273
2023-10-02 11:30:00,2023-10-02 12:15:00,Long,1835.815,1836.65,1.6700000000000728,SL Hit,1836.65,2,158.55499999999984,45.0,-1.3150000000000546,2.2649999999998727
2023-10-02 12:25:00,2023-10-02 13:05:00,Short,1836.4899999999998,1836.77,-0.8400000000006003,SL Hit,1836.77,3,157.71499999999924,40.0,1.9200000000003001,-2.2199999999998
2023-10-02 14:10:00,2023-10-02 15:20:00,Short,1831.5,1832.53,-2.0599999999999454,SL Hit,1832.53,2,155.6549999999993,70.0,2.509999999999991,-4.2000000000000455
2023-10-02 20:15:00,2023-10-02 22:00:00,Short,1828.3400000000001,1828.16,0.36000000000012733,SL Hit,1828.16,2,156.01499999999942,105.0,0.7299999999997908,-1.4400000000000546
2023-10-02 22:40:00,2023-10-02 22:45:00,Short,1827.82,1827.85,-0.029999999999972715,SL Hit,1827.85,1,155.98499999999945,5.0,0.43000000000006366,-0.9199999999998454
2023-10-02 23:05:00,2023-10-03 03:35:00,Short,1822.2785714285712,1818.39,27.21999999999798,SL Hit,1818.39,7,183.20499999999743,270.0,4.641428571428833,-7.578571428571195
2023-10-03 04:55:00,2023-10-03 06:05:00,Short,1820.75,1820.9750000000001,-0.22500000000013642,SL Hit,1820.9750000000001,1,182.9799999999973,70.0,1.3099999999999454,-2.5699999999999363
2023-10-03 06:10:00,2023-10-03 06:20:00,Long,1821.77,1821.1549999999997,-0.6150000000002365,SL Hit,1821.1549999999997,1,182.36499999999705,10.0,-1.4600000000000364,1.3900000000001
2023-10-03 06:25:00,2023-10-03 09:55:00,Long,1823.7940000000003,1825.77,9.87999999999829,SL Hit,1825.77,5,192.24499999999534,210.0,-3.11400000000026,5.13599999999974
2023-10-03 11:45:00,2023-10-03 11:50:00,Short,1825.93,1826.935,-1.0049999999998818,Bullish Trade Reversal,1826.935,1,191.23999999999546,5.0,1.1799999999998363,-0.8300000000001546
2023-10-03 11:50:00,2023-10-03 11:55:00,Long,1825.73,1824.8149999999998,-0.915000000000191,Bearish Trade Reversal,1824.8149999999998,1,190.32499999999527,5.0,-0.6100000000001273,1.3799999999998818
2023-10-03 11:55:00,2023-10-03 12:10:00,Short,1826.42,1827.11,-1.3799999999996544,SL Hit,1827.11,2,188.94499999999562,15.0,0.9399999999998272,-1.3200000000001637
2023-10-03 12:15:00,2023-10-03 12:20:00,Long,1826.98,1826.95,-0.029999999999972715,SL Hit,1826.95,1,188.91499999999564,5.0,-0.4700000000000273,2.4400000000000546
2023-10-03 12:50:00,2023-10-03 13:35:00,Short,1825.3700000000001,1826.61,-3.719999999999345,SL Hit,1826.61,3,185.1949999999963,45.0,1.349999999999909,-1.7200000000000273
2023-10-03 14:40:00,2023-10-03 14:50:00,Long,1830.08,1828.925,-1.1549999999999727,SL Hit,1828.925,1,184.03999999999633,10.0,-4.919999999999845,1.6400000000001
2023-10-03 22:05:00,2023-10-03 22:10:00,Short,1823.71,1823.725,-0.01499999999987267,SL Hit,1823.725,1,184.02499999999645,5.0,0.10999999999989996,-0.8099999999999454
2023-10-04 02:30:00,2023-10-04 02:55:00,Short,1821.57,1821.57,0.0,SL Hit,1821.57,1,184.02499999999645,25.0,0.03999999999996362,-2.269999999999982
2023-10-04 12:05:00,2023-10-04 12:10:00,Short,1824.67,1824.8049999999998,-0.13499999999976353,SL Hit,1824.8049999999998,1,183.8899999999967,5.0,0.9199999999998454,-1.2699999999999818
2023-10-04 14:55:00,2023-10-04 15:00:00,Short,1818.78,1818.8849999999998,-0.10499999999979082,SL Hit,1818.8849999999998,1,183.7849999999969,5.0,2.4200000000000728,-0.9700000000000273
2023-10-04 16:35:00,2023-10-04 16:40:00,Short,1822.44,1822.44,0.0,SL Hit,1822.44,1,183.7849999999969,5.0,0.31999999999993634,-1.0599999999999454
2023-10-04 22:40:00,2023-10-04 22:55:00,Short,1821.94,1822.2099999999998,-0.26999999999975444,SL Hit,1822.2099999999998,1,183.51499999999714,15.0,0.38999999999987267,-0.7400000000000091
2023-10-05 00:05:00,2023-10-05 00:10:00,Short,1823.14,1823.14,0.0,SL Hit,1823.14,1,183.51499999999714,5.0,0.07999999999992724,-0.6900000000000546
2023-10-05 06:45:00,2023-10-05 09:35:00,Short,1822.0149999999999,1822.33,-1.2600000000002183,SL Hit,1822.33,4,182.25499999999693,170.0,1.8250000000000455,-2.9149999999999636
2023-10-05 09:40:00,2023-10-05 10:00:00,Long,1822.29,1821.585,-0.7049999999999272,SL Hit,1821.585,1,181.549999999997,20.0,-1.2899999999999636,1.0
2023-10-05 10:35:00,2023-10-05 10:40:00,Long,1823.13,1823.13,0.0,SL Hit,1823.13,1,181.549999999997,5.0,-0.20000000000004547,0.6699999999998454
2023-10-05 16:30:00,2023-10-05 16:40:00,Long,1817.59,1817.59,0.0,SL Hit,1817.59,1,181.549999999997,10.0,-0.2300000000000182,0.6700000000000728
2023-10-05 17:35:00,2023-10-05 17:40:00,Long,1818.05,1817.975,-0.07500000000004547,SL Hit,1817.975,1,181.47499999999695,5.0,-0.25,0.8800000000001091
2023-10-05 18:10:00,2023-10-05 20:50:00,Long,1819.7750000000003,1819.55,-1.3500000000021828,SL Hit,1819.55,6,180.12499999999477,160.0,-1.0150000000003274,1.0149999999996453
2023-10-06 01:10:00,2023-10-06 01:30:00,Short,1820.2,1820.4399999999998,-0.23999999999978172,SL Hit,1820.4399999999998,1,179.884999999995,20.0,1.4500000000000455,-0.7999999999999545
2023-10-06 04:45:00,2023-10-06 07:10:00,Short,1821.1733333333334,1819.74,4.300000000000182,SL Hit,1819.74,3,184.18499999999517,145.0,2.336666666666588,-2.583333333333485
2023-10-06 07:20:00,2023-10-06 08:20:00,Long,1819.676666666667,1819.69,0.0399999999992815,SL Hit,1819.69,3,184.22499999999445,60.0,-0.8866666666669971,1.9333333333329392
2023-10-06 12:10:00,2023-10-06 12:15:00,Short,1820.85,1821.435,-0.5850000000000364,SL Hit,1821.435,1,183.63999999999442,5.0,0.6100000000001273,-0.2899999999999636
2023-10-06 12:50:00,2023-10-06 12:55:00,Short,1813.98,1813.98,0.0,SL Hit,1813.98,1,183.63999999999442,5.0,1.7999999999999545,-2.4700000000000273
2023-10-06 14:15:00,2023-10-06 14:50:00,Long,1824.41,1824.41,0.0,SL Hit,1824.41,1,183.63999999999442,35.0,-0.3400000000001455,6.639999999999873
2023-10-06 17:35:00,2023-10-06 17:40:00,Long,1830.67,1830.625,-0.04500000000007276,SL Hit,1830.625,1,183.59499999999434,5.0,-0.17000000000007276,0.6299999999998818
2023-10-09 02:00:00,2023-10-09 03:35:00,Long,1848.695,1848.7,0.010000000000218279,SL Hit,1848.7,2,183.60499999999456,95.0,-0.3949999999999818,3.5850000000000364
2023-10-09 05:45:00,2023-10-09 06:05:00,Short,1851.575,1852.27,-1.3899999999998727,SL Hit,1852.27,2,182.2149999999947,20.0,0.7649999999998727,-0.7050000000001546
2023-10-09 06:55:00,2023-10-09 07:35:00,Short,1850.55,1850.565,-0.015000000000100044,SL Hit,1850.565,1,182.1999999999946,40.0,1.990000000000009,-2.2799999999999727
2023-10-09 15:15:00,2023-10-09 15:20:00,Long,1852.41,1851.855,-0.5550000000000637,SL Hit,1851.855,1,181.64499999999452,5.0,-0.7699999999999818,0.5299999999999727
2023-10-09 15:45:00,2023-10-09 15:50:00,Long,1852.78,1852.465,-0.31500000000005457,SL Hit,1852.465,1,181.32999999999447,5.0,-0.4900000000000091,0.19000000000005457
2023-10-09 17:10:00,2023-10-09 22:05:00,Long,1854.6933333333334,1860.4,34.24000000000024,SL Hit,1860.4,6,215.5699999999947,295.0,-4.563333333333276,8.696666666666715
2023-10-09 22:10:00,2023-10-09 22:15:00,Short,1860.94,1860.94,0.0,SL Hit,1860.94,1,215.5699999999947,5.0,0.01999999999998181,-0.8400000000001455
2023-10-09 23:25:00,2023-10-09 23:30:00,Short,1861.09,1861.285,-0.1950000000001637,SL Hit,1861.285,1,215.37499999999454,5.0,0.540000000000191,-0.5899999999999181
2023-10-10 01:20:00,2023-10-10 01:35:00,Long,1864.43,1863.9499999999998,-0.48000000000024556,SL Hit,1863.9499999999998,1,214.8949999999943,15.0,-0.6400000000001,0.5799999999999272
2023-10-10 04:10:00,2023-10-10 07:40:00,Short,1859.9060000000002,1857.54,11.830000000001064,SL Hit,1857.54,5,226.72499999999536,210.0,2.313999999999851,-4.716000000000122
2023-10-10 08:10:00,2023-10-10 08:15:00,Long,1856.18,1854.4099999999999,-1.7700000000002092,Bearish Trade Reversal,1854.4099999999999,1,224.95499999999515,5.0,-1.1800000000000637,2.0
2023-10-10 08:15:00,2023-10-10 08:30:00,Short,1856.435,1858.18,-3.4900000000002365,SL Hit,1858.18,2,221.46499999999492,15.0,2.1950000000001637,-0.5249999999998636
2023-10-10 08:45:00,2023-10-10 09:15:00,Long,1858.69,1857.76,-1.8600000000001273,SL Hit,1857.76,2,219.6049999999948,30.0,-0.9600000000000364,0.8799999999998818
2023-10-10 09:20:00,2023-10-10 09:25:00,Short,1858.27,1858.5700000000002,-0.3000000000001819,SL Hit,1858.5700000000002,1,219.3049999999946,5.0,1.2799999999999727,-0.2999999999999545
2023-10-10 09:45:00,2023-10-10 09:50:00,Short,1858.23,1858.23,0.0,SL Hit,1858.23,1,219.3049999999946,5.0,0.8299999999999272,-0.6300000000001091
2023-10-10 11:00:00,2023-10-10 11:15:00,Short,1856.61,1856.61,0.0,SL Hit,1856.61,1,219.3049999999946,15.0,-0.0,-1.4799999999997908
2023-10-10 12:40:00,2023-10-10 13:15:00,Short,1854.8000000000002,1856.19,-2.7799999999997453,SL Hit,1856.19,2,216.52499999999486,35.0,1.8799999999998818,-1.4100000000000819
2023-10-10 14:05:00,2023-10-10 14:35:00,Long,1857.19,1856.2,-1.9800000000000182,SL Hit,1856.2,2,214.54499999999484,30.0,-1.6100000000001273,1.3699999999998909
2023-10-10 15:25:00,2023-10-10 16:15:00,Long,1859.256666666667,1859.02,-0.7100000000007185,SL Hit,1859.02,3,213.83499999999412,50.0,-2.5666666666668334,2.983333333333121
2023-10-10 16:20:00,2023-10-10 16:25:00,Short,1859.57,1859.645,-0.07500000000004547,SL Hit,1859.645,1,213.75999999999408,5.0,0.4900000000000091,-1.0199999999999818
2023-10-10 17:30:00,2023-10-10 18:25:00,Short,1859.83,1859.89,-0.12000000000034561,SL Hit,1859.89,2,213.63999999999373,55.0,1.800000000000182,-1.6599999999998545
2023-10-10 19:35:00,2023-10-10 19:40:00,Long,1859.73,1859.73,0.0,SL Hit,1859.73,1,213.63999999999373,5.0,-0.009999999999990905,0.31999999999993634
2023-10-10 22:15:00,2023-10-10 23:10:00,Short,1860.32,1860.4550000000002,-0.13500000000021828,SL Hit,1860.4550000000002,1,213.50499999999352,55.0,0.14000000000010004,-1.5199999999999818
2023-10-10 23:55:00,2023-10-11 00:00:00,Short,1860.09,1860.09,0.0,SL Hit,1860.09,1,213.50499999999352,5.0,0.09000000000014552,-0.459999999999809
2023-10-11 01:15:00,2023-10-11 01:50:00,Short,1861.24,1861.72,-0.9600000000000364,SL Hit,1861.72,2,212.54499999999348,35.0,0.5099999999999909,-0.9500000000000455
2023-10-11 01:55:00,2023-10-11 02:10:00,Long,1861.51,1860.295,-1.2149999999999181,SL Hit,1860.295,1,211.32999999999356,15.0,-1.650000000000091,0.08999999999991815
2023-10-11 03:35:00,2023-10-11 05:10:00,Short,1859.905,1860.08,-0.6999999999998181,SL Hit,1860.08,4,210.62999999999374,95.0,0.9349999999999454,-0.7049999999999272
2023-10-11 05:25:00,2023-10-11 05:40:00,Long,1859.81,1859.28,-1.0599999999999454,SL Hit,1859.28,2,209.5699999999938,15.0,-0.9700000000000273,0.7100000000000364
2023-10-11 06:20:00,2023-10-11 06:25:00,Long,1860.18,1860.18,0.0,SL Hit,1860.18,1,209.5699999999938,5.0,-0.11000000000012733,0.4700000000000273
2023-10-11 09:55:00,2023-10-11 10:00:00,Short,1870.73,1870.9249999999997,-0.19499999999970896,Bullish Trade Reversal,1870.9249999999997,1,209.3749999999941,5.0,0.12999999999988177,-0.6700000000000728
2023-10-11 10:00:00,2023-10-11 11:40:00,Long,1870.9433333333334,1871.4,1.3700000000001182,SL Hit,1871.4,3,210.7449999999942,100.0,-0.933333333333394,3.6466666666665333
2023-10-11 11:45:00,2023-10-11 12:00:00,Short,1871.8,1871.8,0.0,SL Hit,1871.8,1,210.7449999999942,15.0,0.4500000000000455,-0.8399999999999181
2023-10-11 13:40:00,2023-10-11 13:45:00,Short,1870.04,1870.5950000000003,-0.555000000000291,SL Hit,1870.5950000000003,1,210.18999999999392,5.0,0.6700000000000728,-1.6700000000000728
2023-10-11 13:50:00,2023-10-11 13:55:00,Short,1870.51,1871.275,-0.7650000000001,SL Hit,1871.275,1,209.42499999999382,5.0,1.6900000000000546,-1.2999999999999545
2023-10-11 15:15:00,2023-10-11 15:20:00,Short,1870.36,1870.9450000000002,-0.5850000000002638,SL Hit,1870.9450000000002,1,208.83999999999355,5.0,0.9500000000000455,-0.7799999999999727
2023-10-11 17:30:00,2023-10-11 18:00:00,Short,1872.96,1872.96,0.0,SL Hit,1872.96,1,208.83999999999355,30.0,0.08999999999991815,-2.1000000000001364
2023-10-11 23:40:00,2023-10-11 23:45:00,Long,1875.03,1874.97,-0.05999999999994543,SL Hit,1874.97,1,208.7799999999936,5.0,-0.5299999999999727,0.37000000000011823
2023-10-12 00:15:00,2023-10-12 00:25:00,Long,1875.0900000000001,1874.72,-0.7400000000002365,SL Hit,1874.72,2,208.03999999999337,10.0,-0.39000000000010004,0.5299999999997453
2023-10-12 01:20:00,2023-10-12 02:20:00,Long,1876.32,1876.32,0.0,SL Hit,1876.32,1,208.03999999999337,60.0,-0.31999999999993634,2.259999999999991
2023-10-12 02:50:00,2023-10-12 02:55:00,Short,1876.58,1876.7000000000003,-0.12000000000034561,SL Hit,1876.7000000000003,1,207.91999999999302,5.0,0.37000000000011823,-0.7799999999999727
2023-10-12 03:40:00,2023-10-12 03:55:00,Long,1877.4850000000001,1877.12,-0.7300000000004729,SL Hit,1877.12,2,207.18999999999255,15.0,-0.6250000000002274,0.3549999999997908
2023-10-12 04:00:00,2023-10-12 04:05:00,Short,1877.38,1877.5149999999999,-0.13499999999976353,SL Hit,1877.5149999999999,1,207.0549999999928,5.0,0.33999999999991815,-0.5800000000001546
2023-10-12 06:35:00,2023-10-12 07:50:00,Long,1880.8500000000001,1879.94,-2.7300000000002456,SL Hit,1879.94,3,204.32499999999254,75.0,-1.6900000000000546,1.709999999999809
2023-10-12 09:30:00,2023-10-12 12:05:00,Long,1882.1657142857143,1882.97,5.629999999999882,SL Hit,1882.97,7,209.95499999999242,155.0,-1.9657142857142844,2.1742857142855883
2023-10-12 12:10:00,2023-10-12 12:20:00,Short,1883.45,1883.45,0.0,SL Hit,1883.45,1,209.95499999999242,10.0,0.34999999999990905,-1.3500000000001364
2023-10-12 12:30:00,2023-10-12 16:00:00,Short,1875.9862500000002,1872.95,24.290000000000873,SL Hit,1872.95,8,234.2449999999933,210.0,7.483749999999873,-5.036250000000109
2023-10-12 23:25:00,2023-10-13 00:35:00,Long,1871.0575,1870.5,-2.2299999999995634,SL Hit,1870.5,4,232.01499999999373,70.0,-1.0574999999998909,1.0625
2023-10-13 01:15:00,2023-10-13 01:35:00,Long,1871.92,1871.78,-0.2800000000002001,SL Hit,1871.78,2,231.73499999999353,20.0,-0.3000000000001819,0.9800000000000182
2023-10-13 01:45:00,2023-10-13 02:05:00,Short,1872.04,1872.1299999999999,-0.08999999999991815,SL Hit,1872.1299999999999,1,231.64499999999362,20.0,0.5499999999999545,-1.0399999999999636
2023-10-13 02:40:00,2023-10-13 03:25:00,Long,1872.7,1872.9,0.6000000000001364,SL Hit,1872.9,3,232.24499999999375,45.0,-0.2999999999999545,1.1599999999998545
2023-10-13 03:30:00,2023-10-13 04:00:00,Short,1873.475,1873.75,-0.5500000000001819,SL Hit,1873.75,2,231.69499999999357,30.0,0.4350000000001728,-0.6749999999999545
2023-10-13 04:05:00,2023-10-13 06:00:00,Long,1875.3025,1876.2,3.5900000000001455,SL Hit,1876.2,4,235.28499999999372,115.0,-1.6825000000001182,2.6275000000000546
2023-10-13 07:05:00,2023-10-13 09:05:00,Long,1881.234,1883.28,10.230000000000246,SL Hit,1883.28,5,245.51499999999396,120.0,-4.293999999999869,3.4860000000001037
2023-10-13 10:40:00,2023-10-13 10:55:00,Long,1888.32,1888.32,0.0,SL Hit,1888.32,1,245.51499999999396,15.0,-0.6799999999998363,1.5499999999999545
2023-10-13 12:25:00,2023-10-13 13:40:00,Long,1906.3533333333335,1905.94,-1.2400000000002365,SL Hit,1905.94,3,244.27499999999372,75.0,-7.64333333333343,11.61666666666656
2023-10-13 18:00:00,2023-10-13 18:35:00,Long,1929.075,1928.27,-1.6100000000001273,SL Hit,1928.27,2,242.6649999999936,35.0,-1.1849999999999454,1.4149999999999636
2023-10-13 18:45:00,2023-10-13 19:50:00,Short,1928.0033333333333,1928.54,-1.6099999999999,SL Hit,1928.54,3,241.0549999999937,65.0,0.8266666666665969,-0.5033333333333303
2023-10-16 01:45:00,2023-10-16 02:35:00,Short,1921.3533333333335,1921.22,0.4000000000003183,SL Hit,1921.22,3,241.45499999999402,50.0,0.38666666666654237,-1.8533333333334667
2023-10-16 03:25:00,2023-10-16 03:30:00,Short,1919.18,1919.18,0.0,SL Hit,1919.18,1,241.45499999999402,5.0,0.16999999999984539,-0.5199999999999818
2023-10-16 05:20:00,2023-10-16 05:25:00,Short,1919.74,1919.86,-0.11999999999989086,SL Hit,1919.86,1,241.33499999999412,5.0,0.12999999999988177,-0.25
2023-10-16 05:35:00,2023-10-16 05:40:00,Short,1919.15,1919.27,-0.11999999999989086,SL Hit,1919.27,1,241.21499999999423,5.0,0.2799999999999727,-0.8500000000001364
2023-10-16 05:45:00,2023-10-16 08:00:00,Short,1914.7800000000002,1912.07,10.840000000001055,SL Hit,1912.07,4,252.0549999999953,135.0,4.889999999999873,-6.350000000000136
2023-10-16 10:10:00,2023-10-16 11:20:00,Long,1916.53,1915.5,-3.089999999999918,SL Hit,1915.5,3,248.96499999999537,70.0,-1.849999999999909,1.6000000000001364
2023-10-16 11:25:00,2023-10-16 12:10:00,Short,1916.04,1916.79,-0.75,SL Hit,1916.79,1,248.21499999999537,45.0,1.0499999999999545,-1.3399999999999181
2023-10-16 12:50:00,2023-10-16 13:25:00,Long,1918.325,1916.6,-3.450000000000273,SL Hit,1916.6,2,244.7649999999951,35.0,-1.884999999999991,0.6949999999999363
2023-10-16 13:30:00,2023-10-16 13:40:00,Short,1917.39,1917.885,-0.49499999999989086,SL Hit,1917.885,1,244.2699999999952,10.0,0.6599999999998545,-2.810000000000173
2023-10-16 15:55:00,2023-10-16 17:00:00,Short,1921.685,1922.07,-0.7699999999999818,SL Hit,1922.07,2,243.49999999999523,65.0,0.9450000000001637,-2.0850000000000364
2023-10-16 18:35:00,2023-10-16 18:40:00,Short,1919.3,1919.3,0.0,SL Hit,1919.3,1,243.49999999999523,5.0,0.06999999999993634,-0.4600000000000364
2023-10-16 18:55:00,2023-10-16 19:00:00,Short,1919.09,1919.09,0.0,SL Hit,1919.09,1,243.49999999999523,5.0,0.07000000000016371,-0.6099999999999
2023-10-16 19:15:00,2023-10-16 19:20:00,Short,1919.32,1919.4850000000001,-0.165000000000191,SL Hit,1919.4850000000001,1,243.33499999999503,5.0,0.5600000000001728,-0.4399999999998272
2023-10-17 05:40:00,2023-10-17 05:50:00,Short,1915.31,1915.7749999999999,-0.46499999999991815,SL Hit,1915.7749999999999,1,242.86999999999512,10.0,1.3200000000001637,-0.4099999999998545
2023-10-17 07:05:00,2023-10-17 07:35:00,Long,1917.76,1917.685,-0.07500000000004547,SL Hit,1917.685,1,242.79499999999507,30.0,-0.35999999999989996,2.3900000000001
2023-10-17 10:00:00,2023-10-17 11:00:00,Long,1924.4166666666667,1923.15,-3.7999999999999545,SL Hit,1923.15,3,238.99499999999512,60.0,-1.8766666666667788,1.9333333333331666
2023-10-17 16:20:00,2023-10-17 18:55:00,Short,1922.4425,1920.91,6.130000000000109,SL Hit,1920.91,4,245.12499999999523,155.0,2.707499999999982,-3.6425000000001546
2023-10-18 00:45:00,2023-10-18 00:55:00,Short,1927.79,1927.85,-0.05999999999994543,Bullish Trade Reversal,1927.85,1,245.06499999999528,10.0,0.22000000000002728,-1.2899999999999636
2023-10-18 00:55:00,2023-10-18 02:55:00,Long,1932.46,1937.92,10.920000000000073,SL Hit,1937.92,2,255.98499999999535,120.0,-5.440000000000055,9.920000000000073
2023-10-18 08:10:00,2023-10-18 08:15:00,Long,1938.05,1937.33,-0.7200000000000273,SL Hit,1937.33,1,255.26499999999533,5.0,-1.349999999999909,0.31999999999993634
2023-10-18 08:30:00,2023-10-18 08:45:00,Long,1938.25,1938.2350000000001,-0.01499999999987267,SL Hit,1938.2350000000001,1,255.24999999999545,15.0,-0.25,0.7300000000000182
2023-10-18 08:50:00,2023-10-18 09:00:00,Long,1938.0,1938.0,0.0,SL Hit,1938.0,2,255.24999999999545,10.0,-0.40000000000009095,1.6600000000000819
2023-10-18 09:15:00,2023-10-18 10:05:00,Long,1941.44,1943.0,3.119999999999891,SL Hit,1943.0,2,258.36999999999534,50.0,-2.5900000000001455,4.399999999999864
2023-10-18 10:10:00,2023-10-18 10:30:00,Short,1943.435,1943.9,-0.930000000000291,SL Hit,1943.9,2,257.43999999999505,20.0,0.9049999999999727,-0.44499999999993634
2023-10-18 10:50:00,2023-10-18 11:45:00,Long,1945.22,1944.88,-1.0199999999997544,SL Hit,1944.88,3,256.4199999999953,55.0,-1.3399999999999181,2.019999999999982
2023-10-18 13:20:00,2023-10-18 14:45:00,Long,1948.73,1948.5499999999997,-0.18000000000029104,SL Hit,1948.5499999999997,1,256.239999999995,85.0,-5.009999999999991,13.680000000000064
2023-10-18 16:05:00,2023-10-18 20:00:00,Long,1949.2375,1949.03,-0.8299999999999272,SL Hit,1949.03,4,255.40999999999508,235.0,-4.377500000000055,7.212500000000091
2023-10-18 20:40:00,2023-10-18 22:05:00,Short,1948.645,1949.69,-2.0900000000001455,SL Hit,1949.69,2,253.31999999999493,85.0,1.2149999999999181,-1.7449999999998909
2023-10-18 22:10:00,2023-10-18 22:20:00,Short,1950.18,1950.36,-0.1799999999998363,SL Hit,1950.36,1,253.1399999999951,10.0,0.6099999999999,-0.9200000000000728
2023-10-18 22:45:00,2023-10-18 23:05:00,Short,1950.17,1950.17,0.0,SL Hit,1950.17,1,253.1399999999951,20.0,0.6699999999998454,-0.7300000000000182
2023-10-18 23:10:00,2023-10-18 23:20:00,Long,1949.5,1949.5,0.0,SL Hit,1949.5,1,253.1399999999951,10.0,0.0,1.75
2023-10-19 05:50:00,2023-10-19 06:20:00,Short,1947.03,1947.315,-0.28500000000008185,SL Hit,1947.315,1,252.85499999999502,30.0,1.0799999999999272,-1.7300000000000182
2023-10-19 07:05:00,2023-10-19 07:10:00,Long,1948.26,1948.26,0.0,SL Hit,1948.26,1,252.85499999999502,5.0,-0.10999999999989996,1.490000000000009
2023-10-19 10:50:00,2023-10-19 10:55:00,Long,1950.87,1950.87,0.0,SL Hit,1950.87,1,252.85499999999502,5.0,0.0,0.4800000000000182
2023-10-19 17:55:00,2023-10-19 19:50:00,Long,1974.396,1975.9,7.520000000000664,SL Hit,1975.9,5,260.3749999999957,115.0,-3.7259999999998854,3.183999999999969
2023-10-19 19:55:00,2023-10-19 22:30:00,Short,1974.885,1974.61,0.5500000000001819,SL Hit,1974.61,2,260.92499999999586,155.0,1.6849999999999454,-2.6849999999999454
2023-10-19 22:40:00,2023-10-19 22:55:00,Long,1973.92,1973.3799999999999,-0.540000000000191,SL Hit,1973.3799999999999,1,260.38499999999567,15.0,-1.1400000000001,2.3899999999998727
2023-10-20 04:40:00,2023-10-20 04:45:00,Short,1976.86,1976.9500000000003,-0.09000000000037289,SL Hit,1976.9500000000003,1,260.2949999999953,5.0,0.3000000000001819,-0.22999999999979082
2023-10-20 05:05:00,2023-10-20 05:15:00,Short,1976.55,1977.45,-1.800000000000182,SL Hit,1977.45,2,258.4949999999951,10.0,1.4100000000000819,-0.6299999999998818
2023-10-20 11:35:00,2023-10-20 12:45:00,Short,1979.895,1979.63,0.5299999999997453,SL Hit,1979.63,2,259.02499999999486,70.0,2.894999999999982,-6.345000000000027
2023-10-20 15:55:00,2023-10-20 19:05:00,Short,1983.8559999999998,1981.12,13.679999999999382,SL Hit,1981.12,5,272.70499999999424,190.0,9.084000000000287,-9.165999999999713
2023-10-20 19:10:00,2023-10-20 19:45:00,Long,1981.57,1980.3,-3.8099999999999454,SL Hit,1980.3,3,268.8949999999943,35.0,-1.9800000000000182,0.4700000000000273
2023-10-22 23:30:00,2023-10-23 01:35:00,Short,1971.4800000000002,1967.41,12.210000000000491,SL Hit,1967.41,3,281.1049999999948,125.0,4.4699999999998,-6.960000000000264
2023-10-23 06:05:00,2023-10-23 06:40:00,Long,1975.95,1975.9050000000002,-0.044999999999845386,SL Hit,1975.9050000000002,1,281.05999999999494,35.0,-0.7799999999999727,1.3899999999998727
2023-10-23 07:15:00,2023-10-23 07:20:00,Short,1975.69,1975.69,0.0,SL Hit,1975.69,1,281.05999999999494,5.0,0.7999999999999545,-0.6600000000000819
2023-10-23 08:45:00,2023-10-23 08:50:00,Long,1981.23,1981.14,-0.08999999999991815,SL Hit,1981.14,1,280.969999999995,5.0,-0.7300000000000182,0.599999999999909
2023-10-23 09:00:00,2023-10-23 09:10:00,Long,1982.2649999999999,1980.5,-3.5299999999997453,SL Hit,1980.5,2,277.4399999999953,10.0,-1.974999999999909,0.4350000000001728
2023-10-23 15:35:00,2023-10-23 16:30:00,Short,1976.95,1978.67,-3.4400000000000546,SL Hit,1978.67,2,273.9999999999952,55.0,2.0499999999999545,-4.0499999999999545
2023-10-23 16:40:00,2023-10-23 16:45:00,Long,1977.12,1976.835,-0.2849999999998545,SL Hit,1976.835,1,273.71499999999537,5.0,-0.7199999999997999,0.7700000000002092
2023-10-23 18:45:00,2023-10-23 18:50:00,Long,1977.37,1977.37,0.0,SL Hit,1977.37,1,273.71499999999537,5.0,-0.08999999999991815,0.40000000000009095
2023-10-23 22:05:00,2023-10-23 22:10:00,Long,1973.29,1973.14,-0.14999999999986358,SL Hit,1973.14,1,273.5649999999955,5.0,-0.8899999999998727,0.37000000000011823
2023-10-23 22:40:00,2023-10-23 22:45:00,Short,1973.14,1973.1550000000002,-0.015000000000100044,SL Hit,1973.1550000000002,1,273.5499999999954,5.0,0.16999999999984539,-0.09000000000014552
2023-10-23 23:25:00,2023-10-23 23:30:00,Long,1973.35,1973.35,0.0,SL Hit,1973.35,1,273.5499999999954,5.0,-0.8899999999998727,0.22000000000002728
2023-10-23 23:35:00,2023-10-23 23:40:00,Long,1972.34,1970.78,-1.5599999999999454,Bearish Trade Reversal,1970.78,1,271.98999999999546,5.0,-1.0399999999999636,0.19000000000005457
2023-10-23 23:40:00,2023-10-23 23:45:00,Short,1972.53,1972.53,0.0,SL Hit,1972.53,1,271.98999999999546,5.0,0.33999999999991815,-1.0299999999999727
2023-10-23 23:55:00,2023-10-24 00:35:00,Long,1974.21,1973.3,-1.8200000000001637,SL Hit,1973.3,2,270.1699999999953,40.0,-1.1200000000001182,1.5299999999999727
2023-10-24 00:45:00,2023-10-24 01:00:00,Short,1973.94,1973.94,0.0,SL Hit,1973.94,1,270.1699999999953,15.0,1.4299999999998363,-1.5199999999999818
2023-10-24 01:45:00,2023-10-24 02:10:00,Short,1976.5549999999998,1977.26,-1.4100000000003092,SL Hit,1977.26,2,268.759999999995,25.0,1.0550000000000637,-0.8749999999997726
2023-10-24 04:10:00,2023-10-24 04:50:00,Short,1976.14,1976.3049999999998,-0.16499999999973625,SL Hit,1976.3049999999998,1,268.59499999999525,40.0,1.1899999999998272,-0.790000000000191
2023-10-24 05:30:00,2023-10-24 05:55:00,Short,1975.71,1976.39,-1.3600000000001273,SL Hit,1976.39,2,267.2349999999951,25.0,0.75,-0.9900000000000091
2023-10-24 06:00:00,2023-10-24 07:25:00,Long,1976.7366666666667,1975.8,-2.810000000000173,SL Hit,1975.8,3,264.42499999999495,85.0,-1.5366666666666333,2.2533333333333303
2023-10-24 07:50:00,2023-10-24 11:45:00,Short,1969.0483333333334,1962.65,38.38999999999987,SL Hit,1962.65,6,302.8149999999948,235.0,7.061666666666497,-15.148333333333312
2023-10-24 13:30:00,2023-10-24 13:55:00,Short,1963.17,1964.25,-1.0799999999999272,SL Hit,1964.25,1,301.7349999999949,25.0,2.1699999999998454,-3.3500000000001364
2023-10-24 15:10:00,2023-10-24 15:15:00,Short,1962.22,1962.8049999999998,-0.584999999999809,SL Hit,1962.8049999999998,1,301.1499999999951,5.0,0.9200000000000728,-0.8600000000001273
2023-10-24 15:45:00,2023-10-24 18:25:00,Long,1969.1166666666668,1973.3,12.5499999999995,SL Hit,1973.3,3,313.6999999999946,160.0,-3.736666666666679,8.36333333333323
2023-10-24 18:30:00,2023-10-24 20:15:00,Short,1972.8933333333334,1972.71,0.5500000000001819,SL Hit,1972.71,3,314.24999999999477,105.0,1.3866666666665424,-2.3933333333334303
2023-10-24 23:00:00,2023-10-24 23:25:00,Long,1970.5900000000001,1970.29,-0.6000000000003638,SL Hit,1970.29,2,313.6499999999944,25.0,-0.39000000000010004,0.4499999999998181
2023-10-25 01:05:00,2023-10-25 01:10:00,Long,1973.96,1973.96,0.0,SL Hit,1973.96,1,313.6499999999944,5.0,-0.4600000000000364,1.2200000000000273
2023-10-25 03:20:00,2023-10-25 03:50:00,Short,1972.39,1972.51,-0.11999999999989086,SL Hit,1972.51,1,313.5299999999945,30.0,0.1999999999998181,-1.540000000000191
2023-10-25 04:35:00,2023-10-25 04:40:00,Long,1974.11,1973.96,-0.14999999999986358,SL Hit,1973.96,1,313.37999999999465,5.0,-1.1099999999999,0.09000000000014552
2023-10-25 05:00:00,2023-10-25 05:35:00,Short,1972.42,1972.87,-0.4499999999998181,SL Hit,1972.87,1,312.92999999999483,35.0,0.4700000000000273,-1.5299999999999727
2023-10-25 06:00:00,2023-10-25 06:50:00,Long,1972.77,1972.1399999999999,-0.6300000000001091,SL Hit,1972.1399999999999,1,312.2999999999947,50.0,-1.2699999999999818,3.130000000000109
2023-10-25 06:55:00,2023-10-25 07:05:00,Short,1972.0,1972.3600000000001,-0.36000000000012733,SL Hit,1972.3600000000001,1,311.9399999999946,10.0,1.0399999999999636,-1.0
2023-10-25 08:20:00,2023-10-25 09:00:00,Long,1970.64,1970.625,-0.015000000000100044,SL Hit,1970.625,1,311.9249999999945,40.0,-0.6400000000001,3.979999999999791
2023-10-25 09:35:00,2023-10-25 10:15:00,Short,1971.23,1971.76,-1.0599999999999454,SL Hit,1971.76,2,310.86499999999455,40.0,0.8799999999998818,-1.8099999999999454
2023-10-25 11:20:00,2023-10-25 12:25:00,Long,1974.3500000000001,1973.95,-1.2000000000002728,SL Hit,1973.95,3,309.6649999999943,65.0,-1.800000000000182,2.1799999999998363
2023-10-25 13:10:00,2023-10-25 13:20:00,Long,1976.21,1976.1950000000002,-0.01499999999987267,SL Hit,1976.1950000000002,1,309.6499999999944,10.0,-0.6100000000001273,2.009999999999991
2023-10-25 16:30:00,2023-10-25 17:15:00,Short,1980.94,1981.375,-0.43499999999994543,SL Hit,1981.375,1,309.21499999999446,45.0,2.1900000000000546,-4.2999999999999545
2023-10-26 02:10:00,2023-10-26 02:40:00,Long,1985.8233333333335,1984.83,-2.9800000000007003,SL Hit,1984.83,3,306.23499999999376,30.0,-1.333333333333485,0.7066666666664787
2023-10-26 04:50:00,2023-10-26 05:30:00,Long,1988.69,1987.205,-1.4850000000001273,SL Hit,1987.205,1,304.74999999999363,40.0,-1.6400000000001,0.7300000000000182
2023-10-26 06:00:00,2023-10-26 06:20:00,Short,1985.25,1985.7749999999999,-0.5249999999998636,SL Hit,1985.7749999999999,1,304.22499999999377,20.0,1.1099999999999,-1.150000000000091
2023-10-26 07:15:00,2023-10-26 07:20:00,Long,1987.05,1987.02,-0.029999999999972715,SL Hit,1987.02,1,304.1949999999938,5.0,-0.6399999999998727,0.40000000000009095
2023-10-26 07:35:00,2023-10-26 09:20:00,Long,1988.2366666666665,1988.75,1.5400000000006457,SL Hit,1988.75,3,305.73499999999444,105.0,-1.2266666666664605,4.963333333333594
2023-10-26 14:15:00,2023-10-26 14:30:00,Short,1975.72,1975.72,0.0,SL Hit,1975.72,1,305.73499999999444,15.0,0.4600000000000364,-3.6200000000001182
2023-10-26 19:00:00,2023-10-26 19:10:00,Long,1986.46,1985.1,-2.7200000000002547,SL Hit,1985.1,2,303.0149999999942,10.0,-3.7100000000000364,0.35999999999989996
2023-10-27 00:00:00,2023-10-27 00:45:00,Short,1983.6399999999999,1984.0,-0.7200000000002547,SL Hit,1984.0,2,302.29499999999393,45.0,0.9500000000000455,-1.4399999999998272
2023-10-27 01:10:00,2023-10-27 02:55:00,Long,1985.2350000000001,1986.12,3.539999999999054,SL Hit,1986.12,4,305.834999999993,105.0,-1.4850000000001273,3.494999999999891
2023-10-27 05:10:00,2023-10-27 05:45:00,Short,1987.645,1987.72,-0.15000000000009095,SL Hit,1987.72,2,305.6849999999929,35.0,0.7450000000001182,-1.5450000000000728
2023-10-27 05:50:00,2023-10-27 06:20:00,Long,1987.41,1987.1399999999999,-0.2700000000002092,SL Hit,1987.1399999999999,1,305.4149999999927,30.0,-0.6100000000001273,2.1699999999998454
2023-10-27 06:30:00,2023-10-27 08:05:00,Long,1986.97,1986.1,-3.480000000000473,SL Hit,1986.1,4,301.9349999999922,95.0,-1.2699999999999818,2.0499999999999545
2023-10-27 09:35:00,2023-10-27 11:45:00,Short,1985.2825,1982.44,11.36999999999989,SL Hit,1982.44,4,313.3049999999921,130.0,2.3575000000000728,-5.272500000000036
2023-10-27 14:15:00,2023-10-27 14:25:00,Long,1984.09,1984.09,0.0,SL Hit,1984.09,1,313.3049999999921,10.0,-0.209999999999809,1.3600000000001273
2023-10-27 20:45:00,2023-10-27 20:50:00,Short,2005.47,2005.59,-0.11999999999989086,SL Hit,2005.59,1,313.1849999999922,5.0,0.38999999999987267,-1.3700000000001182
2023-10-30 02:55:00,2023-10-30 04:55:00,Short,2002.25,2001.75,2.0,SL Hit,2001.75,4,315.1849999999922,120.0,1.1400000000001,-2.119999999999891
2023-10-30 05:00:00,2023-10-30 05:05:00,Long,2001.22,2001.0699999999997,-0.15000000000031832,SL Hit,2001.0699999999997,1,315.0349999999919,5.0,-0.6200000000001182,0.4900000000000091
2023-10-30 06:15:00,2023-10-30 09:15:00,Short,1997.0100000000002,1994.64,9.480000000000473,SL Hit,1994.64,4,324.51499999999237,180.0,2.3499999999996817,-6.100000000000136
2023-10-30 10:40:00,2023-10-30 11:45:00,Short,1994.99,1994.9,0.1799999999998363,SL Hit,1994.9,2,324.6949999999922,65.0,1.4500000000000455,-2.3299999999999272
2023-10-30 11:50:00,2023-10-30 14:35:00,Long,1996.5900000000001,1996.47,-0.6000000000005912,SL Hit,1996.47,5,324.0949999999916,165.0,-2.8900000000001,5.839999999999918
2023-10-30 17:10:00,2023-10-30 17:40:00,Short,1998.43,1998.6399999999999,-0.209999999999809,SL Hit,1998.6399999999999,1,323.8849999999918,30.0,1.240000000000009,-3.5900000000001455
2023-10-30 18:40:00,2023-10-30 18:55:00,Short,1997.8,1997.8899999999999,-0.08999999999991815,SL Hit,1997.8899999999999,1,323.7949999999919,15.0,0.2400000000000091,-0.35999999999989996
2023-10-30 22:30:00,2023-10-30 23:35:00,Short,1995.21,1995.09,0.24000000000023647,SL Hit,1995.09,2,324.0349999999921,65.0,0.6199999999998909,-1.3099999999999454
2023-10-31 00:20:00,2023-10-31 00:30:00,Long,1995.26,1994.87,-0.39000000000010004,SL Hit,1994.87,1,323.644999999992,10.0,-0.8599999999999,0.9800000000000182
2023-10-31 01:15:00,2023-10-31 01:35:00,Long,1996.59,1995.3,-2.5799999999999272,SL Hit,1995.3,2,321.0649999999921,20.0,-1.990000000000009,0.6200000000001182
2023-10-31 01:40:00,2023-10-31 01:50:00,Short,1995.99,1996.11,-0.11999999999989086,SL Hit,1996.11,1,320.9449999999922,10.0,0.21000000000003638,-1.1300000000001091
2023-10-31 02:45:00,2023-10-31 04:50:00,Short,1993.3733333333332,1992.58,2.3799999999998818,SL Hit,1992.58,3,323.3249999999921,125.0,2.106666666666797,-2.873333333333221
2023-10-31 10:25:00,2023-10-31 11:20:00,Long,1998.2033333333331,1998.3,0.29000000000041837,SL Hit,1998.3,3,323.6149999999925,55.0,-1.1633333333331848,1.6866666666669516
2023-10-31 11:50:00,2023-10-31 12:30:00,Long,1999.72,1998.6,-2.2400000000002365,SL Hit,1998.6,2,321.37499999999227,40.0,-2.2999999999999545,1.5399999999999636
2023-10-31 14:55:00,2023-10-31 18:55:00,Short,1992.755,1984.8,31.82000000000062,SL Hit,1984.8,4,353.1949999999929,240.0,8.114999999999782,-12.815000000000055
2023-10-31 19:00:00,2023-10-31 19:40:00,Long,1984.9850000000001,1984.83,-0.3100000000004002,SL Hit,1984.83,2,352.8849999999925,40.0,-0.7550000000001091,1.5549999999998363
2023-10-31 19:45:00,2023-10-31 19:50:00,Short,1984.88,1985.1349999999998,-0.2549999999996544,SL Hit,1985.1349999999998,1,352.62999999999283,5.0,0.5199999999999818,-0.38000000000010914
2023-10-31 19:55:00,2023-10-31 22:05:00,Short,1984.43,1983.99,1.7600000000002183,SL Hit,1983.99,4,354.38999999999305,130.0,0.7300000000000182,-1.6300000000001091
2023-10-31 23:25:00,2023-11-01 02:05:00,Short,1982.0233333333333,1980.65,8.239999999999327,SL Hit,1980.65,6,362.6299999999924,160.0,2.6666666666667425,-4.523333333333312
2023-11-01 03:20:00,2023-11-01 03:30:00,Short,1978.61,1978.61,0.0,SL Hit,1978.61,1,362.6299999999924,10.0,0.07000000000016371,-0.849999999999909
2023-11-01 05:40:00,2023-11-01 05:45:00,Long,1978.28,1977.965,-0.31500000000005457,SL Hit,1977.965,1,362.3149999999923,5.0,-0.6700000000000728,0.5899999999999181
2023-11-01 05:50:00,2023-11-01 07:05:00,Long,1979.245,1979.4,0.3100000000004002,SL Hit,1979.4,2,362.6249999999927,75.0,-1.1149999999997817,1.665000000000191
2023-11-01 07:15:00,2023-11-01 08:40:00,Short,1978.895,1979.43,-1.0700000000001637,SL Hit,1979.43,2,361.55499999999256,85.0,1.0850000000000364,-2.115000000000009
2023-11-01 11:10:00,2023-11-01 11:15:00,Long,1983.45,1983.2849999999999,-0.165000000000191,SL Hit,1983.2849999999999,1,361.38999999999237,5.0,-0.6400000000001,0.20000000000004547
2023-11-01 11:50:00,2023-11-01 12:00:00,Long,1984.0149999999999,1982.6,-2.8299999999999272,SL Hit,1982.6,2,358.55999999999244,10.0,-1.4149999999999636,0.25500000000010914
2023-11-01 13:25:00,2023-11-01 13:45:00,Short,1984.92,1984.92,0.0,SL Hit,1984.92,1,358.55999999999244,20.0,1.009999999999991,-3.550000000000182
2023-11-01 15:20:00,2023-11-01 17:30:00,Short,1980.6499999999999,1979.21,4.319999999999482,SL Hit,1979.21,3,362.8799999999919,130.0,4.860000000000127,-6.169999999999845
2023-11-01 17:35:00,2023-11-01 18:35:00,Long,1978.395,1977.1,-2.5900000000001455,SL Hit,1977.1,2,360.2899999999918,60.0,-1.4349999999999454,3.875
2023-11-01 18:40:00,2023-11-01 19:10:00,Short,1977.61,1977.61,0.0,SL Hit,1977.61,1,360.2899999999918,30.0,2.400000000000091,-7.529999999999973
2023-11-01 22:30:00,2023-11-01 22:35:00,Long,1983.13,1983.13,0.0,SL Hit,1983.13,1,360.2899999999918,5.0,-1.0300000000002,0.33999999999991815
2023-11-01 22:50:00,2023-11-01 23:00:00,Long,1983.25,1983.22,-0.029999999999972715,SL Hit,1983.22,1,360.2599999999918,10.0,-0.15000000000009095,1.0599999999999454
2023-11-01 23:40:00,2023-11-01 23:55:00,Short,1983.96,1984.485,-0.5249999999998636,SL Hit,1984.485,1,359.73499999999194,15.0,1.099999999999909,-0.5499999999999545
2023-11-02 00:45:00,2023-11-02 01:00:00,Short,1984.31,1984.97,-0.6600000000000819,SL Hit,1984.97,1,359.07499999999186,15.0,0.8800000000001091,-0.36999999999989086
2023-11-02 01:10:00,2023-11-02 02:00:00,Long,1985.935,1986.08,0.2899999999999636,SL Hit,1986.08,2,359.3649999999918,50.0,-0.3450000000000273,1.9049999999999727
2023-11-02 07:00:00,2023-11-02 07:25:00,Long,1985.605,1983.8,-3.6100000000001273,SL Hit,1983.8,2,355.7549999999917,25.0,-1.9850000000001273,0.04500000000007276
2023-11-02 09:15:00,2023-11-02 10:05:00,Long,1988.545,1986.6,-3.8900000000003274,SL Hit,1986.6,2,351.86499999999137,50.0,-2.025000000000091,0.9249999999999545
2023-11-02 10:15:00,2023-11-02 10:25:00,Short,1986.97,1986.97,0.0,SL Hit,1986.97,1,351.86499999999137,10.0,0.18000000000006366,-1.1300000000001091
2023-11-02 10:50:00,2023-11-02 10:55:00,Long,1988.59,1988.335,-0.25499999999988177,SL Hit,1988.335,1,351.6099999999915,5.0,-1.0899999999999181,0.7799999999999727
2023-11-02 14:00:00,2023-11-02 14:05:00,Short,1984.06,1984.12,-0.05999999999994543,SL Hit,1984.12,1,351.54999999999154,5.0,0.18000000000006366,-2.9700000000000273
2023-11-02 15:30:00,2023-11-02 15:40:00,Short,1980.37,1981.3000000000002,-0.930000000000291,SL Hit,1981.3000000000002,1,350.61999999999125,10.0,1.9500000000000455,-1.4699999999998
2023-11-02 19:05:00,2023-11-02 19:15:00,Long,1985.9,1985.525,-0.375,SL Hit,1985.525,1,350.24499999999125,10.0,-0.7200000000000273,0.3999999999998636
2023-11-02 20:55:00,2023-11-02 22:20:00,Long,1985.73,1985.4,-0.6599999999998545,SL Hit,1985.4,2,349.5849999999914,85.0,-0.7300000000000182,0.6700000000000728
2023-11-02 22:40:00,2023-11-02 23:45:00,Short,1984.71,1984.81,-0.29999999999972715,SL Hit,1984.81,3,349.28499999999167,65.0,0.5199999999999818,-1.009999999999991
2023-11-03 01:05:00,2023-11-03 02:15:00,Short,1985.09,1985.27,-0.18000000000006366,SL Hit,1985.27,1,349.1049999999916,70.0,0.3200000000001637,-2.589999999999918
2023-11-03 04:05:00,2023-11-03 04:10:00,Short,1986.39,1986.39,0.0,Bullish Trade Reversal,1986.39,1,349.1049999999916,5.0,0.1999999999998181,-0.9900000000000091
2023-11-03 04:10:00,2023-11-03 05:25:00,Long,1986.2166666666665,1985.0,-3.649999999999409,SL Hit,1985.0,3,345.4549999999922,75.0,-1.3166666666663787,0.45333333333360315
2023-11-03 05:55:00,2023-11-03 06:00:00,Long,1986.67,1986.67,0.0,SL Hit,1986.67,1,345.4549999999922,5.0,-0.8700000000001182,0.5699999999999363
2023-11-03 06:20:00,2023-11-03 06:40:00,Short,1987.25,1987.47,-0.44000000000005457,SL Hit,1987.47,2,345.01499999999214,20.0,0.22000000000002728,-1.0499999999999545
2023-11-03 07:15:00,2023-11-03 07:30:00,Long,1988.2350000000001,1986.9,-2.6700000000000728,SL Hit,1986.9,2,342.34499999999207,15.0,-1.6350000000002183,0.7549999999998818
2023-11-03 07:50:00,2023-11-03 08:05:00,Short,1987.4,1987.4,0.0,SL Hit,1987.4,1,342.34499999999207,15.0,0.3999999999998636,-1.150000000000091
2023-11-03 10:00:00,2023-11-03 10:05:00,Long,1989.05,1988.69,-0.35999999999989996,SL Hit,1988.69,1,341.98499999999217,5.0,-0.4500000000000455,0.5599999999999454
2023-11-03 10:10:00,2023-11-03 11:50:00,Short,1988.2366666666667,1988.09,0.44000000000028194,SL Hit,1988.09,3,342.42499999999245,100.0,1.3433333333332484,-1.9366666666667243
2023-11-03 11:55:00,2023-11-03 12:00:00,Long,1987.74,1987.74,0.0,SL Hit,1987.74,1,342.42499999999245,5.0,-0.2899999999999636,0.36999999999989086
2023-11-03 12:30:00,2023-11-03 13:20:00,Long,1997.275,1995.82,-2.9100000000003092,SL Hit,1995.82,2,339.51499999999214,50.0,-7.065000000000055,6.625
2023-11-06 00:25:00,2023-11-06 02:10:00,Long,1990.6566666666668,1991.47,2.439999999999827,SL Hit,1991.47,3,341.95499999999197,105.0,-2.0066666666666606,2.3533333333332394
2023-11-06 02:30:00,2023-11-06 05:10:00,Short,1985.932,1983.97,9.809999999999945,SL Hit,1983.97,5,351.7649999999919,160.0,5.038000000000011,-3.6720000000000255
2023-11-06 05:20:00,2023-11-06 05:25:00,Long,1983.16,1982.62,-0.540000000000191,Bearish Trade Reversal,1982.62,1,351.2249999999917,5.0,-0.36000000000012733,0.8699999999998909
2023-11-06 05:25:00,2023-11-06 05:45:00,Short,1983.2800000000002,1984.03,-1.4999999999995453,SL Hit,1984.03,2,349.7249999999922,20.0,1.6799999999998363,-1.7800000000002
2023-11-06 06:40:00,2023-11-06 06:45:00,Long,1984.77,1984.485,-0.28500000000008185,SL Hit,1984.485,1,349.4399999999921,5.0,-0.8599999999999,0.21000000000003638
2023-11-06 07:35:00,2023-11-06 07:40:00,Short,1983.76,1983.835,-0.07500000000004547,SL Hit,1983.835,1,349.36499999999205,5.0,0.31999999999993634,-0.22000000000002728
2023-11-06 07:55:00,2023-11-06 08:00:00,Long,1983.39,1983.39,0.0,SL Hit,1983.39,1,349.36499999999205,5.0,-0.5099999999999909,1.2799999999999727
2023-11-06 08:55:00,2023-11-06 09:00:00,Short,1986.46,1986.46,0.0,SL Hit,1986.46,1,349.36499999999205,5.0,0.6599999999998545,-0.7799999999999727
2023-11-06 10:05:00,2023-11-06 10:45:00,Long,1987.4233333333334,1986.81,-1.840000000000373,SL Hit,1986.81,3,347.5249999999917,40.0,-1.2333333333333485,0.7766666666666424
2023-11-06 11:55:00,2023-11-06 12:10:00,Long,1987.52,1986.5,-2.0399999999999636,SL Hit,1986.5,2,345.4849999999917,15.0,-1.2300000000000182,0.4700000000000273
2023-11-06 14:50:00,2023-11-06 16:55:00,Short,1983.9199999999998,1982.94,3.9199999999991633,SL Hit,1982.94,4,349.4049999999909,125.0,1.6800000000000637,-3.7799999999997453
2023-11-06 19:05:00,2023-11-07 05:40:00,Short,1976.4046666666666,1973.2,48.06999999999789,SL Hit,1973.2,15,397.47499999998877,635.0,4.2053333333333285,-5.4046666666665715
2023-11-07 08:50:00,2023-11-07 09:25:00,Short,1967.79,1967.8799999999999,-0.08999999999991815,SL Hit,1967.8799999999999,1,397.38499999998885,35.0,0.9600000000000364,-3.589999999999918
2023-11-07 10:20:00,2023-11-07 10:25:00,Short,1966.15,1966.3,-0.14999999999986358,SL Hit,1966.3,1,397.234999999989,5.0,0.209999999999809,-0.5300000000002001
2023-11-07 13:25:00,2023-11-07 14:30:00,Long,1961.5266666666666,1964.37,8.529999999999745,SL Hit,1964.37,3,405.76499999998873,65.0,-3.6866666666667243,5.6233333333334485
2023-11-07 17:25:00,2023-11-07 17:50:00,Short,1963.46,1963.6549999999997,-0.19499999999970896,SL Hit,1963.6549999999997,1,405.569999999989,25.0,0.2799999999999727,-2.3600000000001273
2023-11-07 22:00:00,2023-11-07 23:10:00,Long,1968.925,1968.0,-1.849999999999909,SL Hit,1968.0,2,403.7199999999891,70.0,-0.9249999999999545,0.28500000000008185
2023-11-07 23:30:00,2023-11-07 23:35:00,Short,1968.46,1968.5949999999998,-0.13499999999976353,SL Hit,1968.5949999999998,1,403.58499999998935,5.0,0.31999999999993634,-0.8600000000001273
2023-11-07 23:50:00,2023-11-08 00:40:00,Long,1968.8,1968.8,0.0,SL Hit,1968.8,3,403.58499999998935,50.0,-1.099999999999909,1.1600000000000819
2023-11-08 04:35:00,2023-11-08 04:40:00,Short,1967.67,1967.7,-0.029999999999972715,SL Hit,1967.7,1,403.5549999999894,5.0,0.09999999999990905,-0.16000000000008185
2023-11-08 04:55:00,2023-11-08 05:00:00,Short,1967.62,1967.6800000000003,-0.06000000000040018,SL Hit,1967.6800000000003,1,403.494999999989,5.0,0.2400000000000091,-0.09999999999990905
2023-11-08 05:25:00,2023-11-08 06:15:00,Short,1966.65,1966.7849999999999,-0.13499999999976353,SL Hit,1966.7849999999999,1,403.3599999999892,50.0,0.599999999999909,-2.050000000000182
2023-11-08 08:10:00,2023-11-08 08:15:00,Long,1968.07,1966.69,-1.3799999999998818,Bearish Trade Reversal,1966.69,1,401.97999999998933,5.0,-0.9600000000000364,0.6100000000001273
2023-11-08 08:15:00,2023-11-08 12:40:00,Short,1965.7849999999999,1963.54,8.979999999999563,SL Hit,1963.54,4,410.9599999999889,265.0,2.8750000000002274,-6.064999999999827
2023-11-08 14:50:00,2023-11-08 16:15:00,Short,1957.71,1956.43,2.5599999999999454,SL Hit,1956.43,2,413.51999999998884,85.0,4.210000000000036,-6.710000000000036
2023-11-08 17:45:00,2023-11-08 20:50:00,Short,1952.39,1949.57,14.100000000000819,SL Hit,1949.57,5,427.61999999998966,185.0,1.990000000000009,-5.5900000000001455
2023-11-08 23:45:00,2023-11-08 23:50:00,Short,1950.37,1950.3850000000002,-0.015000000000327418,Bullish Trade Reversal,1950.3850000000002,1,427.60499999998933,5.0,0.16000000000008185,-0.25
2023-11-08 23:50:00,2023-11-09 00:15:00,Long,1950.255,1949.4,-1.7100000000000364,SL Hit,1949.4,2,425.8949999999893,25.0,-1.8550000000000182,0.6549999999999727
2023-11-09 04:25:00,2023-11-09 04:30:00,Long,1948.7,1947.5,-1.2000000000000455,Bearish Trade Reversal,1947.5,1,424.69499999998925,5.0,-0.7999999999999545,1.0499999999999545
2023-11-09 04:30:00,2023-11-09 05:45:00,Short,1949.1274999999998,1949.3,-0.6900000000005093,SL Hit,1949.3,4,424.00499999998874,75.0,0.6225000000001728,-1.1274999999998272
2023-11-09 05:50:00,2023-11-09 07:50:00,Long,1949.768,1949.44,-1.6399999999998727,SL Hit,1949.44,5,422.36499999998887,120.0,-1.268000000000029,0.6620000000000346
2023-11-09 10:25:00,2023-11-09 10:30:00,Short,1946.02,1946.02,0.0,SL Hit,1946.02,1,422.36499999998887,5.0,0.5,-0.7699999999999818
2023-11-09 10:40:00,2023-11-09 11:00:00,Long,1946.87,1946.795,-0.0749999999998181,SL Hit,1946.795,1,422.28999999998905,20.0,-0.30999999999994543,1.5200000000002092
2023-11-09 12:45:00,2023-11-09 13:15:00,Short,1946.72,1946.72,0.0,SL Hit,1946.72,1,422.28999999998905,30.0,1.5299999999999727,-2.1200000000001182
2023-11-09 13:25:00,2023-11-09 13:30:00,Long,1947.18,1947.18,0.0,SL Hit,1947.18,1,422.28999999998905,5.0,-2.480000000000018,1.1799999999998363
2023-11-09 15:40:00,2023-11-09 16:55:00,Long,1962.2600000000002,1960.5,-5.280000000000655,SL Hit,1960.5,3,417.0099999999884,75.0,-2.310000000000173,2.479999999999791
2023-11-09 21:15:00,2023-11-09 21:25:00,Long,1957.81,1957.5700000000002,-0.23999999999978172,SL Hit,1957.5700000000002,1,416.7699999999886,10.0,-0.7100000000000364,0.41000000000008185
2023-11-09 21:50:00,2023-11-09 23:00:00,Long,1958.23,1958.0950000000003,-0.13499999999976353,SL Hit,1958.0950000000003,1,416.63499999998885,70.0,-0.8299999999999272,0.22000000000002728
2023-11-09 23:05:00,2023-11-09 23:10:00,Long,1958.18,1957.85,-0.3300000000001546,SL Hit,1957.85,1,416.3049999999887,5.0,-0.7799999999999727,0.5899999999999181
2023-11-09 23:55:00,2023-11-10 00:35:00,Long,1958.95,1958.53,-1.2600000000002183,SL Hit,1958.53,3,415.0449999999885,40.0,-0.5499999999999545,1.1599999999998545
2023-11-10 01:05:00,2023-11-10 01:30:00,Long,1960.12,1958.5,-3.2399999999997817,SL Hit,1958.5,2,411.8049999999887,25.0,-1.9199999999998454,0.6100000000001273
2023-11-10 01:35:00,2023-11-10 01:40:00,Short,1959.27,1959.2849999999999,-0.01499999999987267,SL Hit,1959.2849999999999,1,411.7899999999888,5.0,0.12000000000011823,-0.34999999999990905
2023-11-10 03:35:00,2023-11-10 04:00:00,Long,1959.5033333333333,1959.1,-1.2100000000002638,SL Hit,1959.1,3,410.57999999998856,25.0,-0.4933333333333394,0.9166666666667425
2023-11-10 05:45:00,2023-11-10 05:50:00,Short,1956.74,1956.9199999999998,-0.1799999999998363,SL Hit,1956.9199999999998,1,410.3999999999887,5.0,0.8199999999999363,-0.39000000000010004
2023-11-10 06:40:00,2023-11-10 07:00:00,Long,1957.08,1956.66,-0.8399999999996908,SL Hit,1956.66,2,409.55999999998903,20.0,-1.0799999999999272,0.41000000000008185
2023-11-10 09:00:00,2023-11-10 09:45:00,Short,1954.395,1954.67,-0.5500000000001819,SL Hit,1954.67,2,409.00999999998885,45.0,0.8050000000000637,-1.1949999999999363
2023-11-10 12:20:00,2023-11-10 12:25:00,Long,1947.97,1947.745,-0.22500000000013642,SL Hit,1947.745,1,408.7849999999887,5.0,-1.0899999999999181,0.22000000000002728
2023-11-10 13:30:00,2023-11-10 13:45:00,Short,1945.81,1945.81,0.0,SL Hit,1945.81,1,408.7849999999887,15.0,0.4600000000000364,-1.5299999999999727
2023-11-10 14:45:00,2023-11-10 15:05:00,Short,1944.4,1944.9699999999998,-0.569999999999709,SL Hit,1944.9699999999998,1,408.214999999989,20.0,1.3299999999999272,-3.2200000000000273
2023-11-10 17:30:00,2023-11-10 17:35:00,Short,1938.96,1939.08,-0.11999999999989086,SL Hit,1939.08,1,408.0949999999891,5.0,0.17000000000007276,-0.4700000000000273
2023-11-10 18:15:00,2023-11-10 18:20:00,Short,1935.96,1936.5299999999997,-0.569999999999709,SL Hit,1936.5299999999997,1,407.5249999999894,5.0,0.5899999999999181,-1.1300000000001091
2023-11-10 20:00:00,2023-11-10 20:10:00,Short,1935.01,1935.625,-0.6150000000000091,SL Hit,1935.625,1,406.9099999999894,10.0,1.240000000000009,-0.9100000000000819
2023-11-13 01:05:00,2023-11-13 01:40:00,Short,1939.275,1940.31,-2.069999999999709,SL Hit,1940.31,2,404.8399999999897,35.0,1.365000000000009,-1.875
2023-11-13 04:10:00,2023-11-13 04:45:00,Short,1935.16,1935.16,0.0,SL Hit,1935.16,1,404.8399999999897,35.0,0.13999999999987267,-1.259999999999991
2023-11-13 06:45:00,2023-11-13 06:50:00,Long,1939.53,1938.86,-1.3400000000001455,SL Hit,1938.86,2,403.49999999998954,5.0,-0.9300000000000637,0.36000000000012733
2023-11-13 06:55:00,2023-11-13 07:30:00,Short,1939.53,1939.6800000000003,-0.15000000000031832,SL Hit,1939.6800000000003,1,403.3499999999892,35.0,1.0,-1.5
2023-11-13 10:35:00,2023-11-13 10:45:00,Short,1937.65,1937.65,0.0,SL Hit,1937.65,1,403.3499999999892,10.0,0.209999999999809,-0.9500000000000455
2023-11-13 14:15:00,2023-11-13 14:20:00,Short,1934.8,1934.8,0.0,SL Hit,1934.8,1,403.3499999999892,5.0,0.2300000000000182,-1.0199999999999818
2023-11-13 14:25:00,2023-11-13 14:30:00,Short,1934.73,1935.015,-0.28500000000008185,SL Hit,1935.015,1,403.06499999998914,5.0,1.0499999999999545,-0.8700000000001182
2023-11-13 14:45:00,2023-11-13 15:00:00,Short,1934.39,1934.795,-0.4049999999999727,SL Hit,1934.795,1,402.65999999998917,15.0,0.6799999999998363,-2.1000000000001364
2023-11-13 18:55:00,2023-11-13 19:15:00,Long,1946.93,1946.93,0.0,SL Hit,1946.93,1,402.65999999998917,20.0,-1.3300000000001546,0.8999999999998636
2023-11-13 19:45:00,2023-11-13 23:00:00,Short,1946.1200000000001,1946.37,-0.7499999999993179,SL Hit,1946.37,3,401.90999999998985,195.0,0.4199999999998454,-1.2200000000000273
2023-11-13 23:05:00,2023-11-13 23:40:00,Long,1946.13,1945.1,-2.0600000000004,SL Hit,1945.1,2,399.84999999998945,35.0,-1.3300000000001546,0.34999999999990905
2023-11-14 00:05:00,2023-11-14 00:20:00,Long,1946.3,1946.3,0.0,SL Hit,1946.3,1,399.84999999998945,15.0,-0.20000000000004547,0.75
2023-11-14 01:50:00,2023-11-14 01:55:00,Short,1945.57,1945.57,0.0,SL Hit,1945.57,1,399.84999999998945,5.0,0.6200000000001182,-0.22000000000002728
2023-11-14 02:00:00,2023-11-14 02:05:00,Short,1945.41,1945.41,0.0,SL Hit,1945.41,1,399.84999999998945,5.0,0.09999999999990905,-0.9200000000000728
2023-11-14 03:55:00,2023-11-14 04:05:00,Short,1945.03,1945.045,-0.015000000000100044,SL Hit,1945.045,1,399.83499999998935,10.0,0.049999999999954525,-1.5299999999999727
2023-11-14 04:30:00,2023-11-14 04:45:00,Long,1944.94,1943.83,-1.1100000000001273,SL Hit,1943.83,1,398.7249999999892,15.0,-1.4400000000000546,0.5
2023-11-14 05:10:00,2023-11-14 05:30:00,Short,1944.56,1944.56,0.0,SL Hit,1944.56,1,398.7249999999892,20.0,0.049999999999954525,-1.4600000000000364
2023-11-14 06:45:00,2023-11-14 06:50:00,Short,1944.52,1944.79,-0.2699999999999818,SL Hit,1944.79,1,398.45499999998924,5.0,0.2699999999999818,-0.2999999999999545
2023-11-14 07:15:00,2023-11-14 07:25:00,Long,1945.73,1945.5950000000003,-0.13499999999976353,SL Hit,1945.5950000000003,1,398.3199999999895,10.0,-0.21000000000003638,0.6600000000000819
2023-11-14 09:00:00,2023-11-14 10:55:00,Long,1946.3999999999999,1946.43,0.09000000000060027,SL Hit,1946.43,3,398.4099999999901,115.0,-1.0599999999999454,1.7100000000000364
2023-11-14 11:00:00,2023-11-14 13:15:00,Short,1945.9679999999996,1946.17,-1.0100000000022646,SL Hit,1946.17,5,397.3999999999878,135.0,1.1120000000003074,-1.6579999999996744
2023-11-14 14:15:00,2023-11-14 15:50:00,Long,1964.4466666666667,1965.25,2.4099999999998545,SL Hit,1965.25,3,399.80999999998767,95.0,-6.206666666666706,5.313333333333276
2023-11-14 20:40:00,2023-11-14 20:45:00,Long,1964.09,1964.0,-0.08999999999991815,SL Hit,1964.0,1,399.71999999998775,5.0,-0.8299999999999272,0.3100000000001728
2023-11-14 21:30:00,2023-11-14 21:35:00,Short,1962.73,1962.8049999999998,-0.0749999999998181,SL Hit,1962.8049999999998,1,399.64499999998793,5.0,0.15000000000009095,-0.17000000000007276
2023-11-14 23:20:00,2023-11-14 23:25:00,Short,1963.0,1963.0149999999999,-0.01499999999987267,SL Hit,1963.0149999999999,1,399.62999999998806,5.0,0.08999999999991815,-1.0
2023-11-15 01:50:00,2023-11-15 04:55:00,Long,1965.0183333333334,1966.63,9.670000000000073,SL Hit,1966.63,6,409.29999999998813,185.0,-2.568333333333385,2.8516666666664605
2023-11-15 05:00:00,2023-11-15 06:05:00,Short,1967.1,1967.47,-0.7400000000002365,SL Hit,1967.47,2,408.5599999999879,65.0,0.43000000000006366,-1.2999999999999545
2023-11-15 12:15:00,2023-11-15 13:00:00,Short,1971.426666666667,1971.95,-1.5699999999992542,SL Hit,1971.95,3,406.98999999998864,45.0,1.7333333333331211,-1.2266666666669153
2023-11-15 20:15:00,2023-11-15 20:30:00,Long,1961.6799999999998,1961.0,-1.3599999999996726,SL Hit,1961.0,2,405.62999999998897,15.0,-1.3799999999998818,0.48000000000024556
2023-11-15 20:35:00,2023-11-15 23:00:00,Short,1959.9466666666667,1959.48,1.400000000000091,SL Hit,1959.48,3,407.02999999998906,145.0,1.3033333333332848,-1.1466666666667606
2023-11-16 01:10:00,2023-11-16 01:20:00,Short,1958.78,1959.1100000000001,-0.3300000000001546,SL Hit,1959.1100000000001,1,406.6999999999889,10.0,0.6200000000001182,-1.5799999999999272
2023-11-16 04:25:00,2023-11-16 04:30:00,Long,1961.67,1961.67,0.0,SL Hit,1961.67,1,406.6999999999889,5.0,-0.2699999999999818,0.4800000000000182
2023-11-16 05:55:00,2023-11-16 06:00:00,Short,1962.6,1963.23,-0.6300000000001091,SL Hit,1963.23,1,406.0699999999888,5.0,1.0199999999999818,-0.2799999999999727
2023-11-16 06:05:00,2023-11-16 06:10:00,Long,1963.48,1963.435,-0.04500000000007276,SL Hit,1963.435,1,406.0249999999887,5.0,-0.08999999999991815,0.599999999999909
2023-11-16 08:15:00,2023-11-16 08:20:00,Short,1965.29,1965.335,-0.04500000000007276,SL Hit,1965.335,1,405.97999999998865,5.0,0.43000000000006366,-0.4500000000000455
2023-11-16 09:45:00,2023-11-16 09:50:00,Short,1967.12,1967.21,-0.09000000000014552,SL Hit,1967.21,1,405.8899999999885,5.0,0.17000000000007276,-0.8199999999999363
2023-11-16 11:45:00,2023-11-16 11:50:00,Short,1965.35,1965.35,0.0,SL Hit,1965.35,1,405.8899999999885,5.0,0.14000000000010004,-1.25
2023-11-16 13:30:00,2023-11-16 16:45:00,Long,1976.3766666666668,1982.1,17.16999999999939,SL Hit,1982.1,3,423.0599999999879,195.0,-10.676666666666733,11.323333333333267
2023-11-16 17:25:00,2023-11-16 17:30:00,Long,1982.44,1982.44,0.0,SL Hit,1982.44,1,423.0599999999879,5.0,-0.9400000000000546,0.9099999999998545
2023-11-16 18:35:00,2023-11-16 18:40:00,Long,1984.71,1984.4099999999999,-0.3000000000001819,SL Hit,1984.4099999999999,1,422.7599999999877,5.0,-0.41000000000008185,0.4600000000000364
2023-11-16 19:05:00,2023-11-16 20:00:00,Short,1983.7849999999999,1983.77,0.02999999999974534,SL Hit,1983.77,2,422.78999999998746,55.0,0.4750000000001364,-0.8249999999998181
2023-11-16 20:05:00,2023-11-16 20:10:00,Long,1983.65,1983.15,-1.0,SL Hit,1983.15,2,421.78999999998746,5.0,-1.1200000000001182,0.38999999999987267
2023-11-16 21:20:00,2023-11-16 21:25:00,Short,1980.72,1981.005,-0.28500000000008185,SL Hit,1981.005,1,421.5049999999874,5.0,0.42000000000007276,-0.8199999999999363
2023-11-16 23:05:00,2023-11-17 01:30:00,Long,1982.1999999999998,1983.5,7.800000000001091,SL Hit,1983.5,6,429.30499999998847,145.0,-2.099999999999909,4.550000000000182
2023-11-17 01:45:00,2023-11-17 02:00:00,Short,1983.53,1983.53,0.0,SL Hit,1983.53,1,429.30499999998847,15.0,0.7999999999999545,-1.1299999999998818
2023-11-17 03:50:00,2023-11-17 04:20:00,Long,1986.225,1985.1,-2.25,SL Hit,1985.1,2,427.05499999998847,30.0,-1.125,0.775000000000091
2023-11-17 04:45:00,2023-11-17 05:00:00,Long,1985.66,1985.3000000000002,-0.35999999999989996,SL Hit,1985.3000000000002,1,426.69499999998857,15.0,-0.9600000000000364,0.709999999999809
2023-11-17 06:20:00,2023-11-17 06:25:00,Short,1984.23,1984.395,-0.16499999999996362,SL Hit,1984.395,1,426.5299999999886,5.0,0.2300000000000182,-0.44000000000005457
2023-11-17 09:45:00,2023-11-17 09:50:00,Long,1991.3,1990.79,-0.5099999999999909,SL Hit,1990.79,1,426.0199999999886,5.0,-0.7999999999999545,0.05999999999994543
2023-11-17 11:55:00,2023-11-17 12:30:00,Short,1989.8,1990.5,-1.400000000000091,SL Hit,1990.5,2,424.6199999999885,35.0,0.8300000000001546,-2.1499999999998636
2023-11-17 17:15:00,2023-11-17 17:20:00,Short,1979.8,1979.8,0.0,SL Hit,1979.8,1,424.6199999999885,5.0,0.41000000000008185,-1.1199999999998909
2023-11-17 19:05:00,2023-11-17 19:15:00,Short,1981.44,1981.6349999999998,-0.19499999999970896,SL Hit,1981.6349999999998,1,424.4249999999888,10.0,0.35999999999989996,-0.36000000000012733
2023-11-17 20:10:00,2023-11-17 20:20:00,Short,1980.07,1980.37,-0.2999999999999545,Bullish Trade Reversal,1980.37,1,424.12499999998886,10.0,0.5900000000001455,-0.9700000000000273
2023-11-17 20:20:00,2023-11-17 21:05:00,Long,1980.1499999999999,1980.16,0.030000000000654836,SL Hit,1980.16,3,424.1549999999895,45.0,-1.0499999999999545,0.8700000000001182
2023-11-19 23:55:00,2023-11-20 00:55:00,Short,1975.9,1977.3249999999998,-1.4249999999997272,SL Hit,1977.3249999999998,1,422.7299999999898,60.0,1.599999999999909,-2.900000000000091
2023-11-20 06:00:00,2023-11-20 06:20:00,Short,1980.1,1981.08,-1.9600000000000364,SL Hit,1981.08,2,420.76999999998975,20.0,1.0900000000001455,-1.209999999999809
2023-11-20 06:30:00,2023-11-20 06:55:00,Long,1980.52,1980.4450000000002,-0.0749999999998181,SL Hit,1980.4450000000002,1,420.69499999998993,25.0,-0.7300000000000182,1.0399999999999636
2023-11-20 08:20:00,2023-11-20 08:35:00,Short,1977.58,1977.6550000000002,-0.07500000000027285,SL Hit,1977.6550000000002,1,420.61999999998966,15.0,0.14000000000010004,-1.2200000000000273
2023-11-20 11:10:00,2023-11-20 14:45:00,Short,1972.21,1969.59,10.480000000000473,SL Hit,1969.59,4,431.09999999999013,215.0,3.0499999999999545,-6.660000000000082
2023-11-20 15:55:00,2023-11-20 16:00:00,Long,1971.89,1971.89,0.0,SL Hit,1971.89,1,431.09999999999013,5.0,-0.22000000000002728,1.1199999999998909
2023-11-20 16:05:00,2023-11-20 16:35:00,Long,1972.9,1972.9,0.0,SL Hit,1972.9,1,431.09999999999013,30.0,-0.2300000000000182,2.019999999999982
2023-11-20 21:30:00,2023-11-20 21:55:00,Short,1977.23,1977.4249999999997,-0.19499999999970896,SL Hit,1977.4249999999997,1,430.9049999999904,25.0,0.6900000000000546,-0.2300000000000182
2023-11-20 22:00:00,2023-11-20 23:00:00,Long,1977.6,1977.6,0.0,SL Hit,1977.6,1,430.9049999999904,60.0,-0.09999999999990905,0.8400000000001455
2023-11-21 07:10:00,2023-11-21 08:20:00,Long,1992.4875,1991.57,-3.6700000000000728,SL Hit,1991.57,4,427.23499999999035,70.0,-1.5874999999998636,1.7225000000000819
2023-11-21 09:10:00,2023-11-21 10:05:00,Short,1986.2099999999998,1986.73,-1.5600000000006276,SL Hit,1986.73,3,425.6749999999897,55.0,1.1700000000003001,-2.0099999999997635
2023-11-21 10:15:00,2023-11-21 15:20:00,Long,1991.6557142857143,2003.41,82.2800000000002,SL Hit,2003.41,7,507.9549999999899,305.0,-5.9557142857142935,15.44428571428557
2023-11-21 15:25:00,2023-11-21 15:30:00,Short,2003.74,2004.115,-0.375,SL Hit,2004.115,1,507.5799999999899,5.0,1.6099999999999,-0.6200000000001182
2023-11-21 18:05:00,2023-11-21 18:10:00,Long,2000.29,2000.29,0.0,SL Hit,2000.29,1,507.5799999999899,5.0,-0.7599999999999909,0.8099999999999454
2023-11-21 19:25:00,2023-11-21 20:10:00,Long,1999.23,1999.23,0.0,SL Hit,1999.23,2,507.5799999999899,45.0,-0.8299999999999272,1.25
2023-11-21 20:30:00,2023-11-21 20:35:00,Short,1999.35,1999.44,-0.09000000000014552,SL Hit,1999.44,1,507.4899999999898,5.0,0.11000000000012733,-0.16999999999984539
2023-11-22 00:30:00,2023-11-22 00:40:00,Short,1997.96,1998.065,-0.10500000000001819,SL Hit,1998.065,1,507.38499999998976,10.0,0.21000000000003638,-0.7899999999999636
2023-11-22 01:30:00,2023-11-22 02:50:00,Short,1996.1599999999999,1996.95,-2.370000000000573,SL Hit,1996.95,3,505.0149999999892,80.0,1.300000000000182,-0.7599999999997635
2023-11-22 03:10:00,2023-11-22 03:40:00,Long,1996.6833333333334,1996.12,-1.6900000000005093,SL Hit,1996.12,3,503.3249999999887,30.0,-0.7133333333333667,0.8466666666665787
2023-11-22 04:00:00,2023-11-22 04:05:00,Short,1996.43,1996.6549999999997,-0.22499999999968168,SL Hit,1996.6549999999997,1,503.099999999989,5.0,0.7000000000000455,-0.2599999999999909
2023-11-22 07:55:00,2023-11-22 08:25:00,Long,2003.11,2002.225,-0.8849999999999909,SL Hit,2002.225,1,502.214999999989,30.0,-1.0399999999999636,2.980000000000018
2023-11-22 12:20:00,2023-11-22 12:25:00,Long,2001.63,2001.2399999999998,-0.3900000000003274,SL Hit,2001.2399999999998,1,501.8249999999887,5.0,-0.7300000000000182,0.6399999999998727
2023-11-22 12:35:00,2023-11-22 12:55:00,Long,2001.9933333333336,2001.9,-0.28000000000042746,SL Hit,2001.9,3,501.54499999998825,20.0,-0.44333333333361225,0.9866666666664514
2023-11-22 13:05:00,2023-11-22 14:35:00,Short,2000.5475,2000.6,-0.21000000000003638,SL Hit,2000.6,4,501.3349999999882,90.0,2.332500000000209,-3.5474999999999
2023-11-22 17:00:00,2023-11-22 17:15:00,Short,1991.18,1991.27,-0.08999999999991815,SL Hit,1991.27,1,501.2449999999883,15.0,0.4199999999998454,-2.5299999999999727
2023-11-22 20:05:00,2023-11-22 20:10:00,Long,1991.22,1991.0249999999999,-0.1950000000001637,SL Hit,1991.0249999999999,1,501.04999999998813,5.0,-0.75,0.19000000000005457
2023-11-22 20:55:00,2023-11-22 21:05:00,Short,1989.9,1989.9,0.0,SL Hit,1989.9,1,501.04999999998813,10.0,0.1899999999998272,-0.44000000000005457
2023-11-22 21:20:00,2023-11-22 21:35:00,Short,1989.84,1989.84,0.0,SL Hit,1989.84,1,501.04999999998813,15.0,0.009999999999990905,-1.0399999999999636
2023-11-22 21:40:00,2023-11-22 21:50:00,Short,1989.8,1989.8899999999999,-0.08999999999991815,SL Hit,1989.8899999999999,1,500.9599999999882,10.0,0.21000000000003638,-0.7000000000000455
2023-11-23 01:00:00,2023-11-23 03:15:00,Long,1992.846,1993.16,1.570000000000391,SL Hit,1993.16,5,502.5299999999886,135.0,-1.7460000000000946,1.9039999999999964
2023-11-23 04:45:00,2023-11-23 05:20:00,Short,1995.42,1995.6149999999998,-0.19499999999970896,SL Hit,1995.6149999999998,1,502.3349999999889,35.0,0.22000000000002728,-1.8200000000001637
2023-11-23 07:05:00,2023-11-23 07:10:00,Short,1995.33,1995.33,0.0,SL Hit,1995.33,1,502.3349999999889,5.0,0.3000000000001819,-1.0
2023-11-23 08:50:00,2023-11-23 09:05:00,Long,1994.6550000000002,1993.7,-1.9100000000003092,SL Hit,1993.7,2,500.4249999999886,15.0,-1.555000000000291,0.6449999999997544
2023-11-23 09:15:00,2023-11-23 09:45:00,Short,1994.27,1994.27,0.0,SL Hit,1994.27,1,500.4249999999886,30.0,0.01999999999998181,-1.9700000000000273
2023-11-23 11:40:00,2023-11-23 11:45:00,Long,1994.04,1993.995,-0.04500000000007276,SL Hit,1993.995,1,500.3799999999885,5.0,-0.35999999999989996,0.2599999999999909
2023-11-23 11:50:00,2023-11-23 12:25:00,Long,1993.6750000000002,1993.0,-1.3500000000003638,SL Hit,1993.0,2,499.02999999998815,35.0,-1.4750000000001364,0.41499999999973625
2023-11-23 13:00:00,2023-11-23 13:15:00,Short,1992.4299999999998,1992.88,-0.9000000000005457,SL Hit,1992.88,2,498.1299999999876,15.0,0.6800000000000637,-0.5299999999997453
2023-11-23 13:20:00,2023-11-23 13:40:00,Long,1992.65,1991.9,-1.5,SL Hit,1991.9,2,496.6299999999876,20.0,-0.8500000000001364,0.5799999999999272
2023-11-23 15:55:00,2023-11-23 17:10:00,Short,1991.3025,1991.42,-0.47000000000025466,SL Hit,1991.42,4,496.15999999998735,75.0,0.8174999999998818,-2.0025000000000546
2023-11-23 19:30:00,2023-11-23 23:00:00,Short,1992.165,1992.46,-0.5900000000001455,SL Hit,1992.46,2,495.5699999999872,210.0,0.7950000000000728,-0.01499999999987267
2023-11-24 00:30:00,2023-11-24 00:45:00,Short,1993.37,1993.7600000000002,-0.3900000000003274,SL Hit,1993.7600000000002,1,495.1799999999869,15.0,0.790000000000191,-0.6699999999998454
2023-11-24 02:50:00,2023-11-24 02:55:00,Long,1992.69,1992.66,-0.029999999999972715,SL Hit,1992.66,1,495.1499999999869,5.0,-0.43000000000006366,0.4199999999998454
2023-11-24 06:10:00,2023-11-24 06:50:00,Short,1993.335,1993.71,-0.75,SL Hit,1993.71,2,494.3999999999869,40.0,0.46499999999991815,-0.8450000000000273
2023-11-24 06:55:00,2023-11-24 07:10:00,Long,1993.565,1992.96,-1.2100000000000364,SL Hit,1992.96,2,493.18999999998687,15.0,-0.7250000000001364,0.4049999999999727
2023-11-24 07:20:00,2023-11-24 07:35:00,Short,1993.07,1993.445,-0.375,SL Hit,1993.445,1,492.81499999998687,15.0,0.8800000000001091,-0.5199999999999818
2023-11-24 09:10:00,2023-11-24 09:15:00,Long,1993.55,1993.49,-0.05999999999994543,SL Hit,1993.49,1,492.7549999999869,5.0,-0.08999999999991815,0.41000000000008185
2023-11-24 10:50:00,2023-11-24 10:55:00,Long,1995.64,1995.37,-0.2700000000002092,SL Hit,1995.37,1,492.4849999999867,5.0,-0.2800000000002001,0.03999999999996362
2023-11-24 12:05:00,2023-11-24 12:20:00,Long,1995.74,1995.71,-0.029999999999972715,SL Hit,1995.71,1,492.45499999998674,15.0,-0.16000000000008185,1.3399999999999181
2023-11-24 12:55:00,2023-11-24 13:10:00,Short,1995.425,1995.83,-0.8099999999999454,SL Hit,1995.83,2,491.6449999999868,15.0,0.6849999999999454,-0.3849999999999909
2023-11-24 14:30:00,2023-11-24 14:45:00,Long,2000.55,2000.0,-1.099999999999909,SL Hit,2000.0,2,490.5449999999869,15.0,-0.5599999999999454,2.3199999999999363
2023-11-24 14:55:00,2023-11-24 15:00:00,Short,2000.96,2002.355,-1.3949999999999818,SL Hit,2002.355,1,489.1499999999869,5.0,2.240000000000009,-0.6600000000000819
2023-11-24 16:25:00,2023-11-24 18:30:00,Long,2000.2557142857142,2000.02,-1.6499999999998636,SL Hit,2000.02,7,487.49999999998704,125.0,-1.515714285714239,2.074285714285679
2023-11-24 18:35:00,2023-11-27 02:15:00,Long,2002.9471428571428,2009.12,43.20999999999958,SL Hit,2009.12,7,530.7099999999866,3340.0,-3.0671428571426986,14.622857142857129
2023-11-27 03:20:00,2023-11-27 03:30:00,Short,2009.28,2009.31,-0.029999999999972715,SL Hit,2009.31,1,530.6799999999866,10.0,0.9100000000000819,-1.4200000000000728
2023-11-27 07:10:00,2023-11-27 07:20:00,Long,2010.62,2010.3050000000003,-0.3149999999995998,SL Hit,2010.3050000000003,1,530.364999999987,10.0,-0.37999999999988177,0.3500000000001364
2023-11-27 07:25:00,2023-11-27 07:30:00,Long,2010.0,2009.88,-0.11999999999989086,SL Hit,2009.88,1,530.2449999999872,5.0,-1.099999999999909,0.8800000000001091
2023-11-27 07:35:00,2023-11-27 07:40:00,Short,2009.8,2010.6549999999997,-0.8549999999997908,SL Hit,2010.6549999999997,1,529.3899999999874,5.0,0.9800000000000182,-0.10999999999989996
2023-11-27 07:50:00,2023-11-27 10:15:00,Long,2012.37,2012.62,1.0,SL Hit,2012.62,4,530.3899999999874,145.0,-1.959999999999809,2.880000000000109
2023-11-27 11:50:00,2023-11-27 11:55:00,Short,2012.7,2012.7,0.0,SL Hit,2012.7,1,530.3899999999874,5.0,0.2400000000000091,-1.2999999999999545
2023-11-27 12:00:00,2023-11-27 12:05:00,Short,2013.04,2013.1149999999998,-0.0749999999998181,SL Hit,2013.1149999999998,1,530.3149999999875,5.0,0.6200000000001182,-0.5599999999999454
2023-11-27 15:45:00,2023-11-27 17:45:00,Short,2010.2966666666664,2010.24,0.16999999999916326,SL Hit,2010.24,3,530.4849999999867,120.0,1.0233333333335395,-4.446666666666488
2023-11-27 19:25:00,2023-11-27 19:35:00,Short,2012.82,2012.82,0.0,SL Hit,2012.82,1,530.4849999999867,10.0,0.6800000000000637,-0.8199999999999363
2023-11-27 23:05:00,2023-11-28 01:15:00,Long,2015.24,2016.2,5.760000000000218,SL Hit,2016.2,6,536.2449999999869,130.0,-2.839999999999918,2.5299999999999727
2023-11-28 03:45:00,2023-11-28 04:30:00,Short,2015.17,2015.185,-0.01499999999987267,SL Hit,2015.185,1,536.2299999999871,45.0,0.2799999999999727,-1.7699999999999818
2023-11-28 06:55:00,2023-11-28 07:15:00,Long,2015.88,2015.3,-1.1600000000003092,SL Hit,2015.3,2,535.0699999999867,20.0,-0.9200000000000728,0.6999999999998181
2023-11-28 07:20:00,2023-11-28 08:50:00,Short,2014.21,2014.39,-0.540000000000191,SL Hit,2014.39,3,534.5299999999866,90.0,1.6099999999999,-2.1800000000000637
2023-11-28 09:25:00,2023-11-28 09:40:00,Long,2015.185,2014.7,-0.9699999999997999,SL Hit,2014.7,2,533.5599999999868,15.0,-1.2849999999998545,0.9650000000001455
2023-11-28 10:40:00,2023-11-28 10:55:00,Short,2014.01,2014.1599999999999,-0.14999999999986358,SL Hit,2014.1599999999999,1,533.4099999999869,15.0,0.6600000000000819,-0.5799999999999272
2023-11-28 11:35:00,2023-11-28 11:40:00,Long,2015.42,2015.2849999999999,-0.13500000000021828,SL Hit,2015.2849999999999,1,533.2749999999867,5.0,-0.2300000000000182,0.13999999999987267
2023-11-28 11:45:00,2023-11-28 11:50:00,Long,2015.45,2015.2849999999999,-0.165000000000191,SL Hit,2015.2849999999999,1,533.1099999999865,5.0,-0.36000000000012733,0.09999999999990905
2023-11-28 12:30:00,2023-11-28 12:55:00,Long,2015.2033333333336,2014.3,-2.710000000000946,SL Hit,2014.3,3,530.3999999999855,25.0,-1.8033333333335122,0.5866666666663605
2023-11-28 14:55:00,2023-11-28 15:10:00,Long,2025.96,2025.105,-0.8550000000000182,SL Hit,2025.105,1,529.5449999999855,15.0,-2.5599999999999454,2.2899999999999636
2023-11-28 20:55:00,2023-11-28 21:10:00,Long,2040.79,2040.565,-0.22499999999990905,SL Hit,2040.565,1,529.3199999999856,15.0,-0.33999999999991815,0.7200000000000273
2023-11-28 21:55:00,2023-11-29 01:45:00,Long,2043.625,2047.1,13.899999999999636,SL Hit,2047.1,4,543.2199999999852,230.0,-3.0150000000001,8.114999999999782
2023-11-29 02:00:00,2023-11-29 04:50:00,Short,2046.865,2044.66,8.819999999999709,SL Hit,2044.66,4,552.039999999985,170.0,1.915000000000191,-4.365000000000009
2023-11-29 07:15:00,2023-11-29 11:10:00,Short,2041.26,2038.95,13.859999999999673,SL Hit,2038.95,6,565.8999999999846,235.0,2.7100000000000364,-5.379999999999882
2023-11-29 15:00:00,2023-11-29 15:10:00,Long,2045.62,2042.95,-5.339999999999691,SL Hit,2042.95,2,560.5599999999849,10.0,-5.209999999999809,1.0300000000002
2023-11-29 17:20:00,2023-11-29 20:15:00,Long,2045.018,2044.5,-2.5900000000001455,SL Hit,2044.5,5,557.9699999999848,175.0,-2.7480000000000473,4.4220000000000255
2023-11-29 23:10:00,2023-11-29 23:25:00,Long,2044.55,2043.9,-1.2999999999997272,SL Hit,2043.9,2,556.6699999999851,15.0,-0.9500000000000455,0.650000000000091
2023-11-29 23:30:00,2023-11-29 23:35:00,Short,2044.57,2044.57,0.0,SL Hit,2044.57,1,556.6699999999851,5.0,-0.0,-1.1699999999998454
2023-11-29 23:40:00,2023-11-29 23:45:00,Short,2044.29,2044.29,0.0,SL Hit,2044.29,1,556.6699999999851,5.0,0.42000000000007276,-0.9900000000000091
2023-11-29 23:50:00,2023-11-30 01:30:00,Long,2044.9575,2044.9,-0.22999999999956344,SL Hit,2044.9,4,556.4399999999855,100.0,-0.837500000000091,1.7625000000000455
2023-11-30 01:35:00,2023-11-30 02:40:00,Short,2044.37,2044.1,0.5399999999999636,SL Hit,2044.1,2,556.9799999999855,65.0,0.8800000000001091,-1.8699999999998909
2023-11-30 04:40:00,2023-11-30 04:55:00,Short,2044.36,2044.525,-0.165000000000191,SL Hit,2044.525,1,556.8149999999853,15.0,0.22000000000002728,-1.959999999999809
2023-11-30 05:25:00,2023-11-30 05:35:00,Short,2042.44,2042.56,-0.11999999999989086,SL Hit,2042.56,1,556.6949999999854,10.0,0.2699999999999818,-0.7000000000000455
2023-11-30 05:40:00,2023-11-30 06:00:00,Short,2042.2150000000001,2042.71,-0.9899999999997817,SL Hit,2042.71,2,555.7049999999856,20.0,0.49499999999989086,-0.7950000000000728
2023-11-30 06:20:00,2023-11-30 07:35:00,Long,2043.4066666666668,2043.8,1.179999999999609,SL Hit,2043.8,3,556.8849999999852,75.0,-0.8366666666668152,3.4533333333331484
2023-11-30 07:40:00,2023-11-30 07:55:00,Short,2044.18,2044.18,0.0,SL Hit,2044.18,1,556.8849999999852,15.0,0.09999999999990905,-1.8200000000001637
2023-11-30 10:10:00,2023-11-30 10:40:00,Short,2037.98,2039.795,-1.8150000000000546,SL Hit,2039.795,1,555.0699999999852,30.0,2.0399999999999636,-1.1600000000000819
2023-11-30 11:35:00,2023-11-30 11:50:00,Short,2037.22,2037.355,-0.1349999999999909,SL Hit,2037.355,1,554.9349999999852,15.0,0.7300000000000182,-1.1600000000000819
2023-11-30 12:35:00,2023-11-30 12:45:00,Long,2037.94,2037.94,0.0,SL Hit,2037.94,1,554.9349999999852,10.0,-0.2300000000000182,0.8199999999999363
2023-11-30 15:40:00,2023-11-30 15:55:00,Long,2036.02,2036.02,0.0,SL Hit,2036.02,1,554.9349999999852,15.0,-0.2300000000000182,1.9100000000000819
2023-11-30 20:55:00,2023-11-30 21:00:00,Long,2035.32,2035.125,-0.19499999999993634,SL Hit,2035.125,1,554.7399999999852,5.0,-0.21000000000003638,0.5800000000001546
2023-11-30 21:05:00,2023-11-30 21:10:00,Short,2035.93,2035.93,0.0,SL Hit,2035.93,1,554.7399999999852,5.0,0.7100000000000364,-0.22000000000002728
2023-12-01 01:55:00,2023-12-01 02:25:00,Short,2041.73,2041.98,-0.5,SL Hit,2041.98,2,554.2399999999852,30.0,0.9300000000000637,-0.34999999999990905
2023-12-01 05:45:00,2023-12-01 06:35:00,Long,2041.1233333333332,2040.9,-0.6699999999993906,SL Hit,2040.9,3,553.5699999999858,50.0,-1.293333333333294,1.6366666666667697
2023-12-01 08:30:00,2023-12-01 10:15:00,Long,2043.6033333333332,2045.1,4.490000000000009,SL Hit,2045.1,3,558.0599999999858,105.0,-3.903333333333194,6.176666666666961
2023-12-01 16:05:00,2023-12-01 16:10:00,Short,2053.01,2053.01,0.0,Bullish Trade Reversal,2053.01,1,558.0599999999858,5.0,3.0099999999997635,-3.4200000000000728
2023-12-01 16:10:00,2023-12-01 19:50:00,Long,2062.951666666667,2067.2,25.489999999997963,SL Hit,2067.2,6,583.5499999999838,220.0,-12.241666666666788,11.998333333332994
2023-12-04 02:30:00,2023-12-04 02:50:00,Short,2085.94,2087.08,-2.2799999999997453,SL Hit,2087.08,2,581.2699999999841,20.0,1.5799999999999272,-0.5100000000002183
2023-12-04 04:05:00,2023-12-04 04:20:00,Short,2084.6,2085.23,-0.6300000000001091,SL Hit,2085.23,1,580.639999999984,15.0,0.650000000000091,-2.349999999999909
2023-12-04 06:10:00,2023-12-04 06:15:00,Short,2086.33,2086.4799999999996,-0.1499999999996362,SL Hit,2086.4799999999996,1,580.4899999999843,5.0,0.9099999999998545,-1.0299999999997453
2023-12-04 06:35:00,2023-12-04 06:40:00,Short,2084.05,2084.05,0.0,SL Hit,2084.05,1,580.4899999999843,5.0,0.1799999999998363,-1.6000000000003638
2023-12-04 07:35:00,2023-12-04 08:40:00,Short,2069.6850000000004,2065.14,9.090000000001055,SL Hit,2065.14,2,589.5799999999854,65.0,6.174999999999727,-11.2150000000006
2023-12-04 11:15:00,2023-12-04 11:20:00,Short,2067.02,2067.4100000000003,-0.3900000000003274,SL Hit,2067.4100000000003,1,589.189999999985,5.0,0.6599999999998545,-0.6700000000000728
2023-12-04 12:15:00,2023-12-04 12:20:00,Short,2069.53,2069.6800000000003,-0.15000000000009095,SL Hit,2069.6800000000003,1,589.039999999985,5.0,1.3099999999999454,-0.6400000000003274
2023-12-04 12:35:00,2023-12-04 12:40:00,Short,2068.26,2068.41,-0.1499999999996362,SL Hit,2068.41,1,588.8899999999853,5.0,0.169999999999618,-1.1100000000001273
2023-12-04 16:05:00,2023-12-04 16:10:00,Short,2024.36,2026.055,-1.6950000000001637,SL Hit,2026.055,1,587.1949999999852,5.0,2.650000000000091,-0.6999999999998181
2023-12-04 18:15:00,2023-12-04 18:25:00,Short,2024.05,2024.9950000000001,-0.9450000000001637,SL Hit,2024.9950000000001,1,586.249999999985,10.0,1.259999999999991,-1.6800000000000637
2023-12-04 18:30:00,2023-12-04 19:00:00,Short,2023.9,2025.31,-2.819999999999709,SL Hit,2025.31,2,583.4299999999853,30.0,1.6899999999998272,-1.6000000000001364
2023-12-04 19:10:00,2023-12-04 19:15:00,Long,2024.64,2024.64,0.0,SL Hit,2024.64,1,583.4299999999853,5.0,-1.6400000000001,0.5599999999999454
2023-12-04 21:15:00,2023-12-04 21:50:00,Long,2029.255,2028.8,-0.9100000000003092,SL Hit,2028.8,2,582.519999999985,35.0,-0.5550000000000637,0.8249999999998181
2023-12-05 02:20:00,2023-12-05 02:40:00,Short,2034.28,2035.2250000000001,-0.9450000000001637,SL Hit,2035.2250000000001,1,581.5749999999848,20.0,1.1200000000001182,-0.7699999999999818
2023-12-05 03:35:00,2023-12-05 03:45:00,Long,2035.98,2035.4249999999997,-0.555000000000291,SL Hit,2035.4249999999997,1,581.0199999999845,10.0,-0.7799999999999727,0.8799999999998818
2023-12-05 05:35:00,2023-12-05 05:45:00,Short,2032.53,2033.0700000000002,-0.540000000000191,SL Hit,2033.0700000000002,1,580.4799999999843,10.0,0.8199999999999363,-0.9300000000000637
2023-12-05 13:10:00,2023-12-05 13:20:00,Long,2025.89,2025.71,-0.18000000000006366,SL Hit,2025.71,1,580.2999999999843,10.0,-0.5500000000001819,1.8099999999999454
2023-12-05 13:25:00,2023-12-05 14:20:00,Long,2028.1,2025.34,-5.519999999999982,SL Hit,2025.34,2,574.7799999999843,55.0,-3.3599999999999,2.519999999999982
2023-12-05 17:25:00,2023-12-05 17:30:00,Long,2018.6,2018.6,0.0,SL Hit,2018.6,1,574.7799999999843,5.0,-1.099999999999909,1.040000000000191
2023-12-05 18:30:00,2023-12-05 18:40:00,Long,2018.08,2017.36,-0.7200000000000273,SL Hit,2017.36,1,574.0599999999843,10.0,-1.2699999999999818,1.3500000000001364
2023-12-05 19:45:00,2023-12-05 19:50:00,Short,2018.1,2018.355,-0.25500000000010914,SL Hit,2018.355,1,573.8049999999841,5.0,1.9100000000000819,-0.10999999999989996
2023-12-05 21:10:00,2023-12-05 21:30:00,Long,2019.1599999999999,2018.75,-0.819999999999709,SL Hit,2018.75,2,572.9849999999844,20.0,-0.5599999999999454,0.3100000000001728
2023-12-05 21:40:00,2023-12-05 23:05:00,Long,2019.045,2018.6,-0.8900000000003274,SL Hit,2018.6,2,572.0949999999841,85.0,-0.5450000000000728,0.6150000000000091
2023-12-05 23:10:00,2023-12-06 00:05:00,Short,2018.9066666666668,2019.53,-1.8699999999996635,SL Hit,2019.53,3,570.2249999999844,55.0,0.6533333333331939,-1.8066666666668425
2023-12-06 00:10:00,2023-12-06 01:25:00,Long,2019.7833333333335,2019.6,-0.550000000000864,SL Hit,2019.6,3,569.6749999999836,75.0,-0.45333333333360315,2.796666666666397
2023-12-06 03:35:00,2023-12-06 03:45:00,Short,2022.06,2022.285,-0.22500000000013642,SL Hit,2022.285,1,569.4499999999834,10.0,0.8800000000001091,-0.11999999999989086
2023-12-06 04:30:00,2023-12-06 05:20:00,Short,2022.005,2021.93,0.15000000000009095,SL Hit,2021.93,2,569.5999999999835,50.0,0.5449999999998454,-1.8050000000000637
2023-12-06 07:30:00,2023-12-06 08:25:00,Long,2031.045,2032.23,2.369999999999891,SL Hit,2032.23,2,571.9699999999834,55.0,-3.425000000000182,4.214999999999918
2023-12-06 13:10:00,2023-12-06 14:20:00,Long,2029.5333333333335,2028.4,-3.4000000000003183,SL Hit,2028.4,3,568.5699999999831,70.0,-3.1033333333334667,1.7966666666663968
2023-12-06 14:40:00,2023-12-06 14:45:00,Long,2030.18,2029.3850000000002,-0.7949999999998454,SL Hit,2029.3850000000002,1,567.7749999999833,5.0,-4.529999999999973,0.2999999999999545
2023-12-06 19:10:00,2023-12-06 23:15:00,Short,2028.0549999999998,2026.1,7.819999999999709,SL Hit,2026.1,4,575.594999999983,245.0,2.3450000000002547,-3.6949999999999363
2023-12-06 23:20:00,2023-12-06 23:25:00,Long,2025.86,2025.86,0.0,SL Hit,2025.86,1,575.594999999983,5.0,-0.5599999999999454,0.7100000000000364
2023-12-07 02:40:00,2023-12-07 03:40:00,Long,2028.5566666666666,2028.1,-1.3700000000001182,SL Hit,2028.1,3,574.2249999999829,60.0,-1.4966666666666697,1.2533333333333303
2023-12-07 04:30:00,2023-12-07 04:45:00,Short,2026.45,2026.45,0.0,SL Hit,2026.45,1,574.2249999999829,15.0,0.16999999999984539,-1.0399999999999636
2023-12-07 06:40:00,2023-12-07 06:50:00,Short,2027.45,2028.0049999999999,-0.5549999999998363,SL Hit,2028.0049999999999,1,573.669999999983,10.0,1.4800000000000182,-0.8300000000001546
2023-12-07 07:40:00,2023-12-07 08:00:00,Long,2029.17,2029.17,0.0,SL Hit,2029.17,1,573.669999999983,20.0,-0.39000000000010004,1.4700000000000273
2023-12-07 08:10:00,2023-12-07 09:25:00,Long,2031.5266666666666,2031.46,-0.1999999999998181,SL Hit,2031.46,3,573.4699999999832,75.0,-1.7266666666666879,3.1533333333334213
2023-12-07 09:55:00,2023-12-07 10:25:00,Long,2034.145,2033.1,-2.0900000000001455,SL Hit,2033.1,2,571.379999999983,30.0,-1.0650000000000546,0.6050000000000182
2023-12-07 13:25:00,2023-12-07 13:30:00,Long,2032.3249999999998,2031.91,-0.8299999999994725,SL Hit,2031.91,2,570.5499999999836,5.0,-1.224999999999909,2.1250000000002274
2023-12-07 13:35:00,2023-12-07 13:40:00,Short,2034.29,2035.67,-1.3800000000001091,SL Hit,2035.67,1,569.1699999999835,5.0,4.440000000000055,-0.9300000000000637
2023-12-07 15:25:00,2023-12-07 15:40:00,Long,2028.46,2028.3249999999998,-0.13500000000021828,SL Hit,2028.3249999999998,1,569.0349999999833,15.0,-0.7000000000000455,2.6599999999998545
2023-12-07 16:35:00,2023-12-07 16:40:00,Short,2026.88,2027.0749999999998,-0.19499999999970896,SL Hit,2027.0749999999998,1,568.8399999999835,5.0,0.36999999999989086,-0.7100000000000364
2023-12-07 21:35:00,2023-12-07 21:40:00,Short,2028.55,2028.55,0.0,SL Hit,2028.55,1,568.8399999999835,5.0,0.14000000000010004,-0.849999999999909
2023-12-07 21:55:00,2023-12-07 23:00:00,Short,2028.44,2028.455,-0.01499999999987267,SL Hit,2028.455,1,568.8249999999837,65.0,0.2899999999999636,-0.2999999999999545
2023-12-07 23:15:00,2023-12-08 00:00:00,Short,2028.06,2028.27,-0.21000000000003638,SL Hit,2028.27,1,568.6149999999836,45.0,0.43000000000006366,-1.240000000000009
2023-12-08 00:40:00,2023-12-08 02:40:00,Long,2030.7725,2031.84,4.269999999999527,SL Hit,2031.84,4,572.8849999999832,120.0,-1.8724999999999454,2.5674999999998818
2023-12-08 02:45:00,2023-12-08 02:50:00,Short,2031.97,2031.97,0.0,SL Hit,2031.97,1,572.8849999999832,5.0,0.25,-0.19000000000005457
2023-12-08 05:25:00,2023-12-08 05:30:00,Long,2031.13,2031.1149999999998,-0.015000000000327418,SL Hit,2031.1149999999998,1,572.8699999999828,5.0,-0.9900000000000091,0.2899999999999636
2023-12-08 05:35:00,2023-12-08 05:40:00,Short,2030.75,2030.78,-0.029999999999972715,SL Hit,2030.78,1,572.8399999999829,5.0,0.9400000000000546,-0.75
2023-12-08 06:35:00,2023-12-08 06:45:00,Short,2029.85,2030.4,-1.1000000000003638,SL Hit,2030.4,2,571.7399999999825,10.0,0.790000000000191,-0.5399999999999636
2023-12-08 12:20:00,2023-12-08 14:50:00,Short,2021.3199999999997,2009.06,36.77999999999929,SL Hit,2009.06,3,608.5199999999818,150.0,7.9200000000003,-18.2199999999998
2023-12-08 15:05:00,2023-12-08 16:05:00,Long,2009.705,2006.46,-6.489999999999782,SL Hit,2006.46,2,602.029999999982,60.0,-4.115000000000009,4.495000000000118
2023-12-08 16:10:00,2023-12-08 16:30:00,Short,2005.98,2006.1299999999999,-0.14999999999986358,SL Hit,2006.1299999999999,1,601.8799999999821,20.0,0.18000000000006366,-3.1800000000000637
2023-12-08 19:40:00,2023-12-08 19:45:00,Long,2000.63,2000.5699999999997,-0.06000000000040018,SL Hit,2000.5699999999997,1,601.8199999999817,5.0,-1.2300000000000182,0.5099999999999909
2023-12-08 21:00:00,2023-12-11 00:25:00,Long,2004.6785714285713,2005.94,8.830000000001064,SL Hit,2005.94,7,610.6499999999828,3085.0,-2.4785714285712857,2.9414285714285597
2023-12-11 00:35:00,2023-12-11 04:35:00,Short,2000.4283333333333,1996.61,22.91000000000031,SL Hit,1996.61,6,633.5599999999831,240.0,6.211666666666815,-5.728333333333239
2023-12-11 09:40:00,2023-12-11 09:55:00,Short,1993.14,1993.14,0.0,SL Hit,1993.14,1,633.5599999999831,15.0,0.4799999999997908,-1.1800000000000637
2023-12-11 10:40:00,2023-12-11 10:45:00,Short,1992.38,1992.38,0.0,SL Hit,1992.38,1,633.5599999999831,5.0,1.0399999999999636,-0.37000000000011823
2023-12-11 11:20:00,2023-12-11 11:30:00,Long,1993.98,1993.8149999999998,-0.165000000000191,SL Hit,1993.8149999999998,1,633.3949999999829,10.0,-0.2799999999999727,1.0699999999999363
2023-12-11 12:20:00,2023-12-11 12:55:00,Long,1995.4333333333334,1994.1,-4.000000000000455,SL Hit,1994.1,3,629.3949999999825,35.0,-1.6333333333334394,1.186666666666497
2023-12-11 13:00:00,2023-12-11 13:20:00,Short,1995.0,1995.0,0.0,SL Hit,1995.0,1,629.3949999999825,20.0,0.41000000000008185,-2.8900000000001
2023-12-11 13:25:00,2023-12-11 16:00:00,Short,1990.2060000000001,1983.92,31.43000000000029,SL Hit,1983.92,5,660.8249999999828,155.0,5.2439999999999145,-9.576000000000022
2023-12-11 16:20:00,2023-12-11 16:30:00,Short,1981.84,1981.84,0.0,SL Hit,1981.84,1,660.8249999999828,10.0,0.3000000000001819,-1.6799999999998363
2023-12-11 17:10:00,2023-12-11 18:25:00,Short,1978.27,1978.03,0.9600000000000364,SL Hit,1978.03,4,661.7849999999828,75.0,2.599999999999909,-2.869999999999891
2023-12-11 20:05:00,2023-12-11 20:10:00,Long,1981.59,1981.005,-0.584999999999809,SL Hit,1981.005,1,661.199999999983,5.0,-0.709999999999809,0.42000000000007276
2023-12-11 20:40:00,2023-12-11 21:00:00,Short,1981.21,1981.315,-0.10500000000001819,SL Hit,1981.315,1,661.094999999983,20.0,0.2999999999999545,-1.8099999999999454
2023-12-11 21:30:00,2023-12-12 01:25:00,Long,1982.97625,1984.22,9.950000000000728,SL Hit,1984.22,8,671.0449999999837,235.0,-2.176249999999982,3.993750000000091
2023-12-12 03:15:00,2023-12-12 04:45:00,Long,1984.1799999999998,1984.6,0.8400000000001455,SL Hit,1984.6,2,671.8849999999838,90.0,-1.2299999999997908,2.160000000000082
2023-12-12 04:50:00,2023-12-12 04:55:00,Short,1985.25,1985.415,-0.16499999999996362,SL Hit,1985.415,1,671.7199999999839,5.0,0.36999999999989086,-0.75
2023-12-12 08:25:00,2023-12-12 10:25:00,Short,1985.6433333333334,1986.52,-2.6299999999996544,SL Hit,1986.52,3,669.0899999999842,120.0,1.3766666666665515,-2.763333333333321
2023-12-12 12:05:00,2023-12-12 12:30:00,Long,1987.94,1987.0249999999999,-0.915000000000191,SL Hit,1987.0249999999999,1,668.174999999984,25.0,-1.0299999999999727,0.7999999999999545
2023-12-12 16:40:00,2023-12-12 18:00:00,Short,1980.19,1979.95,0.4800000000000182,SL Hit,1979.95,2,668.654999999984,80.0,1.6799999999998363,-3.0299999999999727
2023-12-12 21:15:00,2023-12-12 21:20:00,Short,1979.66,1979.66,0.0,SL Hit,1979.66,1,668.654999999984,5.0,0.1799999999998363,-1.0600000000001728
2023-12-12 21:50:00,2023-12-12 23:00:00,Short,1979.61,1979.6400000000003,-0.030000000000427463,SL Hit,1979.6400000000003,1,668.6249999999836,70.0,1.040000000000191,-1.1099999999999
2023-12-12 23:05:00,2023-12-12 23:15:00,Long,1979.78,1979.705,-0.07500000000004547,SL Hit,1979.705,1,668.5499999999836,10.0,-0.07999999999992724,0.8099999999999454
2023-12-12 23:55:00,2023-12-13 00:05:00,Long,1982.22,1981.29,-0.9300000000000637,SL Hit,1981.29,1,667.6199999999835,10.0,-1.5199999999999818,0.4900000000000091
2023-12-13 01:10:00,2023-12-13 01:25:00,Long,1980.9099999999999,1980.0,-1.819999999999709,SL Hit,1980.0,2,665.7999999999838,15.0,-1.209999999999809,0.37000000000011823
2023-12-13 02:05:00,2023-12-13 03:10:00,Short,1979.48,1979.65,-0.3400000000001455,SL Hit,1979.65,2,665.4599999999837,65.0,0.5499999999999545,-1.5399999999999636
2023-12-13 03:45:00,2023-12-13 04:20:00,Short,1978.73,1978.73,0.0,SL Hit,1978.73,1,665.4599999999837,35.0,0.01999999999998181,-1.5299999999999727
2023-12-13 06:10:00,2023-12-13 07:10:00,Short,1976.68,1975.71,1.9400000000000546,SL Hit,1975.71,2,667.3999999999837,60.0,1.4500000000000455,-3.6700000000000728
2023-12-13 08:25:00,2023-12-13 10:20:00,Long,1980.965,1981.23,1.0600000000004002,SL Hit,1981.23,4,668.4599999999841,115.0,-1.6649999999999636,1.7550000000001091
2023-12-13 10:25:00,2023-12-13 10:30:00,Short,1981.52,1981.865,-0.3450000000000273,Bullish Trade Reversal,1981.865,1,668.1149999999841,5.0,0.8099999999999454,-0.2999999999999545
2023-12-13 10:30:00,2023-12-13 11:20:00,Long,1981.8733333333332,1982.1,0.6800000000000637,SL Hit,1982.1,3,668.7949999999842,50.0,-0.6133333333332303,1.5666666666668334
2023-12-13 12:00:00,2023-12-13 13:30:00,Short,1981.6899999999998,1982.25,-1.6800000000005184,SL Hit,1982.25,3,667.1149999999836,90.0,4.5300000000002,-1.8799999999998818
2023-12-13 14:30:00,2023-12-13 14:35:00,Short,1982.92,1982.995,-0.0749999999998181,SL Hit,1982.995,1,667.0399999999838,5.0,0.9800000000000182,-1.3100000000001728
2023-12-13 15:05:00,2023-12-13 16:00:00,Short,1981.96,1981.96,0.0,SL Hit,1981.96,1,667.0399999999838,55.0,0.34999999999990905,-3.5299999999999727
2023-12-13 17:50:00,2023-12-13 19:00:00,Short,1981.8333333333333,1982.7,-2.600000000000364,SL Hit,1982.7,3,664.4399999999835,70.0,14.456666666666706,-2.1133333333332303
2023-12-13 21:25:00,2023-12-13 21:30:00,Long,2025.63,2025.255,-0.375,SL Hit,2025.255,1,664.0649999999835,5.0,-0.5900000000001455,0.8999999999998636
2023-12-13 21:35:00,2023-12-13 23:00:00,Long,2024.98,2026.05,2.1399999999998727,SL Hit,2026.05,2,666.2049999999833,85.0,-1.3299999999999272,2.589999999999918
2023-12-14 02:20:00,2023-12-14 02:30:00,Long,2032.35,2032.35,0.0,SL Hit,2032.35,1,666.2049999999833,10.0,-0.8599999999999,2.1200000000001182
2023-12-14 05:05:00,2023-12-14 05:10:00,Short,2031.32,2031.3799999999999,-0.05999999999994543,SL Hit,2031.3799999999999,1,666.1449999999834,5.0,0.10000000000013642,-0.37999999999988177
2023-12-14 08:00:00,2023-12-14 09:40:00,Long,2034.8899999999999,2035.67,1.5600000000004002,SL Hit,2035.67,2,667.7049999999838,100.0,-2.2899999999999636,5.160000000000082
2023-12-14 11:35:00,2023-12-14 11:40:00,Short,2033.93,2033.975,-0.044999999999845386,SL Hit,2033.975,1,667.6599999999839,5.0,0.22000000000002728,-0.7000000000000455
2023-12-14 12:30:00,2023-12-14 13:05:00,Long,2036.29,2035.12,-1.1700000000000728,SL Hit,2035.12,1,666.4899999999839,35.0,-1.2999999999999545,2.6400000000001
2023-12-14 14:35:00,2023-12-14 14:50:00,Long,2043.28,2043.28,0.0,SL Hit,2043.28,1,666.4899999999839,15.0,-1.099999999999909,4.269999999999982
2023-12-14 17:40:00,2023-12-14 19:15:00,Short,2034.6133333333335,2032.59,6.0700000000006185,SL Hit,2032.59,3,672.5599999999845,95.0,3.4766666666664605,-4.853333333333467
2023-12-14 21:30:00,2023-12-14 21:55:00,Short,2035.95,2036.1149999999998,-0.16499999999973625,SL Hit,2036.1149999999998,1,672.3949999999847,25.0,0.2999999999999545,-0.6000000000001364
2023-12-14 23:10:00,2023-12-14 23:55:00,Long,2036.3,2035.5,-1.599999999999909,SL Hit,2035.5,2,670.7949999999848,45.0,-1.099999999999909,2.25
2023-12-15 00:00:00,2023-12-15 02:10:00,Short,2033.8633333333335,2033.44,1.2700000000002092,SL Hit,2033.44,3,672.064999999985,130.0,2.3866666666665424,-3.4633333333333667
2023-12-15 03:25:00,2023-12-15 03:55:00,Short,2035.43,2035.7450000000001,-0.31500000000005457,SL Hit,2035.7450000000001,1,671.749999999985,30.0,0.75,-1.4300000000000637
2023-12-15 04:45:00,2023-12-15 05:10:00,Long,2036.57,2035.85,-0.7200000000000273,SL Hit,2035.85,1,671.029999999985,25.0,-1.4600000000000364,0.7100000000000364
2023-12-15 08:20:00,2023-12-15 08:25:00,Long,2038.48,2037.37,-1.1100000000001273,SL Hit,2037.37,1,669.9199999999848,5.0,-1.240000000000009,0.18000000000006366
2023-12-15 08:55:00,2023-12-15 11:10:00,Long,2041.19,2041.5,1.5499999999997272,SL Hit,2041.5,5,671.4699999999846,135.0,-2.160000000000082,3.0499999999999545
2023-12-15 11:15:00,2023-12-15 11:20:00,Short,2041.95,2042.145,-0.19499999999993634,SL Hit,2042.145,1,671.2749999999846,5.0,0.2799999999999727,-0.7400000000000091
2023-12-15 11:50:00,2023-12-15 11:55:00,Long,2041.69,2041.54,-0.15000000000009095,SL Hit,2041.54,1,671.1249999999845,5.0,-0.18000000000006366,0.36999999999989086
2023-12-15 13:25:00,2023-12-15 13:30:00,Short,2040.96,2041.6200000000001,-0.6600000000000819,SL Hit,2041.6200000000001,1,670.4649999999845,5.0,2.1700000000000728,-4.420000000000073
2023-12-15 14:15:00,2023-12-15 14:45:00,Long,2032.8899999999999,2031.7,-2.3799999999996544,SL Hit,2031.7,2,668.0849999999848,30.0,-1.4099999999998545,3.300000000000182
2023-12-15 14:50:00,2023-12-15 15:10:00,Short,2033.915,2034.27,-0.7100000000000364,SL Hit,2034.27,2,667.3749999999848,20.0,2.4850000000001273,-1.634999999999991
2023-12-15 16:55:00,2023-12-15 17:25:00,Short,2033.5466666666669,2034.17,-1.8699999999996635,SL Hit,2034.17,3,665.5049999999851,30.0,0.893333333333203,-1.1666666666667425
2023-12-15 18:15:00,2023-12-15 20:25:00,Short,2022.1725000000001,2019.0,12.69000000000051,SL Hit,2019.0,4,678.1949999999856,130.0,9.427499999999782,-6.212500000000091
2023-12-17 23:25:00,2023-12-18 00:20:00,Short,2018.4699999999998,2018.35,0.23999999999978172,SL Hit,2018.35,2,678.4349999999854,55.0,0.680000000000291,-3.1699999999998454
2023-12-18 02:50:00,2023-12-18 02:55:00,Short,2021.49,2021.85,-0.35999999999989996,SL Hit,2021.85,1,678.0749999999855,5.0,0.35999999999989996,-0.32999999999992724
2023-12-18 05:00:00,2023-12-18 05:50:00,Long,2023.1999999999998,2022.35,-1.699999999999818,SL Hit,2022.35,2,676.3749999999857,50.0,-1.2999999999997272,0.8200000000001637
2023-12-18 08:45:00,2023-12-18 09:25:00,Long,2024.885,2023.83,-2.1100000000001273,SL Hit,2023.83,2,674.2649999999855,40.0,-1.6849999999999454,1.7349999999999
2023-12-18 10:30:00,2023-12-18 11:40:00,Short,2021.605,2022.22,-1.2300000000000182,SL Hit,2022.22,2,673.0349999999855,70.0,0.724999999999909,-3.105000000000018
2023-12-18 13:55:00,2023-12-18 14:10:00,Long,2024.93,2024.735,-0.1950000000001637,SL Hit,2024.735,1,672.8399999999854,15.0,-0.9600000000000364,1.8699999999998909
2023-12-18 15:25:00,2023-12-18 15:30:00,Short,2021.99,2021.99,0.0,SL Hit,2021.99,1,672.8399999999854,5.0,1.0699999999999363,-0.8299999999999272
2023-12-18 16:35:00,2023-12-18 16:55:00,Long,2023.07,2022.815,-0.25499999999988177,SL Hit,2022.815,1,672.5849999999855,20.0,-0.8399999999999181,1.5
2023-12-18 20:05:00,2023-12-18 20:15:00,Short,2026.19,2026.19,0.0,SL Hit,2026.19,1,672.5849999999855,10.0,0.10999999999989996,-0.6000000000001364
2023-12-18 20:30:00,2023-12-18 20:35:00,Short,2026.53,2026.53,0.0,SL Hit,2026.53,1,672.5849999999855,5.0,0.18000000000006366,-0.5299999999999727
2023-12-18 21:35:00,2023-12-18 21:50:00,Long,2026.84,2026.75,-0.08999999999991815,SL Hit,2026.75,1,672.4949999999856,15.0,-0.7400000000000091,0.39000000000010004
2023-12-19 01:10:00,2023-12-19 01:25:00,Short,2026.9,2027.54,-1.2799999999997453,SL Hit,2027.54,2,671.2149999999858,15.0,1.0,-1.1000000000001364
2023-12-19 01:30:00,2023-12-19 01:35:00,Long,2026.69,2026.5099999999998,-0.18000000000029104,SL Hit,2026.5099999999998,1,671.0349999999855,5.0,-0.6900000000000546,0.5399999999999636
2023-12-19 07:25:00,2023-12-19 07:35:00,Long,2025.44,2024.5699999999997,-0.8700000000003456,SL Hit,2024.5699999999997,1,670.1649999999852,10.0,-0.9400000000000546,0.75
2023-12-19 10:10:00,2023-12-19 11:25:00,Short,2026.58,2027.0300000000002,-0.45000000000027285,SL Hit,2027.0300000000002,1,669.7149999999849,75.0,0.5,-2.8799999999998818
2023-12-19 12:45:00,2023-12-19 17:50:00,Long,2033.9716666666666,2040.84,41.210000000000036,SL Hit,2040.84,6,710.924999999985,305.0,-6.691666666666606,12.848333333333358
2023-12-19 17:55:00,2023-12-19 18:55:00,Short,2039.655,2038.69,1.9299999999998363,SL Hit,2038.69,2,712.8549999999848,60.0,1.1949999999999363,-2.9349999999999454
2023-12-19 19:00:00,2023-12-19 19:15:00,Long,2038.79,2038.4899999999998,-0.3000000000001819,SL Hit,2038.4899999999998,1,712.5549999999846,15.0,-0.4900000000000091,0.42000000000007276
2023-12-19 20:25:00,2023-12-19 20:35:00,Long,2039.4,2039.235,-0.165000000000191,SL Hit,2039.235,1,712.3899999999844,10.0,-0.21000000000003638,0.33999999999991815
2023-12-19 23:25:00,2023-12-19 23:40:00,Short,2039.86,2039.86,0.0,SL Hit,2039.86,1,712.3899999999844,15.0,0.21000000000003638,-1.0699999999999363
2023-12-20 00:45:00,2023-12-20 02:25:00,Short,2038.28,2038.06,0.8800000000001091,SL Hit,2038.06,4,713.2699999999845,100.0,1.5499999999999545,-1.6800000000000637
2023-12-20 04:15:00,2023-12-20 04:25:00,Short,2040.48,2040.48,0.0,SL Hit,2040.48,1,713.2699999999845,10.0,0.03999999999996362,-0.5499999999999545
2023-12-20 08:00:00,2023-12-20 08:35:00,Short,2041.76,2041.76,0.0,SL Hit,2041.76,1,713.2699999999845,35.0,0.029999999999972715,-1.8900000000001
2023-12-20 10:05:00,2023-12-20 12:00:00,Short,2036.0933333333332,2034.05,6.129999999999882,SL Hit,2034.05,3,719.3999999999844,115.0,3.6866666666667243,-3.883333333333212
2023-12-20 17:25:00,2023-12-20 17:40:00,Short,2033.17,2033.4850000000001,-0.31500000000005457,SL Hit,2033.4850000000001,1,719.0849999999843,15.0,1.0,-1.1000000000001364
2023-12-21 01:10:00,2023-12-21 01:15:00,Short,2033.92,2034.1,-0.1799999999998363,SL Hit,2034.1,1,718.9049999999845,5.0,0.32999999999992724,-0.8200000000001637
2023-12-21 04:00:00,2023-12-21 04:05:00,Long,2037.47,2037.245,-0.22500000000013642,SL Hit,2037.245,1,718.6799999999844,5.0,-0.2799999999999727,0.2899999999999636
2023-12-21 04:55:00,2023-12-21 05:10:00,Short,2036.62,2036.62,0.0,SL Hit,2036.62,1,718.6799999999844,15.0,0.39000000000010004,-0.4799999999997908
2023-12-21 06:00:00,2023-12-21 06:35:00,Short,2035.49,2036.21,-1.4400000000000546,SL Hit,2036.21,2,717.2399999999843,35.0,0.849999999999909,-1.1900000000000546
2023-12-21 06:50:00,2023-12-21 07:05:00,Long,2036.42,2036.2849999999999,-0.13500000000021828,SL Hit,2036.2849999999999,1,717.1049999999841,15.0,-1.2100000000000364,0.7899999999999636
2023-12-21 08:30:00,2023-12-21 08:45:00,Long,2035.98,2035.98,0.0,SL Hit,2035.98,1,717.1049999999841,15.0,-0.05999999999994543,1.1399999999998727
2023-12-21 09:50:00,2023-12-21 10:05:00,Short,2035.52,2035.52,0.0,SL Hit,2035.52,1,717.1049999999841,15.0,0.14000000000010004,-1.3199999999999363
2023-12-21 11:30:00,2023-12-21 11:35:00,Long,2034.61,2034.55,-0.05999999999994543,SL Hit,2034.55,1,717.0449999999842,5.0,-0.05999999999994543,0.5900000000001455
2023-12-21 14:45:00,2023-12-21 15:00:00,Long,2043.38,2041.3,-4.160000000000309,SL Hit,2041.3,2,712.8849999999838,15.0,-3.410000000000082,2.3199999999999363
2023-12-21 15:55:00,2023-12-21 16:50:00,Long,2042.3233333333335,2041.7,-1.8700000000003456,SL Hit,2041.7,3,711.0149999999835,55.0,-1.6333333333334394,2.196666666666488
2023-12-21 17:00:00,2023-12-21 17:10:00,Short,2041.92,2042.955,-1.0349999999998545,SL Hit,2042.955,1,709.9799999999836,10.0,1.1299999999998818,-1.1200000000001182
2023-12-21 17:45:00,2023-12-21 17:50:00,Short,2041.86,2041.875,-0.015000000000100044,SL Hit,2041.875,1,709.9649999999835,5.0,0.11000000000012733,-1.4399999999998272
2023-12-21 20:05:00,2023-12-22 00:10:00,Long,2046.0942857142857,2050.8,32.940000000001646,SL Hit,2050.8,7,742.9049999999852,245.0,-3.08428571428567,8.695714285714303
2023-12-22 01:00:00,2023-12-22 01:05:00,Short,2047.79,2047.82,-0.029999999999972715,SL Hit,2047.82,1,742.8749999999852,5.0,0.029999999999972715,-0.8399999999999181
2023-12-22 02:55:00,2023-12-22 03:00:00,Long,2049.96,2049.84,-0.11999999999989086,SL Hit,2049.84,1,742.7549999999853,5.0,-0.11999999999989086,0.6900000000000546
2023-12-22 03:05:00,2023-12-22 03:30:00,Long,2050.3450000000003,2049.6,-1.4900000000006912,SL Hit,2049.6,2,741.2649999999846,25.0,-1.2650000000003274,0.7849999999998545
2023-12-22 05:00:00,2023-12-22 07:00:00,Short,2048.6225,2048.87,-0.9899999999997817,SL Hit,2048.87,4,740.2749999999849,120.0,0.8975000000000364,-1.7224999999998545
2023-12-22 08:40:00,2023-12-22 12:55:00,Long,2055.55,2059.9,34.79999999999927,SL Hit,2059.9,8,775.0749999999841,255.0,-4.7800000000002,10.259999999999764
2023-12-22 13:45:00,2023-12-22 15:20:00,Long,2065.8266666666664,2066.13,0.9100000000012187,SL Hit,2066.13,3,775.9849999999853,95.0,-3.406666666666297,4.3733333333334485
2023-12-22 17:50:00,2023-12-22 17:55:00,Long,2055.18,2054.565,-0.6149999999997817,SL Hit,2054.565,1,775.3699999999856,5.0,-0.7300000000000182,0.44000000000005457
2023-12-22 18:35:00,2023-12-22 19:05:00,Long,2056.76,2056.28,-0.9600000000000364,SL Hit,2056.28,2,774.4099999999855,30.0,-1.4700000000002547,0.7899999999999636
2023-12-26 00:15:00,2023-12-26 00:25:00,Short,2054.05,2054.05,0.0,SL Hit,2054.05,1,774.4099999999855,10.0,0.04999999999972715,-1.150000000000091
2023-12-26 00:55:00,2023-12-26 05:10:00,Long,2060.6514285714284,2063.3,18.540000000002692,SL Hit,2063.3,7,792.9499999999882,255.0,-6.261428571428496,4.168571428571795
2023-12-26 07:50:00,2023-12-26 08:00:00,Long,2063.47,2063.47,0.0,SL Hit,2063.47,1,792.9499999999882,10.0,-0.25,1.0900000000001455
2023-12-26 08:20:00,2023-12-26 09:20:00,Short,2062.7566666666667,2061.76,2.989999999999327,SL Hit,2061.76,3,795.9399999999875,60.0,1.133333333333212,-2.1566666666667516
2023-12-26 12:15:00,2023-12-26 13:20:00,Short,2062.56,2063.03,-0.9400000000005093,SL Hit,2063.03,2,794.999999999987,65.0,0.7300000000000182,-1.2899999999999636
2023-12-26 18:30:00,2023-12-26 18:35:00,Long,2058.45,2058.45,0.0,SL Hit,2058.45,1,794.999999999987,5.0,-0.03999999999996362,1.0900000000001455
2023-12-26 22:00:00,2023-12-26 23:00:00,Short,2067.77,2067.77,0.0,SL Hit,2067.77,1,794.999999999987,60.0,0.5300000000002001,-0.1999999999998181
2023-12-27 02:05:00,2023-12-27 04:50:00,Short,2065.64,2065.03,1.8299999999990177,SL Hit,2065.03,3,796.8299999999861,165.0,1.5199999999999818,-2.4400000000000546
2023-12-27 04:55:00,2023-12-27 05:35:00,Long,2065.49,2064.3,-2.3799999999991996,SL Hit,2064.3,2,794.4499999999869,40.0,-1.199999999999818,0.580000000000382
2023-12-27 06:50:00,2023-12-27 07:25:00,Short,2066.06,2066.06,0.0,SL Hit,2066.06,1,794.4499999999869,35.0,0.20000000000027285,-1.8600000000001273
2023-12-27 08:05:00,2023-12-27 09:15:00,Long,2067.04,2067.24,0.5999999999994543,SL Hit,2067.24,3,795.0499999999863,70.0,-0.8200000000001637,1.3099999999999454
2023-12-27 17:05:00,2023-12-27 17:10:00,Short,2080.51,2080.51,0.0,SL Hit,2080.51,1,795.0499999999863,5.0,0.4299999999998363,-1.0600000000004002
2023-12-27 18:00:00,2023-12-27 18:30:00,Long,2081.9849999999997,2081.1,-1.769999999999527,SL Hit,2081.1,2,793.2799999999868,30.0,-3.0949999999998,2.005000000000109
2023-12-27 20:20:00,2023-12-27 20:30:00,Short,2076.94,2077.1499999999996,-0.20999999999958163,SL Hit,2077.1499999999996,1,793.0699999999872,10.0,1.1700000000000728,-0.2699999999999818
2023-12-27 21:20:00,2023-12-27 21:30:00,Short,2077.2,2077.2,0.0,SL Hit,2077.2,1,793.0699999999872,10.0,0.01999999999998181,-0.4399999999995998
2023-12-27 23:55:00,2023-12-28 00:55:00,Long,2079.605,2079.4,-0.4099999999998545,SL Hit,2079.4,2,792.6599999999873,60.0,-0.5549999999998363,1.0850000000000364
2023-12-28 05:00:00,2023-12-28 05:05:00,Short,2086.51,2086.6749999999997,-0.16499999999950887,SL Hit,2086.6749999999997,1,792.4949999999878,5.0,0.6599999999998545,-0.44000000000005457
2023-12-28 05:10:00,2023-12-28 05:15:00,Long,2086.85,2086.85,0.0,SL Hit,2086.85,1,792.4949999999878,5.0,-1.449999999999818,0.34999999999990905
2023-12-28 07:10:00,2023-12-28 07:15:00,Long,2086.53,2086.125,-0.4050000000002001,SL Hit,2086.125,1,792.0899999999876,5.0,-0.42000000000007276,0.8999999999996362
2023-12-28 09:00:00,2023-12-28 09:55:00,Short,2075.9500000000003,2077.7,-5.249999999998636,SL Hit,2077.7,3,786.839999999989,55.0,2.0799999999999272,-2.7200000000002547
2023-12-28 10:00:00,2023-12-28 10:40:00,Long,2077.6549999999997,2075.71,-3.889999999999418,SL Hit,2075.71,2,782.9499999999896,40.0,-2.3149999999996,1.1950000000001637
2023-12-28 10:50:00,2023-12-28 10:55:00,Short,2076.19,2076.88,-0.6900000000000546,SL Hit,2076.88,1,782.2599999999895,5.0,1.2599999999997635,-1.1799999999998363
2023-12-28 15:45:00,2023-12-28 15:50:00,Long,2078.1,2077.725,-0.375,SL Hit,2077.725,1,781.8849999999895,5.0,-1.0199999999999818,0.9400000000000546
2023-12-28 15:55:00,2023-12-28 17:45:00,Short,2075.78,2075.49,0.8700000000012551,SL Hit,2075.49,3,782.7549999999908,110.0,1.6299999999996544,-3.4900000000002365
2023-12-28 21:40:00,2023-12-28 21:50:00,Short,2065.23,2065.35,-0.11999999999989086,SL Hit,2065.35,1,782.6349999999909,10.0,0.40000000000009095,-0.6300000000001091
2023-12-28 21:55:00,2023-12-28 23:00:00,Short,2065.39,2065.63,-0.48000000000047294,SL Hit,2065.63,2,782.1549999999904,65.0,1.5300000000002,-0.2899999999999636
2023-12-29 00:20:00,2023-12-29 00:30:00,Long,2066.4,2066.4,0.0,SL Hit,2066.4,1,782.1549999999904,10.0,-0.2800000000002001,1.4099999999998545
2023-12-29 01:15:00,2023-12-29 03:15:00,Long,2068.775,2068.1,-2.7000000000007276,SL Hit,2068.1,4,779.4549999999897,120.0,-1.305000000000291,2.4649999999996908
2023-12-29 03:20:00,2023-12-29 03:25:00,Short,2068.3,2068.495,-0.19499999999970896,SL Hit,2068.495,1,779.25999999999,5.0,0.29999999999972715,-0.49000000000023647
2023-12-29 08:35:00,2023-12-29 11:15:00,Short,2068.5066666666667,2066.27,6.710000000000036,SL Hit,2066.27,3,785.96999999999,160.0,3.163333333333412,-6.426666666666733
2023-12-29 12:30:00,2023-12-29 14:40:00,Short,2063.8475,2062.32,6.109999999998763,SL Hit,2062.32,4,792.0799999999888,130.0,3.332499999999982,-5.627500000000055
2023-12-29 15:35:00,2023-12-29 15:40:00,Long,2064.22,2064.22,0.0,SL Hit,2064.22,1,792.0799999999888,5.0,-1.2599999999997635,1.5300000000002
2023-12-29 17:25:00,2023-12-29 17:35:00,Long,2066.4,2066.16,-0.24000000000023647,SL Hit,2066.16,1,791.8399999999885,10.0,-0.2800000000002001,0.8099999999999454
2023-12-29 17:50:00,2023-12-29 18:00:00,Long,2065.74,2065.365,-0.375,SL Hit,2065.365,1,791.4649999999885,10.0,-4.529999999999745,1.2800000000002
2023-12-29 19:25:00,2023-12-29 20:40:00,Long,2065.6099999999997,2064.0,-3.219999999999345,SL Hit,2064.0,2,788.2449999999892,75.0,-1.6299999999996544,2.080000000000382
2023-12-29 21:25:00,2023-12-29 21:35:00,Short,2062.75,2062.96,-0.21000000000003638,SL Hit,2062.96,1,788.0349999999892,10.0,0.4099999999998545,-0.5500000000001819
2024-01-02 00:20:00,2024-01-02 00:30:00,Short,2063.45,2063.45,0.0,SL Hit,2063.45,1,788.0349999999892,10.0,0.19000000000005457,-1.449999999999818
2024-01-02 01:55:00,2024-01-02 02:35:00,Short,2067.07,2067.07,0.0,SL Hit,2067.07,1,788.0349999999892,40.0,1.1399999999998727,-2.8099999999999454
2024-01-02 05:00:00,2024-01-02 05:05:00,Short,2069.63,2069.96,-0.32999999999992724,SL Hit,2069.96,1,787.7049999999892,5.0,0.6099999999996726,-0.17000000000007276
2024-01-02 14:45:00,2024-01-02 14:55:00,Short,2066.96,2070.17,-3.2100000000000364,Bullish Trade Reversal,2070.17,1,784.4949999999892,10.0,3.2399999999997817,-1.0599999999999454
2024-01-02 14:55:00,2024-01-02 15:10:00,Long,2069.06,2066.87,-2.1900000000000546,SL Hit,2066.87,1,782.3049999999891,15.0,-2.4200000000000728,1.1799999999998363
2024-01-02 16:50:00,2024-01-02 17:15:00,Long,2066.09,2064.1,-3.980000000000473,SL Hit,2064.1,2,778.3249999999887,25.0,-3.130000000000109,0.8299999999999272
2024-01-02 19:30:00,2024-01-02 21:50:00,Short,2060.8675,2059.02,7.389999999999418,SL Hit,2059.02,4,785.7149999999881,140.0,1.0125000000002728,-3.167500000000018
2024-01-02 21:55:00,2024-01-02 23:00:00,Long,2058.795,2058.35,-0.8900000000003274,SL Hit,2058.35,2,784.8249999999878,65.0,-0.7950000000000728,0.11499999999978172
2024-01-02 23:05:00,2024-01-02 23:25:00,Short,2058.995,2059.24,-0.4899999999997817,SL Hit,2059.24,2,784.334999999988,20.0,0.34500000000025466,-1.194999999999709
2024-01-03 01:20:00,2024-01-03 01:25:00,Short,2060.33,2060.930000000001,-0.6000000000012733,SL Hit,2060.930000000001,1,783.7349999999867,5.0,0.7899999999999636,-0.7300000000000182
2024-01-03 05:00:00,2024-01-03 05:30:00,Short,2064.66,2064.66,0.0,SL Hit,2064.66,1,783.7349999999867,30.0,0.30999999999994543,-1.4600000000000364
2024-01-03 05:55:00,2024-01-03 06:05:00,Short,2064.23,2064.71,-0.4800000000000182,SL Hit,2064.71,1,783.2549999999867,10.0,0.6300000000001091,-0.5700000000001637
2024-01-03 07:10:00,2024-01-03 07:45:00,Short,2063.04,2063.58,-0.5399999999999636,SL Hit,2063.58,1,782.7149999999867,35.0,0.6199999999998909,-2.2399999999997817
2024-01-03 09:35:00,2024-01-03 15:00:00,Short,2049.1825,2042.17,56.099999999998545,SL Hit,2042.17,8,838.8149999999853,325.0,9.537499999999909,-17.262499999999818
2024-01-03 16:05:00,2024-01-03 18:00:00,Short,2034.0649999999998,2033.51,2.219999999999345,SL Hit,2033.51,4,841.0349999999846,115.0,1.6850000000001728,-3.0949999999998
2024-01-03 18:35:00,2024-01-03 18:40:00,Long,2034.24,2034.24,0.0,SL Hit,2034.24,1,841.0349999999846,5.0,-0.2400000000000091,1.0199999999999818
2024-01-03 21:00:00,2024-01-03 21:05:00,Long,2040.99,2040.75,-0.2400000000000091,SL Hit,2040.75,1,840.7949999999846,5.0,-0.5299999999999727,0.7100000000000364
2024-01-03 21:45:00,2024-01-03 21:55:00,Short,2041.0,2041.42,-0.42000000000007276,SL Hit,2041.42,1,840.3749999999845,10.0,0.4900000000000091,-0.21000000000003638
2024-01-03 23:40:00,2024-01-04 00:00:00,Long,2042.67,2042.52,-0.15000000000009095,SL Hit,2042.52,1,840.2249999999844,20.0,-0.2899999999999636,0.8899999999998727
2024-01-04 00:10:00,2024-01-04 00:50:00,Long,2042.605,2041.7,-1.8099999999999454,SL Hit,2041.7,2,838.4149999999845,40.0,-0.9249999999999545,0.48499999999989996
2024-01-04 01:00:00,2024-01-04 01:05:00,Short,2042.13,2042.2649999999999,-0.13499999999976353,SL Hit,2042.2649999999999,1,838.2799999999847,5.0,0.4399999999998272,-0.3200000000001637
2024-01-04 01:25:00,2024-01-04 02:00:00,Short,2042.46,2042.55,-0.08999999999991815,SL Hit,2042.55,1,838.1899999999848,35.0,1.240000000000009,-2.2999999999999545
2024-01-04 02:05:00,2024-01-04 04:10:00,Long,2043.455,2042.56,-1.7899999999999636,SL Hit,2042.56,2,836.3999999999849,125.0,-1.0549999999998363,3.3050000000000637
2024-01-04 07:35:00,2024-01-04 08:20:00,Long,2048.056666666667,2046.85,-3.6200000000008004,SL Hit,2046.85,3,832.779999999984,45.0,-1.356666666666797,1.3033333333332848
2024-01-04 08:25:00,2024-01-04 09:15:00,Short,2047.55,2048.3,-0.7500000000002274,SL Hit,2048.3,1,832.0299999999838,50.0,0.9700000000000273,-2.089999999999918
2024-01-04 11:25:00,2024-01-04 11:30:00,Long,2047.73,2047.5349999999999,-0.1950000000001637,SL Hit,2047.5349999999999,1,831.8349999999837,5.0,-0.4700000000000273,0.36999999999989086
2024-01-04 12:30:00,2024-01-04 12:35:00,Long,2045.23,2044.885,-0.3450000000000273,SL Hit,2044.885,1,831.4899999999836,5.0,-0.5299999999999727,0.7300000000000182
2024-01-04 12:40:00,2024-01-04 13:15:00,Long,2044.73,2044.73,0.0,SL Hit,2044.73,1,831.4899999999836,35.0,-0.13000000000010914,2.259999999999991
2024-01-04 13:30:00,2024-01-04 14:20:00,Short,2041.38,2041.79,-0.819999999999709,SL Hit,2041.79,2,830.6699999999839,50.0,3.009999999999991,-3.6200000000001182
2024-01-04 17:10:00,2024-01-04 19:00:00,Short,2043.5333333333335,2043.95,-1.2499999999995453,SL Hit,2043.95,3,829.4199999999844,110.0,1.426666666666506,-2.833333333333485
2024-01-04 20:55:00,2024-01-04 21:00:00,Short,2043.62,2043.83,-0.21000000000003638,SL Hit,2043.83,1,829.2099999999843,5.0,0.3000000000001819,-0.4799999999997908
2024-01-04 21:35:00,2024-01-04 21:40:00,Short,2043.26,2043.26,0.0,SL Hit,2043.26,1,829.2099999999843,5.0,-0.0,-0.9600000000000364
2024-01-05 00:45:00,2024-01-05 00:50:00,Long,2044.13,2044.13,0.0,SL Hit,2044.13,1,829.2099999999843,5.0,-0.040000000000190994,0.4699999999997999
2024-01-05 03:00:00,2024-01-05 03:05:00,Short,2046.08,2046.23,-0.15000000000009095,SL Hit,2046.23,1,829.0599999999843,5.0,0.18000000000006366,-0.36999999999989086
2024-01-05 03:55:00,2024-01-05 04:20:00,Short,2045.245,2045.45,-0.41000000000030923,SL Hit,2045.45,2,828.649999999984,25.0,0.3350000000000364,-1.0449999999998454
2024-01-05 04:25:00,2024-01-05 04:55:00,Long,2045.67,2044.2,-2.9400000000000546,SL Hit,2044.2,2,825.7099999999839,30.0,-1.6700000000000728,0.6299999999998818
2024-01-05 08:35:00,2024-01-05 08:45:00,Short,2042.42,2042.7350000000001,-0.31500000000005457,SL Hit,2042.7350000000001,1,825.3949999999838,10.0,0.31999999999993634,-0.6400000000001
2024-01-05 10:45:00,2024-01-05 11:15:00,Long,2038.26,2038.245,-0.015000000000100044,SL Hit,2038.245,1,825.3799999999837,30.0,-0.25,1.9800000000000182
2024-01-05 11:25:00,2024-01-05 11:30:00,Short,2038.16,2038.16,0.0,SL Hit,2038.16,1,825.3799999999837,5.0,0.09999999999990905,-0.8200000000001637
2024-01-05 12:45:00,2024-01-05 12:50:00,Long,2040.01,2039.635,-0.375,SL Hit,2039.635,1,825.0049999999837,5.0,-0.5099999999999909,0.849999999999909
2024-01-05 18:15:00,2024-01-05 18:20:00,Short,2041.64,2042.105,-0.46499999999991815,SL Hit,2042.105,1,824.5399999999838,5.0,0.5899999999999181,-0.41000000000008185
2024-01-05 18:30:00,2024-01-05 18:35:00,Long,2043.47,2043.035,-0.43499999999994543,SL Hit,2043.035,1,824.1049999999839,5.0,-0.6700000000000728,2.089999999999918
2024-01-05 19:45:00,2024-01-05 21:20:00,Short,2045.2649999999999,2044.76,1.0099999999997635,SL Hit,2044.76,2,825.1149999999836,95.0,1.275000000000091,-2.354999999999791
2024-01-05 21:30:00,2024-01-07 23:00:00,Long,2044.69,2043.7,-1.9800000000000182,SL Hit,2043.7,2,823.1349999999836,2970.0,-1.3400000000001455,1.9600000000000364
2024-01-07 23:45:00,2024-01-08 00:10:00,Short,2043.98,2044.46,-0.4800000000000182,SL Hit,2044.46,1,822.6549999999836,25.0,1.0599999999999454,-1.6800000000000637
2024-01-08 00:20:00,2024-01-08 00:25:00,Long,2045.18,2045.18,0.0,SL Hit,2045.18,1,822.6549999999836,5.0,-0.8800000000001091,0.6799999999998363
2024-01-08 01:15:00,2024-01-08 01:30:00,Long,2045.31,2044.71,-0.599999999999909,SL Hit,2044.71,1,822.0549999999837,15.0,-1.009999999999991,1.1900000000000546
2024-01-08 01:40:00,2024-01-08 07:45:00,Short,2036.0466666666664,2031.07,44.789999999998145,SL Hit,2031.07,9,866.8449999999818,365.0,8.563333333333503,-7.846666666666351
2024-01-08 08:10:00,2024-01-08 09:45:00,Short,2029.455,2030.54,-2.1700000000000728,SL Hit,2030.54,2,864.6749999999818,95.0,1.9950000000001182,-2.855000000000018
2024-01-08 10:25:00,2024-01-08 12:45:00,Short,2023.0600000000002,2020.81,6.750000000000682,SL Hit,2020.81,3,871.4249999999824,140.0,5.399999999999864,-4.310000000000173
2024-01-08 19:20:00,2024-01-08 19:40:00,Long,2027.83,2027.5900000000001,-0.23999999999978172,SL Hit,2027.5900000000001,1,871.1849999999827,20.0,-0.32999999999992724,0.9300000000000637
2024-01-08 22:00:00,2024-01-08 23:00:00,Short,2027.83,2027.83,0.0,SL Hit,2027.83,1,871.1849999999827,60.0,0.5099999999999909,-0.009999999999990905
2024-01-09 01:00:00,2024-01-09 01:10:00,Long,2034.74,2033.93,-0.8099999999999454,SL Hit,2033.93,1,870.3749999999827,10.0,-1.0799999999999272,0.5899999999999181
2024-01-09 01:20:00,2024-01-09 02:00:00,Short,2033.72,2033.7649999999999,-0.044999999999845386,SL Hit,2033.7649999999999,1,870.3299999999829,40.0,0.6800000000000637,-2.8199999999999363
2024-01-09 03:05:00,2024-01-09 03:15:00,Short,2034.01,2034.01,0.0,SL Hit,2034.01,1,870.3299999999829,10.0,0.7599999999999909,-1.6099999999999
2024-01-09 04:25:00,2024-01-09 04:40:00,Short,2033.18,2033.6,-0.4199999999998454,SL Hit,2033.6,1,869.909999999983,15.0,0.5099999999999909,-0.8800000000001091
2024-01-09 05:25:00,2024-01-09 05:35:00,Short,2032.45,2032.4650000000001,-0.015000000000100044,SL Hit,2032.4650000000001,1,869.8949999999829,10.0,0.10999999999989996,-1.3500000000001364
2024-01-09 05:40:00,2024-01-09 05:50:00,Short,2031.7649999999999,2032.56,-1.5900000000001455,SL Hit,2032.56,2,868.3049999999828,10.0,0.9950000000001182,-1.5649999999998272
2024-01-09 07:15:00,2024-01-09 08:10:00,Long,2034.325,2032.7,-3.25,SL Hit,2032.7,2,865.0549999999828,55.0,-1.7150000000001455,3.2949999999998454
2024-01-09 11:35:00,2024-01-09 11:45:00,Short,2034.73,2034.745,-0.01499999999987267,SL Hit,2034.745,1,865.0399999999829,10.0,0.5599999999999454,-0.9800000000000182
2024-01-09 11:50:00,2024-01-09 12:10:00,Short,2034.81,2035.42,-1.2200000000002547,SL Hit,2035.42,2,863.8199999999827,20.0,0.8099999999999454,-1.9099999999998545
2024-01-09 12:30:00,2024-01-09 13:05:00,Long,2035.46,2034.27,-3.5700000000001637,SL Hit,2034.27,3,860.2499999999825,35.0,-2.0299999999999727,0.7699999999999818
2024-01-09 14:45:00,2024-01-09 16:55:00,Short,2033.37,2030.89,9.919999999999163,SL Hit,2030.89,4,870.1699999999817,130.0,2.6400000000001,-7.25
2024-01-09 17:35:00,2024-01-09 17:50:00,Short,2028.85,2028.9850000000001,-0.13500000000021828,SL Hit,2028.9850000000001,1,870.0349999999814,15.0,0.16000000000008185,-1.6399999999998727
2024-01-09 18:05:00,2024-01-09 18:45:00,Short,2027.84,2028.1399999999999,-0.2999999999999545,SL Hit,2028.1399999999999,1,869.7349999999815,40.0,0.8200000000001637,-1.4399999999998272
2024-01-09 19:05:00,2024-01-09 19:15:00,Long,2028.72,2028.72,0.0,SL Hit,2028.72,1,869.7349999999815,10.0,-0.8199999999999363,0.7999999999999545
2024-01-09 19:45:00,2024-01-09 19:50:00,Short,2027.98,2028.07,-0.08999999999991815,SL Hit,2028.07,1,869.6449999999816,5.0,0.9300000000000637,-0.9800000000000182
2024-01-10 00:15:00,2024-01-10 00:20:00,Long,2030.66,2030.645,-0.015000000000100044,SL Hit,2030.645,1,869.6299999999815,5.0,-0.41000000000008185,0.2999999999999545
2024-01-10 01:05:00,2024-01-10 01:35:00,Short,2029.82,2029.82,0.0,SL Hit,2029.82,1,869.6299999999815,30.0,0.37000000000011823,-2.519999999999982
2024-01-10 01:45:00,2024-01-10 02:05:00,Long,2030.6,2030.6,0.0,SL Hit,2030.6,1,869.6299999999815,20.0,-0.09999999999990905,1.7800000000002
2024-01-10 03:45:00,2024-01-10 04:30:00,Short,2029.78,2029.65,0.25999999999976353,SL Hit,2029.65,2,869.8899999999812,45.0,0.8399999999999181,-1.6499999999998636
2024-01-10 04:40:00,2024-01-10 04:45:00,Long,2029.5,2029.5,0.0,SL Hit,2029.5,1,869.8899999999812,5.0,-0.05999999999994543,0.7899999999999636
2024-01-10 05:30:00,2024-01-10 07:10:00,Short,2027.2325,2026.41,3.2899999999999636,SL Hit,2026.41,4,873.1799999999812,100.0,2.457499999999982,-3.3825000000001637
2024-01-10 09:55:00,2024-01-10 11:05:00,Long,2035.6599999999999,2034.68,-1.9599999999995816,SL Hit,2034.68,2,871.2199999999816,70.0,-1.0899999999999181,4.5300000000002
2024-01-10 11:10:00,2024-01-10 12:05:00,Short,2034.37,2034.7,-0.6600000000003092,SL Hit,2034.7,2,870.5599999999813,55.0,0.6200000000001182,-2.269999999999982
2024-01-10 12:10:00,2024-01-10 12:40:00,Long,2034.8866666666665,2033.2,-5.059999999999491,SL Hit,2033.2,3,865.4999999999818,30.0,-2.2366666666664514,0.5933333333334758
2024-01-10 14:05:00,2024-01-10 14:30:00,Short,2029.87,2031.23,-2.7200000000002547,SL Hit,2031.23,2,862.7799999999816,25.0,2.9500000000000455,-1.1099999999999
2024-01-10 14:45:00,2024-01-10 15:30:00,Short,2027.335,2027.61,-0.5499999999997272,SL Hit,2027.61,2,862.2299999999818,45.0,1.6050000000000182,-2.535000000000082
2024-01-10 18:15:00,2024-01-10 18:55:00,Short,2023.41,2023.6349999999998,-0.22499999999968168,SL Hit,2023.6349999999998,1,862.0049999999821,40.0,0.2300000000000182,-2.6100000000001273
2024-01-11 00:20:00,2024-01-11 00:25:00,Long,2026.3,2026.3,0.0,SL Hit,2026.3,1,862.0049999999821,5.0,-0.20000000000004547,1.259999999999991
2024-01-11 00:50:00,2024-01-11 01:40:00,Long,2027.8866666666665,2027.2,-2.0599999999994907,SL Hit,2027.2,3,859.9449999999827,50.0,-0.9866666666664514,0.8733333333334485
2024-01-11 04:45:00,2024-01-11 06:15:00,Long,2032.6166666666668,2031.9,-2.150000000000091,SL Hit,2031.9,3,857.7949999999826,90.0,-1.9166666666667425,2.243333333333112
2024-01-11 06:40:00,2024-01-11 07:00:00,Long,2033.665,2033.2,-0.9299999999998363,SL Hit,2033.2,2,856.8649999999827,20.0,-0.6649999999999636,1.1849999999999454
2024-01-11 07:20:00,2024-01-11 07:30:00,Long,2033.94,2033.94,0.0,SL Hit,2033.94,1,856.8649999999827,10.0,-0.6400000000001,1.6099999999999
2024-01-11 07:55:00,2024-01-11 09:50:00,Short,2032.7233333333334,2032.13,1.7799999999997453,SL Hit,2032.13,3,858.6449999999825,115.0,1.8066666666666151,-3.3233333333332666
2024-01-11 10:45:00,2024-01-11 11:05:00,Long,2031.6599999999999,2031.1,-1.1199999999998909,SL Hit,2031.1,2,857.5249999999826,20.0,-0.8599999999999,0.8300000000001546
2024-01-11 12:15:00,2024-01-11 12:20:00,Short,2033.2,2033.335,-0.1349999999999909,SL Hit,2033.335,1,857.3899999999826,5.0,0.25,-0.42000000000007276
2024-01-11 13:05:00,2024-01-11 13:30:00,Long,2034.08,2031.84,-4.480000000000018,SL Hit,2031.84,2,852.9099999999826,25.0,-7.809999999999945,4.880000000000109
2024-01-11 13:35:00,2024-01-11 14:35:00,Short,2030.655,2032.29,-3.269999999999982,SL Hit,2032.29,2,849.6399999999826,60.0,3.7450000000001182,-5.615000000000009
2024-01-11 15:10:00,2024-01-11 15:20:00,Short,2027.16,2028.8999999999999,-1.7399999999997817,SL Hit,2028.8999999999999,1,847.8999999999828,10.0,2.839999999999918,-1.490000000000009
2024-01-11 15:35:00,2024-01-11 15:40:00,Long,2030.16,2030.16,0.0,SL Hit,2030.16,1,847.8999999999828,5.0,-0.650000000000091,1.5
2024-01-11 16:15:00,2024-01-11 19:00:00,Short,2017.8579999999997,2016.79,5.339999999998781,SL Hit,2016.79,5,853.2399999999816,165.0,8.472000000000207,-4.46799999999962
2024-01-12 01:05:00,2024-01-12 01:10:00,Short,2030.98,2031.385,-0.4049999999999727,SL Hit,2031.385,1,852.8349999999816,5.0,1.349999999999909,-0.6600000000000819
2024-01-12 04:15:00,2024-01-12 04:25:00,Short,2033.45,2033.765,-0.31500000000005457,SL Hit,2033.765,1,852.5199999999816,10.0,0.5399999999999636,-0.5599999999999454
2024-01-12 05:40:00,2024-01-12 05:50:00,Short,2034.37,2034.76,-0.7800000000002001,SL Hit,2034.76,2,851.7399999999814,10.0,0.75,-0.6699999999998454
2024-01-12 07:25:00,2024-01-12 09:45:00,Long,2038.11,2038.81,3.5000000000002274,SL Hit,2038.81,5,855.2399999999816,140.0,-2.8099999999999454,1.8200000000001637
2024-01-12 10:25:00,2024-01-12 10:30:00,Long,2039.74,2038.93,-0.8099999999999454,SL Hit,2038.93,1,854.4299999999816,5.0,-1.0399999999999636,0.5299999999999727
2024-01-12 11:50:00,2024-01-12 11:55:00,Short,2045.06,2045.06,0.0,SL Hit,2045.06,1,854.4299999999816,5.0,0.5700000000001637,-0.9600000000000364
2024-01-15 01:30:00,2024-01-15 04:00:00,Long,2053.1675,2055.9,10.930000000000291,SL Hit,2055.9,4,865.3599999999819,150.0,-4.257500000000164,4.852499999999964
2024-01-15 06:25:00,2024-01-15 06:55:00,Long,2055.32,2055.32,0.0,SL Hit,2055.32,1,865.3599999999819,30.0,-1.0199999999999818,1.5299999999997453
2024-01-15 07:30:00,2024-01-15 07:45:00,Short,2054.12,2054.4800000000005,-0.3600000000005821,SL Hit,2054.4800000000005,1,864.9999999999814,15.0,0.6100000000001273,-1.1300000000001091
2024-01-15 10:00:00,2024-01-15 11:00:00,Short,2053.97,2053.53,1.3199999999987995,SL Hit,2053.53,3,866.3199999999802,60.0,0.8900000000003274,-2.269999999999982
2024-01-15 11:05:00,2024-01-15 11:10:00,Long,2052.99,2052.99,0.0,SL Hit,2052.99,1,866.3199999999802,5.0,-0.7099999999995816,0.330000000000382
2024-01-15 16:40:00,2024-01-15 18:00:00,Long,2054.7925,2054.7,-0.37000000000080036,SL Hit,2054.7,4,865.9499999999794,80.0,-1.2925000000000182,1.2575000000001637
2024-01-15 18:40:00,2024-01-15 23:00:00,Short,2054.54,2054.76,-0.8800000000010186,SL Hit,2054.76,4,865.0699999999783,260.0,0.42000000000007276,-0.9899999999997817
2024-01-15 23:10:00,2024-01-15 23:30:00,Long,2054.365,2053.6,-1.5299999999997453,SL Hit,2053.6,2,863.5399999999786,20.0,-1.9649999999996908,0.875
2024-01-16 02:20:00,2024-01-16 02:25:00,Short,2051.03,2051.03,0.0,SL Hit,2051.03,1,863.5399999999786,5.0,0.07999999999992724,-1.6300000000001091
2024-01-16 02:30:00,2024-01-16 03:00:00,Short,2050.51,2050.81,-0.5999999999994543,SL Hit,2050.81,2,862.9399999999791,30.0,0.3799999999996544,-1.2100000000000364
2024-01-16 03:05:00,2024-01-16 03:10:00,Long,2050.72,2050.72,0.0,SL Hit,2050.72,1,862.9399999999791,5.0,-0.18999999999959982,0.7699999999999818
2024-01-16 03:15:00,2024-01-16 03:30:00,Long,2050.75,2049.3250000000003,-1.4249999999997272,Bearish Trade Reversal,2049.3250000000003,1,861.5149999999794,15.0,-1.050000000000182,0.23999999999978172
2024-01-16 03:30:00,2024-01-16 06:10:00,Short,2049.03,2049.16,-0.3899999999989632,SL Hit,2049.16,3,861.1249999999804,160.0,1.4399999999995998,-1.650000000000091
2024-01-16 06:35:00,2024-01-16 06:40:00,Long,2048.99,2048.795,-0.19499999999970896,SL Hit,2048.795,1,860.9299999999807,5.0,-0.30999999999994543,0.580000000000382
2024-01-16 06:45:00,2024-01-16 07:20:00,Long,2049.42,2048.68,-1.480000000000473,SL Hit,2048.68,2,859.4499999999803,35.0,-1.6200000000001182,1.4200000000000728
2024-01-16 08:10:00,2024-01-16 08:20:00,Short,2048.73,2049.165,-0.43499999999994543,SL Hit,2049.165,1,859.0149999999803,10.0,1.1399999999998727,-1.5799999999999272
2024-01-16 10:45:00,2024-01-16 10:50:00,Short,2040.49,2040.58,-0.08999999999991815,SL Hit,2040.58,1,858.9249999999804,5.0,0.19000000000005457,-0.7699999999999818
2024-01-16 11:25:00,2024-01-16 11:50:00,Short,2039.62,2039.8000000000002,-0.18000000000029104,SL Hit,2039.8000000000002,1,858.7449999999801,25.0,0.5500000000001819,-1.1199999999998909
2024-01-16 12:10:00,2024-01-16 12:30:00,Short,2038.53,2039.0099999999998,-0.4799999999997908,SL Hit,2039.0099999999998,1,858.2649999999803,20.0,1.1200000000001182,-2.8099999999999454
2024-01-16 17:05:00,2024-01-16 17:35:00,Short,2029.1750000000002,2028.5,1.3500000000003638,SL Hit,2028.5,2,859.6149999999807,30.0,3.444999999999709,-3.5450000000000728
2024-01-16 18:15:00,2024-01-16 18:25:00,Short,2025.9,2026.7849999999999,-0.8849999999997635,SL Hit,2026.7849999999999,1,858.7299999999809,10.0,1.349999999999909,-0.5600000000001728
2024-01-16 18:30:00,2024-01-16 18:40:00,Long,2027.81,2026.145,-1.6649999999999636,SL Hit,2026.145,1,857.064999999981,10.0,-1.740000000000009,0.900000000000091
2024-01-16 19:50:00,2024-01-16 21:00:00,Long,2028.86,2027.4,-4.379999999999427,SL Hit,2027.4,3,852.6849999999815,70.0,-1.5599999999999454,1.1800000000000637
2024-01-16 21:05:00,2024-01-16 21:30:00,Short,2027.55,2027.985,-0.43499999999994543,SL Hit,2027.985,1,852.2499999999816,25.0,0.5399999999999636,-0.5499999999999545
2024-01-16 21:35:00,2024-01-16 21:50:00,Short,2027.96,2028.16,-0.40000000000009095,SL Hit,2028.16,2,851.8499999999815,15.0,0.2999999999999545,-1.0599999999999454
2024-01-16 21:55:00,2024-01-16 22:00:00,Short,2028.38,2028.38,0.0,Bullish Trade Reversal,2028.38,1,851.8499999999815,5.0,-0.0,-0.3100000000001728
2024-01-16 22:00:00,2024-01-16 23:05:00,Long,2028.0149999999999,2026.9,-2.2299999999995634,SL Hit,2026.9,2,849.6199999999819,65.0,-1.6149999999997817,0.25500000000010914
2024-01-16 23:15:00,2024-01-16 23:45:00,Short,2027.005,2026.82,0.3700000000003456,SL Hit,2026.82,2,849.9899999999823,30.0,0.5549999999998363,-1.7050000000001546
2024-01-17 00:25:00,2024-01-17 02:35:00,Long,2028.1225000000002,2027.9,-0.8900000000003274,SL Hit,2027.9,4,849.099999999982,130.0,-1.5825000000002092,4.237499999999727
2024-01-17 03:35:00,2024-01-17 04:25:00,Short,2025.1533333333334,2024.67,1.4500000000000455,SL Hit,2024.67,3,850.549999999982,50.0,1.166666666666515,-2.553333333333512
2024-01-17 04:45:00,2024-01-17 04:50:00,Long,2024.83,2024.815,-0.01499999999987267,SL Hit,2024.815,1,850.5349999999821,5.0,-0.32999999999992724,0.8400000000001455
2024-01-17 07:10:00,2024-01-17 07:15:00,Short,2018.5,2019.13,-0.6300000000001091,SL Hit,2019.13,1,849.904999999982,5.0,0.7899999999999636,-1.2000000000000455
2024-01-17 08:35:00,2024-01-17 10:20:00,Short,2023.9250000000002,2024.22,-0.5899999999996908,SL Hit,2024.22,2,849.3149999999823,105.0,1.4249999999997272,-4.775000000000091
2024-01-17 13:05:00,2024-01-17 17:45:00,Short,2014.8957142857141,2006.59,58.13999999999942,SL Hit,2006.59,7,907.4549999999817,280.0,12.624285714285861,-11.405714285714112
2024-01-17 21:30:00,2024-01-17 23:00:00,Short,2006.04,2006.3400000000001,-0.3000000000001819,SL Hit,2006.3400000000001,1,907.1549999999816,90.0,0.5799999999999272,-0.9400000000000546
2024-01-18 04:35:00,2024-01-18 04:45:00,Short,2008.05,2008.2000000000003,-0.15000000000031832,SL Hit,2008.2000000000003,1,907.0049999999812,10.0,0.44000000000005457,-0.34999999999990905
2024-01-18 07:45:00,2024-01-18 07:55:00,Long,2013.37,2012.6650000000002,-0.7049999999996999,SL Hit,2012.6650000000002,1,906.2999999999815,10.0,-1.25,0.36000000000012733
2024-01-18 09:30:00,2024-01-18 09:40:00,Long,2012.04,2011.7849999999999,-0.25500000000010914,SL Hit,2011.7849999999999,1,906.0449999999814,10.0,-0.6099999999999,0.5699999999999363
2024-01-18 11:05:00,2024-01-18 11:10:00,Long,2011.09,2010.97,-0.11999999999989086,SL Hit,2010.97,1,905.9249999999815,5.0,-0.8899999999998727,0.5199999999999818
2024-01-18 11:20:00,2024-01-18 13:00:00,Long,2013.0279999999998,2013.92,4.460000000001401,SL Hit,2013.92,5,910.3849999999829,100.0,-1.8279999999997472,3.992000000000189
2024-01-18 14:40:00,2024-01-18 17:05:00,Long,2013.3183333333334,2013.7,2.2899999999999636,SL Hit,2013.7,6,912.6749999999829,145.0,-2.298333333333403,4.271666666666533
2024-01-18 17:15:00,2024-01-18 17:20:00,Short,2014.69,2014.9599999999998,-0.26999999999975444,SL Hit,2014.9599999999998,1,912.4049999999831,5.0,0.2999999999999545,-0.8500000000001364
2024-01-18 19:25:00,2024-01-18 19:30:00,Short,2019.87,2020.455,-0.5850000000000364,SL Hit,2020.455,1,911.8199999999831,5.0,0.7000000000000455,-0.5899999999999181
2024-01-18 20:15:00,2024-01-18 21:15:00,Long,2021.24,2021.58,0.6799999999998363,SL Hit,2021.58,2,912.499999999983,60.0,-0.7599999999999909,1.5199999999999818
2024-01-19 03:35:00,2024-01-19 03:40:00,Short,2022.38,2022.845,-0.46499999999991815,SL Hit,2022.845,1,912.034999999983,5.0,0.4699999999997999,-0.15000000000009095
2024-01-19 04:05:00,2024-01-19 05:30:00,Short,2021.3933333333334,2021.28,0.3400000000003729,SL Hit,2021.28,3,912.3749999999834,85.0,0.8266666666665969,-1.6933333333333849
2024-01-19 05:35:00,2024-01-19 05:50:00,Short,2020.9,2021.36,-0.919999999999618,SL Hit,2021.36,2,911.4549999999838,15.0,0.9099999999998545,-1.300000000000182
2024-01-19 05:55:00,2024-01-19 06:00:00,Long,2021.21,2021.1200000000001,-0.08999999999991815,SL Hit,2021.1200000000001,1,911.3649999999839,5.0,-0.40000000000009095,0.9800000000000182
2024-01-19 06:05:00,2024-01-19 06:10:00,Long,2021.03,2021.03,0.0,SL Hit,2021.03,1,911.3649999999839,5.0,-0.01999999999998181,0.6600000000000819
2024-01-19 06:20:00,2024-01-19 08:15:00,Long,2024.2525,2026.98,10.909999999999854,SL Hit,2026.98,4,922.2749999999837,115.0,-3.1525000000001455,5.037499999999909
2024-01-19 08:50:00,2024-01-19 09:25:00,Long,2028.955,2029.0,0.09000000000014552,SL Hit,2029.0,2,922.3649999999839,35.0,-0.6949999999999363,1.634999999999991
2024-01-19 09:30:00,2024-01-19 10:00:00,Short,2029.91,2029.91,0.0,SL Hit,2029.91,1,922.3649999999839,30.0,0.2599999999999909,-2.259999999999991
2024-01-19 11:00:00,2024-01-19 11:10:00,Long,2030.44,2030.44,0.0,SL Hit,2030.44,1,922.3649999999839,10.0,-0.2599999999999909,1.0799999999999272
2024-01-19 18:35:00,2024-01-19 18:50:00,Short,2027.295,2027.77,-0.9499999999998181,SL Hit,2027.77,2,921.414999999984,15.0,0.5149999999998727,-0.6649999999999636
2024-01-19 19:00:00,2024-01-19 19:20:00,Long,2028.13,2027.215,-0.915000000000191,SL Hit,2027.215,1,920.4999999999839,20.0,-1.0300000000002,0.8399999999999181
2024-01-19 20:50:00,2024-01-19 20:55:00,Short,2028.22,2028.22,0.0,SL Hit,2028.22,1,920.4999999999839,5.0,0.03999999999996362,-0.4800000000000182
2024-01-19 21:40:00,2024-01-19 21:45:00,Long,2029.37,2029.0550000000003,-0.3149999999995998,SL Hit,2029.0550000000003,1,920.1849999999843,5.0,-0.6699999999998454,0.2700000000002092
2024-01-19 21:55:00,2024-01-21 23:00:00,Long,2028.3,2028.3,0.0,SL Hit,2028.3,1,920.1849999999843,2945.0,-0.44000000000005457,3.6000000000001364
2024-01-21 23:05:00,2024-01-22 00:00:00,Short,2028.39,2028.39,0.0,SL Hit,2028.39,1,920.1849999999843,55.0,0.029999999999972715,-2.290000000000191
2024-01-22 00:25:00,2024-01-22 00:40:00,Short,2027.17,2027.17,0.0,SL Hit,2027.17,1,920.1849999999843,15.0,0.30999999999994543,-1.650000000000091
2024-01-22 00:55:00,2024-01-22 01:50:00,Long,2029.165,2029.2,0.07000000000016371,SL Hit,2029.2,2,920.2549999999844,55.0,-1.0950000000000273,2.755000000000109
2024-01-22 02:30:00,2024-01-22 02:40:00,Short,2029.64,2029.6550000000002,-0.015000000000100044,SL Hit,2029.6550000000002,1,920.2399999999843,10.0,0.209999999999809,-0.5700000000001637
2024-01-22 08:05:00,2024-01-22 08:10:00,Short,2022.2,2022.3799999999999,-0.1799999999998363,SL Hit,2022.3799999999999,1,920.0599999999845,5.0,1.2799999999999727,-0.8400000000001455
2024-01-22 08:25:00,2024-01-22 08:30:00,Long,2024.24,2023.925,-0.31500000000005457,SL Hit,2023.925,1,919.7449999999844,5.0,-1.6900000000000546,1.6299999999998818
2024-01-22 12:50:00,2024-01-22 13:00:00,Long,2028.94,2027.98,-0.9600000000000364,SL Hit,2027.98,1,918.7849999999844,10.0,-1.4500000000000455,1.0299999999999727
2024-01-22 14:35:00,2024-01-22 14:50:00,Short,2020.2649999999999,2022.71,-4.890000000000327,SL Hit,2022.71,2,913.8949999999841,15.0,3.2050000000001546,-2.8049999999998363
2024-01-22 17:20:00,2024-01-22 17:25:00,Long,2023.66,2023.66,0.0,SL Hit,2023.66,1,913.8949999999841,5.0,-0.39000000000010004,0.7599999999999909
2024-01-22 17:55:00,2024-01-22 21:40:00,Short,2021.2275,2020.89,1.3499999999994543,SL Hit,2020.89,4,915.2449999999835,225.0,1.1925000000001091,-2.527499999999918
2024-01-22 23:35:00,2024-01-22 23:40:00,Short,2020.94,2020.94,0.0,SL Hit,2020.94,1,915.2449999999835,5.0,0.01999999999998181,-0.4700000000000273
2024-01-23 05:15:00,2024-01-23 07:25:00,Long,2028.9333333333332,2029.0,0.20000000000050022,SL Hit,2029.0,3,915.444999999984,130.0,-1.633333333333212,8.716666666666924
2024-01-23 09:30:00,2024-01-23 09:40:00,Long,2029.92,2028.39,-1.5299999999999727,SL Hit,2028.39,1,913.914999999984,10.0,-1.6200000000001182,0.3999999999998636
2024-01-23 10:35:00,2024-01-23 12:05:00,Short,2025.102,2024.11,4.960000000000946,SL Hit,2024.11,5,918.874999999985,90.0,1.9179999999998927,-2.622000000000071
2024-01-23 12:30:00,2024-01-23 13:50:00,Long,2025.2466666666667,2025.38,0.4000000000003183,SL Hit,2025.38,3,919.2749999999853,80.0,-1.2966666666666242,3.533333333333303
2024-01-23 14:15:00,2024-01-23 14:20:00,Short,2023.93,2023.93,0.0,SL Hit,2023.93,1,919.2749999999853,5.0,0.1799999999998363,-0.8700000000001182
2024-01-23 14:25:00,2024-01-23 14:35:00,Short,2023.27,2024.11,-1.6799999999998363,SL Hit,2024.11,2,917.5949999999855,10.0,1.7000000000000455,-1.259999999999991
2024-01-23 20:25:00,2024-01-23 20:40:00,Short,2028.65,2028.77,-0.11999999999989086,SL Hit,2028.77,1,917.4749999999856,15.0,0.14999999999986358,-0.4500000000000455
2024-01-23 21:10:00,2024-01-23 21:25:00,Short,2028.21,2028.4049999999997,-0.19499999999970896,SL Hit,2028.4049999999997,1,917.2799999999859,15.0,0.37999999999988177,-0.9100000000000819
2024-01-23 21:45:00,2024-01-23 21:50:00,Long,2028.66,2028.66,0.0,SL Hit,2028.66,1,917.2799999999859,5.0,-0.029999999999972715,0.37999999999988177
2024-01-23 23:10:00,2024-01-23 23:15:00,Short,2029.46,2029.46,0.0,SL Hit,2029.46,1,917.2799999999859,5.0,0.09999999999990905,-1.0599999999999454
2024-01-23 23:20:00,2024-01-24 01:10:00,Short,2028.28,2027.88,1.1999999999995907,SL Hit,2027.88,3,918.4799999999855,110.0,1.1200000000001182,-2.3799999999998818
2024-01-24 02:10:00,2024-01-24 03:45:00,Short,2025.4966666666667,2024.97,1.5799999999999272,SL Hit,2024.97,3,920.0599999999854,95.0,1.173333333333403,-2.196666666666715
2024-01-24 08:25:00,2024-01-24 08:30:00,Short,2029.44,2029.44,0.0,SL Hit,2029.44,1,920.0599999999854,5.0,2.7200000000000273,-1.2300000000000182
2024-01-24 10:20:00,2024-01-24 10:45:00,Short,2030.84,2030.84,0.0,SL Hit,2030.84,1,920.0599999999854,25.0,0.12000000000011823,-1.8399999999999181
2024-01-24 13:15:00,2024-01-24 13:20:00,Long,2034.09,2033.565,-0.5249999999998636,SL Hit,2033.565,1,919.5349999999855,5.0,-0.9499999999998181,1.3100000000001728
2024-01-24 13:25:00,2024-01-24 13:35:00,Long,2032.29,2032.29,0.0,SL Hit,2032.29,1,919.5349999999855,10.0,-0.5599999999999454,4.039999999999964
2024-01-24 14:35:00,2024-01-24 16:55:00,Short,2021.9866666666667,2015.2,20.3599999999999,SL Hit,2015.2,3,939.8949999999854,140.0,9.803333333333285,-10.13666666666677
2024-01-24 18:20:00,2024-01-24 21:50:00,Short,2013.9633333333331,2012.96,6.019999999998618,SL Hit,2012.96,6,945.914999999984,210.0,2.5466666666668516,-2.743333333333112
2024-01-25 00:15:00,2024-01-25 00:20:00,Short,2015.73,2015.76,-0.029999999999972715,SL Hit,2015.76,1,945.8849999999841,5.0,0.37999999999988177,-0.5299999999999727
2024-01-25 03:30:00,2024-01-25 03:55:00,Long,2015.895,2015.1,-1.5900000000001455,SL Hit,2015.1,2,944.2949999999839,25.0,-0.7950000000000728,0.6349999999999909
2024-01-25 04:25:00,2024-01-25 05:00:00,Short,2015.95,2016.1,-0.14999999999986358,SL Hit,2016.1,1,944.1449999999841,35.0,0.16999999999984539,-1.240000000000009
2024-01-25 05:35:00,2024-01-25 06:30:00,Short,2015.1599999999999,2015.83,-1.3400000000001455,SL Hit,2015.83,2,942.8049999999839,55.0,1.0200000000002092,-1.1599999999998545
2024-01-25 08:10:00,2024-01-25 09:30:00,Short,2014.1433333333334,2014.64,-1.490000000000009,SL Hit,2014.64,3,941.3149999999839,80.0,1.316666666666606,-1.4133333333334122
2024-01-25 09:35:00,2024-01-25 10:30:00,Long,2016.5033333333333,2017.4,2.690000000000282,SL Hit,2017.4,3,944.0049999999842,55.0,-2.123333333333221,2.6366666666667697
2024-01-25 12:20:00,2024-01-25 13:15:00,Short,2014.62,2015.95,-2.6600000000003092,SL Hit,2015.95,2,941.3449999999839,55.0,2.6000000000001364,-1.2399999999997817
2024-01-25 15:20:00,2024-01-25 18:10:00,Short,2018.7900000000002,2016.34,7.3500000000008185,SL Hit,2016.34,3,948.6949999999847,170.0,4.029999999999745,-6.180000000000291
2024-01-25 21:55:00,2024-01-25 23:00:00,Long,2019.85,2019.025,-0.8249999999998181,SL Hit,2019.025,1,947.8699999999849,65.0,-1.3999999999998636,0.8500000000001364
2024-01-25 23:25:00,2024-01-25 23:30:00,Long,2020.41,2020.41,0.0,SL Hit,2020.41,1,947.8699999999849,5.0,-0.5099999999999909,0.33999999999991815
2024-01-25 23:35:00,2024-01-26 00:00:00,Long,2020.61,2020.19,-0.4199999999998454,SL Hit,2020.19,1,947.449999999985,25.0,-0.8099999999999454,0.5
2024-01-26 03:45:00,2024-01-26 04:20:00,Short,2021.6200000000001,2021.99,-1.1099999999996726,SL Hit,2021.99,3,946.3399999999854,35.0,0.5799999999999272,-1.3200000000001637
2024-01-26 04:25:00,2024-01-26 04:30:00,Long,2021.0,2021.0,0.0,SL Hit,2021.0,1,946.3399999999854,5.0,0.0,1.2699999999999818
2024-01-26 05:25:00,2024-01-26 05:30:00,Short,2021.35,2021.7850000000003,-0.4350000000004002,SL Hit,2021.7850000000003,1,945.904999999985,5.0,1.050000000000182,-0.09999999999990905
2024-01-26 07:05:00,2024-01-26 07:35:00,Short,2021.9450000000002,2022.36,-0.8299999999994725,SL Hit,2022.36,2,945.0749999999855,30.0,0.6449999999997544,-2.0850000000002638
2024-01-26 08:45:00,2024-01-26 08:50:00,Short,2020.72,2021.035,-0.31500000000005457,SL Hit,2021.035,1,944.7599999999854,5.0,0.849999999999909,-0.7200000000000273
2024-01-26 10:45:00,2024-01-26 11:50:00,Long,2023.1525,2022.63,-2.089999999999236,SL Hit,2022.63,4,942.6699999999862,65.0,-1.1524999999999181,1.1375000000000455
2024-01-26 12:30:00,2024-01-26 13:00:00,Short,2022.06,2022.06,0.0,SL Hit,2022.06,1,942.6699999999862,30.0,0.3200000000001637,-1.9299999999998363
2024-01-26 18:05:00,2024-01-26 18:10:00,Short,2016.68,2016.74,-0.05999999999994543,SL Hit,2016.74,1,942.6099999999863,5.0,0.05999999999994543,-0.43000000000006366
2024-01-29 01:00:00,2024-01-29 01:40:00,Long,2022.675,2023.15,0.9500000000002728,SL Hit,2023.15,2,943.5599999999865,40.0,-0.8250000000000455,2.4750000000001364
2024-01-29 01:50:00,2024-01-29 02:25:00,Short,2023.15,2023.3899999999999,-0.23999999999978172,SL Hit,2023.3899999999999,1,943.3199999999867,35.0,0.7999999999999545,-1.6800000000000637
2024-01-29 06:45:00,2024-01-29 08:10:00,Long,2029.1166666666666,2030.88,5.290000000000646,SL Hit,2030.88,3,948.6099999999874,85.0,-2.1166666666665606,4.363333333333458
2024-01-29 09:00:00,2024-01-29 11:55:00,Short,2028.2416666666668,2027.7,3.2500000000004547,SL Hit,2027.7,6,951.8599999999878,175.0,3.608333333333121,-2.841666666666697
2024-01-29 12:50:00,2024-01-29 13:20:00,Short,2028.74,2029.66,-1.8400000000001455,SL Hit,2029.66,2,950.0199999999877,30.0,0.9200000000000728,-0.8399999999999181
2024-01-29 16:45:00,2024-01-29 16:50:00,Long,2026.97,2026.97,0.0,SL Hit,2026.97,1,950.0199999999877,5.0,-0.9700000000000273,0.7699999999999818
2024-01-29 18:50:00,2024-01-29 19:05:00,Short,2025.76,2026.78,-2.0399999999999636,SL Hit,2026.78,2,947.9799999999877,15.0,1.2699999999999818,-0.7000000000000455
2024-01-30 01:55:00,2024-01-30 02:45:00,Short,2030.845,2030.97,-0.25,SL Hit,2030.97,2,947.7299999999877,50.0,0.6749999999999545,-1.7450000000001182
2024-01-30 03:40:00,2024-01-30 04:15:00,Long,2032.19,2031.7099999999998,-0.48000000000024556,SL Hit,2031.7099999999998,1,947.2499999999875,35.0,-0.7899999999999636,0.5
2024-01-30 05:05:00,2024-01-30 05:10:00,Short,2031.73,2031.79,-0.05999999999994543,SL Hit,2031.79,1,947.1899999999875,5.0,0.6700000000000728,-0.2300000000000182
2024-01-30 05:35:00,2024-01-30 05:40:00,Long,2032.72,2032.72,0.0,SL Hit,2032.72,1,947.1899999999875,5.0,-0.7200000000000273,0.4900000000000091
2024-01-30 08:25:00,2024-01-30 08:30:00,Long,2038.33,2037.9099999999999,-0.42000000000007276,SL Hit,2037.9099999999999,1,946.7699999999875,5.0,-0.9399999999998272,0.42000000000007276
2024-01-30 09:15:00,2024-01-30 10:40:00,Short,2037.256666666667,2037.13,0.3800000000003365,SL Hit,2037.13,3,947.1499999999878,85.0,0.9533333333331484,-2.1766666666669607
2024-01-30 10:55:00,2024-01-30 12:20:00,Short,2035.61,2036.045,-0.4350000000001728,SL Hit,2036.045,1,946.7149999999876,85.0,0.5300000000002001,-3.5
2024-01-30 13:00:00,2024-01-30 13:10:00,Long,2034.6,2034.6,0.0,SL Hit,2034.6,1,946.7149999999876,10.0,-1.209999999999809,1.9100000000000819
2024-01-30 16:20:00,2024-01-30 18:35:00,Long,2032.66,2032.42,-0.9600000000000364,SL Hit,2032.42,4,945.7549999999876,135.0,-1.8600000000001273,3.3799999999998818
2024-01-30 18:40:00,2024-01-30 18:50:00,Short,2032.3,2032.645,-0.3450000000000273,SL Hit,2032.645,1,945.4099999999876,10.0,0.7599999999999909,-0.5799999999999272
2024-01-30 19:05:00,2024-01-30 23:10:00,Long,2035.46,2035.85,1.5599999999994907,SL Hit,2035.85,4,946.9699999999871,245.0,-2.259999999999991,1.4400000000000546
2024-01-30 23:30:00,2024-01-30 23:40:00,Short,2035.96,2036.2600000000002,-0.3000000000001819,SL Hit,2036.2600000000002,1,946.6699999999869,10.0,0.35999999999989996,-0.7599999999999909
2024-01-31 03:05:00,2024-01-31 03:15:00,Long,2033.64,2033.64,0.0,SL Hit,2033.64,1,946.6699999999869,10.0,-0.22000000000002728,0.4499999999998181
2024-01-31 03:40:00,2024-01-31 03:45:00,Short,2033.39,2033.39,0.0,SL Hit,2033.39,1,946.6699999999869,5.0,0.32999999999992724,-0.44000000000005457
2024-01-31 03:55:00,2024-01-31 04:05:00,Long,2032.9,2032.9,0.0,SL Hit,2032.9,1,946.6699999999869,10.0,-0.5,1.0
2024-01-31 04:45:00,2024-01-31 05:10:00,Long,2033.79,2033.79,0.0,SL Hit,2033.79,1,946.6699999999869,25.0,0.0,0.8900000000001
2024-01-31 10:35:00,2024-01-31 11:05:00,Short,2037.89,2037.98,-0.08999999999991815,SL Hit,2037.98,1,946.579999999987,30.0,0.8799999999998818,-1.3700000000001182
2024-01-31 11:50:00,2024-01-31 12:00:00,Short,2037.47,2037.47,0.0,SL Hit,2037.47,1,946.579999999987,10.0,0.17000000000007276,-0.5399999999999636
2024-01-31 12:20:00,2024-01-31 12:25:00,Long,2038.44,2038.3650000000002,-0.0749999999998181,SL Hit,2038.3650000000002,1,946.5049999999871,5.0,-0.20000000000004547,0.7100000000000364
2024-01-31 13:10:00,2024-01-31 13:15:00,Short,2037.77,2037.77,0.0,SL Hit,2037.77,1,946.5049999999871,5.0,1.1800000000000637,-1.9700000000000273
2024-01-31 15:15:00,2024-01-31 15:20:00,Long,2053.35,2053.35,0.0,SL Hit,2053.35,1,946.5049999999871,5.0,-2.150000000000091,2.430000000000291
2024-01-31 16:00:00,2024-01-31 19:40:00,Short,2049.2157142857145,2046.89,16.280000000000882,SL Hit,2046.89,7,962.784999999988,220.0,4.27428571428527,-9.155714285714566
2024-02-01 19:30:00,2024-02-01 19:40:00,Short,2056.42,2056.42,0.0,SL Hit,2056.42,1,962.784999999988,10.0,0.15000000000009095,-1.9700000000002547
2024-02-01 20:40:00,2024-02-01 21:00:00,Long,2054.9849999999997,2054.2,-1.569999999999709,SL Hit,2054.2,2,961.2149999999883,20.0,-1.4849999999996726,0.4950000000003456
2024-02-01 21:05:00,2024-02-01 21:45:00,Short,2054.76,2055.0,-0.23999999999978172,SL Hit,2055.0,1,960.9749999999885,40.0,0.2899999999999636,-1.2600000000002183
2024-02-02 01:50:00,2024-02-02 02:20:00,Long,2054.315,2052.8,-3.0299999999997453,SL Hit,2052.8,2,957.9449999999888,30.0,-2.1550000000002,0.9049999999997453
2024-02-02 04:00:00,2024-02-02 06:20:00,Long,2054.955,2054.6,-1.4200000000000728,SL Hit,2054.6,4,956.5249999999887,140.0,-1.1549999999997453,1.5349999999998545
2024-02-02 07:05:00,2024-02-02 07:10:00,Short,2055.36,2055.5249999999996,-0.16499999999950887,SL Hit,2055.5249999999996,1,956.3599999999892,5.0,1.099999999999909,-0.6300000000001091
2024-02-02 07:30:00,2024-02-02 07:50:00,Long,2055.16,2054.96,-0.3999999999996362,SL Hit,2054.96,2,955.9599999999896,20.0,-0.44000000000005457,1.0
2024-02-02 07:55:00,2024-02-02 08:05:00,Short,2055.13,2055.6549999999997,-0.5249999999996362,SL Hit,2055.6549999999997,1,955.4349999999899,10.0,1.2799999999997453,-0.20000000000027285
2024-02-02 10:05:00,2024-02-02 10:10:00,Short,2053.67,2053.7,-0.02999999999974534,SL Hit,2053.7,1,955.4049999999902,5.0,0.19000000000005457,-1.0700000000001637
2024-02-02 12:15:00,2024-02-02 12:25:00,Short,2056.08,2056.08,0.0,SL Hit,2056.08,1,955.4049999999902,10.0,0.01999999999998181,-0.6900000000000546
2024-02-02 14:40:00,2024-02-02 14:45:00,Short,2030.38,2030.38,0.0,SL Hit,2030.38,1,955.4049999999902,5.0,5.489999999999782,-2.3900000000001
2024-02-02 16:50:00,2024-02-02 16:55:00,Long,2036.93,2036.24,-0.6900000000000546,SL Hit,2036.24,1,954.7149999999901,5.0,-1.1400000000001,0.37999999999988177
2024-02-02 18:10:00,2024-02-02 18:15:00,Short,2035.41,2035.5149999999999,-0.10499999999979082,SL Hit,2035.5149999999999,1,954.6099999999904,5.0,0.5099999999999909,-0.9200000000000728
2024-02-02 18:30:00,2024-02-02 19:20:00,Long,2036.615,2036.4,-0.4299999999998363,SL Hit,2036.4,2,954.1799999999905,50.0,-1.0150000000001,2.025000000000091
2024-02-05 04:40:00,2024-02-05 06:50:00,Short,2030.1825,2030.58,-1.5900000000001455,SL Hit,2030.58,4,952.5899999999904,130.0,2.067500000000109,-2.182499999999891
2024-02-05 07:20:00,2024-02-05 07:35:00,Short,2029.43,2029.43,0.0,SL Hit,2029.43,1,952.5899999999904,15.0,0.03999999999996362,-2.230000000000018
2024-02-05 08:00:00,2024-02-05 10:20:00,Short,2024.6466666666668,2023.52,3.3800000000003365,SL Hit,2023.52,3,955.9699999999907,140.0,2.6133333333332303,-3.9266666666667334
2024-02-05 12:35:00,2024-02-05 14:20:00,Short,2020.95,2016.82,12.390000000000327,SL Hit,2016.82,3,968.359999999991,105.0,3.7000000000000455,-6.5499999999999545
2024-02-05 17:40:00,2024-02-05 18:40:00,Long,2025.25,2025.49,0.4800000000000182,SL Hit,2025.49,2,968.839999999991,60.0,-1.75,1.7000000000000455
2024-02-05 21:20:00,2024-02-05 23:00:00,Short,2024.5349999999999,2024.95,-0.830000000000382,SL Hit,2024.95,2,968.0099999999907,100.0,0.8650000000002365,-1.2349999999999
2024-02-05 23:20:00,2024-02-05 23:25:00,Long,2024.55,2024.2799999999997,-0.2700000000002092,SL Hit,2024.2799999999997,1,967.7399999999905,5.0,-0.849999999999909,0.5
2024-02-05 23:50:00,2024-02-05 23:55:00,Long,2024.95,2024.95,0.0,SL Hit,2024.95,1,967.7399999999905,5.0,-0.75,0.13999999999987267
2024-02-06 02:00:00,2024-02-06 04:15:00,Short,2025.86,2024.36,4.5,SL Hit,2024.36,3,972.2399999999905,135.0,1.3700000000001182,-2.759999999999991
2024-02-06 04:25:00,2024-02-06 06:25:00,Long,2026.5733333333335,2027.57,2.989999999999327,SL Hit,2027.57,3,975.2299999999898,120.0,-2.463333333333594,3.066666666666606
2024-02-06 06:40:00,2024-02-06 06:55:00,Long,2026.795,2026.36,-0.8700000000003456,SL Hit,2026.36,2,974.3599999999894,15.0,-1.3949999999999818,0.46499999999991815
2024-02-06 08:55:00,2024-02-06 09:10:00,Short,2024.5,2024.5749999999998,-0.0749999999998181,SL Hit,2024.5749999999998,1,974.2849999999896,15.0,0.4800000000000182,-1.6300000000001091
2024-02-06 11:20:00,2024-02-06 12:30:00,Long,2024.83,2024.8,-0.05999999999994543,SL Hit,2024.8,2,974.2249999999897,70.0,-0.5299999999999727,2.6100000000001273
2024-02-06 12:40:00,2024-02-06 12:45:00,Short,2026.37,2026.58,-0.21000000000003638,SL Hit,2026.58,1,974.0149999999896,5.0,0.8500000000001364,-1.0199999999999818
2024-02-06 12:55:00,2024-02-06 13:20:00,Long,2026.99,2026.8700000000001,-0.11999999999989086,SL Hit,2026.8700000000001,1,973.8949999999897,25.0,-0.599999999999909,3.3900000000001
2024-02-06 17:10:00,2024-02-06 17:40:00,Short,2036.2,2036.62,-0.4199999999998454,SL Hit,2036.62,1,973.4749999999899,30.0,0.4900000000000091,-3.3900000000001
2024-02-06 19:10:00,2024-02-06 19:20:00,Short,2035.54,2035.8400000000001,-0.3000000000001819,SL Hit,2035.8400000000001,1,973.1749999999897,10.0,0.6000000000001364,-0.4099999999998545
2024-02-06 20:55:00,2024-02-06 21:50:00,Short,2035.85,2035.85,0.0,SL Hit,2035.85,1,973.1749999999897,55.0,0.0500000000001819,-1.449999999999818
2024-02-07 00:45:00,2024-02-07 01:00:00,Short,2035.2,2035.275,-0.07500000000004547,SL Hit,2035.275,1,973.0999999999897,15.0,0.31999999999993634,-1.2999999999999545
2024-02-07 01:25:00,2024-02-07 02:35:00,Long,2035.1599999999999,2034.3,-2.5799999999997,SL Hit,2034.3,3,970.51999999999,70.0,-1.5599999999999454,0.2600000000002183
2024-02-07 02:40:00,2024-02-07 02:50:00,Short,2034.42,2034.4650000000001,-0.04500000000007276,SL Hit,2034.4650000000001,1,970.4749999999899,10.0,0.06999999999993634,-1.0199999999999818
2024-02-07 04:50:00,2024-02-07 05:10:00,Long,2034.7833333333335,2034.4,-1.1500000000003183,SL Hit,2034.4,3,969.3249999999896,20.0,-0.38333333333343944,0.5966666666665787
2024-02-07 07:25:00,2024-02-07 08:10:00,Long,2034.1,2034.1,0.0,SL Hit,2034.1,1,969.3249999999896,45.0,-0.16999999999984539,1.8300000000001546
2024-02-07 09:50:00,2024-02-07 09:55:00,Long,2034.36,2034.255,-0.10499999999979082,SL Hit,2034.255,1,969.2199999999898,5.0,-0.209999999999809,0.5099999999999909
2024-02-07 12:10:00,2024-02-07 12:45:00,Short,2033.56,2033.56,0.0,SL Hit,2033.56,1,969.2199999999898,35.0,0.21000000000003638,-2.990000000000009
2024-02-07 18:05:00,2024-02-07 18:40:00,Long,2035.85,2034.82,-2.0599999999999454,SL Hit,2034.82,2,967.1599999999899,35.0,-1.5399999999999636,0.5900000000001455
2024-02-07 18:50:00,2024-02-07 19:05:00,Short,2034.96,2035.065,-0.10500000000001819,SL Hit,2035.065,1,967.0549999999898,15.0,0.17000000000007276,-0.7200000000000273
2024-02-07 20:05:00,2024-02-07 20:15:00,Short,2035.21,2035.315,-0.10500000000001819,SL Hit,2035.315,1,966.9499999999898,10.0,0.4500000000000455,-1.1100000000001273
2024-02-07 23:55:00,2024-02-08 00:55:00,Long,2036.743333333333,2036.6,-0.4299999999996089,SL Hit,2036.6,3,966.5199999999902,60.0,-0.5833333333330302,0.8766666666667788
2024-02-08 02:55:00,2024-02-08 03:00:00,Short,2036.14,2036.275,-0.1349999999999909,SL Hit,2036.275,1,966.3849999999902,5.0,0.37999999999988177,-0.8400000000001455
2024-02-08 04:40:00,2024-02-08 05:40:00,Short,2032.93,2032.93,0.0,SL Hit,2032.93,1,966.3849999999902,60.0,0.2999999999999545,-1.8300000000001546
2024-02-08 08:15:00,2024-02-08 09:35:00,Short,2031.845,2031.49,0.7100000000000364,SL Hit,2031.49,2,967.0949999999903,80.0,0.7850000000000819,-2.755000000000109
2024-02-08 09:40:00,2024-02-08 11:00:00,Long,2034.7375,2035.2,1.8500000000003638,SL Hit,2035.2,4,968.9449999999906,80.0,-3.3975000000000364,3.5025000000000546
2024-02-08 11:05:00,2024-02-08 13:15:00,Short,2029.595,2025.17,8.849999999999909,SL Hit,2025.17,2,977.7949999999905,130.0,6.224999999999909,-6.144999999999982
2024-02-08 13:20:00,2024-02-08 13:30:00,Long,2025.7,2024.02,-1.6800000000000637,SL Hit,2024.02,1,976.1149999999905,10.0,-2.990000000000009,0.5899999999999181
2024-02-08 13:40:00,2024-02-08 14:25:00,Short,2024.36,2024.7800000000002,-0.42000000000030013,SL Hit,2024.7800000000002,1,975.6949999999902,45.0,3.8600000000001273,-4.019999999999982
2024-02-08 15:55:00,2024-02-08 16:00:00,Long,2031.55,2031.55,0.0,SL Hit,2031.55,1,975.6949999999902,5.0,-1.0499999999999545,1.4700000000000273
2024-02-08 17:25:00,2024-02-08 18:00:00,Long,2031.29,2031.29,0.0,SL Hit,2031.29,1,975.6949999999902,35.0,-0.21000000000003638,3.490000000000009
2024-02-09 00:45:00,2024-02-09 01:00:00,Short,2033.11,2033.335,-0.22500000000013642,SL Hit,2033.335,1,975.46999999999,15.0,1.0,-1.1899999999998272
2024-02-09 02:00:00,2024-02-09 02:10:00,Long,2034.0,2033.8500000000001,-0.14999999999986358,SL Hit,2033.8500000000001,1,975.3199999999902,10.0,-0.7999999999999545,0.9500000000000455
2024-02-09 04:55:00,2024-02-09 05:05:00,Short,2032.87,2033.02,-0.15000000000009095,SL Hit,2033.02,1,975.1699999999901,10.0,0.15000000000009095,-0.8699999999998909
2024-02-09 05:10:00,2024-02-09 05:30:00,Short,2032.79,2033.02,-0.4600000000000364,SL Hit,2033.02,2,974.70999999999,20.0,1.0799999999999272,-1.2899999999999636
2024-02-09 08:10:00,2024-02-09 08:30:00,Short,2032.79,2033.0300000000002,-0.24000000000023647,SL Hit,2033.0300000000002,1,974.4699999999898,20.0,0.2799999999999727,-2.1900000000000546
2024-02-09 11:30:00,2024-02-09 11:35:00,Long,2032.78,2032.78,0.0,SL Hit,2032.78,1,974.4699999999898,5.0,-1.2799999999999727,0.5699999999999363
2024-02-09 11:40:00,2024-02-09 13:30:00,Short,2031.58,2032.08,-1.0,SL Hit,2032.08,2,973.4699999999898,110.0,5.170000000000073,-5.889999999999873
2024-02-09 16:20:00,2024-02-09 17:05:00,Short,2022.22,2021.96,0.7799999999999727,SL Hit,2021.96,3,974.2499999999898,45.0,1.5499999999999545,-1.759999999999991
2024-02-12 00:50:00,2024-02-12 00:55:00,Short,2025.13,2025.13,0.0,SL Hit,2025.13,1,974.2499999999898,5.0,0.029999999999972715,-1.0300000000002
2024-02-12 01:20:00,2024-02-12 01:30:00,Short,2024.46,2024.46,0.0,SL Hit,2024.46,1,974.2499999999898,10.0,0.33999999999991815,-0.8600000000001273
2024-02-12 02:40:00,2024-02-12 03:45:00,Short,2022.5500000000002,2022.55,6.821210263296962e-13,SL Hit,2022.55,3,974.2499999999905,65.0,0.4699999999997999,-1.550000000000182
2024-02-12 05:55:00,2024-02-12 06:00:00,Long,2023.61,2023.61,0.0,SL Hit,2023.61,1,974.2499999999905,5.0,-0.9099999999998545,0.3500000000001364
2024-02-12 06:15:00,2024-02-12 07:15:00,Long,2023.865,2023.1,-1.5300000000002,SL Hit,2023.1,2,972.7199999999903,60.0,-0.9649999999999181,0.6649999999999636
2024-02-12 07:25:00,2024-02-12 09:00:00,Long,2024.5133333333333,2023.3,-3.6400000000001,SL Hit,2023.3,3,969.0799999999902,95.0,-1.9133333333334122,2.466666666666697
2024-02-12 09:05:00,2024-02-12 11:20:00,Short,2022.1750000000002,2021.17,2.0100000000002183,SL Hit,2021.17,2,971.0899999999904,135.0,1.5249999999998636,-2.8750000000002274
2024-02-12 14:15:00,2024-02-12 17:00:00,Short,2016.2775,2016.14,0.5499999999992724,SL Hit,2016.14,4,971.6399999999896,165.0,2.6725000000001273,-4.977499999999964
2024-02-12 17:05:00,2024-02-12 17:10:00,Long,2016.14,2016.0649999999998,-0.07500000000027285,SL Hit,2016.0649999999998,1,971.5649999999894,5.0,-0.3300000000001546,0.38999999999987267
2024-02-12 17:20:00,2024-02-12 19:15:00,Long,2018.8419999999999,2020.4,7.7900000000011005,SL Hit,2020.4,5,979.3549999999905,115.0,-3.44199999999978,2.66800000000012
2024-02-12 19:20:00,2024-02-12 20:45:00,Short,2019.965,2020.12,-0.30999999999994543,SL Hit,2020.12,2,979.0449999999905,85.0,0.665000000000191,-1.9649999999999181
2024-02-12 21:00:00,2024-02-12 21:10:00,Long,2020.09,2020.0,-0.08999999999991815,SL Hit,2020.0,1,978.9549999999906,10.0,-0.08999999999991815,0.3500000000001364
2024-02-12 23:10:00,2024-02-12 23:20:00,Short,2018.98,2019.025,-0.04500000000007276,SL Hit,2019.025,1,978.9099999999905,10.0,0.06999999999993634,-0.8800000000001091
2024-02-13 00:50:00,2024-02-13 02:05:00,Long,2019.9666666666665,2018.9,-3.199999999999136,SL Hit,2018.9,3,975.7099999999914,75.0,-1.5666666666663787,1.063333333333503
2024-02-13 02:15:00,2024-02-13 02:25:00,Short,2019.46,2019.46,0.0,SL Hit,2019.46,1,975.7099999999914,10.0,0.01999999999998181,-0.38000000000010914
2024-02-13 02:55:00,2024-02-13 04:10:00,Short,2019.09,2019.27,-0.18000000000006366,SL Hit,2019.27,1,975.5299999999913,75.0,0.3300000000001546,-2.8899999999998727
2024-02-13 07:25:00,2024-02-13 07:30:00,Long,2024.16,2023.92,-0.2400000000000091,SL Hit,2023.92,1,975.2899999999913,5.0,-0.290000000000191,0.5599999999999454
2024-02-13 07:45:00,2024-02-13 08:40:00,Long,2025.3466666666666,2024.55,-2.3899999999998727,SL Hit,2024.55,3,972.8999999999915,55.0,-0.8466666666665787,0.5533333333335122
2024-02-13 12:40:00,2024-02-13 13:30:00,Long,2028.155,2026.8,-2.7100000000000364,SL Hit,2026.8,2,970.1899999999914,50.0,-13.105000000000018,1.5550000000000637
2024-02-13 17:25:00,2024-02-13 17:35:00,Short,1993.56,1993.77,-0.21000000000003638,SL Hit,1993.77,1,969.9799999999914,10.0,0.3300000000001546,-1.1599999999998545
2024-02-13 18:00:00,2024-02-13 18:50:00,Long,1994.573333333333,1993.39,-3.5499999999988177,SL Hit,1993.39,3,966.4299999999926,50.0,-1.9733333333331302,1.1066666666670244
2024-02-13 19:00:00,2024-02-13 20:10:00,Short,1992.36,1992.39,-0.09000000000060027,SL Hit,1992.39,3,966.339999999992,70.0,1.3700000000001182,-1.459999999999809
2024-02-13 20:15:00,2024-02-13 20:25:00,Long,1992.47,1992.44,-0.029999999999972715,SL Hit,1992.44,1,966.309999999992,10.0,-0.05999999999994543,0.37999999999988177
2024-02-13 23:00:00,2024-02-14 00:20:00,Short,1991.9650000000001,1991.96,0.010000000000218279,SL Hit,1991.96,2,966.3199999999922,80.0,0.834999999999809,-1.2650000000001
2024-02-14 01:10:00,2024-02-14 01:40:00,Short,1992.17,1992.17,0.0,SL Hit,1992.17,1,966.3199999999922,30.0,0.11999999999989086,-3.769999999999982
2024-02-14 03:35:00,2024-02-14 04:00:00,Long,1992.01,1992.01,0.0,SL Hit,1992.01,1,966.3199999999922,25.0,-0.30999999999994543,0.9400000000000546
2024-02-14 05:55:00,2024-02-14 06:10:00,Long,1992.88,1992.1,-1.5600000000004002,SL Hit,1992.1,2,964.7599999999918,15.0,-1.1400000000001,0.2599999999999909
2024-02-14 07:55:00,2024-02-14 08:00:00,Short,1989.75,1990.38,-0.6300000000001091,SL Hit,1990.38,1,964.1299999999917,5.0,0.650000000000091,-0.43000000000006366
2024-02-14 09:00:00,2024-02-14 11:25:00,Long,1990.7257142857143,1991.7,6.820000000000391,SL Hit,1991.7,7,970.9499999999921,145.0,-2.345714285714166,2.4242857142858156
2024-02-14 13:25:00,2024-02-14 13:30:00,Short,1991.85,1991.85,0.0,SL Hit,1991.85,1,970.9499999999921,5.0,1.0,-1.509999999999991
2024-02-14 13:35:00,2024-02-14 13:40:00,Long,1991.63,1991.5849999999998,-0.04500000000030013,SL Hit,1991.5849999999998,1,970.9049999999918,5.0,-0.9600000000000364,1.1599999999998545
2024-02-14 14:55:00,2024-02-14 15:55:00,Short,1988.09,1988.11,-0.03999999999996362,SL Hit,1988.11,2,970.8649999999918,60.0,1.009999999999991,-2.8199999999999363
2024-02-14 18:20:00,2024-02-14 21:35:00,Short,1991.4924999999998,1991.22,1.089999999999236,SL Hit,1991.22,4,971.9549999999911,195.0,2.1075000000000728,-1.8924999999999272
2024-02-14 22:00:00,2024-02-14 23:00:00,Short,1991.97,1991.97,0.0,SL Hit,1991.97,1,971.9549999999911,60.0,1.4700000000000273,-5.620000000000118
2024-02-14 23:40:00,2024-02-15 00:25:00,Long,1993.44,1993.45,0.03999999999996362,SL Hit,1993.45,4,971.994999999991,45.0,-0.6400000000001,0.4900000000000091
2024-02-15 03:30:00,2024-02-15 05:00:00,Short,1992.07,1992.31,-0.2400000000000091,SL Hit,1992.31,1,971.754999999991,90.0,0.42000000000007276,-1.8899999999998727
2024-02-15 06:40:00,2024-02-15 09:10:00,Long,1993.4857142857143,1994.37,6.1899999999993724,SL Hit,1994.37,7,977.9449999999904,150.0,-1.4857142857142662,2.22428571428577
2024-02-15 10:40:00,2024-02-15 11:25:00,Long,1996.7233333333334,1995.73,-2.980000000000018,SL Hit,1995.73,3,974.9649999999904,45.0,-1.1233333333334485,1.0866666666665878
2024-02-15 12:40:00,2024-02-15 12:50:00,Long,1997.89,1997.89,0.0,SL Hit,1997.89,1,974.9649999999904,10.0,-0.3100000000001728,1.1299999999998818
2024-02-15 13:40:00,2024-02-15 14:15:00,Short,2002.185,2003.59,-2.8099999999999454,SL Hit,2003.59,2,972.1549999999904,35.0,2.394999999999982,-1.1649999999999636
2024-02-15 17:30:00,2024-02-15 17:40:00,Long,2001.86,2001.755,-0.10499999999979082,SL Hit,2001.755,1,972.0499999999906,10.0,-0.15999999999985448,1.150000000000091
2024-02-15 21:00:00,2024-02-15 21:05:00,Short,2004.22,2004.25,-0.029999999999972715,SL Hit,2004.25,1,972.0199999999907,5.0,0.05999999999994543,-0.32999999999992724
2024-02-15 21:30:00,2024-02-15 21:35:00,Short,2004.04,2004.085,-0.04500000000007276,SL Hit,2004.085,1,971.9749999999906,5.0,0.14000000000010004,-0.7400000000000091
2024-02-16 00:05:00,2024-02-16 01:15:00,Short,2002.97,2003.18,-0.42000000000007276,SL Hit,2003.18,2,971.5549999999905,70.0,0.4600000000000364,-1.2699999999999818
2024-02-16 01:20:00,2024-02-16 03:15:00,Long,2004.04,2003.2,-3.3599999999996726,SL Hit,2003.2,4,968.1949999999908,115.0,-1.9400000000000546,1.5599999999999454
2024-02-16 04:10:00,2024-02-16 04:30:00,Short,2003.69,2003.8849999999998,-0.19499999999970896,SL Hit,2003.8849999999998,1,967.9999999999911,20.0,0.2400000000000091,-1.3900000000001
2024-02-16 07:05:00,2024-02-16 08:50:00,Long,2004.1933333333334,2004.3,0.31999999999970896,SL Hit,2004.3,3,968.3199999999908,105.0,-0.8633333333334576,1.9766666666666879
2024-02-16 11:45:00,2024-02-16 12:45:00,Long,2007.5066666666664,2006.91,-1.7899999999990541,SL Hit,2006.91,3,966.5299999999918,60.0,-1.3066666666663878,0.44333333333361225
2024-02-16 15:00:00,2024-02-16 15:05:00,Short,1998.09,1999.5749999999998,-1.4849999999999,SL Hit,1999.5749999999998,1,965.0449999999919,5.0,4.190000000000055,-0.31999999999993634
2024-02-16 16:35:00,2024-02-16 16:40:00,Short,2009.22,2009.4299999999998,-0.209999999999809,SL Hit,2009.4299999999998,1,964.8349999999921,5.0,0.5099999999999909,-1.4100000000000819
2024-02-16 21:50:00,2024-02-16 21:55:00,Short,2013.33,2013.855,-0.525000000000091,Bullish Trade Reversal,2013.855,1,964.309999999992,5.0,0.3500000000001364,-0.8899999999998727
2024-02-16 21:55:00,2024-02-18 23:00:00,Long,2012.57,2012.1,-0.9400000000000546,SL Hit,2012.1,2,963.3699999999919,2945.0,-0.8399999999999181,1.0399999999999636
2024-02-19 00:55:00,2024-02-19 01:00:00,Long,2018.2,2017.57,-0.6300000000001091,SL Hit,2017.57,1,962.7399999999918,5.0,-1.7000000000000455,1.5
2024-02-19 01:20:00,2024-02-19 01:25:00,Long,2018.78,2018.48,-0.2999999999999545,SL Hit,2018.48,1,962.4399999999919,5.0,-1.1399999999998727,0.7400000000000091
2024-02-19 03:50:00,2024-02-19 05:15:00,Short,2018.926666666667,2019.04,-0.33999999999900865,SL Hit,2019.04,3,962.0999999999929,85.0,1.5533333333330575,-1.0266666666668698
2024-02-19 06:25:00,2024-02-19 06:30:00,Long,2021.14,2021.1099999999997,-0.030000000000427463,SL Hit,2021.1099999999997,1,962.0699999999924,5.0,-0.7400000000000091,0.4799999999997908
2024-02-19 08:20:00,2024-02-19 09:15:00,Short,2020.53,2020.2,0.9899999999997817,SL Hit,2020.2,3,963.0599999999922,55.0,0.5599999999999454,-2.1299999999998818
2024-02-19 09:50:00,2024-02-19 09:55:00,Short,2019.99,2020.275,-0.28500000000008185,Bullish Trade Reversal,2020.275,1,962.7749999999921,5.0,0.19000000000005457,-0.31999999999993634
2024-02-19 09:55:00,2024-02-19 10:35:00,Long,2019.8866666666665,2019.36,-1.5799999999999272,SL Hit,2019.36,3,961.1949999999922,40.0,-1.2166666666664696,0.2333333333333485
2024-02-19 11:20:00,2024-02-19 12:00:00,Long,2018.9666666666665,2018.27,-2.0899999999994634,SL Hit,2018.27,3,959.1049999999927,40.0,-0.9666666666664696,0.5533333333335122
2024-02-19 19:05:00,2024-02-19 19:10:00,Short,2017.84,2017.84,0.0,SL Hit,2017.84,1,959.1049999999927,5.0,0.09000000000014552,-0.16999999999984539
2024-02-20 00:10:00,2024-02-20 00:30:00,Short,2015.5,2015.8899999999999,-0.38999999999987267,SL Hit,2015.8899999999999,1,958.7149999999929,20.0,0.6900000000000546,-0.900000000000091
2024-02-20 03:25:00,2024-02-20 04:00:00,Long,2018.1999999999998,2018.03,-0.33999999999969077,SL Hit,2018.03,2,958.3749999999932,35.0,-0.599999999999909,0.48000000000024556
2024-02-20 06:05:00,2024-02-20 06:10:00,Short,2017.98,2018.025,-0.04500000000007276,SL Hit,2018.025,1,958.3299999999931,5.0,0.8099999999999454,-0.15000000000009095
2024-02-20 07:10:00,2024-02-20 08:05:00,Long,2020.2,2020.5,0.599999999999909,SL Hit,2020.5,2,958.929999999993,55.0,-1.6000000000001364,2.5599999999999454
2024-02-20 10:25:00,2024-02-20 13:00:00,Long,2026.095,2026.1,0.009999999999763531,SL Hit,2026.1,2,958.9399999999928,155.0,-0.8949999999999818,1.8550000000000182
2024-02-20 14:40:00,2024-02-20 14:55:00,Short,2027.87,2027.9150000000002,-0.04500000000030013,SL Hit,2027.9150000000002,1,958.8949999999925,15.0,0.3000000000001819,-2.199999999999818
2024-02-20 15:40:00,2024-02-20 15:50:00,Short,2027.44,2027.6949999999997,-0.2549999999996544,SL Hit,2027.6949999999997,1,958.6399999999928,10.0,0.30999999999994543,-1.0299999999999727
2024-02-20 16:05:00,2024-02-20 16:20:00,Short,2026.77,2026.86,-0.08999999999991815,SL Hit,2026.86,1,958.5499999999929,15.0,0.8700000000001182,-0.8099999999999454
2024-02-20 16:35:00,2024-02-20 16:40:00,Long,2027.9,2027.1049999999998,-0.7950000000003001,SL Hit,2027.1049999999998,1,957.7549999999926,5.0,-1.400000000000091,0.14999999999986358
2024-02-20 17:55:00,2024-02-20 18:15:00,Long,2028.02,2028.02,0.0,SL Hit,2028.02,1,957.7549999999926,20.0,-0.10999999999989996,0.7899999999999636
2024-02-20 20:35:00,2024-02-20 21:20:00,Short,2024.0966666666666,2024.52,-1.2700000000002092,SL Hit,2024.52,3,956.4849999999924,45.0,0.44333333333338487,-1.2966666666666242
2024-02-20 21:45:00,2024-02-20 21:55:00,Short,2023.95,2023.995,-0.044999999999845386,SL Hit,2023.995,1,956.4399999999926,10.0,0.20000000000004547,-1.0499999999999545
2024-02-20 23:20:00,2024-02-20 23:25:00,Long,2023.97,2023.97,0.0,SL Hit,2023.97,1,956.4399999999926,5.0,-0.049999999999954525,0.17000000000007276
2024-02-21 01:05:00,2024-02-21 04:40:00,Long,2028.04125,2029.9,14.8700000000008,SL Hit,2029.9,8,971.3099999999934,215.0,-5.341249999999945,3.058749999999918
2024-02-21 06:20:00,2024-02-21 09:20:00,Short,2028.6016666666667,2027.08,9.130000000000564,SL Hit,2027.08,6,980.4399999999939,180.0,1.9383333333332757,-2.8016666666667334
2024-02-21 11:40:00,2024-02-21 11:45:00,Short,2027.85,2027.85,0.0,SL Hit,2027.85,1,980.4399999999939,5.0,0.21000000000003638,-0.4399999999998272
2024-02-21 12:05:00,2024-02-21 12:40:00,Long,2028.925,2027.7,-2.449999999999818,SL Hit,2027.7,2,977.9899999999941,35.0,-1.4249999999999545,0.9950000000001182
2024-02-21 13:05:00,2024-02-21 13:20:00,Long,2030.21,2030.21,0.0,SL Hit,2030.21,1,977.9899999999941,15.0,-1.509999999999991,1.0899999999999181
2024-02-21 14:55:00,2024-02-21 15:05:00,Short,2028.26,2028.26,0.0,SL Hit,2028.26,1,977.9899999999941,10.0,0.4700000000000273,-1.25
2024-02-21 17:05:00,2024-02-21 17:50:00,Short,2023.69,2024.08,-0.38999999999987267,SL Hit,2024.08,1,977.5999999999942,45.0,0.6900000000000546,-2.259999999999991
2024-02-21 18:45:00,2024-02-21 19:00:00,Short,2022.58,2023.1350000000002,-0.555000000000291,SL Hit,2023.1350000000002,1,977.0449999999939,15.0,2.900000000000091,-2.1099999999999
2024-02-21 19:05:00,2024-02-21 19:10:00,Short,2024.35,2024.35,0.0,SL Hit,2024.35,1,977.0449999999939,5.0,1.6400000000001,-1.5899999999999181
2024-02-21 20:00:00,2024-02-21 20:10:00,Long,2026.22,2025.6349999999998,-0.5850000000002638,SL Hit,2025.6349999999998,1,976.4599999999937,10.0,-0.75,0.5099999999999909
2024-02-21 21:25:00,2024-02-21 21:35:00,Short,2024.16,2024.3249999999998,-0.16499999999973625,SL Hit,2024.3249999999998,1,976.2949999999939,10.0,0.709999999999809,-0.2599999999999909
2024-02-22 00:50:00,2024-02-22 01:55:00,Long,2026.8224999999998,2026.7,-0.4899999999988722,SL Hit,2026.7,4,975.8049999999951,65.0,-1.012499999999818,1.5775000000003274
2024-02-22 02:35:00,2024-02-22 02:45:00,Short,2027.05,2027.0949999999998,-0.044999999999845386,SL Hit,2027.0949999999998,1,975.7599999999952,10.0,0.75,-0.3999999999998636
2024-02-22 03:00:00,2024-02-22 03:10:00,Long,2027.75,2027.5099999999998,-0.24000000000023647,SL Hit,2027.5099999999998,1,975.519999999995,10.0,-0.599999999999909,0.43000000000006366
2024-02-22 03:55:00,2024-02-22 04:15:00,Short,2026.3249999999998,2026.65,-0.6500000000005457,SL Hit,2026.65,2,974.8699999999944,20.0,0.3950000000002092,-0.7449999999998909
2024-02-22 04:25:00,2024-02-22 05:40:00,Long,2027.8966666666665,2028.4,1.510000000000673,SL Hit,2028.4,3,976.3799999999951,75.0,-1.3966666666665333,2.0033333333335577
2024-02-22 11:00:00,2024-02-22 11:45:00,Short,2028.69,2028.83,-0.27999999999974534,SL Hit,2028.83,2,976.0999999999954,45.0,0.9299999999998363,-1.490000000000009
2024-02-22 12:25:00,2024-02-22 12:45:00,Long,2028.495,2028.12,-0.75,SL Hit,2028.12,2,975.3499999999954,20.0,-0.7349999999999,1.175000000000182
2024-02-22 12:50:00,2024-02-22 15:55:00,Short,2025.6000000000001,2024.09,10.570000000001528,SL Hit,2024.09,7,985.9199999999969,185.0,2.8999999999998636,-5.040000000000191
2024-02-22 19:20:00,2024-02-22 19:40:00,Long,2022.72,2022.705,-0.015000000000100044,SL Hit,2022.705,1,985.9049999999968,20.0,-0.14000000000010004,0.7899999999999636
2024-02-22 20:35:00,2024-02-22 21:35:00,Long,2023.78,2023.5,-1.1199999999998909,SL Hit,2023.5,4,984.7849999999969,60.0,-1.0799999999999272,1.1800000000000637
2024-02-23 00:45:00,2024-02-23 00:55:00,Short,2024.51,2024.51,0.0,SL Hit,2024.51,1,984.7849999999969,10.0,0.22000000000002728,-1.4100000000000819
2024-02-23 02:30:00,2024-02-23 03:40:00,Short,2025.74,2025.83,-0.08999999999991815,SL Hit,2025.83,1,984.694999999997,70.0,0.37999999999988177,-2.240000000000009
2024-02-23 04:05:00,2024-02-23 04:10:00,Short,2025.85,2025.94,-0.09000000000014552,SL Hit,2025.94,1,984.6049999999968,5.0,0.5800000000001546,-0.9499999999998181
2024-02-23 05:15:00,2024-02-23 07:50:00,Short,2022.755,2021.92,1.6700000000000728,SL Hit,2021.92,2,986.2749999999969,155.0,2.9249999999999545,-4.625
2024-02-23 08:00:00,2024-02-23 08:05:00,Long,2022.13,2021.59,-0.540000000000191,SL Hit,2021.59,1,985.7349999999967,5.0,-1.4800000000000182,0.31999999999993634
2024-02-23 08:35:00,2024-02-23 10:25:00,Short,2019.945,2019.61,0.6700000000000728,SL Hit,2019.61,2,986.4049999999968,110.0,1.2850000000000819,-3.9549999999999272
2024-02-23 10:30:00,2024-02-23 11:30:00,Long,2021.1599999999999,2021.6,0.8800000000001091,SL Hit,2021.6,2,987.2849999999969,60.0,-1.7799999999997453,2.4700000000002547
2024-02-23 14:40:00,2024-02-23 14:50:00,Short,2024.64,2025.4650000000001,-0.8250000000000455,SL Hit,2025.4650000000001,1,986.4599999999969,10.0,1.2799999999999727,-0.2300000000000182
2024-02-23 17:10:00,2024-02-23 17:15:00,Long,2037.44,2037.44,0.0,SL Hit,2037.44,1,986.4599999999969,5.0,-0.21000000000003638,1.009999999999991
2024-02-23 20:05:00,2024-02-26 01:40:00,Short,2034.4260000000002,2033.54,4.430000000000973,SL Hit,2033.54,5,990.8899999999978,3215.0,2.713999999999942,-4.626000000000204
2024-02-26 03:10:00,2024-02-26 03:15:00,Short,2030.93,2030.99,-0.05999999999994543,SL Hit,2030.99,1,990.8299999999979,5.0,0.4800000000000182,-0.2300000000000182
2024-02-26 05:25:00,2024-02-26 05:30:00,Long,2032.59,2030.955,-1.634999999999991,Bearish Trade Reversal,2030.955,1,989.1949999999979,5.0,-1.0899999999999181,0.6000000000001364
2024-02-26 05:30:00,2024-02-26 05:45:00,Short,2032.865,2033.19,-0.650000000000091,SL Hit,2033.19,2,988.5449999999978,15.0,0.974999999999909,-0.5650000000000546
2024-02-26 07:30:00,2024-02-26 07:35:00,Long,2034.51,2034.48,-0.029999999999972715,SL Hit,2034.48,1,988.5149999999978,5.0,-0.30999999999994543,0.5899999999999181
2024-02-26 08:45:00,2024-02-26 08:55:00,Long,2034.87,2034.4,-0.9399999999995998,SL Hit,2034.4,2,987.5749999999982,10.0,-1.1599999999998545,0.6900000000000546
2024-02-26 11:55:00,2024-02-26 12:00:00,Short,2031.38,2031.4250000000002,-0.04500000000007276,SL Hit,2031.4250000000002,1,987.5299999999982,5.0,0.2599999999999909,-0.6800000000000637
2024-02-26 12:25:00,2024-02-26 13:00:00,Long,2032.2,2032.2,0.0,SL Hit,2032.2,1,987.5299999999982,35.0,-0.10000000000013642,1.7300000000000182
2024-02-26 15:25:00,2024-02-26 15:35:00,Short,2026.51,2026.6599999999999,-0.14999999999986358,SL Hit,2026.6599999999999,1,987.3799999999983,10.0,0.7200000000000273,-1.3099999999999454
2024-02-26 23:10:00,2024-02-26 23:15:00,Short,2030.87,2030.87,0.0,SL Hit,2030.87,1,987.3799999999983,5.0,0.0500000000001819,-0.8699999999998909
2024-02-26 23:50:00,2024-02-27 00:40:00,Long,2031.2033333333336,2031.33,0.37999999999897227,SL Hit,2031.33,3,987.7599999999973,50.0,-1.103333333333694,1.0966666666663514
2024-02-27 05:15:00,2024-02-27 05:20:00,Short,2033.29,2033.29,0.0,SL Hit,2033.29,1,987.7599999999973,5.0,-0.0,-0.33999999999991815
2024-02-27 07:20:00,2024-02-27 09:20:00,Long,2035.415,2036.5,4.3400000000001455,SL Hit,2036.5,4,992.0999999999974,120.0,-1.1050000000000182,3.875
2024-02-27 09:25:00,2024-02-27 09:45:00,Short,2036.66,2036.7649999999999,-0.10499999999979082,SL Hit,2036.7649999999999,1,991.9949999999976,20.0,0.10999999999989996,-2.060000000000173
2024-02-27 13:25:00,2024-02-27 13:30:00,Short,2036.58,2036.835,-0.25500000000010914,SL Hit,2036.835,1,991.7399999999975,5.0,1.7300000000000182,-0.6799999999998363
2024-02-27 13:50:00,2024-02-27 15:45:00,Short,2035.1950000000002,2035.09,0.42000000000098225,SL Hit,2035.09,4,992.1599999999985,115.0,1.3449999999998,-1.9650000000001455
2024-02-27 18:15:00,2024-02-27 18:25:00,Long,2035.02,2034.375,-0.6449999999999818,SL Hit,2034.375,1,991.5149999999985,10.0,-0.8099999999999454,0.9800000000000182
2024-02-27 18:50:00,2024-02-27 20:40:00,Short,2030.6366666666665,2029.78,2.569999999999709,SL Hit,2029.78,3,994.0849999999982,110.0,2.4033333333334213,-1.8566666666665697
2024-02-27 21:50:00,2024-02-27 23:00:00,Long,2029.965,2029.5,-0.9299999999998363,SL Hit,2029.5,2,993.1549999999984,70.0,-0.5649999999998272,0.3949999999999818
2024-02-28 00:00:00,2024-02-28 00:20:00,Short,2030.0,2030.12,-0.11999999999989086,SL Hit,2030.12,1,993.0349999999985,20.0,0.6700000000000728,-1.0
2024-02-28 04:20:00,2024-02-28 04:25:00,Short,2030.37,2030.3850000000002,-0.015000000000327418,SL Hit,2030.3850000000002,1,993.0199999999982,5.0,0.5200000000002092,-0.5599999999999454
2024-02-28 08:35:00,2024-02-28 10:35:00,Short,2026.5200000000002,2026.04,1.4400000000007367,SL Hit,2026.04,3,994.4599999999989,120.0,2.1299999999998818,-2.020000000000209
2024-02-28 11:30:00,2024-02-28 11:50:00,Long,2027.275,2026.75,-1.050000000000182,SL Hit,2026.75,2,993.4099999999987,20.0,-1.0750000000000455,0.47499999999990905
2024-02-28 12:05:00,2024-02-28 14:15:00,Long,2032.505,2034.61,8.419999999999163,SL Hit,2034.61,4,1001.8299999999979,130.0,-4.535000000000082,5.014999999999873
2024-02-28 16:25:00,2024-02-28 16:30:00,Long,2033.44,2033.1999999999998,-0.24000000000023647,SL Hit,2033.1999999999998,1,1001.5899999999976,5.0,-0.7999999999999545,0.21000000000003638
2024-02-28 19:10:00,2024-02-28 19:20:00,Short,2031.41,2031.6949999999997,-0.2849999999996271,SL Hit,2031.6949999999997,1,1001.304999999998,10.0,0.4900000000000091,-0.40000000000009095
2024-02-28 20:45:00,2024-02-28 20:50:00,Short,2033.69,2033.705,-0.01499999999987267,SL Hit,2033.705,1,1001.2899999999981,5.0,0.31999999999993634,-1.0900000000001455
2024-02-28 20:55:00,2024-02-28 21:35:00,Short,2033.825,2034.01,-0.36999999999989086,SL Hit,2034.01,2,1000.9199999999983,40.0,0.3450000000000273,-0.9249999999999545
2024-02-29 00:10:00,2024-02-29 00:25:00,Long,2034.97,2034.88,-0.08999999999991815,SL Hit,2034.88,1,1000.8299999999983,15.0,-0.2699999999999818,0.2400000000000091
2024-02-29 00:50:00,2024-02-29 01:05:00,Short,2034.505,2035.19,-1.3699999999998909,SL Hit,2035.19,2,999.4599999999984,15.0,0.7349999999999,-0.6550000000002001
2024-02-29 04:35:00,2024-02-29 05:50:00,Short,2035.635,2035.73,-0.19000000000005457,SL Hit,2035.73,2,999.2699999999984,75.0,0.24500000000011823,-1.8350000000000364
2024-02-29 07:00:00,2024-02-29 07:25:00,Long,2036.6950000000002,2036.44,-0.5100000000002183,SL Hit,2036.44,2,998.7599999999982,25.0,-0.6950000000001637,0.5549999999998363
2024-02-29 09:10:00,2024-02-29 11:25:00,Short,2033.705,2031.36,4.690000000000055,SL Hit,2031.36,2,1003.4499999999982,135.0,3.025000000000091,-4.204999999999927
2024-02-29 13:00:00,2024-02-29 15:25:00,Long,2044.1100000000001,2047.26,12.599999999999454,SL Hit,2047.26,4,1016.0499999999977,145.0,-13.730000000000018,6.309999999999945
2024-02-29 18:20:00,2024-02-29 18:30:00,Long,2045.3899999999999,2045.4,0.020000000000436557,SL Hit,2045.4,2,1016.0699999999981,10.0,-0.30999999999994543,0.8800000000001091
2024-02-29 18:35:00,2024-02-29 18:55:00,Short,2046.08,2046.08,0.0,SL Hit,2046.08,1,1016.0699999999981,20.0,0.42000000000007276,-1.4800000000000182
2024-02-29 20:40:00,2024-03-01 00:55:00,Short,2043.61,2043.91,-0.9000000000005457,SL Hit,2043.91,3,1015.1699999999976,255.0,0.7000000000000455,-1.3099999999999454
2024-03-01 01:05:00,2024-03-01 04:55:00,Long,2044.735,2044.8,0.2600000000002183,SL Hit,2044.8,4,1015.4299999999978,230.0,-2.2349999999999,1.9950000000001182
2024-03-01 05:00:00,2024-03-01 05:55:00,Short,2045.095,2045.16,-0.13000000000010914,SL Hit,2045.16,2,1015.2999999999977,55.0,0.4149999999999636,-1.7049999999999272
2024-03-01 06:00:00,2024-03-01 07:25:00,Long,2046.2133333333334,2046.4,0.5600000000001728,SL Hit,2046.4,3,1015.8599999999979,85.0,-1.2033333333333758,2.4666666666664696
2024-03-01 12:40:00,2024-03-01 14:10:00,Short,2053.266666666667,2054.01,-2.230000000000018,SL Hit,2054.01,3,1013.6299999999978,90.0,1.2333333333331211,-3.1366666666667697
2024-03-01 19:25:00,2024-03-01 19:30:00,Short,2085.4,2085.8799999999997,-0.47999999999956344,SL Hit,2085.8799999999997,1,1013.1499999999983,5.0,0.9400000000000546,-0.17000000000007276
2024-03-04 01:00:00,2024-03-04 02:10:00,Short,2081.4449999999997,2081.27,0.3499999999994543,SL Hit,2081.27,2,1013.4999999999977,70.0,1.2550000000001091,-2.044999999999618
2024-03-04 02:25:00,2024-03-04 02:55:00,Long,2081.785,2080.99,-1.5900000000001455,SL Hit,2080.99,2,1011.9099999999976,30.0,-1.3849999999997635,1.5650000000000546
2024-03-04 03:00:00,2024-03-04 03:35:00,Short,2081.19,2081.6399999999994,-0.44999999999936335,SL Hit,2081.6399999999994,1,1011.4599999999982,35.0,0.6900000000000546,-1.7899999999999636
2024-03-04 05:30:00,2024-03-04 05:45:00,Long,2081.19,2080.695,-0.49499999999989086,SL Hit,2080.695,1,1010.9649999999983,15.0,-0.9900000000002365,0.9800000000000182
2024-03-04 07:40:00,2024-03-04 08:20:00,Long,2086.4449999999997,2084.3,-4.289999999999054,SL Hit,2084.3,2,1006.6749999999993,40.0,-2.744999999999891,1.6850000000004002
2024-03-04 09:15:00,2024-03-04 09:20:00,Short,2084.01,2084.01,0.0,SL Hit,2084.01,1,1006.6749999999993,5.0,0.03999999999996362,-0.680000000000291
2024-03-04 09:25:00,2024-03-04 09:35:00,Short,2083.92,2083.9349999999995,-0.014999999999417923,SL Hit,2083.9349999999995,1,1006.6599999999999,10.0,0.5599999999999454,-0.6900000000000546
2024-03-04 11:30:00,2024-03-04 11:50:00,Short,2083.03,2083.54,-0.5099999999997635,SL Hit,2083.54,1,1006.1500000000001,20.0,0.7699999999999818,-0.7100000000000364
2024-03-04 12:10:00,2024-03-04 12:15:00,Short,2082.49,2082.6549999999997,-0.16499999999996362,SL Hit,2082.6549999999997,1,1005.9850000000001,5.0,0.7100000000000364,-0.4399999999995998
2024-03-04 12:55:00,2024-03-04 13:10:00,Short,2082.455,2082.84,-0.7700000000004366,SL Hit,2082.84,2,1005.2149999999997,15.0,1.6050000000000182,-0.7350000000001273
2024-03-04 20:35:00,2024-03-04 21:00:00,Long,2117.21,2116.35,-1.7200000000002547,SL Hit,2116.35,2,1003.4949999999994,25.0,-1.1100000000001273,1.1700000000000728
2024-03-04 21:05:00,2024-03-05 00:50:00,Short,2115.382,2115.05,1.6599999999993997,SL Hit,2115.05,5,1005.1549999999988,225.0,1.5679999999997563,-2.481999999999971
2024-03-05 02:20:00,2024-03-05 04:05:00,Long,2112.7566666666667,2112.24,-1.5500000000006366,SL Hit,2112.24,3,1003.6049999999982,105.0,-1.4766666666664605,1.1433333333334303
2024-03-05 04:10:00,2024-03-05 04:15:00,Short,2113.77,2114.3849999999998,-0.6149999999997817,Bullish Trade Reversal,2114.3849999999998,1,1002.9899999999984,5.0,0.4499999999998181,-0.9699999999997999
2024-03-05 04:15:00,2024-03-05 06:30:00,Long,2115.5283333333336,2115.9,2.229999999998654,SL Hit,2115.9,6,1005.2199999999971,135.0,-2.1683333333335213,3.9816666666665697
2024-03-05 06:40:00,2024-03-05 06:50:00,Short,2116.01,2116.01,0.0,SL Hit,2116.01,1,1005.2199999999971,10.0,0.5599999999999454,-0.6700000000000728
2024-03-05 10:10:00,2024-03-05 10:35:00,Long,2125.34,2125.34,0.0,SL Hit,2125.34,1,1005.2199999999971,25.0,-1.3299999999999272,1.75
2024-03-05 13:15:00,2024-03-05 13:50:00,Long,2129.7,2125.1,-9.199999999999818,SL Hit,2125.1,2,996.0199999999973,35.0,-6.9699999999998,11.920000000000073
2024-03-05 15:05:00,2024-03-05 15:20:00,Long,2131.85,2129.7650000000003,-2.0849999999995816,SL Hit,2129.7650000000003,1,993.9349999999977,15.0,-2.630000000000109,4.900000000000091
2024-03-05 20:10:00,2024-03-05 20:25:00,Short,2130.1,2130.4300000000003,-0.330000000000382,SL Hit,2130.4300000000003,1,993.6049999999973,15.0,0.47000000000025466,-1.099999999999909
2024-03-06 01:05:00,2024-03-06 01:25:00,Long,2126.675,2125.9,-1.550000000000182,SL Hit,2125.9,2,992.0549999999971,20.0,-1.1050000000000182,1.2049999999999272
2024-03-06 01:55:00,2024-03-06 02:05:00,Short,2125.54,2125.75,-0.21000000000003638,SL Hit,2125.75,1,991.8449999999971,10.0,0.7899999999999636,-0.40000000000009095
2024-03-06 05:55:00,2024-03-06 06:15:00,Short,2126.14,2126.395,-0.25500000000010914,SL Hit,2126.395,1,991.589999999997,20.0,0.2699999999999818,-1.3399999999996908
2024-03-06 14:30:00,2024-03-06 15:05:00,Long,2138.45,2138.45,0.0,SL Hit,2138.45,1,991.589999999997,35.0,-1.349999999999909,6.650000000000091
2024-03-06 19:30:00,2024-03-06 19:35:00,Short,2141.04,2141.6400000000003,-0.6000000000003638,SL Hit,2141.6400000000003,1,990.9899999999966,5.0,0.9299999999998363,-0.9800000000000182
2024-03-06 21:40:00,2024-03-07 00:30:00,Long,2147.8480000000004,2147.3,-2.740000000001146,SL Hit,2147.3,5,988.2499999999955,170.0,-1.4480000000003201,1.5619999999994434
2024-03-07 05:55:00,2024-03-07 06:50:00,Short,2154.6800000000003,2155.34,-1.319999999999709,SL Hit,2155.34,2,986.9299999999957,55.0,0.8799999999996544,-2.6700000000000728
2024-03-07 14:00:00,2024-03-07 15:15:00,Short,2156.645,2157.32,-1.3500000000003638,SL Hit,2157.32,2,985.5799999999954,75.0,2.505000000000109,-8.215000000000146
2024-03-07 16:05:00,2024-03-07 16:15:00,Short,2152.65,2153.3100000000004,-0.6600000000003092,SL Hit,2153.3100000000004,1,984.9199999999951,10.0,1.2899999999999636,-3.25
2024-03-08 01:20:00,2024-03-08 04:10:00,Short,2158.433333333333,2158.42,0.03999999999859938,SL Hit,2158.42,3,984.9599999999937,170.0,1.3666666666672427,-4.403333333332739
2024-03-08 04:15:00,2024-03-08 04:25:00,Long,2158.12,2157.49,-0.6300000000001091,SL Hit,2157.49,1,984.3299999999936,10.0,-1.9200000000000728,0.849999999999909
2024-03-08 04:30:00,2024-03-08 04:50:00,Short,2157.41,2157.605,-0.1950000000001637,SL Hit,2157.605,1,984.1349999999934,20.0,0.3500000000003638,-1.0599999999999454
2024-03-08 05:45:00,2024-03-08 06:25:00,Short,2157.46,2158.31,-1.699999999999818,SL Hit,2158.31,2,982.4349999999936,40.0,1.4600000000000364,-0.9200000000000728
2024-03-08 07:45:00,2024-03-08 07:50:00,Long,2161.29,2161.29,0.0,SL Hit,2161.29,1,982.4349999999936,5.0,-0.2899999999999636,0.4600000000000364
2024-03-08 11:25:00,2024-03-08 13:30:00,Short,2168.62,2169.1,-0.9600000000000364,SL Hit,2169.1,2,981.4749999999935,125.0,12.63000000000011,-8.759999999999764
2024-03-08 16:05:00,2024-03-08 16:10:00,Long,2173.8,2172.9599999999996,-0.8400000000006003,SL Hit,2172.9599999999996,1,980.6349999999929,5.0,-1.3900000000003274,0.819999999999709
2024-03-08 20:50:00,2024-03-08 20:55:00,Long,2177.1,2177.1,0.0,SL Hit,2177.1,1,980.6349999999929,5.0,-0.09999999999990905,0.9800000000000182
2024-03-08 21:00:00,2024-03-08 21:35:00,Long,2177.38,2177.1,-0.5600000000004002,SL Hit,2177.1,2,980.0749999999925,35.0,-0.7800000000002001,0.6199999999998909
2024-03-11 03:50:00,2024-03-11 05:30:00,Long,2180.638,2180.2,-2.1900000000005093,SL Hit,2180.2,5,977.884999999992,100.0,-1.837999999999738,0.9020000000000437
2024-03-11 06:10:00,2024-03-11 06:15:00,Short,2178.81,2178.84,-0.03000000000020009,SL Hit,2178.84,1,977.8549999999918,5.0,0.13999999999987267,-1.7100000000000364
2024-03-11 07:25:00,2024-03-11 07:30:00,Long,2179.84,2179.84,0.0,SL Hit,2179.84,1,977.8549999999918,5.0,-1.1600000000003092,0.9499999999998181
2024-03-11 08:55:00,2024-03-11 09:05:00,Short,2177.61,2178.825,-1.2149999999996908,SL Hit,2178.825,1,976.6399999999921,10.0,1.9099999999998545,-1.1100000000001273
2024-03-11 09:30:00,2024-03-11 09:35:00,Short,2178.25,2178.25,0.0,SL Hit,2178.25,1,976.6399999999921,5.0,0.5500000000001819,-1.449999999999818
2024-03-11 11:20:00,2024-03-11 11:25:00,Short,2176.93,2176.9750000000004,-0.04500000000052751,SL Hit,2176.9750000000004,1,976.5949999999916,5.0,0.6200000000003456,-0.4800000000000182
2024-03-11 12:55:00,2024-03-11 13:00:00,Short,2177.43,2177.76,-0.330000000000382,SL Hit,2177.76,1,976.2649999999912,5.0,0.41000000000030923,-0.9600000000000364
2024-03-11 13:05:00,2024-03-11 13:20:00,Short,2177.45,2178.16,-1.4200000000000728,SL Hit,2178.16,2,974.8449999999912,15.0,1.2699999999999818,-1.7100000000000364
2024-03-11 13:30:00,2024-03-11 14:00:00,Long,2178.07,2177.8450000000003,-0.22499999999990905,SL Hit,2177.8450000000003,1,974.6199999999913,30.0,-1.6100000000001273,6.539999999999964
2024-03-11 15:35:00,2024-03-11 16:20:00,Long,2183.91,2182.19,-3.4399999999996,SL Hit,2182.19,2,971.1799999999917,45.0,-2.6299999999996544,1.5399999999999636
2024-03-11 22:45:00,2024-03-11 22:50:00,Short,2181.76,2181.76,0.0,SL Hit,2181.76,1,971.1799999999917,5.0,0.01999999999998181,-1.8600000000001273
2024-03-11 23:50:00,2024-03-12 00:25:00,Long,2182.85,2182.76,-0.08999999999969077,SL Hit,2182.76,1,971.089999999992,35.0,-0.5299999999997453,1.5100000000002183
2024-03-12 00:45:00,2024-03-12 01:05:00,Short,2181.28,2181.28,0.0,SL Hit,2181.28,1,971.089999999992,20.0,0.7199999999997999,-0.9700000000002547
2024-03-12 01:25:00,2024-03-12 01:50:00,Short,2181.4049999999997,2181.82,-0.8300000000008367,SL Hit,2181.82,2,970.2599999999911,25.0,1.6250000000004547,-1.3849999999997635
2024-03-12 02:20:00,2024-03-12 02:25:00,Short,2180.22,2180.22,0.0,SL Hit,2180.22,1,970.2599999999911,5.0,0.5400000000004184,-0.6299999999996544
2024-03-12 02:55:00,2024-03-12 04:10:00,Short,2178.4066666666668,2178.08,0.9800000000004729,SL Hit,2178.08,3,971.2399999999916,75.0,1.4933333333333394,-2.2066666666669335
2024-03-12 06:40:00,2024-03-12 07:05:00,Short,2175.41,2175.545,-0.13500000000021828,SL Hit,2175.545,1,971.1049999999914,25.0,1.2300000000000182,-2.1099999999996726
2024-03-12 09:15:00,2024-03-12 09:20:00,Long,2177.24,2177.045,-0.19499999999970896,SL Hit,2177.045,1,970.9099999999917,5.0,-0.5399999999999636,0.8200000000001637
2024-03-12 10:00:00,2024-03-12 10:30:00,Short,2176.81,2176.81,0.0,SL Hit,2176.81,1,970.9099999999917,30.0,0.1799999999998363,-1.1799999999998363
2024-03-12 14:30:00,2024-03-12 14:35:00,Long,2161.08,2161.0350000000003,-0.04499999999961801,SL Hit,2161.0350000000003,1,970.864999999992,5.0,-0.36999999999989086,2.0300000000002
2024-03-12 14:40:00,2024-03-12 15:10:00,Long,2162.59,2160.4,-4.380000000000109,SL Hit,2160.4,2,966.4849999999919,30.0,-2.4200000000000728,2.8599999999996726
2024-03-12 15:15:00,2024-03-12 15:30:00,Short,2160.645,2161.86,-2.430000000000291,SL Hit,2161.86,2,964.0549999999917,15.0,1.6849999999999454,-2.894999999999982
2024-03-12 15:35:00,2024-03-12 16:00:00,Long,2161.66,2161.36,-0.29999999999972715,SL Hit,2161.36,1,963.7549999999919,25.0,-0.4600000000000364,3.1400000000003274
2024-03-12 16:45:00,2024-03-12 17:00:00,Long,2164.47,2164.38,-0.08999999999969077,SL Hit,2164.38,1,963.6649999999922,15.0,-0.9099999999998545,1.8700000000003456
2024-03-12 17:20:00,2024-03-12 19:55:00,Short,2159.3333333333335,2156.48,8.5600000000004,SL Hit,2156.48,3,972.2249999999926,155.0,3.0766666666663696,-8.803333333333285
2024-03-12 23:25:00,2024-03-13 00:10:00,Short,2157.3450000000003,2157.68,-0.6699999999991633,SL Hit,2157.68,2,971.5549999999935,45.0,1.9249999999997272,-2.0450000000000728
2024-03-13 01:25:00,2024-03-13 01:55:00,Short,2158.49,2158.7300000000005,-0.24000000000069122,SL Hit,2158.7300000000005,1,971.3149999999928,30.0,0.36000000000012733,-1.7899999999999636
2024-03-13 02:00:00,2024-03-13 02:10:00,Short,2158.1000000000004,2158.85,-1.4999999999990905,SL Hit,2158.85,2,969.8149999999937,10.0,1.6199999999994361,-0.6100000000005821
2024-03-13 04:30:00,2024-03-13 04:35:00,Short,2157.82,2157.82,0.0,SL Hit,2157.82,1,969.8149999999937,5.0,0.31999999999970896,-0.580000000000382
2024-03-13 05:35:00,2024-03-13 05:50:00,Long,2159.315,2158.68,-1.2700000000004366,SL Hit,2158.68,2,968.5449999999933,15.0,-1.2150000000001455,1.0949999999998
2024-03-13 11:25:00,2024-03-13 11:30:00,Long,2162.4,2162.4,0.0,SL Hit,2162.4,1,968.5449999999933,5.0,-0.09000000000014552,1.2100000000000364
2024-03-13 12:05:00,2024-03-13 13:15:00,Long,2163.986666666667,2162.59,-4.190000000000964,SL Hit,2162.59,3,964.3549999999923,70.0,-2.0866666666670426,1.9033333333327391
2024-03-13 13:30:00,2024-03-13 14:05:00,Long,2164.9,2164.47,-0.8600000000005821,SL Hit,2164.47,2,963.4949999999917,35.0,-1.0799999999999272,6.179999999999836
2024-03-13 15:00:00,2024-03-13 17:50:00,Long,2172.8325,2174.78,7.790000000000873,SL Hit,2174.78,4,971.2849999999926,170.0,-4.382500000000164,6.197500000000218
2024-03-13 18:05:00,2024-03-13 18:10:00,Short,2175.5,2175.5150000000003,-0.015000000000327418,SL Hit,2175.5150000000003,1,971.2699999999923,5.0,0.2600000000002183,-0.900000000000091
2024-03-13 19:40:00,2024-03-13 20:25:00,Short,2173.53,2173.77,-0.23999999999978172,SL Hit,2173.77,1,971.0299999999925,45.0,0.3999999999996362,-1.930000000000291
2024-03-13 22:35:00,2024-03-14 00:10:00,Long,2175.065,2174.5,-2.2600000000002183,SL Hit,2174.5,4,968.7699999999923,95.0,-1.3650000000002365,0.9949999999998909
2024-03-14 00:25:00,2024-03-14 00:30:00,Short,2174.51,2174.7949999999996,-0.28499999999939973,SL Hit,2174.7949999999996,1,968.4849999999929,5.0,0.32999999999992724,-1.2100000000000364
2024-03-14 00:35:00,2024-03-14 00:45:00,Short,2174.5950000000003,2174.84,-0.4899999999997817,SL Hit,2174.84,2,967.9949999999931,10.0,0.37499999999954525,-0.6250000000004547
2024-03-14 00:50:00,2024-03-14 01:25:00,Long,2174.62,2174.62,0.0,SL Hit,2174.62,1,967.9949999999931,35.0,-0.7199999999997999,2.119999999999891
2024-03-14 01:40:00,2024-03-14 01:45:00,Short,2173.99,2173.99,0.0,SL Hit,2173.99,1,967.9949999999931,5.0,0.1000000000003638,-0.6499999999996362
2024-03-14 02:00:00,2024-03-14 02:05:00,Short,2174.99,2175.185,-0.1950000000001637,SL Hit,2175.185,1,967.7999999999929,5.0,0.27000000000043656,-0.569999999999709
2024-03-14 02:35:00,2024-03-14 08:10:00,Short,2171.002222222222,2168.85,19.369999999998072,SL Hit,2168.85,9,987.169999999991,335.0,3.377777777778192,-3.702222222221735
2024-03-14 08:15:00,2024-03-14 09:15:00,Long,2169.1549999999997,2168.26,-1.7899999999990541,SL Hit,2168.26,2,985.3799999999919,60.0,-1.2149999999996908,0.7850000000003092
2024-03-14 12:20:00,2024-03-14 12:40:00,Short,2168.29,2168.29,0.0,SL Hit,2168.29,1,985.3799999999919,20.0,1.4099999999998545,-5.579999999999927
2024-03-14 13:05:00,2024-03-14 13:15:00,Short,2163.3,2164.7700000000004,-1.4700000000002547,SL Hit,2164.7700000000004,1,983.9099999999917,10.0,1.6399999999998727,-1.8800000000001091
2024-03-14 13:40:00,2024-03-14 16:40:00,Short,2161.2340000000004,2159.99,6.220000000002983,SL Hit,2159.99,5,990.1299999999947,180.0,2.425999999999476,-8.25400000000036
2024-03-14 20:40:00,2024-03-14 23:30:00,Short,2161.692,2161.76,-0.340000000001055,SL Hit,2161.76,5,989.7899999999936,170.0,0.7280000000000655,-1.1920000000000073
2024-03-14 23:35:00,2024-03-14 23:50:00,Short,2161.37,2161.76,-0.7800000000006548,SL Hit,2161.76,2,989.0099999999929,15.0,0.5500000000001819,-1.3699999999998909
2024-03-15 03:00:00,2024-03-15 03:15:00,Short,2162.13,2162.89,-1.519999999999527,SL Hit,2162.89,2,987.4899999999934,15.0,1.2399999999997817,-1.0300000000002
2024-03-15 03:20:00,2024-03-15 03:55:00,Long,2163.5699999999997,2163.7,0.2600000000002183,SL Hit,2163.7,2,987.7499999999936,35.0,-1.0799999999999272,1.180000000000291
2024-03-15 05:15:00,2024-03-15 05:25:00,Long,2164.01,2163.695,-0.31500000000005457,SL Hit,2163.695,1,987.4349999999936,10.0,-0.5,0.4699999999997999
2024-03-15 07:55:00,2024-03-15 08:40:00,Short,2166.98,2167.44,-0.9200000000000728,SL Hit,2167.44,2,986.5149999999935,45.0,0.8699999999998909,-1.4600000000000364
2024-03-15 08:45:00,2024-03-15 10:35:00,Long,2169.4700000000003,2169.44,-0.12000000000080036,SL Hit,2169.44,4,986.3949999999927,110.0,-2.5700000000001637,2.9699999999998
2024-03-15 14:15:00,2024-03-15 15:30:00,Long,2163.625,2161.05,-10.299999999999272,SL Hit,2161.05,4,976.0949999999934,75.0,-3.7350000000001273,2.4549999999999272
2024-03-15 15:40:00,2024-03-15 16:05:00,Short,2161.55,2161.55,0.0,SL Hit,2161.55,1,976.0949999999934,25.0,0.4499999999998181,-3.1100000000001273
2024-03-15 17:20:00,2024-03-15 18:05:00,Short,2157.745,2157.82,-0.1500000000005457,SL Hit,2157.82,2,975.9449999999929,45.0,1.175000000000182,-2.194999999999709
2024-03-15 18:35:00,2024-03-15 19:20:00,Long,2158.9833333333336,2157.95,-3.1000000000012733,SL Hit,2157.95,3,972.8449999999916,45.0,-1.3833333333336668,1.2266666666664605
2024-03-15 19:25:00,2024-03-17 23:45:00,Short,2156.255,2155.63,2.5,SL Hit,2155.63,4,975.3449999999916,3140.0,2.1649999999999636,-4.6550000000002
2024-03-17 23:50:00,2024-03-18 01:05:00,Long,2155.68,2154.6,-4.319999999999709,SL Hit,2154.6,4,971.0249999999919,75.0,-2.149999999999636,1.6600000000003092
2024-03-18 03:05:00,2024-03-18 03:35:00,Short,2147.82,2147.82,0.0,SL Hit,2147.82,1,971.0249999999919,30.0,0.03999999999996362,-2.1200000000003456
2024-03-18 03:55:00,2024-03-18 04:00:00,Short,2146.96,2146.96,0.0,SL Hit,2146.96,1,971.0249999999919,5.0,0.30999999999994543,-1.4600000000000364
2024-03-18 05:25:00,2024-03-18 05:30:00,Short,2146.67,2146.85,-0.1799999999998363,SL Hit,2146.85,1,970.8449999999921,5.0,0.599999999999909,-0.36999999999989086
2024-03-18 06:10:00,2024-03-18 06:25:00,Long,2147.56,2147.2000000000003,-0.3599999999996726,SL Hit,2147.2000000000003,1,970.4849999999924,15.0,-0.7699999999999818,0.38000000000010914
2024-03-18 07:20:00,2024-03-18 12:50:00,Long,2156.33,2160.19,30.88000000000102,SL Hit,2160.19,8,1001.3649999999934,330.0,-7.349999999999909,7.1599999999998545
2024-03-18 15:05:00,2024-03-18 15:15:00,Short,2159.2,2159.2,0.0,SL Hit,2159.2,1,1001.3649999999934,10.0,0.7300000000000182,-2.1399999999998727
2024-03-18 15:25:00,2024-03-18 15:35:00,Long,2160.28,2160.175,-0.10500000000001819,SL Hit,2160.175,1,1001.2599999999934,10.0,-2.2800000000002,0.9099999999998545
2024-03-18 18:25:00,2024-03-18 18:30:00,Short,2159.43,2159.505,-0.07500000000027285,SL Hit,2159.505,1,1001.1849999999931,5.0,0.5599999999999454,-0.2899999999999636
2024-03-18 18:35:00,2024-03-18 18:40:00,Short,2160.09,2160.495,-0.40499999999974534,SL Hit,2160.495,1,1000.7799999999934,5.0,0.44000000000005457,-1.0900000000001455
2024-03-18 19:40:00,2024-03-18 19:45:00,Long,2160.42,2160.3,-0.11999999999989086,SL Hit,2160.3,1,1000.6599999999935,5.0,-0.13999999999987267,0.30999999999994543
2024-03-18 20:30:00,2024-03-18 20:55:00,Short,2159.85,2159.85,0.0,SL Hit,2159.85,1,1000.6599999999935,25.0,0.34999999999990905,-0.849999999999909
2024-03-18 23:40:00,2024-03-19 00:50:00,Long,2161.076666666667,2160.7,-1.1300000000010186,SL Hit,2160.7,3,999.5299999999925,70.0,-1.0766666666668243,1.6933333333331575
2024-03-19 00:55:00,2024-03-19 01:00:00,Short,2161.15,2161.15,0.0,SL Hit,2161.15,1,999.5299999999925,5.0,0.04999999999972715,-1.25
2024-03-19 05:15:00,2024-03-19 06:45:00,Short,2157.5633333333335,2156.3,3.7899999999999636,SL Hit,2156.3,3,1003.3199999999924,90.0,1.786666666666406,-3.383333333333667
2024-03-19 07:20:00,2024-03-19 07:30:00,Short,2156.18,2156.4049999999997,-0.22499999999990905,SL Hit,2156.4049999999997,1,1003.0949999999925,10.0,0.42000000000007276,-1.1900000000000546
2024-03-19 08:50:00,2024-03-19 09:25:00,Long,2151.58,2152.21,1.2600000000002183,SL Hit,2152.21,2,1004.3549999999927,35.0,-1.0499999999997272,1.849999999999909
2024-03-19 13:20:00,2024-03-19 14:25:00,Short,2154.175,2152.57,3.2100000000000364,SL Hit,2152.57,2,1007.5649999999928,65.0,2.794999999999618,-5.265000000000327
2024-03-19 14:30:00,2024-03-19 15:10:00,Long,2152.7,2152.6099999999997,-0.09000000000014552,SL Hit,2152.6099999999997,1,1007.4749999999926,40.0,-0.5499999999997272,2.680000000000291
2024-03-19 16:20:00,2024-03-19 16:30:00,Long,2154.87,2154.54,-0.32999999999992724,SL Hit,2154.54,1,1007.1449999999927,10.0,-1.6700000000000728,0.9700000000002547
2024-03-19 19:15:00,2024-03-19 19:20:00,Long,2157.63,2157.285,-0.34500000000025466,SL Hit,2157.285,1,1006.7999999999925,5.0,-0.43000000000029104,0.17000000000007276
2024-03-19 20:55:00,2024-03-19 22:00:00,Short,2157.42,2157.4349999999995,-0.014999999999417923,SL Hit,2157.4349999999995,1,1006.784999999993,65.0,0.05999999999994543,-1.550000000000182
2024-03-19 23:30:00,2024-03-20 01:10:00,Short,2157.49,2157.85,-1.080000000000382,SL Hit,2157.85,3,1005.7049999999927,100.0,0.6400000000003274,-2.8899999999998727
2024-03-20 03:15:00,2024-03-20 03:50:00,Short,2159.02,2159.5,-0.9600000000000364,SL Hit,2159.5,2,1004.7449999999926,35.0,0.6100000000001273,-1.4200000000000728
2024-03-20 05:30:00,2024-03-20 05:35:00,Long,2157.8500000000004,2156.6,-2.5000000000009095,SL Hit,2156.6,2,1002.2449999999917,5.0,-1.3500000000003638,0.08999999999969077
2024-03-20 07:15:00,2024-03-20 08:00:00,Long,2157.88,2157.1,-2.3400000000006003,SL Hit,2157.1,3,999.9049999999911,45.0,-1.3299999999999272,1.400000000000091
2024-03-20 09:50:00,2024-03-20 11:35:00,Short,2154.7200000000003,2154.69,0.06000000000040018,SL Hit,2154.69,2,999.9649999999915,105.0,0.8699999999998909,-2.3200000000001637
2024-03-20 11:40:00,2024-03-20 11:45:00,Long,2154.53,2154.29,-0.24000000000023647,SL Hit,2154.29,1,999.7249999999913,5.0,-0.5300000000002001,0.29999999999972715
2024-03-20 12:00:00,2024-03-20 12:05:00,Long,2153.99,2153.99,0.0,SL Hit,2153.99,1,999.7249999999913,5.0,-1.8899999999998727,1.1700000000000728
2024-03-20 13:50:00,2024-03-20 15:25:00,Long,2157.08,2155.89,-2.380000000000109,SL Hit,2155.89,2,997.3449999999912,95.0,-2.3899999999998727,7.720000000000255
2024-03-20 15:35:00,2024-03-20 16:00:00,Short,2156.78,2157.08,-0.29999999999972715,SL Hit,2157.08,1,997.0449999999914,25.0,0.7399999999997817,-2.880000000000109
2024-03-20 16:40:00,2024-03-20 16:50:00,Short,2157.2200000000003,2158.08,-1.7199999999993452,SL Hit,2158.08,2,995.3249999999921,10.0,1.319999999999709,-0.3900000000003274
2024-03-20 18:00:00,2024-03-21 00:05:00,Long,2183.8275,2201.4,140.58000000000175,SL Hit,2201.4,8,1135.9049999999938,365.0,-26.77749999999969,38.23250000000007
2024-03-21 03:15:00,2024-03-21 03:40:00,Long,2203.815,2202.8,-2.0299999999997453,SL Hit,2202.8,2,1133.874999999994,25.0,-1.2350000000001273,0.8849999999997635
2024-03-21 03:50:00,2024-03-21 04:00:00,Short,2202.82,2202.82,0.0,SL Hit,2202.82,1,1133.874999999994,10.0,0.1499999999996362,-1.0599999999999454
2024-03-21 06:00:00,2024-03-21 07:40:00,Long,2207.115,2206.93,-0.7399999999997817,SL Hit,2206.93,4,1133.1349999999943,100.0,-2.6049999999995634,2.6850000000004
2024-03-21 07:50:00,2024-03-21 09:45:00,Short,2205.4775,2205.08,1.5900000000001455,SL Hit,2205.08,4,1134.7249999999945,115.0,3.0525000000002365,-7.997499999999945
2024-03-21 09:50:00,2024-03-21 11:05:00,Long,2206.7825000000003,2207.0,0.8699999999989814,SL Hit,2207.0,4,1135.5949999999934,75.0,-2.7725000000000364,4.787499999999909
2024-03-21 11:10:00,2024-03-21 11:40:00,Short,2207.67,2208.0150000000003,-0.34500000000025466,SL Hit,2208.0150000000003,1,1135.2499999999932,30.0,0.44000000000005457,-2.0900000000001455
2024-03-21 12:15:00,2024-03-21 12:20:00,Long,2208.31,2207.1100000000006,-1.1999999999993634,SL Hit,2207.1100000000006,1,1134.0499999999938,5.0,-1.6599999999998545,0.34999999999990905
2024-03-21 12:25:00,2024-03-21 12:30:00,Long,2206.52,2206.52,0.0,SL Hit,2206.52,1,1134.0499999999938,5.0,-2.0399999999999636,1.0300000000002
2024-03-21 13:15:00,2024-03-21 16:45:00,Short,2188.8025,2178.54,41.04999999999927,SL Hit,2178.54,4,1175.099999999993,210.0,14.81750000000011,-22.482499999999618
2024-03-21 19:50:00,2024-03-21 19:55:00,Short,2181.22,2181.22,0.0,SL Hit,2181.22,1,1175.099999999993,5.0,0.18000000000029104,-0.9399999999995998
2024-03-21 20:45:00,2024-03-21 22:05:00,Short,2180.8900000000003,2181.62,-1.4599999999991269,SL Hit,2181.62,2,1173.639999999994,80.0,1.5899999999996908,-0.38000000000010914
2024-03-21 23:30:00,2024-03-21 23:45:00,Short,2181.49,2181.55,-0.12000000000080036,SL Hit,2181.55,2,1173.5199999999932,15.0,0.3200000000001637,-0.8899999999998727
2024-03-22 01:25:00,2024-03-22 04:30:00,Short,2176.865,2174.38,9.93999999999869,SL Hit,2174.38,4,1183.4599999999919,185.0,7.345000000000255,-4.964999999999691
2024-03-22 05:25:00,2024-03-22 05:30:00,Long,2174.19,2173.755,-0.43499999999994543,SL Hit,2173.755,1,1183.024999999992,5.0,-0.7899999999999636,0.13000000000010914
2024-03-22 06:00:00,2024-03-22 06:10:00,Short,2173.77,2174.295,-0.525000000000091,SL Hit,2174.295,1,1182.4999999999918,10.0,0.7699999999999818,-1.4699999999998
2024-03-22 08:15:00,2024-03-22 08:30:00,Short,2166.83,2166.8450000000003,-0.015000000000327418,SL Hit,2166.8450000000003,1,1182.4849999999915,15.0,0.49000000000023647,-1.5299999999997453
2024-03-22 09:45:00,2024-03-22 10:35:00,Short,2166.7566666666667,2167.09,-1.0000000000004547,SL Hit,2167.09,3,1181.484999999991,50.0,1.1633333333334122,-1.116666666666788
2024-03-22 10:40:00,2024-03-22 10:50:00,Long,2166.74,2166.74,0.0,SL Hit,2166.74,1,1181.484999999991,10.0,-0.13999999999987267,1.830000000000382
2024-03-22 11:30:00,2024-03-22 12:00:00,Short,2167.48,2167.735,-0.25500000000010914,SL Hit,2167.735,1,1181.229999999991,30.0,0.6399999999998727,-3.0799999999999272
2024-03-22 13:10:00,2024-03-22 14:20:00,Long,2174.616666666667,2173.0,-4.850000000000364,SL Hit,2173.0,3,1176.3799999999906,70.0,-1.9066666666667516,5.103333333333012
2024-03-22 14:30:00,2024-03-22 14:40:00,Short,2172.6850000000004,2174.73,-4.089999999999236,SL Hit,2174.73,2,1172.2899999999913,10.0,3.014999999999418,-0.8950000000004366
2024-03-24 23:55:00,2024-03-25 00:10:00,Long,2168.04,2167.23,-0.8099999999999454,SL Hit,2167.23,1,1171.4799999999914,15.0,-1.9400000000000546,1.1700000000000728
2024-03-25 02:30:00,2024-03-25 03:00:00,Long,2175.5,2174.0,-1.5,SL Hit,2174.0,1,1169.9799999999914,30.0,-1.800000000000182,2.1700000000000728
2024-03-25 03:10:00,2024-03-25 04:20:00,Short,2171.733333333333,2171.01,2.1699999999987085,SL Hit,2171.01,3,1172.14999999999,70.0,2.5566666666668425,-2.233333333333121
2024-03-25 04:35:00,2024-03-25 05:30:00,Short,2169.545,2170.14,-1.1899999999995998,SL Hit,2170.14,2,1170.9599999999905,55.0,0.7150000000001455,-2.144999999999982
2024-03-25 07:25:00,2024-03-25 07:30:00,Long,2166.75,2166.06,-0.6900000000000546,SL Hit,2166.06,1,1170.2699999999904,5.0,-1.949999999999818,0.19000000000005457
2024-03-25 08:50:00,2024-03-25 08:55:00,Short,2164.93,2165.32,-0.3900000000003274,SL Hit,2165.32,1,1169.87999999999,5.0,0.7699999999999818,-0.8399999999996908
2024-03-25 15:45:00,2024-03-25 16:15:00,Short,2176.3450000000003,2177.07,-1.449999999999818,SL Hit,2177.07,2,1168.4299999999903,30.0,0.7349999999996726,-0.955000000000382
2024-03-25 16:25:00,2024-03-25 16:30:00,Long,2177.05,2177.05,0.0,SL Hit,2177.05,1,1168.4299999999903,5.0,-0.9100000000003092,0.6199999999998909
2024-03-25 16:45:00,2024-03-25 16:50:00,Short,2175.63,2175.7200000000003,-0.09000000000014552,SL Hit,2175.7200000000003,1,1168.3399999999901,5.0,0.13999999999987267,-0.6100000000001273
2024-03-25 17:20:00,2024-03-25 17:35:00,Short,2175.73,2175.8199999999997,-0.08999999999969077,SL Hit,2175.8199999999997,1,1168.2499999999905,15.0,0.09000000000014552,-1.1199999999998909
2024-03-25 20:50:00,2024-03-25 22:00:00,Long,2171.385,2170.95,-0.8700000000008004,SL Hit,2170.95,2,1167.3799999999896,70.0,-0.7850000000003092,0.375
2024-03-26 01:35:00,2024-03-26 02:35:00,Short,2171.185,2171.43,-0.4899999999997817,SL Hit,2171.43,2,1166.8899999999899,60.0,0.3049999999998363,-3.4850000000001273
2024-03-26 04:00:00,2024-03-26 04:05:00,Short,2170.36,2170.4349999999995,-0.07499999999936335,SL Hit,2170.4349999999995,1,1166.8149999999905,5.0,0.3599999999996726,-0.8600000000001273
2024-03-26 04:10:00,2024-03-26 04:20:00,Short,2170.56,2170.8450000000003,-0.28500000000030923,SL Hit,2170.8450000000003,1,1166.5299999999902,10.0,1.150000000000091,-0.2699999999999818
2024-03-26 10:50:00,2024-03-26 12:10:00,Long,2196.1875,2195.4,-3.149999999999636,SL Hit,2195.4,4,1163.3799999999906,80.0,-1.1174999999998363,3.4524999999998727
2024-03-26 12:15:00,2024-03-26 17:30:00,Short,2186.433333333333,2178.17,49.5799999999972,SL Hit,2178.17,6,1212.9599999999878,315.0,10.516666666666879,-14.753333333333103
2024-03-26 18:10:00,2024-03-26 18:20:00,Short,2176.88,2176.88,0.0,SL Hit,2176.88,1,1212.9599999999878,10.0,0.09999999999990905,-0.8900000000003274
2024-03-26 20:15:00,2024-03-26 20:50:00,Short,2177.35,2177.35,0.0,SL Hit,2177.35,1,1212.9599999999878,35.0,0.9500000000002728,-2.699999999999818
2024-03-26 20:55:00,2024-03-26 22:00:00,Long,2177.63,2177.63,0.0,SL Hit,2177.63,1,1212.9599999999878,65.0,-0.47000000000025466,0.9899999999997817
2024-03-26 22:15:00,2024-03-26 22:50:00,Long,2178.17,2177.3,-2.6099999999996726,SL Hit,2177.3,3,1210.349999999988,35.0,-0.8699999999998909,0.9699999999997999
2024-03-26 23:20:00,2024-03-26 23:30:00,Short,2178.8,2178.8,0.0,SL Hit,2178.8,1,1210.349999999988,10.0,0.04999999999972715,-1.2000000000002728
2024-03-26 23:40:00,2024-03-26 23:45:00,Long,2178.62,2178.4249999999997,-0.1950000000001637,SL Hit,2178.4249999999997,1,1210.154999999988,5.0,-0.2199999999997999,0.8800000000001091
2024-03-27 05:10:00,2024-03-27 05:25:00,Short,2177.41,2177.41,0.0,SL Hit,2177.41,1,1210.154999999988,15.0,0.0500000000001819,-1.7100000000000364
2024-03-27 07:00:00,2024-03-27 07:05:00,Short,2177.9,2177.9,0.0,SL Hit,2177.9,1,1210.154999999988,5.0,1.150000000000091,-0.900000000000091
2024-03-27 07:55:00,2024-03-27 08:30:00,Long,2180.1099999999997,2178.8,-2.6199999999989814,SL Hit,2178.8,2,1207.534999999989,35.0,-1.4099999999998545,2.480000000000473
2024-03-27 08:35:00,2024-03-27 09:05:00,Short,2179.14,2179.2599999999998,-0.11999999999989086,SL Hit,2179.2599999999998,1,1207.414999999989,30.0,0.5700000000001637,-2.5899999999996908
2024-03-27 11:00:00,2024-03-27 11:40:00,Long,2193.87,2193.255,-0.6149999999997817,SL Hit,2193.255,1,1206.7999999999893,40.0,-2.6900000000000546,3.450000000000273
2024-03-27 13:35:00,2024-03-27 15:25:00,Long,2190.04,2189.81,-0.4600000000000364,SL Hit,2189.81,2,1206.3399999999892,110.0,-3.2299999999991087,4.699999999999818
2024-03-27 15:30:00,2024-03-27 15:35:00,Short,2189.99,2190.185,-0.1950000000001637,SL Hit,2190.185,1,1206.144999999989,5.0,0.27000000000043656,-1.569999999999709
2024-03-27 18:35:00,2024-03-27 18:50:00,Long,2190.65,2190.4400000000005,-0.20999999999958163,SL Hit,2190.4400000000005,1,1205.9349999999895,15.0,-0.25,1.1100000000001273
2024-03-27 20:25:00,2024-03-27 22:00:00,Long,2194.605,2194.45,-0.3100000000004002,SL Hit,2194.45,2,1205.624999999989,95.0,-6.414999999999964,0.4450000000001637
2024-03-27 23:55:00,2024-03-28 01:25:00,Short,2189.945,2190.31,-0.7299999999995634,SL Hit,2190.31,2,1204.8949999999895,90.0,1.0249999999996362,-2.9450000000001637
2024-03-28 04:25:00,2024-03-28 04:55:00,Long,2195.545,2194.3,-2.4899999999997817,SL Hit,2194.3,2,1202.4049999999897,30.0,-1.2449999999998909,0.525000000000091
2024-03-28 05:30:00,2024-03-28 06:10:00,Long,2195.84,2195.21,-0.6300000000001091,SL Hit,2195.21,1,1201.7749999999896,40.0,-0.7400000000002365,4.6599999999998545
2024-03-28 06:45:00,2024-03-28 07:00:00,Long,2197.56,2197.56,0.0,SL Hit,2197.56,1,1201.7749999999896,15.0,-0.04999999999972715,1.300000000000182
2024-03-28 12:40:00,2024-03-28 12:50:00,Short,2209.08,2210.175,-1.0950000000002547,SL Hit,2210.175,1,1200.6799999999894,10.0,1.7400000000002365,-3.0099999999997635
2024-03-28 14:00:00,2024-03-28 14:30:00,Short,2208.78,2208.78,0.0,SL Hit,2208.78,1,1200.6799999999894,30.0,0.5899999999996908,-4.220000000000255
2024-03-28 20:40:00,2024-04-01 01:55:00,Long,2246.052,2255.63,47.88999999999987,SL Hit,2255.63,5,1248.5699999999892,4635.0,-24.432000000000244,13.498000000000047
2024-04-01 02:00:00,2024-04-01 02:05:00,Short,2256.36,2256.36,0.0,SL Hit,2256.36,1,1248.5699999999892,5.0,0.900000000000091,-1.2800000000002
2024-04-01 03:00:00,2024-04-01 04:35:00,Long,2258.806666666667,2259.3,1.4800000000000182,SL Hit,2259.3,3,1250.0499999999893,95.0,-2.216666666666697,6.563333333333048
2024-04-01 09:55:00,2024-04-01 10:00:00,Short,2251.63,2251.63,0.0,SL Hit,2251.63,1,1250.0499999999893,5.0,0.5199999999999818,-0.7400000000002365
2024-04-01 10:20:00,2024-04-01 11:35:00,Short,2250.175,2250.64,-0.9299999999993815,SL Hit,2250.64,2,1249.11999999999,75.0,1.5349999999998545,-4.6150000000002365
2024-04-01 11:55:00,2024-04-01 12:30:00,Short,2247.79,2248.45,-0.6599999999998545,SL Hit,2248.45,1,1248.45999999999,35.0,1.8899999999998727,-3.75
2024-04-01 12:50:00,2024-04-01 13:40:00,Long,2252.45,2249.87,-5.1599999999998545,SL Hit,2249.87,2,1243.2999999999902,50.0,-4.039999999999964,5.260000000000218
2024-04-01 15:25:00,2024-04-01 16:55:00,Long,2240.13,2237.24,-5.780000000000655,SL Hit,2237.24,2,1237.5199999999895,90.0,-3.3600000000001273,2.9400000000000546
2024-04-01 18:05:00,2024-04-01 18:30:00,Long,2238.24,2238.24,0.0,SL Hit,2238.24,1,1237.5199999999895,25.0,-0.23999999999978172,2.9200000000000728
2024-04-01 22:05:00,2024-04-01 23:15:00,Long,2250.683333333334,2250.7,0.04999999999790816,SL Hit,2250.7,3,1237.5699999999874,70.0,-1.2733333333339942,4.936666666666042
2024-04-01 23:30:00,2024-04-02 00:20:00,Short,2250.1133333333332,2250.33,-0.650000000000091,SL Hit,2250.33,3,1236.9199999999873,50.0,1.646666666666988,-2.2133333333331393
2024-04-02 01:10:00,2024-04-02 01:40:00,Short,2248.815,2249.62,-1.6099999999996726,SL Hit,2249.62,2,1235.3099999999877,30.0,0.9850000000001273,-2.3150000000000546
2024-04-02 02:25:00,2024-04-02 02:30:00,Short,2248.77,2248.77,0.0,SL Hit,2248.77,1,1235.3099999999877,5.0,0.7400000000002365,-0.9699999999997999
2024-04-02 04:20:00,2024-04-02 04:25:00,Short,2251.19,2251.46,-0.2699999999999818,SL Hit,2251.46,1,1235.0399999999877,5.0,1.0,-0.9900000000002365
2024-04-02 06:25:00,2024-04-02 06:40:00,Long,2254.17,2253.57,-1.199999999999818,SL Hit,2253.57,2,1233.8399999999879,15.0,-0.8299999999999272,1.0
2024-04-02 06:55:00,2024-04-02 07:20:00,Long,2254.6833333333334,2253.65,-3.099999999999909,SL Hit,2253.65,3,1230.739999999988,25.0,-1.383333333333212,1.0766666666668243
2024-04-02 07:25:00,2024-04-02 07:30:00,Short,2254.67,2254.7149999999997,-0.04499999999961801,SL Hit,2254.7149999999997,1,1230.6949999999883,5.0,0.5199999999999818,-1.1700000000000728
2024-04-02 09:50:00,2024-04-02 10:40:00,Short,2261.48,2261.5250000000005,-0.04500000000052751,SL Hit,2261.5250000000005,1,1230.6499999999878,50.0,1.8699999999998909,-5.480000000000018
2024-04-02 12:15:00,2024-04-02 13:10:00,Short,2256.77,2258.34,-3.1400000000003274,SL Hit,2258.34,2,1227.5099999999875,55.0,1.949999999999818,-3.1900000000000546
2024-04-02 13:25:00,2024-04-02 15:25:00,Long,2258.29,2256.82,-2.9399999999996,SL Hit,2256.82,2,1224.5699999999879,120.0,-4.110000000000127,18.470000000000255
2024-04-02 16:40:00,2024-04-02 20:15:00,Long,2270.03,2275.85,23.279999999998836,SL Hit,2275.85,4,1247.8499999999867,215.0,-11.670000000000073,8.480000000000018
2024-04-02 22:15:00,2024-04-02 23:15:00,Long,2281.045,2281.2,0.3099999999994907,SL Hit,2281.2,2,1248.1599999999862,60.0,-0.5450000000000728,6.614999999999782
2024-04-02 23:20:00,2024-04-03 00:10:00,Short,2282.41,2282.41,0.0,SL Hit,2282.41,1,1248.1599999999862,50.0,2.5900000000001455,-4.399999999999636
2024-04-03 00:45:00,2024-04-03 00:55:00,Long,2284.22,2283.5300000000007,-0.6899999999991451,SL Hit,2283.5300000000007,1,1247.469999999987,10.0,-1.3899999999998727,1.4700000000002547
2024-04-03 02:00:00,2024-04-03 03:05:00,Long,2283.2866666666664,2282.21,-3.2299999999991087,SL Hit,2282.21,3,1244.239999999988,65.0,-1.5466666666666242,1.4433333333336122
2024-04-03 04:05:00,2024-04-03 04:30:00,Long,2285.97,2284.665,-1.3049999999998363,SL Hit,2284.665,1,1242.9349999999881,25.0,-1.7699999999999818,0.9800000000000182
2024-04-03 06:40:00,2024-04-03 06:45:00,Short,2282.41,2282.9350000000004,-0.5250000000005457,SL Hit,2282.9350000000004,1,1242.4099999999876,5.0,0.650000000000091,-0.4899999999997817
2024-04-03 09:30:00,2024-04-03 10:30:00,Long,2271.72,2270.4,-3.959999999999127,SL Hit,2270.4,3,1238.4499999999884,60.0,-1.6199999999998909,2.450000000000273
2024-04-03 11:15:00,2024-04-03 11:25:00,Long,2272.62,2270.3,-4.639999999999418,SL Hit,2270.3,2,1233.809999999989,10.0,-3.7199999999998,0.2899999999999636
2024-04-03 11:30:00,2024-04-03 11:45:00,Short,2270.91,2271.36,-0.45000000000027285,SL Hit,2271.36,1,1233.3599999999888,15.0,0.8000000000001819,-1.1799999999998363
2024-04-03 12:20:00,2024-04-03 12:30:00,Short,2269.35,2269.86,-0.5100000000002183,SL Hit,2269.86,1,1232.8499999999885,10.0,2.900000000000091,-3.3399999999996908
2024-04-03 12:55:00,2024-04-03 18:20:00,Long,2284.8055555555557,2294.18,84.36999999999762,SL Hit,2294.18,9,1317.2199999999862,325.0,-12.44555555555553,10.584444444444216
2024-04-03 20:25:00,2024-04-03 20:30:00,Long,2298.39,2297.3549999999996,-1.0350000000003092,SL Hit,2297.3549999999996,1,1316.1849999999858,5.0,-1.2899999999999636,0.3000000000001819
2024-04-03 23:35:00,2024-04-04 00:00:00,Short,2299.3,2299.3,0.0,SL Hit,2299.3,1,1316.1849999999858,25.0,0.7300000000000182,-3.0100000000002183
2024-04-04 00:45:00,2024-04-04 02:25:00,Long,2300.3379999999997,2300.13,-1.0399999999981446,SL Hit,2300.13,5,1315.1449999999877,100.0,-2.5279999999997926,2.6520000000000437
2024-04-04 03:05:00,2024-04-04 03:20:00,Short,2299.15,2299.84,-0.6900000000000546,SL Hit,2299.84,1,1314.4549999999876,15.0,0.9499999999998181,-2.25
2024-04-04 04:40:00,2024-04-04 05:00:00,Short,2299.21,2299.3450000000003,-0.13500000000021828,SL Hit,2299.3450000000003,1,1314.3199999999874,20.0,0.5799999999999272,-1.5100000000002183
2024-04-04 05:30:00,2024-04-04 07:30:00,Short,2296.773333333333,2297.19,-1.2500000000009095,SL Hit,2297.19,3,1313.0699999999865,120.0,2.1566666666667516,-4.473333333332903
2024-04-04 08:25:00,2024-04-04 09:20:00,Short,2292.1133333333332,2293.04,-2.7800000000002,SL Hit,2293.04,3,1310.2899999999863,55.0,1.646666666666988,-1.4133333333334122
2024-04-04 09:50:00,2024-04-04 10:00:00,Long,2292.99,2292.9750000000004,-0.014999999999417923,SL Hit,2292.9750000000004,1,1310.274999999987,10.0,-0.08999999999969077,0.830000000000382
2024-04-04 10:15:00,2024-04-04 10:35:00,Long,2293.58,2293.025,-0.5549999999998363,SL Hit,2293.025,1,1309.719999999987,20.0,-1.0299999999997453,1.400000000000091
2024-04-04 11:10:00,2024-04-04 11:15:00,Long,2294.76,2294.565,-0.1950000000001637,SL Hit,2294.565,1,1309.524999999987,5.0,-0.3100000000004002,0.3599999999996726
2024-04-04 11:30:00,2024-04-04 12:55:00,Short,2289.9633333333336,2288.28,5.050000000000182,SL Hit,2288.28,3,1314.574999999987,85.0,3.406666666666297,-6.89333333333343
2024-04-04 14:25:00,2024-04-04 14:55:00,Long,2294.4700000000003,2294.81,0.6799999999993815,SL Hit,2294.81,2,1315.2549999999865,30.0,-1.3400000000001455,4.209999999999582
2024-04-04 15:00:00,2024-04-04 17:45:00,Short,2291.792,2291.26,2.6599999999984902,SL Hit,2291.26,5,1317.914999999985,165.0,3.0979999999999563,-5.342000000000098
2024-04-04 18:50:00,2024-04-04 19:00:00,Long,2301.69,2297.7,-7.980000000000473,SL Hit,2297.7,2,1309.9349999999845,10.0,-8.900000000000091,3.3400000000001455
2024-04-04 22:45:00,2024-04-04 22:50:00,Short,2289.49,2289.49,0.0,SL Hit,2289.49,1,1309.9349999999845,5.0,0.06000000000040018,-0.7299999999995634
2024-04-05 00:15:00,2024-04-05 03:00:00,Short,2278.4939999999997,2274.2,21.469999999999345,SL Hit,2274.2,5,1331.4049999999838,165.0,10.356000000000222,-10.513999999999669
2024-04-05 04:35:00,2024-04-05 04:55:00,Long,2278.73,2277.335,-1.3949999999999818,SL Hit,2277.335,1,1330.0099999999838,20.0,-2.5300000000002,0.8600000000001273
2024-04-05 06:30:00,2024-04-05 07:00:00,Short,2279.07,2279.88,-0.8099999999999454,SL Hit,2279.88,1,1329.199999999984,30.0,2.169999999999618,-1.8600000000001273
2024-04-05 07:10:00,2024-04-05 11:10:00,Long,2290.278333333333,2293.04,16.57000000000062,SL Hit,2293.04,6,1345.7699999999845,240.0,-8.098333333333358,5.001666666667006
2024-04-05 13:50:00,2024-04-05 16:15:00,Long,2312.3849999999998,2325.21,76.95000000000164,SL Hit,2325.21,6,1422.7199999999862,145.0,-16.47499999999991,16.77500000000009
2024-04-07 22:05:00,2024-04-07 23:00:00,Short,2317.95,2311.6,12.699999999999818,SL Hit,2311.6,2,1435.419999999986,55.0,8.890000000000327,-12.349999999999909
2024-04-08 00:50:00,2024-04-08 01:15:00,Short,2307.77,2308.625,-0.8550000000000182,SL Hit,2308.625,1,1434.564999999986,25.0,1.6900000000000546,-4.300000000000182
2024-04-08 03:30:00,2024-04-08 03:55:00,Short,2344.04,2344.04,0.0,SL Hit,2344.04,1,1434.564999999986,25.0,1.1300000000001091,-3.3400000000001455
2024-04-08 04:35:00,2024-04-08 06:30:00,Short,2339.348,2337.29,10.289999999999964,SL Hit,2337.29,5,1444.854999999986,115.0,4.932000000000244,-7.947999999999865
2024-04-08 08:05:00,2024-04-08 08:10:00,Long,2339.12,2338.7749999999996,-0.34500000000025466,SL Hit,2338.7749999999996,1,1444.5099999999857,5.0,-1.1599999999998545,0.5700000000001637
2024-04-08 10:10:00,2024-04-08 11:40:00,Long,2338.11,2338.25,0.5599999999994907,SL Hit,2338.25,4,1445.0699999999852,90.0,-1.930000000000291,5.079999999999927
2024-04-08 11:45:00,2024-04-08 14:55:00,Short,2330.112,2328.58,7.660000000000764,SL Hit,2328.58,5,1452.729999999986,190.0,9.16800000000012,-12.012000000000171
2024-04-08 15:05:00,2024-04-08 15:50:00,Long,2328.36,2326.71,-1.650000000000091,SL Hit,2326.71,1,1451.0799999999858,45.0,-2.480000000000018,2.869999999999891
2024-04-08 17:15:00,2024-04-08 19:10:00,Long,2334.2400000000002,2337.85,14.43999999999869,SL Hit,2337.85,4,1465.5199999999845,115.0,-5.550000000000182,7.549999999999727
2024-04-08 21:00:00,2024-04-08 22:00:00,Long,2338.75,2338.75,0.0,SL Hit,2338.75,1,1465.5199999999845,60.0,-2.349999999999909,0.2899999999999636
2024-04-08 22:20:00,2024-04-08 22:30:00,Short,2337.67,2338.0299999999997,-0.3599999999996726,SL Hit,2338.0299999999997,1,1465.1599999999848,10.0,0.4800000000000182,-0.8699999999998909
2024-04-08 23:05:00,2024-04-08 23:50:00,Long,2339.105,2338.2,-1.8100000000004002,SL Hit,2338.2,2,1463.3499999999844,45.0,-1.7049999999999272,1.1950000000001637
2024-04-09 00:05:00,2024-04-09 00:20:00,Long,2340.1,2339.6800000000003,-0.419999999999618,SL Hit,2339.6800000000003,1,1462.9299999999848,15.0,-0.8399999999996908,1.4400000000000546
2024-04-09 00:55:00,2024-04-09 01:00:00,Long,2340.72,2339.1899999999996,-1.5300000000002,SL Hit,2339.1899999999996,1,1461.3999999999846,5.0,-2.6599999999998545,0.14000000000032742
2024-04-09 04:00:00,2024-04-09 04:15:00,Short,2344.03,2344.33,-0.29999999999972715,SL Hit,2344.33,1,1461.099999999985,15.0,1.319999999999709,-1.0300000000002
2024-04-09 05:20:00,2024-04-09 05:25:00,Long,2345.24,2345.24,0.0,SL Hit,2345.24,1,1461.099999999985,5.0,-0.1499999999996362,0.580000000000382
2024-04-09 08:55:00,2024-04-09 10:05:00,Long,2359.9049999999997,2362.1,4.390000000000327,SL Hit,2362.1,2,1465.4899999999852,70.0,-2.8349999999995816,5.135000000000218
2024-04-09 10:50:00,2024-04-09 12:05:00,Short,2355.55,2355.29,0.5200000000004366,SL Hit,2355.29,2,1466.0099999999857,75.0,2.2100000000000364,-5.600000000000364
2024-04-09 12:15:00,2024-04-09 12:20:00,Long,2354.45,2353.175,-1.2749999999996362,SL Hit,2353.175,1,1464.734999999986,5.0,-4.589999999999691,2.830000000000382
2024-04-09 15:10:00,2024-04-09 15:15:00,Short,2346.78,2348.145,-1.3649999999997817,SL Hit,2348.145,1,1463.3699999999862,5.0,2.8299999999999272,-1.8700000000003456
2024-04-09 17:15:00,2024-04-09 17:25:00,Long,2343.67,2343.46,-0.21000000000003638,SL Hit,2343.46,1,1463.1599999999862,10.0,-0.6900000000000546,1.4200000000000728
2024-04-09 17:35:00,2024-04-09 19:05:00,Long,2347.4725000000003,2347.98,2.029999999998836,SL Hit,2347.98,4,1465.189999999985,90.0,-2.7825000000002547,2.3174999999996544
2024-04-09 22:10:00,2024-04-09 22:35:00,Short,2352.69,2353.43,-1.4799999999995634,SL Hit,2353.43,2,1463.7099999999855,25.0,1.2300000000000182,-2.3899999999998727
2024-04-10 00:30:00,2024-04-10 00:35:00,Short,2352.49,2352.6549999999997,-0.16499999999996362,SL Hit,2352.6549999999997,1,1463.5449999999855,5.0,0.5700000000001637,-0.5
2024-04-10 01:00:00,2024-04-10 01:55:00,Short,2349.065,2348.22,1.6900000000005093,SL Hit,2348.22,2,1465.234999999986,55.0,2.5549999999998363,-4.164999999999964
2024-04-10 04:10:00,2024-04-10 05:45:00,Long,2355.1925,2357.48,9.149999999999636,SL Hit,2357.48,4,1474.3849999999857,95.0,-2.362500000000182,4.707499999999982
2024-04-10 05:50:00,2024-04-10 06:05:00,Short,2357.45,2358.215,-0.7650000000003274,SL Hit,2358.215,1,1473.6199999999853,15.0,0.8000000000001819,-1.3099999999999454
2024-04-10 07:45:00,2024-04-10 08:25:00,Short,2354.58,2354.58,0.0,SL Hit,2354.58,1,1473.6199999999853,40.0,0.07999999999992724,-2.119999999999891
2024-04-10 09:10:00,2024-04-10 10:30:00,Short,2349.13,2348.23,2.700000000000273,SL Hit,2348.23,3,1476.3199999999856,80.0,5.199999999999818,-4.130000000000109
2024-04-10 13:35:00,2024-04-10 13:40:00,Short,2327.83,2330.575,-2.744999999999891,SL Hit,2330.575,1,1473.5749999999857,5.0,4.7400000000002365,-2.480000000000018
2024-04-10 18:30:00,2024-04-10 19:50:00,Short,2332.5299999999997,2330.35,4.359999999999673,SL Hit,2330.35,2,1477.9349999999854,80.0,3.300000000000182,-6.089999999999691
2024-04-10 20:00:00,2024-04-10 20:50:00,Long,2331.2966666666666,2331.6,0.9099999999998545,SL Hit,2331.6,3,1478.8449999999852,50.0,-2.096666666666806,2.2033333333333758
2024-04-10 22:45:00,2024-04-10 23:05:00,Long,2335.73,2335.3099999999995,-0.4200000000005275,SL Hit,2335.3099999999995,1,1478.4249999999847,20.0,-1.4299999999998363,1.0199999999999818
2024-04-11 00:00:00,2024-04-11 00:20:00,Short,2335.39,2335.39,0.0,SL Hit,2335.39,1,1478.4249999999847,20.0,0.25,-1.900000000000091
2024-04-11 00:50:00,2024-04-11 01:00:00,Short,2335.0,2335.4800000000005,-0.48000000000047294,SL Hit,2335.4800000000005,1,1477.9449999999842,10.0,1.5599999999999454,-0.9200000000000728
2024-04-11 02:30:00,2024-04-11 04:25:00,Long,2343.16,2343.24,0.31999999999970896,SL Hit,2343.24,4,1478.264999999984,115.0,-3.4600000000000364,3.430000000000291
2024-04-11 04:50:00,2024-04-11 04:55:00,Short,2343.03,2343.1800000000003,-0.15000000000009095,SL Hit,2343.1800000000003,1,1478.1149999999839,5.0,0.29999999999972715,-0.8000000000001819
2024-04-11 08:05:00,2024-04-11 09:30:00,Short,2334.1549999999997,2332.58,3.149999999999636,SL Hit,2332.58,2,1481.2649999999835,85.0,3.3850000000002183,-8.954999999999927
2024-04-11 12:05:00,2024-04-11 12:30:00,Short,2336.83,2338.4350000000004,-1.605000000000473,SL Hit,2338.4350000000004,1,1479.659999999983,25.0,5.710000000000036,-4.5900000000001455
2024-04-11 13:20:00,2024-04-11 13:25:00,Long,2343.32,2342.375,-0.9450000000001637,SL Hit,2342.375,1,1478.7149999999829,5.0,-2.4600000000000364,1.2599999999997635
2024-04-11 16:05:00,2024-04-11 16:15:00,Long,2344.06,2344.06,0.0,SL Hit,2344.06,1,1478.7149999999829,10.0,-0.3200000000001637,2.269999999999982
2024-04-11 17:55:00,2024-04-11 20:55:00,Long,2364.1625000000004,2371.8,30.549999999999272,SL Hit,2371.8,4,1509.2649999999821,180.0,-8.762500000000273,13.367499999999836
2024-04-11 23:05:00,2024-04-11 23:45:00,Long,2374.53,2374.365,-0.16500000000041837,SL Hit,2374.365,1,1509.0999999999817,40.0,-0.7300000000000182,2.199999999999818
2024-04-11 23:55:00,2024-04-12 02:50:00,Long,2380.638,2387.4,33.810000000000855,SL Hit,2387.4,5,1542.9099999999826,175.0,-6.337999999999738,14.14200000000028
2024-04-12 03:35:00,2024-04-12 04:50:00,Short,2386.165,2386.86,-1.3900000000003274,SL Hit,2386.86,2,1541.5199999999822,75.0,2.7950000000000728,-3.6649999999999636
2024-04-12 08:35:00,2024-04-12 08:50:00,Short,2396.81,2397.1400000000003,-0.330000000000382,SL Hit,2397.1400000000003,1,1541.1899999999819,15.0,1.4800000000000182,-2.619999999999891
2024-04-12 12:30:00,2024-04-12 12:35:00,Long,2394.83,2394.755,-0.0749999999998181,SL Hit,2394.755,1,1541.114999999982,5.0,-0.6399999999998727,1.8099999999999454
2024-04-12 13:00:00,2024-04-12 13:30:00,Long,2397.7966666666666,2394.27,-10.579999999999927,SL Hit,2394.27,3,1530.5349999999821,30.0,-3.9266666666667334,1.3633333333332303
2024-04-12 13:35:00,2024-04-12 13:40:00,Short,2398.33,2398.6900000000005,-0.3600000000005821,SL Hit,2398.6900000000005,1,1530.1749999999815,5.0,4.050000000000182,-3.0900000000001455
2024-04-12 17:15:00,2024-04-12 19:20:00,Short,2350.0266666666666,2340.37,28.970000000000255,SL Hit,2340.37,3,1559.1449999999818,125.0,13.083333333333485,-15.436666666666497
2024-04-12 19:45:00,2024-04-12 20:00:00,Long,2342.64,2342.55,-0.08999999999969077,SL Hit,2342.55,1,1559.054999999982,15.0,-0.4800000000000182,2.5700000000001637
2024-04-12 20:40:00,2024-04-12 20:45:00,Short,2342.77,2343.2200000000003,-0.45000000000027285,SL Hit,2343.2200000000003,1,1558.6049999999818,5.0,0.8299999999999272,-0.44000000000005457
2024-04-15 00:30:00,2024-04-15 02:05:00,Short,2356.77,2357.83,-3.1799999999998363,SL Hit,2357.83,3,1555.424999999982,95.0,4.079999999999927,-7.119999999999891
2024-04-15 03:10:00,2024-04-15 03:25:00,Short,2357.93,2358.26,-0.330000000000382,SL Hit,2358.26,1,1555.0949999999816,15.0,0.6600000000003092,-3.1299999999996544
2024-04-15 04:40:00,2024-04-15 04:50:00,Short,2356.71,2356.71,0.0,SL Hit,2356.71,1,1555.0949999999816,10.0,0.6100000000001273,-1.1100000000001273
2024-04-15 05:05:00,2024-04-15 05:15:00,Short,2355.97,2355.97,0.0,SL Hit,2355.97,1,1555.0949999999816,10.0,0.19000000000005457,-2.799999999999727
2024-04-15 06:40:00,2024-04-15 07:25:00,Short,2355.075,2355.88,-1.610000000000582,SL Hit,2355.88,2,1553.484999999981,45.0,3.1649999999999636,-3.444999999999709
2024-04-15 07:50:00,2024-04-15 07:55:00,Short,2352.44,2353.055,-0.6149999999997817,SL Hit,2353.055,1,1552.8699999999812,5.0,1.1100000000001273,-1.6700000000000728
2024-04-15 08:00:00,2024-04-15 08:05:00,Short,2352.61,2352.61,0.0,SL Hit,2352.61,1,1552.8699999999812,5.0,3.119999999999891,-3.2400000000002365
2024-04-15 12:15:00,2024-04-15 12:25:00,Short,2356.35,2356.95,-0.599999999999909,SL Hit,2356.95,1,1552.2699999999813,10.0,1.6399999999998727,-1.7199999999998
2024-04-15 18:35:00,2024-04-15 20:30:00,Long,2379.2000000000003,2382.0,8.399999999999181,SL Hit,2382.0,3,1560.6699999999805,115.0,-11.220000000000255,7.599999999999909
2024-04-15 23:30:00,2024-04-16 00:30:00,Short,2384.51,2384.83,-0.6399999999994179,SL Hit,2384.83,2,1560.029999999981,60.0,1.4399999999995998,-4.510000000000218
2024-04-16 10:50:00,2024-04-16 11:00:00,Short,2369.67,2370.8099999999995,-1.139999999999418,SL Hit,2370.8099999999995,1,1558.8899999999817,10.0,3.099999999999909,-0.9700000000002547
2024-04-16 12:50:00,2024-04-16 13:00:00,Long,2375.08,2373.6850000000004,-1.394999999999527,SL Hit,2373.6850000000004,1,1557.4949999999822,10.0,-2.1900000000000546,1.2899999999999636
2024-04-16 14:15:00,2024-04-16 14:40:00,Short,2369.1099999999997,2371.74,-5.260000000000218,SL Hit,2371.74,2,1552.234999999982,25.0,5.070000000000164,-4.349999999999454
2024-04-16 16:35:00,2024-04-16 17:20:00,Long,2390.24,2389.2050000000004,-1.0349999999993997,SL Hit,2389.2050000000004,1,1551.1999999999825,45.0,-3.919999999999618,7.510000000000218
2024-04-16 19:55:00,2024-04-16 22:25:00,Short,2387.23,2385.36,3.7399999999997817,SL Hit,2385.36,2,1554.9399999999823,150.0,2.9299999999998363,-8.579999999999927
2024-04-17 01:05:00,2024-04-17 01:25:00,Long,2383.26,2382.06,-1.2000000000002728,SL Hit,2382.06,1,1553.739999999982,20.0,-1.6300000000001091,1.7299999999995634
2024-04-17 03:20:00,2024-04-17 04:25:00,Short,2382.02,2382.91,-1.7799999999997453,SL Hit,2382.91,2,1551.9599999999823,65.0,0.9499999999998181,-1.7199999999998
2024-04-17 04:30:00,2024-04-17 04:35:00,Long,2381.1,2380.35,-0.75,SL Hit,2380.35,1,1551.2099999999823,5.0,-1.099999999999909,0.9100000000003092
2024-04-17 04:40:00,2024-04-17 04:45:00,Short,2381.75,2381.93,-0.1799999999998363,SL Hit,2381.93,1,1551.0299999999825,5.0,0.38000000000010914,-0.5799999999999272
2024-04-17 05:15:00,2024-04-17 06:35:00,Short,2378.91,2377.61,2.5999999999994543,SL Hit,2377.61,2,1553.629999999982,80.0,2.3299999999999272,-6.089999999999691
2024-04-17 06:40:00,2024-04-17 10:10:00,Long,2384.6725,2390.6,23.709999999999127,SL Hit,2390.6,4,1577.339999999981,210.0,-7.962500000000091,9.297499999999673
2024-04-17 11:50:00,2024-04-17 12:00:00,Long,2387.3,2386.3999999999996,-0.9000000000005457,SL Hit,2386.3999999999996,1,1576.4399999999805,10.0,-1.0,1.6799999999998363
2024-04-17 13:20:00,2024-04-17 15:10:00,Long,2390.5333333333333,2389.01,-4.569999999999254,SL Hit,2389.01,3,1571.8699999999812,110.0,-4.573333333333267,4.736666666666679
2024-04-17 16:05:00,2024-04-17 18:05:00,Short,2378.285,2375.93,4.710000000000036,SL Hit,2375.93,2,1576.5799999999813,120.0,5.175000000000182,-17.065000000000055
2024-04-17 20:25:00,2024-04-17 22:40:00,Short,2369.0950000000003,2366.02,6.150000000000546,SL Hit,2366.02,2,1582.7299999999818,135.0,3.5949999999998,-10.585000000000036
2024-04-17 23:50:00,2024-04-18 00:15:00,Long,2366.59,2365.8549999999996,-0.7350000000005821,SL Hit,2365.8549999999996,1,1581.9949999999812,25.0,-0.7899999999999636,2.949999999999818
2024-04-18 00:55:00,2024-04-18 01:20:00,Long,2369.615,2368.45,-2.3299999999999272,SL Hit,2368.45,2,1579.6649999999813,25.0,-1.3449999999998,1.8850000000002183
2024-04-18 03:40:00,2024-04-18 03:45:00,Long,2374.37,2374.37,0.0,SL Hit,2374.37,1,1579.6649999999813,5.0,-0.27999999999974534,0.7400000000002365
2024-04-18 04:10:00,2024-04-18 04:15:00,Short,2373.19,2373.67,-0.4800000000000182,SL Hit,2373.67,1,1579.1849999999813,5.0,0.7199999999997999,-1.0900000000001455
2024-04-18 04:30:00,2024-04-18 04:40:00,Long,2375.01,2374.6049999999996,-0.40500000000065484,SL Hit,2374.6049999999996,1,1578.7799999999806,10.0,-0.7600000000002183,1.4099999999998545
2024-04-18 07:00:00,2024-04-18 07:25:00,Long,2379.9500000000003,2377.6,-7.050000000001091,SL Hit,2377.6,3,1571.7299999999796,25.0,-2.3900000000003274,0.4899999999997817
2024-04-18 08:50:00,2024-04-18 08:55:00,Long,2379.38,2379.38,0.0,SL Hit,2379.38,1,1571.7299999999796,5.0,-0.09999999999990905,1.1900000000000546
2024-04-18 12:50:00,2024-04-18 13:35:00,Long,2386.7966666666666,2382.67,-12.379999999999654,SL Hit,2382.67,3,1559.34999999998,45.0,-8.836666666666588,5.433333333333394
2024-04-18 14:15:00,2024-04-18 14:20:00,Long,2382.39,2382.255,-0.13499999999976353,SL Hit,2382.255,1,1559.2149999999801,5.0,-3.6799999999998363,1.75
2024-04-18 14:30:00,2024-04-18 14:55:00,Short,2377.74,2379.7650000000003,-2.0250000000005457,SL Hit,2379.7650000000003,1,1557.1899999999796,25.0,4.630000000000109,-8.069999999999709
2024-04-18 20:25:00,2024-04-18 22:00:00,Short,2378.96,2379.17,-0.21000000000003638,SL Hit,2379.17,1,1556.9799999999796,95.0,0.6199999999998909,-2.0100000000002183
2024-04-18 22:35:00,2024-04-18 23:55:00,Long,2379.7900000000004,2379.4,-1.1700000000009823,SL Hit,2379.4,3,1555.8099999999786,80.0,-1.7900000000004184,1.5299999999997453
2024-04-19 00:00:00,2024-04-19 01:00:00,Short,2379.59,2379.7549999999997,-0.16499999999950887,SL Hit,2379.7549999999997,1,1555.644999999979,60.0,4.269999999999982,-6.4900000000002365
2024-04-19 01:05:00,2024-04-19 02:35:00,Long,2395.56,2404.93,18.73999999999978,SL Hit,2404.93,2,1574.3849999999788,90.0,-12.820000000000164,21.659999999999854
2024-04-19 05:40:00,2024-04-19 06:05:00,Short,2383.17,2383.7400000000002,-0.5700000000001637,SL Hit,2383.7400000000002,1,1573.8149999999787,25.0,1.6799999999998363,-4.190000000000055
2024-04-19 09:30:00,2024-04-19 09:45:00,Short,2383.44,2383.44,0.0,SL Hit,2383.44,1,1573.8149999999787,15.0,0.8299999999999272,-3.1900000000000546
2024-04-19 11:00:00,2024-04-19 12:25:00,Short,2379.6,2380.75,-2.300000000000182,SL Hit,2380.75,2,1571.5149999999785,85.0,1.5300000000002,-6.610000000000127
2024-04-19 12:40:00,2024-04-19 12:50:00,Long,2381.88,2381.685,-0.1950000000001637,SL Hit,2381.685,1,1571.3199999999783,10.0,-1.0799999999999272,2.1799999999998363
2024-04-19 14:50:00,2024-04-19 14:55:00,Long,2389.57,2389.3599999999997,-0.21000000000049113,SL Hit,2389.3599999999997,1,1571.1099999999778,5.0,-1.0,1.569999999999709
2024-04-19 20:20:00,2024-04-19 20:25:00,Short,2387.8,2388.1,-0.29999999999972715,SL Hit,2388.1,1,1570.8099999999781,5.0,1.1399999999998727,-0.15000000000009095
2024-04-21 22:10:00,2024-04-21 23:05:00,Short,2384.705,2385.33,-1.25,SL Hit,2385.33,2,1569.5599999999781,55.0,1.7950000000000728,-3.505000000000109
2024-04-22 00:40:00,2024-04-22 01:05:00,Short,2383.15,2383.15,0.0,SL Hit,2383.15,1,1569.5599999999781,25.0,0.8399999999996908,-2.349999999999909
2024-04-22 05:00:00,2024-04-22 05:25:00,Short,2369.51,2369.51,0.0,SL Hit,2369.51,1,1569.5599999999781,25.0,0.5799999999999272,-2.2100000000000364
2024-04-22 06:35:00,2024-04-22 07:55:00,Short,2361.265,2359.88,2.769999999999527,SL Hit,2359.88,2,1572.3299999999776,80.0,3.355000000000018,-9.404999999999745
2024-04-22 10:25:00,2024-04-22 12:30:00,Short,2352.22,2347.25,14.9099999999994,SL Hit,2347.25,3,1587.239999999977,125.0,7.760000000000218,-14.709999999999582
2024-04-22 17:55:00,2024-04-22 19:10:00,Short,2330.23,2331.36,-2.2600000000002183,SL Hit,2331.36,2,1584.9799999999768,75.0,1.3200000000001637,-5.010000000000218
2024-04-22 20:05:00,2024-04-22 20:15:00,Short,2329.12,2329.12,0.0,SL Hit,2329.12,1,1584.9799999999768,10.0,0.42000000000007276,-0.7199999999997999
2024-04-22 22:50:00,2024-04-22 23:00:00,Long,2330.24,2329.865,-0.375,SL Hit,2329.865,1,1584.6049999999768,10.0,-0.9399999999995998,0.75
2024-04-23 04:35:00,2024-04-23 05:00:00,Long,2307.0699999999997,2304.81,-4.519999999999527,SL Hit,2304.81,2,1580.0849999999773,25.0,-2.4799999999995634,0.5600000000004002
2024-04-23 10:10:00,2024-04-23 15:05:00,Long,2308.45125,2315.21,54.06999999999971,SL Hit,2315.21,8,1634.154999999977,295.0,-10.101250000000164,23.268749999999727
2024-04-23 15:10:00,2024-04-23 15:15:00,Short,2318.94,2319.69,-0.75,SL Hit,2319.69,1,1633.404999999977,5.0,2.6100000000001273,-0.32999999999992724
2024-04-23 18:35:00,2024-04-23 22:45:00,Short,2323.0460000000003,2322.55,2.480000000000473,SL Hit,2322.55,5,1635.8849999999775,250.0,3.363999999999578,-2.4460000000003674
2024-04-24 02:55:00,2024-04-24 04:50:00,Long,2325.33,2326.2,3.4799999999995634,SL Hit,2326.2,4,1639.364999999977,115.0,-4.7199999999998,4.5900000000001455
2024-04-24 05:00:00,2024-04-24 05:25:00,Short,2326.59,2326.6049999999996,-0.014999999999417923,SL Hit,2326.6049999999996,1,1639.3499999999776,25.0,0.27999999999974534,-2.6900000000000546
2024-04-24 08:45:00,2024-04-24 09:15:00,Long,2317.545,2316.21,-2.6700000000000728,SL Hit,2316.21,2,1636.6799999999776,30.0,-4.2150000000001455,1.6449999999999818
2024-04-24 11:10:00,2024-04-24 11:25:00,Short,2315.0,2316.0950000000003,-1.0950000000002547,SL Hit,2316.0950000000003,1,1635.5849999999773,15.0,1.1599999999998545,-2.199999999999818
2024-04-24 12:35:00,2024-04-24 14:15:00,Long,2319.0833333333335,2317.33,-5.260000000000673,SL Hit,2317.33,3,1630.3249999999766,100.0,-4.253333333333558,6.336666666666588
2024-04-25 00:15:00,2024-04-25 00:25:00,Long,2316.95,2316.95,0.0,SL Hit,2316.95,1,1630.3249999999766,10.0,-0.9499999999998181,1.25
2024-04-25 00:30:00,2024-04-25 01:10:00,Long,2317.625,2316.0,-3.25,SL Hit,2316.0,2,1627.0749999999766,40.0,-1.625,1.675000000000182
2024-04-25 01:45:00,2024-04-25 02:10:00,Long,2319.116666666667,2318.44,-2.0300000000002,SL Hit,2318.44,3,1625.0449999999764,25.0,-0.716666666666697,1.4433333333331575
2024-04-25 05:35:00,2024-04-25 06:15:00,Long,2317.5299999999997,2318.07,1.620000000001255,SL Hit,2318.07,3,1626.6649999999777,40.0,-1.0299999999997453,3.050000000000182
2024-04-25 06:50:00,2024-04-25 07:10:00,Long,2320.29,2320.2450000000003,-0.04499999999961801,SL Hit,2320.2450000000003,1,1626.619999999978,20.0,-0.5900000000001455,3.119999999999891
2024-04-25 09:20:00,2024-04-25 10:25:00,Short,2326.085,2326.27,-0.36999999999989086,SL Hit,2326.27,2,1626.2499999999782,65.0,0.6849999999999454,-2.5850000000000364
2024-04-25 12:15:00,2024-04-25 12:30:00,Short,2327.04,2327.0699999999997,-0.02999999999974534,SL Hit,2327.0699999999997,1,1626.2199999999784,15.0,3.1599999999998545,-3.0099999999997635
2024-04-25 17:45:00,2024-04-25 17:50:00,Long,2330.58,2330.4750000000004,-0.10499999999956344,SL Hit,2330.4750000000004,1,1626.1149999999789,5.0,-0.32999999999992724,0.7100000000000364
2024-04-25 23:00:00,2024-04-26 00:00:00,Short,2331.71,2331.27,1.3200000000001637,SL Hit,2331.27,3,1627.434999999979,60.0,0.8200000000001637,-2.3099999999999454
2024-04-26 00:05:00,2024-04-26 00:15:00,Long,2329.7,2329.7,0.0,SL Hit,2329.7,1,1627.434999999979,10.0,-0.7999999999997272,1.2600000000002183
2024-04-26 00:20:00,2024-04-26 01:30:00,Short,2329.885,2330.27,-0.7699999999995271,SL Hit,2330.27,2,1626.6649999999795,70.0,1.044999999999618,-3.4650000000001455
2024-04-26 05:55:00,2024-04-26 08:20:00,Long,2342.5925,2344.24,6.5899999999983265,SL Hit,2344.24,4,1633.2549999999778,145.0,-6.1225000000004,6.617499999999836
2024-04-26 11:35:00,2024-04-26 12:30:00,Short,2344.4700000000003,2346.03,-3.119999999999891,SL Hit,2346.03,2,1630.134999999978,55.0,4.069999999999709,-2.3600000000001273
2024-04-26 13:40:00,2024-04-26 14:00:00,Short,2342.27,2342.27,0.0,SL Hit,2342.27,1,1630.134999999978,20.0,2.130000000000109,-5.329999999999927
2024-04-26 19:30:00,2024-04-26 19:40:00,Short,2338.26,2338.26,0.0,SL Hit,2338.26,1,1630.134999999978,10.0,0.009999999999763531,-1.1000000000003638
2024-04-26 20:25:00,2024-04-28 23:25:00,Short,2335.6866666666665,2335.91,-0.6700000000000728,SL Hit,2335.91,3,1629.4649999999779,3060.0,3.063333333333503,-2.186666666666497
2024-04-29 00:15:00,2024-04-29 00:20:00,Short,2335.43,2335.43,0.0,SL Hit,2335.43,1,1629.4649999999779,5.0,0.11000000000012733,-1.3299999999999272
2024-04-29 00:25:00,2024-04-29 01:55:00,Short,2332.2166666666667,2329.42,8.389999999999873,SL Hit,2329.42,3,1637.8549999999777,90.0,3.4633333333331393,-9.906666666666752
2024-04-29 02:05:00,2024-04-29 02:10:00,Long,2329.01,2328.1099999999997,-0.9000000000005457,SL Hit,2328.1099999999997,1,1636.9549999999772,5.0,-1.5100000000002183,0.669999999999618
2024-04-29 02:45:00,2024-04-29 04:05:00,Short,2326.565,2329.25,-5.369999999999891,SL Hit,2329.25,2,1631.5849999999773,80.0,3.3849999999997635,-2.6550000000002
2024-04-29 04:55:00,2024-04-29 05:35:00,Long,2333.8199999999997,2331.71,-4.219999999999345,SL Hit,2331.71,2,1627.364999999978,40.0,-2.919999999999618,2.4900000000002365
2024-04-29 05:40:00,2024-04-29 06:15:00,Short,2332.35,2332.785,-0.43499999999994543,SL Hit,2332.785,1,1626.929999999978,35.0,0.9100000000003092,-3.150000000000091
2024-04-29 08:05:00,2024-04-29 08:10:00,Long,2336.6,2336.6,0.0,SL Hit,2336.6,1,1626.929999999978,5.0,-0.5,0.9800000000000182
2024-04-29 08:30:00,2024-04-29 09:00:00,Long,2338.18,2337.67,-1.5299999999992906,SL Hit,2337.67,3,1625.3999999999787,30.0,-1.319999999999709,3.0399999999999636
2024-04-29 10:35:00,2024-04-29 13:20:00,Short,2339.0299999999997,2333.77,21.039999999999054,SL Hit,2333.77,4,1646.4399999999778,165.0,4.110000000000127,-10.489999999999782
2024-04-29 13:25:00,2024-04-29 13:40:00,Long,2334.025,2331.06,-5.930000000000291,SL Hit,2331.06,2,1640.5099999999775,15.0,-7.704999999999927,2.494999999999891
2024-04-29 15:35:00,2024-04-29 17:35:00,Long,2342.0,2343.91,9.549999999999272,SL Hit,2343.91,5,1650.0599999999768,120.0,-5.630000000000109,4.239999999999782
2024-04-29 19:35:00,2024-04-29 19:50:00,Short,2334.02,2334.89,-0.8699999999998909,SL Hit,2334.89,1,1649.1899999999769,15.0,1.0,-1.0900000000001455
2024-04-29 23:00:00,2024-04-30 00:30:00,Short,2333.536666666667,2333.9,-2.1799999999993815,SL Hit,2333.9,6,1647.0099999999775,90.0,1.453333333332921,-1.8266666666668243
2024-04-30 01:55:00,2024-04-30 02:00:00,Long,2334.46,2333.4849999999997,-0.9750000000003638,Bearish Trade Reversal,2333.4849999999997,1,1646.0349999999771,5.0,-1.5900000000001455,0.2300000000000182
2024-04-30 02:00:00,2024-04-30 06:55:00,Short,2327.057142857143,2322.75,30.150000000000546,SL Hit,2322.75,7,1676.1849999999777,295.0,7.25285714285701,-7.827142857142917
2024-04-30 08:25:00,2024-04-30 09:20:00,Short,2315.72,2315.72,0.0,SL Hit,2315.72,1,1676.1849999999777,55.0,0.7400000000002365,-4.730000000000018
2024-04-30 10:15:00,2024-04-30 10:20:00,Long,2317.15,2316.925,-0.22499999999990905,SL Hit,2316.925,1,1675.9599999999778,5.0,-1.1399999999998727,0.11000000000012733
2024-04-30 10:25:00,2024-04-30 10:35:00,Long,2317.0550000000003,2316.01,-2.0900000000001455,SL Hit,2316.01,2,1673.8699999999776,10.0,-1.0950000000002547,0.7549999999996544
2024-04-30 10:40:00,2024-04-30 10:45:00,Short,2316.01,2316.01,0.0,SL Hit,2316.01,1,1673.8699999999776,5.0,0.2199999999997999,-0.7700000000004366
2024-04-30 10:55:00,2024-04-30 13:35:00,Short,2311.0671428571427,2306.53,31.75999999999749,SL Hit,2306.53,7,1705.629999999975,160.0,6.072857142857174,-8.08714285714268
2024-04-30 18:00:00,2024-04-30 18:40:00,Long,2296.585,2293.6,-5.970000000000255,SL Hit,2293.6,2,1699.6599999999748,40.0,-3.1350000000002183,0.6549999999997453
2024-04-30 18:45:00,2024-04-30 19:25:00,Short,2292.5950000000003,2292.73,-0.26999999999952706,SL Hit,2292.73,2,1699.3899999999753,40.0,0.8549999999995634,-2.725000000000364
2024-04-30 19:30:00,2024-04-30 19:35:00,Long,2292.7,2292.7,0.0,SL Hit,2292.7,1,1699.3899999999753,5.0,-0.4600000000000364,1.2100000000000364
2024-04-30 19:40:00,2024-04-30 19:50:00,Long,2292.51,2292.51,0.0,SL Hit,2292.51,1,1699.3899999999753,10.0,-0.3100000000004002,2.269999999999982
2024-04-30 20:00:00,2024-04-30 20:30:00,Long,2291.715,2289.61,-4.210000000000036,SL Hit,2289.61,2,1695.1799999999753,30.0,-5.275000000000091,1.6849999999999454
2024-04-30 21:00:00,2024-04-30 22:00:00,Short,2286.3,2286.3,0.0,SL Hit,2286.3,1,1695.1799999999753,60.0,2.7799999999997453,-0.6600000000003092
2024-04-30 23:30:00,2024-04-30 23:50:00,Long,2292.06,2291.2200000000003,-0.8399999999996908,SL Hit,2291.2200000000003,1,1694.3399999999756,20.0,-0.9499999999998181,0.8299999999999272
2024-05-01 00:00:00,2024-05-01 01:45:00,Short,2289.8366666666666,2288.48,4.069999999999709,SL Hit,2288.48,3,1698.4099999999753,105.0,2.9533333333333758,-4.036666666666406
2024-05-01 02:45:00,2024-05-01 03:05:00,Long,2287.455,2287.0,-0.9099999999998545,SL Hit,2287.0,2,1697.4999999999754,20.0,-0.45499999999992724,0.9450000000001637
2024-05-01 03:15:00,2024-05-01 03:25:00,Short,2287.28,2287.28,0.0,SL Hit,2287.28,1,1697.4999999999754,10.0,0.07999999999992724,-1.7300000000000182
2024-05-01 03:45:00,2024-05-01 05:40:00,Short,2285.62,2285.62,0.0,SL Hit,2285.62,1,1697.4999999999754,115.0,1.800000000000182,-1.7799999999997453
2024-05-01 06:55:00,2024-05-01 09:00:00,Short,2285.693333333333,2286.41,-2.150000000000091,SL Hit,2286.41,3,1695.3499999999754,125.0,2.236666666666679,-2.4933333333333394
2024-05-01 09:40:00,2024-05-01 11:20:00,Long,2291.042,2291.38,1.690000000000964,SL Hit,2291.38,5,1697.0399999999763,100.0,-2.3420000000000982,3.048000000000229
2024-05-01 12:15:00,2024-05-01 12:20:00,Long,2296.11,2295.72,-0.3900000000003274,SL Hit,2295.72,1,1696.649999999976,5.0,-1.0900000000001455,1.7699999999999818
2024-05-01 12:40:00,2024-05-01 13:15:00,Long,2296.91,2294.91,-4.0,SL Hit,2294.91,2,1692.649999999976,35.0,-2.2100000000000364,2.7800000000002
2024-05-01 13:25:00,2024-05-01 14:45:00,Long,2301.47,2299.4,-6.209999999999127,SL Hit,2299.4,3,1686.4399999999769,80.0,-3.6899999999996,8.330000000000382
2024-05-01 17:10:00,2024-05-01 18:00:00,Short,2304.245,2304.72,-0.9499999999998181,SL Hit,2304.72,2,1685.489999999977,50.0,1.7650000000003274,-6.474999999999909
2024-05-01 18:10:00,2024-05-01 19:20:00,Long,2308.63,2316.7,16.139999999999418,SL Hit,2316.7,2,1701.6299999999765,70.0,-6.400000000000091,18.679999999999836
2024-05-01 19:50:00,2024-05-01 20:15:00,Short,2315.42,2315.855,-0.43499999999994543,SL Hit,2315.855,1,1701.1949999999765,25.0,0.7699999999999818,-8.2800000000002
2024-05-02 05:10:00,2024-05-02 06:10:00,Short,2315.675,2315.98,-0.6099999999996726,SL Hit,2315.98,2,1700.5849999999768,60.0,1.0850000000000364,-3.175000000000182
2024-05-02 07:10:00,2024-05-02 07:20:00,Short,2311.41,2311.41,0.0,SL Hit,2311.41,1,1700.5849999999768,10.0,0.41000000000030923,-3.2199999999998
2024-05-02 09:25:00,2024-05-02 11:05:00,Short,2300.77,2302.37,-3.199999999999818,SL Hit,2302.37,2,1697.384999999977,100.0,2.849999999999909,-5.320000000000164
2024-05-02 12:20:00,2024-05-02 12:55:00,Long,2299.14,2298.67,-0.9399999999995998,SL Hit,2298.67,2,1696.4449999999774,35.0,-5.400000000000091,4.940000000000055
2024-05-02 15:40:00,2024-05-02 16:30:00,Short,2301.2933333333335,2301.42,-0.3799999999996544,SL Hit,2301.42,3,1696.0649999999778,50.0,3.2966666666666242,-4.093333333333703
2024-05-02 19:10:00,2024-05-02 20:55:00,Short,2303.4599999999996,2303.51,-0.15000000000190994,SL Hit,2303.51,3,1695.9149999999759,105.0,2.7500000000004547,-2.569999999999709
2024-05-03 00:20:00,2024-05-03 00:50:00,Short,2302.38,2302.785,-0.40499999999974534,SL Hit,2302.785,1,1695.5099999999761,30.0,1.0199999999999818,-2.480000000000018
2024-05-03 01:35:00,2024-05-03 03:00:00,Short,2303.4666666666667,2301.72,5.240000000000691,SL Hit,2301.72,3,1700.7499999999768,85.0,2.4633333333331393,-4.066666666666606
2024-05-03 06:00:00,2024-05-03 08:05:00,Short,2301.21,2301.04,0.680000000000291,SL Hit,2301.04,4,1701.429999999977,125.0,4.949999999999818,-3.369999999999891
2024-05-03 08:35:00,2024-05-03 08:40:00,Short,2299.68,2299.68,0.0,SL Hit,2299.68,1,1701.429999999977,5.0,0.680000000000291,-0.4899999999997817
2024-05-03 09:35:00,2024-05-03 09:50:00,Long,2301.15,2300.34,-0.8099999999999454,SL Hit,2300.34,1,1700.6199999999772,15.0,-1.0599999999999454,1.6900000000000546
2024-05-03 10:10:00,2024-05-03 11:25:00,Short,2298.736666666666,2299.55,-2.4400000000018736,SL Hit,2299.55,3,1698.1799999999753,75.0,2.113333333333685,-1.706666666666024
2024-05-03 17:55:00,2024-05-03 18:20:00,Long,2301.815,2299.7,-4.230000000000473,SL Hit,2299.7,2,1693.9499999999748,25.0,-2.4149999999999636,1.0949999999998
2024-05-03 19:20:00,2024-05-03 19:35:00,Short,2299.145,2299.7,-1.1099999999996726,SL Hit,2299.7,2,1692.8399999999751,15.0,0.724999999999909,-1.6349999999997635
2024-05-03 19:45:00,2024-05-03 19:50:00,Long,2299.35,2299.35,0.0,SL Hit,2299.35,1,1692.8399999999751,5.0,-0.009999999999763531,1.050000000000182
2024-05-03 19:55:00,2024-05-03 20:35:00,Long,2299.98,2299.605,-0.375,SL Hit,2299.605,1,1692.4649999999751,40.0,-0.38000000000010914,3.0399999999999636
2024-05-06 00:25:00,2024-05-06 00:30:00,Short,2292.63,2293.0499999999997,-0.419999999999618,SL Hit,2293.0499999999997,1,1692.0449999999755,5.0,1.569999999999709,-0.5
2024-05-06 05:50:00,2024-05-06 06:40:00,Long,2313.52,2312.81,-2.130000000000109,SL Hit,2312.81,3,1689.9149999999754,50.0,-1.8600000000001273,1.0300000000002
2024-05-06 06:55:00,2024-05-06 07:20:00,Short,2314.42,2314.5699999999997,-0.1499999999996362,SL Hit,2314.5699999999997,1,1689.7649999999758,25.0,0.31999999999970896,-2.0
2024-05-06 10:55:00,2024-05-06 11:05:00,Short,2319.46,2320.2249999999995,-0.7649999999994179,SL Hit,2320.2249999999995,1,1688.9999999999764,10.0,2.599999999999909,-1.0599999999999454
2024-05-06 15:35:00,2024-05-06 16:30:00,Long,2322.69,2322.3599999999997,-0.330000000000382,SL Hit,2322.3599999999997,1,1688.669999999976,55.0,-3.2899999999999636,4.570000000000164
2024-05-06 19:05:00,2024-05-06 19:10:00,Long,2325.41,2325.2450000000003,-0.16499999999950887,SL Hit,2325.2450000000003,1,1688.5049999999765,5.0,-0.27999999999974534,1.5300000000002
2024-05-06 20:55:00,2024-05-06 22:00:00,Short,2324.15,2324.15,0.0,SL Hit,2324.15,1,1688.5049999999765,65.0,0.6300000000001091,-0.650000000000091
2024-05-07 01:45:00,2024-05-07 03:20:00,Short,2323.3766666666666,2323.58,-0.6100000000001273,SL Hit,2323.58,3,1687.8949999999763,95.0,1.5733333333332666,-4.676666666666733
2024-05-07 03:30:00,2024-05-07 03:35:00,Long,2323.64,2323.46,-0.1799999999998363,SL Hit,2323.46,1,1687.7149999999765,5.0,-0.8899999999998727,0.7100000000000364
2024-05-07 04:35:00,2024-05-07 06:35:00,Short,2321.36,2320.55,3.2399999999997817,SL Hit,2320.55,4,1690.9549999999763,120.0,2.25,-3.0
2024-05-07 07:10:00,2024-05-07 07:25:00,Short,2319.21,2319.42,-0.21000000000003638,SL Hit,2319.42,1,1690.7449999999762,15.0,0.5900000000001455,-1.4099999999998545
2024-05-07 10:20:00,2024-05-07 10:35:00,Long,2313.72,2313.48,-0.47999999999956344,SL Hit,2313.48,2,1690.2649999999767,15.0,-0.5399999999999636,1.2900000000004184
2024-05-07 10:40:00,2024-05-07 10:45:00,Short,2313.66,2313.705,-0.04500000000007276,SL Hit,2313.705,1,1690.2199999999766,5.0,0.5199999999999818,-0.5799999999999272
2024-05-07 16:00:00,2024-05-07 16:20:00,Short,2314.07,2314.8,-1.4600000000000364,SL Hit,2314.8,2,1688.7599999999766,20.0,1.5799999999999272,-1.25
2024-05-07 16:40:00,2024-05-07 16:50:00,Long,2314.18,2313.43,-0.75,SL Hit,2313.43,1,1688.0099999999766,10.0,-1.3899999999998727,1.0599999999999454
2024-05-07 16:55:00,2024-05-07 17:20:00,Short,2313.14,2314.28,-1.1400000000003274,SL Hit,2314.28,1,1686.8699999999762,25.0,1.2600000000002183,-2.099999999999909
2024-05-08 00:40:00,2024-05-08 02:45:00,Short,2310.9700000000003,2313.63,-5.319999999999709,SL Hit,2313.63,2,1681.5499999999765,125.0,3.6799999999998363,-3.6700000000000728
2024-05-08 04:10:00,2024-05-08 04:40:00,Long,2317.54,2317.79,0.5,SL Hit,2317.79,2,1682.0499999999765,30.0,-0.27999999999974534,1.4200000000000728
2024-05-08 04:45:00,2024-05-08 04:55:00,Short,2317.88,2318.6000000000004,-0.7200000000002547,SL Hit,2318.6000000000004,1,1681.3299999999763,10.0,1.2599999999997635,-0.3200000000001637
2024-05-08 05:05:00,2024-05-08 05:25:00,Long,2318.99,2318.555,-0.43499999999994543,SL Hit,2318.555,1,1680.8949999999763,20.0,-0.4499999999998181,0.6600000000003092
2024-05-08 05:50:00,2024-05-08 08:30:00,Short,2313.6625,2306.67,27.969999999999345,SL Hit,2306.67,4,1708.8649999999757,160.0,5.2775000000001455,-9.372499999999945
2024-05-08 08:45:00,2024-05-08 11:10:00,Long,2311.46,2314.7,12.959999999999127,SL Hit,2314.7,4,1721.8249999999748,145.0,-5.559999999999945,6.4699999999998
2024-05-08 13:00:00,2024-05-08 14:00:00,Short,2313.375,2312.11,2.5299999999997453,SL Hit,2312.11,2,1724.3549999999746,60.0,2.505000000000109,-6.1550000000002
2024-05-08 14:05:00,2024-05-08 15:00:00,Long,2313.6400000000003,2315.05,2.819999999999709,SL Hit,2315.05,2,1727.1749999999743,55.0,-3.5300000000002,3.6399999999998727
2024-05-08 15:05:00,2024-05-08 15:20:00,Short,2314.99,2315.9049999999997,-0.9149999999999636,SL Hit,2315.9049999999997,1,1726.2599999999743,15.0,1.6600000000003092,-2.9899999999997817
2024-05-08 15:30:00,2024-05-08 15:45:00,Long,2316.86,2316.86,0.0,SL Hit,2316.86,1,1726.2599999999743,15.0,-0.01999999999998181,3.0299999999997453
2024-05-08 15:55:00,2024-05-08 16:35:00,Long,2319.125,2316.84,-4.569999999999709,SL Hit,2316.84,2,1721.6899999999746,40.0,-2.8150000000000546,1.5549999999998363
2024-05-08 16:55:00,2024-05-08 20:55:00,Short,2312.3857142857146,2308.88,24.540000000001328,SL Hit,2308.88,7,1746.229999999976,240.0,4.974285714285543,-5.1857142857147664
2024-05-09 01:10:00,2024-05-09 02:05:00,Long,2309.44,2308.85,-1.180000000000291,SL Hit,2308.85,2,1745.0499999999756,55.0,-1.6300000000001091,2.630000000000109
2024-05-09 02:45:00,2024-05-09 02:50:00,Short,2309.81,2310.2000000000003,-0.3900000000003274,SL Hit,2310.2000000000003,1,1744.6599999999753,5.0,1.4200000000000728,-0.9800000000000182
2024-05-09 09:25:00,2024-05-09 10:25:00,Short,2308.855,2309.2,-0.6899999999995998,SL Hit,2309.2,2,1743.9699999999757,60.0,1.574999999999818,-1.9949999999998909
2024-05-09 11:05:00,2024-05-09 11:10:00,Long,2311.4,2311.4,0.0,SL Hit,2311.4,1,1743.9699999999757,5.0,-0.20000000000027285,1.6100000000001273
2024-05-09 11:20:00,2024-05-09 13:10:00,Long,2316.26,2314.76,-3.0,SL Hit,2314.76,2,1740.9699999999757,110.0,-5.0600000000004,12.659999999999854
2024-05-09 23:15:00,2024-05-09 23:30:00,Long,2346.9849999999997,2346.5,-0.9699999999993452,SL Hit,2346.5,2,1739.9999999999764,15.0,-0.7849999999998545,1.305000000000291
2024-05-09 23:55:00,2024-05-10 00:15:00,Short,2346.8450000000003,2347.53,-1.3699999999998909,SL Hit,2347.53,2,1738.6299999999765,20.0,0.8549999999995634,-1.1450000000004366
2024-05-10 04:45:00,2024-05-10 09:50:00,Long,2364.717142857143,2371.05,44.330000000001746,SL Hit,2371.05,7,1782.9599999999782,305.0,-11.817142857142699,10.432857142857301
2024-05-10 10:10:00,2024-05-10 11:40:00,Long,2372.7666666666664,2372.24,-1.5799999999999272,SL Hit,2372.24,3,1781.3799999999783,90.0,-1.666666666666515,5.043333333333521
2024-05-10 12:55:00,2024-05-10 13:15:00,Short,2367.04,2368.135,-1.0950000000002547,SL Hit,2368.135,1,1780.284999999978,20.0,1.2800000000002,-6.730000000000018
2024-05-10 15:00:00,2024-05-10 15:10:00,Short,2360.34,2360.955,-0.6149999999997817,SL Hit,2360.955,1,1779.6699999999782,10.0,1.0599999999999454,-3.730000000000018
2024-05-10 16:30:00,2024-05-10 18:45:00,Long,2367.696,2368.04,1.7200000000002547,SL Hit,2368.04,5,1781.3899999999785,135.0,-4.706000000000131,2.673999999999978
2024-05-12 23:05:00,2024-05-12 23:35:00,Long,2361.62,2359.79,-1.8299999999999272,SL Hit,2359.79,1,1779.5599999999786,30.0,-2.119999999999891,0.7100000000000364
2024-05-13 01:20:00,2024-05-13 02:30:00,Short,2359.17,2359.54,-0.7399999999997817,SL Hit,2359.54,2,1778.8199999999788,70.0,0.5,-4.769999999999982
2024-05-13 02:55:00,2024-05-13 06:00:00,Short,2356.023333333334,2353.28,16.460000000002765,SL Hit,2353.28,6,1795.2799999999816,185.0,3.336666666666133,-4.733333333334031
2024-05-13 07:10:00,2024-05-13 07:15:00,Short,2350.24,2350.24,0.0,SL Hit,2350.24,1,1795.2799999999816,5.0,-0.0,-1.1399999999998727
2024-05-13 08:25:00,2024-05-13 10:05:00,Short,2343.396666666666,2341.5,5.689999999998236,SL Hit,2341.5,3,1800.9699999999798,100.0,4.193333333334067,-4.096666666665897
2024-05-13 11:15:00,2024-05-13 11:20:00,Short,2340.26,2340.26,0.0,SL Hit,2340.26,1,1800.9699999999798,5.0,0.18999999999959982,-1.1000000000003638
2024-05-13 11:55:00,2024-05-13 13:35:00,Long,2346.1299999999997,2345.36,-2.309999999998581,SL Hit,2345.36,3,1798.6599999999812,100.0,-3.039999999999509,3.350000000000364
2024-05-13 15:30:00,2024-05-13 15:45:00,Short,2333.7,2334.9300000000003,-1.230000000000473,SL Hit,2334.9300000000003,1,1797.4299999999807,15.0,1.6200000000003456,-0.9299999999998363
2024-05-13 19:20:00,2024-05-13 19:25:00,Long,2337.47,2337.17,-0.29999999999972715,SL Hit,2337.17,1,1797.129999999981,5.0,-0.8099999999999454,0.20000000000027285
2024-05-13 19:30:00,2024-05-13 19:35:00,Long,2337.16,2336.7400000000002,-0.419999999999618,SL Hit,2336.7400000000002,1,1796.7099999999814,5.0,-0.5799999999999272,0.11000000000012733
2024-05-13 19:50:00,2024-05-13 19:55:00,Long,2337.37,2337.115,-0.25500000000010914,SL Hit,2337.115,1,1796.4549999999813,5.0,-0.31999999999970896,0.7400000000002365
2024-05-13 20:20:00,2024-05-13 22:00:00,Short,2336.77,2336.8599999999997,-0.08999999999969077,SL Hit,2336.8599999999997,1,1796.3649999999816,100.0,0.6300000000001091,-1.9699999999998
2024-05-14 05:55:00,2024-05-14 06:00:00,Short,2344.72,2344.855,-0.13500000000021828,SL Hit,2344.855,1,1796.2299999999814,5.0,0.3700000000003456,-1.7199999999998
2024-05-14 10:20:00,2024-05-14 10:25:00,Long,2346.04,2345.47,-0.5700000000001637,SL Hit,2345.47,1,1795.6599999999812,5.0,-1.2799999999997453,0.6399999999998727
2024-05-14 13:55:00,2024-05-14 14:05:00,Long,2350.73,2350.73,0.0,SL Hit,2350.73,1,1795.6599999999812,10.0,-0.9699999999997999,4.940000000000055
2024-05-15 02:35:00,2024-05-15 02:40:00,Short,2357.63,2358.1399999999994,-0.5099999999993088,SL Hit,2358.1399999999994,1,1795.149999999982,5.0,0.7199999999997999,-1.1300000000001091
2024-05-15 09:15:00,2024-05-15 09:20:00,Long,2372.99,2372.285,-0.7049999999999272,SL Hit,2372.285,1,1794.444999999982,5.0,-0.7799999999997453,0.650000000000091
2024-05-15 10:25:00,2024-05-15 10:40:00,Long,2369.02,2369.02,0.0,SL Hit,2369.02,1,1794.444999999982,15.0,-1.6399999999998727,1.7300000000000182
2024-05-15 14:40:00,2024-05-15 14:45:00,Long,2369.27,2368.3100000000004,-0.9599999999995816,SL Hit,2368.3100000000004,1,1793.4849999999824,5.0,-2.3299999999999272,1.3200000000001637
2024-05-15 16:50:00,2024-05-15 18:05:00,Long,2386.5625,2386.98,1.6700000000000728,SL Hit,2386.98,4,1795.1549999999825,75.0,-3.7325000000000728,3.4074999999998
2024-05-15 18:35:00,2024-05-15 19:10:00,Short,2385.133333333333,2386.36,-3.680000000000746,SL Hit,2386.36,3,1791.4749999999817,35.0,2.1766666666667334,-2.733333333333121
2024-05-15 20:05:00,2024-05-15 20:10:00,Long,2386.4,2386.0999999999995,-0.30000000000063665,SL Hit,2386.0999999999995,1,1791.174999999981,5.0,-0.5,1.0899999999996908
2024-05-16 05:05:00,2024-05-16 05:10:00,Long,2391.0,2391.0,0.0,SL Hit,2391.0,1,1791.174999999981,5.0,-0.40000000000009095,1.1599999999998545
2024-05-16 08:45:00,2024-05-16 09:05:00,Short,2386.145,2387.31,-2.3299999999999272,SL Hit,2387.31,2,1788.8449999999812,20.0,1.4450000000001637,-0.7550000000001091
2024-05-16 12:35:00,2024-05-16 15:10:00,Short,2378.154,2376.78,6.869999999998981,SL Hit,2376.78,5,1795.7149999999801,155.0,6.30600000000004,-7.114000000000033
2024-05-16 16:40:00,2024-05-16 17:00:00,Long,2381.69,2381.21,-0.4800000000000182,SL Hit,2381.21,1,1795.2349999999801,20.0,-1.9900000000002365,1.5799999999999272
2024-05-16 19:55:00,2024-05-16 22:00:00,Short,2377.7799999999997,2376.78,1.9999999999990905,SL Hit,2376.78,2,1797.2349999999792,125.0,1.4100000000003092,-1.9399999999995998
2024-05-17 00:10:00,2024-05-17 00:15:00,Long,2378.4,2377.8,-0.599999999999909,SL Hit,2377.8,1,1796.6349999999793,5.0,-0.6100000000001273,0.9200000000000728
2024-05-17 00:55:00,2024-05-17 01:00:00,Short,2377.94,2378.09,-0.15000000000009095,SL Hit,2378.09,1,1796.4849999999792,5.0,0.7100000000000364,-0.1799999999998363
2024-05-17 01:35:00,2024-05-17 01:45:00,Short,2376.77,2377.4,-0.6300000000001091,SL Hit,2377.4,1,1795.854999999979,10.0,0.9400000000000546,-0.5099999999997635
2024-05-17 07:00:00,2024-05-17 07:30:00,Long,2385.66,2385.21,-0.4499999999998181,SL Hit,2385.21,1,1795.4049999999793,30.0,-1.3699999999998909,1.9100000000003092
2024-05-17 08:00:00,2024-05-17 08:05:00,Short,2384.39,2385.005,-0.6150000000002365,Bullish Trade Reversal,2385.005,1,1794.789999999979,5.0,0.41000000000030923,-1.3699999999998909
2024-05-17 08:05:00,2024-05-17 08:10:00,Long,2383.495,2382.95,-1.0900000000001455,SL Hit,2382.95,2,1793.699999999979,5.0,-1.3550000000000182,1.1150000000002365
2024-05-17 09:00:00,2024-05-17 09:10:00,Long,2383.9,2383.9,0.0,SL Hit,2383.9,1,1793.699999999979,10.0,-0.03999999999996362,2.4899999999997817
2024-05-17 17:55:00,2024-05-17 19:00:00,Long,2413.68,2412.375,-1.3049999999998363,SL Hit,2412.375,1,1792.394999999979,65.0,-1.419999999999618,5.2400000000002365
2024-05-19 23:50:00,2024-05-20 00:10:00,Long,2418.3999999999996,2416.6,-3.5999999999994543,SL Hit,2416.6,2,1788.7949999999796,20.0,-2.899999999999636,1.9000000000005457
2024-05-20 02:40:00,2024-05-20 02:50:00,Short,2432.15,2432.1800000000003,-0.03000000000020009,SL Hit,2432.1800000000003,1,1788.7649999999794,10.0,2.0399999999999636,-3.3200000000001637
2024-05-20 08:05:00,2024-05-20 08:10:00,Long,2438.7,2438.325,-0.375,SL Hit,2438.325,1,1788.3899999999794,5.0,-0.6999999999998181,1.1600000000003092
2024-05-20 14:50:00,2024-05-20 18:45:00,Long,2428.355,2434.67,37.89000000000033,SL Hit,2434.67,6,1826.2799999999797,235.0,-10.465000000000146,8.75500000000011
2024-05-20 19:00:00,2024-05-20 22:00:00,Short,2429.52,2427.11,9.639999999999418,SL Hit,2427.11,4,1835.9199999999792,180.0,5.369999999999891,-6.2199999999998
2024-05-20 23:35:00,2024-05-21 00:00:00,Short,2426.46,2426.625,-0.16499999999996362,SL Hit,2426.625,1,1835.7549999999792,25.0,0.4499999999998181,-1.9600000000000364
2024-05-21 01:55:00,2024-05-21 04:30:00,Short,2417.0800000000004,2414.56,12.600000000002183,SL Hit,2414.56,5,1848.3549999999814,155.0,7.799999999999727,-10.19000000000051
2024-05-21 05:25:00,2024-05-21 05:35:00,Long,2416.105,2414.1,-4.010000000000218,SL Hit,2414.1,2,1844.3449999999812,10.0,-2.3850000000002183,1.1349999999997635
2024-05-21 06:00:00,2024-05-21 06:05:00,Long,2415.82,2415.58,-0.24000000000023647,SL Hit,2415.58,1,1844.104999999981,5.0,-1.6300000000001091,1.2999999999997272
2024-05-21 17:15:00,2024-05-21 17:20:00,Short,2420.58,2421.15,-0.5700000000001637,SL Hit,2421.15,1,1843.5349999999808,5.0,1.0,-1.069999999999709
2024-05-21 21:00:00,2024-05-21 22:00:00,Short,2420.77,2420.77,0.0,SL Hit,2420.77,1,1843.5349999999808,60.0,0.7699999999999818,-0.05999999999994543
2024-05-21 22:30:00,2024-05-21 23:45:00,Long,2421.365,2420.4,-1.9299999999993815,SL Hit,2420.4,2,1841.6049999999814,75.0,-0.9649999999996908,0.6950000000001637
2024-05-22 00:15:00,2024-05-22 00:35:00,Long,2422.015,2421.81,-0.4099999999998545,SL Hit,2421.81,2,1841.1949999999815,20.0,-2.0149999999998727,0.8650000000002365
2024-05-22 01:05:00,2024-05-22 01:15:00,Short,2421.145,2422.67,-3.050000000000182,SL Hit,2422.67,2,1838.1449999999813,10.0,1.9149999999999636,-1.2449999999998909
2024-05-22 01:35:00,2024-05-22 01:45:00,Short,2419.84,2420.8,-0.9600000000000364,SL Hit,2420.8,1,1837.1849999999813,10.0,2.019999999999982,-0.5900000000001455
2024-05-22 03:40:00,2024-05-22 05:20:00,Short,2414.56,2414.1,1.3800000000001091,SL Hit,2414.1,3,1838.5649999999814,100.0,2.6399999999998727,-2.8600000000001273
2024-05-22 07:25:00,2024-05-22 07:40:00,Short,2415.26,2415.8599999999997,-0.5999999999994543,SL Hit,2415.8599999999997,1,1837.964999999982,15.0,1.4799999999995634,-2.8600000000001273
2024-05-22 09:20:00,2024-05-22 09:25:00,Long,2417.005,2415.32,-3.369999999999891,SL Hit,2415.32,2,1834.594999999982,5.0,-1.8850000000002183,0.3550000000000182
2024-05-22 11:00:00,2024-05-22 11:05:00,Short,2414.88,2414.88,0.0,SL Hit,2414.88,1,1834.594999999982,5.0,0.15999999999985448,-1.180000000000291
2024-05-22 11:25:00,2024-05-22 12:20:00,Short,2411.7233333333334,2411.91,-0.5599999999994907,SL Hit,2411.91,3,1834.0349999999826,55.0,2.6266666666665515,-6.453333333333376
2024-05-22 13:55:00,2024-05-22 14:00:00,Long,2411.42,2410.625,-0.7950000000000728,SL Hit,2410.625,1,1833.2399999999825,5.0,-3.349999999999909,0.5399999999999636
2024-05-22 17:00:00,2024-05-22 17:15:00,Long,2391.81,2391.81,0.0,SL Hit,2391.81,1,1833.2399999999825,15.0,-0.9600000000000364,2.1599999999998545
2024-05-22 20:05:00,2024-05-22 20:30:00,Long,2378.66,2378.0,-0.6599999999998545,SL Hit,2378.0,1,1832.5799999999826,25.0,-1.069999999999709,1.3800000000001091
2024-05-22 22:10:00,2024-05-23 00:45:00,Long,2381.0975,2380.6,-1.9899999999997817,SL Hit,2380.6,4,1830.5899999999829,155.0,-2.8174999999996544,2.4325000000003456
2024-05-23 06:25:00,2024-05-23 07:00:00,Long,2364.7366666666667,2363.46,-3.8299999999999272,SL Hit,2363.46,3,1826.759999999983,35.0,-2.096666666666806,1.9433333333331575
2024-05-23 09:15:00,2024-05-23 11:40:00,Long,2365.3,2367.2,9.499999999998181,SL Hit,2367.2,5,1836.2599999999811,145.0,-4.390000000000327,3.699999999999818
2024-05-23 11:50:00,2024-05-23 11:55:00,Short,2367.47,2367.47,0.0,SL Hit,2367.47,1,1836.2599999999811,5.0,0.49000000000023647,-1.2599999999997635
2024-05-23 13:05:00,2024-05-23 13:10:00,Short,2364.51,2367.4199999999996,-2.9099999999993997,SL Hit,2367.4199999999996,1,1833.3499999999817,5.0,3.5599999999999454,-1.1600000000003092
2024-05-23 13:30:00,2024-05-23 13:45:00,Long,2363.715,2362.16,-3.110000000000582,SL Hit,2362.16,2,1830.2399999999811,15.0,-7.934999999999945,5.014999999999873
2024-05-23 15:25:00,2024-05-23 15:30:00,Short,2341.6,2341.6,0.0,SL Hit,2341.6,1,1830.2399999999811,5.0,2.5599999999999454,-1.3399999999996908
2024-05-23 16:00:00,2024-05-23 16:10:00,Long,2346.86,2345.36,-1.5,SL Hit,2345.36,1,1828.7399999999811,10.0,-1.6200000000003456,2.8399999999996908
2024-05-23 17:00:00,2024-05-23 17:15:00,Short,2340.395,2342.21,-3.630000000000109,SL Hit,2342.21,2,1825.109999999981,15.0,2.224999999999909,-0.7049999999999272
2024-05-23 17:20:00,2024-05-23 17:25:00,Long,2340.62,2339.885,-0.7349999999996726,SL Hit,2339.885,1,1824.3749999999814,5.0,-5.269999999999982,1.0300000000002
2024-05-23 19:30:00,2024-05-23 19:35:00,Short,2333.28,2333.7,-0.419999999999618,SL Hit,2333.7,1,1823.9549999999817,5.0,0.7399999999997817,-0.580000000000382
2024-05-23 19:40:00,2024-05-23 23:20:00,Short,2331.8,2331.38,1.680000000000291,SL Hit,2331.38,4,1825.634999999982,220.0,1.7899999999999636,-4.470000000000255
2024-05-23 23:40:00,2024-05-24 00:15:00,Long,2332.475,2330.4,-4.149999999999636,SL Hit,2330.4,2,1821.4849999999824,35.0,-3.174999999999727,0.8150000000000546
2024-05-24 06:30:00,2024-05-24 06:45:00,Short,2336.85,2336.985,-0.13500000000021828,SL Hit,2336.985,1,1821.3499999999822,15.0,0.8400000000001455,-1.5499999999997272
2024-05-24 06:50:00,2024-05-24 06:55:00,Short,2337.51,2338.245,-0.7349999999996726,SL Hit,2338.245,1,1820.6149999999825,5.0,1.419999999999618,-0.7700000000004366
2024-05-24 08:35:00,2024-05-24 11:20:00,Long,2339.5675,2338.76,-3.2299999999995634,SL Hit,2338.76,4,1817.384999999983,165.0,-2.5275000000001455,3.912499999999909
2024-05-24 15:00:00,2024-05-24 15:05:00,Short,2338.69,2338.99,-0.29999999999972715,SL Hit,2338.99,1,1817.0849999999832,5.0,1.0599999999999454,-1.2800000000002
2024-05-24 15:10:00,2024-05-24 15:20:00,Long,2338.24,2337.6100000000006,-0.6299999999991996,SL Hit,2337.6100000000006,1,1816.454999999984,10.0,-3.399999999999636,1.6200000000003456
2024-05-24 19:00:00,2024-05-24 20:00:00,Short,2334.13,2334.09,0.07999999999992724,SL Hit,2334.09,2,1816.534999999984,60.0,0.8299999999999272,-2.3299999999999272
2024-05-27 00:00:00,2024-05-27 00:05:00,Short,2336.93,2336.93,0.0,SL Hit,2336.93,1,1816.534999999984,5.0,0.03999999999996362,-0.919999999999618
2024-05-27 01:35:00,2024-05-27 01:45:00,Long,2338.87,2338.3300000000004,-0.5399999999995089,SL Hit,2338.3300000000004,1,1815.9949999999844,10.0,-0.75,1.349999999999909
2024-05-27 06:15:00,2024-05-27 06:50:00,Long,2343.125,2341.77,-2.7100000000000364,SL Hit,2341.77,2,1813.2849999999844,35.0,-1.4850000000001273,1.2150000000001455
2024-05-27 06:55:00,2024-05-27 08:10:00,Short,2341.1666666666665,2341.14,0.07999999999992724,SL Hit,2341.14,3,1813.3649999999843,75.0,1.3533333333334667,-3.366666666666333
2024-05-27 08:15:00,2024-05-27 08:20:00,Long,2341.69,2341.42,-0.2699999999999818,SL Hit,2341.42,1,1813.0949999999843,5.0,-0.5300000000002001,1.4099999999998545
2024-05-27 08:35:00,2024-05-27 10:00:00,Long,2343.2999999999997,2342.8,-1.4999999999986358,SL Hit,2342.8,3,1811.5949999999857,85.0,-1.0399999999995089,2.5200000000004366
2024-05-27 10:50:00,2024-05-27 11:00:00,Long,2344.53,2344.3199999999997,-0.21000000000049113,SL Hit,2344.3199999999997,1,1811.3849999999852,10.0,-0.8700000000003456,0.7399999999997817
2024-05-27 12:00:00,2024-05-27 12:05:00,Short,2344.46,2345.045,-0.5850000000000364,SL Hit,2345.045,1,1810.7999999999852,5.0,0.8600000000001273,-0.7699999999999818
2024-05-27 13:40:00,2024-05-27 14:50:00,Long,2354.8050000000003,2354.9,0.18999999999959982,SL Hit,2354.9,2,1810.9899999999848,70.0,-4.165000000000418,3.444999999999709
2024-05-27 16:45:00,2024-05-27 17:20:00,Long,2354.48,2353.16,-1.3200000000001637,SL Hit,2353.16,1,1809.6699999999846,35.0,-2.1900000000000546,0.75
2024-05-27 22:25:00,2024-05-27 22:45:00,Long,2352.15,2351.5,-1.300000000000182,SL Hit,2351.5,2,1808.3699999999844,20.0,-0.9500000000002728,1.5899999999996908
2024-05-27 22:55:00,2024-05-27 23:25:00,Short,2352.37,2352.49,-0.11999999999989086,SL Hit,2352.49,1,1808.2499999999845,30.0,0.11999999999989086,-2.4699999999998
2024-05-28 00:25:00,2024-05-28 01:10:00,Long,2351.49,2350.1549999999997,-1.3350000000000364,SL Hit,2350.1549999999997,1,1806.9149999999845,45.0,-1.5799999999999272,1.5400000000004184
2024-05-28 01:20:00,2024-05-28 01:25:00,Short,2351.21,2351.42,-0.21000000000003638,SL Hit,2351.42,1,1806.7049999999845,5.0,1.1399999999998727,-0.7699999999999818
2024-05-28 03:40:00,2024-05-28 03:45:00,Short,2351.31,2351.31,0.0,SL Hit,2351.31,1,1806.7049999999845,5.0,0.07000000000016371,-1.1100000000001273
2024-05-28 04:00:00,2024-05-28 04:35:00,Short,2350.9449999999997,2351.65,-1.410000000000764,SL Hit,2351.65,2,1805.2949999999837,35.0,0.705000000000382,-1.444999999999709
2024-05-28 04:45:00,2024-05-28 05:55:00,Long,2351.293333333333,2350.6,-2.0799999999994725,SL Hit,2350.6,3,1803.2149999999842,70.0,-1.7333333333331211,2.1366666666667697
2024-05-28 09:45:00,2024-05-28 09:50:00,Long,2344.46,2344.4449999999997,-0.015000000000327418,SL Hit,2344.4449999999997,1,1803.199999999984,5.0,-0.4600000000000364,0.3200000000001637
2024-05-28 10:20:00,2024-05-28 11:00:00,Long,2344.805,2343.5,-2.6099999999996726,SL Hit,2343.5,2,1800.5899999999842,40.0,-1.4049999999997453,1.2550000000001091
2024-05-28 16:25:00,2024-05-28 17:35:00,Short,2357.0950000000003,2357.98,-1.769999999999527,SL Hit,2357.98,2,1798.8199999999847,70.0,2.5349999999998545,-3.3750000000004547
2024-05-28 17:50:00,2024-05-28 18:00:00,Long,2356.7,2356.6850000000004,-0.014999999999417923,SL Hit,2356.6850000000004,1,1798.8049999999853,10.0,-0.03999999999996362,0.8900000000003274
2024-05-28 18:30:00,2024-05-28 18:40:00,Short,2353.65,2354.04,-0.38999999999987267,SL Hit,2354.04,1,1798.4149999999854,10.0,0.7899999999999636,-0.8099999999999454
2024-05-28 19:30:00,2024-05-28 19:55:00,Long,2357.64,2357.64,0.0,SL Hit,2357.64,1,1798.4149999999854,25.0,-0.13999999999987267,2.300000000000182
2024-05-28 22:50:00,2024-05-28 22:55:00,Short,2358.53,2358.62,-0.08999999999969077,SL Hit,2358.62,1,1798.3249999999857,5.0,0.5099999999997635,-1.330000000000382
2024-05-28 23:00:00,2024-05-28 23:25:00,Short,2358.705,2359.14,-0.8699999999998909,SL Hit,2359.14,2,1797.4549999999858,25.0,0.625,-1.2049999999999272
2024-05-28 23:30:00,2024-05-28 23:45:00,Long,2359.13,2359.0249999999996,-0.10500000000047294,SL Hit,2359.0249999999996,1,1797.3499999999854,15.0,-0.2300000000000182,1.2699999999999818
2024-05-29 00:40:00,2024-05-29 01:05:00,Short,2358.09,2358.915,-0.8249999999998181,SL Hit,2358.915,1,1796.5249999999855,25.0,1.0199999999999818,-1.5900000000001455
2024-05-29 02:25:00,2024-05-29 02:40:00,Long,2358.92,2358.38,-0.5399999999999636,SL Hit,2358.38,1,1795.9849999999856,15.0,-1.0100000000002183,1.8400000000001455
2024-05-29 03:35:00,2024-05-29 03:40:00,Short,2356.75,2356.87,-0.11999999999989086,SL Hit,2356.87,1,1795.8649999999857,5.0,0.13000000000010914,-1.150000000000091
2024-05-29 12:30:00,2024-05-29 12:50:00,Long,2342.26,2338.49,-7.540000000000873,SL Hit,2338.49,2,1788.3249999999848,20.0,-7.460000000000036,1.1099999999996726
2024-05-29 13:15:00,2024-05-29 13:40:00,Long,2342.47,2342.47,0.0,SL Hit,2342.47,1,1788.3249999999848,25.0,-2.2099999999995816,4.070000000000164
2024-05-29 14:50:00,2024-05-29 16:55:00,Short,2340.9233333333336,2341.31,-1.159999999998945,SL Hit,2341.31,3,1787.1649999999859,125.0,3.786666666666406,-5.42333333333363
2024-05-29 19:45:00,2024-05-29 20:05:00,Short,2337.39,2338.15,-1.5200000000004366,SL Hit,2338.15,2,1785.6449999999854,20.0,0.9200000000000728,-1.0499999999997272
2024-05-29 20:45:00,2024-05-29 22:15:00,Long,2337.7333333333336,2337.54,-0.5800000000008367,SL Hit,2337.54,3,1785.0649999999846,90.0,-1.1333333333336668,1.236666666666224
2024-05-29 22:25:00,2024-05-30 01:10:00,Short,2337.2583333333337,2337.1,0.9500000000025466,SL Hit,2337.1,6,1786.0149999999871,165.0,1.6516666666661877,-3.8483333333338123
2024-05-30 01:40:00,2024-05-30 02:05:00,Short,2335.5,2336.2650000000003,-0.7650000000003274,SL Hit,2336.2650000000003,1,1785.2499999999868,25.0,0.8699999999998909,-2.699999999999818
2024-05-30 05:20:00,2024-05-30 07:00:00,Short,2334.55,2334.55,0.0,SL Hit,2334.55,1,1785.2499999999868,100.0,0.9699999999997999,-11.970000000000255
2024-05-30 08:10:00,2024-05-30 08:20:00,Short,2333.34,2334.1949999999997,-0.8549999999995634,SL Hit,2334.1949999999997,1,1784.3949999999872,10.0,1.5,-2.2400000000002365
2024-05-30 08:50:00,2024-05-30 09:35:00,Long,2334.2799999999997,2332.8,-2.959999999999127,SL Hit,2332.8,2,1781.4349999999881,45.0,-1.769999999999527,3.4700000000002547
2024-05-30 09:45:00,2024-05-30 10:35:00,Short,2332.3999999999996,2333.08,-1.360000000000582,SL Hit,2333.08,2,1780.0749999999875,50.0,2.100000000000364,-1.7599999999997635
2024-05-30 12:30:00,2024-05-30 13:10:00,Long,2337.9849999999997,2340.05,4.130000000001019,SL Hit,2340.05,2,1784.2049999999886,40.0,-3.074999999999818,6.825000000000273
2024-05-30 13:15:00,2024-05-30 13:30:00,Short,2343.685,2344.25,-1.1300000000001091,SL Hit,2344.25,2,1783.0749999999884,15.0,1.6649999999999636,-2.2150000000001455
2024-05-30 15:20:00,2024-05-30 15:25:00,Short,2343.06,2343.06,0.0,SL Hit,2343.06,1,1783.0749999999884,5.0,0.8400000000001455,-0.650000000000091
2024-05-30 15:35:00,2024-05-30 16:30:00,Short,2343.27,2344.45,-3.539999999999509,SL Hit,2344.45,3,1779.534999999989,55.0,3.199999999999818,-2.400000000000091
2024-05-30 19:20:00,2024-05-30 19:35:00,Short,2340.99,2341.4700000000003,-0.48000000000047294,SL Hit,2341.4700000000003,1,1779.0549999999885,15.0,1.400000000000091,-0.30999999999994543
2024-05-31 00:25:00,2024-05-31 00:30:00,Short,2343.1,2343.61,-0.5100000000002183,SL Hit,2343.61,1,1778.5449999999882,5.0,0.8000000000001819,-0.5399999999999636
2024-05-31 04:50:00,2024-05-31 05:10:00,Long,2342.43,2342.385,-0.04499999999961801,SL Hit,2342.385,1,1778.4999999999886,20.0,-0.19000000000005457,1.8600000000001273
2024-05-31 09:25:00,2024-05-31 09:30:00,Long,2343.21,2342.4300000000003,-0.7799999999997453,SL Hit,2342.4300000000003,1,1777.7199999999889,5.0,-1.0700000000001637,0.5299999999997453
2024-05-31 09:55:00,2024-05-31 10:05:00,Short,2342.85,2342.85,0.0,SL Hit,2342.85,1,1777.7199999999889,10.0,0.34999999999990905,-1.949999999999818
2024-05-31 10:50:00,2024-05-31 11:30:00,Long,2343.4033333333336,2342.7,-2.1100000000014916,SL Hit,2342.7,3,1775.6099999999874,40.0,-1.6033333333334667,1.1966666666662604
2024-05-31 18:45:00,2024-05-31 19:45:00,Short,2324.48,2325.0649999999996,-0.5849999999995816,SL Hit,2325.0649999999996,1,1775.0249999999878,60.0,2.1599999999998545,-4.099999999999909
2024-06-02 22:20:00,2024-06-02 22:35:00,Short,2325.87,2325.87,0.0,SL Hit,2325.87,1,1775.0249999999878,15.0,0.07000000000016371,-3.1700000000000728
2024-06-02 23:05:00,2024-06-02 23:20:00,Long,2325.475,2324.5,-1.949999999999818,SL Hit,2324.5,2,1773.074999999988,15.0,-1.1749999999997272,0.8949999999999818
2024-06-02 23:35:00,2024-06-02 23:45:00,Short,2325.22,2325.8199999999997,-0.599999999999909,SL Hit,2325.8199999999997,1,1772.474999999988,10.0,0.8100000000004002,-1.2300000000000182
2024-06-03 10:05:00,2024-06-03 12:00:00,Long,2328.5525,2329.0,1.7900000000008731,SL Hit,2329.0,4,1774.264999999989,115.0,-2.332499999999982,3.5575000000003456
2024-06-03 13:55:00,2024-06-03 14:00:00,Short,2333.41,2334.835,-1.425000000000182,SL Hit,2334.835,1,1772.8399999999888,5.0,7.7400000000002365,-1.4299999999998363
2024-06-03 17:50:00,2024-06-03 17:55:00,Short,2347.97,2347.97,0.0,SL Hit,2347.97,1,1772.8399999999888,5.0,0.5100000000002183,-1.8099999999999454
2024-06-04 00:15:00,2024-06-04 00:20:00,Short,2351.06,2351.165,-0.10500000000001819,SL Hit,2351.165,1,1772.7349999999888,5.0,0.849999999999909,-0.42000000000007276
2024-06-04 00:55:00,2024-06-04 01:00:00,Short,2350.66,2350.72,-0.05999999999994543,SL Hit,2350.72,1,1772.6749999999888,5.0,1.4700000000002547,-0.4499999999998181
2024-06-04 03:25:00,2024-06-04 04:00:00,Short,2345.5649999999996,2346.08,-1.0300000000006548,SL Hit,2346.08,2,1771.6449999999882,35.0,0.8450000000002547,-1.514999999999418
2024-06-04 05:55:00,2024-06-04 06:00:00,Short,2347.56,2348.115,-0.5549999999998363,SL Hit,2348.115,1,1771.0899999999883,5.0,3.2600000000002183,-0.2300000000000182
2024-06-04 06:40:00,2024-06-04 09:45:00,Short,2339.2349999999997,2331.81,29.69999999999891,SL Hit,2331.81,4,1800.7899999999872,185.0,9.25500000000011,-12.074999999999818
2024-06-04 12:20:00,2024-06-04 13:35:00,Long,2331.385,2331.68,0.589999999999236,SL Hit,2331.68,2,1801.3799999999865,75.0,-2.5350000000003092,6.3849999999997635
2024-06-04 17:15:00,2024-06-04 17:20:00,Long,2326.35,2325.8099999999995,-0.5400000000004184,SL Hit,2325.8099999999995,1,1800.839999999986,5.0,-1.0399999999999636,0.47000000000025466
2024-06-04 18:35:00,2024-06-04 18:50:00,Short,2327.46,2327.6099999999997,-0.1499999999996362,SL Hit,2327.6099999999997,1,1800.6899999999864,15.0,0.3400000000001455,-1.3699999999998909
2024-06-04 20:50:00,2024-06-04 23:20:00,Long,2327.2019999999998,2327.38,0.8900000000016917,SL Hit,2327.38,5,1801.579999999988,150.0,-1.0019999999999527,1.0580000000004475
2024-06-05 00:30:00,2024-06-05 00:35:00,Long,2328.69,2328.69,0.0,SL Hit,2328.69,1,1801.579999999988,5.0,-0.05999999999994543,0.5099999999997635
2024-06-05 01:00:00,2024-06-05 01:30:00,Short,2327.97,2328.6,-0.6300000000001091,SL Hit,2328.6,1,1800.949999999988,30.0,0.7800000000002001,-2.1299999999996544
2024-06-05 01:50:00,2024-06-05 06:05:00,Long,2333.625,2335.5,7.5,SL Hit,2335.5,4,1808.449999999988,255.0,-4.925000000000182,7.9050000000002
2024-06-05 07:00:00,2024-06-05 07:20:00,Long,2332.695,2331.05,-3.2899999999999636,SL Hit,2331.05,2,1805.159999999988,20.0,-2.275000000000091,0.8550000000000182
2024-06-05 08:50:00,2024-06-05 08:55:00,Long,2333.61,2333.22,-0.3900000000003274,SL Hit,2333.22,1,1804.7699999999877,5.0,-1.6400000000003274,0.15999999999985448
2024-06-05 11:55:00,2024-06-05 12:10:00,Short,2332.85,2333.6,-0.75,SL Hit,2333.6,1,1804.0199999999877,15.0,2.5,-2.75
2024-06-05 12:20:00,2024-06-05 13:45:00,Long,2338.5866666666666,2339.74,3.4599999999995816,SL Hit,2339.74,3,1807.4799999999873,85.0,-4.336666666666588,6.203333333333376
2024-06-05 15:20:00,2024-06-05 16:55:00,Long,2352.79,2351.75,-4.1599999999998545,SL Hit,2351.75,4,1803.3199999999874,95.0,-2.5399999999999636,4.329999999999927
2024-06-05 17:00:00,2024-06-05 17:05:00,Short,2352.7,2352.7,0.0,SL Hit,2352.7,1,1803.3199999999874,5.0,1.150000000000091,-1.0299999999997453
2024-06-05 17:10:00,2024-06-05 17:20:00,Long,2353.29,2353.0649999999996,-0.2250000000003638,SL Hit,2353.0649999999996,1,1803.094999999987,10.0,-0.34999999999990905,1.3800000000001091
2024-06-05 17:25:00,2024-06-05 17:40:00,Long,2354.08,2352.94,-2.2799999999997453,SL Hit,2352.94,2,1800.8149999999873,15.0,-1.8899999999998727,1.5399999999999636
2024-06-05 18:30:00,2024-06-05 18:35:00,Long,2355.55,2354.725,-0.8250000000002728,SL Hit,2354.725,1,1799.989999999987,5.0,-0.9500000000002728,0.8099999999999454
2024-06-05 23:25:00,2024-06-06 00:20:00,Short,2355.3733333333334,2355.45,-0.2299999999991087,SL Hit,2355.45,3,1799.759999999988,55.0,1.0566666666663878,-1.0733333333332666
2024-06-06 00:30:00,2024-06-06 00:35:00,Long,2354.94,2354.865,-0.07500000000027285,SL Hit,2354.865,1,1799.6849999999877,5.0,-0.5,0.5499999999997272
2024-06-06 04:10:00,2024-06-06 04:15:00,Short,2367.82,2367.94,-0.11999999999989086,SL Hit,2367.94,1,1799.5649999999878,5.0,0.11999999999989086,-1.0100000000002183
2024-06-06 05:25:00,2024-06-06 05:30:00,Short,2368.71,2368.8,-0.09000000000014552,SL Hit,2368.8,1,1799.4749999999876,5.0,0.21000000000003638,-1.2200000000002547
2024-06-06 05:40:00,2024-06-06 08:55:00,Short,2365.004,2362.82,10.919999999998709,SL Hit,2362.82,5,1810.3949999999863,195.0,4.33600000000024,-4.8840000000000146
2024-06-06 11:20:00,2024-06-06 11:25:00,Long,2360.1,2359.9049999999997,-0.1950000000001637,SL Hit,2359.9049999999997,1,1810.1999999999862,5.0,-0.5,1.5300000000002
2024-06-06 11:40:00,2024-06-06 11:50:00,Long,2360.91,2359.8149999999996,-1.0950000000002547,SL Hit,2359.8149999999996,1,1809.104999999986,10.0,-1.8599999999996726,0.14000000000032742
2024-06-06 11:55:00,2024-06-06 12:15:00,Short,2360.07,2360.07,0.0,SL Hit,2360.07,1,1809.104999999986,20.0,0.21000000000003638,-2.8200000000001637
2024-06-06 12:50:00,2024-06-06 13:20:00,Short,2358.28,2358.4449999999997,-0.16499999999950887,SL Hit,2358.4449999999997,1,1808.9399999999864,30.0,0.7099999999995816,-4.360000000000127
2024-06-06 14:30:00,2024-06-06 17:15:00,Long,2368.78,2371.08,9.199999999998909,SL Hit,2371.08,4,1818.1399999999853,165.0,-6.450000000000273,9.389999999999873
2024-06-06 17:20:00,2024-06-06 17:30:00,Short,2372.69,2372.915,-0.22499999999990905,SL Hit,2372.915,1,1817.9149999999854,10.0,0.599999999999909,-1.6700000000000728
2024-06-06 18:50:00,2024-06-06 18:55:00,Long,2372.2,2371.9750000000004,-0.2249999999994543,SL Hit,2371.9750000000004,1,1817.689999999986,5.0,-1.199999999999818,0.4800000000000182
2024-06-07 00:15:00,2024-06-07 00:25:00,Long,2377.2,2376.7349999999997,-0.4650000000001455,SL Hit,2376.7349999999997,1,1817.2249999999858,10.0,-0.8899999999998727,0.8400000000001455
2024-06-07 00:50:00,2024-06-07 01:10:00,Long,2378.1800000000003,2375.8,-4.760000000000218,SL Hit,2375.8,2,1812.4649999999856,20.0,-4.540000000000418,1.6499999999996362
2024-06-07 04:15:00,2024-06-07 04:20:00,Long,2380.8,2380.8,0.0,SL Hit,2380.8,1,1812.4649999999856,5.0,0.0,1.0899999999996908
2024-06-07 04:25:00,2024-06-07 05:10:00,Long,2384.7349999999997,2384.53,-0.409999999998945,SL Hit,2384.53,2,1812.0549999999866,45.0,-3.0949999999998,2.755000000000109
2024-06-07 06:25:00,2024-06-07 06:30:00,Short,2375.04,2375.04,0.0,SL Hit,2375.04,1,1812.0549999999866,5.0,0.15999999999985448,-2.8400000000001455
2024-06-07 09:15:00,2024-06-07 11:25:00,Short,2336.8533333333335,2334.84,6.039999999999964,SL Hit,2334.84,3,1818.0949999999866,130.0,7.286666666666406,-5.973333333333358
2024-06-07 11:30:00,2024-06-07 12:25:00,Long,2335.0400000000004,2332.86,-6.540000000000873,SL Hit,2332.86,3,1811.5549999999857,55.0,-4.130000000000564,4.1799999999993815
2024-06-10 01:40:00,2024-06-10 02:35:00,Long,2298.19,2296.2,-3.980000000000473,SL Hit,2296.2,2,1807.5749999999853,55.0,-2.5900000000001455,1.6599999999998545
2024-06-10 02:50:00,2024-06-10 03:05:00,Short,2296.65,2296.9350000000004,-0.28500000000030923,SL Hit,2296.9350000000004,1,1807.289999999985,15.0,0.9299999999998363,-1.849999999999909
2024-06-10 05:15:00,2024-06-10 05:20:00,Short,2293.7,2293.7,0.0,SL Hit,2293.7,1,1807.289999999985,5.0,1.9200000000000728,-1.4399999999995998
2024-06-10 06:10:00,2024-06-10 07:20:00,Short,2292.133333333333,2294.02,-5.660000000000309,SL Hit,2294.02,3,1801.6299999999846,70.0,4.226666666666915,-4.39333333333343
2024-06-10 07:25:00,2024-06-10 08:50:00,Long,2295.66,2294.94,-2.1599999999993997,SL Hit,2294.94,3,1799.4699999999852,85.0,-1.8999999999996362,1.6400000000003274
2024-06-10 10:05:00,2024-06-10 10:15:00,Short,2296.88,2297.0750000000003,-0.1950000000001637,SL Hit,2297.0750000000003,1,1799.274999999985,10.0,0.4699999999997999,-1.5100000000002183
2024-06-10 10:20:00,2024-06-10 10:35:00,Long,2296.28,2295.41,-0.8700000000003456,SL Hit,2295.41,1,1798.4049999999847,15.0,-1.180000000000291,0.669999999999618
2024-06-10 15:00:00,2024-06-10 15:10:00,Short,2303.45,2303.45,0.0,SL Hit,2303.45,1,1798.4049999999847,10.0,1.2000000000002728,-1.8999999999996362
2024-06-10 16:10:00,2024-06-10 17:20:00,Long,2311.24,2311.0,-0.7199999999993452,SL Hit,2311.0,3,1797.6849999999854,70.0,-3.25,2.2600000000002183
2024-06-10 19:05:00,2024-06-10 19:25:00,Long,2311.23,2311.23,0.0,SL Hit,2311.23,1,1797.6849999999854,20.0,-0.32999999999992724,0.7699999999999818
2024-06-10 20:50:00,2024-06-10 22:00:00,Long,2309.97,2309.8199999999997,-0.15000000000009095,SL Hit,2309.8199999999997,1,1797.5349999999853,70.0,-0.1799999999998363,1.9900000000002365
2024-06-10 22:05:00,2024-06-10 22:35:00,Long,2310.4666666666667,2310.2,-0.8000000000006366,SL Hit,2310.2,3,1796.7349999999847,30.0,-1.066666666666606,1.4933333333333394
2024-06-11 00:25:00,2024-06-11 00:35:00,Short,2309.2799999999997,2309.99,-1.4200000000000728,SL Hit,2309.99,2,1795.3149999999846,10.0,0.9200000000000728,-0.6799999999998363
2024-06-11 00:40:00,2024-06-11 01:00:00,Long,2309.5,2308.6,-1.800000000000182,SL Hit,2308.6,2,1793.5149999999844,20.0,-5.039999999999964,2.2899999999999636
2024-06-11 01:55:00,2024-06-11 03:15:00,Short,2302.88,2303.41,-1.0599999999994907,SL Hit,2303.41,2,1792.454999999985,80.0,0.7899999999999636,-4.079999999999927
2024-06-11 03:25:00,2024-06-11 03:45:00,Long,2302.7749999999996,2302.2,-1.1499999999996362,SL Hit,2302.2,2,1791.3049999999853,20.0,-0.6749999999997272,1.2950000000005275
2024-06-11 07:35:00,2024-06-11 07:40:00,Long,2303.73,2303.58,-0.15000000000009095,SL Hit,2303.58,1,1791.1549999999852,5.0,-0.7600000000002183,0.8200000000001637
2024-06-11 07:55:00,2024-06-11 08:05:00,Long,2303.49,2303.01,-0.47999999999956344,SL Hit,2303.01,1,1790.6749999999856,10.0,-0.6899999999995998,2.080000000000382
2024-06-11 13:45:00,2024-06-11 13:50:00,Short,2313.76,2314.45,-0.6899999999995998,SL Hit,2314.45,1,1789.984999999986,5.0,1.0399999999999636,-2.1100000000001273
2024-06-11 15:10:00,2024-06-11 15:35:00,Short,2313.87,2313.87,0.0,SL Hit,2313.87,1,1789.984999999986,25.0,0.3000000000001819,-3.1099999999996726
2024-06-11 15:55:00,2024-06-11 16:05:00,Short,2311.13,2311.8949999999995,-0.7649999999994179,SL Hit,2311.8949999999995,1,1789.2199999999866,10.0,0.9699999999997999,-1.150000000000091
2024-06-11 17:45:00,2024-06-11 19:30:00,Long,2312.21,2312.8,1.180000000000291,SL Hit,2312.8,2,1790.399999999987,105.0,-1.2300000000000182,3.0799999999999272
2024-06-11 19:40:00,2024-06-11 19:45:00,Short,2313.78,2314.2299999999996,-0.44999999999936335,SL Hit,2314.2299999999996,1,1789.9499999999875,5.0,1.169999999999618,-0.15000000000009095
2024-06-11 22:05:00,2024-06-11 22:35:00,Short,2316.26,2316.26,0.0,SL Hit,2316.26,1,1789.9499999999875,30.0,0.09999999999990905,-1.3600000000001273
2024-06-12 02:40:00,2024-06-12 02:45:00,Short,2313.1,2313.1,0.0,SL Hit,2313.1,1,1789.9499999999875,5.0,0.36999999999989086,-0.9200000000000728
2024-06-12 03:25:00,2024-06-12 03:45:00,Long,2315.2,2315.125,-0.0749999999998181,SL Hit,2315.125,1,1789.8749999999877,20.0,-0.23999999999978172,0.9200000000000728
2024-06-12 04:30:00,2024-06-12 05:30:00,Short,2313.633333333333,2313.67,-0.11000000000058208,SL Hit,2313.67,3,1789.7649999999871,60.0,0.49666666666689707,-1.633333333333212
2024-06-12 05:40:00,2024-06-12 07:20:00,Long,2313.9966666666664,2313.3,-2.0899999999987813,SL Hit,2313.3,3,1787.6749999999884,100.0,-1.9266666666662786,3.5533333333337396
2024-06-12 11:30:00,2024-06-12 12:15:00,Short,2313.2233333333334,2313.67,-1.3400000000001455,SL Hit,2313.67,3,1786.3349999999882,45.0,1.5966666666668061,-1.6233333333334485
2024-06-12 12:20:00,2024-06-12 12:30:00,Long,2314.18,2311.6,-5.1599999999998545,SL Hit,2311.6,2,1781.1749999999884,10.0,-3.2199999999998,14.0300000000002
2024-06-12 16:20:00,2024-06-12 16:25:00,Long,2335.6,2334.7450000000003,-0.8549999999995634,SL Hit,2334.7450000000003,1,1780.3199999999888,5.0,-1.099999999999909,0.36000000000012733
2024-06-12 20:45:00,2024-06-12 20:50:00,Long,2323.92,2323.5599999999995,-0.3600000000005821,SL Hit,2323.5599999999995,1,1779.9599999999882,5.0,-0.47000000000025466,0.3400000000001455
2024-06-12 22:15:00,2024-06-13 00:30:00,Short,2321.975,2321.95,0.0500000000001819,SL Hit,2321.95,2,1780.0099999999884,135.0,1.1050000000000182,-4.974999999999909
2024-06-13 03:55:00,2024-06-13 04:00:00,Short,2314.28,2314.4300000000003,-0.15000000000009095,SL Hit,2314.4300000000003,1,1779.8599999999883,5.0,0.31999999999970896,-0.38000000000010914
2024-06-13 06:40:00,2024-06-13 08:35:00,Long,2314.942,2314.5,-2.2100000000000364,SL Hit,2314.5,5,1777.6499999999883,115.0,-2.262000000000171,3.3479999999999563
2024-06-13 08:50:00,2024-06-13 08:55:00,Short,2315.61,2315.61,0.0,SL Hit,2315.61,1,1777.6499999999883,5.0,0.13999999999987267,-0.9500000000002728
2024-06-13 11:15:00,2024-06-13 12:30:00,Short,2310.1499999999996,2309.58,1.139999999999418,SL Hit,2309.58,2,1778.7899999999877,75.0,9.550000000000182,-5.4099999999998545
2024-06-13 15:00:00,2024-06-13 15:05:00,Long,2313.4,2313.16,-0.24000000000023647,SL Hit,2313.16,1,1778.5499999999874,5.0,-2.200000000000273,3.4200000000000728
2024-06-13 17:55:00,2024-06-13 18:30:00,Short,2301.79,2302.21,-0.42000000000007276,SL Hit,2302.21,1,1778.1299999999874,35.0,0.44000000000005457,-1.7100000000000364
2024-06-13 22:35:00,2024-06-14 00:00:00,Short,2303.1000000000004,2303.05,0.1000000000003638,SL Hit,2303.05,2,1778.2299999999877,85.0,0.3599999999996726,-2.100000000000364
2024-06-14 04:10:00,2024-06-14 04:30:00,Short,2304.38,2304.83,-0.4499999999998181,SL Hit,2304.83,1,1777.779999999988,20.0,1.449999999999818,-1.180000000000291
2024-06-14 05:00:00,2024-06-14 07:10:00,Long,2309.56,2310.69,3.3900000000003274,SL Hit,2310.69,3,1781.1699999999882,130.0,-4.6599999999998545,3.519999999999982
2024-06-14 12:55:00,2024-06-14 13:00:00,Long,2330.17,2329.495,-0.6750000000001819,SL Hit,2329.495,1,1780.494999999988,5.0,-0.9099999999998545,0.8099999999999454
2024-06-14 13:45:00,2024-06-14 14:00:00,Long,2331.2,2328.53,-2.669999999999618,SL Hit,2328.53,1,1777.8249999999884,15.0,-2.7199999999998,1.4900000000002365
2024-06-14 15:35:00,2024-06-14 16:00:00,Short,2326.145,2327.23,-2.1700000000000728,SL Hit,2327.23,2,1775.6549999999884,25.0,1.8550000000000182,-2.025000000000091
2024-06-14 17:15:00,2024-06-14 19:00:00,Long,2333.2174999999997,2332.9,-1.2699999999986176,SL Hit,2332.9,4,1774.3849999999898,105.0,-2.8774999999996,1.712500000000091
2024-06-14 19:10:00,2024-06-14 19:15:00,Short,2332.97,2332.97,0.0,SL Hit,2332.97,1,1774.3849999999898,5.0,0.2699999999999818,-0.6899999999995998
2024-06-14 19:20:00,2024-06-14 19:25:00,Short,2333.08,2333.08,0.0,SL Hit,2333.08,1,1774.3849999999898,5.0,0.34999999999990905,-1.0799999999999272
2024-06-16 23:15:00,2024-06-16 23:30:00,Short,2328.26,2328.26,0.0,SL Hit,2328.26,1,1774.3849999999898,15.0,0.9399999999995998,-1.5600000000004002
2024-06-17 00:35:00,2024-06-17 00:50:00,Long,2326.04,2325.6800000000003,-0.3599999999996726,SL Hit,2325.6800000000003,1,1774.02499999999,15.0,-0.44000000000005457,0.8800000000001091
2024-06-17 02:40:00,2024-06-17 03:50:00,Short,2322.4,2322.84,-1.3200000000001637,SL Hit,2322.84,3,1772.70499999999,70.0,2.319999999999709,-1.2000000000002728
2024-06-17 04:35:00,2024-06-17 04:50:00,Long,2323.855,2323.7,-0.3100000000004002,SL Hit,2323.7,2,1772.3949999999895,15.0,-0.9349999999999454,1.9549999999999272
2024-06-17 05:30:00,2024-06-17 07:05:00,Short,2319.36,2318.98,1.1400000000003274,SL Hit,2318.98,3,1773.5349999999899,95.0,2.1099999999996726,-3.7400000000002365
2024-06-17 09:40:00,2024-06-17 09:45:00,Short,2320.39,2320.645,-0.25500000000010914,SL Hit,2320.645,1,1773.2799999999897,5.0,0.45000000000027285,-0.5499999999997272
2024-06-17 11:40:00,2024-06-17 11:45:00,Short,2320.21,2320.21,0.0,SL Hit,2320.21,1,1773.2799999999897,5.0,0.42000000000007276,-1.8099999999999454
2024-06-17 13:05:00,2024-06-17 13:40:00,Long,2320.54,2320.54,0.0,SL Hit,2320.54,1,1773.2799999999897,35.0,-0.7599999999997635,5.320000000000164
2024-06-17 14:10:00,2024-06-17 14:15:00,Short,2320.08,2320.53,-0.45000000000027285,SL Hit,2320.53,1,1772.8299999999895,5.0,1.6700000000000728,-0.7599999999997635
2024-06-17 15:15:00,2024-06-17 16:35:00,Short,2318.375,2315.63,5.489999999999782,SL Hit,2315.63,2,1778.3199999999892,80.0,4.684999999999945,-8.644999999999982
2024-06-17 17:55:00,2024-06-17 18:30:00,Long,2316.59,2316.275,-0.31500000000005457,SL Hit,2316.275,1,1778.0049999999892,35.0,-0.45000000000027285,1.2100000000000364
2024-06-17 19:20:00,2024-06-17 20:25:00,Long,2319.36,2318.8,-1.6799999999998363,SL Hit,2318.8,3,1776.3249999999894,65.0,-1.650000000000091,1.2100000000000364
2024-06-17 20:30:00,2024-06-17 20:35:00,Short,2318.68,2319.175,-0.4950000000003456,SL Hit,2319.175,1,1775.829999999989,5.0,0.7000000000002728,-1.2799999999997453
2024-06-17 22:25:00,2024-06-17 23:05:00,Long,2320.4849999999997,2319.2,-2.569999999999709,SL Hit,2319.2,2,1773.2599999999893,40.0,-1.3049999999998363,0.4650000000001455
2024-06-17 23:15:00,2024-06-17 23:20:00,Short,2319.27,2319.27,0.0,SL Hit,2319.27,1,1773.2599999999893,5.0,0.2800000000002001,-0.3200000000001637
2024-06-18 01:10:00,2024-06-18 01:15:00,Long,2322.17,2321.4049999999997,-0.7650000000003274,SL Hit,2321.4049999999997,1,1772.494999999989,5.0,-2.019999999999982,0.21000000000003638
2024-06-18 01:35:00,2024-06-18 03:20:00,Long,2322.6220000000003,2323.2,2.889999999997599,SL Hit,2323.2,5,1775.3849999999866,105.0,-3.3220000000001164,2.8679999999994834
2024-06-18 06:10:00,2024-06-18 06:20:00,Short,2321.34,2321.34,0.0,SL Hit,2321.34,1,1775.3849999999866,10.0,0.25999999999976353,-1.3900000000003274
2024-06-18 09:10:00,2024-06-18 09:25:00,Long,2313.4,2312.8,-0.599999999999909,SL Hit,2312.8,1,1774.7849999999867,15.0,-2.5,0.6700000000000728
2024-06-18 13:35:00,2024-06-18 14:40:00,Long,2320.68,2322.78,6.300000000001091,SL Hit,2322.78,3,1781.0849999999878,65.0,-5.819999999999709,6.670000000000073
2024-06-18 15:25:00,2024-06-18 16:45:00,Long,2326.295,2326.5,0.4099999999998545,SL Hit,2326.5,2,1781.4949999999876,80.0,-2.724999999999909,3.275000000000091
2024-06-18 17:05:00,2024-06-18 17:10:00,Long,2329.48,2328.85,-0.6300000000001091,SL Hit,2328.85,1,1780.8649999999875,5.0,-1.0199999999999818,0.2899999999999636
2024-06-18 17:55:00,2024-06-18 18:00:00,Short,2329.35,2329.725,-0.375,SL Hit,2329.725,1,1780.4899999999875,5.0,0.4600000000000364,-1.0099999999997635
2024-06-18 18:10:00,2024-06-18 18:20:00,Short,2328.75,2328.75,0.0,SL Hit,2328.75,1,1780.4899999999875,10.0,0.9299999999998363,-1.1300000000001091
2024-06-18 20:40:00,2024-06-18 22:00:00,Short,2329.13,2329.445,-0.31500000000005457,SL Hit,2329.445,1,1780.1749999999874,80.0,0.6199999999998909,-0.6400000000003274
2024-06-18 22:15:00,2024-06-18 22:40:00,Short,2329.13,2329.13,0.0,SL Hit,2329.13,1,1780.1749999999874,25.0,0.13000000000010914,-2.430000000000291
2024-06-18 23:45:00,2024-06-18 23:55:00,Long,2328.64,2328.28,-0.3599999999996726,SL Hit,2328.28,1,1779.8149999999878,10.0,-0.650000000000091,0.42000000000007276
2024-06-19 00:30:00,2024-06-19 00:35:00,Short,2328.16,2328.3700000000003,-0.21000000000049113,SL Hit,2328.3700000000003,1,1779.6049999999873,5.0,1.3800000000001091,-0.10999999999967258
2024-06-19 01:00:00,2024-06-19 01:05:00,Long,2329.26,2328.495,-0.7650000000003274,SL Hit,2328.495,1,1778.839999999987,5.0,-1.930000000000291,0.3799999999996544
2024-06-19 02:25:00,2024-06-19 02:30:00,Long,2330.22,2330.22,0.0,SL Hit,2330.22,1,1778.839999999987,5.0,-0.08999999999969077,0.5400000000004184
2024-06-19 03:10:00,2024-06-19 03:15:00,Long,2330.71,2328.5950000000003,-2.1149999999997817,Bearish Trade Reversal,2328.5950000000003,1,1776.7249999999872,5.0,-1.4099999999998545,0.6399999999998727
2024-06-19 03:15:00,2024-06-19 04:45:00,Short,2329.385,2328.17,2.430000000000291,SL Hit,2328.17,2,1779.1549999999875,90.0,1.8949999999999818,-2.3850000000002183
2024-06-19 05:25:00,2024-06-19 05:30:00,Long,2328.22,2328.01,-0.20999999999958163,SL Hit,2328.01,1,1778.9449999999879,5.0,-0.6299999999996544,0.25
2024-06-19 08:00:00,2024-06-19 08:50:00,Long,2332.1,2331.455,-0.6449999999999818,SL Hit,2331.455,1,1778.299999999988,50.0,-0.7999999999997272,2.6600000000003092
2024-06-19 10:30:00,2024-06-19 10:45:00,Long,2328.53,2328.4399999999996,-0.09000000000060027,SL Hit,2328.4399999999996,1,1778.2099999999873,15.0,-0.18000000000029104,0.9800000000000182
2024-06-19 11:05:00,2024-06-19 11:15:00,Short,2326.78,2327.02,-0.23999999999978172,SL Hit,2327.02,1,1777.9699999999875,10.0,0.5099999999997635,-0.5700000000001637
2024-06-19 11:45:00,2024-06-19 12:25:00,Long,2329.205,2328.0,-2.4099999999998545,SL Hit,2328.0,2,1775.5599999999877,40.0,-1.9949999999998909,3.5650000000000546
2024-06-19 13:30:00,2024-06-19 13:35:00,Long,2329.44,2329.0199999999995,-0.4200000000005275,SL Hit,2329.0199999999995,1,1775.1399999999871,5.0,-1.1300000000001091,0.2899999999999636
2024-06-19 18:00:00,2024-06-19 22:20:00,Short,2329.71,2329.8450000000003,-0.13500000000021828,SL Hit,2329.8450000000003,1,1775.004999999987,260.0,0.4499999999998181,-4.75
2024-06-19 22:35:00,2024-06-19 22:45:00,Short,2329.83,2329.8450000000003,-0.015000000000327418,SL Hit,2329.8450000000003,1,1774.9899999999866,10.0,0.03000000000020009,-1.1300000000001091
2024-06-19 23:20:00,2024-06-19 23:25:00,Short,2328.97,2329.1200000000003,-0.1500000000005457,SL Hit,2329.1200000000003,1,1774.839999999986,5.0,0.3400000000001455,-0.7699999999999818
2024-06-20 00:25:00,2024-06-20 00:55:00,Short,2328.53,2328.6949999999997,-0.16499999999950887,SL Hit,2328.6949999999997,1,1774.6749999999865,30.0,1.1199999999998909,-1.1300000000001091
2024-06-20 03:10:00,2024-06-20 03:15:00,Short,2333.6,2333.6,0.0,SL Hit,2333.6,1,1774.6749999999865,5.0,0.47000000000025466,-1.2999999999997272
2024-06-20 04:05:00,2024-06-20 07:05:00,Long,2339.154,2341.7,12.729999999999109,SL Hit,2341.7,5,1787.4049999999856,180.0,-6.054000000000087,5.846000000000004
2024-06-20 12:30:00,2024-06-20 12:35:00,Long,2340.31,2339.7699999999995,-0.5400000000004184,SL Hit,2339.7699999999995,1,1786.8649999999852,5.0,-2.5799999999999272,2.0799999999999272
2024-06-20 14:40:00,2024-06-20 15:15:00,Long,2357.19,2357.19,0.0,SL Hit,2357.19,1,1786.8649999999852,35.0,-0.2800000000002001,7.9099999999998545
2024-06-20 17:05:00,2024-06-20 17:25:00,Long,2356.16,2354.9300000000003,-1.2299999999995634,SL Hit,2354.9300000000003,1,1785.6349999999857,20.0,-1.5899999999996908,0.8400000000001455
2024-06-20 20:15:00,2024-06-20 20:40:00,Short,2358.735,2358.97,-0.46999999999934516,SL Hit,2358.97,2,1785.1649999999863,25.0,0.3550000000000182,-0.36500000000023647
2024-06-20 22:10:00,2024-06-20 22:15:00,Long,2357.5,2357.5,0.0,Bearish Trade Reversal,2357.5,1,1785.1649999999863,5.0,0.0,2.1700000000000728
2024-06-20 22:15:00,2024-06-20 22:30:00,Short,2358.57,2359.67,-2.199999999999818,SL Hit,2359.67,2,1782.9649999999865,15.0,1.1900000000000546,-1.2699999999999818
2024-06-21 02:35:00,2024-06-21 03:15:00,Short,2359.43,2359.53,-0.2000000000007276,SL Hit,2359.53,2,1782.7649999999858,40.0,1.2400000000002365,-1.4299999999998363
2024-06-21 05:20:00,2024-06-21 05:30:00,Long,2363.145,2362.1,-2.0900000000001455,SL Hit,2362.1,2,1780.6749999999856,10.0,-1.4450000000001637,0.3949999999999818
2024-06-21 07:35:00,2024-06-21 09:25:00,Long,2362.6600000000003,2364.2,6.1599999999980355,SL Hit,2364.2,4,1786.8349999999837,110.0,-4.190000000000509,5.1899999999996
2024-06-21 10:10:00,2024-06-21 10:20:00,Short,2362.61,2362.61,0.0,SL Hit,2362.61,1,1786.8349999999837,10.0,0.6900000000000546,-1.6100000000001273
2024-06-21 14:30:00,2024-06-21 14:35:00,Short,2335.66,2336.86,-1.2000000000002728,SL Hit,2336.86,1,1785.6349999999834,5.0,2.5599999999999454,-4.319999999999709
2024-06-21 14:55:00,2024-06-21 15:05:00,Short,2331.23,2331.785,-0.5549999999998363,SL Hit,2331.785,1,1785.0799999999836,10.0,1.8899999999998727,-1.7300000000000182
2024-06-21 17:00:00,2024-06-21 18:20:00,Short,2321.1733333333336,2319.26,5.7400000000002365,SL Hit,2319.26,3,1790.8199999999838,80.0,3.586666666666588,-4.0233333333335395
2024-06-21 19:50:00,2024-06-21 19:55:00,Short,2322.12,2322.12,0.0,SL Hit,2322.12,1,1790.8199999999838,5.0,0.2800000000002001,-0.6900000000000546
2024-06-21 20:25:00,2024-06-23 22:00:00,Short,2320.54,2321.29,-1.5,SL Hit,2321.29,2,1789.3199999999838,2975.0,1.2699999999999818,-2.7799999999997453
2024-06-23 23:25:00,2024-06-24 00:00:00,Short,2320.02,2320.335,-0.31500000000005457,SL Hit,2320.335,1,1789.0049999999837,35.0,0.36000000000012733,-3.2199999999998
2024-06-24 03:10:00,2024-06-24 03:35:00,Long,2324.86,2324.5150000000003,-0.3449999999997999,SL Hit,2324.5150000000003,1,1788.659999999984,25.0,-0.6600000000003092,1.6099999999996726
2024-06-24 03:55:00,2024-06-24 04:00:00,Short,2325.27,2325.375,-0.10500000000001819,SL Hit,2325.375,1,1788.554999999984,5.0,0.25,-0.4499999999998181
2024-06-24 04:45:00,2024-06-24 05:00:00,Short,2324.86,2324.86,0.0,SL Hit,2324.86,1,1788.554999999984,15.0,0.4099999999998545,-0.8200000000001637
2024-06-24 07:20:00,2024-06-24 09:00:00,Long,2327.7200000000003,2329.2,2.959999999999127,SL Hit,2329.2,2,1791.514999999983,100.0,-3.6200000000003456,4.879999999999654
2024-06-24 09:05:00,2024-06-24 09:20:00,Short,2329.67,2329.67,0.0,SL Hit,2329.67,1,1791.514999999983,15.0,0.7199999999997999,-3.619999999999891
2024-06-24 12:55:00,2024-06-24 13:05:00,Long,2327.04,2326.1549999999997,-0.8850000000002183,SL Hit,2326.1549999999997,1,1790.6299999999828,10.0,-1.0,0.6399999999998727
2024-06-24 15:30:00,2024-06-24 16:30:00,Short,2330.05,2329.72,0.660000000000764,SL Hit,2329.72,2,1791.2899999999836,60.0,1.2999999999997272,-3.200000000000273
2024-06-24 18:20:00,2024-06-24 18:25:00,Long,2332.8,2332.8,0.0,SL Hit,2332.8,1,1791.2899999999836,5.0,-0.1000000000003638,1.0799999999999272
2024-06-24 22:20:00,2024-06-24 22:25:00,Short,2332.82,2333.0149999999994,-0.19499999999925421,SL Hit,2333.0149999999994,1,1791.0949999999843,5.0,0.5,-0.5199999999999818
2024-06-24 22:40:00,2024-06-25 00:50:00,Short,2330.7933333333335,2330.06,2.2000000000007276,SL Hit,2330.06,3,1793.294999999985,130.0,1.966666666666697,-3.593333333333703
2024-06-25 01:05:00,2024-06-25 01:10:00,Long,2330.06,2329.115,-0.9450000000001637,SL Hit,2329.115,1,1792.349999999985,5.0,-1.5399999999999636,0.11999999999989086
2024-06-25 03:05:00,2024-06-25 03:15:00,Long,2326.86,2326.7400000000002,-0.11999999999989086,SL Hit,2326.7400000000002,1,1792.229999999985,10.0,-0.36000000000012733,1.199999999999818
2024-06-25 08:45:00,2024-06-25 11:05:00,Long,2331.71,2333.93,8.8799999999992,SL Hit,2333.93,4,1801.1099999999842,140.0,-4.470000000000255,5.2199999999998
2024-06-25 12:35:00,2024-06-25 14:20:00,Short,2324.273333333333,2325.87,-4.790000000000418,SL Hit,2325.87,3,1796.3199999999838,105.0,4.506666666667115,-4.36333333333323
2024-06-25 17:00:00,2024-06-25 17:25:00,Short,2317.82,2318.63,-0.8099999999999454,SL Hit,2318.63,1,1795.5099999999838,25.0,1.1299999999996544,-0.9700000000002547
2024-06-25 17:40:00,2024-06-25 17:50:00,Long,2319.17,2319.05,-0.11999999999989086,SL Hit,2319.05,1,1795.389999999984,10.0,-0.8899999999998727,0.5599999999999454
2024-06-25 18:20:00,2024-06-25 18:30:00,Short,2318.73,2318.73,0.0,SL Hit,2318.73,1,1795.389999999984,10.0,0.9099999999998545,-1.9299999999998363
2024-06-25 19:45:00,2024-06-25 19:55:00,Short,2319.44,2319.59,-0.15000000000009095,SL Hit,2319.59,1,1795.2399999999839,10.0,0.34999999999990905,-0.1799999999998363
2024-06-25 22:00:00,2024-06-25 23:20:00,Long,2319.513333333334,2318.6,-2.7400000000016007,SL Hit,2318.6,3,1792.4999999999823,80.0,-1.213333333333594,1.5466666666661695
2024-06-25 23:25:00,2024-06-25 23:35:00,Short,2319.16,2319.25,-0.09000000000014552,SL Hit,2319.25,1,1792.4099999999821,10.0,0.3000000000001819,-0.34999999999990905
2024-06-26 00:15:00,2024-06-26 00:20:00,Short,2322.82,2322.82,0.0,Bullish Trade Reversal,2322.82,1,1792.4099999999821,5.0,-0.0,-3.8900000000003274
2024-06-26 00:20:00,2024-06-26 00:35:00,Long,2319.45,2318.61,-1.6799999999993815,SL Hit,2318.61,2,1790.7299999999827,15.0,-1.5499999999997272,1.2400000000002365
2024-06-26 00:40:00,2024-06-26 00:45:00,Short,2319.2,2319.2,0.0,SL Hit,2319.2,1,1790.7299999999827,5.0,0.010000000000218279,-0.4800000000000182
2024-06-26 03:50:00,2024-06-26 04:25:00,Short,2317.26,2317.46,-0.3999999999996362,SL Hit,2317.46,2,1790.329999999983,35.0,0.669999999999618,-1.3600000000001273
2024-06-26 04:30:00,2024-06-26 05:05:00,Short,2316.443333333333,2316.97,-1.5799999999999272,SL Hit,2316.97,3,1788.7499999999832,35.0,0.9166666666669698,-1.2433333333333394
2024-06-26 05:35:00,2024-06-26 08:25:00,Short,2315.618,2316.02,-2.0100000000002183,SL Hit,2316.02,5,1786.739999999983,170.0,2.0520000000001346,-5.958000000000084
2024-06-26 09:45:00,2024-06-26 14:50:00,Short,2308.7339999999995,2299.34,46.96999999999662,SL Hit,2299.34,5,1833.7099999999796,305.0,9.016000000000531,-14.47399999999925
2024-06-26 15:00:00,2024-06-26 18:40:00,Long,2300.05,2299.5,-2.7500000000009095,SL Hit,2299.5,5,1830.9599999999787,220.0,-3.7899999999999636,3.599999999999909
2024-06-27 05:15:00,2024-06-27 05:35:00,Short,2299.54,2299.6150000000002,-0.07500000000027285,SL Hit,2299.6150000000002,1,1830.8849999999784,20.0,0.5700000000001637,-1.9400000000000546
2024-06-27 10:00:00,2024-06-27 13:40:00,Long,2317.5783333333334,2320.01,14.590000000001055,SL Hit,2320.01,6,1845.4749999999794,220.0,-5.478333333333467,6.651666666666642
2024-06-27 14:00:00,2024-06-27 14:20:00,Long,2323.13,2323.13,0.0,SL Hit,2323.13,1,1845.4749999999794,20.0,-0.07999999999992724,7.179999999999836
2024-06-27 15:20:00,2024-06-27 15:25:00,Long,2328.97,2328.8650000000002,-0.10499999999956344,SL Hit,2328.8650000000002,1,1845.3699999999799,5.0,-3.1399999999998727,1.4400000000000546
2024-06-27 16:25:00,2024-06-27 16:30:00,Short,2325.35,2326.1899999999996,-0.8399999999996908,SL Hit,2326.1899999999996,1,1844.5299999999802,5.0,1.099999999999909,-1.349999999999909
2024-06-27 17:30:00,2024-06-27 18:00:00,Long,2325.7833333333333,2325.69,-0.27999999999974534,SL Hit,2325.69,3,1844.2499999999804,30.0,-1.3633333333332303,1.1566666666667516
2024-06-27 22:25:00,2024-06-27 22:45:00,Short,2326.4,2326.5049999999997,-0.10499999999956344,SL Hit,2326.5049999999997,1,1844.1449999999809,20.0,0.5199999999999818,-0.8000000000001819
2024-06-28 00:15:00,2024-06-28 02:15:00,Short,2323.0449999999996,2321.53,6.059999999997672,SL Hit,2321.53,4,1850.2049999999786,120.0,3.4450000000001637,-4.004999999999654
2024-06-28 03:15:00,2024-06-28 03:20:00,Long,2323.93,2322.28,-3.2999999999992724,SL Hit,2322.28,2,1846.9049999999793,5.0,-1.9299999999998363,0.7000000000002728
2024-06-28 03:25:00,2024-06-28 04:50:00,Short,2321.1666666666665,2320.72,1.3400000000001455,SL Hit,2320.72,3,1848.2449999999794,85.0,1.7033333333333758,-1.466666666666697
2024-06-28 07:05:00,2024-06-28 07:25:00,Long,2326.63,2326.3599999999997,-0.27000000000043656,SL Hit,2326.3599999999997,1,1847.974999999979,20.0,-0.3900000000003274,1.3899999999998727
2024-06-28 09:55:00,2024-06-28 11:20:00,Long,2332.8500000000004,2334.52,5.009999999998854,SL Hit,2334.52,3,1852.9849999999778,85.0,-4.450000000000273,4.039999999999509
2024-06-28 11:25:00,2024-06-28 12:30:00,Short,2333.8366666666666,2334.78,-2.8300000000008367,SL Hit,2334.78,3,1850.154999999977,65.0,4.133333333333212,-2.446666666666715
2024-06-28 17:55:00,2024-06-28 18:05:00,Short,2326.95,2326.95,0.0,SL Hit,2326.95,1,1850.154999999977,10.0,0.22000000000025466,-0.6499999999996362
2024-06-28 19:00:00,2024-06-28 19:05:00,Short,2325.35,2325.455,-0.10500000000001819,SL Hit,2325.455,1,1850.049999999977,5.0,0.7899999999999636,-1.75
2024-06-28 20:45:00,2024-06-30 22:00:00,Long,2324.98,2324.8900000000003,-0.08999999999969077,SL Hit,2324.8900000000003,1,1849.9599999999773,2955.0,-1.2199999999998,2.0300000000002
2024-06-30 22:10:00,2024-06-30 23:10:00,Short,2324.585,2324.77,-0.36999999999989086,SL Hit,2324.77,2,1849.5899999999774,60.0,0.8150000000000546,-2.1849999999999454
2024-07-01 04:30:00,2024-07-01 06:10:00,Short,2323.285,2323.87,-1.1700000000000728,SL Hit,2323.87,2,1848.4199999999773,100.0,1.025000000000091,-5.014999999999873
2024-07-01 08:00:00,2024-07-01 08:25:00,Short,2324.26,2324.26,0.0,SL Hit,2324.26,1,1848.4199999999773,25.0,0.5299999999997453,-2.3600000000001273
2024-07-01 16:10:00,2024-07-01 16:35:00,Long,2328.67,2327.6800000000003,-0.9899999999997817,SL Hit,2327.6800000000003,1,1847.4299999999776,25.0,-1.0700000000001637,2.9899999999997817
2024-07-01 22:05:00,2024-07-01 22:10:00,Long,2330.2,2330.2,0.0,Bearish Trade Reversal,2330.2,1,1847.4299999999776,5.0,0.0,1.8400000000001455
2024-07-01 22:10:00,2024-07-01 23:00:00,Short,2331.27,2331.81,-1.0799999999999272,SL Hit,2331.81,2,1846.3499999999776,50.0,1.1199999999998909,-0.9699999999997999
2024-07-01 23:35:00,2024-07-01 23:40:00,Long,2332.04,2331.7400000000002,-0.29999999999972715,SL Hit,2331.7400000000002,1,1846.049999999978,5.0,-0.8400000000001455,0.2300000000000182
2024-07-02 01:00:00,2024-07-02 01:10:00,Long,2332.66,2332.21,-0.4499999999998181,SL Hit,2332.21,1,1845.599999999978,10.0,-1.2599999999997635,0.7400000000002365
2024-07-02 13:30:00,2024-07-02 14:10:00,Long,2328.0,2327.3999999999996,-0.6000000000003638,SL Hit,2327.3999999999996,1,1844.9999999999777,40.0,-4.230000000000018,8.199999999999818
2024-07-02 14:15:00,2024-07-02 15:00:00,Short,2327.0150000000003,2327.79,-1.5499999999992724,SL Hit,2327.79,2,1843.4499999999784,45.0,1.2349999999996726,-3.6350000000002183
2024-07-02 15:05:00,2024-07-02 15:30:00,Long,2327.14,2326.63,-0.5099999999997635,SL Hit,2326.63,1,1842.9399999999787,25.0,-1.1199999999998909,3.2200000000002547
2024-07-02 18:00:00,2024-07-02 22:45:00,Long,2328.7033333333334,2329.8,6.580000000000837,SL Hit,2329.8,6,1849.5199999999795,285.0,-4.1233333333334485,2.486666666666679
2024-07-02 22:55:00,2024-07-02 23:00:00,Short,2330.02,2330.05,-0.03000000000020009,SL Hit,2330.05,1,1849.4899999999793,5.0,1.2199999999998,-1.1199999999998909
2024-07-02 23:05:00,2024-07-02 23:55:00,Long,2330.516666666667,2329.56,-2.8700000000008004,SL Hit,2329.56,3,1846.6199999999785,50.0,-1.4166666666669698,0.5533333333332848
2024-07-03 00:00:00,2024-07-03 00:05:00,Short,2330.92,2331.175,-0.25500000000010914,SL Hit,2331.175,1,1846.3649999999784,5.0,0.36000000000012733,-1.0199999999999818
2024-07-03 01:30:00,2024-07-03 02:05:00,Short,2329.775,2329.84,-0.13000000000010914,SL Hit,2329.84,2,1846.2349999999783,35.0,1.194999999999709,-1.375
2024-07-03 02:15:00,2024-07-03 03:15:00,Short,2328.45,2329.4,-1.9000000000005457,SL Hit,2329.4,2,1844.3349999999778,60.0,1.3100000000004002,-1.849999999999909
2024-07-03 03:20:00,2024-07-03 03:30:00,Long,2329.01,2329.01,0.0,SL Hit,2329.01,1,1844.3349999999778,10.0,-1.0100000000002183,0.36999999999989086
2024-07-03 05:35:00,2024-07-03 06:05:00,Short,2334.45,2334.45,0.0,SL Hit,2334.45,1,1844.3349999999778,30.0,0.7100000000000364,-3.349999999999909
2024-07-03 17:30:00,2024-07-03 20:40:00,Short,2357.195,2355.14,12.330000000001746,SL Hit,2355.14,6,1856.6649999999795,190.0,2.605000000000018,-3.9950000000003456
2024-07-03 23:55:00,2024-07-04 00:00:00,Long,2358.2,2357.9,-0.29999999999972715,SL Hit,2357.9,1,1856.3649999999798,5.0,-1.099999999999909,0.8000000000001819
2024-07-04 04:05:00,2024-07-04 04:35:00,Short,2358.4849999999997,2359.17,-1.3700000000008004,SL Hit,2359.17,2,1854.994999999979,30.0,0.6950000000001637,-1.8849999999997635
2024-07-04 10:25:00,2024-07-04 11:25:00,Long,2358.02,2357.7,-0.6400000000003274,SL Hit,2357.7,2,1854.3549999999786,60.0,-0.5199999999999818,1.8400000000001455
2024-07-04 13:20:00,2024-07-04 13:25:00,Long,2358.03,2358.03,0.0,SL Hit,2358.03,1,1854.3549999999786,5.0,-0.5900000000001455,0.3599999999996726
2024-07-05 01:10:00,2024-07-05 01:20:00,Long,2358.3,2358.3,0.0,SL Hit,2358.3,1,1854.3549999999786,10.0,-0.6200000000003456,1.75
2024-07-05 05:35:00,2024-07-05 07:00:00,Long,2363.8366666666666,2363.1,-2.2100000000000364,SL Hit,2363.1,3,1852.1449999999786,85.0,-1.1366666666667697,2.283333333333303
2024-07-05 07:30:00,2024-07-05 07:35:00,Short,2363.35,2363.485,-0.13500000000021828,SL Hit,2363.485,1,1852.0099999999784,5.0,1.599999999999909,-0.5499999999997272
2024-07-05 08:20:00,2024-07-05 08:40:00,Long,2365.92,2365.92,0.0,SL Hit,2365.92,1,1852.0099999999784,20.0,-0.13000000000010914,1.2300000000000182
2024-07-05 09:30:00,2024-07-05 10:30:00,Short,2364.5333333333333,2365.3,-2.3000000000006366,SL Hit,2365.3,3,1849.7099999999778,60.0,0.8066666666668425,-2.7233333333333576
2024-07-05 11:10:00,2024-07-05 11:25:00,Short,2364.42,2364.42,0.0,SL Hit,2364.42,1,1849.7099999999778,15.0,0.599999999999909,-1.1199999999998909
2024-07-05 11:45:00,2024-07-05 11:50:00,Short,2363.99,2364.41,-0.42000000000007276,SL Hit,2364.41,1,1849.2899999999777,5.0,1.1400000000003274,-0.11999999999989086
2024-07-05 12:35:00,2024-07-05 13:05:00,Short,2367.81,2375.01,-14.400000000000546,SL Hit,2375.01,2,1834.8899999999771,30.0,8.11999999999989,-3.0900000000001455
2024-07-05 14:50:00,2024-07-05 14:55:00,Long,2382.44,2381.465,-0.974999999999909,SL Hit,2381.465,1,1833.9149999999772,5.0,-2.0799999999999272,1.1199999999998909
2024-07-05 18:15:00,2024-07-05 19:30:00,Long,2389.0466666666666,2390.69,4.930000000000291,SL Hit,2390.69,3,1838.8449999999775,75.0,-2.6366666666667697,3.6733333333331757
2024-07-07 22:45:00,2024-07-07 23:40:00,Short,2385.98,2386.39,-0.819999999999709,SL Hit,2386.39,2,1838.0249999999778,55.0,0.8800000000001091,-2.0799999999999272
2024-07-08 00:25:00,2024-07-08 00:30:00,Long,2385.5,2385.5,0.0,SL Hit,2385.5,1,1838.0249999999778,5.0,0.0,1.2899999999999636
2024-07-08 00:35:00,2024-07-08 00:50:00,Long,2386.38,2386.2749999999996,-0.10500000000047294,SL Hit,2386.2749999999996,1,1837.9199999999773,15.0,-0.4800000000000182,1.1799999999998363
2024-07-08 02:40:00,2024-07-08 03:20:00,Short,2383.55,2383.45,0.2000000000007276,SL Hit,2383.45,2,1838.119999999978,40.0,1.8099999999999454,-2.0
2024-07-08 05:00:00,2024-07-08 05:30:00,Long,2384.925,2383.6,-2.6500000000005457,SL Hit,2383.6,2,1835.4699999999775,30.0,-2.075000000000273,1.4549999999999272
2024-07-08 06:35:00,2024-07-08 07:35:00,Short,2380.6400000000003,2380.93,-0.5799999999990177,SL Hit,2380.93,2,1834.8899999999785,60.0,0.8899999999998727,-3.8400000000001455
2024-07-08 11:15:00,2024-07-08 12:30:00,Long,2374.3633333333332,2374.42,0.1700000000005275,SL Hit,2374.42,3,1835.059999999979,75.0,-1.9233333333331757,2.66666666666697
2024-07-08 13:45:00,2024-07-08 13:55:00,Short,2374.24,2374.24,0.0,SL Hit,2374.24,1,1835.059999999979,10.0,1.580000000000382,-3.5799999999999272
2024-07-08 15:10:00,2024-07-08 16:40:00,Short,2364.31,2355.56,17.5,SL Hit,2355.56,2,1852.559999999979,90.0,10.159999999999854,-13.610000000000127
2024-07-08 18:15:00,2024-07-08 19:00:00,Short,2355.895,2356.83,-1.8699999999998909,SL Hit,2356.83,2,1850.6899999999791,45.0,1.1550000000002,-1.5949999999998
2024-07-08 20:10:00,2024-07-08 20:15:00,Long,2358.68,2358.62,-0.05999999999994543,SL Hit,2358.62,1,1850.6299999999792,5.0,-0.6599999999998545,0.3400000000001455
2024-07-08 23:55:00,2024-07-09 01:55:00,Long,2362.862,2362.54,-1.610000000000582,SL Hit,2362.54,5,1849.0199999999786,120.0,-2.262000000000171,2.0279999999997926
2024-07-09 02:00:00,2024-07-09 02:20:00,Short,2362.94,2362.94,0.0,SL Hit,2362.94,1,1849.0199999999786,20.0,0.17000000000007276,-2.7400000000002365
2024-07-09 05:30:00,2024-07-09 05:40:00,Short,2365.59,2365.59,0.0,SL Hit,2365.59,1,1849.0199999999786,10.0,0.4499999999998181,-0.8700000000003456
2024-07-09 06:35:00,2024-07-09 07:00:00,Short,2364.25,2364.34,-0.09000000000014552,SL Hit,2364.34,1,1848.9299999999785,25.0,0.09000000000014552,-2.050000000000182
2024-07-09 07:10:00,2024-07-09 09:00:00,Short,2361.6949999999997,2361.59,0.20999999999912689,SL Hit,2361.59,2,1849.1399999999776,110.0,1.0850000000004911,-3.424999999999727
2024-07-09 11:30:00,2024-07-09 13:00:00,Short,2360.455,2360.92,-0.930000000000291,SL Hit,2360.92,2,1848.2099999999773,90.0,1.8150000000000546,-4.184999999999945
2024-07-09 13:10:00,2024-07-09 14:05:00,Long,2361.8199999999997,2359.7,-4.239999999999782,SL Hit,2359.7,2,1843.9699999999775,55.0,-4.829999999999927,6.450000000000273
2024-07-09 15:05:00,2024-07-09 15:45:00,Short,2358.18,2358.18,0.0,SL Hit,2358.18,1,1843.9699999999775,40.0,0.7000000000002728,-7.879999999999654
2024-07-09 20:45:00,2024-07-09 23:00:00,Short,2363.9449999999997,2364.45,-1.0100000000002183,SL Hit,2364.45,2,1842.9599999999773,135.0,1.1250000000004547,-12.904999999999745
2024-07-09 23:20:00,2024-07-09 23:25:00,Long,2364.86,2364.8,-0.05999999999994543,SL Hit,2364.8,1,1842.8999999999774,5.0,-0.9600000000000364,0.15000000000009095
2024-07-10 01:05:00,2024-07-10 01:15:00,Short,2365.03,2365.03,0.0,SL Hit,2365.03,1,1842.8999999999774,10.0,2.7799999999997453,-1.5199999999999818
2024-07-10 03:25:00,2024-07-10 04:00:00,Short,2367.8900000000003,2368.3,-0.819999999999709,SL Hit,2368.3,2,1842.0799999999776,35.0,0.5799999999994725,-1.3900000000003274
2024-07-10 04:25:00,2024-07-10 04:40:00,Short,2367.47,2367.5300000000007,-0.060000000000854925,SL Hit,2367.5300000000007,1,1842.0199999999768,15.0,0.3100000000004002,-1.4699999999998
2024-07-10 06:15:00,2024-07-10 06:20:00,Short,2367.79,2367.835,-0.04500000000007276,SL Hit,2367.835,1,1841.9749999999767,5.0,2.0399999999999636,-0.5599999999999454
2024-07-10 08:15:00,2024-07-10 08:20:00,Short,2373.11,2373.35,-0.23999999999978172,SL Hit,2373.35,1,1841.734999999977,5.0,0.5799999999999272,-0.7200000000002547
2024-07-10 08:55:00,2024-07-10 09:35:00,Short,2372.4849999999997,2373.15,-1.3300000000008367,SL Hit,2373.15,2,1840.404999999976,40.0,1.3650000000002365,-0.8249999999998181
2024-07-10 11:35:00,2024-07-10 13:05:00,Long,2377.495,2377.3,-0.3899999999994179,SL Hit,2377.3,2,1840.0149999999767,90.0,-2.4049999999997453,4.144999999999982
2024-07-10 14:45:00,2024-07-10 14:50:00,Short,2376.9,2377.125,-0.22499999999990905,SL Hit,2377.125,1,1839.7899999999768,5.0,0.7199999999997999,-1.4600000000000364
2024-07-10 16:35:00,2024-07-10 22:25:00,Short,2372.918571428571,2372.02,6.289999999996326,SL Hit,2372.02,7,1846.079999999973,350.0,5.511428571428951,-4.928571428571104
2024-07-10 23:50:00,2024-07-10 23:55:00,Short,2372.46,2372.46,0.0,SL Hit,2372.46,1,1846.079999999973,5.0,0.1999999999998181,-0.8600000000001273
2024-07-11 00:40:00,2024-07-11 01:20:00,Long,2373.2933333333335,2373.4,0.31999999999970896,SL Hit,2373.4,3,1846.3999999999728,40.0,-1.4933333333333394,2.036666666666406
2024-07-11 01:40:00,2024-07-11 02:15:00,Long,2374.65,2374.53,-0.11999999999989086,SL Hit,2374.53,1,1846.279999999973,35.0,-0.75,1.400000000000091
2024-07-11 02:35:00,2024-07-11 05:50:00,Long,2379.86,2381.43,9.419999999998254,SL Hit,2381.43,6,1855.6999999999712,195.0,-4.059999999999945,2.9699999999998
2024-07-11 09:05:00,2024-07-11 09:45:00,Long,2383.2666666666664,2382.68,-1.7599999999997635,SL Hit,2382.68,3,1853.9399999999714,40.0,-1.2666666666664241,1.213333333333594
2024-07-11 11:50:00,2024-07-11 12:05:00,Short,2381.05,2381.5,-0.4499999999998181,SL Hit,2381.5,1,1853.4899999999716,15.0,1.3099999999999454,-1.6400000000003274
2024-07-11 13:35:00,2024-07-11 14:05:00,Short,2405.24,2409.05,-3.8100000000004,SL Hit,2409.05,1,1849.6799999999712,30.0,6.350000000000364,-9.179999999999836
2024-07-11 22:05:00,2024-07-11 22:55:00,Short,2413.84,2413.84,0.0,SL Hit,2413.84,1,1849.6799999999712,50.0,0.19000000000005457,-3.1400000000003274
2024-07-11 23:55:00,2024-07-12 00:10:00,Long,2414.785,2411.2,-7.170000000000073,SL Hit,2411.2,2,1842.5099999999711,15.0,-4.3849999999997635,1.1350000000002183
2024-07-12 05:05:00,2024-07-12 05:45:00,Short,2407.1949999999997,2408.57,-2.7500000000009095,SL Hit,2408.57,2,1839.7599999999702,40.0,2.725000000000364,-1.6549999999997453
2024-07-12 07:35:00,2024-07-12 07:40:00,Short,2403.89,2404.115,-0.22499999999990905,SL Hit,2404.115,1,1839.5349999999703,5.0,0.7400000000002365,-0.4800000000000182
2024-07-12 09:50:00,2024-07-12 09:55:00,Short,2404.4,2404.6850000000004,-0.28500000000030923,SL Hit,2404.6850000000004,1,1839.24999999997,5.0,0.38999999999987267,-0.38000000000010914
2024-07-12 17:40:00,2024-07-12 18:05:00,Long,2416.0,2416.0,0.0,SL Hit,2416.0,1,1839.24999999997,25.0,-0.17000000000007276,2.0599999999999454
2024-07-12 18:50:00,2024-07-14 21:05:00,Short,2413.263333333333,2411.94,3.9699999999984357,SL Hit,2411.94,3,1843.2199999999684,3015.0,1.3466666666672609,-2.8633333333327755
2024-07-14 23:30:00,2024-07-14 23:45:00,Short,2406.3050000000003,2407.13,-1.6499999999996362,SL Hit,2407.13,2,1841.5699999999688,15.0,0.9149999999995089,-1.4050000000002
2024-07-15 01:10:00,2024-07-15 01:20:00,Short,2407.32,2407.32,0.0,SL Hit,2407.32,1,1841.5699999999688,10.0,0.1499999999996362,-2.3099999999999454
2024-07-15 05:45:00,2024-07-15 07:50:00,Short,2406.895,2406.43,0.930000000000291,SL Hit,2406.43,2,1842.499999999969,125.0,3.6550000000002,-5.5949999999998
2024-07-15 10:15:00,2024-07-15 10:35:00,Long,2411.46,2411.4300000000003,-0.02999999999974534,SL Hit,2411.4300000000003,1,1842.4699999999693,20.0,-0.42000000000007276,2.3299999999999272
2024-07-15 12:25:00,2024-07-15 12:30:00,Short,2417.02,2417.1850000000004,-0.16500000000041837,SL Hit,2417.1850000000004,1,1842.304999999969,5.0,0.5700000000001637,-1.400000000000091
2024-07-15 16:20:00,2024-07-15 16:25:00,Short,2432.12,2432.12,0.0,SL Hit,2432.12,1,1842.304999999969,5.0,0.3400000000001455,-0.8699999999998909
2024-07-15 19:05:00,2024-07-15 19:10:00,Short,2421.13,2421.13,0.0,SL Hit,2421.13,1,1842.304999999969,5.0,0.30999999999994543,-0.9500000000002728
2024-07-15 22:10:00,2024-07-15 23:10:00,Short,2421.09,2421.17,-0.15999999999985448,SL Hit,2421.17,2,1842.144999999969,60.0,0.44000000000005457,-1.3900000000003274
2024-07-15 23:55:00,2024-07-16 00:00:00,Long,2421.1,2421.1,0.0,SL Hit,2421.1,1,1842.144999999969,5.0,-0.38000000000010914,1.2699999999999818
2024-07-16 00:20:00,2024-07-16 00:25:00,Long,2421.47,2421.17,-0.29999999999972715,SL Hit,2421.17,1,1841.8449999999693,5.0,-0.8699999999998909,0.49000000000023647
2024-07-16 00:50:00,2024-07-16 01:00:00,Short,2421.15,2421.765,-0.6149999999997817,SL Hit,2421.765,1,1841.2299999999696,10.0,1.5899999999996908,-0.3000000000001819
2024-07-16 01:05:00,2024-07-16 04:05:00,Long,2426.958,2426.72,-1.1900000000014188,SL Hit,2426.72,5,1840.0399999999681,180.0,-4.597999999999956,4.342000000000098
2024-07-16 04:15:00,2024-07-16 04:40:00,Short,2427.03,2427.24,-0.20999999999958163,SL Hit,2427.24,1,1839.8299999999685,25.0,1.2599999999997635,-1.9900000000002365
2024-07-16 07:30:00,2024-07-16 08:05:00,Long,2436.52,2434.81,-3.4200000000000728,SL Hit,2434.81,2,1836.4099999999685,35.0,-2.699999999999818,2.619999999999891
2024-07-16 08:15:00,2024-07-16 08:20:00,Short,2435.7,2435.745,-0.04500000000007276,SL Hit,2435.745,1,1836.3649999999684,5.0,0.21000000000003638,-0.5199999999999818
2024-07-16 08:45:00,2024-07-16 08:50:00,Short,2435.33,2435.33,0.0,SL Hit,2435.33,1,1836.3649999999684,5.0,0.7000000000002728,-1.3899999999998727
2024-07-16 10:20:00,2024-07-16 10:55:00,Short,2441.56,2441.56,0.0,SL Hit,2441.56,1,1836.3649999999684,35.0,0.13000000000010914,-1.8600000000001273
2024-07-16 11:55:00,2024-07-16 12:00:00,Short,2439.9,2440.2299999999996,-0.3299999999994725,SL Hit,2440.2299999999996,1,1836.034999999969,5.0,0.75,-0.9600000000000364
2024-07-16 18:30:00,2024-07-16 18:35:00,Short,2462.81,2463.125,-0.31500000000005457,SL Hit,2463.125,1,1835.7199999999689,5.0,1.9800000000000182,-0.2300000000000182
2024-07-16 23:10:00,2024-07-17 04:50:00,Long,2470.4500000000003,2469.67,-2.3400000000006003,SL Hit,2469.67,3,1833.3799999999683,340.0,-2.180000000000291,2.1399999999998727
2024-07-17 07:30:00,2024-07-17 09:20:00,Long,2470.483333333333,2471.62,3.4100000000003092,SL Hit,2471.62,3,1836.7899999999686,110.0,-5.873333333332994,8.296666666667079
2024-07-17 11:40:00,2024-07-17 12:05:00,Long,2471.31,2469.66,-1.650000000000091,SL Hit,2469.66,1,1835.1399999999685,25.0,-2.3899999999998727,1.4299999999998363
2024-07-17 13:05:00,2024-07-17 13:30:00,Long,2476.31,2473.23,-9.239999999999782,SL Hit,2473.23,3,1825.8999999999687,25.0,-5.210000000000036,2.3899999999998727
2024-07-17 17:20:00,2024-07-17 17:25:00,Long,2456.66,2456.3149999999996,-0.34500000000025466,SL Hit,2456.3149999999996,1,1825.5549999999685,5.0,-0.9800000000000182,1.680000000000291
2024-07-17 17:40:00,2024-07-17 18:10:00,Short,2455.25,2455.25,0.0,SL Hit,2455.25,1,1825.5549999999685,30.0,0.2800000000002001,-4.050000000000182
2024-07-17 18:55:00,2024-07-17 19:30:00,Long,2457.14,2457.14,0.0,SL Hit,2457.14,1,1825.5549999999685,35.0,-0.009999999999763531,3.1100000000001273
2024-07-17 20:00:00,2024-07-17 20:35:00,Short,2457.91,2457.91,0.0,SL Hit,2457.91,1,1825.5549999999685,35.0,0.38000000000010914,-1.5099999999997635
2024-07-17 23:40:00,2024-07-18 00:00:00,Long,2461.1049999999996,2459.92,-2.3699999999989814,SL Hit,2459.92,2,1823.1849999999695,20.0,-2.4349999999994907,0.5450000000005275
2024-07-18 03:40:00,2024-07-18 03:45:00,Long,2467.93,2467.795,-0.13499999999976353,SL Hit,2467.795,1,1823.0499999999697,5.0,-1.0799999999999272,0.680000000000291
2024-07-18 08:10:00,2024-07-18 08:20:00,Long,2471.69,2471.69,0.0,SL Hit,2471.69,1,1823.0499999999697,10.0,-0.2300000000000182,1.8899999999998727
2024-07-18 09:20:00,2024-07-18 09:25:00,Short,2466.26,2466.7250000000004,-0.4650000000001455,SL Hit,2466.7250000000004,1,1822.5849999999696,5.0,0.7599999999997635,-1.3700000000003456
2024-07-18 11:25:00,2024-07-18 11:30:00,Short,2464.36,2464.4049999999997,-0.04499999999961801,SL Hit,2464.4049999999997,1,1822.53999999997,5.0,0.1299999999996544,-1.3200000000001637
2024-07-18 12:05:00,2024-07-18 12:40:00,Long,2465.0600000000004,2465.26,0.3999999999996362,SL Hit,2465.26,2,1822.9399999999696,35.0,-1.2800000000002,3.3499999999994543
2024-07-18 12:45:00,2024-07-18 12:50:00,Long,2463.63,2463.63,0.0,SL Hit,2463.63,1,1822.9399999999696,5.0,-0.9500000000002728,1.1099999999996726
2024-07-18 13:30:00,2024-07-18 13:55:00,Short,2461.9449999999997,2463.94,-3.990000000000691,SL Hit,2463.94,2,1818.949999999969,25.0,3.105000000000473,-3.674999999999727
2024-07-18 17:00:00,2024-07-18 17:45:00,Short,2456.46,2456.46,0.0,SL Hit,2456.46,1,1818.949999999969,45.0,0.7899999999999636,-5.150000000000091
2024-07-18 18:35:00,2024-07-18 19:40:00,Short,2447.2349999999997,2443.53,7.409999999998945,SL Hit,2443.53,2,1826.3599999999678,65.0,5.3650000000002365,-6.794999999999618
2024-07-19 03:50:00,2024-07-19 03:55:00,Long,2428.65,2428.65,0.0,SL Hit,2428.65,1,1826.3599999999678,5.0,-0.03000000000020009,0.7999999999997272
2024-07-19 04:00:00,2024-07-19 04:05:00,Long,2428.52,2428.13,-0.38999999999987267,SL Hit,2428.13,1,1825.969999999968,5.0,-1.0199999999999818,0.5199999999999818
2024-07-19 04:30:00,2024-07-19 04:40:00,Short,2425.96,2425.96,0.0,SL Hit,2425.96,1,1825.969999999968,10.0,0.6199999999998909,-1.6599999999998545
2024-07-19 04:50:00,2024-07-19 05:25:00,Short,2425.64,2425.7299999999996,-0.08999999999969077,SL Hit,2425.7299999999996,1,1825.8799999999683,35.0,0.22000000000025466,-3.6399999999998727
2024-07-19 07:20:00,2024-07-19 08:05:00,Short,2416.885,2418.26,-2.75,SL Hit,2418.26,2,1823.1299999999683,45.0,4.214999999999691,-3.8950000000004366
2024-07-19 09:15:00,2024-07-19 13:40:00,Short,2411.773333333333,2405.36,38.479999999997744,SL Hit,2405.36,6,1861.609999999966,265.0,7.676666666666733,-17.853333333333012
2024-07-19 13:45:00,2024-07-19 13:50:00,Long,2403.18,2401.875,-1.3049999999998363,SL Hit,2401.875,1,1860.3049999999662,5.0,-1.4800000000000182,1.9700000000002547
2024-07-19 18:40:00,2024-07-19 19:00:00,Short,2397.76,2399.065,-1.3049999999998363,Bullish Trade Reversal,2399.065,1,1858.9999999999663,20.0,1.1899999999995998,-0.45000000000027285
2024-07-19 19:00:00,2024-07-19 19:30:00,Long,2398.49,2397.81,-1.3599999999996726,SL Hit,2397.81,2,1857.6399999999667,30.0,-1.3999999999996362,0.8400000000001455
2024-07-19 20:10:00,2024-07-19 20:15:00,Short,2398.88,2399.1499999999996,-0.26999999999952706,SL Hit,2399.1499999999996,1,1857.3699999999671,5.0,0.5899999999996908,-1.0799999999999272
2024-07-21 22:45:00,2024-07-21 23:25:00,Long,2409.7833333333333,2409.07,-2.139999999999418,SL Hit,2409.07,3,1855.2299999999677,40.0,-1.283333333333303,1.666666666666515
2024-07-21 23:50:00,2024-07-22 00:00:00,Long,2411.225,2409.2,-4.050000000000182,SL Hit,2409.2,2,1851.1799999999675,10.0,-2.924999999999727,0.47499999999990905
2024-07-22 00:05:00,2024-07-22 01:15:00,Short,2408.233333333333,2409.14,-2.7200000000002547,SL Hit,2409.14,3,1848.4599999999673,70.0,1.796666666667079,-2.2933333333330665
2024-07-22 04:40:00,2024-07-22 04:55:00,Short,2404.665,2405.61,-1.8900000000003274,SL Hit,2405.61,2,1846.569999999967,15.0,0.974999999999909,-2.2649999999998727
2024-07-22 05:00:00,2024-07-22 05:55:00,Long,2405.9575,2403.8,-8.6299999999992,SL Hit,2403.8,4,1837.9399999999678,55.0,-3.1075000000000728,1.2325000000000728
2024-07-22 06:05:00,2024-07-22 06:35:00,Short,2403.15,2402.98,0.3400000000001455,SL Hit,2402.98,2,1838.279999999968,30.0,1.5799999999999272,-4.039999999999964
2024-07-22 11:20:00,2024-07-22 13:05:00,Short,2400.396666666667,2399.29,3.320000000001073,SL Hit,2399.29,3,1841.599999999969,105.0,3.853333333333012,-11.336666666667043
2024-07-22 13:40:00,2024-07-22 15:00:00,Short,2391.8133333333335,2388.89,8.770000000000891,SL Hit,2388.89,3,1850.3699999999699,80.0,5.616666666666333,-7.503333333333558
2024-07-22 16:30:00,2024-07-22 17:55:00,Long,2392.2225,2392.8,2.3100000000013097,SL Hit,2392.8,4,1852.6799999999712,85.0,-4.142499999999927,3.887500000000273
2024-07-22 18:00:00,2024-07-22 18:20:00,Short,2393.5699999999997,2394.01,-0.8800000000010186,SL Hit,2394.01,2,1851.7999999999702,20.0,1.050000000000182,-1.0399999999995089
2024-07-22 20:35:00,2024-07-22 23:45:00,Short,2396.0775,2395.73,1.389999999999418,SL Hit,2395.73,4,1853.1899999999696,190.0,2.1424999999999272,-2.0774999999998727
2024-07-22 23:50:00,2024-07-23 01:55:00,Long,2398.366,2401.5,15.670000000000073,SL Hit,2401.5,5,1868.8599999999697,125.0,-3.8659999999999854,5.403999999999996
2024-07-23 08:25:00,2024-07-23 10:25:00,Long,2401.2566666666667,2405.82,13.69000000000051,SL Hit,2405.82,3,1882.5499999999702,120.0,-2.7066666666664787,6.683333333333394
2024-07-23 11:05:00,2024-07-23 11:35:00,Long,2408.58,2406.54,-4.079999999999927,SL Hit,2406.54,2,1878.4699999999702,30.0,-2.25,3.1399999999998727
2024-07-23 12:45:00,2024-07-23 12:50:00,Long,2408.21,2408.15,-0.05999999999994543,SL Hit,2408.15,1,1878.4099999999703,5.0,-1.949999999999818,0.6700000000000728
2024-07-23 13:20:00,2024-07-23 13:30:00,Short,2404.7,2404.7,0.0,SL Hit,2404.7,1,1878.4099999999703,10.0,0.21000000000003638,-3.0299999999997453
2024-07-23 16:30:00,2024-07-23 16:40:00,Short,2404.47,2404.71,-0.24000000000023647,SL Hit,2404.71,1,1878.16999999997,10.0,1.8100000000004002,-0.7999999999997272
2024-07-23 17:40:00,2024-07-23 17:50:00,Short,2404.39,2404.4350000000004,-0.04500000000052751,SL Hit,2404.4350000000004,1,1878.1249999999695,10.0,1.050000000000182,-2.2899999999999636
2024-07-23 18:20:00,2024-07-23 18:25:00,Long,2404.19,2404.19,0.0,SL Hit,2404.19,1,1878.1249999999695,5.0,-0.38999999999987267,0.6700000000000728
2024-07-23 19:00:00,2024-07-23 20:05:00,Long,2406.935,2407.0,0.13000000000010914,SL Hit,2407.0,2,1878.2549999999696,65.0,-1.5650000000000546,1.9949999999998909
2024-07-23 20:10:00,2024-07-23 20:45:00,Short,2408.02,2408.02,0.0,SL Hit,2408.02,1,1878.2549999999696,35.0,0.11000000000012733,-3.2199999999998
2024-07-23 23:55:00,2024-07-24 00:00:00,Short,2408.94,2408.94,0.0,SL Hit,2408.94,1,1878.2549999999696,5.0,0.6199999999998909,-0.6199999999998909
2024-07-24 01:25:00,2024-07-24 01:35:00,Short,2407.67,2407.97,-0.29999999999972715,SL Hit,2407.97,1,1877.95499999997,10.0,1.1900000000000546,-2.519999999999982
2024-07-24 03:10:00,2024-07-24 04:20:00,Long,2415.205,2415.05,-0.3099999999994907,SL Hit,2415.05,2,1877.6449999999704,70.0,-1.224999999999909,2.605000000000018
2024-07-24 04:50:00,2024-07-24 05:10:00,Long,2416.14,2416.14,0.0,SL Hit,2416.14,1,1877.6449999999704,20.0,-0.8799999999996544,1.6200000000003456
2024-07-24 08:40:00,2024-07-24 09:00:00,Short,2413.06,2413.06,0.0,SL Hit,2413.06,1,1877.6449999999704,20.0,-0.0,-2.1799999999998363
2024-07-24 09:30:00,2024-07-24 09:40:00,Short,2411.4,2413.03,-3.2600000000002183,SL Hit,2413.03,2,1874.3849999999702,10.0,2.3399999999996908,-1.599999999999909
2024-07-24 11:15:00,2024-07-24 11:35:00,Short,2412.78,2413.2299999999996,-0.44999999999936335,SL Hit,2413.2299999999996,1,1873.9349999999708,20.0,1.1099999999996726,-2.230000000000018
2024-07-24 12:55:00,2024-07-24 13:10:00,Long,2421.3,2417.8650000000002,-3.4349999999999454,SL Hit,2417.8650000000002,1,1870.499999999971,15.0,-3.630000000000109,1.2599999999997635
2024-07-24 16:50:00,2024-07-24 18:30:00,Short,2415.6575,2408.65,28.029999999998836,SL Hit,2408.65,4,1898.5299999999697,100.0,5.852500000000418,-9.767499999999927
2024-07-24 19:15:00,2024-07-24 22:55:00,Short,2401.795,2397.1,18.780000000000655,SL Hit,2397.1,4,1917.3099999999704,220.0,6.764999999999873,-8.615000000000236
2024-07-24 23:10:00,2024-07-24 23:55:00,Long,2398.615,2398.7,0.17000000000007276,SL Hit,2398.7,2,1917.4799999999705,45.0,-1.4149999999999636,2.375
2024-07-25 03:20:00,2024-07-25 03:25:00,Short,2370.2,2370.2,0.0,SL Hit,2370.2,1,1917.4799999999705,5.0,0.7899999999999636,-3.1799999999998363
2024-07-25 04:20:00,2024-07-25 05:05:00,Long,2375.705,2374.7,-2.0100000000002183,SL Hit,2374.7,2,1915.4699999999702,45.0,-1.6050000000000182,2.025000000000091
2024-07-25 05:15:00,2024-07-25 05:50:00,Short,2374.82,2375.0,-0.1799999999998363,SL Hit,2375.0,1,1915.2899999999704,35.0,0.3999999999996362,-5.570000000000164
2024-07-25 06:40:00,2024-07-25 06:45:00,Short,2373.7,2374.645,-0.9450000000001637,SL Hit,2374.645,1,1914.3449999999702,5.0,1.6300000000001091,-0.6599999999998545
2024-07-25 07:10:00,2024-07-25 07:15:00,Short,2367.32,2368.1749999999997,-0.8549999999995634,SL Hit,2368.1749999999997,1,1913.4899999999707,5.0,3.6099999999996726,-1.1300000000001091
2024-07-25 08:25:00,2024-07-25 08:40:00,Short,2373.48,2374.9349999999995,-1.4549999999994725,SL Hit,2374.9349999999995,1,1912.0349999999712,15.0,2.5300000000002,-1.2800000000002
2024-07-25 13:45:00,2024-07-25 14:50:00,Short,2366.4133333333334,2366.71,-0.8899999999998727,SL Hit,2366.71,3,1911.1449999999713,65.0,4.6266666666665515,-8.233333333333576
2024-07-25 15:55:00,2024-07-25 16:20:00,Short,2363.48,2363.5699999999997,-0.08999999999969077,SL Hit,2363.5699999999997,1,1911.0549999999716,25.0,0.21000000000003638,-6.579999999999927
2024-07-25 16:50:00,2024-07-25 17:20:00,Long,2363.205,2360.99,-4.430000000000291,SL Hit,2360.99,2,1906.6249999999714,30.0,-3.505000000000109,1.8150000000000546
2024-07-25 18:30:00,2024-07-25 18:45:00,Long,2358.19,2358.19,0.0,SL Hit,2358.19,1,1906.6249999999714,15.0,-0.5300000000002001,1.9200000000000728
2024-07-25 19:25:00,2024-07-25 22:25:00,Long,2362.263333333333,2363.1,2.5100000000011278,SL Hit,2363.1,3,1909.1349999999725,180.0,-2.923333333332721,3.046666666667079
2024-07-25 22:30:00,2024-07-25 22:35:00,Short,2363.38,2363.455,-0.0749999999998181,SL Hit,2363.455,1,1909.0599999999727,5.0,0.34999999999990905,-1.0799999999999272
2024-07-25 22:45:00,2024-07-25 22:50:00,Short,2363.28,2363.28,0.0,SL Hit,2363.28,1,1909.0599999999727,5.0,0.03999999999996362,-0.9800000000000182
2024-07-25 22:55:00,2024-07-25 23:00:00,Short,2363.53,2363.545,-0.01499999999987267,SL Hit,2363.545,1,1909.0449999999728,5.0,0.4399999999995998,-1.1300000000001091
2024-07-25 23:10:00,2024-07-25 23:35:00,Short,2363.33,2363.33,0.0,SL Hit,2363.33,1,1909.0449999999728,25.0,0.30999999999994543,-1.3800000000001091
2024-07-26 03:40:00,2024-07-26 05:25:00,Short,2371.366666666667,2371.53,-0.49000000000023647,SL Hit,2371.53,3,1908.5549999999726,105.0,2.1733333333331757,-4.16666666666697
2024-07-26 06:25:00,2024-07-26 06:45:00,Short,2368.21,2369.1850000000004,-0.9750000000003638,SL Hit,2369.1850000000004,1,1907.5799999999722,20.0,1.800000000000182,-1.2100000000000364
2024-07-26 08:00:00,2024-07-26 09:20:00,Long,2372.492,2372.18,-1.5600000000017644,SL Hit,2372.18,5,1906.0199999999704,80.0,-3.292000000000371,1.837999999999738
2024-07-26 12:45:00,2024-07-26 13:05:00,Long,2375.52,2375.52,0.0,SL Hit,2375.52,1,1906.0199999999704,20.0,-0.11000000000012733,3.7199999999998
2024-07-26 13:30:00,2024-07-26 14:50:00,Long,2380.6833333333334,2382.63,5.8400000000001455,SL Hit,2382.63,3,1911.8599999999706,80.0,-3.7933333333335213,9.526666666666642
2024-07-28 22:05:00,2024-07-29 01:10:00,Long,2396.674285714286,2397.8,7.880000000000564,SL Hit,2397.8,7,1919.7399999999711,185.0,-9.174285714285816,5.565714285713966
2024-07-29 02:40:00,2024-07-29 02:45:00,Long,2393.13,2392.815,-0.31500000000005457,SL Hit,2392.815,1,1919.424999999971,5.0,-1.6300000000001091,0.8599999999996726
2024-07-29 03:10:00,2024-07-29 03:15:00,Long,2393.97,2393.4300000000003,-0.5399999999995089,SL Hit,2393.4300000000003,1,1918.8849999999716,5.0,-0.7399999999997817,0.9900000000002365
2024-07-29 05:20:00,2024-07-29 05:25:00,Long,2394.37,2394.37,0.0,SL Hit,2394.37,1,1918.8849999999716,5.0,-0.8399999999996908,0.4800000000000182
2024-07-29 05:30:00,2024-07-29 06:00:00,Short,2393.79,2393.955,-0.16499999999996362,SL Hit,2393.955,1,1918.7199999999716,30.0,0.8099999999999454,-3.1900000000000546
2024-07-29 06:40:00,2024-07-29 06:55:00,Short,2393.02,2393.02,0.0,SL Hit,2393.02,1,1918.7199999999716,15.0,0.09999999999990905,-2.099999999999909
2024-07-29 07:00:00,2024-07-29 07:30:00,Short,2391.14,2392.28,-3.4200000000009823,SL Hit,2392.28,3,1915.2999999999706,30.0,2.4400000000000546,-1.6299999999996544
2024-07-29 09:40:00,2024-07-29 09:50:00,Short,2391.28,2391.28,0.0,SL Hit,2391.28,1,1915.2999999999706,10.0,1.319999999999709,-1.5
2024-07-29 10:10:00,2024-07-29 10:15:00,Long,2392.11,2392.11,0.0,SL Hit,2392.11,1,1915.2999999999706,5.0,-0.03000000000020009,1.1199999999998909
2024-07-29 11:40:00,2024-07-29 12:20:00,Short,2389.773333333333,2388.76,3.0399999999985994,SL Hit,2388.76,3,1918.3399999999692,40.0,1.7366666666671335,-4.313333333333048
2024-07-29 13:55:00,2024-07-29 14:05:00,Short,2392.64,2393.585,-0.9450000000001637,SL Hit,2393.585,1,1917.394999999969,10.0,1.099999999999909,-1.7599999999997635
2024-07-29 14:25:00,2024-07-29 16:30:00,Short,2382.968,2377.76,26.039999999998145,SL Hit,2377.76,5,1943.4349999999672,125.0,8.812000000000353,-13.10799999999972
2024-07-29 16:45:00,2024-07-29 18:05:00,Long,2377.943333333333,2376.9,-3.1299999999991996,SL Hit,2376.9,3,1940.304999999968,80.0,-1.383333333333212,5.226666666666915
2024-07-30 01:05:00,2024-07-30 01:55:00,Short,2380.2250000000004,2380.56,-0.6699999999991633,SL Hit,2380.56,2,1939.6349999999688,50.0,1.8549999999995634,-3.925000000000182
2024-07-30 09:00:00,2024-07-30 09:10:00,Short,2389.34,2389.3549999999996,-0.014999999999417923,SL Hit,2389.3549999999996,1,1939.6199999999694,10.0,0.08999999999969077,-1.5
2024-07-30 10:05:00,2024-07-30 10:15:00,Long,2389.75,2389.375,-0.375,SL Hit,2389.375,1,1939.2449999999694,10.0,-1.050000000000182,1.400000000000091
2024-07-30 16:55:00,2024-07-30 22:20:00,Long,2404.878571428572,2408.4,24.649999999997817,SL Hit,2408.4,7,1963.8949999999672,325.0,-10.60857142857185,7.3914285714281505
2024-07-30 22:50:00,2024-07-30 22:55:00,Short,2408.67,2408.8050000000003,-0.13500000000021828,SL Hit,2408.8050000000003,1,1963.759999999967,5.0,0.6300000000001091,-0.8699999999998909
2024-07-30 23:00:00,2024-07-30 23:10:00,Short,2409.1,2409.4000000000005,-0.30000000000063665,SL Hit,2409.4000000000005,1,1963.4599999999664,10.0,0.3400000000001455,-0.7799999999997453
2024-07-30 23:45:00,2024-07-30 23:50:00,Long,2409.03,2408.8799999999997,-0.1500000000005457,SL Hit,2408.8799999999997,1,1963.3099999999658,5.0,-0.7300000000000182,0.6999999999998181
2024-07-31 00:15:00,2024-07-31 00:20:00,Short,2408.68,2408.68,0.0,SL Hit,2408.68,1,1963.3099999999658,5.0,0.19000000000005457,-0.8799999999996544
2024-07-31 02:55:00,2024-07-31 05:35:00,Long,2414.1766666666663,2418.01,11.500000000001819,SL Hit,2418.01,3,1974.8099999999677,160.0,-7.996666666666442,7.443333333333612
2024-07-31 05:40:00,2024-07-31 05:50:00,Short,2419.21,2419.21,0.0,SL Hit,2419.21,1,1974.8099999999677,10.0,0.32999999999992724,-1.9099999999998545
2024-07-31 07:25:00,2024-07-31 07:45:00,Short,2418.22,2418.22,0.0,SL Hit,2418.22,1,1974.8099999999677,20.0,0.9900000000002365,-2.049999999999727
2024-07-31 07:50:00,2024-07-31 08:40:00,Short,2417.39,2418.07,-2.040000000000873,SL Hit,2418.07,3,1972.7699999999668,50.0,1.5700000000001637,-1.9200000000000728
2024-07-31 09:25:00,2024-07-31 09:40:00,Short,2419.43,2419.715,-0.28500000000030923,SL Hit,2419.715,1,1972.4849999999665,15.0,0.7699999999999818,-2.0299999999997453
2024-07-31 10:45:00,2024-07-31 11:00:00,Short,2418.81,2419.4249999999997,-0.6149999999997817,SL Hit,2419.4249999999997,1,1971.8699999999667,15.0,1.050000000000182,-1.1100000000001273
2024-07-31 12:05:00,2024-07-31 12:20:00,Short,2418.245,2420.09,-3.6900000000005093,SL Hit,2420.09,2,1968.1799999999662,15.0,2.5350000000003092,-0.8949999999999818
2024-07-31 12:25:00,2024-07-31 13:05:00,Long,2419.58,2419.34,-0.47999999999956344,SL Hit,2419.34,2,1967.6999999999666,40.0,-0.9200000000000728,2.8400000000001455
2024-07-31 13:10:00,2024-07-31 13:30:00,Short,2419.72,2421.0550000000003,-1.3350000000004911,SL Hit,2421.0550000000003,1,1966.3649999999661,20.0,3.1700000000000728,-1.7799999999997453
2024-07-31 14:50:00,2024-07-31 14:55:00,Short,2422.33,2422.33,0.0,SL Hit,2422.33,1,1966.3649999999661,5.0,0.15999999999985448,-3.0099999999997635
2024-07-31 16:15:00,2024-07-31 18:00:00,Long,2425.48,2425.75,0.8099999999999454,SL Hit,2425.75,3,1967.174999999966,105.0,-2.5599999999999454,3.4200000000000728
2024-07-31 20:50:00,2024-07-31 20:55:00,Short,2447.49,2447.49,0.0,SL Hit,2447.49,1,1967.174999999966,5.0,0.24000000000023647,-1.3999999999996362
2024-08-01 00:40:00,2024-08-01 01:55:00,Long,2451.0499999999997,2452.52,4.410000000000764,SL Hit,2452.52,3,1971.5849999999668,75.0,-4.749999999999545,7.120000000000346
2024-08-01 04:05:00,2024-08-01 04:10:00,Short,2443.33,2443.33,0.0,SL Hit,2443.33,1,1971.5849999999668,5.0,0.5100000000002183,-0.5299999999997453
2024-08-01 07:10:00,2024-08-01 10:05:00,Short,2439.105,2434.73,26.25,SL Hit,2434.73,6,1997.8349999999668,175.0,5.574999999999818,-8.855000000000018
2024-08-01 10:15:00,2024-08-01 10:45:00,Long,2434.0,2433.865,-0.13500000000021828,SL Hit,2433.865,1,1997.6999999999666,30.0,-0.1999999999998181,2.5700000000001637
2024-08-01 13:30:00,2024-08-01 13:40:00,Long,2453.57,2451.875,-1.6950000000001637,SL Hit,2451.875,1,1996.0049999999665,10.0,-2.7200000000002547,3.169999999999618
2024-08-01 14:20:00,2024-08-01 14:35:00,Short,2449.22,2451.1400000000003,-1.9200000000005275,SL Hit,2451.1400000000003,1,1994.084999999966,15.0,3.1700000000000728,-5.239999999999782
2024-08-01 15:45:00,2024-08-01 15:50:00,Short,2445.6,2445.6,0.0,SL Hit,2445.6,1,1994.084999999966,5.0,1.1600000000003092,-3.5
2024-08-01 16:35:00,2024-08-01 16:40:00,Long,2446.24,2445.49,-0.75,SL Hit,2445.49,1,1993.334999999966,5.0,-0.8099999999999454,2.350000000000364
2024-08-01 17:35:00,2024-08-01 17:50:00,Short,2438.83,2438.83,0.0,SL Hit,2438.83,1,1993.334999999966,15.0,0.21000000000003638,-3.0099999999997635
2024-08-01 18:40:00,2024-08-01 18:50:00,Short,2437.28,2437.28,0.0,SL Hit,2437.28,1,1993.334999999966,10.0,1.25,-1.7900000000004184
2024-08-01 19:20:00,2024-08-01 20:20:00,Long,2441.94,2442.09,0.3000000000001819,SL Hit,2442.09,2,1993.634999999966,60.0,-1.7300000000000182,1.849999999999909
2024-08-01 20:30:00,2024-08-01 20:40:00,Short,2442.94,2442.94,0.0,SL Hit,2442.94,1,1993.634999999966,10.0,0.04999999999972715,-0.9500000000002728
2024-08-02 01:05:00,2024-08-02 02:10:00,Short,2449.47,2451.075,-1.6050000000000182,SL Hit,2451.075,1,1992.029999999966,65.0,1.7300000000000182,-14.179999999999836
2024-08-02 07:10:00,2024-08-02 08:20:00,Short,2463.0266666666666,2463.6,-1.7199999999998,SL Hit,2463.6,3,1990.3099999999663,70.0,1.4433333333331575,-2.836666666666588
2024-08-02 09:30:00,2024-08-02 09:40:00,Short,2462.1,2462.535,-0.43499999999994543,SL Hit,2462.535,1,1989.8749999999663,10.0,0.9800000000000182,-0.8399999999996908
2024-08-02 14:10:00,2024-08-02 14:25:00,Long,2469.74,2467.13,-5.219999999999345,SL Hit,2467.13,2,1984.654999999967,15.0,-5.709999999999582,4.2400000000002365
2024-08-02 17:10:00,2024-08-02 17:40:00,Short,2429.82,2430.315,-0.49499999999989086,SL Hit,2430.315,1,1984.159999999967,30.0,1.0199999999999818,-6.350000000000364
2024-08-05 05:00:00,2024-08-05 07:15:00,Short,2440.515,2431.48,18.06999999999971,SL Hit,2431.48,2,2002.2299999999668,135.0,11.664999999999964,-18.0949999999998
2024-08-05 09:15:00,2024-08-05 09:20:00,Short,2425.0,2425.0,0.0,SL Hit,2425.0,1,2002.2299999999668,5.0,0.5,-5.5300000000002
2024-08-05 14:05:00,2024-08-05 14:15:00,Long,2389.53,2389.53,0.0,SL Hit,2389.53,1,2002.2299999999668,10.0,-2.519999999999982,4.5
2024-08-05 14:45:00,2024-08-05 14:50:00,Long,2393.72,2393.54,-0.1799999999998363,SL Hit,2393.54,1,2002.049999999967,5.0,-0.20999999999958163,2.8700000000003456
2024-08-05 16:05:00,2024-08-05 16:15:00,Short,2403.63,2403.63,0.0,SL Hit,2403.63,1,2002.049999999967,10.0,1.5499999999997272,-3.9400000000000546
2024-08-05 18:00:00,2024-08-05 18:05:00,Long,2403.8,2403.8,0.0,SL Hit,2403.8,1,2002.049999999967,5.0,0.0,1.7100000000000364
2024-08-05 18:15:00,2024-08-05 18:45:00,Long,2406.15,2404.905,-1.2449999999998909,SL Hit,2404.905,1,2000.804999999967,30.0,-1.5300000000002,2.299999999999727
2024-08-05 19:20:00,2024-08-05 19:25:00,Long,2407.25,2407.2200000000003,-0.02999999999974534,SL Hit,2407.2200000000003,1,2000.7749999999673,5.0,-0.09999999999990905,1.2300000000000182
2024-08-05 20:05:00,2024-08-05 20:30:00,Short,2408.08,2408.08,0.0,SL Hit,2408.08,1,2000.7749999999673,25.0,0.7100000000000364,-2.549999999999727
2024-08-05 22:15:00,2024-08-05 22:20:00,Long,2411.69,2411.255,-0.43499999999994543,SL Hit,2411.255,1,2000.3399999999674,5.0,-0.6799999999998363,0.6999999999998181
2024-08-05 23:15:00,2024-08-05 23:20:00,Long,2408.69,2408.69,0.0,SL Hit,2408.69,1,2000.3399999999674,5.0,-0.13999999999987267,1.2100000000000364
2024-08-05 23:35:00,2024-08-06 00:10:00,Short,2408.4,2408.865,-0.46499999999969077,SL Hit,2408.865,1,1999.8749999999677,35.0,1.199999999999818,-3.7800000000002
2024-08-06 00:20:00,2024-08-06 01:45:00,Long,2414.0733333333333,2412.36,-5.139999999999418,SL Hit,2412.36,3,1994.7349999999683,85.0,-4.3733333333334485,3.696666666666715
2024-08-06 03:35:00,2024-08-06 03:40:00,Long,2408.61,2408.3099999999995,-0.30000000000063665,SL Hit,2408.3099999999995,1,1994.4349999999677,5.0,-0.40000000000009095,2.199999999999818
2024-08-06 04:40:00,2024-08-06 05:15:00,Short,2409.22,2410.2700000000004,-1.0500000000006366,SL Hit,2410.2700000000004,1,1993.384999999967,35.0,1.9700000000002547,-1.819999999999709
2024-08-06 07:25:00,2024-08-06 10:50:00,Long,2410.611111111111,2413.42,25.28000000000293,SL Hit,2413.42,9,2018.66499999997,205.0,-6.581111111110658,4.688888888889323
2024-08-06 11:20:00,2024-08-06 11:25:00,Short,2410.69,2412.055,-1.3649999999997817,SL Hit,2412.055,1,2017.2999999999702,5.0,1.4200000000000728,-0.38999999999987267
2024-08-06 13:50:00,2024-08-06 14:20:00,Long,2396.8199999999997,2392.35,-8.9399999999996,SL Hit,2392.35,2,2008.3599999999706,30.0,-5.099999999999909,5.2400000000002365
2024-08-06 14:25:00,2024-08-06 14:40:00,Short,2392.77,2392.77,0.0,SL Hit,2392.77,1,2008.3599999999706,15.0,0.3000000000001819,-5.869999999999891
2024-08-06 15:05:00,2024-08-06 15:55:00,Short,2385.86,2387.51,-4.950000000000273,SL Hit,2387.51,3,2003.4099999999703,50.0,3.4600000000000364,-4.050000000000182
2024-08-06 16:00:00,2024-08-06 16:05:00,Long,2387.69,2387.2699999999995,-0.4200000000005275,SL Hit,2387.2699999999995,1,2002.9899999999698,5.0,-1.300000000000182,0.75
2024-08-06 17:55:00,2024-08-06 18:55:00,Long,2392.795,2393.42,2.5,SL Hit,2393.42,4,2005.4899999999698,60.0,-1.4549999999999272,2.775000000000091
2024-08-07 01:05:00,2024-08-07 01:15:00,Long,2385.74,2383.9550000000004,-1.7849999999993997,SL Hit,2383.9550000000004,1,2003.7049999999704,10.0,-3.5799999999999272,1.5200000000004366
2024-08-07 02:25:00,2024-08-07 02:45:00,Long,2385.42,2384.1899999999996,-1.230000000000473,SL Hit,2384.1899999999996,1,2002.47499999997,20.0,-2.7400000000002365,2.9099999999998545
2024-08-07 05:45:00,2024-08-07 06:10:00,Short,2392.7,2393.015,-0.31500000000005457,SL Hit,2393.015,1,2002.1599999999698,25.0,0.6900000000000546,-3.6299999999996544
2024-08-07 06:30:00,2024-08-07 09:00:00,Short,2394.37,2394.17,0.7999999999992724,SL Hit,2394.17,4,2002.959999999969,150.0,2.2800000000002,-6.210000000000036
2024-08-07 09:55:00,2024-08-07 11:40:00,Long,2395.7925,2395.64,-0.6100000000005821,SL Hit,2395.64,4,2002.3499999999685,105.0,-2.7424999999998363,2.6774999999997817
2024-08-07 13:45:00,2024-08-07 14:00:00,Short,2401.02,2401.02,0.0,SL Hit,2401.02,1,2002.3499999999685,15.0,0.32999999999992724,-3.300000000000182
2024-08-07 17:25:00,2024-08-07 17:35:00,Short,2393.4,2393.4,0.0,SL Hit,2393.4,1,2002.3499999999685,10.0,0.6100000000001273,-3.099999999999909
2024-08-07 18:35:00,2024-08-07 18:40:00,Short,2387.32,2387.32,0.0,SL Hit,2387.32,1,2002.3499999999685,5.0,0.03999999999996362,-3.1200000000003456
2024-08-07 22:30:00,2024-08-08 00:00:00,Long,2384.09,2384.2,0.4399999999986903,SL Hit,2384.2,4,2002.7899999999672,90.0,-1.7899999999999636,1.6700000000000728
2024-08-08 01:05:00,2024-08-08 01:15:00,Long,2388.11,2388.11,0.0,SL Hit,2388.11,1,2002.7899999999672,10.0,-1.680000000000291,2.569999999999709
2024-08-08 01:20:00,2024-08-08 01:30:00,Long,2387.55,2386.43,-2.240000000000691,SL Hit,2386.43,2,2000.5499999999665,10.0,-1.5300000000002,1.9399999999995998
2024-08-08 01:35:00,2024-08-08 01:40:00,Long,2385.3,2385.3,0.0,SL Hit,2385.3,1,2000.5499999999665,5.0,-0.03000000000020009,1.3899999999998727
2024-08-08 02:30:00,2024-08-08 03:15:00,Long,2389.3366666666666,2388.19,-3.4399999999996,SL Hit,2388.19,3,1997.109999999967,45.0,-1.7666666666664241,1.3433333333332484
2024-08-08 05:35:00,2024-08-08 05:40:00,Long,2393.52,2392.6949999999997,-0.8250000000002728,SL Hit,2392.6949999999997,1,1996.2849999999667,5.0,-1.050000000000182,0.9299999999998363
2024-08-08 06:05:00,2024-08-08 06:10:00,Long,2393.06,2392.745,-0.31500000000005457,SL Hit,2392.745,1,1995.9699999999666,5.0,-0.40000000000009095,2.1900000000000546
2024-08-08 06:25:00,2024-08-08 07:10:00,Long,2398.24,2396.51,-5.18999999999869,SL Hit,2396.51,3,1990.779999999968,45.0,-3.2199999999998,2.1100000000001273
2024-08-08 07:50:00,2024-08-08 08:20:00,Long,2396.52,2395.575,-0.9450000000001637,SL Hit,2395.575,1,1989.8349999999677,30.0,-1.400000000000091,1.2699999999999818
2024-08-08 12:25:00,2024-08-08 12:30:00,Long,2412.7,2412.7,0.0,SL Hit,2412.7,1,1989.8349999999677,5.0,-3.6899999999996,1.7899999999999636
2024-08-08 15:00:00,2024-08-08 16:35:00,Long,2415.8733333333334,2419.2,9.979999999999109,SL Hit,2419.2,3,1999.8149999999669,95.0,-3.733333333333576,7.506666666666661
2024-08-08 16:40:00,2024-08-08 16:45:00,Short,2419.75,2419.75,0.0,SL Hit,2419.75,1,1999.8149999999669,5.0,0.36000000000012733,-1.4200000000000728
2024-08-08 18:10:00,2024-08-08 18:55:00,Long,2424.9966666666664,2423.57,-4.279999999998836,SL Hit,2423.57,3,1995.534999999968,45.0,-2.3966666666665333,0.9933333333333394
2024-08-08 19:00:00,2024-08-08 19:25:00,Short,2423.025,2424.32,-2.5900000000001455,SL Hit,2424.32,2,1992.9449999999679,25.0,1.5050000000001091,-0.7950000000000728
2024-08-08 20:10:00,2024-08-08 22:15:00,Long,2424.98,2424.63,-1.0499999999997272,SL Hit,2424.63,3,1991.8949999999681,125.0,-1.5,2.3899999999998727
2024-08-08 23:20:00,2024-08-08 23:35:00,Short,2424.42,2424.42,0.0,SL Hit,2424.42,1,1991.8949999999681,15.0,0.44000000000005457,-1.3800000000001091
2024-08-09 01:10:00,2024-08-09 01:20:00,Short,2421.16,2423.23,-2.0700000000001637,SL Hit,2423.23,1,1989.824999999968,10.0,3.4700000000002547,-0.9899999999997817
2024-08-09 01:30:00,2024-08-09 02:30:00,Long,2424.853333333333,2424.2,-1.9599999999995816,SL Hit,2424.2,3,1987.8649999999684,60.0,-1.453333333332921,4.016666666666879
2024-08-09 02:35:00,2024-08-09 02:40:00,Short,2424.65,2424.65,0.0,SL Hit,2424.65,1,1987.8649999999684,5.0,0.6300000000001091,-1.5
2024-08-09 03:45:00,2024-08-09 03:50:00,Short,2420.65,2420.7549999999997,-0.10499999999956344,SL Hit,2420.7549999999997,1,1987.7599999999688,5.0,0.650000000000091,-1.3400000000001455
2024-08-09 03:55:00,2024-08-09 04:10:00,Short,2421.0550000000003,2421.38,-0.6499999999996362,SL Hit,2421.38,2,1987.1099999999692,15.0,0.6449999999995271,-1.855000000000473
2024-08-09 04:15:00,2024-08-09 04:30:00,Short,2421.045,2421.7,-1.3099999999994907,SL Hit,2421.7,2,1985.7999999999697,15.0,1.0149999999998727,-0.36500000000023647
2024-08-09 04:35:00,2024-08-09 05:30:00,Long,2421.8433333333332,2421.7,-0.43000000000029104,SL Hit,2421.7,3,1985.3699999999694,55.0,-0.9633333333331393,2.5466666666666242
2024-08-09 07:15:00,2024-08-09 08:25:00,Long,2422.2,2423.16,1.9200000000000728,SL Hit,2423.16,2,1987.2899999999695,70.0,-1.2899999999999636,4.3400000000001455
2024-08-09 12:25:00,2024-08-09 13:40:00,Long,2425.455,2423.98,-2.949999999999818,SL Hit,2423.98,2,1984.3399999999697,75.0,-2.3049999999998363,7.4050000000002
2024-08-09 16:55:00,2024-08-09 17:25:00,Long,2433.46,2433.1600000000003,-0.29999999999972715,SL Hit,2433.1600000000003,1,1984.03999999997,30.0,-0.4099999999998545,3.4099999999998545
2024-08-09 20:50:00,2024-08-11 22:00:00,Long,2429.51,2430.27,1.519999999999527,SL Hit,2430.27,2,1985.5599999999695,2950.0,-2.5400000000004184,2.4399999999996
2024-08-11 23:40:00,2024-08-11 23:50:00,Short,2428.175,2429.03,-1.7100000000000364,SL Hit,2429.03,2,1983.8499999999694,10.0,1.1649999999999636,-1.375
2024-08-11 23:55:00,2024-08-12 00:00:00,Long,2427.2,2427.2,0.0,SL Hit,2427.2,1,1983.8499999999694,5.0,-0.29999999999972715,1.150000000000091
2024-08-12 01:00:00,2024-08-12 01:15:00,Long,2428.61,2427.5899999999997,-1.0200000000004366,SL Hit,2427.5899999999997,1,1982.829999999969,15.0,-1.4100000000003092,1.0399999999999636
2024-08-12 02:05:00,2024-08-12 02:10:00,Short,2424.72,2424.9300000000003,-0.21000000000049113,SL Hit,2424.9300000000003,1,1982.6199999999685,5.0,1.2800000000002,-0.9299999999998363
2024-08-12 03:30:00,2024-08-12 03:35:00,Long,2426.81,2426.3,-1.019999999999527,SL Hit,2426.3,2,1981.599999999969,5.0,-0.5199999999999818,0.49000000000023647
2024-08-12 06:00:00,2024-08-12 08:25:00,Long,2437.6216666666664,2440.23,15.650000000001455,SL Hit,2440.23,6,1997.2499999999704,145.0,-4.511666666666315,5.118333333333339
2024-08-12 08:30:00,2024-08-12 08:40:00,Short,2440.87,2440.99,-0.11999999999989086,SL Hit,2440.99,1,1997.1299999999706,10.0,0.3000000000001819,-1.3399999999996908
2024-08-12 09:10:00,2024-08-12 09:45:00,Long,2441.99,2441.63,-1.0799999999990177,SL Hit,2441.63,3,1996.0499999999715,35.0,-1.069999999999709,2.580000000000382
2024-08-12 10:25:00,2024-08-12 10:30:00,Short,2442.68,2442.68,0.0,SL Hit,2442.68,1,1996.0499999999715,5.0,0.7600000000002183,-0.7899999999999636
2024-08-12 10:35:00,2024-08-12 10:40:00,Long,2443.29,2443.29,0.0,SL Hit,2443.29,1,1996.0499999999715,5.0,-0.09000000000014552,1.3600000000001273
2024-08-12 11:35:00,2024-08-12 12:00:00,Short,2441.35,2441.755,-0.4050000000002001,SL Hit,2441.755,1,1995.6449999999713,25.0,1.6900000000000546,-1.6399999999998727
2024-08-12 16:00:00,2024-08-12 17:15:00,Long,2462.6800000000003,2462.6,-0.24000000000114596,SL Hit,2462.6,3,1995.4049999999702,75.0,-3.680000000000291,3.099999999999909
2024-08-12 18:20:00,2024-08-12 19:15:00,Long,2469.376666666667,2469.6,0.6699999999987085,SL Hit,2469.6,3,1996.074999999969,55.0,-1.0866666666670426,1.7733333333330847
2024-08-12 20:30:00,2024-08-12 20:35:00,Long,2471.72,2471.72,0.0,SL Hit,2471.72,1,1996.074999999969,5.0,-0.15999999999985448,0.40000000000009095
2024-08-12 21:00:00,2024-08-12 22:00:00,Long,2471.67,2471.67,0.0,SL Hit,2471.67,1,1996.074999999969,60.0,-1.900000000000091,0.21000000000003638
2024-08-12 22:35:00,2024-08-12 22:55:00,Long,2472.74,2472.635,-0.10499999999956344,SL Hit,2472.635,1,1995.9699999999693,20.0,-0.23999999999978172,1.25
2024-08-12 23:40:00,2024-08-12 23:45:00,Long,2473.9,2473.9,0.0,SL Hit,2473.9,1,1995.9699999999693,5.0,-0.8000000000001819,1.1399999999998727
2024-08-12 23:55:00,2024-08-13 00:30:00,Long,2475.615,2473.1,-5.029999999999745,SL Hit,2473.1,2,1990.9399999999696,35.0,-3.574999999999818,1.1050000000000182
2024-08-13 04:00:00,2024-08-13 04:25:00,Long,2463.41,2462.795,-0.6149999999997817,SL Hit,2462.795,1,1990.3249999999698,25.0,-0.7100000000000364,1.3800000000001091
2024-08-13 04:45:00,2024-08-13 05:35:00,Short,2461.125,2462.23,-2.2100000000000364,SL Hit,2462.23,2,1988.1149999999698,50.0,1.375,-2.724999999999909
2024-08-13 10:20:00,2024-08-13 10:25:00,Long,2461.92,2461.785,-0.13500000000021828,SL Hit,2461.785,1,1987.9799999999696,5.0,-0.8099999999999454,1.4299999999998363
2024-08-13 10:50:00,2024-08-13 10:55:00,Short,2462.0,2462.51,-0.5100000000002183,SL Hit,2462.51,1,1987.4699999999693,5.0,0.5599999999999454,-1.099999999999909
2024-08-13 12:05:00,2024-08-13 12:25:00,Long,2465.13,2465.13,0.0,SL Hit,2465.13,1,1987.4699999999693,20.0,-0.6300000000001091,1.9800000000000182
2024-08-13 18:20:00,2024-08-13 19:05:00,Short,2467.76,2468.0299999999997,-0.26999999999952706,SL Hit,2468.0299999999997,1,1987.1999999999698,45.0,0.29999999999972715,-2.2600000000002183
2024-08-13 19:30:00,2024-08-13 19:50:00,Short,2463.7,2466.1900000000005,-2.490000000000691,SL Hit,2466.1900000000005,1,1984.709999999969,20.0,2.800000000000182,-1.199999999999818
2024-08-13 22:25:00,2024-08-13 22:35:00,Short,2464.8,2465.1,-0.29999999999972715,SL Hit,2465.1,1,1984.4099999999694,10.0,0.6599999999998545,-1.0
2024-08-13 23:10:00,2024-08-14 00:10:00,Short,2465.04,2465.385,-0.34500000000025466,SL Hit,2465.385,1,1984.0649999999691,60.0,0.9800000000000182,-2.0599999999999454
2024-08-14 00:20:00,2024-08-14 00:25:00,Long,2465.17,2465.17,0.0,SL Hit,2465.17,1,1984.0649999999691,5.0,-0.07000000000016371,1.1399999999998727
2024-08-14 01:00:00,2024-08-14 01:50:00,Long,2466.835,2465.22,-3.230000000000473,SL Hit,2465.22,2,1980.8349999999687,50.0,-2.3049999999998363,5.154999999999745
2024-08-14 02:00:00,2024-08-14 04:05:00,Short,2461.2349999999997,2461.14,0.37999999999919964,SL Hit,2461.14,4,1981.2149999999679,125.0,3.9650000000001455,-5.3849999999997635
2024-08-14 05:00:00,2024-08-14 05:10:00,Long,2461.82,2461.505,-0.31500000000005457,SL Hit,2461.505,1,1980.8999999999678,10.0,-0.4800000000000182,0.25
2024-08-14 05:20:00,2024-08-14 05:55:00,Short,2460.77,2461.48,-1.4200000000000728,SL Hit,2461.48,2,1979.4799999999677,35.0,1.3899999999998727,-1.5300000000002
2024-08-14 06:20:00,2024-08-14 09:25:00,Long,2468.2925,2473.95,22.6299999999992,SL Hit,2473.95,4,2002.109999999967,185.0,-5.682499999999891,9.9074999999998
2024-08-14 10:30:00,2024-08-14 10:35:00,Short,2472.31,2472.67,-0.36000000000012733,SL Hit,2472.67,1,2001.7499999999668,5.0,0.7300000000000182,-1.2100000000000364
2024-08-14 12:20:00,2024-08-14 12:35:00,Short,2473.62,2473.9500000000003,-0.330000000000382,SL Hit,2473.9500000000003,1,2001.4199999999664,15.0,1.5900000000001455,-10.460000000000036
2024-08-14 18:20:00,2024-08-14 22:00:00,Long,2443.0280000000002,2447.61,22.9099999999994,SL Hit,2447.61,5,2024.3299999999658,220.0,-7.41800000000012,5.661999999999807
2024-08-15 01:50:00,2024-08-15 01:55:00,Short,2449.25,2450.1499999999996,-0.8999999999996362,SL Hit,2450.1499999999996,1,2023.4299999999662,5.0,1.4800000000000182,-1.75
2024-08-15 02:30:00,2024-08-15 05:15:00,Long,2451.94,2451.47,-1.410000000000764,SL Hit,2451.47,3,2022.0199999999654,165.0,-1.2400000000002365,3.3200000000001637
2024-08-15 05:20:00,2024-08-15 05:50:00,Short,2452.99,2453.1400000000003,-0.1500000000005457,SL Hit,2453.1400000000003,1,2021.8699999999649,30.0,0.27000000000043656,-2.8899999999998727
2024-08-15 06:00:00,2024-08-15 06:50:00,Long,2454.18,2453.98,-0.3999999999996362,SL Hit,2453.98,2,2021.4699999999652,50.0,-1.5299999999997453,4.440000000000055
2024-08-15 06:55:00,2024-08-15 07:15:00,Short,2455.0550000000003,2455.91,-1.7099999999991269,SL Hit,2455.91,2,2019.759999999966,20.0,1.0549999999998363,-0.6050000000004729
2024-08-15 07:25:00,2024-08-15 07:30:00,Long,2455.3,2455.3,0.0,SL Hit,2455.3,1,2019.759999999966,5.0,-0.41000000000030923,1.069999999999709
2024-08-15 07:50:00,2024-08-15 08:15:00,Long,2455.615,2454.5,-2.2299999999995634,SL Hit,2454.5,2,2017.5299999999665,25.0,-2.0849999999995816,0.455000000000382
2024-08-15 09:55:00,2024-08-15 12:30:00,Long,2459.338,2460.8,7.309999999999945,SL Hit,2460.8,5,2024.8399999999665,155.0,-3.2380000000002838,10.361999999999625
2024-08-15 17:15:00,2024-08-15 18:05:00,Short,2455.535,2456.19,-1.3100000000004002,SL Hit,2456.19,2,2023.529999999966,50.0,1.0850000000000364,-2.2349999999996726
2024-08-15 18:25:00,2024-08-15 19:45:00,Long,2456.8999999999996,2456.6,-0.5999999999994543,SL Hit,2456.6,2,2022.9299999999666,80.0,-2.039999999999509,4.650000000000546
2024-08-15 20:30:00,2024-08-15 20:35:00,Short,2455.93,2456.305,-0.375,SL Hit,2456.305,1,2022.5549999999666,5.0,1.4200000000000728,-0.7699999999999818
2024-08-15 22:45:00,2024-08-15 23:05:00,Short,2454.92,2455.16,-0.23999999999978172,SL Hit,2455.16,1,2022.3149999999669,20.0,0.5399999999999636,-0.5
2024-08-15 23:20:00,2024-08-16 00:40:00,Long,2456.32,2456.13,-0.38000000000010914,SL Hit,2456.13,2,2021.9349999999667,80.0,-0.8200000000001637,3.2799999999997453
2024-08-16 02:15:00,2024-08-16 04:30:00,Short,2453.9075000000003,2453.16,2.9900000000016007,SL Hit,2453.16,4,2024.9249999999683,135.0,2.382499999999709,-3.5075000000001637
2024-08-16 04:55:00,2024-08-16 05:20:00,Short,2453.12,2453.39,-0.5399999999999636,SL Hit,2453.39,2,2024.3849999999684,25.0,0.9800000000000182,-0.5599999999999454
2024-08-16 06:55:00,2024-08-16 07:40:00,Short,2453.52,2454.43,-1.819999999999709,SL Hit,2454.43,2,2022.5649999999687,45.0,1.8299999999999272,-2.0599999999999454
2024-08-16 10:55:00,2024-08-16 14:20:00,Long,2479.528333333333,2484.58,30.3100000000004,SL Hit,2484.58,6,2052.874999999969,205.0,-15.528333333333194,20.171666666666624
2024-08-16 18:05:00,2024-08-16 18:10:00,Long,2498.97,2498.97,0.0,SL Hit,2498.97,1,2052.874999999969,5.0,-0.3599999999996726,1.0
2024-08-16 18:30:00,2024-08-18 22:00:00,Long,2503.5879999999997,2506.11,12.610000000001946,SL Hit,2506.11,5,2065.484999999971,3090.0,-4.977999999999611,5.912000000000262
2024-08-18 22:55:00,2024-08-18 23:10:00,Long,2504.325,2503.3,-2.0499999999992724,SL Hit,2503.3,2,2063.4349999999718,15.0,-1.324999999999818,0.6649999999999636
2024-08-18 23:45:00,2024-08-19 00:20:00,Long,2505.2933333333335,2504.1,-3.5800000000008367,SL Hit,2504.1,3,2059.854999999971,35.0,-1.5933333333337032,1.3466666666663514
2024-08-19 02:35:00,2024-08-19 04:15:00,Long,2501.5575,2502.28,2.890000000001237,SL Hit,2502.28,4,2062.744999999972,100.0,-2.417500000000018,3.912499999999909
2024-08-19 04:50:00,2024-08-19 05:00:00,Short,2499.88,2500.7649999999994,-0.8849999999993088,SL Hit,2500.7649999999994,1,2061.859999999973,10.0,1.1199999999998909,-0.900000000000091
2024-08-19 05:30:00,2024-08-19 06:00:00,Long,2500.66,2500.225,-0.43499999999994543,SL Hit,2500.225,1,2061.424999999973,30.0,-0.849999999999909,1.5700000000001637
2024-08-19 08:15:00,2024-08-19 08:45:00,Long,2504.77,2504.0350000000003,-0.7349999999996726,SL Hit,2504.0350000000003,1,2060.689999999973,30.0,-2.0099999999997635,1.8600000000001273
2024-08-19 09:15:00,2024-08-19 09:20:00,Short,2502.27,2502.39,-0.11999999999989086,SL Hit,2502.39,1,2060.5699999999733,5.0,0.6700000000000728,-0.36999999999989086
2024-08-19 12:20:00,2024-08-19 12:30:00,Long,2494.455,2492.39,-4.130000000000109,SL Hit,2492.39,2,2056.439999999973,10.0,-2.5149999999998727,0.8550000000000182
2024-08-19 12:40:00,2024-08-19 13:30:00,Short,2491.545,2491.99,-0.8899999999994179,SL Hit,2491.99,2,2055.549999999974,50.0,1.4149999999999636,-4.0349999999998545
2024-08-19 15:15:00,2024-08-19 15:35:00,Long,2503.69,2502.295,-1.3949999999999818,SL Hit,2502.295,1,2054.154999999974,20.0,-2.380000000000109,1.9200000000000728
2024-08-19 16:35:00,2024-08-19 17:05:00,Long,2505.3,2504.1150000000002,-1.1849999999999454,SL Hit,2504.1150000000002,1,2052.969999999974,30.0,-1.7000000000002728,1.9399999999995998
2024-08-19 18:40:00,2024-08-19 19:00:00,Long,2504.17,2503.63,-0.5399999999999636,SL Hit,2503.63,1,2052.429999999974,20.0,-0.7699999999999818,0.7599999999997635
2024-08-19 19:15:00,2024-08-19 20:10:00,Long,2504.425,2503.7,-2.900000000001455,SL Hit,2503.7,4,2049.5299999999725,55.0,-1.055000000000291,1.224999999999909
2024-08-19 20:40:00,2024-08-19 20:50:00,Short,2503.58,2504.1349999999998,-0.5549999999998363,SL Hit,2504.1349999999998,1,2048.9749999999726,10.0,0.6900000000000546,-1.2799999999997453
2024-08-19 22:25:00,2024-08-19 22:40:00,Short,2502.8,2503.3099999999995,-0.5099999999993088,SL Hit,2503.3099999999995,1,2048.4649999999733,15.0,0.5099999999997635,-1.1000000000003638
2024-08-19 23:40:00,2024-08-19 23:55:00,Short,2503.56,2503.5750000000003,-0.015000000000327418,SL Hit,2503.5750000000003,1,2048.449999999973,15.0,0.07999999999992724,-0.8400000000001455
2024-08-20 07:35:00,2024-08-20 10:50:00,Long,2516.09,2520.86,14.309999999999945,SL Hit,2520.86,3,2062.759999999973,195.0,-10.990000000000236,8.859999999999673
2024-08-20 17:15:00,2024-08-20 17:45:00,Long,2510.66,2510.04,-1.2399999999997817,SL Hit,2510.04,2,2061.519999999973,30.0,-1.2999999999997272,1.900000000000091
2024-08-20 20:05:00,2024-08-20 20:50:00,Long,2515.31,2515.1,-0.42000000000007276,SL Hit,2515.1,2,2061.099999999973,45.0,-1.5599999999999454,1.4900000000002365
2024-08-21 00:00:00,2024-08-21 00:15:00,Short,2512.75,2513.665,-0.9149999999999636,SL Hit,2513.665,1,2060.184999999973,15.0,0.9899999999997817,-0.4499999999998181
2024-08-21 00:35:00,2024-08-21 00:40:00,Long,2514.73,2514.58,-0.15000000000009095,SL Hit,2514.58,1,2060.034999999973,5.0,-0.650000000000091,0.8299999999999272
2024-08-21 02:35:00,2024-08-21 02:55:00,Short,2518.35,2518.5150000000003,-0.16500000000041837,SL Hit,2518.5150000000003,1,2059.8699999999726,20.0,0.5,-1.3399999999996908
2024-08-21 04:25:00,2024-08-21 05:35:00,Short,2516.4049999999997,2517.3,-1.7900000000008731,SL Hit,2517.3,2,2058.0799999999717,70.0,1.1850000000004002,-2.5549999999998363
2024-08-21 06:05:00,2024-08-21 06:20:00,Short,2515.43,2515.8500000000004,-0.4200000000005275,SL Hit,2515.8500000000004,1,2057.659999999971,15.0,2.1600000000003092,-3.9299999999998363
2024-08-21 06:35:00,2024-08-21 06:40:00,Long,2517.33,2516.5650000000005,-0.7649999999994179,SL Hit,2516.5650000000005,1,2056.894999999972,5.0,-1.819999999999709,1.050000000000182
2024-08-21 10:05:00,2024-08-21 10:10:00,Short,2505.64,2506.09,-0.45000000000027285,SL Hit,2506.09,1,2056.4449999999715,5.0,0.680000000000291,-0.36999999999989086
2024-08-21 10:55:00,2024-08-21 11:10:00,Long,2508.87,2506.95,-3.8400000000001455,SL Hit,2506.95,2,2052.6049999999714,15.0,-1.9899999999997817,0.6900000000000546
2024-08-21 11:30:00,2024-08-21 12:30:00,Long,2511.135,2509.99,-2.290000000000873,SL Hit,2509.99,2,2050.3149999999705,60.0,-2.3450000000002547,2.3649999999997817
2024-08-21 13:25:00,2024-08-21 14:10:00,Short,2502.63,2503.16,-1.0599999999994907,SL Hit,2503.16,2,2049.254999999971,45.0,5.210000000000036,-7.579999999999927
2024-08-21 15:10:00,2024-08-21 15:15:00,Long,2504.32,2504.1399999999994,-0.18000000000074579,SL Hit,2504.1399999999994,1,2049.0749999999703,5.0,-0.5300000000002001,2.1099999999996726
2024-08-21 17:05:00,2024-08-21 19:20:00,Long,2510.1100000000006,2511.41,5.19999999999709,SL Hit,2511.41,4,2054.2749999999673,135.0,-2.5000000000004547,8.819999999999254
2024-08-21 19:35:00,2024-08-21 19:55:00,Long,2512.99,2512.495,-0.49499999999989086,SL Hit,2512.495,1,2053.7799999999675,20.0,-1.8899999999998727,2.400000000000091
2024-08-21 20:05:00,2024-08-21 20:10:00,Short,2510.92,2511.25,-0.32999999999992724,SL Hit,2511.25,1,2053.4499999999675,5.0,0.3400000000001455,-1.2200000000002547
2024-08-22 04:05:00,2024-08-22 04:40:00,Short,2501.64,2501.64,0.0,SL Hit,2501.64,1,2053.4499999999675,35.0,0.12000000000034561,-2.049999999999727
2024-08-22 05:00:00,2024-08-22 05:05:00,Long,2501.83,2501.6949999999997,-0.13500000000021828,SL Hit,2501.6949999999997,1,2053.3149999999673,5.0,-0.75,0.5900000000001455
2024-08-22 05:45:00,2024-08-22 05:50:00,Short,2501.71,2502.0699999999997,-0.3599999999996726,SL Hit,2502.0699999999997,1,2052.9549999999676,5.0,2.6799999999998363,-1.5100000000002183
2024-08-22 08:50:00,2024-08-22 08:55:00,Short,2503.71,2503.71,0.0,SL Hit,2503.71,1,2052.9549999999676,5.0,0.17000000000007276,-0.7899999999999636
2024-08-22 10:30:00,2024-08-22 10:40:00,Long,2507.94,2507.625,-0.31500000000005457,SL Hit,2507.625,1,2052.6399999999676,10.0,-0.8400000000001455,0.9400000000000546
2024-08-22 13:20:00,2024-08-22 14:45:00,Short,2485.433333333333,2478.22,21.639999999999418,SL Hit,2478.22,3,2074.279999999967,85.0,11.736666666667134,-14.30333333333283
2024-08-22 17:20:00,2024-08-22 17:30:00,Short,2481.83,2481.965,-0.13500000000021828,SL Hit,2481.965,1,2074.144999999967,10.0,1.2699999999999818,-1.650000000000091
2024-08-22 20:10:00,2024-08-22 22:05:00,Long,2483.575,2483.64,0.13000000000010914,SL Hit,2483.64,2,2074.274999999967,115.0,-0.9049999999997453,1.3850000000002183
2024-08-22 23:35:00,2024-08-23 01:30:00,Long,2488.0033333333336,2488.62,1.8499999999989996,SL Hit,2488.62,3,2076.124999999966,115.0,-2.433333333333394,3.816666666666606
2024-08-23 05:05:00,2024-08-23 05:40:00,Long,2493.7,2493.55,-0.1499999999996362,SL Hit,2493.55,1,2075.9749999999663,35.0,-1.3899999999998727,1.8500000000003638
2024-08-23 06:35:00,2024-08-23 10:00:00,Long,2495.875,2498.1,8.899999999999636,SL Hit,2498.1,4,2084.874999999966,205.0,-4.085000000000036,5.724999999999909
2024-08-23 17:00:00,2024-08-23 17:50:00,Long,2511.545,2510.17,-2.75,SL Hit,2510.17,2,2082.124999999966,50.0,-1.8450000000002547,1.6050000000000182
2024-08-23 17:55:00,2024-08-23 18:05:00,Short,2510.97,2510.97,0.0,SL Hit,2510.97,1,2082.124999999966,10.0,0.15000000000009095,-1.7300000000000182
2024-08-23 20:45:00,2024-08-25 22:20:00,Long,2512.2166666666667,2511.2,-3.0500000000006366,SL Hit,2511.2,3,2079.0749999999653,2975.0,-1.8866666666667697,2.163333333333412
2024-08-26 00:45:00,2024-08-26 01:25:00,Short,2513.94,2515.19,-2.5,SL Hit,2515.19,2,2076.5749999999653,40.0,1.25,-1.5399999999999636
2024-08-26 03:35:00,2024-08-26 05:05:00,Short,2510.0133333333333,2509.99,0.07000000000061846,SL Hit,2509.99,3,2076.644999999966,90.0,1.4466666666667152,-1.4133333333334122
2024-08-26 06:25:00,2024-08-26 10:30:00,Long,2522.096,2522.84,3.7200000000007094,SL Hit,2522.84,5,2080.3649999999666,245.0,-11.715999999999894,4.44399999999996
2024-08-26 15:00:00,2024-08-26 15:50:00,Short,2516.02,2516.53,-0.5100000000002183,SL Hit,2516.53,1,2079.8549999999664,50.0,1.1399999999998727,-4.389999999999873
2024-08-26 23:05:00,2024-08-26 23:10:00,Short,2517.04,2517.13,-0.09000000000014552,SL Hit,2517.13,1,2079.764999999966,5.0,0.38000000000010914,-0.13999999999987267
2024-08-26 23:30:00,2024-08-27 02:35:00,Short,2513.567142857143,2507.45,42.82000000000335,SL Hit,2507.45,7,2122.5849999999696,185.0,3.772857142856992,-7.7671428571429715
2024-08-27 04:40:00,2024-08-27 05:05:00,Short,2507.51,2507.615,-0.10499999999956344,SL Hit,2507.615,1,2122.47999999997,25.0,0.9399999999995998,-1.0
2024-08-27 05:15:00,2024-08-27 06:40:00,Long,2511.6,2513.71,4.220000000000255,SL Hit,2513.71,2,2126.6999999999703,85.0,-3.230000000000018,5.5300000000002
2024-08-27 07:15:00,2024-08-27 07:20:00,Long,2514.68,2514.5299999999997,-0.15000000000009095,SL Hit,2514.5299999999997,1,2126.54999999997,5.0,-2.199999999999818,0.6600000000003092
2024-08-27 07:25:00,2024-08-27 09:05:00,Short,2511.5933333333337,2512.02,-1.2799999999988358,SL Hit,2512.02,3,2125.2699999999713,100.0,2.3066666666663878,-7.583333333333485
2024-08-27 11:15:00,2024-08-27 12:30:00,Long,2510.71,2510.25,-0.9200000000000728,SL Hit,2510.25,2,2124.3499999999713,75.0,-2.9700000000002547,3.300000000000182
2024-08-27 15:05:00,2024-08-27 15:10:00,Short,2516.32,2516.32,0.0,SL Hit,2516.32,1,2124.3499999999713,5.0,0.11999999999989086,-0.9600000000000364
2024-08-27 18:05:00,2024-08-27 18:10:00,Long,2520.52,2520.52,0.0,SL Hit,2520.52,1,2124.3499999999713,5.0,-1.2199999999998,0.7899999999999636
2024-08-27 18:15:00,2024-08-27 20:55:00,Long,2523.7799999999997,2524.0,1.5400000000017826,SL Hit,2524.0,7,2125.889999999973,160.0,-3.1599999999998545,1.930000000000291
2024-08-28 00:10:00,2024-08-28 00:35:00,Short,2524.68,2525.4750000000004,-0.7950000000005275,SL Hit,2525.4750000000004,1,2125.0949999999725,25.0,0.9100000000003092,-0.8799999999996544
2024-08-28 00:40:00,2024-08-28 07:00:00,Short,2515.2862499999997,2508.63,53.24999999999636,SL Hit,2508.63,8,2178.344999999969,380.0,9.8737500000002,-11.396249999999782
2024-08-28 09:05:00,2024-08-28 10:10:00,Long,2509.23,2508.06,-2.3400000000001455,SL Hit,2508.06,2,2176.0049999999687,65.0,-2.3600000000001273,2.050000000000182
2024-08-28 10:35:00,2024-08-28 13:10:00,Short,2503.7425,2503.81,-0.27000000000043656,SL Hit,2503.81,4,2175.7349999999683,155.0,3.287500000000364,-9.702499999999873
2024-08-28 14:05:00,2024-08-28 14:45:00,Long,2505.22,2504.89,-0.6599999999998545,SL Hit,2504.89,2,2175.0749999999684,40.0,-1.0299999999997453,3.5400000000004184
2024-08-28 16:10:00,2024-08-28 17:25:00,Short,2503.0533333333333,2503.09,-0.11000000000058208,SL Hit,2503.09,3,2174.964999999968,75.0,3.0266666666666424,-6.61333333333323
2024-08-28 19:55:00,2024-08-28 20:05:00,Short,2507.56,2507.965,-0.4050000000002001,SL Hit,2507.965,1,2174.5599999999677,10.0,0.6900000000000546,-0.29999999999972715
2024-08-28 22:05:00,2024-08-28 22:10:00,Short,2505.1,2505.55,-0.45000000000027285,Bullish Trade Reversal,2505.55,1,2174.1099999999674,5.0,0.3000000000001819,-10.599999999999909
2024-08-28 22:10:00,2024-08-28 23:05:00,Long,2505.353333333333,2505.84,1.4600000000014006,SL Hit,2505.84,3,2175.569999999969,55.0,-10.853333333333012,3.2366666666671335
2024-08-28 23:10:00,2024-08-28 23:30:00,Short,2507.36,2507.42,-0.05999999999994543,SL Hit,2507.42,1,2175.509999999969,20.0,0.1799999999998363,-1.0599999999999454
2024-08-29 05:00:00,2024-08-29 05:15:00,Short,2515.7,2515.7,0.0,SL Hit,2515.7,1,2175.509999999969,15.0,0.12000000000034561,-1.8299999999999272
2024-08-29 07:40:00,2024-08-29 07:50:00,Short,2515.81,2516.815,-1.0050000000001091,SL Hit,2516.815,1,2174.5049999999687,10.0,1.1700000000000728,-0.4899999999997817
2024-08-29 11:45:00,2024-08-29 13:40:00,Short,2517.4166666666665,2514.19,9.679999999999382,SL Hit,2514.19,3,2184.184999999968,115.0,4.703333333333376,-13.47666666666646
2024-08-29 13:50:00,2024-08-29 16:05:00,Long,2517.9133333333334,2518.71,2.3899999999998727,SL Hit,2518.71,3,2186.574999999968,135.0,-3.9933333333333394,7.146666666666533
2024-08-29 16:20:00,2024-08-29 17:40:00,Long,2523.8450000000003,2525.9,8.219999999999345,SL Hit,2525.9,4,2194.7949999999673,80.0,-2.1450000000004366,4.6349999999997635
2024-08-29 18:40:00,2024-08-29 18:50:00,Long,2522.85,2522.0550000000003,-0.794999999999618,SL Hit,2522.0550000000003,1,2193.9999999999677,10.0,-2.25,0.9100000000003092
2024-08-29 20:40:00,2024-08-29 20:45:00,Short,2521.89,2521.89,0.0,SL Hit,2521.89,1,2193.9999999999677,5.0,0.11000000000012733,-0.75
2024-08-29 23:00:00,2024-08-30 01:20:00,Short,2518.888,2517.82,5.339999999998781,SL Hit,2517.82,5,2199.3399999999665,140.0,1.8020000000001346,-3.7480000000000473
2024-08-30 02:25:00,2024-08-30 02:35:00,Short,2515.735,2516.25,-1.0299999999997453,SL Hit,2516.25,2,2198.3099999999667,10.0,1.275000000000091,-0.3949999999999818
2024-08-30 05:25:00,2024-08-30 05:45:00,Long,2514.2799999999997,2513.31,-1.9399999999995998,SL Hit,2513.31,2,2196.369999999967,20.0,-1.7099999999995816,1.7200000000002547
2024-08-30 10:00:00,2024-08-30 11:40:00,Short,2522.2400000000002,2521.31,2.790000000000873,SL Hit,2521.31,3,2199.159999999968,100.0,2.2899999999999636,-7.290000000000418
2024-08-30 12:40:00,2024-08-30 13:40:00,Short,2517.3866666666668,2517.56,-0.5199999999995271,SL Hit,2517.56,3,2198.6399999999685,60.0,4.633333333333212,-4.216666666666697
2024-08-30 13:50:00,2024-08-30 13:55:00,Long,2515.2,2515.2,0.0,SL Hit,2515.2,1,2198.6399999999685,5.0,-0.169999999999618,2.300000000000182
2024-08-30 14:10:00,2024-08-30 17:55:00,Short,2507.441666666667,2499.23,49.270000000002256,SL Hit,2499.23,6,2247.9099999999708,225.0,10.718333333332794,-12.651666666667097
2024-08-30 19:00:00,2024-08-30 19:35:00,Short,2502.15,2502.15,0.0,SL Hit,2502.15,1,2247.9099999999708,35.0,-0.0,-3.950000000000273
2024-09-01 22:55:00,2024-09-02 00:30:00,Short,2502.6133333333332,2503.43,-2.449999999999818,SL Hit,2503.43,3,2245.459999999971,95.0,1.1066666666665697,-1.7133333333331393
2024-09-02 02:35:00,2024-09-02 03:10:00,Short,2492.64,2492.69,-0.1000000000003638,SL Hit,2492.69,2,2245.3599999999706,35.0,0.6600000000003092,-2.400000000000091
2024-09-02 04:35:00,2024-09-02 04:40:00,Short,2497.12,2497.18,-0.05999999999994543,SL Hit,2497.18,1,2245.2999999999706,5.0,0.41000000000030923,-0.5899999999996908
2024-09-02 05:30:00,2024-09-02 05:35:00,Short,2496.27,2496.27,0.0,SL Hit,2496.27,1,2245.2999999999706,5.0,0.5900000000001455,-0.9899999999997817
2024-09-02 06:05:00,2024-09-02 06:55:00,Long,2498.0299999999997,2497.38,-1.2999999999992724,SL Hit,2497.38,2,2243.9999999999714,50.0,-1.4799999999995634,3.0200000000004366
2024-09-02 10:55:00,2024-09-02 11:50:00,Short,2498.895,2499.8,-1.8100000000004002,SL Hit,2499.8,2,2242.189999999971,55.0,1.1449999999999818,-1.7449999999998909
2024-09-02 15:50:00,2024-09-02 15:55:00,Short,2500.79,2500.835,-0.04500000000007276,SL Hit,2500.835,1,2242.144999999971,5.0,0.36000000000012733,-0.25
2024-09-02 16:05:00,2024-09-02 16:10:00,Long,2501.44,2501.1099999999997,-0.330000000000382,SL Hit,2501.1099999999997,1,2241.8149999999705,5.0,-0.5700000000001637,0.19000000000005457
2024-09-02 17:50:00,2024-09-02 18:00:00,Short,2499.7,2499.7,0.0,SL Hit,2499.7,1,2241.8149999999705,10.0,0.07000000000016371,-1.0099999999997635
2024-09-02 22:50:00,2024-09-02 22:55:00,Short,2497.83,2497.83,0.0,SL Hit,2497.83,1,2241.8149999999705,5.0,0.11000000000012733,-0.25
2024-09-03 00:35:00,2024-09-03 02:40:00,Short,2495.02,2495.33,-0.6199999999998909,SL Hit,2495.33,2,2241.1949999999706,125.0,1.25,-4.900000000000091
2024-09-03 03:35:00,2024-09-03 03:50:00,Short,2494.82,2495.135,-0.31500000000005457,SL Hit,2495.135,1,2240.8799999999706,15.0,0.36999999999989086,-1.8200000000001637
2024-09-03 03:55:00,2024-09-03 04:20:00,Short,2495.19,2495.19,0.0,SL Hit,2495.19,1,2240.8799999999706,25.0,0.6100000000001273,-1.5900000000001455
2024-09-03 05:05:00,2024-09-03 05:20:00,Short,2495.33,2495.54,-0.21000000000003638,SL Hit,2495.54,1,2240.6699999999705,15.0,0.2600000000002183,-1.5299999999997453
2024-09-03 05:50:00,2024-09-03 06:15:00,Short,2494.8,2495.52,-1.4399999999995998,SL Hit,2495.52,2,2239.229999999971,25.0,1.4600000000000364,-2.050000000000182
2024-09-03 06:50:00,2024-09-03 09:50:00,Long,2500.25,2502.11,7.440000000000509,SL Hit,2502.11,4,2246.6699999999714,180.0,-4.170000000000073,5.7199999999998
2024-09-03 13:30:00,2024-09-03 15:25:00,Short,2483.124,2481.68,7.2199999999998,SL Hit,2481.68,5,2253.889999999971,115.0,10.006000000000313,-9.023999999999887
2024-09-04 00:40:00,2024-09-04 00:45:00,Short,2493.4,2493.535,-0.13499999999976353,SL Hit,2493.535,1,2253.7549999999715,5.0,0.5599999999999454,-1.0700000000001637
2024-09-04 00:50:00,2024-09-04 01:30:00,Short,2493.02,2493.96,-1.8800000000001091,SL Hit,2493.96,2,2251.8749999999714,40.0,0.9800000000000182,-1.7100000000000364
2024-09-04 01:35:00,2024-09-04 01:50:00,Long,2492.61,2492.25,-0.36000000000012733,SL Hit,2492.25,1,2251.514999999971,15.0,-0.5199999999999818,1.6399999999998727
2024-09-04 02:30:00,2024-09-04 03:25:00,Long,2494.835,2494.51,-0.6499999999996362,SL Hit,2494.51,2,2250.8649999999716,55.0,-1.3049999999998363,1.8849999999997635
2024-09-04 07:50:00,2024-09-04 07:55:00,Short,2484.65,2484.65,0.0,SL Hit,2484.65,1,2250.8649999999716,5.0,0.009999999999763531,-2.5700000000001637
2024-09-04 14:05:00,2024-09-04 14:40:00,Short,2493.4700000000003,2498.39,-9.839999999999236,SL Hit,2498.39,2,2241.0249999999724,35.0,5.519999999999527,-4.7800000000002
2024-09-04 14:45:00,2024-09-04 15:00:00,Long,2498.96,2495.795,-3.1649999999999636,SL Hit,2495.795,1,2237.8599999999724,15.0,-4.360000000000127,0.8800000000001091
2024-09-04 16:30:00,2024-09-04 16:45:00,Long,2496.185,2495.47,-1.430000000000291,SL Hit,2495.47,2,2236.429999999972,15.0,-0.8350000000000364,1.5950000000002547
2024-09-04 18:30:00,2024-09-04 18:50:00,Short,2492.985,2494.33,-2.6899999999996,SL Hit,2494.33,2,2233.7399999999725,20.0,1.6649999999999636,-0.3350000000000364
2024-09-04 20:10:00,2024-09-04 20:15:00,Long,2494.45,2494.39,-0.05999999999994543,SL Hit,2494.39,1,2233.6799999999726,5.0,-0.4699999999997999,0.2800000000002001
2024-09-05 01:15:00,2024-09-05 03:10:00,Long,2497.125,2496.7,-1.7000000000007276,SL Hit,2496.7,4,2231.979999999972,115.0,-1.574999999999818,1.925000000000182
2024-09-05 03:15:00,2024-09-05 05:05:00,Short,2495.263333333334,2494.84,1.2700000000008913,SL Hit,2494.84,3,2233.2499999999727,110.0,1.5966666666663514,-2.363333333333685
2024-09-05 05:20:00,2024-09-05 05:30:00,Long,2494.83,2494.53,-0.29999999999972715,SL Hit,2494.53,1,2232.949999999973,10.0,-0.3400000000001455,0.9500000000002728
2024-09-05 08:05:00,2024-09-05 10:00:00,Long,2509.6966666666667,2515.27,16.7199999999998,SL Hit,2515.27,3,2249.669999999973,115.0,-3.696666666666715,7.493333333333339
2024-09-05 12:20:00,2024-09-05 13:05:00,Long,2517.925,2514.21,-7.430000000000291,SL Hit,2514.21,2,2242.2399999999725,45.0,-3.9350000000004,4.8449999999998
2024-09-05 13:10:00,2024-09-05 13:15:00,Short,2514.74,2514.74,0.0,SL Hit,2514.74,1,2242.2399999999725,5.0,2.7600000000002183,-1.6499999999996362
2024-09-05 15:15:00,2024-09-05 15:35:00,Short,2508.25,2508.25,0.0,SL Hit,2508.25,1,2242.2399999999725,20.0,2.5100000000002183,-2.8099999999999454
2024-09-05 19:00:00,2024-09-05 19:05:00,Short,2515.74,2515.875,-0.13500000000021828,SL Hit,2515.875,1,2242.1049999999723,5.0,0.14000000000032742,-0.5299999999997453
2024-09-05 22:05:00,2024-09-05 22:10:00,Long,2516.14,2516.14,0.0,SL Hit,2516.14,1,2242.1049999999723,5.0,-0.009999999999763531,0.30999999999994543
2024-09-05 23:55:00,2024-09-06 00:05:00,Long,2517.2200000000003,2517.03,-0.38000000000010914,SL Hit,2517.03,2,2241.724999999972,10.0,-0.6000000000003638,0.2899999999999636
2024-09-06 00:10:00,2024-09-06 02:20:00,Short,2515.693333333333,2515.64,0.15999999999985448,SL Hit,2515.64,3,2241.884999999972,130.0,1.5566666666668425,-2.733333333333121
2024-09-06 03:20:00,2024-09-06 03:25:00,Long,2517.34,2517.115,-0.2250000000003638,SL Hit,2517.115,1,2241.6599999999717,5.0,-1.0399999999999636,0.5799999999999272
2024-09-06 03:30:00,2024-09-06 03:35:00,Short,2517.25,2517.25,0.0,SL Hit,2517.25,1,2241.6599999999717,5.0,0.11000000000012733,-0.38999999999987267
2024-09-06 04:35:00,2024-09-06 04:40:00,Long,2518.57,2518.5249999999996,-0.04500000000052751,SL Hit,2518.5249999999996,1,2241.614999999971,5.0,-0.6700000000000728,0.5299999999997453
2024-09-06 04:45:00,2024-09-06 04:50:00,Long,2517.2,2517.2,0.0,Bearish Trade Reversal,2517.2,1,2241.614999999971,5.0,0.0,1.580000000000382
2024-09-06 04:50:00,2024-09-06 05:00:00,Short,2518.66,2518.84,-0.18000000000029104,SL Hit,2518.84,1,2241.434999999971,10.0,0.41000000000030923,-1.2599999999997635
2024-09-06 05:55:00,2024-09-06 06:00:00,Long,2519.53,2518.6899999999996,-0.8400000000006003,Bearish Trade Reversal,2518.6899999999996,1,2240.5949999999702,5.0,-0.7800000000002001,0.5
2024-09-06 06:00:00,2024-09-06 06:15:00,Short,2519.87,2519.87,0.0,SL Hit,2519.87,1,2240.5949999999702,15.0,0.7400000000002365,-1.2399999999997817
2024-09-06 07:50:00,2024-09-06 08:50:00,Short,2517.2875000000004,2517.92,-2.529999999998836,SL Hit,2517.92,4,2238.0649999999714,60.0,1.9024999999996908,-1.5975000000003092
2024-09-06 09:10:00,2024-09-06 09:15:00,Short,2516.97,2518.5600000000004,-1.5900000000006003,Bullish Trade Reversal,2518.5600000000004,1,2236.474999999971,5.0,1.0600000000004002,-0.1799999999998363
2024-09-06 09:15:00,2024-09-06 10:35:00,Long,2517.4266666666667,2517.34,-0.25999999999976353,SL Hit,2517.34,3,2236.214999999971,80.0,-0.6366666666667697,2.233333333333121
2024-09-06 11:15:00,2024-09-06 11:30:00,Long,2519.25,2518.31,-1.8800000000001091,SL Hit,2518.31,2,2234.334999999971,15.0,-1.3800000000001091,0.8299999999999272
2024-09-06 18:40:00,2024-09-06 18:45:00,Short,2494.29,2494.29,0.0,SL Hit,2494.29,1,2234.334999999971,5.0,0.30999999999994543,-0.900000000000091
2024-09-06 19:20:00,2024-09-06 19:25:00,Short,2494.27,2495.455,-1.1849999999999454,Bullish Trade Reversal,2495.455,1,2233.149999999971,5.0,0.7899999999999636,-0.8699999999998909
2024-09-06 19:25:00,2024-09-08 22:15:00,Long,2495.353333333333,2495.6,0.7400000000006912,SL Hit,2495.6,3,2233.8899999999717,3050.0,-1.953333333332921,2.376666666667006
2024-09-08 23:00:00,2024-09-08 23:10:00,Long,2496.9,2496.9,0.0,SL Hit,2496.9,1,2233.8899999999717,10.0,-0.3000000000001819,1.1599999999998545
2024-09-08 23:30:00,2024-09-08 23:35:00,Short,2495.95,2496.325,-0.375,SL Hit,2496.325,1,2233.5149999999717,5.0,0.8400000000001455,-1.25
2024-09-08 23:40:00,2024-09-09 00:00:00,Short,2496.44,2496.79,-0.6999999999998181,SL Hit,2496.79,2,2232.814999999972,20.0,1.5099999999997635,-1.3400000000001455
2024-09-09 01:15:00,2024-09-09 02:55:00,Long,2497.646,2497.1,-2.7300000000013824,SL Hit,2497.1,5,2230.0849999999705,100.0,-1.8760000000002037,1.3239999999996144
2024-09-09 04:10:00,2024-09-09 04:30:00,Long,2498.625,2498.3,-0.6499999999996362,SL Hit,2498.3,2,2229.434999999971,20.0,-0.5749999999998181,0.375
2024-09-09 09:45:00,2024-09-09 10:15:00,Long,2495.86,2495.755,-0.10500000000001819,SL Hit,2495.755,1,2229.329999999971,30.0,-1.4200000000000728,3.1799999999998363
2024-09-09 19:50:00,2024-09-09 20:30:00,Long,2504.895,2505.25,0.7100000000000364,SL Hit,2505.25,2,2230.039999999971,40.0,-0.3049999999998363,1.1849999999999454
2024-09-10 02:40:00,2024-09-10 03:25:00,Long,2502.983333333333,2502.74,-0.7300000000000182,SL Hit,2502.74,3,2229.309999999971,45.0,-1.0433333333330665,1.2266666666669153
2024-09-10 03:30:00,2024-09-10 03:50:00,Short,2502.77,2503.28,-0.5100000000002183,SL Hit,2503.28,1,2228.7999999999706,20.0,0.6300000000001091,-1.0099999999997635
2024-09-10 04:00:00,2024-09-10 05:10:00,Short,2502.0299999999997,2502.08,-0.1000000000003638,SL Hit,2502.08,2,2228.6999999999703,70.0,0.6200000000003456,-1.3399999999996908
2024-09-10 05:55:00,2024-09-10 06:25:00,Long,2503.59,2503.53,-0.05999999999994543,SL Hit,2503.53,1,2228.6399999999703,30.0,-0.1000000000003638,2.819999999999709
2024-09-10 07:25:00,2024-09-10 07:50:00,Long,2504.38,2504.38,0.0,SL Hit,2504.38,1,2228.6399999999703,25.0,-0.49000000000023647,2.7399999999997817
2024-09-10 08:00:00,2024-09-10 09:30:00,Short,2502.0,2502.59,-1.7700000000004366,SL Hit,2502.59,3,2226.86999999997,90.0,1.2899999999999636,-2.0900000000001455
2024-09-10 11:25:00,2024-09-10 12:00:00,Short,2505.46,2505.5650000000005,-0.10500000000047294,SL Hit,2505.5650000000005,1,2226.7649999999694,35.0,0.38000000000010914,-1.6599999999998545
2024-09-10 12:30:00,2024-09-10 13:50:00,Long,2507.12,2506.37,-0.75,SL Hit,2506.37,1,2226.0149999999694,80.0,-0.7799999999997453,7.8400000000001455
2024-09-10 18:25:00,2024-09-10 19:35:00,Long,2514.5550000000003,2514.33,-0.4500000000007276,SL Hit,2514.33,2,2225.5649999999687,70.0,-1.355000000000473,2.4349999999994907
2024-09-10 22:30:00,2024-09-10 22:35:00,Long,2516.52,2515.59,-0.9299999999998363,SL Hit,2515.59,1,2224.634999999969,5.0,-1.2199999999998,0.17000000000007276
2024-09-10 22:40:00,2024-09-10 23:00:00,Short,2516.55,2516.55,0.0,SL Hit,2516.55,1,2224.634999999969,20.0,0.4600000000000364,-0.47000000000025466
2024-09-10 23:45:00,2024-09-11 00:50:00,Long,2517.766666666667,2516.9,-2.600000000000364,SL Hit,2516.9,3,2222.0349999999685,65.0,-1.4266666666667334,1.2333333333331211
2024-09-11 00:55:00,2024-09-11 01:20:00,Short,2516.91,2517.135,-0.2250000000003638,SL Hit,2517.135,1,2221.809999999968,25.0,0.3900000000003274,-1.9800000000000182
2024-09-11 06:05:00,2024-09-11 07:35:00,Long,2524.22,2524.63,1.2300000000009277,SL Hit,2524.63,3,2223.039999999969,90.0,-3.2099999999995816,3.8100000000004
2024-09-11 09:35:00,2024-09-11 10:55:00,Short,2523.37,2522.32,3.1499999999991815,SL Hit,2522.32,3,2226.189999999968,80.0,0.8299999999999272,-3.549999999999727
2024-09-11 11:05:00,2024-09-11 11:10:00,Long,2521.66,2521.66,0.0,SL Hit,2521.66,1,2226.189999999968,5.0,-0.1999999999998181,0.5399999999999636
2024-09-11 11:55:00,2024-09-11 12:00:00,Long,2522.12,2521.91,-0.21000000000003638,SL Hit,2521.91,1,2225.979999999968,5.0,-0.9899999999997817,0.5199999999999818
2024-09-11 14:10:00,2024-09-11 14:15:00,Short,2504.74,2505.3250000000003,-0.5850000000004911,SL Hit,2505.3250000000003,1,2225.3949999999677,5.0,3.200000000000273,-0.9399999999995998
2024-09-11 18:05:00,2024-09-11 18:15:00,Long,2514.64,2514.64,0.0,SL Hit,2514.64,1,2225.3949999999677,10.0,-0.31999999999970896,1.5100000000002183
2024-09-11 18:30:00,2024-09-11 18:40:00,Short,2512.24,2512.7350000000006,-0.49500000000080036,SL Hit,2512.7350000000006,1,2224.899999999967,10.0,0.8800000000001091,-1.3399999999996908
2024-09-11 20:45:00,2024-09-11 22:00:00,Short,2512.83,2512.83,0.0,SL Hit,2512.83,1,2224.899999999967,75.0,0.44000000000005457,-1.599999999999909
2024-09-11 22:25:00,2024-09-11 22:35:00,Long,2513.31,2513.31,0.0,SL Hit,2513.31,1,2224.899999999967,10.0,-0.8099999999999454,0.42000000000007276
2024-09-11 23:55:00,2024-09-12 00:55:00,Short,2511.68,2511.89,-0.8400000000001455,SL Hit,2511.89,4,2224.0599999999667,60.0,0.6300000000001091,-0.6099999999996726
2024-09-12 05:55:00,2024-09-12 06:35:00,Long,2519.4599999999996,2519.29,-0.509999999998854,SL Hit,2519.29,3,2223.549999999968,40.0,-2.0099999999997635,2.3200000000006185
2024-09-12 06:55:00,2024-09-12 07:00:00,Short,2517.2,2517.2,0.0,SL Hit,2517.2,1,2223.549999999968,5.0,0.03999999999996362,-1.1399999999998727
2024-09-12 08:20:00,2024-09-12 08:40:00,Long,2517.25,2516.8900000000003,-0.3599999999996726,SL Hit,2516.8900000000003,1,2223.189999999968,20.0,-0.5,1.9600000000000364
2024-09-12 10:05:00,2024-09-12 10:20:00,Long,2518.78,2518.78,0.0,SL Hit,2518.78,1,2223.189999999968,15.0,-0.24000000000023647,2.1299999999996544
2024-09-12 10:45:00,2024-09-12 11:35:00,Short,2516.01,2517.0149999999994,-1.0049999999991996,SL Hit,2517.0149999999994,1,2222.184999999969,50.0,1.8899999999998727,-3.0300000000002
2024-09-12 14:45:00,2024-09-12 16:05:00,Long,2552.5733333333333,2551.7,-2.6200000000003456,SL Hit,2551.7,3,2219.5649999999687,80.0,-3.2733333333330847,2.0466666666666242
2024-09-12 18:05:00,2024-09-12 19:10:00,Long,2554.09,2555.23,2.2799999999997453,SL Hit,2555.23,2,2221.8449999999684,65.0,-1.5199999999999818,3.9699999999998
2024-09-12 19:45:00,2024-09-12 22:55:00,Long,2558.0133333333333,2557.04,-2.9200000000000728,SL Hit,2557.04,3,2218.9249999999683,190.0,-1.313333333333503,1.8866666666667697
2024-09-12 23:05:00,2024-09-12 23:55:00,Short,2557.64,2558.17,-1.0600000000004002,SL Hit,2558.17,2,2217.864999999968,50.0,0.6600000000003092,-1.2399999999997817
2024-09-13 00:05:00,2024-09-13 00:50:00,Long,2558.045,2558.21,0.32999999999992724,SL Hit,2558.21,2,2218.194999999968,45.0,-1.0450000000000728,4.434999999999945
2024-09-13 04:25:00,2024-09-13 05:05:00,Long,2567.56,2567.185,-0.375,SL Hit,2567.185,1,2217.819999999968,40.0,-0.4600000000000364,2.3400000000001455
2024-09-13 05:55:00,2024-09-13 06:30:00,Short,2567.67,2568.045,-0.375,SL Hit,2568.045,1,2217.444999999968,35.0,0.4499999999998181,-4.210000000000036
2024-09-13 10:00:00,2024-09-13 12:10:00,Short,2567.3733333333334,2567.73,-1.069999999999709,SL Hit,2567.73,3,2216.374999999968,130.0,1.6166666666663332,-3.563333333333503
2024-09-13 12:15:00,2024-09-13 13:55:00,Long,2572.5575,2576.7,16.56999999999971,SL Hit,2576.7,4,2232.944999999968,100.0,-5.397500000000036,10.462500000000091
2024-09-13 18:50:00,2024-09-13 19:50:00,Short,2581.943333333333,2582.4,-1.3700000000008004,SL Hit,2582.4,3,2231.574999999967,60.0,0.7766666666666424,-3.403333333333194
2024-09-13 20:25:00,2024-09-15 22:55:00,Short,2579.575,2580.15,-1.1500000000005457,SL Hit,2580.15,2,2230.4249999999665,3030.0,1.4050000000002,-3.5649999999996
2024-09-16 01:35:00,2024-09-16 01:40:00,Long,2581.57,2581.57,0.0,SL Hit,2581.57,1,2230.4249999999665,5.0,-0.24000000000023647,1.2100000000000364
2024-09-16 04:30:00,2024-09-16 04:50:00,Short,2585.8,2585.83,-0.02999999999974534,SL Hit,2585.83,1,2230.394999999967,20.0,0.11999999999989086,-0.9400000000000546
2024-09-16 06:20:00,2024-09-16 06:35:00,Short,2588.615,2588.75,-0.27000000000043656,SL Hit,2588.75,2,2230.1249999999663,15.0,0.48500000000012733,-1.724999999999909
2024-09-16 06:55:00,2024-09-16 07:40:00,Short,2583.9700000000003,2582.43,3.0800000000008367,SL Hit,2582.43,2,2233.204999999967,45.0,2.7199999999998,-4.050000000000182
2024-09-16 11:25:00,2024-09-16 11:35:00,Long,2581.15,2580.655,-0.49499999999989086,SL Hit,2580.655,1,2232.7099999999673,10.0,-0.6399999999998727,0.9800000000000182
2024-09-16 11:45:00,2024-09-16 12:15:00,Long,2581.5,2580.03,-2.9399999999996,SL Hit,2580.03,2,2229.7699999999677,30.0,-1.650000000000091,1.4400000000000546
2024-09-16 12:20:00,2024-09-16 12:25:00,Short,2581.85,2581.85,0.0,SL Hit,2581.85,1,2229.7699999999677,5.0,0.16000000000030923,-1.6399999999998727
2024-09-16 12:30:00,2024-09-16 12:35:00,Long,2581.35,2580.705,-0.6449999999999818,SL Hit,2580.705,1,2229.1249999999677,5.0,-2.2399999999997817,1.1199999999998909
2024-09-16 14:10:00,2024-09-16 16:20:00,Short,2580.805,2581.21,-1.6200000000008004,SL Hit,2581.21,4,2227.504999999967,130.0,2.5650000000000546,-4.714999999999691
2024-09-16 18:30:00,2024-09-16 19:20:00,Short,2580.8366666666666,2581.15,-0.9400000000005093,SL Hit,2581.15,3,2226.5649999999664,50.0,0.7333333333335759,-1.3366666666665878
2024-09-16 20:25:00,2024-09-16 20:35:00,Long,2582.795,2581.5,-2.5900000000001455,SL Hit,2581.5,2,2223.9749999999663,10.0,-1.5950000000002547,0.3949999999999818
2024-09-16 22:50:00,2024-09-16 23:40:00,Short,2583.01,2583.44,-0.8599999999996726,SL Hit,2583.44,2,2223.1149999999666,50.0,0.4399999999995998,-1.0100000000002183
2024-09-16 23:45:00,2024-09-17 00:10:00,Long,2583.3199999999997,2582.0,-2.639999999999418,SL Hit,2582.0,2,2220.474999999967,25.0,-1.519999999999527,0.8600000000001273
2024-09-17 00:15:00,2024-09-17 01:35:00,Short,2581.65,2580.87,2.3400000000006003,SL Hit,2580.87,3,2222.8149999999678,80.0,1.9699999999998,-3.1100000000001273
2024-09-17 03:55:00,2024-09-17 04:05:00,Short,2578.15,2578.15,0.0,SL Hit,2578.15,1,2222.8149999999678,10.0,0.13999999999987267,-1.3400000000001455
2024-09-17 04:45:00,2024-09-17 04:50:00,Short,2576.94,2577.42,-0.4800000000000182,SL Hit,2577.42,1,2222.3349999999677,5.0,0.8600000000001273,-1.6300000000001091
2024-09-17 09:50:00,2024-09-17 10:10:00,Short,2574.94,2575.135,-0.1950000000001637,SL Hit,2575.135,1,2222.1399999999676,20.0,0.8800000000001091,-3.0799999999999272
2024-09-17 17:00:00,2024-09-17 17:15:00,Short,2563.04,2563.79,-0.75,SL Hit,2563.79,1,2221.3899999999676,15.0,1.3400000000001455,-1.9400000000000546
2024-09-17 17:45:00,2024-09-17 19:20:00,Long,2569.1749999999997,2568.95,-0.8999999999996362,SL Hit,2568.95,4,2220.489999999968,95.0,-2.724999999999909,2.2150000000001455
2024-09-17 22:45:00,2024-09-18 00:10:00,Long,2572.0175,2572.7,2.7299999999995634,SL Hit,2572.7,4,2223.2199999999675,85.0,-1.6875,2.6424999999999272
2024-09-18 00:15:00,2024-09-18 00:25:00,Short,2572.34,2573.0,-0.6599999999998545,SL Hit,2573.0,1,2222.5599999999677,10.0,0.9400000000000546,-0.8700000000003456
2024-09-18 01:40:00,2024-09-18 03:20:00,Short,2573.5175,2573.86,-1.3700000000008004,SL Hit,2573.86,4,2221.189999999967,100.0,0.7625000000002728,-3.4674999999997453
2024-09-18 04:00:00,2024-09-18 04:05:00,Long,2575.54,2575.4649999999997,-0.07500000000027285,SL Hit,2575.4649999999997,1,2221.1149999999666,5.0,-1.2199999999998,0.6599999999998545
2024-09-18 04:35:00,2024-09-18 06:30:00,Short,2570.5933333333337,2568.86,5.200000000000728,SL Hit,2568.86,3,2226.3149999999673,115.0,1.9266666666662786,-4.993333333333794
2024-09-18 06:45:00,2024-09-18 08:15:00,Long,2569.2466666666664,2568.8,-1.3399999999987813,SL Hit,2568.8,3,2224.9749999999685,90.0,-1.2566666666666606,2.5433333333335213
2024-09-18 09:20:00,2024-09-18 09:25:00,Long,2570.22,2570.0699999999997,-0.15000000000009095,SL Hit,2570.0699999999997,1,2224.8249999999684,5.0,-0.8899999999998727,0.6400000000003274
2024-09-18 09:35:00,2024-09-18 09:40:00,Short,2569.33,2569.33,0.0,SL Hit,2569.33,1,2224.8249999999684,5.0,0.4600000000000364,-0.6199999999998909
2024-09-18 12:15:00,2024-09-18 12:20:00,Short,2576.47,2576.635,-0.16500000000041837,SL Hit,2576.635,1,2224.659999999968,5.0,0.930000000000291,-0.419999999999618
2024-09-18 14:25:00,2024-09-18 14:40:00,Short,2570.35,2570.455,-0.10500000000001819,SL Hit,2570.455,1,2224.554999999968,15.0,1.0399999999999636,-2.019999999999982
2024-09-18 19:40:00,2024-09-18 20:20:00,Short,2558.53,2558.53,0.0,SL Hit,2558.53,1,2224.554999999968,40.0,1.919999999999618,-10.900000000000091
2024-09-18 22:05:00,2024-09-18 22:15:00,Short,2556.72,2558.085,-1.3650000000002365,SL Hit,2558.085,1,2223.1899999999678,10.0,2.3200000000001637,-1.6499999999996362
2024-09-19 07:25:00,2024-09-19 10:30:00,Long,2582.6033333333335,2586.4,11.389999999999873,SL Hit,2586.4,3,2234.5799999999676,185.0,-5.603333333333467,11.796666666666624
2024-09-19 11:15:00,2024-09-19 11:20:00,Short,2586.2,2586.215,-0.015000000000327418,SL Hit,2586.215,1,2234.5649999999673,5.0,0.6900000000000546,-1.3999999999996362
2024-09-19 19:30:00,2024-09-19 19:50:00,Short,2587.0,2587.315,-0.31500000000005457,SL Hit,2587.315,1,2234.2499999999673,20.0,0.5599999999999454,-1.900000000000091
2024-09-19 22:40:00,2024-09-19 22:45:00,Long,2587.0,2586.955,-0.04500000000007276,SL Hit,2586.955,1,2234.204999999967,5.0,-0.11999999999989086,0.2699999999999818
2024-09-20 00:05:00,2024-09-20 00:15:00,Short,2586.71,2587.3549999999996,-0.6449999999995271,SL Hit,2587.3549999999996,1,2233.5599999999677,10.0,0.6599999999998545,-1.4099999999998545
2024-09-20 00:35:00,2024-09-20 01:15:00,Long,2587.415,2585.6,-3.630000000000109,SL Hit,2585.6,2,2229.9299999999675,40.0,-1.9349999999999454,1.0149999999998727
2024-09-20 01:50:00,2024-09-20 05:10:00,Long,2591.3216666666667,2592.69,8.210000000000036,SL Hit,2592.69,6,2238.1399999999676,200.0,-4.131666666666661,2.928333333333285
2024-09-20 05:35:00,2024-09-20 07:40:00,Long,2601.8733333333334,2606.15,12.829999999999927,SL Hit,2606.15,3,2250.9699999999675,125.0,-8.433333333333394,7.346666666666351
2024-09-20 08:05:00,2024-09-20 08:10:00,Long,2606.28,2605.83,-0.45000000000027285,SL Hit,2605.83,1,2250.5199999999672,5.0,-0.5600000000004002,1.1299999999996544
2024-09-20 09:25:00,2024-09-20 09:30:00,Long,2607.42,2607.135,-0.2849999999998545,SL Hit,2607.135,1,2250.2349999999674,5.0,-1.2200000000002547,1.1100000000001273
2024-09-20 09:50:00,2024-09-20 09:55:00,Short,2605.7,2605.865,-0.16499999999996362,SL Hit,2605.865,1,2250.0699999999674,5.0,1.1100000000001273,-2.8399999999996908
2024-09-20 10:35:00,2024-09-20 13:00:00,Long,2612.66,2614.69,10.150000000001,SL Hit,2614.69,5,2260.2199999999684,145.0,-4.269999999999982,6.260000000000218
2024-09-20 13:05:00,2024-09-20 14:30:00,Short,2611.525,2613.52,-3.9899999999997817,SL Hit,2613.52,2,2256.2299999999686,85.0,3.9149999999999636,-8.684999999999945
2024-09-20 19:45:00,2024-09-23 01:10:00,Short,2620.6066666666666,2618.9,5.119999999999436,SL Hit,2618.9,3,2261.349999999968,3205.0,2.013333333333321,-4.546666666666624
2024-09-23 11:15:00,2024-09-23 11:20:00,Long,2622.54,2622.45,-0.09000000000014552,SL Hit,2622.45,1,2261.259999999968,5.0,-0.36999999999989086,1.3899999999998727
2024-09-23 11:25:00,2024-09-23 11:45:00,Long,2622.86,2621.98,-1.7600000000002183,SL Hit,2621.98,2,2259.4999999999677,20.0,-1.4700000000002547,2.5899999999996908
2024-09-23 11:50:00,2024-09-23 12:00:00,Short,2623.84,2624.215,-0.375,SL Hit,2624.215,1,2259.1249999999677,10.0,0.3799999999996544,-0.45000000000027285
2024-09-23 12:30:00,2024-09-23 12:40:00,Short,2622.65,2622.83,-0.1799999999998363,SL Hit,2622.83,1,2258.944999999968,10.0,1.3099999999999454,-1.4900000000002365
2024-09-23 13:50:00,2024-09-23 15:00:00,Long,2631.0775,2629.57,-6.029999999998836,SL Hit,2629.57,4,2252.914999999969,70.0,-2.7474999999999454,3.4825000000000728
2024-09-23 16:30:00,2024-09-23 16:55:00,Short,2627.54,2628.61,-3.210000000000491,SL Hit,2628.61,3,2249.7049999999685,25.0,1.199999999999818,-0.9499999999998181
2024-09-23 17:00:00,2024-09-23 17:10:00,Long,2628.0649999999996,2627.54,-1.0499999999992724,SL Hit,2627.54,2,2248.6549999999693,10.0,-0.6249999999995453,0.7150000000006003
2024-09-23 22:10:00,2024-09-23 22:35:00,Long,2627.5099999999998,2627.34,-0.509999999998854,SL Hit,2627.34,3,2248.1449999999704,25.0,-0.1799999999998363,0.4800000000000182
2024-09-24 00:30:00,2024-09-24 01:00:00,Short,2625.765,2625.91,-0.2899999999999636,SL Hit,2625.91,2,2247.8549999999705,30.0,0.9050000000002001,-2.0049999999996544
2024-09-24 02:10:00,2024-09-24 02:30:00,Short,2628.08,2628.08,0.0,SL Hit,2628.08,1,2247.8549999999705,20.0,0.13000000000010914,-1.4800000000000182
2024-09-24 07:20:00,2024-09-24 07:25:00,Long,2628.53,2628.08,-0.45000000000027285,SL Hit,2628.08,1,2247.40499999997,5.0,-1.3500000000003638,1.3599999999996726
2024-09-24 08:20:00,2024-09-24 08:35:00,Short,2629.16,2629.16,0.0,SL Hit,2629.16,1,2247.40499999997,15.0,0.01999999999998181,-3.1599999999998545
2024-09-24 09:15:00,2024-09-24 09:25:00,Long,2627.64,2627.5650000000005,-0.07499999999936335,SL Hit,2627.5650000000005,1,2247.329999999971,10.0,-0.6399999999998727,1.8099999999999454
2024-09-24 12:30:00,2024-09-24 12:45:00,Long,2627.96,2626.655,-1.3049999999998363,SL Hit,2626.655,1,2246.024999999971,15.0,-1.4299999999998363,1.4099999999998545
2024-09-24 14:05:00,2024-09-24 20:35:00,Long,2653.1133333333337,2661.02,71.15999999999667,SL Hit,2661.02,9,2317.1849999999677,390.0,-18.133333333333667,10.916666666666515
2024-09-25 03:30:00,2024-09-25 03:35:00,Short,2661.52,2661.52,0.0,SL Hit,2661.52,1,2317.1849999999677,5.0,0.25,-1.1700000000000728
2024-09-25 04:00:00,2024-09-25 04:05:00,Short,2661.47,2661.47,0.0,SL Hit,2661.47,1,2317.1849999999677,5.0,0.01999999999998181,-0.8999999999996362
2024-09-25 05:40:00,2024-09-25 05:55:00,Short,2657.53,2658.535,-1.0049999999996544,SL Hit,2658.535,1,2316.179999999968,15.0,1.0399999999999636,-2.980000000000018
2024-09-25 06:20:00,2024-09-25 06:25:00,Short,2655.64,2656.33,-0.6900000000000546,SL Hit,2656.33,1,2315.489999999968,5.0,1.75,-2.230000000000018
2024-09-25 08:45:00,2024-09-25 08:55:00,Short,2655.25,2655.535,-0.2849999999998545,SL Hit,2655.535,1,2315.204999999968,10.0,0.8099999999999454,-0.2899999999999636
2024-09-25 11:10:00,2024-09-25 11:40:00,Short,2656.36,2656.6450000000004,-0.28500000000030923,SL Hit,2656.6450000000004,1,2314.919999999968,30.0,1.0299999999997453,-2.349999999999909
2024-09-25 18:25:00,2024-09-25 19:30:00,Long,2660.2925,2660.23,-0.25,SL Hit,2660.23,4,2314.669999999968,65.0,-1.1525000000001455,1.1774999999997817
2024-09-25 22:45:00,2024-09-25 22:50:00,Long,2658.78,2658.78,0.0,SL Hit,2658.78,1,2314.669999999968,5.0,-0.3900000000003274,0.7699999999999818
2024-09-25 23:10:00,2024-09-25 23:15:00,Short,2657.99,2657.99,0.0,SL Hit,2657.99,1,2314.669999999968,5.0,0.20000000000027285,-1.1899999999995998
2024-09-26 00:40:00,2024-09-26 01:25:00,Long,2658.62,2657.7200000000003,-0.8999999999996362,SL Hit,2657.7200000000003,1,2313.769999999968,45.0,-0.900000000000091,2.019999999999982
2024-09-26 02:45:00,2024-09-26 03:10:00,Short,2659.13,2659.2349999999997,-0.10499999999956344,SL Hit,2659.2349999999997,1,2313.6649999999686,25.0,0.4600000000000364,-1.9100000000003092
2024-09-26 03:30:00,2024-09-26 03:40:00,Long,2660.76,2660.76,0.0,SL Hit,2660.76,1,2313.6649999999686,10.0,-0.3900000000003274,0.9599999999995816
2024-09-26 05:55:00,2024-09-26 06:45:00,Short,2661.0950000000003,2661.72,-1.2499999999990905,SL Hit,2661.72,2,2312.4149999999695,50.0,0.8249999999998181,-2.8150000000000546
2024-09-26 06:50:00,2024-09-26 07:15:00,Long,2661.24,2660.46,-1.5599999999994907,SL Hit,2660.46,2,2310.85499999997,25.0,-1.4799999999995634,2.6400000000003274
2024-09-26 07:45:00,2024-09-26 09:30:00,Long,2665.7933333333335,2667.35,4.669999999999163,SL Hit,2667.35,3,2315.524999999969,105.0,-2.1233333333334485,4.516666666666424
2024-09-26 09:40:00,2024-09-26 09:55:00,Short,2668.38,2668.5,-0.11999999999989086,SL Hit,2668.5,1,2315.4049999999693,15.0,0.4099999999998545,-1.3200000000001637
2024-09-26 11:35:00,2024-09-26 12:05:00,Long,2679.87,2679.3600000000006,-0.5099999999993088,SL Hit,2679.3600000000006,1,2314.89499999997,30.0,-0.599999999999909,5.260000000000218
2024-09-26 13:55:00,2024-09-26 14:00:00,Short,2660.06,2662.8500000000004,-2.7900000000004184,SL Hit,2662.8500000000004,1,2312.1049999999696,5.0,3.9900000000002365,-1.650000000000091
2024-09-26 14:45:00,2024-09-26 15:00:00,Long,2665.705,2664.11,-3.1899999999996,SL Hit,2664.11,2,2308.91499999997,15.0,-2.4650000000001455,1.805000000000291
2024-09-26 17:00:00,2024-09-26 19:25:00,Long,2671.75,2674.7,17.69999999999891,SL Hit,2674.7,6,2326.614999999969,145.0,-4.269999999999982,5.940000000000055
2024-09-26 22:25:00,2024-09-26 23:20:00,Long,2672.4224999999997,2671.91,-2.0499999999992724,SL Hit,2671.91,4,2324.5649999999696,55.0,-1.0224999999995816,0.2375000000001819
2024-09-27 01:20:00,2024-09-27 01:30:00,Long,2669.97,2669.97,0.0,SL Hit,2669.97,1,2324.5649999999696,10.0,-0.8699999999998909,2.480000000000018
2024-09-27 02:45:00,2024-09-27 02:50:00,Long,2669.65,2669.3799999999997,-0.27000000000043656,SL Hit,2669.3799999999997,1,2324.294999999969,5.0,-0.38999999999987267,0.5199999999999818
2024-09-27 04:45:00,2024-09-27 05:00:00,Short,2670.5,2670.5,0.0,SL Hit,2670.5,1,2324.294999999969,15.0,0.2600000000002183,-1.2300000000000182
2024-09-27 08:40:00,2024-09-27 08:50:00,Short,2663.3,2663.3,0.0,SL Hit,2663.3,1,2324.294999999969,10.0,0.33999999999969077,-1.4700000000002547
2024-09-27 09:50:00,2024-09-27 10:05:00,Long,2663.78,2663.45,-0.330000000000382,SL Hit,2663.45,1,2323.9649999999688,15.0,-1.7300000000000182,0.849999999999909
2024-09-27 10:30:00,2024-09-27 10:40:00,Long,2664.1,2663.83,-0.2699999999999818,SL Hit,2663.83,1,2323.694999999969,10.0,-1.099999999999909,0.8099999999999454
2024-09-27 10:45:00,2024-09-27 11:55:00,Long,2665.85,2666.79,2.8200000000001637,SL Hit,2666.79,3,2326.514999999969,70.0,-2.2199999999998,3.2100000000000364
2024-09-27 13:35:00,2024-09-27 16:10:00,Short,2657.4925000000003,2650.9,26.3700000000008,SL Hit,2650.9,4,2352.8849999999698,155.0,12.767499999999927,-12.452500000000327
2024-09-27 16:15:00,2024-09-27 16:45:00,Long,2651.9049999999997,2652.38,0.9500000000007276,SL Hit,2652.38,2,2353.8349999999705,30.0,-2.0649999999996,4.105000000000473
2024-09-27 16:55:00,2024-09-27 18:15:00,Short,2648.925,2647.06,3.730000000000473,SL Hit,2647.06,2,2357.564999999971,80.0,3.5850000000000364,-5.555000000000291
2024-09-27 19:15:00,2024-09-29 23:10:00,Long,2655.965,2661.0,20.139999999999418,SL Hit,2661.0,4,2377.7049999999704,3115.0,-8.845000000000255,7.6349999999997635
2024-09-30 00:00:00,2024-09-30 00:20:00,Long,2663.66,2663.0,-0.6599999999998545,SL Hit,2663.0,1,2377.0449999999705,20.0,-0.849999999999909,2.0300000000002
2024-09-30 01:05:00,2024-09-30 04:20:00,Short,2656.9900000000002,2654.92,10.350000000000819,SL Hit,2654.92,5,2387.3949999999713,195.0,6.449999999999818,-9.180000000000291
2024-09-30 04:25:00,2024-09-30 04:30:00,Long,2654.77,2654.65,-0.11999999999989086,SL Hit,2654.65,1,2387.2749999999714,5.0,-1.2399999999997817,0.6700000000000728
2024-09-30 09:10:00,2024-09-30 09:20:00,Short,2650.63,2650.8250000000003,-0.1950000000001637,SL Hit,2650.8250000000003,1,2387.0799999999713,10.0,0.2699999999999818,-2.119999999999891
2024-09-30 14:10:00,2024-09-30 14:20:00,Short,2630.89,2632.405,-1.5150000000003274,SL Hit,2632.405,1,2385.564999999971,10.0,2.450000000000273,-1.8899999999998727
2024-09-30 20:25:00,2024-09-30 23:20:00,Long,2633.8775,2634.35,1.889999999999418,SL Hit,2634.35,4,2387.4549999999704,175.0,-1.9574999999999818,1.7325000000000728
2024-10-01 00:05:00,2024-10-01 00:15:00,Long,2636.15,2635.6099999999997,-0.5400000000004184,SL Hit,2635.6099999999997,1,2386.91499999997,10.0,-0.8699999999998909,0.2899999999999636
2024-10-01 01:00:00,2024-10-01 01:15:00,Long,2635.73,2635.51,-0.4399999999995998,SL Hit,2635.51,2,2386.4749999999704,15.0,-0.32999999999992724,1.1300000000001091
2024-10-01 06:55:00,2024-10-01 07:05:00,Long,2644.8,2644.635,-0.16499999999996362,SL Hit,2644.635,1,2386.3099999999704,10.0,-0.580000000000382,0.9600000000000364
2024-10-01 09:45:00,2024-10-01 09:55:00,Short,2646.92,2648.72,-1.7999999999997272,SL Hit,2648.72,1,2384.5099999999707,10.0,2.2100000000000364,-0.8099999999999454
2024-10-01 10:30:00,2024-10-01 10:35:00,Long,2648.89,2648.71,-0.1799999999998363,SL Hit,2648.71,1,2384.329999999971,5.0,-0.5,0.5900000000001455
2024-10-01 12:00:00,2024-10-01 13:05:00,Long,2650.42,2650.2700000000004,-0.1499999999996362,SL Hit,2650.2700000000004,1,2384.179999999971,65.0,-2.25,6.079999999999927
2024-10-01 16:30:00,2024-10-01 17:30:00,Long,2667.5533333333333,2664.38,-9.519999999999527,SL Hit,2664.38,3,2374.6599999999717,60.0,-3.813333333333503,5.026666666666642
2024-10-01 17:45:00,2024-10-01 22:30:00,Short,2662.8666666666663,2662.34,3.159999999997126,SL Hit,2662.34,6,2377.819999999969,285.0,2.593333333333703,-5.266666666666424
2024-10-02 00:45:00,2024-10-02 01:15:00,Short,2658.17,2658.605,-0.43499999999994543,SL Hit,2658.605,1,2377.384999999969,30.0,0.75,-1.8200000000001637
2024-10-02 02:35:00,2024-10-02 02:50:00,Short,2659.75,2660.035,-0.2849999999998545,SL Hit,2660.035,1,2377.099999999969,15.0,0.4099999999998545,-0.9499999999998181
2024-10-02 06:35:00,2024-10-02 08:05:00,Long,2652.4266666666667,2653.58,3.4599999999995816,SL Hit,2653.58,3,2380.5599999999686,90.0,-4.516666666666879,3.133333333333212
2024-10-02 09:25:00,2024-10-02 09:35:00,Long,2653.76,2653.31,-0.45000000000027285,SL Hit,2653.31,1,2380.1099999999683,10.0,-1.7800000000002,1.5099999999997635
2024-10-02 12:05:00,2024-10-02 12:10:00,Short,2649.95,2649.95,0.0,SL Hit,2649.95,1,2380.1099999999683,5.0,0.8500000000003638,-0.7799999999997453
2024-10-02 12:25:00,2024-10-02 12:30:00,Short,2650.62,2650.62,0.0,SL Hit,2650.62,1,2380.1099999999683,5.0,0.5500000000001819,-6.199999999999818
2024-10-02 13:20:00,2024-10-02 14:25:00,Long,2657.376666666667,2653.48,-11.690000000000964,SL Hit,2653.48,3,2368.4199999999673,65.0,-4.866666666666788,4.7933333333330665
2024-10-02 16:35:00,2024-10-02 16:40:00,Short,2648.85,2649.075,-0.22499999999990905,SL Hit,2649.075,1,2368.1949999999674,5.0,0.7899999999999636,-0.42000000000007276
2024-10-02 17:15:00,2024-10-02 17:25:00,Short,2648.4,2649.1349999999998,-0.7349999999996726,SL Hit,2649.1349999999998,1,2367.4599999999677,10.0,0.9400000000000546,-1.2600000000002183
2024-10-02 18:35:00,2024-10-02 20:55:00,Long,2656.2619999999997,2657.7,7.190000000000509,SL Hit,2657.7,5,2374.6499999999683,140.0,-3.3519999999998618,3.3880000000003747
2024-10-02 22:55:00,2024-10-02 23:00:00,Long,2659.41,2659.2450000000003,-0.16499999999950887,SL Hit,2659.2450000000003,1,2374.4849999999687,5.0,-0.4099999999998545,0.8500000000003638
2024-10-02 23:25:00,2024-10-02 23:30:00,Long,2660.86,2660.71,-0.15000000000009095,SL Hit,2660.71,1,2374.3349999999687,5.0,-0.3000000000001819,0.17000000000007276
2024-10-03 00:55:00,2024-10-03 01:15:00,Short,2658.11,2658.425,-0.31500000000005457,SL Hit,2658.425,1,2374.0199999999686,20.0,0.5199999999999818,-1.3900000000003274
2024-10-03 03:00:00,2024-10-03 03:05:00,Short,2655.64,2655.745,-0.10500000000001819,SL Hit,2655.745,1,2373.9149999999686,5.0,0.44000000000005457,-0.6700000000000728
2024-10-03 06:05:00,2024-10-03 06:10:00,Short,2652.17,2653.1450000000004,-0.9750000000003638,SL Hit,2653.1450000000004,1,2372.939999999968,5.0,2.0399999999999636,-0.38999999999987267
2024-10-03 08:20:00,2024-10-03 08:35:00,Short,2644.08,2644.365,-0.2849999999998545,SL Hit,2644.365,1,2372.6549999999684,15.0,1.8699999999998909,-1.7899999999999636
2024-10-03 09:15:00,2024-10-03 09:25:00,Short,2643.64,2643.64,0.0,SL Hit,2643.64,1,2372.6549999999684,10.0,0.5399999999999636,-1.5
2024-10-03 09:40:00,2024-10-03 09:55:00,Long,2646.21,2645.1600000000003,-1.0499999999997272,SL Hit,2645.1600000000003,1,2371.6049999999686,15.0,-1.400000000000091,1.099999999999909
2024-10-03 13:20:00,2024-10-03 13:30:00,Short,2648.52,2649.3,-0.7800000000002001,SL Hit,2649.3,1,2370.8249999999684,10.0,2.5599999999999454,-4.7199999999998
2024-10-03 15:00:00,2024-10-03 15:40:00,Long,2650.14,2649.375,-0.7649999999998727,SL Hit,2649.375,1,2370.0599999999686,40.0,-1.4600000000000364,4.2400000000002365
2024-10-03 17:15:00,2024-10-03 17:20:00,Long,2660.8,2659.75,-1.050000000000182,SL Hit,2659.75,1,2369.0099999999684,5.0,-1.5600000000004002,1.0599999999999454
2024-10-03 17:55:00,2024-10-03 18:10:00,Short,2656.87,2656.87,0.0,SL Hit,2656.87,1,2369.0099999999684,15.0,1.0900000000001455,-1.1900000000000546
2024-10-03 18:40:00,2024-10-03 18:45:00,Long,2659.0,2658.7300000000005,-0.26999999999952706,SL Hit,2658.7300000000005,1,2368.739999999969,5.0,-0.8400000000001455,0.11000000000012733
2024-10-03 19:50:00,2024-10-03 23:05:00,Short,2656.5075,2656.11,1.5900000000001455,SL Hit,2656.11,4,2370.329999999969,195.0,1.9524999999998727,-2.4075000000002547
2024-10-03 23:15:00,2024-10-03 23:20:00,Long,2656.17,2656.035,-0.13500000000021828,SL Hit,2656.035,1,2370.194999999969,5.0,-0.5300000000002001,0.30999999999994543
2024-10-04 01:20:00,2024-10-04 01:30:00,Long,2657.37,2656.74,-0.6300000000001091,SL Hit,2656.74,1,2369.5649999999687,10.0,-0.650000000000091,0.930000000000291
2024-10-04 01:50:00,2024-10-04 03:40:00,Long,2659.5066666666667,2661.7,6.5799999999994725,SL Hit,2661.7,3,2376.144999999968,110.0,-1.8466666666668061,3.8433333333332484
2024-10-04 06:20:00,2024-10-04 07:45:00,Short,2663.5249999999996,2662.85,1.3499999999994543,SL Hit,2662.85,2,2377.4949999999676,85.0,2.8950000000004366,-4.734999999999673
2024-10-04 09:05:00,2024-10-04 10:15:00,Short,2658.593333333333,2658.78,-0.5600000000022192,SL Hit,2658.78,3,2376.9349999999654,70.0,1.4166666666674246,-1.6433333333329756
2024-10-04 17:40:00,2024-10-04 18:10:00,Long,2648.2200000000003,2645.85,-4.740000000000691,SL Hit,2645.85,2,2372.1949999999647,30.0,-2.3700000000003456,2.399999999999636
2024-10-06 23:25:00,2024-10-06 23:45:00,Long,2651.06,2649.7699999999995,-1.2900000000004184,SL Hit,2649.7699999999995,1,2370.9049999999643,20.0,-1.8600000000001273,0.44000000000005457
2024-10-06 23:55:00,2024-10-07 01:00:00,Short,2650.35,2651.04,-1.3800000000001091,SL Hit,2651.04,2,2369.524999999964,65.0,0.7699999999999818,-2.650000000000091
2024-10-07 05:05:00,2024-10-07 06:50:00,Short,2643.92,2643.42,1.0,SL Hit,2643.42,2,2370.524999999964,105.0,2.5799999999999272,-4.070000000000164
2024-10-07 12:00:00,2024-10-07 12:15:00,Long,2657.0550000000003,2656.81,-0.4900000000006912,SL Hit,2656.81,2,2370.0349999999635,15.0,-1.2450000000003456,2.0549999999998363
2024-10-07 14:30:00,2024-10-07 14:35:00,Short,2642.66,2642.66,0.0,SL Hit,2642.66,1,2370.0349999999635,5.0,1.9200000000000728,-1.599999999999909
2024-10-07 15:05:00,2024-10-07 15:20:00,Short,2642.45,2643.77,-1.3200000000001637,SL Hit,2643.77,1,2368.7149999999633,15.0,2.680000000000291,-2.949999999999818
2024-10-07 18:35:00,2024-10-07 22:15:00,Short,2644.0875,2642.98,4.430000000000291,SL Hit,2642.98,4,2373.1449999999636,220.0,2.0524999999997817,-4.487500000000182
2024-10-08 01:40:00,2024-10-08 01:45:00,Short,2640.68,2641.2650000000003,-0.5850000000004911,SL Hit,2641.2650000000003,1,2372.559999999963,5.0,1.4600000000000364,-0.8399999999996908
2024-10-08 05:00:00,2024-10-08 05:10:00,Short,2643.01,2643.25,-0.23999999999978172,SL Hit,2643.25,1,2372.3199999999633,10.0,0.5499999999997272,-1.5400000000004184
2024-10-08 05:30:00,2024-10-08 06:25:00,Long,2644.3599999999997,2642.71,-3.2999999999992724,SL Hit,2642.71,2,2369.019999999964,55.0,-3.049999999999727,1.9500000000002728
2024-10-08 09:40:00,2024-10-08 12:25:00,Long,2645.635,2648.59,17.729999999999563,SL Hit,2648.59,6,2386.7499999999636,165.0,-6.645000000000437,6.974999999999909
2024-10-08 12:30:00,2024-10-08 16:10:00,Short,2633.233333333333,2615.15,108.49999999999818,SL Hit,2615.15,6,2495.249999999962,220.0,15.946666666666715,-27.24333333333334
2024-10-08 18:05:00,2024-10-08 18:10:00,Short,2615.62,2615.62,0.0,SL Hit,2615.62,1,2495.249999999962,5.0,0.5399999999999636,-1.069999999999709
2024-10-08 19:10:00,2024-10-08 19:20:00,Long,2616.47,2615.7650000000003,-0.7049999999994725,SL Hit,2615.7650000000003,1,2494.5449999999623,10.0,-1.4699999999998,1.2699999999999818
2024-10-08 22:30:00,2024-10-08 23:00:00,Short,2621.6800000000003,2622.06,-0.7599999999993088,SL Hit,2622.06,2,2493.784999999963,30.0,0.919999999999618,-1.2800000000002
2024-10-09 01:20:00,2024-10-09 02:45:00,Short,2620.2225,2619.62,2.4099999999998545,SL Hit,2619.62,4,2496.194999999963,85.0,3.6775000000002365,-3.2424999999998363
2024-10-09 09:05:00,2024-10-09 09:40:00,Long,2617.0150000000003,2616.2,-1.6300000000010186,SL Hit,2616.2,2,2494.564999999962,35.0,-1.6850000000004002,1.3049999999998363
2024-10-09 12:40:00,2024-10-09 12:45:00,Short,2617.62,2617.62,0.0,SL Hit,2617.62,1,2494.564999999962,5.0,1.1199999999998909,-2.0399999999999636
2024-10-09 14:15:00,2024-10-09 14:25:00,Short,2609.7,2609.7,0.0,SL Hit,2609.7,1,2494.564999999962,10.0,0.6900000000000546,-2.099999999999909
2024-10-09 15:00:00,2024-10-09 15:50:00,Long,2612.67,2612.19,-0.9600000000000364,SL Hit,2612.19,2,2493.604999999962,50.0,-2.8400000000001455,5.119999999999891
2024-10-09 17:50:00,2024-10-09 18:15:00,Long,2608.425,2606.96,-2.930000000000291,SL Hit,2606.96,2,2490.6749999999615,25.0,-1.5350000000003092,2.4849999999996726
2024-10-09 22:05:00,2024-10-09 22:10:00,Long,2605.29,2604.795,-0.49499999999989086,Bearish Trade Reversal,2604.795,1,2490.1799999999616,5.0,-0.32999999999992724,1.7100000000000364
2024-10-09 22:10:00,2024-10-09 23:00:00,Short,2606.29,2607.205,-0.9149999999999636,SL Hit,2607.205,1,2489.2649999999617,50.0,2.3200000000001637,-0.6900000000000546
2024-10-09 23:45:00,2024-10-09 23:50:00,Short,2608.56,2608.56,0.0,SL Hit,2608.56,1,2489.2649999999617,5.0,0.25,-0.38000000000010914
2024-10-10 00:35:00,2024-10-10 01:05:00,Long,2609.3999999999996,2609.06,-0.6799999999993815,SL Hit,2609.06,2,2488.5849999999623,30.0,-1.3999999999996362,1.0200000000004366
2024-10-10 01:10:00,2024-10-10 01:15:00,Short,2609.72,2609.72,0.0,SL Hit,2609.72,1,2488.5849999999623,5.0,1.1700000000000728,-0.7099999999995816
2024-10-10 10:40:00,2024-10-10 11:05:00,Long,2616.86,2616.725,-0.13500000000021828,SL Hit,2616.725,1,2488.449999999962,25.0,-0.3400000000001455,1.9699999999998
2024-10-10 13:55:00,2024-10-10 14:05:00,Long,2625.75,2625.75,0.0,SL Hit,2625.75,1,2488.449999999962,10.0,-1.0,3.550000000000182
2024-10-10 15:00:00,2024-10-10 16:00:00,Short,2623.1549999999997,2624.36,-4.820000000001528,SL Hit,2624.36,4,2483.6299999999605,60.0,2.6550000000002,-4.054999999999836
2024-10-10 19:10:00,2024-10-10 19:50:00,Long,2628.45,2628.45,0.0,SL Hit,2628.45,1,2483.6299999999605,40.0,-0.08999999999969077,2.8100000000004
2024-10-10 20:30:00,2024-10-10 20:40:00,Long,2630.71,2628.99,-3.4400000000005093,SL Hit,2628.99,2,2480.18999999996,10.0,-1.9400000000000546,0.650000000000091
2024-10-10 20:45:00,2024-10-10 20:55:00,Short,2629.39,2629.795,-0.4050000000002001,SL Hit,2629.795,1,2479.78499999996,10.0,0.599999999999909,-0.34999999999990905
2024-10-11 01:00:00,2024-10-11 01:05:00,Long,2633.94,2633.625,-0.31500000000005457,SL Hit,2633.625,1,2479.46999999996,5.0,-0.9400000000000546,1.5900000000001455
2024-10-11 04:40:00,2024-10-11 05:10:00,Long,2645.37,2644.0,-2.7399999999997817,SL Hit,2644.0,2,2476.72999999996,30.0,-2.1700000000000728,0.5900000000001455
2024-10-11 05:15:00,2024-10-11 05:35:00,Short,2644.385,2644.84,-0.9099999999998545,SL Hit,2644.84,2,2475.81999999996,20.0,1.2549999999996544,-1.275000000000091
2024-10-11 10:10:00,2024-10-11 10:25:00,Short,2637.3450000000003,2638.59,-2.4899999999997817,SL Hit,2638.59,2,2473.3299999999604,15.0,1.5049999999996544,-0.34500000000025466
2024-10-11 14:20:00,2024-10-11 16:40:00,Long,2656.23,2658.42,10.950000000000273,SL Hit,2658.42,5,2484.2799999999606,140.0,-5.929999999999836,5.059999999999945
2024-10-11 16:50:00,2024-10-11 16:55:00,Short,2659.5,2659.5,0.0,SL Hit,2659.5,1,2484.2799999999606,5.0,0.5500000000001819,-1.6700000000000728
2024-10-11 17:55:00,2024-10-11 18:05:00,Long,2657.8,2657.8,0.0,SL Hit,2657.8,1,2484.2799999999606,10.0,-1.1000000000003638,1.9800000000000182
2024-10-14 01:45:00,2024-10-14 01:50:00,Long,2646.21,2646.21,0.0,SL Hit,2646.21,1,2484.2799999999606,5.0,-1.699999999999818,1.8099999999999454
2024-10-14 03:40:00,2024-10-14 03:45:00,Long,2656.36,2656.36,0.0,SL Hit,2656.36,1,2484.2799999999606,5.0,-0.03999999999996362,0.8799999999996544
2024-10-14 06:20:00,2024-10-14 07:10:00,Long,2661.425,2662.7,2.5499999999992724,SL Hit,2662.7,2,2486.82999999996,50.0,-2.605000000000018,4.914999999999964
2024-10-14 07:20:00,2024-10-14 09:05:00,Short,2661.39,2660.47,2.7600000000002183,SL Hit,2660.47,3,2489.58999999996,105.0,1.900000000000091,-2.8799999999996544
2024-10-14 09:45:00,2024-10-14 10:10:00,Short,2658.825,2659.81,-1.9700000000002547,SL Hit,2659.81,2,2487.61999999996,25.0,1.8350000000000364,-1.324999999999818
2024-10-14 10:15:00,2024-10-14 10:25:00,Long,2658.8,2657.735,-1.0650000000000546,SL Hit,2657.735,1,2486.55499999996,10.0,-1.650000000000091,1.0899999999996908
2024-10-14 10:55:00,2024-10-14 12:25:00,Short,2654.46,2653.8,1.9799999999995634,SL Hit,2653.8,3,2488.5349999999594,90.0,3.1399999999998727,-3.3200000000001637
2024-10-14 13:15:00,2024-10-14 13:20:00,Short,2649.73,2650.105,-0.375,SL Hit,2650.105,1,2488.1599999999594,5.0,2.0300000000002,-1.7100000000000364
2024-10-14 14:25:00,2024-10-14 14:35:00,Short,2650.81,2650.81,0.0,SL Hit,2650.81,1,2488.1599999999594,10.0,0.22000000000025466,-2.7599999999997635
2024-10-14 15:05:00,2024-10-14 15:10:00,Short,2646.98,2647.985,-1.0050000000001091,SL Hit,2647.985,1,2487.1549999999593,5.0,1.3099999999999454,-1.4400000000000546
2024-10-14 16:00:00,2024-10-14 16:05:00,Short,2646.42,2646.6899999999996,-0.26999999999952706,SL Hit,2646.6899999999996,1,2486.8849999999597,5.0,0.4800000000000182,-0.5799999999999272
2024-10-14 16:40:00,2024-10-14 17:35:00,Long,2648.816666666667,2647.5,-3.9500000000011823,SL Hit,2647.5,3,2482.9349999999586,55.0,-1.4166666666669698,0.8733333333329938
2024-10-14 17:40:00,2024-10-14 18:25:00,Short,2648.6099999999997,2649.69,-2.160000000000764,SL Hit,2649.69,2,2480.774999999958,45.0,1.6400000000003274,-2.2099999999995816
2024-10-14 19:05:00,2024-10-14 19:15:00,Short,2649.925,2650.85,-1.8499999999994543,SL Hit,2650.85,2,2478.9249999999583,10.0,1.3449999999998,-0.6649999999999636
2024-10-15 00:55:00,2024-10-15 01:00:00,Short,2648.55,2648.85,-0.29999999999972715,SL Hit,2648.85,1,2478.6249999999586,5.0,0.8299999999999272,-0.4800000000000182
2024-10-15 04:30:00,2024-10-15 04:40:00,Short,2644.38,2644.38,0.0,SL Hit,2644.38,1,2478.6249999999586,10.0,0.6700000000000728,-1.4800000000000182
2024-10-15 09:30:00,2024-10-15 09:45:00,Long,2653.13,2652.8599999999997,-0.27000000000043656,SL Hit,2652.8599999999997,1,2478.354999999958,15.0,-0.7300000000000182,1.4099999999998545
2024-10-15 10:15:00,2024-10-15 11:05:00,Long,2654.92,2652.71,-4.420000000000073,SL Hit,2652.71,2,2473.934999999958,50.0,-2.269999999999982,1.5399999999999636
2024-10-15 16:55:00,2024-10-15 17:40:00,Short,2662.29,2663.2650000000003,-0.9750000000003638,SL Hit,2663.2650000000003,1,2472.9599999999577,45.0,1.550000000000182,-3.25
2024-10-15 19:20:00,2024-10-15 19:30:00,Long,2665.01,2665.01,0.0,SL Hit,2665.01,1,2472.9599999999577,10.0,-0.75,1.2399999999997817
2024-10-15 23:10:00,2024-10-15 23:35:00,Short,2661.52,2661.745,-0.22499999999990905,SL Hit,2661.745,1,2472.734999999958,25.0,0.8000000000001819,-1.2199999999998
2024-10-16 01:50:00,2024-10-16 02:50:00,Long,2665.705,2665.64,-0.13000000000010914,SL Hit,2665.64,2,2472.6049999999577,60.0,-1.4249999999997272,3.5349999999998545
2024-10-16 04:30:00,2024-10-16 07:15:00,Long,2669.282,2673.8,22.590000000000146,SL Hit,2673.8,5,2495.194999999958,165.0,-3.782000000000153,8.147999999999683
2024-10-16 07:20:00,2024-10-16 07:25:00,Short,2675.43,2675.43,0.0,SL Hit,2675.43,1,2495.194999999958,5.0,0.12000000000034561,-2.2100000000000364
2024-10-16 07:30:00,2024-10-16 07:45:00,Short,2675.09,2675.66,-1.139999999999418,SL Hit,2675.66,2,2494.0549999999585,15.0,1.0399999999999636,-1.1400000000003274
2024-10-16 08:25:00,2024-10-16 10:05:00,Long,2678.956666666667,2678.21,-2.240000000000691,SL Hit,2678.21,3,2491.8149999999578,100.0,-3.0366666666668607,3.433333333332939
2024-10-16 12:35:00,2024-10-16 13:45:00,Long,2680.43,2680.41,-0.05999999999994543,SL Hit,2680.41,3,2491.754999999958,70.0,-2.9400000000000546,4.640000000000327
2024-10-16 16:50:00,2024-10-16 18:40:00,Long,2674.2066666666665,2674.7,1.4800000000000182,SL Hit,2674.7,3,2493.234999999958,110.0,-2.5566666666663878,2.313333333333503
2024-10-17 00:05:00,2024-10-17 02:35:00,Long,2678.406,2681.29,14.420000000000073,SL Hit,2681.29,5,2507.654999999958,150.0,-3.8159999999998035,6.2840000000001055
2024-10-17 07:00:00,2024-10-17 07:10:00,Short,2681.48,2681.48,0.0,SL Hit,2681.48,1,2507.654999999958,10.0,1.1399999999998727,-2.269999999999982
2024-10-17 09:00:00,2024-10-17 10:05:00,Short,2680.9300000000003,2681.09,-0.31999999999970896,SL Hit,2681.09,2,2507.334999999958,65.0,0.9399999999995998,-3.830000000000382
2024-10-17 12:35:00,2024-10-17 12:45:00,Short,2676.13,2677.87,-1.7399999999997817,SL Hit,2677.87,1,2505.5949999999584,10.0,1.7799999999997453,-2.119999999999891
2024-10-17 13:45:00,2024-10-17 16:25:00,Long,2689.194,2687.81,-6.920000000000073,SL Hit,2687.81,5,2498.6749999999583,160.0,-4.083999999999833,7.326000000000022
2024-10-17 17:45:00,2024-10-17 19:10:00,Short,2691.045,2690.89,0.6200000000008004,SL Hit,2690.89,4,2499.294999999959,85.0,3.005000000000109,-2.9450000000001637
2024-10-17 22:20:00,2024-10-17 23:00:00,Long,2692.5066666666667,2691.5,-3.019999999999982,SL Hit,2691.5,3,2496.274999999959,40.0,-1.5066666666666606,0.43333333333339397
2024-10-17 23:25:00,2024-10-17 23:30:00,Short,2692.36,2692.36,0.0,SL Hit,2692.36,1,2496.274999999959,5.0,0.30999999999994543,-0.2300000000000182
2024-10-18 00:40:00,2024-10-18 00:50:00,Long,2693.66,2693.42,-0.23999999999978172,SL Hit,2693.42,1,2496.0349999999594,10.0,-0.7300000000000182,0.75
2024-10-18 03:15:00,2024-10-18 03:25:00,Short,2708.14,2709.0700000000006,-0.9300000000007458,SL Hit,2709.0700000000006,1,2495.1049999999586,10.0,1.1300000000001091,-1.6399999999998727
2024-10-18 06:10:00,2024-10-18 07:10:00,Short,2708.015,2707.29,1.449999999999818,SL Hit,2707.29,2,2496.5549999999585,60.0,3.425000000000182,-5.154999999999745
2024-10-18 08:35:00,2024-10-18 08:40:00,Short,2703.11,2703.11,0.0,SL Hit,2703.11,1,2496.5549999999585,5.0,1.2899999999999636,-1.2100000000000364
2024-10-18 10:05:00,2024-10-18 10:10:00,Short,2712.39,2712.615,-0.22499999999990905,SL Hit,2712.615,1,2496.3299999999585,5.0,0.2800000000002001,-1.1399999999998727
2024-10-18 12:25:00,2024-10-18 12:50:00,Long,2712.86,2711.885,-0.974999999999909,SL Hit,2711.885,1,2495.3549999999586,25.0,-1.849999999999909,3.7799999999997453
2024-10-18 15:50:00,2024-10-18 16:05:00,Short,2715.46,2716.57,-2.2200000000002547,SL Hit,2716.57,2,2493.1349999999584,15.0,2.6700000000000728,-1.1599999999998545
2024-10-18 16:15:00,2024-10-18 16:30:00,Long,2716.835,2715.95,-1.7700000000004366,SL Hit,2715.95,2,2491.364999999958,15.0,-1.0349999999998545,0.8649999999997817
2024-10-18 16:35:00,2024-10-18 16:55:00,Short,2715.855,2717.7,-3.6899999999996,SL Hit,2717.7,2,2487.6749999999583,20.0,1.925000000000182,-0.5850000000000364
2024-10-18 17:00:00,2024-10-18 17:15:00,Long,2717.61,2717.2650000000003,-0.3449999999997999,SL Hit,2717.2650000000003,1,2487.3299999999585,15.0,-0.45000000000027285,1.9200000000000728
2024-10-21 00:25:00,2024-10-21 00:30:00,Short,2723.77,2724.0699999999997,-0.29999999999972715,SL Hit,2724.0699999999997,1,2487.029999999959,5.0,1.1100000000001273,-1.300000000000182
2024-10-21 01:10:00,2024-10-21 02:10:00,Long,2726.806666666667,2725.87,-2.810000000000855,SL Hit,2725.87,3,2484.219999999958,60.0,-1.896666666666988,2.08333333333303
2024-10-21 02:25:00,2024-10-21 02:30:00,Long,2728.25,2728.25,0.0,SL Hit,2728.25,1,2484.219999999958,5.0,-0.8600000000001273,1.4099999999998545
2024-10-21 04:35:00,2024-10-21 06:45:00,Short,2728.734,2727.76,4.869999999998527,SL Hit,2727.76,5,2489.0899999999565,130.0,2.005999999999858,-5.2039999999997235
2024-10-21 08:25:00,2024-10-21 08:45:00,Long,2731.64,2731.64,0.0,SL Hit,2731.64,1,2489.0899999999565,20.0,-1.0099999999997635,1.3400000000001455
2024-10-21 11:40:00,2024-10-21 11:50:00,Long,2735.97,2735.97,0.0,SL Hit,2735.97,1,2489.0899999999565,10.0,-0.9599999999995816,1.9400000000000546
2024-10-21 12:35:00,2024-10-21 12:55:00,Long,2737.72,2737.045,-0.6749999999997272,SL Hit,2737.045,1,2488.4149999999568,20.0,-0.7599999999997635,1.7300000000000182
2024-10-21 13:15:00,2024-10-21 13:25:00,Long,2737.11,2736.1949999999997,-0.9150000000004184,SL Hit,2736.1949999999997,1,2487.4999999999563,10.0,-1.2400000000002365,1.349999999999909
2024-10-21 13:35:00,2024-10-21 13:45:00,Short,2738.61,2739.96,-1.349999999999909,SL Hit,2739.96,1,2486.1499999999564,10.0,1.849999999999909,-1.5399999999999636
2024-10-21 13:50:00,2024-10-21 14:00:00,Long,2737.39,2737.39,0.0,SL Hit,2737.39,1,2486.1499999999564,10.0,-2.3799999999996544,2.5700000000001637
2024-10-21 16:20:00,2024-10-21 16:30:00,Short,2720.21,2720.21,0.0,SL Hit,2720.21,1,2486.1499999999564,10.0,1.9800000000000182,-1.9099999999998545
2024-10-21 18:05:00,2024-10-21 19:50:00,Short,2720.4133333333334,2720.61,-0.5900000000001455,SL Hit,2720.61,3,2485.5599999999563,105.0,2.1266666666665515,-7.013333333333321
2024-10-21 23:15:00,2024-10-21 23:20:00,Long,2721.23,2721.095,-0.13500000000021828,SL Hit,2721.095,1,2485.424999999956,5.0,-0.8299999999999272,0.3200000000001637
2024-10-21 23:25:00,2024-10-21 23:30:00,Long,2721.14,2721.14,0.0,SL Hit,2721.14,1,2485.424999999956,5.0,-0.44000000000005457,1.2200000000002547
2024-10-22 00:05:00,2024-10-22 02:00:00,Long,2724.572,2727.79,16.089999999999236,SL Hit,2727.79,5,2501.5149999999553,115.0,-3.1720000000000255,5.507999999999811
2024-10-22 03:05:00,2024-10-22 05:10:00,Long,2731.76,2733.61,7.399999999999636,SL Hit,2733.61,4,2508.914999999955,125.0,-1.8400000000001455,4.0
2024-10-22 05:15:00,2024-10-22 06:20:00,Short,2733.94,2734.4,-0.9200000000000728,SL Hit,2734.4,2,2507.994999999955,65.0,2.2399999999997817,-4.630000000000109
2024-10-22 08:10:00,2024-10-22 08:15:00,Short,2733.66,2734.2450000000003,-0.5850000000004911,SL Hit,2734.2450000000003,1,2507.4099999999544,5.0,1.6900000000000546,-1.5
2024-10-22 13:15:00,2024-10-22 13:55:00,Long,2738.0950000000003,2737.56,-1.0700000000006185,SL Hit,2737.56,2,2506.3399999999538,40.0,-2.6350000000002183,3.794999999999618
2024-10-22 14:50:00,2024-10-22 15:35:00,Long,2741.08,2740.86,-0.4399999999995998,SL Hit,2740.86,2,2505.899999999954,45.0,-1.4299999999998363,2.980000000000018
2024-10-22 17:50:00,2024-10-22 18:00:00,Long,2746.27,2746.27,0.0,SL Hit,2746.27,1,2505.899999999954,10.0,-0.40000000000009095,0.7800000000002001
2024-10-22 20:50:00,2024-10-22 22:00:00,Long,2748.11,2747.8999999999996,-0.21000000000049113,SL Hit,2747.8999999999996,1,2505.6899999999537,70.0,-1.1600000000003092,0.5399999999999636
2024-10-22 23:35:00,2024-10-22 23:40:00,Long,2747.19,2747.085,-0.10500000000001819,SL Hit,2747.085,1,2505.5849999999537,5.0,-0.8299999999999272,0.15000000000009095
2024-10-23 00:40:00,2024-10-23 00:45:00,Short,2745.37,2745.505,-0.13500000000021828,SL Hit,2745.505,1,2505.4499999999534,5.0,0.34999999999990905,-0.4699999999997999
2024-10-23 02:40:00,2024-10-23 05:25:00,Long,2741.9950000000003,2748.95,27.81999999999789,SL Hit,2748.95,4,2533.2699999999513,165.0,-3.6350000000002183,8.764999999999873
2024-10-23 08:10:00,2024-10-23 09:05:00,Long,2756.2,2755.61,-1.1799999999993815,SL Hit,2755.61,2,2532.089999999952,55.0,-1.3999999999996362,2.0
2024-10-23 09:10:00,2024-10-23 11:15:00,Short,2751.71,2751.75,-0.15999999999985448,SL Hit,2751.75,4,2531.929999999952,125.0,3.6900000000000546,-2.8099999999999454
2024-10-23 15:05:00,2024-10-23 15:50:00,Short,2718.03,2719.515,-1.4849999999996726,SL Hit,2719.515,1,2530.4449999999524,45.0,3.0099999999997635,-9.430000000000291
2024-10-23 19:40:00,2024-10-23 19:50:00,Long,2716.67,2716.67,0.0,SL Hit,2716.67,1,2530.4449999999524,10.0,-0.7000000000002728,1.5399999999999636
2024-10-23 22:15:00,2024-10-24 02:05:00,Long,2719.831666666667,2721.9,12.409999999998945,SL Hit,2721.9,6,2542.8549999999514,230.0,-4.631666666667115,6.4683333333332484
2024-10-24 02:10:00,2024-10-24 02:50:00,Short,2723.69,2724.0199999999995,-0.3299999999994725,SL Hit,2724.0199999999995,1,2542.524999999952,40.0,0.32999999999992724,-3.8899999999998727
2024-10-24 03:50:00,2024-10-24 03:55:00,Short,2723.03,2723.03,0.0,SL Hit,2723.03,1,2542.524999999952,5.0,0.02999999999974534,-1.0199999999999818
2024-10-24 04:15:00,2024-10-24 07:45:00,Long,2729.7816666666668,2734.2,26.5099999999984,SL Hit,2734.2,6,2569.0349999999503,210.0,-6.571666666666715,7.098333333333358
2024-10-24 12:40:00,2024-10-24 13:45:00,Long,2739.9900000000002,2736.7,-9.870000000001255,SL Hit,2736.7,3,2559.164999999949,65.0,-4.5300000000002,3.2199999999998
2024-10-24 17:40:00,2024-10-24 18:45:00,Long,2735.3599999999997,2735.25,-0.4399999999986903,SL Hit,2735.25,4,2558.7249999999503,65.0,-1.0599999999994907,2.2500000000004547
2024-10-24 18:50:00,2024-10-25 01:10:00,Short,2735.0162499999997,2733.64,11.0099999999984,SL Hit,2733.64,8,2569.7349999999487,380.0,1.643750000000182,-3.776249999999891
2024-10-25 02:35:00,2024-10-25 02:50:00,Short,2727.81,2728.1100000000006,-0.30000000000063665,SL Hit,2728.1100000000006,1,2569.434999999948,15.0,0.45000000000027285,-2.2100000000000364
2024-10-25 04:15:00,2024-10-25 04:20:00,Long,2726.11,2726.11,0.0,SL Hit,2726.11,1,2569.434999999948,5.0,-0.8800000000001091,0.7199999999997999
2024-10-25 04:40:00,2024-10-25 04:50:00,Short,2725.79,2726.2400000000002,-0.45000000000027285,SL Hit,2726.2400000000002,1,2568.984999999948,10.0,0.9499999999998181,-0.8099999999999454
2024-10-25 06:35:00,2024-10-25 07:30:00,Long,2728.9700000000003,2728.95,-0.040000000000873115,SL Hit,2728.95,2,2568.944999999947,55.0,-1.2600000000002183,3.3599999999996726
2024-10-25 09:35:00,2024-10-25 09:40:00,Short,2717.91,2718.4350000000004,-0.5250000000005457,SL Hit,2718.4350000000004,1,2568.4199999999464,5.0,2.1600000000003092,-0.6299999999996544
2024-10-25 11:05:00,2024-10-25 15:40:00,Long,2730.0912499999995,2737.02,55.43000000000393,SL Hit,2737.02,8,2623.8499999999503,275.0,-8.56124999999929,11.68875000000071
2024-10-25 15:45:00,2024-10-25 16:35:00,Short,2737.815,2738.69,-1.75,SL Hit,2738.69,2,2622.0999999999503,50.0,0.974999999999909,-4.7150000000001455
2024-10-25 16:40:00,2024-10-25 16:45:00,Long,2736.9,2736.9,0.0,SL Hit,2736.9,1,2622.0999999999503,5.0,-0.6300000000001091,1.8099999999999454
2024-10-25 18:40:00,2024-10-25 19:30:00,Short,2742.2799999999997,2741.75,1.0599999999994907,SL Hit,2741.75,2,2623.15999999995,50.0,1.4200000000000728,-2.1799999999998363
2024-10-28 00:05:00,2024-10-28 01:45:00,Short,2731.6800000000003,2728.89,8.370000000001255,SL Hit,2728.89,3,2631.529999999951,100.0,4.199999999999818,-7.170000000000073
2024-10-28 03:05:00,2024-10-28 05:10:00,Short,2733.153333333333,2734.1,-2.8400000000001455,SL Hit,2734.1,3,2628.689999999951,125.0,1.2866666666668607,-3.9433333333331575
2024-10-28 05:15:00,2024-10-28 06:55:00,Long,2737.0975000000003,2740.62,14.089999999998327,SL Hit,2740.62,4,2642.7799999999493,100.0,-5.887500000000273,7.262499999999818
2024-10-28 09:10:00,2024-10-28 10:25:00,Short,2731.6425,2731.07,2.289999999999054,SL Hit,2731.07,4,2645.0699999999483,75.0,2.1975000000002183,-3.432499999999891
2024-10-28 11:45:00,2024-10-28 12:50:00,Long,2732.3366666666666,2731.9,-1.3099999999994907,SL Hit,2731.9,3,2643.759999999949,65.0,-1.6366666666667697,2.313333333333503
2024-10-28 14:50:00,2024-10-28 15:00:00,Long,2744.16,2743.4399999999996,-0.7200000000002547,SL Hit,2743.4399999999996,1,2643.0399999999486,10.0,-3.1700000000000728,1.3200000000001637
2024-10-28 18:25:00,2024-10-28 18:40:00,Short,2740.44,2740.995,-0.5549999999998363,SL Hit,2740.995,1,2642.4849999999487,15.0,1.3699999999998909,-0.34999999999990905
2024-10-28 19:30:00,2024-10-28 19:35:00,Long,2742.33,2742.33,0.0,SL Hit,2742.33,1,2642.4849999999487,5.0,-0.25,0.7600000000002183
2024-10-28 23:05:00,2024-10-28 23:30:00,Long,2741.725,2740.6,-2.25,SL Hit,2740.6,2,2640.2349999999487,25.0,-1.724999999999909,0.9250000000001819
2024-10-29 00:55:00,2024-10-29 02:35:00,Long,2750.8619999999996,2754.31,17.2400000000016,SL Hit,2754.31,5,2657.4749999999503,100.0,-5.861999999999625,6.418000000000575
2024-10-29 05:50:00,2024-10-29 06:20:00,Short,2752.53,2752.6349999999998,-0.10499999999956344,SL Hit,2752.6349999999998,1,2657.369999999951,30.0,0.4299999999998363,-3.5100000000002183
2024-10-29 06:45:00,2024-10-29 07:25:00,Long,2753.8100000000004,2753.84,0.05999999999949068,SL Hit,2753.84,2,2657.4299999999503,40.0,-0.7400000000002365,2.549999999999727
2024-10-29 09:20:00,2024-10-29 09:25:00,Long,2755.5,2755.5,0.0,SL Hit,2755.5,1,2657.4299999999503,5.0,-1.1700000000000728,0.9099999999998545
2024-10-29 09:35:00,2024-10-29 11:15:00,Short,2751.523333333333,2751.08,1.3299999999994725,SL Hit,2751.08,3,2658.7599999999497,100.0,2.2866666666668607,-4.223333333332903
2024-10-29 11:45:00,2024-10-29 12:55:00,Long,2751.1549999999997,2749.07,-4.169999999999163,SL Hit,2749.07,2,2654.5899999999506,70.0,-2.0949999999998,2.105000000000473
2024-10-29 18:55:00,2024-10-29 19:00:00,Long,2772.78,2772.645,-0.13500000000021828,SL Hit,2772.645,1,2654.4549999999504,5.0,-1.180000000000291,1.319999999999709
2024-10-29 23:20:00,2024-10-29 23:50:00,Short,2773.875,2774.66,-1.569999999999709,SL Hit,2774.66,2,2652.8849999999507,30.0,1.1649999999999636,-1.775000000000091
2024-10-30 01:05:00,2024-10-30 01:10:00,Long,2778.2,2777.3150000000005,-0.8849999999993088,SL Hit,2777.3150000000005,1,2651.9999999999513,5.0,-1.199999999999818,0.7300000000000182
2024-10-30 01:15:00,2024-10-30 01:30:00,Short,2778.05,2778.38,-0.32999999999992724,SL Hit,2778.38,1,2651.6699999999514,15.0,0.7300000000000182,-1.0199999999999818
2024-10-30 08:40:00,2024-10-30 09:00:00,Short,2781.46,2782.21,-0.75,SL Hit,2782.21,1,2650.9199999999514,20.0,1.1199999999998909,-1.9800000000000182
2024-10-30 11:20:00,2024-10-30 11:25:00,Short,2780.97,2780.985,-0.015000000000327418,SL Hit,2780.985,1,2650.904999999951,5.0,0.43000000000029104,-0.6399999999998727
2024-10-30 12:45:00,2024-10-30 13:25:00,Long,2781.31,2781.0249999999996,-0.28500000000030923,SL Hit,2781.0249999999996,1,2650.619999999951,40.0,-1.7899999999999636,6.0900000000001455
2024-10-30 14:45:00,2024-10-30 15:00:00,Long,2780.34,2777.34,-3.0,SL Hit,2777.34,1,2647.619999999951,15.0,-3.6200000000003456,0.9899999999997817
2024-10-30 18:40:00,2024-10-30 18:50:00,Short,2788.23,2788.485,-0.25500000000010914,SL Hit,2788.485,1,2647.3649999999507,10.0,0.6599999999998545,-1.5300000000002
2024-10-30 18:55:00,2024-10-30 20:45:00,Short,2787.105,2787.71,-2.4200000000000728,SL Hit,2787.71,4,2644.9449999999506,110.0,1.4650000000001455,-3.105000000000018
2024-10-30 23:45:00,2024-10-31 00:15:00,Short,2786.4,2786.79,-0.7799999999997453,SL Hit,2786.79,2,2644.164999999951,30.0,1.6199999999998909,-1.7100000000000364
2024-10-31 03:35:00,2024-10-31 05:20:00,Short,2785.2650000000003,2784.96,0.6100000000005821,SL Hit,2784.96,2,2644.7749999999514,105.0,1.5649999999995998,-3.0250000000005457
2024-10-31 05:35:00,2024-10-31 05:50:00,Short,2783.19,2784.4049999999997,-1.2149999999996908,SL Hit,2784.4049999999997,1,2643.5599999999517,15.0,1.2899999999999636,-0.49000000000023647
2024-10-31 08:05:00,2024-10-31 08:50:00,Short,2779.736666666666,2779.32,1.249999999998181,SL Hit,2779.32,3,2644.80999999995,45.0,2.343333333333703,-2.586666666666133
2024-10-31 09:00:00,2024-10-31 10:00:00,Long,2778.066666666667,2777.2,-2.600000000001728,SL Hit,2777.2,3,2642.209999999948,60.0,-1.1366666666672245,1.853333333333012
2024-10-31 10:40:00,2024-10-31 11:25:00,Long,2779.62,2777.9850000000006,-1.6349999999993088,SL Hit,2777.9850000000006,1,2640.574999999949,45.0,-2.230000000000018,2.769999999999982
2024-10-31 14:35:00,2024-10-31 15:55:00,Short,2742.255,2740.18,4.150000000000546,SL Hit,2740.18,2,2644.7249999999494,80.0,5.264999999999873,-10.28500000000031
2024-10-31 17:50:00,2024-10-31 18:00:00,Short,2739.09,2739.6299999999997,-0.5399999999995089,SL Hit,2739.6299999999997,1,2644.18499999995,10.0,1.4800000000000182,-0.6900000000000546
2024-10-31 18:25:00,2024-10-31 19:35:00,Long,2744.9666666666667,2747.2,6.699999999999363,SL Hit,2747.2,3,2650.8849999999493,70.0,-4.466666666666697,4.333333333333485
2024-10-31 23:30:00,2024-10-31 23:45:00,Long,2747.11,2746.8999999999996,-0.21000000000049113,SL Hit,2746.8999999999996,1,2650.674999999949,15.0,-0.8200000000001637,0.6999999999998181
2024-11-01 00:30:00,2024-11-01 00:45:00,Short,2746.12,2746.7650000000003,-0.6450000000004366,SL Hit,2746.7650000000003,1,2650.0299999999484,15.0,0.7300000000000182,-0.7799999999997453
2024-11-01 00:50:00,2024-11-01 01:05:00,Short,2745.895,2746.85,-1.9099999999998545,SL Hit,2746.85,2,2648.1199999999485,15.0,1.1150000000002365,-1.7950000000000728
2024-11-01 01:10:00,2024-11-01 01:15:00,Long,2746.91,2746.4900000000002,-0.419999999999618,SL Hit,2746.4900000000002,1,2647.699999999949,5.0,-1.0099999999997635,0.5700000000001637
2024-11-01 03:25:00,2024-11-01 04:35:00,Long,2750.733333333333,2750.2,-1.599999999999909,SL Hit,2750.2,3,2646.099999999949,70.0,-1.9933333333333394,1.2066666666669335
2024-11-01 06:40:00,2024-11-01 08:10:00,Short,2751.116666666667,2751.72,-1.809999999999036,SL Hit,2751.72,3,2644.28999999995,90.0,2.2433333333333394,-3.9566666666669335
2024-11-01 09:00:00,2024-11-01 09:05:00,Short,2753.87,2753.87,0.0,SL Hit,2753.87,1,2644.28999999995,5.0,0.9500000000002728,-2.569999999999709
2024-11-01 09:20:00,2024-11-01 09:25:00,Long,2752.95,2752.4400000000005,-0.5099999999993088,SL Hit,2752.4400000000005,1,2643.7799999999506,5.0,-0.6799999999998363,0.7200000000002547
2024-11-01 11:15:00,2024-11-01 12:00:00,Long,2752.4049999999997,2751.85,-1.1099999999996726,SL Hit,2751.85,2,2642.669999999951,45.0,-0.8649999999997817,1.425000000000182
2024-11-01 15:15:00,2024-11-01 15:50:00,Long,2748.0,2743.21,-9.579999999999927,SL Hit,2743.21,2,2633.089999999951,35.0,-4.880000000000109,1.8699999999998909
2024-11-01 17:25:00,2024-11-01 18:35:00,Short,2738.06,2737.62,0.8800000000001091,SL Hit,2737.62,2,2633.969999999951,70.0,2.4099999999998545,-4.860000000000127
2024-11-01 18:45:00,2024-11-01 18:55:00,Long,2736.65,2736.125,-0.525000000000091,SL Hit,2736.125,1,2633.444999999951,10.0,-1.349999999999909,0.7799999999997453
2024-11-01 20:45:00,2024-11-03 23:00:00,Long,2734.58,2734.46,-0.11999999999989086,SL Hit,2734.46,1,2633.324999999951,3015.0,-3.6700000000000728,12.11999999999989
2024-11-04 01:10:00,2024-11-04 01:15:00,Short,2736.46,2736.925,-0.4650000000001455,SL Hit,2736.925,1,2632.859999999951,5.0,1.2699999999999818,-1.2600000000002183
2024-11-04 03:35:00,2024-11-04 03:45:00,Long,2741.09,2740.8050000000003,-0.2849999999998545,SL Hit,2740.8050000000003,1,2632.574999999951,10.0,-0.6300000000001091,1.1900000000000546
2024-11-04 04:10:00,2024-11-04 04:35:00,Short,2741.4049999999997,2741.78,-0.7500000000009095,SL Hit,2741.78,2,2631.8249999999503,25.0,0.37500000000045475,-1.694999999999709
2024-11-04 12:15:00,2024-11-04 12:20:00,Long,2740.89,2740.83,-0.05999999999994543,SL Hit,2740.83,1,2631.7649999999503,5.0,-0.7100000000000364,1.1700000000000728
2024-11-04 12:55:00,2024-11-04 13:05:00,Long,2742.45,2742.255,-0.19499999999970896,SL Hit,2742.255,1,2631.5699999999506,10.0,-0.25999999999976353,1.9400000000000546
2024-11-04 15:05:00,2024-11-04 15:30:00,Long,2743.4799999999996,2740.9,-5.159999999998945,SL Hit,2740.9,2,2626.4099999999517,25.0,-4.519999999999527,1.6700000000005275
2024-11-04 17:15:00,2024-11-04 17:20:00,Short,2734.83,2736.27,-1.4400000000000546,Bullish Trade Reversal,2736.27,1,2624.9699999999516,5.0,1.6700000000000728,-1.6199999999998909
2024-11-04 17:20:00,2024-11-04 20:00:00,Long,2737.5371428571425,2737.1,-3.0599999999981264,SL Hit,2737.1,7,2621.9099999999535,160.0,-3.227142857142553,1.9528571428572832
2024-11-04 20:05:00,2024-11-04 20:20:00,Short,2737.24,2737.24,0.0,SL Hit,2737.24,1,2621.9099999999535,15.0,0.45000000000027285,-1.4399999999995998
2024-11-04 21:15:00,2024-11-04 21:30:00,Short,2736.51,2736.57,-0.05999999999994543,SL Hit,2736.57,1,2621.8499999999535,15.0,0.18999999999959982,-1.7100000000000364
2024-11-05 04:50:00,2024-11-05 05:15:00,Short,2734.98,2735.33,-0.6999999999998181,SL Hit,2735.33,2,2621.1499999999537,25.0,1.2899999999999636,-1.1399999999998727
2024-11-05 09:35:00,2024-11-05 09:40:00,Short,2741.58,2742.375,-0.7950000000000728,SL Hit,2742.375,1,2620.3549999999536,5.0,1.0300000000002,-0.38000000000010914
2024-11-05 11:10:00,2024-11-05 11:15:00,Long,2739.36,2739.36,0.0,SL Hit,2739.36,1,2620.3549999999536,5.0,-1.2600000000002183,0.900000000000091
2024-11-05 13:40:00,2024-11-05 14:45:00,Long,2743.865,2742.9,-1.9299999999993815,SL Hit,2742.9,2,2618.4249999999543,65.0,-1.794999999999618,5.835000000000036
2024-11-05 14:50:00,2024-11-05 14:55:00,Short,2743.69,2744.0499999999997,-0.3599999999996726,SL Hit,2744.0499999999997,1,2618.0649999999546,5.0,3.0700000000001637,-1.4400000000000546
2024-11-05 18:10:00,2024-11-05 18:15:00,Long,2742.03,2740.62,-1.4100000000003092,Bearish Trade Reversal,2740.62,1,2616.6549999999543,5.0,-1.4200000000000728,1.0099999999997635
2024-11-05 18:15:00,2024-11-05 19:25:00,Short,2741.96,2741.9749999999995,-0.014999999999417923,SL Hit,2741.9749999999995,1,2616.639999999955,70.0,0.09000000000014552,-3.0599999999999454
2024-11-05 23:45:00,2024-11-05 23:50:00,Short,2744.7,2745.03,-0.330000000000382,SL Hit,2745.03,1,2616.3099999999545,5.0,0.5100000000002183,-1.1499999999996362
2024-11-06 00:20:00,2024-11-06 01:15:00,Short,2739.28,2739.86,-1.7399999999997817,SL Hit,2739.86,3,2614.5699999999547,55.0,3.3599999999996726,-6.170000000000073
2024-11-06 01:20:00,2024-11-06 02:30:00,Long,2743.0150000000003,2742.68,-0.6700000000009823,SL Hit,2742.68,2,2613.8999999999537,70.0,-4.555000000000291,6.294999999999618
2024-11-06 02:50:00,2024-11-06 04:35:00,Short,2738.2333333333336,2738.98,-2.239999999999327,SL Hit,2738.98,3,2611.6599999999544,105.0,6.2266666666664605,-6.583333333333485
2024-11-06 04:40:00,2024-11-06 05:10:00,Long,2739.28,2739.28,0.0,SL Hit,2739.28,1,2611.6599999999544,30.0,-0.7699999999999818,3.9599999999995816
2024-11-06 06:05:00,2024-11-06 08:15:00,Short,2727.3549999999996,2728.01,-2.6200000000026193,SL Hit,2728.01,4,2609.0399999999518,130.0,10.145000000000437,-25.2849999999994
2024-11-06 09:30:00,2024-11-06 09:45:00,Short,2722.15,2722.15,0.0,SL Hit,2722.15,1,2609.0399999999518,15.0,1.3600000000001273,-5.599999999999909
2024-11-06 10:30:00,2024-11-06 10:35:00,Long,2725.58,2725.58,0.0,SL Hit,2725.58,1,2609.0399999999518,5.0,-0.6900000000000546,1.2100000000000364
2024-11-06 10:45:00,2024-11-06 11:00:00,Short,2722.18,2722.18,0.0,SL Hit,2722.18,1,2609.0399999999518,15.0,0.010000000000218279,-3.099999999999909
2024-11-06 11:20:00,2024-11-06 14:10:00,Short,2694.9900000000002,2666.25,114.96000000000095,SL Hit,2666.25,4,2723.9999999999527,170.0,24.679999999999836,-36.14000000000033
2024-11-06 15:00:00,2024-11-06 15:05:00,Short,2660.47,2664.46,-3.9900000000002365,Bullish Trade Reversal,2664.46,1,2720.0099999999525,5.0,4.160000000000309,-2.8799999999996544
2024-11-06 15:05:00,2024-11-06 16:10:00,Long,2666.2566666666667,2670.16,11.709999999999582,SL Hit,2670.16,3,2731.719999999952,65.0,-8.666666666666515,11.163333333333412
2024-11-06 17:05:00,2024-11-06 17:10:00,Short,2668.01,2668.415,-0.40499999999974534,SL Hit,2668.415,1,2731.3149999999523,5.0,0.919999999999618,-1.300000000000182
2024-11-06 21:30:00,2024-11-06 23:00:00,Short,2659.835,2660.87,-2.069999999999709,SL Hit,2660.87,2,2729.2449999999526,90.0,1.6549999999997453,-1.7449999999998909
2024-11-07 00:35:00,2024-11-07 00:40:00,Long,2662.76,2662.7,-0.06000000000040018,SL Hit,2662.7,1,2729.184999999952,5.0,-1.5600000000004002,0.7699999999999818
2024-11-07 01:05:00,2024-11-07 02:00:00,Short,2656.085,2650.95,10.270000000000437,SL Hit,2650.95,2,2739.4549999999526,55.0,7.554999999999836,-9.525000000000091
2024-11-07 07:05:00,2024-11-07 08:30:00,Long,2661.2749999999996,2661.8,1.0500000000010914,SL Hit,2661.8,2,2740.5049999999537,85.0,-4.2049999999994725,6.135000000000218
2024-11-07 08:35:00,2024-11-07 09:05:00,Short,2662.37,2662.5499999999997,-0.1799999999998363,SL Hit,2662.5499999999997,1,2740.324999999954,30.0,0.5,-4.940000000000055
2024-11-07 09:10:00,2024-11-07 09:20:00,Short,2660.7799999999997,2662.87,-4.180000000000291,SL Hit,2662.87,2,2736.1449999999536,10.0,3.1100000000001273,-1.3799999999996544
2024-11-07 09:55:00,2024-11-07 10:10:00,Short,2661.92,2664.32,-4.800000000000182,SL Hit,2664.32,2,2731.3449999999534,15.0,3.299999999999727,-2.099999999999909
2024-11-07 10:45:00,2024-11-07 11:00:00,Long,2666.57,2666.255,-0.31500000000005457,SL Hit,2666.255,1,2731.0299999999534,15.0,-1.8900000000003274,1.6499999999996362
2024-11-07 12:00:00,2024-11-07 16:10:00,Long,2683.0860000000002,2695.73,63.21999999999889,SL Hit,2695.73,5,2794.2499999999523,250.0,-18.56600000000026,16.833999999999833
2024-11-07 16:15:00,2024-11-07 16:40:00,Short,2697.19,2697.19,0.0,SL Hit,2697.19,1,2794.2499999999523,25.0,0.32999999999992724,-6.130000000000109
2024-11-07 17:55:00,2024-11-07 19:30:00,Short,2696.4449999999997,2694.15,9.179999999998472,SL Hit,2694.15,4,2803.4299999999507,95.0,3.305000000000291,-7.214999999999691
2024-11-07 19:35:00,2024-11-07 19:40:00,Long,2692.56,2690.12,-4.880000000000109,SL Hit,2690.12,2,2798.5499999999506,5.0,-4.25,2.6900000000000546
2024-11-07 19:55:00,2024-11-07 20:00:00,Long,2693.85,2693.295,-0.5549999999998363,SL Hit,2693.295,1,2797.994999999951,5.0,-0.8600000000001273,5.660000000000309
2024-11-08 01:40:00,2024-11-08 04:15:00,Short,2698.75,2695.78,17.8199999999988,SL Hit,2695.78,6,2815.8149999999496,155.0,3.650000000000091,-4.849999999999909
2024-11-08 12:50:00,2024-11-08 13:00:00,Long,2690.84,2690.585,-0.25500000000010914,SL Hit,2690.585,1,2815.5599999999495,10.0,-1.1400000000003274,2.0899999999996908
2024-11-08 13:25:00,2024-11-08 13:30:00,Long,2693.25,2692.59,-0.6599999999998545,SL Hit,2692.59,1,2814.8999999999496,5.0,-0.8200000000001637,2.9600000000000364
2024-11-08 14:35:00,2024-11-08 17:55:00,Short,2689.69,2688.2,5.960000000000946,SL Hit,2688.2,4,2820.8599999999506,200.0,8.389999999999873,-6.019999999999982
2024-11-08 18:35:00,2024-11-08 19:30:00,Short,2685.3199999999997,2685.24,0.15999999999985448,SL Hit,2685.24,2,2821.0199999999504,55.0,0.9100000000003092,-2.0599999999994907
2024-11-08 19:35:00,2024-11-08 20:50:00,Long,2686.69,2686.83,0.419999999999618,SL Hit,2686.83,3,2821.43999999995,75.0,-2.0,1.7199999999998
2024-11-11 06:15:00,2024-11-11 07:05:00,Long,2671.71,2671.5,-0.42000000000007276,SL Hit,2671.5,2,2821.01999999995,50.0,-2.2100000000000364,2.130000000000109
2024-11-11 08:00:00,2024-11-11 08:10:00,Short,2669.25,2669.835,-0.5850000000000364,SL Hit,2669.835,1,2820.43499999995,10.0,2.1700000000000728,-0.44000000000005457
2024-11-11 08:30:00,2024-11-11 08:35:00,Short,2668.8,2670.4649999999997,-1.6649999999995089,SL Hit,2670.4649999999997,1,2818.7699999999504,5.0,1.7699999999999818,-1.150000000000091
2024-11-11 08:40:00,2024-11-11 10:00:00,Short,2668.89,2667.72,4.680000000000291,SL Hit,2667.72,4,2823.4499999999507,80.0,1.6100000000001273,-4.349999999999909
2024-11-11 12:35:00,2024-11-11 12:55:00,Long,2658.4399999999996,2657.91,-1.0599999999994907,SL Hit,2657.91,2,2822.389999999951,20.0,-0.9799999999995634,3.6400000000003274
2024-11-11 14:30:00,2024-11-11 15:05:00,Short,2624.165,2625.91,-3.4899999999997817,SL Hit,2625.91,2,2818.8999999999514,35.0,3.324999999999818,-6.304999999999836
2024-11-11 15:35:00,2024-11-11 15:40:00,Short,2616.7,2617.6000000000004,-0.9000000000005457,SL Hit,2617.6000000000004,1,2817.999999999951,5.0,1.830000000000382,-2.1799999999998363
2024-11-11 17:10:00,2024-11-11 17:30:00,Short,2614.23,2614.23,0.0,SL Hit,2614.23,1,2817.999999999951,20.0,0.23999999999978172,-2.5399999999999636
2024-11-11 18:15:00,2024-11-11 18:30:00,Short,2612.66,2612.66,0.0,SL Hit,2612.66,1,2817.999999999951,15.0,0.7400000000002365,-1.9899999999997817
2024-11-12 04:45:00,2024-11-12 04:50:00,Short,2616.49,2616.49,0.0,SL Hit,2616.49,1,2817.999999999951,5.0,0.0500000000001819,-0.8899999999998727
2024-11-12 05:55:00,2024-11-12 06:30:00,Short,2608.11,2608.11,0.0,SL Hit,2608.11,1,2817.999999999951,35.0,1.7899999999999636,-4.070000000000164
2024-11-12 06:50:00,2024-11-12 07:00:00,Short,2606.99,2607.965,-0.9750000000003638,SL Hit,2607.965,1,2817.0249999999505,10.0,1.4200000000000728,-1.6499999999996362
2024-11-12 07:30:00,2024-11-12 08:10:00,Short,2604.46,2604.46,0.0,SL Hit,2604.46,1,2817.0249999999505,40.0,1.7799999999997453,-9.25
2024-11-12 09:05:00,2024-11-12 10:45:00,Short,2594.0966666666664,2595.61,-4.540000000001328,SL Hit,2595.61,3,2812.484999999949,100.0,4.723333333333812,-4.266666666666424
2024-11-12 15:00:00,2024-11-12 17:50:00,Short,2601.9919999999997,2596.77,26.109999999998763,SL Hit,2596.77,5,2838.594999999948,170.0,8.858000000000175,-9.271999999999935
2024-11-12 20:00:00,2024-11-12 20:20:00,Short,2598.29,2598.71,-0.42000000000007276,SL Hit,2598.71,1,2838.174999999948,20.0,0.7699999999999818,-2.4099999999998545
2024-11-12 21:25:00,2024-11-12 23:10:00,Short,2598.075,2598.25,-0.3500000000003638,SL Hit,2598.25,2,2837.8249999999475,105.0,0.875,-2.074999999999818
2024-11-12 23:40:00,2024-11-12 23:45:00,Short,2598.47,2598.5600000000004,-0.09000000000060027,SL Hit,2598.5600000000004,1,2837.734999999947,5.0,0.9900000000002365,-0.15999999999985448
2024-11-13 00:45:00,2024-11-13 00:55:00,Long,2599.1,2598.71,-0.38999999999987267,SL Hit,2598.71,1,2837.344999999947,10.0,-0.44000000000005457,0.4800000000000182
2024-11-13 05:15:00,2024-11-13 05:20:00,Short,2606.6,2606.915,-0.31500000000005457,SL Hit,2606.915,1,2837.029999999947,5.0,0.47000000000025466,-0.4899999999997817
2024-11-13 06:00:00,2024-11-13 06:10:00,Long,2605.45,2605.45,0.0,SL Hit,2605.45,1,2837.029999999947,10.0,-0.6199999999998909,1.7699999999999818
2024-11-13 07:30:00,2024-11-13 08:00:00,Long,2605.57,2605.315,-0.25500000000010914,SL Hit,2605.315,1,2836.774999999947,30.0,-1.8700000000003456,1.5
2024-11-13 09:30:00,2024-11-13 10:00:00,Long,2609.5533333333337,2608.01,-4.630000000000564,SL Hit,2608.01,3,2832.1449999999463,30.0,-2.213333333333594,1.7166666666662422
2024-11-13 11:15:00,2024-11-13 11:30:00,Long,2609.7200000000003,2608.16,-3.1200000000008004,SL Hit,2608.16,2,2829.0249999999455,15.0,-2.6200000000003456,0.1499999999996362
2024-11-13 13:05:00,2024-11-13 13:30:00,Short,2608.995,2610.78,-3.5700000000006185,SL Hit,2610.78,2,2825.454999999945,25.0,8.875,-1.9849999999996726
2024-11-13 13:35:00,2024-11-13 14:35:00,Long,2611.706666666667,2608.11,-10.790000000000418,SL Hit,2608.11,3,2814.6649999999445,60.0,-4.356666666667024,4.533333333332848
2024-11-13 14:45:00,2024-11-13 18:50:00,Short,2592.7760000000003,2583.5,46.38000000000147,SL Hit,2583.5,5,2861.044999999946,245.0,15.293999999999869,-14.816000000000258
2024-11-13 20:00:00,2024-11-13 21:05:00,Short,2577.0699999999997,2576.44,1.8899999999989632,SL Hit,2576.44,3,2862.934999999945,65.0,3.7600000000002183,-3.9799999999995634
2024-11-13 21:50:00,2024-11-13 23:10:00,Short,2573.89,2573.9799999999996,-0.08999999999969077,SL Hit,2573.9799999999996,1,2862.8449999999452,80.0,1.5599999999999454,-2.1299999999996544
2024-11-13 23:40:00,2024-11-14 01:30:00,Short,2570.2675,2569.04,4.9099999999998545,SL Hit,2569.04,4,2867.754999999945,110.0,4.192500000000109,-4.577499999999873
2024-11-14 01:55:00,2024-11-14 03:15:00,Short,2563.92,2564.45,-1.0599999999994907,SL Hit,2564.45,2,2866.6949999999456,80.0,2.9200000000000728,-5.019999999999982
2024-11-14 03:20:00,2024-11-14 03:25:00,Long,2563.21,2562.0550000000003,-1.1549999999997453,SL Hit,2562.0550000000003,1,2865.539999999946,5.0,-1.2800000000002,0.650000000000091
2024-11-14 04:00:00,2024-11-14 04:15:00,Short,2560.23,2561.7750000000005,-1.5450000000005275,SL Hit,2561.7750000000005,1,2863.9949999999453,15.0,1.6599999999998545,-2.130000000000109
2024-11-14 05:30:00,2024-11-14 06:00:00,Short,2560.14,2560.14,0.0,SL Hit,2560.14,1,2863.9949999999453,30.0,0.18000000000029104,-4.599999999999909
2024-11-14 08:15:00,2024-11-14 08:20:00,Long,2557.28,2555.525,-1.7550000000001091,SL Hit,2555.525,1,2862.239999999945,5.0,-2.0,0.5799999999999272
2024-11-14 09:00:00,2024-11-14 11:00:00,Short,2552.65,2547.47,15.540000000000873,SL Hit,2547.47,3,2877.779999999946,120.0,5.460000000000036,-15.090000000000146
2024-11-14 11:05:00,2024-11-14 11:25:00,Long,2545.805,2545.49,-0.6300000000001091,SL Hit,2545.49,2,2877.149999999946,20.0,-0.5149999999998727,2.505000000000109
2024-11-14 12:10:00,2024-11-14 12:45:00,Long,2554.25,2552.23,-4.039999999999964,SL Hit,2552.23,2,2873.109999999946,35.0,-3.3299999999999272,2.0799999999999272
2024-11-14 12:55:00,2024-11-14 13:05:00,Short,2553.33,2553.33,0.0,SL Hit,2553.33,1,2873.109999999946,10.0,0.7800000000002001,-1.900000000000091
2024-11-14 19:35:00,2024-11-14 20:00:00,Long,2575.3450000000003,2573.2,-4.290000000000873,SL Hit,2573.2,2,2868.819999999945,25.0,-6.355000000000473,1.2849999999998545
2024-11-14 23:45:00,2024-11-14 23:55:00,Long,2566.69,2566.24,-0.45000000000027285,SL Hit,2566.24,1,2868.369999999945,10.0,-0.49000000000023647,0.15999999999985448
2024-11-15 00:20:00,2024-11-15 00:25:00,Long,2566.68,2566.635,-0.04499999999961801,SL Hit,2566.635,1,2868.3249999999452,5.0,-0.819999999999709,0.3900000000003274
2024-11-15 02:50:00,2024-11-15 03:55:00,Long,2569.5266666666666,2567.88,-4.9399999999996,SL Hit,2567.88,3,2863.3849999999456,65.0,-1.8966666666665333,1.1533333333331939
2024-11-15 04:25:00,2024-11-15 04:30:00,Short,2568.07,2568.07,0.0,SL Hit,2568.07,1,2863.3849999999456,5.0,0.6099999999996726,-0.47000000000025466
2024-11-15 04:55:00,2024-11-15 07:15:00,Short,2563.965,2563.36,1.2100000000000364,SL Hit,2563.36,2,2864.5949999999457,140.0,3.4349999999999454,-9.00500000000011
2024-11-15 07:55:00,2024-11-15 08:25:00,Long,2564.88,2562.17,-5.420000000000073,SL Hit,2562.17,2,2859.1749999999456,30.0,-3.7100000000000364,1.7100000000000364
2024-11-15 14:10:00,2024-11-15 14:35:00,Long,2570.71,2569.375,-1.3350000000000364,SL Hit,2569.375,1,2857.8399999999456,25.0,-2.880000000000109,3.25
2024-11-15 14:50:00,2024-11-15 15:20:00,Long,2572.806666666667,2571.19,-4.850000000000364,SL Hit,2571.19,3,2852.989999999945,30.0,-5.226666666666915,2.7033333333333758
2024-11-15 17:00:00,2024-11-15 17:05:00,Short,2562.21,2562.21,0.0,SL Hit,2562.21,1,2852.989999999945,5.0,0.7699999999999818,-2.0399999999999636
2024-11-18 03:50:00,2024-11-18 03:55:00,Short,2589.11,2589.1400000000003,-0.03000000000020009,SL Hit,2589.1400000000003,1,2852.959999999945,5.0,0.32999999999992724,-0.6400000000003274
2024-11-18 04:20:00,2024-11-18 05:00:00,Long,2591.385,2590.74,-1.2900000000008731,SL Hit,2590.74,2,2851.669999999944,40.0,-1.2550000000001091,1.5549999999998363
2024-11-18 07:15:00,2024-11-18 07:20:00,Short,2585.17,2586.16,-0.9899999999997817,SL Hit,2586.16,1,2850.6799999999444,5.0,1.5900000000001455,-0.900000000000091
2024-11-18 09:25:00,2024-11-18 09:35:00,Long,2589.76,2589.76,0.0,SL Hit,2589.76,1,2850.6799999999444,10.0,-0.25,3.1899999999996
2024-11-18 13:10:00,2024-11-18 13:20:00,Long,2594.66,2594.5550000000003,-0.10499999999956344,SL Hit,2594.5550000000003,1,2850.574999999945,10.0,-1.1799999999998363,3.7400000000002365
2024-11-18 15:15:00,2024-11-18 16:30:00,Long,2611.0333333333333,2609.46,-4.7199999999998,SL Hit,2609.46,3,2845.854999999945,75.0,-2.313333333333503,3.746666666666897
2024-11-18 16:35:00,2024-11-18 16:45:00,Short,2610.43,2611.195,-0.7650000000003274,SL Hit,2611.195,1,2845.0899999999447,10.0,0.9400000000000546,-0.669999999999618
2024-11-18 17:15:00,2024-11-18 17:40:00,Short,2608.87,2609.68,-0.8099999999999454,SL Hit,2609.68,1,2844.2799999999447,25.0,2.0100000000002183,-1.5199999999999818
2024-11-18 20:00:00,2024-11-18 20:35:00,Long,2609.65,2608.5,-2.300000000000182,SL Hit,2608.5,2,2841.9799999999445,35.0,-1.1700000000000728,1.7899999999999636
2024-11-18 20:40:00,2024-11-18 20:45:00,Short,2608.77,2609.2200000000003,-0.45000000000027285,SL Hit,2609.2200000000003,1,2841.5299999999443,5.0,0.6700000000000728,-1.4699999999998
2024-11-18 21:40:00,2024-11-18 21:55:00,Long,2611.51,2611.51,0.0,SL Hit,2611.51,1,2841.5299999999443,15.0,-0.21000000000003638,0.6899999999995998
2024-11-19 00:35:00,2024-11-19 00:40:00,Long,2612.24,2611.9850000000006,-0.25499999999919964,SL Hit,2611.9850000000006,1,2841.274999999945,5.0,-1.0399999999999636,0.5700000000001637
2024-11-19 01:00:00,2024-11-19 01:25:00,Long,2613.75,2613.585,-0.16499999999996362,SL Hit,2613.585,1,2841.109999999945,25.0,-0.19000000000005457,3.9099999999998545
2024-11-19 05:05:00,2024-11-19 05:15:00,Short,2622.5,2622.56,-0.05999999999994543,SL Hit,2622.56,1,2841.049999999945,10.0,0.2800000000002001,-1.7100000000000364
2024-11-19 08:25:00,2024-11-19 08:30:00,Long,2619.84,2619.5999999999995,-0.24000000000069122,SL Hit,2619.5999999999995,1,2840.8099999999445,5.0,-0.6700000000000728,0.9699999999997999
2024-11-19 09:20:00,2024-11-19 11:30:00,Long,2633.3759999999997,2634.17,3.970000000001619,SL Hit,2634.17,5,2844.779999999946,130.0,-5.105999999999767,2.924000000000433
2024-11-19 13:55:00,2024-11-19 16:15:00,Short,2629.2500000000005,2627.02,11.150000000002365,SL Hit,2627.02,5,2855.9299999999484,140.0,7.459999999999582,-8.170000000000528
2024-11-19 21:40:00,2024-11-19 21:45:00,Long,2631.98,2631.845,-0.13500000000021828,SL Hit,2631.845,1,2855.7949999999482,5.0,-0.9800000000000182,0.8400000000001455
2024-11-20 04:30:00,2024-11-20 05:25:00,Short,2637.25,2637.25,0.0,SL Hit,2637.25,1,2855.7949999999482,55.0,0.30999999999994543,-2.3400000000001455
2024-11-20 06:05:00,2024-11-20 08:50:00,Short,2629.0975,2623.42,22.709999999999127,SL Hit,2623.42,4,2878.5049999999474,165.0,6.512500000000273,-9.27749999999969
2024-11-20 09:40:00,2024-11-20 09:50:00,Long,2622.69,2621.45,-2.480000000000473,SL Hit,2621.45,2,2876.024999999947,10.0,-1.4500000000002728,0.7699999999999818
2024-11-20 09:55:00,2024-11-20 10:00:00,Short,2622.6,2622.6,0.0,SL Hit,2622.6,1,2876.024999999947,5.0,0.34999999999990905,-1.650000000000091
2024-11-20 16:25:00,2024-11-20 16:40:00,Long,2649.13,2648.035,-1.0950000000002547,SL Hit,2648.035,1,2874.9299999999466,15.0,-1.2800000000002,0.6900000000000546
2024-11-20 16:45:00,2024-11-20 18:15:00,Long,2650.4325,2648.6,-7.329999999999927,SL Hit,2648.6,4,2867.5999999999467,90.0,-2.5324999999998,4.627500000000055
2024-11-20 23:10:00,2024-11-20 23:20:00,Short,2649.18,2649.66,-0.4800000000000182,SL Hit,2649.66,1,2867.1199999999467,10.0,0.7600000000002183,-0.05999999999994543
2024-11-21 03:05:00,2024-11-21 03:15:00,Short,2652.23,2652.485,-0.25500000000010914,SL Hit,2652.485,1,2866.8649999999466,10.0,0.9699999999997999,-0.9099999999998545
2024-11-21 04:15:00,2024-11-21 04:20:00,Long,2657.15,2656.895,-0.25500000000010914,SL Hit,2656.895,1,2866.6099999999465,5.0,-1.349999999999909,0.29999999999972715
2024-11-21 05:15:00,2024-11-21 05:20:00,Short,2655.68,2655.68,0.0,SL Hit,2655.68,1,2866.6099999999465,5.0,0.19000000000005457,-0.9699999999997999
2024-11-21 05:55:00,2024-11-21 07:15:00,Long,2659.423333333333,2660.19,2.3000000000006366,SL Hit,2660.19,3,2868.909999999947,80.0,-3.133333333333212,2.5366666666668607
2024-11-21 07:25:00,2024-11-21 08:10:00,Long,2663.1033333333335,2662.31,-2.380000000000564,SL Hit,2662.31,3,2866.5299999999465,45.0,-2.0933333333332484,1.166666666666515
2024-11-21 09:45:00,2024-11-21 09:50:00,Short,2666.43,2666.43,0.0,SL Hit,2666.43,1,2866.5299999999465,5.0,0.7699999999999818,-2.9899999999997817
2024-11-21 11:05:00,2024-11-21 12:00:00,Long,2668.99,2668.795,-0.19499999999970896,SL Hit,2668.795,1,2866.334999999947,55.0,-0.34999999999990905,4.320000000000164
2024-11-21 12:45:00,2024-11-21 13:05:00,Short,2665.39,2666.0950000000003,-0.705000000000382,SL Hit,2666.0950000000003,1,2865.6299999999464,20.0,0.9600000000000364,-4.389999999999873
2024-11-21 14:10:00,2024-11-21 14:40:00,Long,2667.96,2666.46,-1.5,SL Hit,2666.46,1,2864.1299999999464,30.0,-2.9600000000000364,3.380000000000109
2024-11-21 19:55:00,2024-11-21 20:00:00,Short,2669.44,2670.67,-1.2300000000000182,SL Hit,2670.67,1,2862.8999999999464,5.0,2.0599999999999454,-1.5399999999999636
2024-11-21 21:45:00,2024-11-21 23:50:00,Short,2669.5225,2669.59,-0.27000000000043656,SL Hit,2669.59,4,2862.629999999946,125.0,0.8074999999998909,-2.5225000000000364
2024-11-21 23:55:00,2024-11-22 00:00:00,Short,2669.49,2669.5800000000004,-0.09000000000060027,SL Hit,2669.5800000000004,1,2862.5399999999454,5.0,0.5400000000004184,-0.8099999999999454
2024-11-22 06:10:00,2024-11-22 06:25:00,Long,2687.87,2686.6100000000006,-1.2599999999993088,SL Hit,2686.6100000000006,1,2861.279999999946,15.0,-1.7300000000000182,1.2600000000002183
2024-11-22 08:45:00,2024-11-22 08:50:00,Long,2698.79,2698.04,-0.75,SL Hit,2698.04,1,2860.529999999946,5.0,-1.9200000000000728,1.0599999999999454
2024-11-22 10:20:00,2024-11-22 10:30:00,Long,2706.18,2705.565,-0.6149999999997817,SL Hit,2705.565,1,2859.9149999999463,10.0,-1.199999999999818,2.3099999999999454
2024-11-22 11:00:00,2024-11-22 11:15:00,Long,2708.135,2705.65,-4.970000000000255,SL Hit,2705.65,2,2854.944999999946,15.0,-5.385000000000218,1.7749999999996362
2024-11-22 14:25:00,2024-11-22 14:35:00,Short,2689.45,2689.675,-0.2250000000003638,SL Hit,2689.675,1,2854.7199999999457,10.0,0.8900000000003274,-4.9399999999996
2024-11-22 17:45:00,2024-11-22 17:50:00,Short,2705.43,2706.3450000000003,-0.9150000000004184,SL Hit,2706.3450000000003,1,2853.8049999999453,5.0,1.2800000000002,-0.30999999999994543
2024-11-22 17:55:00,2024-11-22 19:40:00,Long,2708.8725000000004,2709.3,1.7099999999991269,SL Hit,2709.3,4,2855.5149999999444,105.0,-2.5825000000004366,2.457499999999527
2024-11-22 20:10:00,2024-11-22 20:25:00,Short,2706.59,2707.5049999999997,-0.9149999999995089,SL Hit,2707.5049999999997,1,2854.599999999945,15.0,2.049999999999727,-1.5199999999999818
2024-11-25 15:55:00,2024-11-25 16:00:00,Short,2629.52,2631.1099999999997,-1.5899999999996908,SL Hit,2631.1099999999997,1,2853.009999999945,5.0,4.329999999999927,-2.9699999999998
2024-11-25 21:25:00,2024-11-25 23:00:00,Short,2626.38,2626.8899999999994,-0.5099999999993088,SL Hit,2626.8899999999994,1,2852.499999999946,95.0,0.9299999999998363,-1.1199999999998909
2024-11-26 01:05:00,2024-11-26 02:40:00,Long,2626.5024999999996,2625.74,-3.0499999999992724,SL Hit,2625.74,4,2849.4499999999466,95.0,-4.012499999999818,5.337500000000546
2024-11-26 03:30:00,2024-11-26 04:10:00,Long,2629.59,2629.34,-0.5,SL Hit,2629.34,2,2848.9499999999466,40.0,-2.4900000000002365,1.6700000000000728
2024-11-26 10:10:00,2024-11-26 11:00:00,Long,2630.07,2629.49,-1.740000000001146,SL Hit,2629.49,3,2847.2099999999455,50.0,-2.6700000000000728,2.6900000000000546
2024-11-26 11:40:00,2024-11-26 12:20:00,Long,2632.036666666667,2631.06,-2.930000000000746,SL Hit,2631.06,3,2844.2799999999447,40.0,-1.1266666666670062,2.513333333333321
2024-11-26 12:30:00,2024-11-26 12:35:00,Short,2631.77,2632.6099999999997,-0.8399999999996908,SL Hit,2632.6099999999997,1,2843.439999999945,5.0,0.8899999999998727,-0.7599999999997635
2024-11-26 13:35:00,2024-11-26 15:20:00,Short,2626.68,2625.11,4.709999999999127,SL Hit,2625.11,3,2848.149999999944,105.0,7.350000000000364,-9.329999999999927
2024-11-26 16:45:00,2024-11-26 17:00:00,Long,2629.08,2628.5699999999997,-0.5100000000002183,SL Hit,2628.5699999999997,1,2847.639999999944,15.0,-2.119999999999891,1.599999999999909
2024-11-26 21:25:00,2024-11-26 21:35:00,Long,2632.51,2632.2250000000004,-0.2849999999998545,SL Hit,2632.2250000000004,1,2847.354999999944,10.0,-0.6300000000001091,0.599999999999909
2024-11-27 02:05:00,2024-11-27 03:05:00,Long,2635.13,2636.64,3.019999999999527,SL Hit,2636.64,2,2850.3749999999436,60.0,-3.25,5.25
2024-11-27 03:10:00,2024-11-27 03:15:00,Short,2636.66,2637.0200000000004,-0.3600000000005821,SL Hit,2637.0200000000004,1,2850.014999999943,5.0,0.5700000000001637,-0.599999999999909
2024-11-27 06:50:00,2024-11-27 08:15:00,Long,2645.3599999999997,2646.0,1.2800000000006548,SL Hit,2646.0,2,2851.2949999999437,85.0,-1.6199999999998909,3.100000000000364
2024-11-27 08:20:00,2024-11-27 08:25:00,Short,2649.15,2649.15,0.0,Bullish Trade Reversal,2649.15,1,2851.2949999999437,5.0,-0.0,-3.25
2024-11-27 08:25:00,2024-11-27 08:35:00,Long,2646.925,2645.8,-2.25,SL Hit,2645.8,2,2849.0449999999437,10.0,-1.555000000000291,1.6050000000000182
2024-11-27 09:35:00,2024-11-27 11:35:00,Short,2648.485,2649.06,-3.4499999999989086,SL Hit,2649.06,6,2845.594999999945,120.0,2.125,-3.4149999999999636
2024-11-27 19:20:00,2024-11-27 20:05:00,Short,2636.5,2636.34,0.31999999999970896,SL Hit,2636.34,2,2845.9149999999445,45.0,2.1799999999998363,-2.599999999999909
2024-11-27 23:55:00,2024-11-28 00:00:00,Short,2637.11,2637.11,0.0,SL Hit,2637.11,1,2845.9149999999445,5.0,0.02999999999974534,-1.5100000000002183
2024-11-28 05:05:00,2024-11-28 05:15:00,Short,2631.37,2631.7300000000005,-0.3600000000005821,SL Hit,2631.7300000000005,1,2845.554999999944,10.0,1.930000000000291,-1.6700000000000728
2024-11-28 05:25:00,2024-11-28 11:20:00,Long,2639.017777777778,2646.8,70.03999999999905,SL Hit,2646.8,9,2915.594999999943,355.0,-9.117777777777974,10.14222222222179
2024-11-28 11:30:00,2024-11-28 11:50:00,Short,2646.74,2647.085,-0.34500000000025466,SL Hit,2647.085,1,2915.2499999999427,20.0,0.7300000000000182,-1.7599999999997635
2024-11-28 13:50:00,2024-11-28 14:20:00,Long,2646.895,2645.56,-2.6700000000000728,SL Hit,2645.56,2,2912.5799999999426,30.0,-1.8649999999997817,0.8249999999998181
2024-11-28 17:25:00,2024-11-28 17:35:00,Short,2640.65,2640.9799999999996,-0.3299999999994725,SL Hit,2640.9799999999996,1,2912.249999999943,10.0,0.5099999999997635,-0.8899999999998727
2024-11-28 18:15:00,2024-11-28 18:20:00,Short,2640.62,2640.7999999999997,-0.1799999999998363,SL Hit,2640.7999999999997,1,2912.0699999999433,5.0,0.19000000000005457,-0.4299999999998363
2024-11-28 18:45:00,2024-11-28 23:55:00,Short,2639.0866666666666,2638.62,1.400000000000091,SL Hit,2638.62,3,2913.4699999999434,310.0,1.8033333333332848,-1.9866666666666788
2024-11-29 04:45:00,2024-11-29 05:05:00,Long,2659.92,2659.51,-1.2299999999995634,SL Hit,2659.51,3,2912.239999999944,20.0,-0.5199999999999818,1.0499999999997272
2024-11-29 05:10:00,2024-11-29 05:15:00,Short,2660.89,2661.0099999999998,-0.11999999999989086,SL Hit,2661.0099999999998,1,2912.119999999944,5.0,0.16000000000030923,-0.7399999999997817
2024-11-29 08:30:00,2024-11-29 09:10:00,Short,2658.625,2660.35,-3.449999999999818,SL Hit,2660.35,2,2908.669999999944,40.0,2.3850000000002183,-4.525000000000091
2024-11-29 11:50:00,2024-11-29 12:20:00,Short,2661.6,2663.4449999999997,-1.8449999999998,SL Hit,2663.4449999999997,1,2906.8249999999443,30.0,2.6900000000000546,-2.299999999999727
2024-11-29 12:50:00,2024-11-29 12:55:00,Short,2659.85,2659.88,-0.03000000000020009,SL Hit,2659.88,1,2906.794999999944,5.0,1.180000000000291,-0.9400000000000546
2024-11-29 13:05:00,2024-11-29 13:20:00,Short,2660.1800000000003,2661.6,-2.839999999999236,SL Hit,2661.6,2,2903.954999999945,15.0,1.4599999999995816,-3.2400000000002365
2024-11-29 14:50:00,2024-11-29 14:55:00,Short,2656.32,2656.32,0.0,SL Hit,2656.32,1,2903.954999999945,5.0,0.06999999999970896,-2.7800000000002
2024-11-29 16:30:00,2024-11-29 17:05:00,Long,2660.98,2659.67,-2.619999999999891,SL Hit,2659.67,2,2901.334999999945,35.0,-1.3699999999998909,1.150000000000091
2024-11-29 18:15:00,2024-12-02 01:40:00,Short,2642.898333333333,2634.83,48.409999999998945,SL Hit,2634.83,6,2949.744999999944,3325.0,16.771666666666988,-19.71833333333325
2024-12-02 05:10:00,2024-12-02 05:45:00,Short,2626.61,2627.5249999999996,-0.9149999999995089,SL Hit,2627.5249999999996,1,2948.8299999999444,35.0,1.5599999999999454,-4.300000000000182
2024-12-02 09:10:00,2024-12-02 10:40:00,Long,2632.9266666666667,2634.88,5.860000000000127,SL Hit,2634.88,3,2954.6899999999446,90.0,-3.1366666666667697,4.653333333333194
2024-12-02 12:50:00,2024-12-02 12:55:00,Short,2641.08,2641.8,-0.7200000000002547,SL Hit,2641.8,1,2953.9699999999443,5.0,1.800000000000182,-1.0399999999999636
2024-12-02 13:05:00,2024-12-02 13:15:00,Short,2640.09,2641.1850000000004,-1.0950000000002547,SL Hit,2641.1850000000004,1,2952.874999999944,10.0,2.2199999999998,-2.7800000000002
2024-12-02 15:05:00,2024-12-02 18:50:00,Short,2641.3475,2637.2,33.18000000000029,SL Hit,2637.2,8,2986.0549999999444,225.0,7.622499999999945,-8.447499999999764
2024-12-02 18:55:00,2024-12-02 19:10:00,Long,2636.77,2636.77,0.0,SL Hit,2636.77,1,2986.0549999999444,15.0,-0.09999999999990905,1.4099999999998545
2024-12-02 21:25:00,2024-12-02 21:30:00,Short,2637.12,2637.57,-0.45000000000027285,SL Hit,2637.57,1,2985.604999999944,5.0,0.849999999999909,-0.6099999999996726
2024-12-02 21:55:00,2024-12-03 00:50:00,Long,2641.26,2641.7,2.639999999997599,SL Hit,2641.7,6,2988.2449999999417,175.0,-3.6600000000003092,2.8799999999996544
2024-12-03 05:40:00,2024-12-03 05:45:00,Short,2639.72,2640.485,-0.7650000000003274,SL Hit,2640.485,1,2987.4799999999414,5.0,1.1900000000000546,-1.1099999999996726
2024-12-03 07:40:00,2024-12-03 07:50:00,Short,2644.79,2645.6,-0.8099999999999454,SL Hit,2645.6,1,2986.6699999999414,10.0,1.1399999999998727,-0.38000000000010914
2024-12-03 08:00:00,2024-12-03 08:50:00,Short,2642.645,2642.12,1.050000000000182,SL Hit,2642.12,2,2987.7199999999416,50.0,2.675000000000182,-3.375
2024-12-03 10:40:00,2024-12-03 10:45:00,Short,2643.79,2644.075,-0.2849999999998545,SL Hit,2644.075,1,2987.4349999999417,5.0,0.36999999999989086,-0.9600000000000364
2024-12-03 12:05:00,2024-12-03 13:05:00,Short,2641.52,2641.79,-0.5399999999999636,SL Hit,2641.79,2,2986.894999999942,60.0,2.1100000000001273,-3.4600000000000364
2024-12-03 13:10:00,2024-12-03 15:00:00,Long,2644.8733333333334,2644.16,-2.140000000000782,SL Hit,2644.16,3,2984.754999999941,110.0,-5.063333333333503,10.096666666666351
2024-12-03 16:00:00,2024-12-03 16:05:00,Long,2640.69,2640.435,-0.25500000000010914,SL Hit,2640.435,1,2984.499999999941,5.0,-1.4800000000000182,2.1100000000001273
2024-12-03 17:40:00,2024-12-03 17:45:00,Short,2644.67,2644.7,-0.02999999999974534,SL Hit,2644.7,1,2984.469999999941,5.0,0.6700000000000728,-0.75
2024-12-03 18:40:00,2024-12-03 18:45:00,Short,2644.31,2644.31,0.0,SL Hit,2644.31,1,2984.469999999941,5.0,1.1799999999998363,-0.9499999999998181
2024-12-03 23:25:00,2024-12-03 23:30:00,Short,2641.71,2641.89,-0.1799999999998363,SL Hit,2641.89,1,2984.2899999999413,5.0,0.42000000000007276,-0.6300000000001091
2024-12-04 04:25:00,2024-12-04 04:35:00,Long,2645.3,2645.3,0.0,SL Hit,2645.3,1,2984.2899999999413,10.0,-1.1000000000003638,1.1599999999998545
2024-12-04 08:10:00,2024-12-04 08:45:00,Short,2641.01,2641.415,-0.40499999999974534,SL Hit,2641.415,1,2983.8849999999416,35.0,0.9099999999998545,-5.3100000000004
2024-12-04 09:05:00,2024-12-04 09:45:00,Long,2640.835,2640.26,-1.1499999999996362,SL Hit,2640.26,2,2982.734999999942,40.0,-2.0450000000000728,1.7649999999998727
2024-12-04 10:40:00,2024-12-04 12:20:00,Long,2643.4666666666667,2642.5,-2.900000000000091,SL Hit,2642.5,3,2979.834999999942,100.0,-2.466666666666697,3.883333333333212
2024-12-04 12:25:00,2024-12-04 13:20:00,Short,2640.955,2643.94,-5.970000000000255,SL Hit,2643.94,2,2973.8649999999416,55.0,3.2649999999998727,-7.485000000000127
2024-12-04 13:25:00,2024-12-04 13:35:00,Long,2643.62,2643.215,-0.40499999999974534,SL Hit,2643.215,1,2973.459999999942,10.0,-1.5399999999999636,3.519999999999982
2024-12-04 16:40:00,2024-12-04 17:15:00,Short,2651.91,2652.0600000000004,-0.1500000000005457,SL Hit,2652.0600000000004,1,2973.3099999999413,35.0,0.44000000000005457,-4.980000000000018
2024-12-05 01:45:00,2024-12-05 01:50:00,Short,2647.17,2647.17,0.0,SL Hit,2647.17,1,2973.3099999999413,5.0,0.15999999999985448,-0.8600000000001273
2024-12-05 02:15:00,2024-12-05 02:20:00,Short,2647.05,2647.245,-0.19499999999970896,SL Hit,2647.245,1,2973.1149999999416,5.0,0.23999999999978172,-1.0399999999999636
2024-12-05 04:30:00,2024-12-05 05:10:00,Short,2647.19,2647.26,-0.14000000000032742,SL Hit,2647.26,2,2972.9749999999412,40.0,1.1300000000001091,-1.4900000000002365
2024-12-05 05:15:00,2024-12-05 06:55:00,Long,2646.84,2646.84,0.0,SL Hit,2646.84,1,2972.9749999999412,100.0,-0.16000000000030923,8.489999999999782
2024-12-05 14:35:00,2024-12-05 15:50:00,Short,2642.52,2639.35,9.510000000000218,SL Hit,2639.35,3,2982.4849999999415,75.0,5.179999999999836,-10.579999999999927
2024-12-05 18:50:00,2024-12-05 20:10:00,Long,2629.3300000000004,2628.93,-1.200000000001637,SL Hit,2628.93,3,2981.28499999994,80.0,-1.6600000000003092,2.2599999999997635
2024-12-05 20:15:00,2024-12-05 20:35:00,Short,2629.56,2629.56,0.0,SL Hit,2629.56,1,2981.28499999994,20.0,0.5300000000002001,-1.3600000000001273
2024-12-05 23:55:00,2024-12-06 00:10:00,Long,2633.46,2631.7200000000003,-1.7399999999997817,SL Hit,2631.7200000000003,1,2979.54499999994,15.0,-1.849999999999909,0.15999999999985448
2024-12-06 03:00:00,2024-12-06 05:10:00,Long,2637.955,2641.4,13.780000000000655,SL Hit,2641.4,4,2993.3249999999407,130.0,-12.99499999999989,5.9050000000002
2024-12-06 05:15:00,2024-12-06 07:55:00,Short,2639.636,2639.41,1.1300000000005639,SL Hit,2639.41,5,2994.4549999999413,160.0,2.6539999999999964,-4.355999999999767
2024-12-06 08:05:00,2024-12-06 08:20:00,Long,2639.26,2638.8549999999996,-0.40500000000065484,SL Hit,2638.8549999999996,1,2994.0499999999406,15.0,-0.8900000000003274,2.0399999999999636
2024-12-06 12:05:00,2024-12-06 12:10:00,Short,2637.35,2637.35,0.0,SL Hit,2637.35,1,2994.0499999999406,5.0,1.9400000000000546,-0.9299999999998363
2024-12-06 13:15:00,2024-12-06 13:20:00,Short,2636.55,2636.55,0.0,SL Hit,2636.55,1,2994.0499999999406,5.0,1.099999999999909,-2.5399999999999636
2024-12-06 13:25:00,2024-12-06 13:30:00,Short,2637.26,2637.26,0.0,SL Hit,2637.26,1,2994.0499999999406,5.0,4.679999999999836,-5.5
2024-12-06 13:35:00,2024-12-06 14:05:00,Long,2636.9733333333334,2632.98,-11.980000000000018,SL Hit,2632.98,3,2982.0699999999406,30.0,-8.96333333333314,6.006666666666661
2024-12-06 19:45:00,2024-12-06 19:50:00,Short,2633.5,2633.92,-0.42000000000007276,SL Hit,2633.92,1,2981.6499999999405,5.0,0.8000000000001819,-0.5599999999999454
2024-12-09 00:15:00,2024-12-09 01:05:00,Short,2636.23,2636.425,-0.1950000000001637,SL Hit,2636.425,1,2981.4549999999404,50.0,1.1199999999998909,-9.0300000000002
2024-12-09 04:35:00,2024-12-09 05:10:00,Short,2636.73,2637.29,-1.1199999999998909,SL Hit,2637.29,2,2980.3349999999405,35.0,1.3099999999999454,-2.4299999999998363
2024-12-09 05:45:00,2024-12-09 05:50:00,Long,2638.92,2638.92,0.0,SL Hit,2638.92,1,2980.3349999999405,5.0,-0.7200000000002547,1.0199999999999818
2024-12-09 11:30:00,2024-12-09 11:40:00,Long,2655.59,2655.035,-0.555000000000291,SL Hit,2655.035,1,2979.77999999994,10.0,-1.6300000000001091,2.1799999999998363
2024-12-09 11:50:00,2024-12-09 12:00:00,Short,2656.52,2656.775,-0.25500000000010914,SL Hit,2656.775,1,2979.52499999994,10.0,1.5100000000002183,-1.7599999999997635
2024-12-09 12:45:00,2024-12-09 12:55:00,Short,2655.42,2655.42,0.0,SL Hit,2655.42,1,2979.52499999994,10.0,0.6900000000000546,-1.9600000000000364
2024-12-09 15:30:00,2024-12-09 15:40:00,Short,2671.85,2672.45,-0.599999999999909,SL Hit,2672.45,1,2978.92499999994,10.0,1.8400000000001455,-1.7199999999998
2024-12-09 19:50:00,2024-12-09 21:50:00,Short,2660.085,2660.28,-0.3900000000003274,SL Hit,2660.28,2,2978.53499999994,120.0,0.7550000000001091,-3.4850000000001273
2024-12-09 21:55:00,2024-12-09 23:40:00,Long,2659.7625,2659.7,-0.25,SL Hit,2659.7,4,2978.28499999994,105.0,-1.162499999999909,1.5775000000003274
2024-12-09 23:45:00,2024-12-10 00:50:00,Short,2660.8599999999997,2661.45,-1.180000000000291,SL Hit,2661.45,2,2977.1049999999395,65.0,1.0600000000004002,-3.9599999999995816
2024-12-10 02:40:00,2024-12-10 03:00:00,Long,2669.12,2668.3550000000005,-0.7649999999994179,SL Hit,2668.3550000000005,1,2976.33999999994,20.0,-1.6099999999996726,1.9900000000002365
2024-12-10 04:45:00,2024-12-10 06:50:00,Short,2670.2999999999997,2669.67,1.8899999999989632,SL Hit,2669.67,3,2978.229999999939,125.0,1.7600000000002183,-4.329999999999927
2024-12-10 08:45:00,2024-12-10 08:55:00,Long,2662.04,2662.04,0.0,SL Hit,2662.04,1,2978.229999999939,10.0,-0.13999999999987267,1.2200000000002547
2024-12-10 09:15:00,2024-12-10 09:25:00,Long,2664.4,2663.575,-0.8250000000002728,SL Hit,2663.575,1,2977.404999999939,10.0,-0.9900000000002365,1.0599999999999454
2024-12-10 09:55:00,2024-12-10 12:35:00,Long,2669.6825,2675.52,23.350000000000364,SL Hit,2675.52,4,3000.754999999939,160.0,-6.662499999999909,9.037499999999909
2024-12-10 15:30:00,2024-12-10 15:55:00,Short,2688.09,2688.285,-0.19499999999970896,SL Hit,2688.285,1,3000.5599999999395,25.0,1.0,-3.2800000000002
2024-12-10 18:30:00,2024-12-10 18:35:00,Long,2692.23,2691.9449999999997,-0.28500000000030923,SL Hit,2691.9449999999997,1,3000.274999999939,5.0,-0.5199999999999818,0.8000000000001819
2024-12-10 19:05:00,2024-12-10 19:15:00,Short,2692.11,2692.8,-0.6900000000000546,SL Hit,2692.8,1,2999.584999999939,10.0,1.1700000000000728,-0.8099999999999454
2024-12-10 19:20:00,2024-12-10 19:30:00,Long,2693.14,2691.3,-3.6799999999993815,SL Hit,2691.3,2,2995.9049999999397,10.0,-2.1399999999998727,1.25
2024-12-10 21:40:00,2024-12-11 00:00:00,Long,2693.5825,2693.9,1.2700000000004366,SL Hit,2693.9,4,2997.17499999994,140.0,-1.6824999999998909,4.547500000000127
2024-12-11 00:05:00,2024-12-11 00:15:00,Short,2694.69,2694.7200000000003,-0.03000000000020009,SL Hit,2694.7200000000003,1,2997.14499999994,10.0,0.30999999999994543,-2.3899999999998727
2024-12-11 00:30:00,2024-12-11 00:40:00,Long,2697.83,2697.74,-0.09000000000014552,SL Hit,2697.74,1,2997.05499999994,10.0,-0.5099999999997635,2.430000000000291
2024-12-11 01:05:00,2024-12-11 01:10:00,Short,2697.97,2698.36,-0.3900000000003274,SL Hit,2698.36,1,2996.6649999999395,5.0,2.0,-0.9299999999998363
2024-12-11 02:35:00,2024-12-11 02:40:00,Long,2701.8,2701.0649999999996,-0.7350000000005821,SL Hit,2701.0649999999996,1,2995.929999999939,5.0,-2.550000000000182,0.7899999999999636
2024-12-11 02:55:00,2024-12-11 03:15:00,Short,2699.865,2700.87,-2.0100000000002183,SL Hit,2700.87,2,2993.9199999999387,20.0,1.3350000000000364,-1.224999999999909
2024-12-11 06:15:00,2024-12-11 07:05:00,Long,2693.896666666667,2693.2,-2.0900000000015098,SL Hit,2693.2,3,2991.829999999937,50.0,-3.016666666666879,3.483333333333121
2024-12-11 08:10:00,2024-12-11 09:05:00,Long,2691.885,2688.28,-7.210000000000036,SL Hit,2688.28,2,2984.619999999937,55.0,-5.625,3.5649999999996
2024-12-11 12:10:00,2024-12-11 12:15:00,Short,2695.97,2696.585,-0.6150000000002365,SL Hit,2696.585,1,2984.004999999937,5.0,0.9400000000000546,-2.0
2024-12-11 14:00:00,2024-12-11 14:05:00,Long,2701.03,2701.03,0.0,SL Hit,2701.03,1,2984.004999999937,5.0,-2.0,2.569999999999709
2024-12-11 16:20:00,2024-12-11 16:35:00,Long,2714.32,2714.32,0.0,SL Hit,2714.32,1,2984.004999999937,15.0,-1.7100000000000364,3.919999999999618
2024-12-11 20:10:00,2024-12-11 20:25:00,Long,2718.63,2718.63,0.0,SL Hit,2718.63,1,2984.004999999937,15.0,-0.599999999999909,1.4200000000000728
2024-12-11 21:00:00,2024-12-11 21:10:00,Short,2715.6,2717.175,-1.5750000000002728,SL Hit,2717.175,1,2982.4299999999366,10.0,2.0900000000001455,-0.23999999999978172
2024-12-11 21:45:00,2024-12-11 21:50:00,Long,2717.52,2717.4300000000003,-0.08999999999969077,SL Hit,2717.4300000000003,1,2982.339999999937,5.0,-0.15999999999985448,0.6900000000000546
2024-12-11 23:05:00,2024-12-11 23:10:00,Short,2716.03,2716.54,-0.5099999999997635,SL Hit,2716.54,1,2981.829999999937,5.0,0.669999999999618,-0.9400000000000546
2024-12-12 00:10:00,2024-12-12 00:40:00,Long,2720.296666666667,2719.6,-2.0900000000015098,SL Hit,2719.6,3,2979.7399999999357,30.0,-0.7866666666668607,0.7133333333331393
2024-12-12 00:50:00,2024-12-12 01:05:00,Long,2721.375,2719.51,-3.7299999999995634,SL Hit,2719.51,2,2976.009999999936,15.0,-2.0650000000000546,4.3449999999998
2024-12-12 01:10:00,2024-12-12 03:15:00,Short,2710.603333333333,2706.42,12.549999999998818,SL Hit,2706.42,3,2988.559999999935,125.0,9.246666666666897,-15.603333333333012
2024-12-12 03:45:00,2024-12-12 06:10:00,Long,2711.1133333333332,2711.4,0.8600000000005821,SL Hit,2711.4,3,2989.4199999999355,145.0,-3.903333333333194,5.066666666666606
2024-12-12 06:55:00,2024-12-12 07:40:00,Long,2717.62,2717.61,-0.019999999999527063,SL Hit,2717.61,2,2989.399999999936,45.0,-1.5,2.3299999999999272
2024-12-12 09:20:00,2024-12-12 16:55:00,Short,2702.1645454545455,2682.45,216.86000000000286,SL Hit,2682.45,11,3206.259999999939,455.0,15.555454545454268,-26.92454545454575
2024-12-12 18:20:00,2024-12-12 18:25:00,Short,2684.24,2684.75,-0.5100000000002183,SL Hit,2684.75,1,3205.7499999999386,5.0,1.5400000000004184,-1.2399999999997817
2024-12-12 19:20:00,2024-12-12 19:30:00,Long,2684.6,2684.6,0.0,SL Hit,2684.6,1,3205.7499999999386,10.0,-0.849999999999909,0.9700000000002547
2024-12-12 19:35:00,2024-12-12 19:50:00,Short,2684.19,2684.3999999999996,-0.20999999999958163,SL Hit,2684.3999999999996,1,3205.539999999939,15.0,0.2899999999999636,-1.6900000000000546
2024-12-12 20:35:00,2024-12-12 23:20:00,Short,2681.8675000000003,2680.56,5.230000000001382,SL Hit,2680.56,4,3210.7699999999404,165.0,1.012499999999818,-2.867500000000291
2024-12-12 23:35:00,2024-12-12 23:50:00,Long,2680.1099999999997,2679.64,-0.9399999999995998,SL Hit,2679.64,2,3209.829999999941,15.0,-0.8099999999994907,0.4600000000004911
2024-12-13 00:40:00,2024-12-13 01:50:00,Long,2684.326666666667,2688.45,12.369999999998981,SL Hit,2688.45,3,3222.19999999994,70.0,-3.096666666666806,7.753333333333103
2024-12-13 04:40:00,2024-12-13 04:50:00,Short,2686.5699999999997,2687.16,-1.180000000000291,SL Hit,2687.16,2,3221.0199999999395,10.0,0.8400000000001455,-1.169999999999618
2024-12-13 06:10:00,2024-12-13 06:25:00,Long,2686.635,2685.39,-2.490000000000691,SL Hit,2685.39,2,3218.529999999939,15.0,-1.7350000000001273,0.9049999999997453
2024-12-13 08:20:00,2024-12-13 08:30:00,Long,2683.29,2682.6899999999996,-0.6000000000003638,SL Hit,2682.6899999999996,1,3217.9299999999384,10.0,-1.300000000000182,0.75
2024-12-13 09:50:00,2024-12-13 12:05:00,Short,2668.3633333333332,2666.97,4.180000000000291,SL Hit,2666.97,3,3222.1099999999387,135.0,2.7266666666669153,-5.063333333333048
2024-12-13 14:30:00,2024-12-13 15:40:00,Short,2659.2766666666666,2659.82,-1.6300000000005639,SL Hit,2659.82,3,3220.479999999938,70.0,2.8433333333332484,-4.766666666666424
2024-12-13 19:35:00,2024-12-13 19:40:00,Short,2653.6,2653.795,-0.1950000000001637,SL Hit,2653.795,1,3220.284999999938,5.0,0.2699999999999818,-0.36999999999989086
2024-12-13 20:50:00,2024-12-13 21:35:00,Short,2648.955,2649.31,-0.7100000000000364,SL Hit,2649.31,2,3219.574999999938,45.0,0.8250000000002728,-2.8049999999998363
2024-12-15 23:20:00,2024-12-16 00:35:00,Long,2649.55,2648.8,-2.25,SL Hit,2648.8,3,3217.324999999938,75.0,-1.650000000000091,3.1799999999998363
2024-12-16 00:45:00,2024-12-16 01:00:00,Short,2648.88,2648.88,0.0,SL Hit,2648.88,1,3217.324999999938,15.0,1.6199999999998909,-5.470000000000255
2024-12-16 07:00:00,2024-12-16 07:20:00,Short,2652.84,2653.84,-2.0,SL Hit,2653.84,2,3215.324999999938,20.0,1.8099999999999454,-1.3400000000001455
2024-12-16 07:45:00,2024-12-16 08:05:00,Long,2654.36,2652.9,-4.380000000000109,SL Hit,2652.9,3,3210.944999999938,20.0,-1.75,1.0399999999999636
2024-12-16 09:45:00,2024-12-16 09:50:00,Short,2656.49,2656.49,0.0,SL Hit,2656.49,1,3210.944999999938,5.0,1.2600000000002183,-0.6399999999998727
2024-12-16 10:35:00,2024-12-16 11:00:00,Long,2658.6400000000003,2658.16,-0.9600000000009459,SL Hit,2658.16,2,3209.984999999937,25.0,-0.7600000000002183,2.119999999999891
2024-12-16 17:15:00,2024-12-16 17:55:00,Long,2652.8500000000004,2652.7,-0.3000000000010914,SL Hit,2652.7,2,3209.684999999936,40.0,-1.8500000000003638,2.3599999999996726
2024-12-16 21:40:00,2024-12-16 23:00:00,Long,2652.23,2651.5,-1.4600000000000364,SL Hit,2651.5,2,3208.224999999936,80.0,-0.9299999999998363,0.3200000000001637
2024-12-16 23:05:00,2024-12-16 23:20:00,Short,2652.05,2652.47,-0.419999999999618,SL Hit,2652.47,1,3207.804999999936,15.0,0.4899999999997817,-0.42000000000007276
2024-12-16 23:55:00,2024-12-17 00:00:00,Short,2651.62,2651.8300000000004,-0.21000000000049113,SL Hit,2651.8300000000004,1,3207.5949999999357,5.0,1.6100000000001273,-0.15999999999985448
2024-12-17 04:40:00,2024-12-17 05:30:00,Short,2652.93,2653.2300000000005,-0.30000000000063665,SL Hit,2653.2300000000005,1,3207.294999999935,50.0,1.4500000000002728,-3.5299999999997453
2024-12-17 06:50:00,2024-12-17 07:00:00,Short,2647.58,2648.9750000000004,-1.3950000000004366,SL Hit,2648.9750000000004,1,3205.8999999999346,10.0,2.0,-0.27999999999974534
2024-12-17 13:40:00,2024-12-17 14:25:00,Short,2638.955,2639.63,-1.3500000000003638,SL Hit,2639.63,2,3204.5499999999342,45.0,4.184999999999945,-6.085000000000036
2024-12-17 14:35:00,2024-12-17 14:45:00,Long,2638.94,2638.3250000000003,-0.6149999999997817,SL Hit,2638.3250000000003,1,3203.9349999999345,10.0,-1.0599999999999454,1.3699999999998909
2024-12-17 16:45:00,2024-12-17 16:50:00,Long,2639.6,2639.6,0.0,SL Hit,2639.6,1,3203.9349999999345,5.0,-0.07999999999992724,1.650000000000091
2024-12-17 18:35:00,2024-12-17 18:40:00,Long,2647.65,2646.78,-0.8699999999998909,SL Hit,2646.78,1,3203.0649999999346,5.0,-1.1300000000001091,0.7399999999997817
2024-12-17 20:30:00,2024-12-17 20:40:00,Long,2646.4,2645.41,-0.9900000000002365,SL Hit,2645.41,1,3202.0749999999343,10.0,-1.3400000000001455,0.2899999999999636
2024-12-18 00:55:00,2024-12-18 01:00:00,Long,2649.22,2649.22,0.0,SL Hit,2649.22,1,3202.0749999999343,5.0,-1.319999999999709,1.3500000000003638
2024-12-18 01:05:00,2024-12-18 01:40:00,Long,2649.39,2649.18,-0.6300000000001091,SL Hit,2649.18,3,3201.444999999934,35.0,-0.9899999999997817,1.6600000000003092
2024-12-18 01:45:00,2024-12-18 01:55:00,Short,2650.86,2650.86,0.0,SL Hit,2650.86,1,3201.444999999934,10.0,0.5199999999999818,-2.400000000000091
2024-12-18 03:55:00,2024-12-18 05:10:00,Short,2645.48,2645.64,-0.31999999999970896,SL Hit,2645.64,2,3201.1249999999345,75.0,0.7300000000000182,-3.380000000000109
2024-12-18 07:20:00,2024-12-18 08:35:00,Short,2646.86,2646.995,-0.13499999999976353,Bullish Trade Reversal,2646.995,1,3200.9899999999348,75.0,0.8599999999996726,-4.650000000000091
2024-12-18 08:35:00,2024-12-18 09:15:00,Long,2646.75,2646.75,0.0,SL Hit,2646.75,1,3200.9899999999348,40.0,-0.2600000000002183,2.5100000000002183
2024-12-18 10:00:00,2024-12-18 10:05:00,Short,2646.56,2647.3999999999996,-0.8399999999996908,SL Hit,2647.3999999999996,1,3200.149999999935,5.0,0.900000000000091,-0.5799999999999272
2024-12-18 11:35:00,2024-12-18 12:35:00,Short,2647.145,2647.39,-0.4899999999997817,SL Hit,2647.39,2,3199.6599999999353,60.0,0.2849999999998545,-2.4549999999999272
2024-12-18 12:55:00,2024-12-18 13:20:00,Short,2644.49,2644.49,0.0,SL Hit,2644.49,1,3199.6599999999353,25.0,2.380000000000109,-2.9699999999998
2024-12-18 14:10:00,2024-12-18 15:45:00,Short,2638.8775,2637.58,5.190000000000509,SL Hit,2637.58,4,3204.849999999936,95.0,4.332499999999982,-4.747499999999945
2024-12-18 15:50:00,2024-12-18 16:00:00,Long,2636.14,2636.08,-0.05999999999994543,SL Hit,2636.08,1,3204.789999999936,10.0,-0.15000000000009095,2.0
2024-12-18 16:25:00,2024-12-18 16:40:00,Long,2637.145,2637.06,-0.17000000000007276,SL Hit,2637.06,2,3204.6199999999358,15.0,-2.6550000000002,0.7150000000001455
2024-12-18 18:30:00,2024-12-18 18:35:00,Long,2637.68,2637.59,-0.08999999999969077,SL Hit,2637.59,1,3204.529999999936,5.0,-0.8099999999999454,0.9800000000000182
2024-12-18 18:45:00,2024-12-18 18:55:00,Short,2636.23,2636.425,-0.1950000000001637,SL Hit,2636.425,1,3204.334999999936,10.0,0.4499999999998181,-0.8400000000001455
2024-12-18 21:45:00,2024-12-18 23:05:00,Short,2587.93,2587.93,0.0,SL Hit,2587.93,1,3204.334999999936,80.0,1.8099999999999454,-4.849999999999909
2024-12-19 02:25:00,2024-12-19 02:55:00,Short,2611.24,2611.24,0.0,SL Hit,2611.24,1,3204.334999999936,30.0,1.8600000000001273,-5.119999999999891
2024-12-19 07:10:00,2024-12-19 07:55:00,Long,2614.78,2615.72,2.8199999999987995,SL Hit,2615.72,3,3207.1549999999347,45.0,-1.1900000000000546,7.339999999999691
2024-12-19 08:00:00,2024-12-19 08:10:00,Short,2616.04,2616.04,0.0,SL Hit,2616.04,1,3207.1549999999347,10.0,0.03000000000020009,-3.0099999999997635
2024-12-19 09:20:00,2024-12-19 09:35:00,Long,2620.2250000000004,2619.61,-1.230000000000473,SL Hit,2619.61,2,3205.9249999999342,15.0,-1.0250000000005457,1.4849999999996726
2024-12-19 14:45:00,2024-12-19 16:25:00,Short,2592.42,2591.64,2.3400000000006003,SL Hit,2591.64,3,3208.264999999935,100.0,3.319999999999709,-5.4099999999998545
2024-12-19 18:05:00,2024-12-19 20:10:00,Long,2596.945,2596.83,-0.4600000000009459,SL Hit,2596.83,4,3207.804999999934,125.0,-4.975000000000364,3.8350000000000364
2024-12-19 23:40:00,2024-12-20 00:00:00,Short,2593.77,2593.77,0.0,SL Hit,2593.77,1,3207.804999999934,20.0,0.38000000000010914,-1.5300000000002
2024-12-20 00:25:00,2024-12-20 00:30:00,Short,2593.05,2594.0549999999994,-1.0049999999991996,SL Hit,2594.0549999999994,1,3206.7999999999347,5.0,1.7100000000000364,-0.13000000000010914
2024-12-20 00:50:00,2024-12-20 01:05:00,Short,2592.55,2592.91,-0.3599999999996726,SL Hit,2592.91,1,3206.439999999935,15.0,3.6599999999998545,-3.350000000000364
2024-12-20 01:30:00,2024-12-20 02:05:00,Long,2599.795,2598.79,-2.0100000000002183,SL Hit,2598.79,2,3204.429999999935,35.0,-2.7049999999999272,3.9549999999999272
2024-12-20 02:25:00,2024-12-20 03:25:00,Short,2597.0699999999997,2597.59,-1.5600000000013097,SL Hit,2597.59,3,3202.8699999999335,60.0,2.7500000000004547,-1.9699999999998
2024-12-20 04:05:00,2024-12-20 04:30:00,Long,2599.3,2598.3999999999996,-0.9000000000005457,SL Hit,2598.3999999999996,1,3201.969999999933,25.0,-1.0900000000001455,1.5599999999999454
2024-12-20 06:10:00,2024-12-20 07:30:00,Long,2603.6680000000006,2604.94,6.359999999997399,SL Hit,2604.94,5,3208.3299999999304,80.0,-3.298000000000684,3.6419999999993706
2024-12-20 08:15:00,2024-12-20 08:30:00,Long,2605.7749999999996,2604.55,-2.4499999999989086,SL Hit,2604.55,2,3205.8799999999314,15.0,-1.4549999999994725,1.7150000000001455
2024-12-20 08:35:00,2024-12-20 09:50:00,Short,2605.8366666666666,2606.18,-1.0299999999997453,SL Hit,2606.18,3,3204.8499999999317,75.0,1.1933333333336122,-2.5566666666663878
2024-12-20 10:25:00,2024-12-20 10:35:00,Long,2605.69,2605.4500000000003,-0.23999999999978172,SL Hit,2605.4500000000003,1,3204.609999999932,10.0,-0.8099999999999454,0.9400000000000546
2024-12-20 13:05:00,2024-12-20 13:20:00,Long,2603.89,2602.6600000000003,-1.2299999999995634,SL Hit,2602.6600000000003,1,3203.3799999999324,15.0,-1.949999999999818,1.1300000000001091
2024-12-20 13:25:00,2024-12-20 13:30:00,Short,2602.7,2602.925,-0.2250000000003638,SL Hit,2602.925,1,3203.154999999932,5.0,5.680000000000291,-1.699999999999818
2024-12-20 15:05:00,2024-12-20 17:30:00,Long,2623.4133333333334,2624.02,1.819999999999709,SL Hit,2624.02,3,3204.9749999999317,145.0,-6.793333333333521,7.516666666666424
2024-12-20 20:15:00,2024-12-20 20:25:00,Short,2626.17,2626.755,-0.5850000000000364,SL Hit,2626.755,1,3204.3899999999317,10.0,0.6100000000001273,-0.42000000000007276
2024-12-22 23:45:00,2024-12-22 23:50:00,Long,2622.3,2622.3,0.0,SL Hit,2622.3,1,3204.3899999999317,5.0,-0.1000000000003638,1.9899999999997817
2024-12-23 01:45:00,2024-12-23 01:55:00,Long,2620.61,2620.61,0.0,SL Hit,2620.61,1,3204.3899999999317,10.0,-0.05999999999994543,2.1700000000000728
2024-12-23 02:00:00,2024-12-23 06:00:00,Long,2624.765,2626.88,12.690000000001419,SL Hit,2626.88,6,3217.079999999933,240.0,-4.335000000000036,4.105000000000018
2024-12-23 06:30:00,2024-12-23 07:50:00,Long,2630.7866666666664,2630.3,-1.4599999999986721,SL Hit,2630.3,3,3215.6199999999344,80.0,-2.6266666666665515,2.1933333333336122
2024-12-23 07:55:00,2024-12-23 08:35:00,Short,2630.49,2630.49,0.0,SL Hit,2630.49,1,3215.6199999999344,40.0,1.330000000000382,-4.5
2024-12-23 09:35:00,2024-12-23 13:05:00,Short,2621.066,2615.82,26.2299999999982,SL Hit,2615.82,5,3241.8499999999326,210.0,8.444000000000415,-7.885999999999967
2024-12-23 13:40:00,2024-12-23 13:55:00,Long,2618.06,2617.565,-0.49499999999989086,SL Hit,2617.565,1,3241.3549999999327,15.0,-0.9800000000000182,1.5799999999999272
2024-12-23 14:30:00,2024-12-23 15:35:00,Short,2614.32,2613.81,1.0200000000004366,SL Hit,2613.81,2,3242.374999999933,65.0,4.129999999999654,-4.070000000000164
2024-12-23 16:40:00,2024-12-23 16:45:00,Long,2613.81,2613.7200000000003,-0.08999999999969077,SL Hit,2613.7200000000003,1,3242.2849999999335,5.0,-0.09000000000014552,1.7699999999999818
2024-12-23 19:45:00,2024-12-23 20:00:00,Short,2610.6549999999997,2611.42,-1.5300000000006548,SL Hit,2611.42,2,3240.754999999933,15.0,1.5050000000001091,-1.0549999999998363
2024-12-23 20:45:00,2024-12-23 20:55:00,Short,2610.78,2610.915,-0.13499999999976353,SL Hit,2610.915,1,3240.619999999933,10.0,0.1499999999996362,-1.7300000000000182
2024-12-23 21:00:00,2024-12-23 21:20:00,Short,2610.635,2610.93,-0.589999999999236,SL Hit,2610.93,2,3240.029999999934,20.0,0.7749999999996362,-0.8350000000000364
2024-12-24 00:10:00,2024-12-24 00:15:00,Long,2615.54,2615.045,-0.49499999999989086,SL Hit,2615.045,1,3239.534999999934,5.0,-0.9299999999998363,0.17000000000007276
2024-12-24 00:25:00,2024-12-24 00:35:00,Short,2614.68,2614.68,0.0,SL Hit,2614.68,1,3239.534999999934,10.0,0.03000000000020009,-1.6799999999998363
2024-12-24 02:50:00,2024-12-24 03:55:00,Short,2617.205,2617.75,-1.0900000000001455,SL Hit,2617.75,2,3238.4449999999338,65.0,1.0149999999998727,-2.005000000000109
2024-12-24 04:55:00,2024-12-24 05:55:00,Long,2619.6499999999996,2618.49,-3.4799999999995634,SL Hit,2618.49,3,3234.964999999934,60.0,-1.949999999999818,1.5200000000004366
2024-12-24 06:00:00,2024-12-24 06:45:00,Short,2618.35,2618.1,0.5,SL Hit,2618.1,2,3235.464999999934,45.0,0.650000000000091,-1.9699999999998
2024-12-24 09:05:00,2024-12-24 10:05:00,Short,2615.5025,2614.53,3.889999999999418,SL Hit,2614.53,4,3239.3549999999336,60.0,2.6174999999998363,-2.2424999999998363
2024-12-24 11:05:00,2024-12-24 11:10:00,Short,2614.74,2614.935,-0.1950000000001637,SL Hit,2614.935,1,3239.1599999999335,5.0,1.0200000000004366,-0.47999999999956344
2024-12-24 12:40:00,2024-12-24 12:45:00,Short,2614.87,2615.17,-0.3000000000001819,SL Hit,2615.17,1,3238.8599999999333,5.0,0.36999999999989086,-1.6099999999996726
2024-12-24 14:05:00,2024-12-24 14:15:00,Long,2613.92,2613.92,0.0,SL Hit,2613.92,1,3238.8599999999333,10.0,-0.4800000000000182,1.0900000000001455
2024-12-24 14:45:00,2024-12-24 16:05:00,Short,2611.6133333333332,2612.76,-3.440000000000964,SL Hit,2612.76,3,3235.4199999999323,80.0,2.0366666666668607,-1.7133333333331393
2024-12-24 16:10:00,2024-12-24 18:15:00,Long,2614.8033333333333,2615.5,2.0900000000001455,SL Hit,2615.5,3,3237.5099999999325,125.0,-2.413333333333412,4.336666666666588
2024-12-26 00:30:00,2024-12-26 00:45:00,Long,2619.72,2619.72,0.0,SL Hit,2619.72,1,3237.5099999999325,15.0,-0.11999999999989086,2.6600000000003092
2024-12-26 05:10:00,2024-12-26 05:15:00,Short,2626.46,2626.5049999999997,-0.04499999999961801,SL Hit,2626.5049999999997,1,3237.464999999933,5.0,0.1999999999998181,-0.7899999999999636
2024-12-26 07:30:00,2024-12-26 07:45:00,Short,2624.37,2624.565,-0.1950000000001637,SL Hit,2624.565,1,3237.2699999999327,15.0,0.849999999999909,-0.8699999999998909
2024-12-26 09:50:00,2024-12-26 09:55:00,Long,2627.54,2627.54,0.0,SL Hit,2627.54,1,3237.2699999999327,5.0,-0.5099999999997635,0.4499999999998181
2024-12-26 10:10:00,2024-12-26 11:35:00,Long,2628.2400000000002,2628.22,-0.10000000000218279,SL Hit,2628.22,5,3237.1699999999305,85.0,-1.6400000000003274,1.4299999999998363
2024-12-26 11:45:00,2024-12-26 13:00:00,Short,2627.23,2627.11,0.23999999999978172,SL Hit,2627.11,2,3237.4099999999303,75.0,3.0099999999997635,-2.630000000000109
2024-12-26 13:40:00,2024-12-26 14:15:00,Short,2625.1,2625.1,0.0,SL Hit,2625.1,1,3237.4099999999303,35.0,0.7300000000000182,-3.299999999999727
2024-12-26 20:25:00,2024-12-26 20:40:00,Long,2635.36,2634.7,-0.6600000000003092,SL Hit,2634.7,1,3236.74999999993,15.0,-1.1100000000001273,0.31999999999970896
2024-12-26 20:55:00,2024-12-26 23:45:00,Short,2633.456,2633.23,1.1300000000005639,SL Hit,2633.23,5,3237.8799999999305,170.0,1.1039999999998145,-8.96600000000035
2024-12-27 03:25:00,2024-12-27 03:30:00,Short,2632.73,2633.12,-0.38999999999987267,Bullish Trade Reversal,2633.12,1,3237.4899999999307,5.0,2.0799999999999272,-0.5300000000002001
2024-12-27 03:30:00,2024-12-27 04:30:00,Long,2633.4166666666665,2631.77,-4.9399999999996,SL Hit,2631.77,3,3232.549999999931,60.0,-1.916666666666515,1.6333333333336668
2024-12-27 04:35:00,2024-12-27 04:40:00,Short,2632.75,2632.96,-0.21000000000003638,SL Hit,2632.96,1,3232.339999999931,5.0,0.7600000000002183,-1.25
2024-12-27 04:45:00,2024-12-27 04:50:00,Long,2633.35,2632.915,-0.43499999999994543,SL Hit,2632.915,1,3231.904999999931,5.0,-0.75,0.36000000000012733
2024-12-27 04:55:00,2024-12-27 05:00:00,Long,2633.21,2633.0600000000004,-0.1499999999996362,SL Hit,2633.0600000000004,1,3231.7549999999314,5.0,-0.2699999999999818,0.5900000000001455
2024-12-27 05:55:00,2024-12-27 06:00:00,Short,2632.11,2632.41,-0.29999999999972715,SL Hit,2632.41,1,3231.4549999999317,5.0,0.40000000000009095,-0.7899999999999636
2024-12-27 07:15:00,2024-12-27 07:30:00,Long,2635.9,2635.9,0.0,SL Hit,2635.9,1,3231.4549999999317,15.0,-0.34999999999990905,1.9099999999998545
2024-12-27 10:05:00,2024-12-27 10:10:00,Short,2625.08,2625.29,-0.21000000000003638,SL Hit,2625.29,1,3231.2449999999317,5.0,0.40000000000009095,-0.8800000000001091
2024-12-27 11:30:00,2024-12-27 12:55:00,Long,2626.25,2625.5,-1.5,SL Hit,2625.5,2,3229.7449999999317,85.0,-0.9200000000000728,5.1599999999998545
2024-12-27 13:00:00,2024-12-27 13:15:00,Short,2625.71,2626.205,-0.49499999999989086,SL Hit,2626.205,1,3229.249999999932,15.0,1.3699999999998909,-3.6700000000000728
2024-12-27 16:35:00,2024-12-27 16:40:00,Long,2617.52,2617.52,0.0,SL Hit,2617.52,1,3229.249999999932,5.0,-0.8800000000001091,1.1700000000000728
2024-12-27 16:55:00,2024-12-27 17:00:00,Long,2617.38,2616.93,-0.45000000000027285,SL Hit,2616.93,1,3228.7999999999315,5.0,-1.7400000000002365,0.9299999999998363
2024-12-29 23:50:00,2024-12-30 00:10:00,Long,2623.65,2623.515,-0.13500000000021828,SL Hit,2623.515,1,3228.6649999999313,20.0,-0.25,1.2199999999998
2024-12-30 00:50:00,2024-12-30 01:00:00,Short,2623.21,2623.2549999999997,-0.04499999999961801,SL Hit,2623.2549999999997,1,3228.6199999999317,10.0,0.4099999999998545,-1.8099999999999454
2024-12-30 01:20:00,2024-12-30 01:50:00,Long,2624.19,2624.19,0.0,SL Hit,2624.19,1,3228.6199999999317,30.0,-0.3200000000001637,2.0700000000001637
2024-12-30 05:00:00,2024-12-30 05:05:00,Short,2621.99,2622.125,-0.13500000000021828,SL Hit,2622.125,1,3228.4849999999315,5.0,0.6900000000000546,-0.4399999999995998
2024-12-30 05:15:00,2024-12-30 05:20:00,Long,2623.19,2623.19,0.0,SL Hit,2623.19,1,3228.4849999999315,5.0,-0.5199999999999818,0.6999999999998181
2024-12-30 08:40:00,2024-12-30 09:15:00,Short,2615.2,2615.2,0.0,SL Hit,2615.2,1,3228.4849999999315,35.0,0.930000000000291,-5.419999999999618
2024-12-30 10:35:00,2024-12-30 10:45:00,Short,2612.58,2612.715,-0.13500000000021828,SL Hit,2612.715,1,3228.3499999999312,10.0,0.2699999999999818,-0.6700000000000728
2024-12-30 19:00:00,2024-12-30 19:05:00,Long,2605.95,2605.7250000000004,-0.2249999999994543,SL Hit,2605.7250000000004,1,3228.124999999932,5.0,-1.2100000000000364,0.3200000000001637
2024-12-30 19:50:00,2024-12-30 20:15:00,Long,2606.75,2606.4500000000003,-0.29999999999972715,SL Hit,2606.4500000000003,1,3227.824999999932,25.0,-0.4499999999998181,2.5300000000002
2024-12-30 21:30:00,2024-12-30 23:45:00,Short,2606.1833333333334,2606.16,0.07000000000061846,SL Hit,2606.16,3,3227.8949999999327,135.0,1.4466666666667152,-2.883333333333212
2024-12-31 02:20:00,2024-12-31 02:25:00,Short,2608.92,2609.235,-0.31500000000005457,SL Hit,2609.235,1,3227.5799999999326,5.0,0.38999999999987267,-0.5399999999999636
2024-12-31 03:35:00,2024-12-31 04:40:00,Short,2606.35,2606.425,-0.07500000000027285,SL Hit,2606.425,1,3227.5049999999324,65.0,0.5,-3.25
2024-12-31 05:45:00,2024-12-31 06:20:00,Short,2605.98,2606.85,-0.8699999999998909,SL Hit,2606.85,1,3226.6349999999325,35.0,1.6300000000001091,-2.9200000000000728
2024-12-31 06:35:00,2024-12-31 06:40:00,Long,2606.16,2606.16,0.0,SL Hit,2606.16,1,3226.6349999999325,5.0,-0.8599999999996726,0.6700000000000728
2024-12-31 07:00:00,2024-12-31 10:00:00,Long,2612.8540000000003,2614.08,6.12999999999829,SL Hit,2614.08,5,3232.7649999999308,180.0,-6.054000000000087,4.725999999999658
2024-12-31 10:15:00,2024-12-31 11:05:00,Short,2612.955,2613.32,-0.7300000000004729,SL Hit,2613.32,2,3232.0349999999303,50.0,1.6849999999999454,-2.255000000000109
2024-12-31 16:50:00,2024-12-31 17:00:00,Long,2625.59,2624.465,-1.125,SL Hit,2624.465,1,3230.9099999999303,10.0,-1.1600000000003092,0.2699999999999818
2024-12-31 17:55:00,2025-01-01 23:05:00,Short,2624.17,2624.98,-1.6199999999998909,SL Hit,2624.98,2,3229.2899999999304,1750.0,0.8400000000001455,-1.0199999999999818
2025-01-02 04:35:00,2025-01-02 04:50:00,Short,2632.6,2632.6,0.0,SL Hit,2632.6,1,3229.2899999999304,15.0,1.180000000000291,-1.5
2025-01-02 06:45:00,2025-01-02 07:20:00,Long,2633.4166666666665,2633.59,0.5200000000008913,SL Hit,2633.59,3,3229.8099999999313,35.0,-0.816666666666606,1.7433333333333394
2025-01-02 07:25:00,2025-01-02 07:55:00,Short,2634.365,2635.67,-2.610000000000582,SL Hit,2635.67,2,3227.1999999999307,30.0,1.4150000000004184,-1.3049999999998363
2025-01-02 14:50:00,2025-01-02 15:00:00,Long,2648.29,2646.9399999999996,-1.3500000000003638,SL Hit,2646.9399999999996,1,3225.8499999999303,10.0,-2.800000000000182,0.650000000000091
2025-01-02 15:30:00,2025-01-02 17:30:00,Long,2653.0099999999998,2654.3,3.870000000001255,SL Hit,2654.3,3,3229.7199999999316,120.0,-4.9399999999996,7.200000000000273
2025-01-02 21:15:00,2025-01-02 23:10:00,Short,2658.2349999999997,2658.05,0.36999999999898137,SL Hit,2658.05,2,3230.0899999999306,115.0,1.1150000000002365,-1.9949999999998909
2025-01-02 23:15:00,2025-01-02 23:50:00,Long,2658.3233333333333,2657.5,-2.4699999999998,SL Hit,2657.5,3,3227.6199999999308,35.0,-1.4233333333331757,0.9466666666667152
2025-01-03 03:05:00,2025-01-03 04:00:00,Long,2661.755,2662.07,0.6300000000001091,SL Hit,2662.07,2,3228.249999999931,55.0,-0.5950000000002547,3.0450000000000728
2025-01-03 04:40:00,2025-01-03 04:45:00,Short,2662.44,2662.44,0.0,SL Hit,2662.44,1,3228.249999999931,5.0,-0.0,-0.5199999999999818
2025-01-03 08:45:00,2025-01-03 09:00:00,Short,2653.06,2653.4049999999997,-0.3449999999997999,SL Hit,2653.4049999999997,1,3227.904999999931,15.0,2.1599999999998545,-3.019999999999982
2025-01-03 15:00:00,2025-01-03 16:00:00,Short,2646.8900000000003,2645.98,1.8200000000006185,SL Hit,2645.98,2,3229.7249999999317,60.0,1.3699999999998909,-5.9200000000005275
2025-01-03 18:20:00,2025-01-03 18:25:00,Short,2640.87,2640.93,-0.05999999999994543,SL Hit,2640.93,1,3229.6649999999318,5.0,0.2800000000002001,-1.569999999999709
2025-01-03 21:30:00,2025-01-03 21:40:00,Short,2637.255,2637.56,-0.6099999999996726,SL Hit,2637.56,2,3229.054999999932,10.0,2.674999999999727,-0.27500000000009095
2025-01-05 23:15:00,2025-01-05 23:30:00,Long,2639.7,2639.7,0.0,SL Hit,2639.7,1,3229.054999999932,15.0,0.0,2.550000000000182
2025-01-06 01:05:00,2025-01-06 02:00:00,Long,2643.46,2640.3,-6.319999999999709,SL Hit,2640.3,2,3222.7349999999324,55.0,-3.650000000000091,3.550000000000182
2025-01-06 02:30:00,2025-01-06 03:15:00,Long,2643.65,2643.2,-1.3500000000008185,SL Hit,2643.2,3,3221.3849999999316,45.0,-1.800000000000182,1.4899999999997817
2025-01-06 04:50:00,2025-01-06 07:05:00,Short,2634.225,2632.22,8.020000000000437,SL Hit,2632.22,4,3229.404999999932,135.0,2.394999999999982,-4.045000000000073
2025-01-06 10:55:00,2025-01-06 11:05:00,Long,2632.75,2632.615,-0.13500000000021828,SL Hit,2632.615,1,3229.2699999999318,10.0,-0.2300000000000182,2.25
2025-01-06 12:15:00,2025-01-06 12:35:00,Short,2643.99,2645.685,-1.6950000000001637,SL Hit,2645.685,1,3227.5749999999316,20.0,2.5300000000002,-1.919999999999618
2025-01-06 13:30:00,2025-01-06 14:45:00,Short,2631.7899999999995,2627.07,14.159999999998035,SL Hit,2627.07,3,3241.7349999999296,75.0,10.890000000000327,-17.129999999999654
2025-01-06 16:35:00,2025-01-06 17:15:00,Long,2639.135,2638.62,-1.0300000000006548,SL Hit,2638.62,2,3240.704999999929,40.0,-1.3650000000002365,1.8949999999999818
2025-01-06 18:00:00,2025-01-06 18:20:00,Short,2635.71,2637.2,-2.9799999999995634,SL Hit,2637.2,2,3237.7249999999294,20.0,2.2100000000000364,-1.949999999999818
2025-01-06 20:10:00,2025-01-06 20:15:00,Short,2634.01,2634.31,-0.29999999999972715,SL Hit,2634.31,1,3237.4249999999297,5.0,1.319999999999709,-0.830000000000382
2025-01-06 20:20:00,2025-01-06 20:25:00,Long,2634.3149999999996,2633.18,-2.269999999999527,SL Hit,2633.18,2,3235.15499999993,5.0,-1.6149999999997817,0.3350000000004911
2025-01-06 20:30:00,2025-01-06 20:40:00,Short,2633.98,2634.0699999999997,-0.08999999999969077,SL Hit,2634.0699999999997,1,3235.0649999999305,10.0,0.40000000000009095,-0.6300000000001091
2025-01-07 00:20:00,2025-01-07 00:30:00,Short,2633.73,2633.73,0.0,SL Hit,2633.73,1,3235.0649999999305,10.0,0.09999999999990905,-0.7400000000002365
2025-01-07 00:35:00,2025-01-07 00:45:00,Short,2633.42,2633.83,-0.819999999999709,SL Hit,2633.83,2,3234.2449999999308,10.0,1.1300000000001091,-1.3200000000001637
2025-01-07 01:45:00,2025-01-07 02:05:00,Long,2638.21,2638.21,0.0,SL Hit,2638.21,1,3234.2449999999308,20.0,-0.21000000000003638,2.800000000000182
2025-01-07 03:50:00,2025-01-07 03:55:00,Long,2638.48,2638.48,0.0,SL Hit,2638.48,1,3234.2449999999308,5.0,-0.38000000000010914,1.0199999999999818
2025-01-07 04:45:00,2025-01-07 04:50:00,Short,2638.12,2638.5249999999996,-0.40499999999974534,SL Hit,2638.5249999999996,1,3233.839999999931,5.0,1.3800000000001091,-1.2199999999998
2025-01-07 06:05:00,2025-01-07 06:20:00,Long,2645.465,2643.87,-3.1900000000005093,SL Hit,2643.87,2,3230.6499999999305,15.0,-2.325000000000273,0.8249999999998181
2025-01-07 06:45:00,2025-01-07 08:00:00,Short,2641.546666666667,2641.1,1.3400000000015098,SL Hit,2641.1,3,3231.989999999932,75.0,2.073333333332812,-3.3866666666672245
2025-01-07 08:20:00,2025-01-07 11:20:00,Long,2643.2685714285712,2642.8,-3.2799999999974716,SL Hit,2642.8,7,3228.7099999999346,180.0,-3.2685714285712493,3.511428571428951
2025-01-07 13:50:00,2025-01-07 14:00:00,Long,2660.81,2660.7650000000003,-0.04499999999961801,SL Hit,2660.7650000000003,1,3228.664999999935,10.0,-0.8400000000001455,3.1599999999998545
2025-01-07 19:25:00,2025-01-07 19:30:00,Short,2647.52,2647.79,-0.2699999999999818,SL Hit,2647.79,1,3228.394999999935,5.0,0.6399999999998727,-0.8200000000001637
2025-01-07 19:35:00,2025-01-07 19:40:00,Short,2648.16,2648.535,-0.375,SL Hit,2648.535,1,3228.019999999935,5.0,1.6900000000000546,-0.6900000000000546
2025-01-08 00:00:00,2025-01-08 00:55:00,Long,2649.4833333333336,2650.34,2.569999999999709,SL Hit,2650.34,3,3230.5899999999347,55.0,-1.183333333333394,1.736666666666224
2025-01-08 01:00:00,2025-01-08 01:40:00,Short,2648.9449999999997,2648.95,-0.010000000000218279,SL Hit,2648.95,2,3230.5799999999344,40.0,1.4950000000003456,-1.6349999999997635
2025-01-08 02:05:00,2025-01-08 02:10:00,Short,2648.12,2648.2699999999995,-0.1499999999996362,SL Hit,2648.2699999999995,1,3230.429999999935,5.0,0.2600000000002183,-0.599999999999909
2025-01-08 02:30:00,2025-01-08 02:40:00,Short,2646.61,2647.5549999999994,-0.9449999999992542,SL Hit,2647.5549999999994,1,3229.4849999999356,10.0,1.849999999999909,-1.5100000000002183
2025-01-08 02:50:00,2025-01-08 03:00:00,Long,2648.93,2648.63,-0.29999999999972715,SL Hit,2648.63,1,3229.184999999936,10.0,-0.7999999999997272,1.2000000000002728
2025-01-08 03:40:00,2025-01-08 03:45:00,Short,2646.43,2646.43,0.0,SL Hit,2646.43,1,3229.184999999936,5.0,0.830000000000382,-0.6399999999998727
2025-01-08 04:50:00,2025-01-08 04:55:00,Short,2646.24,2646.24,0.0,SL Hit,2646.24,1,3229.184999999936,5.0,0.5,-1.8399999999996908
2025-01-08 05:55:00,2025-01-08 06:00:00,Long,2649.87,2649.87,0.0,SL Hit,2649.87,1,3229.184999999936,5.0,-0.900000000000091,0.7100000000000364
2025-01-08 07:00:00,2025-01-08 07:40:00,Long,2652.5249999999996,2652.33,-0.3899999999994179,SL Hit,2652.33,2,3228.7949999999364,40.0,-0.7849999999998545,1.7250000000003638
2025-01-08 09:10:00,2025-01-08 09:15:00,Long,2653.32,2653.32,0.0,SL Hit,2653.32,1,3228.7949999999364,5.0,-0.1000000000003638,1.2799999999997453
2025-01-08 11:10:00,2025-01-08 12:45:00,Short,2651.0249999999996,2650.99,0.06999999999970896,SL Hit,2650.99,2,3228.864999999936,95.0,1.2850000000003092,-5.244999999999436
2025-01-08 16:30:00,2025-01-08 16:35:00,Long,2666.01,2665.7699999999995,-0.24000000000069122,SL Hit,2665.7699999999995,1,3228.6249999999354,5.0,-1.2800000000002,0.5499999999997272
2025-01-08 23:50:00,2025-01-09 00:05:00,Long,2662.76,2660.7200000000003,-2.0399999999999636,SL Hit,2660.7200000000003,1,3226.5849999999355,15.0,-2.5600000000004,0.15999999999985448
2025-01-09 00:25:00,2025-01-09 01:50:00,Short,2659.8475,2659.79,0.22999999999956344,SL Hit,2659.79,4,3226.814999999935,85.0,1.1725000000001273,-3.0474999999996726
2025-01-09 06:20:00,2025-01-09 07:50:00,Long,2661.8999999999996,2664.29,4.780000000000655,SL Hit,2664.29,2,3231.5949999999357,90.0,-3.1799999999998363,4.650000000000546
2025-01-09 10:20:00,2025-01-09 10:30:00,Long,2665.41,2665.41,0.0,SL Hit,2665.41,1,3231.5949999999357,10.0,0.0,1.2300000000000182
2025-01-09 11:05:00,2025-01-09 13:15:00,Long,2670.7285714285717,2671.41,4.769999999996799,SL Hit,2671.41,7,3236.3649999999325,130.0,-3.688571428571777,4.181428571428114
2025-01-09 14:25:00,2025-01-09 14:30:00,Short,2671.8,2671.8,0.0,SL Hit,2671.8,1,3236.3649999999325,5.0,0.669999999999618,-4.039999999999964
2025-01-09 15:50:00,2025-01-09 18:05:00,Short,2668.536,2666.58,9.780000000000655,SL Hit,2666.58,5,3246.144999999933,135.0,3.5140000000001237,-5.746000000000095
2025-01-09 19:10:00,2025-01-09 19:20:00,Short,2669.36,2669.675,-0.31500000000005457,SL Hit,2669.675,1,3245.829999999933,10.0,0.5,-1.4600000000000364
2025-01-09 20:15:00,2025-01-09 20:25:00,Short,2669.9,2670.1099999999997,-0.20999999999958163,SL Hit,2670.1099999999997,1,3245.6199999999335,10.0,0.5199999999999818,-0.7200000000002547
2025-01-09 21:40:00,2025-01-09 23:05:00,Long,2669.715,2669.05,-1.3299999999999272,SL Hit,2669.05,2,3244.2899999999336,85.0,-0.8150000000000546,1.074999999999818
2025-01-10 00:30:00,2025-01-10 00:35:00,Short,2669.91,2670.21,-0.3000000000001819,SL Hit,2670.21,1,3243.9899999999334,5.0,1.2100000000000364,-0.25
2025-01-10 00:40:00,2025-01-10 01:00:00,Long,2670.01,2669.7999999999997,-0.21000000000049113,SL Hit,2669.7999999999997,1,3243.779999999933,20.0,-0.3000000000001819,0.8599999999996726
2025-01-10 02:05:00,2025-01-10 03:05:00,Long,2672.2833333333333,2672.77,1.4600000000000364,SL Hit,2672.77,3,3245.239999999933,60.0,-2.783333333333303,2.186666666666497
2025-01-10 06:25:00,2025-01-10 06:30:00,Long,2675.25,2675.115,-0.13500000000021828,SL Hit,2675.115,1,3245.1049999999327,5.0,-0.13999999999987267,1.1700000000000728
2025-01-10 10:10:00,2025-01-10 11:45:00,Long,2680.995,2680.52,-1.8999999999996362,SL Hit,2680.52,4,3243.204999999933,95.0,-2.5949999999998,1.805000000000291
2025-01-10 11:50:00,2025-01-10 13:10:00,Short,2679.455,2679.58,-0.25,SL Hit,2679.58,2,3242.954999999933,80.0,2.474999999999909,-4.255000000000109
2025-01-10 14:20:00,2025-01-10 14:40:00,Long,2685.84,2684.55,-1.2899999999999636,SL Hit,2684.55,1,3241.664999999933,20.0,-1.430000000000291,6.789999999999964
2025-01-10 16:45:00,2025-01-10 18:10:00,Long,2694.5266666666666,2692.83,-5.0900000000001455,SL Hit,2692.83,3,3236.574999999933,85.0,-2.1766666666667334,2.7433333333333394
2025-01-10 21:50:00,2025-01-12 23:10:00,Short,2689.18,2690.26,-1.080000000000382,SL Hit,2690.26,1,3235.4949999999326,2960.0,1.3500000000003638,-2.869999999999891
2025-01-13 03:05:00,2025-01-13 04:00:00,Short,2687.96,2688.02,-0.05999999999994543,SL Hit,2688.02,1,3235.4349999999326,55.0,1.900000000000091,-3.0599999999999454
2025-01-13 07:35:00,2025-01-13 08:00:00,Short,2687.97,2687.97,0.0,SL Hit,2687.97,1,3235.4349999999326,25.0,0.38000000000010914,-3.569999999999709
2025-01-13 08:25:00,2025-01-13 08:30:00,Short,2686.17,2686.755,-0.5850000000000364,SL Hit,2686.755,1,3234.8499999999326,5.0,1.569999999999709,-0.5100000000002183
2025-01-13 08:50:00,2025-01-13 09:00:00,Long,2686.27,2686.27,0.0,SL Hit,2686.27,1,3234.8499999999326,10.0,-0.6300000000001091,1.4600000000000364
2025-01-13 09:20:00,2025-01-13 09:30:00,Short,2686.08,2686.4700000000003,-0.3900000000003274,SL Hit,2686.4700000000003,1,3234.4599999999323,10.0,1.9500000000002728,-3.5299999999997453
2025-01-13 11:15:00,2025-01-13 14:45:00,Short,2673.9016666666666,2670.37,21.19000000000051,SL Hit,2670.37,6,3255.649999999933,210.0,6.598333333333358,-9.901666666666642
2025-01-13 15:50:00,2025-01-13 16:05:00,Short,2665.05,2665.995,-0.944999999999709,SL Hit,2665.995,1,3254.704999999933,15.0,1.4600000000000364,-3.9900000000002365
2025-01-13 21:30:00,2025-01-13 21:35:00,Long,2662.67,2662.385,-0.2849999999998545,SL Hit,2662.385,1,3254.419999999933,5.0,-0.5700000000001637,0.38999999999987267
2025-01-14 02:40:00,2025-01-14 03:20:00,Long,2671.2,2668.95,-4.5,SL Hit,2668.95,2,3249.919999999933,40.0,-2.699999999999818,0.8600000000001273
2025-01-14 06:55:00,2025-01-14 07:00:00,Long,2668.49,2668.49,0.0,SL Hit,2668.49,1,3249.919999999933,5.0,-0.2199999999997999,1.7100000000000364
2025-01-14 07:10:00,2025-01-14 07:30:00,Long,2669.275,2668.27,-2.0100000000002183,SL Hit,2668.27,2,3247.909999999933,20.0,-2.275000000000091,1.324999999999818
2025-01-14 09:40:00,2025-01-14 09:45:00,Short,2666.41,2666.86,-0.45000000000027285,SL Hit,2666.86,1,3247.4599999999327,5.0,0.8400000000001455,-1.3899999999998727
2025-01-14 11:35:00,2025-01-14 11:45:00,Long,2666.78,2665.9699999999993,-0.8100000000008549,SL Hit,2665.9699999999993,1,3246.649999999932,10.0,-1.680000000000291,1.1099999999996726
2025-01-14 12:45:00,2025-01-14 13:00:00,Short,2668.78,2668.78,0.0,SL Hit,2668.78,1,3246.649999999932,15.0,1.7799999999997453,-2.1100000000001273
2025-01-14 14:10:00,2025-01-14 14:15:00,Short,2661.78,2661.78,0.0,SL Hit,2661.78,1,3246.649999999932,5.0,1.819999999999709,-1.9900000000002365
2025-01-14 16:25:00,2025-01-14 16:30:00,Long,2670.94,2670.79,-0.15000000000009095,SL Hit,2670.79,1,3246.499999999932,5.0,-1.0199999999999818,1.2699999999999818
2025-01-14 18:00:00,2025-01-14 18:30:00,Short,2668.41,2669.2650000000003,-0.8550000000004729,SL Hit,2669.2650000000003,1,3245.6449999999313,30.0,1.550000000000182,-2.9099999999998545
2025-01-14 19:55:00,2025-01-14 20:00:00,Long,2673.88,2673.205,-0.6750000000001819,SL Hit,2673.205,1,3244.969999999931,5.0,-1.0799999999999272,0.6700000000000728
2025-01-14 23:45:00,2025-01-14 23:55:00,Short,2674.6,2674.72,-0.11999999999989086,SL Hit,2674.72,1,3244.8499999999312,10.0,0.9800000000000182,-0.6599999999998545
2025-01-15 07:35:00,2025-01-15 07:45:00,Long,2682.14,2682.02,-0.11999999999989086,SL Hit,2682.02,1,3244.7299999999314,10.0,-0.5,1.6900000000000546
2025-01-15 09:25:00,2025-01-15 11:35:00,Long,2686.1059999999998,2685.58,-2.6299999999991996,SL Hit,2685.58,5,3242.099999999932,130.0,-2.0159999999996217,2.6940000000004147
2025-01-15 17:40:00,2025-01-15 21:30:00,Long,2693.258571428571,2693.6,2.3900000000021464,SL Hit,2693.6,7,3244.4899999999343,230.0,-3.158571428571122,3.7014285714290054
2025-01-15 21:35:00,2025-01-15 21:40:00,Short,2694.11,2694.2,-0.08999999999969077,SL Hit,2694.2,1,3244.3999999999346,5.0,0.21000000000003638,-0.9100000000003092
2025-01-15 23:05:00,2025-01-16 00:15:00,Short,2695.143333333333,2695.14,0.009999999999308784,SL Hit,2695.14,3,3244.409999999934,70.0,2.646666666666988,-2.153333333333194
2025-01-16 03:40:00,2025-01-16 03:45:00,Long,2696.78,2696.5099999999998,-0.27000000000043656,SL Hit,2696.5099999999998,1,3244.1399999999335,5.0,-0.8200000000001637,0.5499999999997272
2025-01-16 04:50:00,2025-01-16 04:55:00,Long,2697.33,2697.21,-0.11999999999989086,SL Hit,2697.21,1,3244.0199999999336,5.0,-0.17000000000007276,0.2600000000002183
2025-01-16 05:10:00,2025-01-16 07:05:00,Short,2694.975,2694.98,-0.010000000000218279,SL Hit,2694.98,2,3244.0099999999334,115.0,1.2350000000001273,-4.974999999999909
2025-01-16 07:55:00,2025-01-16 08:50:00,Long,2698.6199999999994,2698.5,-0.35999999999830834,SL Hit,2698.5,3,3243.649999999935,55.0,-1.6999999999993634,4.510000000000673
2025-01-16 09:00:00,2025-01-16 09:05:00,Short,2699.12,2699.12,0.0,SL Hit,2699.12,1,3243.649999999935,5.0,1.0199999999999818,-1.1399999999998727
2025-01-16 09:45:00,2025-01-16 12:00:00,Long,2706.4075000000003,2705.18,-4.9100000000016735,SL Hit,2705.18,4,3238.7399999999334,135.0,-2.5575000000003456,4.262499999999818
2025-01-16 12:05:00,2025-01-16 13:10:00,Short,2704.275,2705.2,-1.8499999999994543,SL Hit,2705.2,2,3236.889999999934,65.0,2.4549999999999272,-3.3150000000000546
2025-01-16 14:35:00,2025-01-16 14:45:00,Short,2716.85,2717.6,-0.75,SL Hit,2717.6,1,3236.139999999934,10.0,1.150000000000091,-2.9899999999997817
2025-01-16 14:50:00,2025-01-16 15:05:00,Long,2717.27,2715.575,-1.6950000000001637,SL Hit,2715.575,1,3234.4449999999338,15.0,-2.199999999999818,1.7400000000002365
2025-01-16 16:15:00,2025-01-16 16:20:00,Long,2718.5,2718.4700000000003,-0.02999999999974534,SL Hit,2718.4700000000003,1,3234.414999999934,5.0,-0.5700000000001637,1.1100000000001273
2025-01-16 16:40:00,2025-01-16 17:50:00,Long,2721.1266666666666,2721.0,-0.3799999999996544,SL Hit,2721.0,3,3234.0349999999344,70.0,-2.916666666666515,3.2733333333335395
2025-01-16 19:55:00,2025-01-16 20:15:00,Short,2714.6949999999997,2715.51,-1.6300000000010186,SL Hit,2715.51,2,3232.4049999999334,20.0,1.5450000000000728,-1.394999999999527
2025-01-16 20:20:00,2025-01-16 20:50:00,Short,2716.2250000000004,2716.65,-0.8499999999994543,SL Hit,2716.65,2,3231.554999999934,30.0,0.6149999999997817,-1.2650000000003274
2025-01-16 20:55:00,2025-01-16 21:00:00,Long,2715.55,2715.1,-0.9000000000005457,SL Hit,2715.1,2,3230.6549999999334,5.0,-1.2899999999999636,0.669999999999618
2025-01-17 04:30:00,2025-01-17 04:40:00,Short,2715.3,2715.3,0.0,SL Hit,2715.3,1,3230.6549999999334,10.0,0.07999999999992724,-1.7000000000002728
2025-01-17 05:25:00,2025-01-17 06:10:00,Short,2713.13,2713.02,0.22000000000025466,SL Hit,2713.02,2,3230.8749999999336,45.0,1.3800000000001091,-1.930000000000291
2025-01-17 07:00:00,2025-01-17 07:35:00,Long,2712.693333333333,2711.47,-3.6700000000000728,SL Hit,2711.47,3,3227.2049999999335,35.0,-1.3933333333329756,1.7366666666666788
2025-01-17 09:20:00,2025-01-17 11:15:00,Short,2706.605,2705.94,1.3299999999999272,SL Hit,2705.94,2,3228.5349999999335,115.0,3.2049999999999272,-3.2049999999999272
2025-01-17 12:30:00,2025-01-17 13:00:00,Long,2710.36,2709.4,-2.880000000000109,SL Hit,2709.4,3,3225.6549999999334,30.0,-1.0599999999999454,1.1199999999998909
2025-01-17 14:40:00,2025-01-17 16:55:00,Long,2711.704,2714.5,13.979999999999109,SL Hit,2714.5,5,3239.6349999999325,135.0,-5.594000000000051,5.49599999999964
2025-01-17 17:00:00,2025-01-19 23:10:00,Short,2707.653333333333,2702.16,32.960000000000036,SL Hit,2702.16,6,3272.5949999999325,3250.0,8.596666666666806,-8.96333333333314
2025-01-20 01:00:00,2025-01-20 01:30:00,Short,2693.45,2694.1850000000004,-0.7350000000005821,SL Hit,2694.1850000000004,1,3271.859999999932,30.0,2.0900000000001455,-4.549999999999727
2025-01-20 02:35:00,2025-01-20 04:30:00,Long,2699.486666666666,2702.3,8.440000000001874,SL Hit,2702.3,3,3280.299999999934,115.0,-3.636666666666315,4.793333333333976
2025-01-20 05:50:00,2025-01-20 07:40:00,Long,2705.4266666666667,2705.4,-0.07999999999992724,SL Hit,2705.4,3,3280.219999999934,110.0,-1.7266666666669153,8.14333333333343
2025-01-20 08:45:00,2025-01-20 09:05:00,Long,2705.62,2705.3949999999995,-0.2250000000003638,SL Hit,2705.3949999999995,1,3279.9949999999335,20.0,-0.849999999999909,3.0300000000002
2025-01-20 10:25:00,2025-01-20 11:20:00,Long,2708.645,2707.97,-1.3500000000003638,SL Hit,2707.97,2,3278.644999999933,55.0,-1.324999999999818,3.1150000000002365
2025-01-20 11:30:00,2025-01-20 12:05:00,Short,2708.32,2708.62,-0.29999999999972715,SL Hit,2708.62,1,3278.3449999999334,35.0,1.2199999999998,-3.1200000000003456
2025-01-20 14:05:00,2025-01-20 14:45:00,Long,2709.0733333333333,2708.6,-1.4200000000000728,SL Hit,2708.6,3,3276.9249999999333,40.0,-1.2633333333333212,2.086666666666588
2025-01-20 16:15:00,2025-01-20 16:20:00,Short,2706.56,2706.6050000000005,-0.04500000000052751,SL Hit,2706.6050000000005,1,3276.879999999933,5.0,0.6399999999998727,-2.4200000000000728
2025-01-20 16:45:00,2025-01-20 17:25:00,Long,2707.585,2704.77,-5.630000000000109,SL Hit,2704.77,2,3271.2499999999327,40.0,-3.0650000000000546,1.6050000000000182
2025-01-20 18:55:00,2025-01-20 19:00:00,Long,2709.35,2709.2750000000005,-0.07499999999936335,SL Hit,2709.2750000000005,1,3271.1749999999333,5.0,-0.38999999999987267,1.3299999999999272
2025-01-21 00:20:00,2025-01-21 00:30:00,Short,2710.18,2710.54,-0.36000000000012733,SL Hit,2710.54,1,3270.814999999933,10.0,0.8400000000001455,-1.1799999999998363
2025-01-21 00:45:00,2025-01-21 01:10:00,Short,2707.295,2710.45,-6.309999999999491,SL Hit,2710.45,2,3264.5049999999337,25.0,3.2950000000000728,-4.1150000000002365
2025-01-21 04:35:00,2025-01-21 04:40:00,Long,2725.62,2724.4049999999997,-1.2150000000001455,SL Hit,2724.4049999999997,1,3263.2899999999336,5.0,-2.019999999999982,0.7899999999999636
2025-01-21 08:50:00,2025-01-21 09:00:00,Short,2723.11,2723.11,0.0,SL Hit,2723.11,1,3263.2899999999336,10.0,0.4899999999997817,-3.8299999999999272
2025-01-21 10:15:00,2025-01-21 10:20:00,Short,2721.31,2721.31,0.0,SL Hit,2721.31,1,3263.2899999999336,5.0,1.2300000000000182,-1.1599999999998545
2025-01-21 10:40:00,2025-01-21 10:45:00,Short,2720.17,2720.17,0.0,SL Hit,2720.17,1,3263.2899999999336,5.0,0.11999999999989086,-1.2800000000002
2025-01-21 11:05:00,2025-01-21 11:25:00,Short,2718.48,2719.095,-0.6149999999997817,SL Hit,2719.095,1,3262.674999999934,20.0,1.5399999999999636,-1.9200000000000728
2025-01-21 16:00:00,2025-01-21 17:45:00,Long,2741.873333333333,2741.52,-1.059999999999036,SL Hit,2741.52,3,3261.6149999999348,105.0,-3.9633333333331393,3.596666666666806
2025-01-21 17:55:00,2025-01-21 18:05:00,Short,2742.11,2742.11,0.0,SL Hit,2742.11,1,3261.6149999999348,10.0,0.6999999999998181,-2.2899999999999636
2025-01-21 19:50:00,2025-01-21 19:55:00,Short,2742.8,2742.8,0.0,SL Hit,2742.8,1,3261.6149999999348,5.0,0.21000000000003638,-0.47000000000025466
2025-01-21 23:55:00,2025-01-22 00:10:00,Long,2743.63,2743.63,0.0,SL Hit,2743.63,1,3261.6149999999348,15.0,-0.8299999999999272,1.4699999999998
2025-01-22 01:45:00,2025-01-22 02:10:00,Short,2748.085,2749.09,-2.0100000000002183,SL Hit,2749.09,2,3259.6049999999345,25.0,1.1549999999997453,-1.4850000000001273
2025-01-22 02:20:00,2025-01-22 02:25:00,Long,2748.18,2748.18,0.0,SL Hit,2748.18,1,3259.6049999999345,5.0,-1.0799999999999272,0.6700000000000728
2025-01-22 02:40:00,2025-01-22 02:45:00,Short,2747.59,2748.085,-0.49499999999989086,SL Hit,2748.085,1,3259.1099999999346,5.0,0.5399999999999636,-1.5300000000002
2025-01-22 08:35:00,2025-01-22 10:50:00,Long,2756.71,2759.55,11.360000000000582,SL Hit,2759.55,4,3270.469999999935,135.0,-5.599999999999909,6.389999999999873
2025-01-22 11:00:00,2025-01-22 12:50:00,Short,2757.31,2757.41,-0.1999999999998181,SL Hit,2757.41,2,3270.2699999999354,110.0,2.769999999999982,-5.480000000000018
2025-01-22 12:55:00,2025-01-22 13:20:00,Long,2757.85,2756.875,-0.974999999999909,SL Hit,2756.875,1,3269.2949999999355,25.0,-2.0,3.450000000000273
2025-01-22 20:15:00,2025-01-22 20:55:00,Short,2755.8,2756.21,-0.819999999999709,SL Hit,2756.21,2,3268.474999999936,40.0,1.1299999999996544,-1.2000000000002728
2025-01-22 23:05:00,2025-01-22 23:15:00,Short,2755.06,2755.165,-0.10500000000001819,SL Hit,2755.165,1,3268.3699999999358,10.0,0.17000000000007276,-1.0599999999999454
2025-01-22 23:55:00,2025-01-23 00:00:00,Long,2754.76,2754.76,0.0,SL Hit,2754.76,1,3268.3699999999358,5.0,-1.4500000000002728,1.0099999999997635
2025-01-23 01:20:00,2025-01-23 01:25:00,Short,2754.81,2754.81,0.0,SL Hit,2754.81,1,3268.3699999999358,5.0,0.0500000000001819,-1.7100000000000364
2025-01-23 02:35:00,2025-01-23 02:50:00,Long,2752.82,2752.1749999999997,-0.6450000000004366,SL Hit,2752.1749999999997,1,3267.7249999999353,15.0,-0.7000000000002728,0.32999999999992724
2025-01-23 03:55:00,2025-01-23 04:00:00,Short,2750.04,2750.04,0.0,SL Hit,2750.04,1,3267.7249999999353,5.0,1.0700000000001637,-0.4299999999998363
2025-01-23 05:55:00,2025-01-23 06:00:00,Short,2752.22,2752.505,-0.28500000000030923,SL Hit,2752.505,1,3267.439999999935,5.0,0.7100000000000364,-0.9800000000000182
2025-01-23 06:10:00,2025-01-23 06:15:00,Long,2753.12,2753.12,0.0,SL Hit,2753.12,1,3267.439999999935,5.0,-0.04999999999972715,0.7100000000000364
2025-01-23 10:15:00,2025-01-23 12:10:00,Long,2749.95,2751.02,2.1400000000003274,SL Hit,2751.02,2,3269.5799999999354,115.0,-3.7799999999997453,4.300000000000182
2025-01-23 13:00:00,2025-01-23 14:30:00,Short,2744.495,2746.1,-3.2100000000000364,SL Hit,2746.1,2,3266.3699999999353,90.0,2.4450000000001637,-8.404999999999745
2025-01-23 21:50:00,2025-01-23 23:05:00,Long,2753.68,2753.4850000000006,-0.19499999999925421,SL Hit,2753.4850000000006,1,3266.174999999936,75.0,-1.1799999999998363,0.9600000000000364
2025-01-23 23:35:00,2025-01-24 01:40:00,Long,2756.5824999999995,2758.88,9.190000000002328,SL Hit,2758.88,4,3275.3649999999384,125.0,-3.482499999999618,5.207500000000437
2025-01-24 08:00:00,2025-01-24 08:05:00,Short,2772.65,2772.65,0.0,SL Hit,2772.65,1,3275.3649999999384,5.0,0.03999999999996362,-1.599999999999909
2025-01-24 09:15:00,2025-01-24 09:30:00,Long,2774.65,2774.65,0.0,SL Hit,2774.65,1,3275.3649999999384,15.0,-0.7899999999999636,2.6599999999998545
2025-01-24 11:25:00,2025-01-24 14:10:00,Long,2779.214,2780.3,5.4300000000012005,SL Hit,2780.3,5,3280.7949999999396,165.0,-3.44399999999996,4.985999999999876
2025-01-24 19:10:00,2025-01-24 19:15:00,Short,2772.59,2772.59,0.0,SL Hit,2772.59,1,3280.7949999999396,5.0,0.09999999999990905,-1.6900000000000546
2025-01-26 23:50:00,2025-01-27 00:20:00,Long,2767.02,2765.9,-2.2399999999997817,SL Hit,2765.9,2,3278.55499999994,30.0,-1.2199999999998,1.6199999999998909
2025-01-27 00:55:00,2025-01-27 01:25:00,Long,2769.7999999999997,2769.5,-0.8999999999991815,SL Hit,2769.5,3,3277.6549999999406,30.0,-1.8899999999998727,2.460000000000491
2025-01-27 03:45:00,2025-01-27 04:00:00,Long,2760.2749999999996,2759.86,-0.8299999999990177,SL Hit,2759.86,2,3276.8249999999416,15.0,-1.6749999999997272,1.2950000000005275
2025-01-27 04:05:00,2025-01-27 08:05:00,Short,2755.22,2752.59,10.519999999998618,SL Hit,2752.59,4,3287.3449999999402,240.0,5.130000000000109,-7.619999999999891
2025-01-27 08:10:00,2025-01-27 12:15:00,Long,2760.943333333333,2765.15,25.2400000000016,SL Hit,2765.15,6,3312.584999999942,245.0,-8.99333333333334,10.53666666666686
2025-01-27 13:25:00,2025-01-27 18:25:00,Short,2744.35875,2735.48,71.02999999999884,SL Hit,2735.48,8,3383.6149999999407,300.0,15.361249999999927,-13.198750000000018
2025-01-27 19:05:00,2025-01-27 21:50:00,Long,2739.478,2740.1,3.109999999999218,SL Hit,2740.1,5,3386.72499999994,165.0,-2.568000000000211,4.141999999999825
2025-01-27 21:55:00,2025-01-27 23:00:00,Short,2740.88,2740.88,0.0,SL Hit,2740.88,1,3386.72499999994,65.0,0.05999999999994543,-0.7899999999999636
2025-01-27 23:10:00,2025-01-27 23:25:00,Short,2740.34,2741.9,-3.119999999999891,SL Hit,2741.9,2,3383.60499999994,15.0,3.4200000000000728,-1.5399999999999636
2025-01-28 00:35:00,2025-01-28 01:55:00,Long,2743.575,2742.02,-6.219999999999345,SL Hit,2742.02,4,3377.3849999999406,80.0,-3.6149999999997817,1.3850000000002183
2025-01-28 02:35:00,2025-01-28 02:40:00,Short,2739.97,2739.97,0.0,SL Hit,2739.97,1,3377.3849999999406,5.0,-0.0,-1.5299999999997453
2025-01-28 02:45:00,2025-01-28 03:10:00,Short,2739.475,2740.2,-1.449999999999818,SL Hit,2740.2,2,3375.934999999941,25.0,1.6649999999999636,-1.074999999999818
2025-01-28 03:40:00,2025-01-28 03:45:00,Short,2738.75,2738.75,0.0,SL Hit,2738.75,1,3375.934999999941,5.0,0.15999999999985448,-0.9299999999998363
2025-01-28 07:30:00,2025-01-28 07:35:00,Long,2742.35,2741.675,-0.6749999999997272,SL Hit,2741.675,1,3375.259999999941,5.0,-1.2999999999997272,0.38000000000010914
2025-01-28 07:55:00,2025-01-28 08:00:00,Short,2739.21,2739.4799999999996,-0.26999999999952706,SL Hit,2739.4799999999996,1,3374.9899999999416,5.0,0.3400000000001455,-0.9200000000000728
2025-01-28 10:05:00,2025-01-28 10:15:00,Long,2743.61,2743.61,0.0,SL Hit,2743.61,1,3374.9899999999416,10.0,-0.3900000000003274,1.3399999999996908
2025-01-28 12:35:00,2025-01-28 12:40:00,Long,2743.28,2743.28,0.0,SL Hit,2743.28,1,3374.9899999999416,5.0,-0.3700000000003456,0.6199999999998909
2025-01-28 12:50:00,2025-01-28 17:30:00,Long,2753.68,2757.62,23.640000000000327,SL Hit,2757.62,6,3398.629999999942,280.0,-9.960000000000036,5.410000000000309
2025-01-28 17:35:00,2025-01-28 17:40:00,Short,2758.49,2758.6100000000006,-0.12000000000080036,SL Hit,2758.6100000000006,1,3398.509999999941,5.0,0.330000000000382,-1.0899999999996908
2025-01-28 20:55:00,2025-01-28 21:00:00,Long,2763.83,2763.83,0.0,SL Hit,2763.83,1,3398.509999999941,5.0,-1.1199999999998909,0.8699999999998909
2025-01-28 21:55:00,2025-01-28 23:05:00,Short,2763.33,2763.4350000000004,-0.10500000000047294,SL Hit,2763.4350000000004,1,3398.4049999999406,70.0,0.5900000000001455,-1.3299999999999272
2025-01-28 23:30:00,2025-01-28 23:40:00,Short,2763.43,2763.5950000000003,-0.16500000000041837,SL Hit,2763.5950000000003,1,3398.23999999994,10.0,0.20000000000027285,-1.3299999999999272
2025-01-29 05:25:00,2025-01-29 08:00:00,Short,2760.5275,2760.18,1.390000000001237,SL Hit,2760.18,4,3399.6299999999414,155.0,1.9224999999996726,-3.0775000000003274
2025-01-29 10:00:00,2025-01-29 10:05:00,Short,2762.63,2762.75,-0.11999999999989086,SL Hit,2762.75,1,3399.5099999999416,5.0,0.2899999999999636,-0.3900000000003274
2025-01-29 10:15:00,2025-01-29 13:00:00,Short,2759.1516666666666,2757.92,7.389999999999418,SL Hit,2757.92,6,3406.899999999941,165.0,2.6683333333335213,-3.7616666666667697
2025-01-29 13:05:00,2025-01-29 13:15:00,Long,2757.1850000000004,2755.39,-3.590000000001055,SL Hit,2755.39,2,3403.30999999994,10.0,-4.495000000000346,0.35499999999956344
2025-01-30 01:45:00,2025-01-30 03:15:00,Short,2760.0175,2760.36,-1.3700000000008004,SL Hit,2760.36,4,3401.939999999939,90.0,0.9425000000001091,-1.6174999999998363
2025-01-30 03:30:00,2025-01-30 04:30:00,Long,2760.41,2760.41,0.0,SL Hit,2760.41,1,3401.939999999939,60.0,-0.10999999999967258,2.7100000000000364
2025-01-30 06:05:00,2025-01-30 06:15:00,Long,2760.43,2760.2350000000006,-0.19499999999925421,SL Hit,2760.2350000000006,1,3401.74499999994,10.0,-0.32999999999992724,1.3800000000001091
2025-01-30 06:45:00,2025-01-30 13:30:00,Long,2774.9288888888887,2779.68,42.76000000000067,SL Hit,2779.68,9,3444.5049999999405,405.0,-13.598888888888723,7.711111111111222
2025-01-30 15:10:00,2025-01-30 17:00:00,Long,2790.4133333333334,2790.37,-0.1300000000005639,SL Hit,2790.37,3,3444.37499999994,110.0,-3.4933333333333394,7.706666666666479
2025-01-30 20:15:00,2025-01-30 20:35:00,Long,2793.3,2793.3,0.0,SL Hit,2793.3,1,3444.37499999994,20.0,-0.5399999999999636,2.8599999999996726
2025-01-31 02:05:00,2025-01-31 04:00:00,Long,2796.8725000000004,2795.7,-4.690000000002328,SL Hit,2795.7,4,3439.6849999999376,115.0,-1.7225000000003092,1.0974999999993997
2025-01-31 04:45:00,2025-01-31 04:50:00,Long,2795.86,2794.42,-1.4400000000000546,SL Hit,2794.42,1,3438.2449999999376,5.0,-2.0599999999999454,0.33999999999969077
2025-01-31 07:15:00,2025-01-31 08:20:00,Long,2796.09,2794.905,-1.1849999999999454,SL Hit,2794.905,1,3437.0599999999376,65.0,-1.9800000000000182,4.4699999999998
2025-01-31 09:10:00,2025-01-31 09:15:00,Long,2794.15,2794.0,-0.15000000000009095,SL Hit,2794.0,1,3436.9099999999376,5.0,-0.43000000000029104,0.849999999999909
2025-01-31 13:40:00,2025-01-31 14:20:00,Short,2806.5933333333337,2806.79,-0.5899999999987813,SL Hit,2806.79,3,3436.319999999939,40.0,1.5766666666663696,-2.0033333333335577
2025-01-31 19:50:00,2025-01-31 20:40:00,Short,2797.17,2797.25,-0.15999999999985448,SL Hit,2797.25,2,3436.159999999939,50.0,1.4899999999997817,-3.050000000000182
2025-02-03 00:40:00,2025-02-03 00:50:00,Long,2793.16,2792.47,-0.6900000000000546,SL Hit,2792.47,1,3435.469999999939,10.0,-1.7899999999999636,1.9700000000002547
2025-02-03 02:00:00,2025-02-03 04:00:00,Short,2777.5499999999997,2776.36,4.759999999998399,SL Hit,2776.36,4,3440.2299999999373,120.0,4.790000000000418,-5.339999999999691
2025-02-03 05:15:00,2025-02-03 09:15:00,Long,2787.932857142857,2796.14,57.45000000000118,SL Hit,2796.14,7,3497.6799999999384,240.0,-6.922857142856628,11.887142857143317
2025-02-03 09:30:00,2025-02-03 10:05:00,Long,2798.26,2794.4,-7.720000000000255,SL Hit,2794.4,2,3489.959999999938,35.0,-4.480000000000018,1.8599999999996726
2025-02-03 10:30:00,2025-02-03 10:40:00,Short,2794.76,2795.135,-0.375,SL Hit,2795.135,1,3489.584999999938,10.0,1.8799999999996544,-1.5300000000002
2025-02-03 12:35:00,2025-02-03 16:45:00,Long,2813.3799999999997,2818.37,29.94000000000142,SL Hit,2818.37,6,3519.5249999999396,250.0,-11.4699999999998,16.470000000000255
2025-02-03 20:50:00,2025-02-03 20:55:00,Short,2816.27,2816.3450000000003,-0.07500000000027285,SL Hit,2816.3450000000003,1,3519.4499999999393,5.0,0.5,-0.6799999999998363
2025-02-03 21:00:00,2025-02-03 23:50:00,Short,2814.6499999999996,2814.15,1.999999999998181,SL Hit,2814.15,4,3521.4499999999375,170.0,2.6700000000005275,-3.7499999999995453
2025-02-03 23:55:00,2025-02-04 04:50:00,Long,2816.9714285714285,2818.2,8.599999999999,SL Hit,2818.2,7,3530.0499999999365,295.0,-5.5714285714284415,7.0785714285716494
2025-02-04 09:15:00,2025-02-04 10:20:00,Long,2815.71,2815.6349999999998,-0.07500000000027285,SL Hit,2815.6349999999998,1,3529.9749999999362,65.0,-0.11000000000012733,5.880000000000109
2025-02-04 11:30:00,2025-02-04 15:35:00,Long,2828.726666666667,2840.04,67.87999999999829,SL Hit,2840.04,6,3597.8549999999345,245.0,-14.426666666666733,16.073333333333267
2025-02-04 16:05:00,2025-02-04 16:10:00,Short,2837.03,2837.03,0.0,SL Hit,2837.03,1,3597.8549999999345,5.0,1.7300000000000182,-2.8200000000001637
2025-02-04 16:15:00,2025-02-04 17:00:00,Long,2838.7799999999997,2839.61,1.660000000000764,SL Hit,2839.61,2,3599.5149999999353,45.0,-1.819999999999709,3.2700000000004366
2025-02-04 17:20:00,2025-02-04 18:50:00,Long,2843.4533333333334,2842.6,-2.5600000000004,SL Hit,2842.6,3,3596.954999999935,90.0,-2.303333333333285,1.3366666666665878
2025-02-04 19:05:00,2025-02-04 19:10:00,Short,2843.3,2843.33,-0.02999999999974534,SL Hit,2843.33,1,3596.924999999935,5.0,0.4299999999998363,-0.580000000000382
2025-02-04 21:15:00,2025-02-05 00:25:00,Short,2841.603333333333,2841.96,-1.0700000000010732,SL Hit,2841.96,3,3595.854999999934,190.0,1.3066666666668425,-2.403333333333194
2025-02-05 01:25:00,2025-02-05 02:00:00,Short,2843.58,2844.8849999999998,-1.3049999999998363,SL Hit,2844.8849999999998,1,3594.5499999999342,35.0,3.8299999999999272,-4.480000000000018
2025-02-05 03:30:00,2025-02-05 03:35:00,Long,2853.46,2853.4,-0.05999999999994543,SL Hit,2853.4,1,3594.4899999999343,5.0,-0.42000000000007276,0.6300000000001091
2025-02-05 08:20:00,2025-02-05 10:15:00,Long,2867.286666666667,2869.39,6.309999999999036,SL Hit,2869.39,3,3600.7999999999333,115.0,-2.5566666666668425,4.643333333332976
2025-02-05 10:25:00,2025-02-05 10:50:00,Long,2871.615,2869.1,-5.029999999999745,SL Hit,2869.1,2,3595.7699999999336,25.0,-4.294999999999618,4.825000000000273
2025-02-05 11:15:00,2025-02-05 11:25:00,Short,2866.66,2868.7750000000005,-2.115000000000691,SL Hit,2868.7750000000005,1,3593.654999999933,10.0,2.900000000000091,-0.9499999999998181
2025-02-05 12:55:00,2025-02-05 13:15:00,Long,2869.585,2867.01,-5.149999999999636,SL Hit,2867.01,2,3588.5049999999333,20.0,-2.875,1.025000000000091
2025-02-05 14:55:00,2025-02-05 16:15:00,Long,2872.385,2866.07,-12.63000000000011,SL Hit,2866.07,2,3575.874999999933,80.0,-7.425000000000182,9.625
2025-02-05 18:20:00,2025-02-05 20:25:00,Short,2866.6299999999997,2864.59,6.119999999998527,SL Hit,2864.59,3,3581.9949999999317,125.0,4.520000000000437,-4.3299999999994725
2025-02-06 00:25:00,2025-02-06 00:35:00,Short,2867.95,2867.95,0.0,SL Hit,2867.95,1,3581.9949999999317,10.0,0.08000000000038199,-1.6499999999996362
2025-02-06 01:05:00,2025-02-06 01:55:00,Short,2866.04,2870.41,-8.739999999999782,SL Hit,2870.41,2,3573.254999999932,50.0,5.550000000000182,-2.2399999999997817
2025-02-06 03:05:00,2025-02-06 04:00:00,Short,2869.74,2870.115,-0.375,SL Hit,2870.115,1,3572.879999999932,55.0,2.2700000000004366,-5.199999999999818
2025-02-06 06:30:00,2025-02-06 06:35:00,Long,2869.45,2869.45,0.0,SL Hit,2869.45,1,3572.879999999932,5.0,-1.5199999999999818,1.6600000000003092
2025-02-06 06:50:00,2025-02-06 07:25:00,Short,2860.795,2861.18,-0.7699999999995271,SL Hit,2861.18,2,3572.1099999999324,35.0,0.8049999999998363,-2.394999999999982
2025-02-06 07:45:00,2025-02-06 08:35:00,Short,2855.215,2856.32,-2.2100000000000364,SL Hit,2856.32,2,3569.8999999999323,50.0,4.474999999999909,-5.934999999999945
2025-02-06 09:10:00,2025-02-06 09:15:00,Long,2857.82,2856.995,-0.8250000000002728,SL Hit,2856.995,1,3569.074999999932,5.0,-1.8700000000003456,1.6299999999996544
2025-02-06 10:45:00,2025-02-06 10:55:00,Long,2860.11,2859.87,-0.24000000000023647,SL Hit,2859.87,1,3568.834999999932,10.0,-2.180000000000291,1.2999999999997272
2025-02-06 14:45:00,2025-02-06 15:40:00,Short,2849.9849999999997,2847.45,5.069999999999709,SL Hit,2847.45,2,3573.9049999999315,55.0,6.325000000000273,-14.724999999999454
2025-02-06 17:05:00,2025-02-06 17:50:00,Short,2850.52,2851.23,-2.130000000000109,SL Hit,2851.23,3,3571.7749999999314,45.0,1.1599999999998545,-1.650000000000091
2025-02-06 19:30:00,2025-02-06 19:45:00,Short,2850.95,2851.67,-0.7200000000002547,SL Hit,2851.67,1,3571.054999999931,15.0,2.430000000000291,-0.34999999999990905
2025-02-06 21:50:00,2025-02-06 21:55:00,Long,2856.45,2856.075,-0.375,SL Hit,2856.075,1,3570.679999999931,5.0,-0.819999999999709,0.4600000000000364
2025-02-07 03:15:00,2025-02-07 03:40:00,Short,2868.0,2868.09,-0.09000000000014552,SL Hit,2868.09,1,3570.589999999931,25.0,0.5399999999999636,-0.8600000000001273
2025-02-07 03:55:00,2025-02-07 04:10:00,Short,2868.0,2868.165,-0.16499999999996362,SL Hit,2868.165,1,3570.424999999931,15.0,0.3200000000001637,-2.1399999999998727
2025-02-07 04:25:00,2025-02-07 04:50:00,Long,2868.1400000000003,2867.2,-1.8800000000010186,SL Hit,2867.2,2,3568.54499999993,25.0,-1.080000000000382,1.1099999999996726
2025-02-07 05:35:00,2025-02-07 06:25:00,Short,2864.99,2865.125,-0.13500000000021828,SL Hit,2865.125,1,3568.40999999993,50.0,0.8000000000001819,-4.549999999999727
2025-02-07 07:55:00,2025-02-07 08:00:00,Long,2863.97,2863.6550000000007,-0.3149999999991451,SL Hit,2863.6550000000007,1,3568.0949999999307,5.0,-0.6199999999998909,0.6300000000001091
2025-02-07 08:15:00,2025-02-07 08:20:00,Long,2865.63,2865.33,-0.3000000000001819,SL Hit,2865.33,1,3567.7949999999305,5.0,-0.5700000000001637,0.7300000000000182
2025-02-07 09:05:00,2025-02-07 10:05:00,Long,2867.105,2867.13,0.0500000000001819,SL Hit,2867.13,2,3567.8449999999307,60.0,-1.4349999999999454,3.0450000000000728
2025-02-07 11:55:00,2025-02-07 12:00:00,Long,2867.08,2866.96,-0.11999999999989086,SL Hit,2866.96,1,3567.724999999931,5.0,-0.11999999999989086,0.7200000000002547
2025-02-07 13:45:00,2025-02-07 13:50:00,Long,2862.48,2859.915,-2.5650000000000546,SL Hit,2859.915,1,3565.1599999999307,5.0,-3.5,1.6599999999998545
2025-02-07 15:05:00,2025-02-07 16:00:00,Long,2878.11,2873.8049999999994,-4.305000000000746,SL Hit,2873.8049999999994,1,3560.85499999993,55.0,-6.380000000000109,8.129999999999654
2025-02-07 16:10:00,2025-02-07 17:55:00,Short,2866.73,2858.59,16.279999999999745,SL Hit,2858.59,2,3577.1349999999297,105.0,10.309999999999945,-13.039999999999964
2025-02-07 21:05:00,2025-02-07 21:35:00,Long,2860.5,2860.5,0.0,SL Hit,2860.5,1,3577.1349999999297,30.0,-0.8000000000001819,2.3200000000001637
2025-02-09 23:45:00,2025-02-09 23:50:00,Long,2867.17,2866.9449999999997,-0.2250000000003638,SL Hit,2866.9449999999997,1,3576.9099999999294,5.0,-0.40000000000009095,1.4899999999997817
2025-02-10 02:50:00,2025-02-10 03:45:00,Short,2873.1200000000003,2874.08,-2.879999999998745,SL Hit,2874.08,3,3574.0299999999306,55.0,1.2399999999997817,-2.0200000000004366
2025-02-10 04:35:00,2025-02-10 04:40:00,Long,2876.61,2875.485,-1.125,SL Hit,2875.485,1,3572.9049999999306,5.0,-1.3099999999999454,2.3799999999996544
2025-02-10 05:35:00,2025-02-10 05:40:00,Short,2878.01,2878.5950000000003,-0.5850000000000364,SL Hit,2878.5950000000003,1,3572.3199999999306,5.0,0.6999999999998181,-1.3100000000004002
2025-02-10 07:55:00,2025-02-10 10:30:00,Long,2896.2725,2899.35,12.30999999999949,SL Hit,2899.35,4,3584.62999999993,155.0,-3.962500000000091,9.6875
2025-02-10 12:00:00,2025-02-10 12:05:00,Long,2904.91,2904.6400000000003,-0.26999999999952706,SL Hit,2904.6400000000003,1,3584.3599999999306,5.0,-0.5499999999997272,0.6600000000003092
2025-02-10 13:05:00,2025-02-10 13:10:00,Short,2903.98,2904.4449999999997,-0.46499999999969077,SL Hit,2904.4449999999997,1,3583.894999999931,5.0,1.4899999999997817,-0.8600000000001273
2025-02-10 14:25:00,2025-02-10 15:45:00,Long,2905.2,2906.05,1.7000000000007276,SL Hit,2906.05,2,3585.5949999999316,80.0,-3.649999999999636,5.800000000000182
2025-02-10 16:30:00,2025-02-10 17:55:00,Short,2903.5550000000003,2902.8,1.5100000000002183,SL Hit,2902.8,2,3587.104999999932,85.0,2.8149999999996,-6.795000000000073
2025-02-10 18:15:00,2025-02-10 19:10:00,Long,2904.2899999999995,2904.51,0.6600000000021282,SL Hit,2904.51,3,3587.764999999934,55.0,-1.1799999999993815,2.450000000000273
2025-02-10 19:15:00,2025-02-10 20:15:00,Short,2904.5299999999997,2905.05,-1.0400000000008731,SL Hit,2905.05,2,3586.724999999933,60.0,1.1400000000003274,-1.9299999999998363
2025-02-11 00:50:00,2025-02-11 01:00:00,Long,2921.81,2921.2699999999995,-0.5400000000004184,SL Hit,2921.2699999999995,1,3586.1849999999326,10.0,-1.0299999999997453,2.230000000000018
2025-02-11 04:30:00,2025-02-11 04:45:00,Long,2918.6000000000004,2918.14,-0.9200000000009823,SL Hit,2918.14,2,3585.2649999999317,15.0,-1.300000000000182,1.669999999999618
2025-02-11 06:45:00,2025-02-11 10:30:00,Short,2911.132857142857,2906.5,32.429999999999836,SL Hit,2906.5,7,3617.6949999999315,225.0,7.177142857142826,-8.692857142857065
2025-02-11 11:40:00,2025-02-11 11:50:00,Short,2903.86,2905.585,-1.724999999999909,SL Hit,2905.585,1,3615.9699999999316,10.0,2.6900000000000546,-0.24000000000023647
2025-02-11 15:00:00,2025-02-11 15:05:00,Short,2897.09,2897.45,-0.3599999999996726,SL Hit,2897.45,1,3615.609999999932,5.0,2.0799999999999272,-5.680000000000291
2025-02-11 15:40:00,2025-02-11 16:35:00,Long,2904.955,2903.65,-2.6099999999996726,SL Hit,2903.65,2,3612.9999999999322,55.0,-2.9549999999999272,3.244999999999891
2025-02-11 16:40:00,2025-02-11 16:55:00,Short,2904.89,2904.89,0.0,SL Hit,2904.89,1,3612.9999999999322,15.0,0.3200000000001637,-2.2199999999998
2025-02-11 19:25:00,2025-02-11 19:40:00,Short,2902.79,2902.79,0.0,SL Hit,2902.79,1,3612.9999999999322,15.0,0.36999999999989086,-2.349999999999909
2025-02-12 00:30:00,2025-02-12 01:00:00,Short,2895.81,2896.08,-0.2699999999999818,SL Hit,2896.08,1,3612.7299999999323,30.0,1.4600000000000364,-6.289999999999964
2025-02-12 03:40:00,2025-02-12 03:50:00,Short,2889.24,2889.24,0.0,SL Hit,2889.24,1,3612.7299999999323,10.0,0.020000000000436557,-2.2099999999995816
2025-02-12 04:25:00,2025-02-12 04:30:00,Long,2888.97,2887.8149999999996,-1.1550000000002,SL Hit,2887.8149999999996,1,3611.574999999932,5.0,-3.149999999999636,1.300000000000182
2025-02-12 05:40:00,2025-02-12 07:30:00,Long,2890.01,2891.74,6.919999999998254,SL Hit,2891.74,4,3618.4949999999303,110.0,-4.370000000000346,5.369999999999891
2025-02-12 12:45:00,2025-02-12 13:10:00,Long,2882.9700000000003,2881.2,-3.540000000000873,SL Hit,2881.2,2,3614.9549999999294,25.0,-6.070000000000164,2.619999999999891
2025-02-12 15:00:00,2025-02-12 15:55:00,Short,2894.4700000000003,2895.28,-1.6199999999998909,SL Hit,2895.28,2,3613.3349999999296,55.0,0.9699999999997999,-7.3400000000001455
2025-02-12 16:05:00,2025-02-12 16:15:00,Long,2893.69,2893.495,-0.1950000000001637,SL Hit,2893.495,1,3613.1399999999294,10.0,-1.5900000000001455,1.1300000000001091
2025-02-12 16:40:00,2025-02-12 18:00:00,Long,2899.5299999999997,2901.9,4.740000000000691,SL Hit,2901.9,2,3617.87999999993,80.0,-4.2599999999997635,9.41000000000031
2025-02-12 18:25:00,2025-02-12 18:30:00,Short,2902.36,2902.36,0.0,SL Hit,2902.36,1,3617.87999999993,5.0,0.42000000000007276,-1.2100000000000364
2025-02-12 19:00:00,2025-02-12 20:25:00,Short,2898.5150000000003,2898.71,-0.3899999999994179,SL Hit,2898.71,2,3617.4899999999307,85.0,2.8149999999996,-4.495000000000346
2025-02-12 23:30:00,2025-02-12 23:45:00,Short,2902.34,2902.34,0.0,SL Hit,2902.34,1,3617.4899999999307,15.0,1.3099999999999454,-1.9400000000000546
2025-02-13 02:00:00,2025-02-13 04:15:00,Long,2910.5733333333333,2916.14,16.699999999999818,SL Hit,2916.14,3,3634.1899999999305,135.0,-5.083333333333485,7.676666666666733
2025-02-13 04:45:00,2025-02-13 04:50:00,Long,2916.82,2916.82,0.0,SL Hit,2916.82,1,3634.1899999999305,5.0,-0.12000000000034561,2.1399999999998727
2025-02-13 07:30:00,2025-02-13 07:40:00,Long,2917.46,2914.76,-5.399999999999636,SL Hit,2914.76,2,3628.789999999931,10.0,-4.079999999999927,2.5299999999997453
2025-02-13 09:45:00,2025-02-13 11:20:00,Long,2916.816,2916.54,-1.3799999999991996,SL Hit,2916.54,5,3627.4099999999316,95.0,-3.076000000000022,2.4840000000003783
2025-02-13 11:50:00,2025-02-13 11:55:00,Short,2916.49,2916.835,-0.34500000000025466,SL Hit,2916.835,1,3627.0649999999314,5.0,1.1000000000003638,-0.6399999999998727
2025-02-13 12:05:00,2025-02-13 13:00:00,Long,2918.7466666666664,2917.0,-5.239999999999327,SL Hit,2917.0,3,3621.824999999932,55.0,-5.266666666666424,2.2833333333337578
2025-02-13 13:20:00,2025-02-13 13:30:00,Short,2915.82,2915.82,0.0,SL Hit,2915.82,1,3621.824999999932,10.0,1.25,-6.710000000000036
2025-02-13 13:35:00,2025-02-13 14:35:00,Short,2911.9466666666667,2913.34,-4.180000000000291,SL Hit,2913.34,3,3617.6449999999318,60.0,2.2233333333333576,-4.936666666666497
2025-02-13 16:45:00,2025-02-13 17:20:00,Short,2916.98,2916.98,0.0,SL Hit,2916.98,1,3617.6449999999318,35.0,0.13999999999987267,-4.0
2025-02-13 18:35:00,2025-02-13 18:40:00,Long,2917.2,2917.2,0.0,SL Hit,2917.2,1,3617.6449999999318,5.0,-1.7699999999999818,2.130000000000109
2025-02-13 18:45:00,2025-02-13 20:05:00,Long,2923.3224999999998,2925.27,7.790000000000873,SL Hit,2925.27,4,3625.4349999999326,80.0,-6.2524999999996,3.637500000000273
2025-02-13 21:40:00,2025-02-13 23:20:00,Short,2928.895,2929.25,-0.7100000000000364,SL Hit,2929.25,2,3624.7249999999326,100.0,0.9650000000001455,-1.8949999999999818
2025-02-14 02:15:00,2025-02-14 02:20:00,Short,2927.6,2927.6,0.0,SL Hit,2927.6,1,3624.7249999999326,5.0,0.40000000000009095,-1.5199999999999818
2025-02-14 05:35:00,2025-02-14 07:20:00,Long,2930.6775000000002,2931.97,5.169999999998254,SL Hit,2931.97,4,3629.894999999931,105.0,-4.037500000000364,5.7524999999996
2025-02-14 11:15:00,2025-02-14 11:20:00,Short,2935.26,2935.3949999999995,-0.13499999999930878,SL Hit,2935.3949999999995,1,3629.7599999999316,5.0,0.7699999999999818,-0.900000000000091
2025-02-14 11:40:00,2025-02-14 13:30:00,Short,2930.665,2930.26,1.6199999999989814,SL Hit,2930.26,4,3631.3799999999305,110.0,3.8450000000002547,-3.894999999999982
2025-02-14 14:05:00,2025-02-14 14:10:00,Short,2919.6,2919.9300000000003,-0.330000000000382,SL Hit,2919.9300000000003,1,3631.04999999993,5.0,3.349999999999909,-4.610000000000127
2025-02-14 15:10:00,2025-02-14 16:55:00,Short,2902.955,2895.58,29.5,SL Hit,2895.58,4,3660.54999999993,105.0,17.4050000000002,-13.605000000000018
2025-02-14 21:40:00,2025-02-16 23:25:00,Long,2884.9733333333334,2882.14,-8.500000000000455,SL Hit,2882.14,3,3652.0499999999297,2985.0,-3.9733333333333576,7.996666666666442
2025-02-16 23:30:00,2025-02-16 23:40:00,Short,2881.02,2881.02,0.0,SL Hit,2881.02,1,3652.0499999999297,10.0,0.7199999999997999,-1.8299999999999272
2025-02-17 02:20:00,2025-02-17 04:35:00,Long,2897.97,2901.8,11.490000000001146,SL Hit,2901.8,3,3663.539999999931,135.0,-3.6799999999998363,6.680000000000291
2025-02-17 08:30:00,2025-02-17 08:45:00,Short,2899.83,2899.905,-0.07500000000027285,SL Hit,2899.905,1,3663.4649999999306,15.0,1.6599999999998545,-4.679999999999836
2025-02-17 10:20:00,2025-02-17 10:55:00,Short,2901.645,2902.56,-1.8299999999999272,SL Hit,2902.56,2,3661.6349999999306,35.0,1.0650000000000546,-6.195000000000164
2025-02-17 14:30:00,2025-02-17 15:20:00,Long,2898.89,2899.15,0.7800000000006548,SL Hit,2899.15,3,3662.4149999999313,50.0,-1.1399999999998727,4.630000000000109
2025-02-17 15:25:00,2025-02-17 19:15:00,Short,2899.588333333333,2898.15,8.62999999999829,SL Hit,2898.15,6,3671.0449999999296,230.0,1.5816666666669335,-3.1883333333330484
2025-02-17 19:25:00,2025-02-17 23:15:00,Long,2898.1800000000003,2896.4,-3.5600000000004,SL Hit,2896.4,2,3667.484999999929,230.0,-1.8800000000001091,0.5899999999996908
2025-02-17 23:20:00,2025-02-17 23:40:00,Short,2897.45,2897.795,-0.34500000000025466,SL Hit,2897.795,1,3667.139999999929,20.0,0.7200000000002547,-1.449999999999818
2025-02-18 00:40:00,2025-02-18 00:55:00,Long,2899.52,2898.0,-3.0399999999999636,SL Hit,2898.0,2,3664.099999999929,15.0,-1.7199999999998,0.6199999999998909
2025-02-18 01:00:00,2025-02-18 02:10:00,Short,2895.963333333333,2897.5,-4.610000000000582,SL Hit,2897.5,3,3659.4899999999284,70.0,2.9266666666667334,-4.123333333332994
2025-02-18 08:15:00,2025-02-18 09:05:00,Long,2911.33,2911.3,-0.08999999999923602,SL Hit,2911.3,3,3659.399999999929,50.0,-1.7199999999998,1.7000000000002728
2025-02-18 09:10:00,2025-02-18 09:30:00,Short,2912.19,2912.19,0.0,SL Hit,2912.19,1,3659.399999999929,20.0,0.5700000000001637,-2.050000000000182
2025-02-18 10:05:00,2025-02-18 10:15:00,Long,2911.97,2911.16,-0.8099999999999454,SL Hit,2911.16,1,3658.589999999929,10.0,-1.7699999999999818,0.2600000000002183
2025-02-18 14:15:00,2025-02-18 15:30:00,Long,2922.7333333333336,2925.34,7.819999999999709,SL Hit,2925.34,3,3666.409999999929,75.0,-4.963333333333594,6.506666666666206
2025-02-18 16:35:00,2025-02-18 17:15:00,Long,2929.986666666666,2931.13,3.4300000000016553,SL Hit,2931.13,3,3669.8399999999306,40.0,-1.356666666666115,3.3533333333339215
2025-02-18 18:45:00,2025-02-18 20:15:00,Long,2933.6666666666665,2935.61,5.830000000000837,SL Hit,2935.61,3,3675.6699999999314,90.0,-2.0266666666666424,3.113333333333685
2025-02-19 00:35:00,2025-02-19 01:35:00,Short,2932.585,2933.78,-2.3900000000003274,SL Hit,2933.78,2,3673.279999999931,60.0,1.7950000000000728,-4.3650000000002365
2025-02-19 02:30:00,2025-02-19 03:40:00,Short,2932.04,2930.16,3.7600000000002183,SL Hit,2930.16,2,3677.0399999999313,70.0,3.849999999999909,-7.369999999999891
2025-02-19 04:35:00,2025-02-19 04:40:00,Short,2927.13,2928.2250000000004,-1.0950000000002547,SL Hit,2928.2250000000004,1,3675.944999999931,5.0,1.4400000000000546,-0.4600000000000364
2025-02-19 04:55:00,2025-02-19 06:30:00,Long,2930.335,2933.2,11.459999999999127,SL Hit,2933.2,4,3687.40499999993,95.0,-2.6849999999999454,5.255000000000109
2025-02-19 10:00:00,2025-02-19 10:10:00,Long,2945.44,2945.245,-0.1950000000001637,SL Hit,2945.245,1,3687.20999999993,10.0,-2.9400000000000546,1.25
2025-02-19 13:05:00,2025-02-19 13:50:00,Long,2940.2899999999995,2937.5,-8.369999999998527,SL Hit,2937.5,3,3678.8399999999315,45.0,-7.009999999999309,0.8700000000003456
2025-02-19 15:25:00,2025-02-19 15:30:00,Short,2935.71,2936.205,-0.49499999999989086,SL Hit,2936.205,1,3678.3449999999316,5.0,2.9299999999998363,-0.8200000000001637
2025-02-19 15:50:00,2025-02-19 17:10:00,Short,2930.36,2929.07,3.869999999999891,SL Hit,2929.07,3,3682.2149999999315,80.0,4.440000000000055,-6.650000000000091
2025-02-19 17:20:00,2025-02-19 17:25:00,Long,2928.17,2928.17,0.0,SL Hit,2928.17,1,3682.2149999999315,5.0,-1.5199999999999818,1.1300000000001091
2025-02-19 18:05:00,2025-02-19 18:40:00,Short,2922.81,2923.38,-0.5700000000001637,SL Hit,2923.38,1,3681.6449999999313,35.0,2.130000000000109,-4.0099999999997635
2025-02-19 19:10:00,2025-02-19 21:35:00,Long,2929.1625000000004,2932.44,13.109999999998763,SL Hit,2932.44,4,3694.75499999993,145.0,-4.912500000000364,8.237499999999727
2025-02-19 21:40:00,2025-02-19 21:55:00,Short,2933.05,2933.2,-0.1499999999996362,SL Hit,2933.2,1,3694.6049999999304,15.0,0.6299999999996544,-1.3500000000003638
2025-02-19 23:15:00,2025-02-19 23:25:00,Long,2934.03,2933.4749999999995,-0.5550000000007458,SL Hit,2933.4749999999995,1,3694.0499999999297,10.0,-0.6300000000001091,1.3699999999998909
2025-02-20 00:00:00,2025-02-20 01:25:00,Long,2939.16,2938.98,-0.5399999999995089,SL Hit,2938.98,3,3693.50999999993,85.0,-3.730000000000018,2.880000000000109
2025-02-20 05:40:00,2025-02-20 05:45:00,Long,2943.83,2943.83,0.0,SL Hit,2943.83,1,3693.50999999993,5.0,0.0,0.8299999999999272
2025-02-20 06:45:00,2025-02-20 06:50:00,Short,2944.95,2944.95,0.0,SL Hit,2944.95,1,3693.50999999993,5.0,3.0700000000001637,-0.8099999999999454
2025-02-20 10:45:00,2025-02-20 13:30:00,Short,2947.9925000000003,2947.03,3.850000000000364,SL Hit,2947.03,4,3697.3599999999306,165.0,5.117499999999836,-8.152500000000146
2025-02-20 15:30:00,2025-02-20 17:00:00,Long,2938.565,2942.4,15.340000000000146,SL Hit,2942.4,4,3712.6999999999307,90.0,-4.815000000000055,6.585000000000036
2025-02-20 17:40:00,2025-02-20 17:50:00,Long,2944.2,2944.05,-0.1499999999996362,SL Hit,2944.05,1,3712.549999999931,10.0,-0.32999999999992724,2.519999999999982
2025-02-20 19:10:00,2025-02-20 20:50:00,Short,2937.72,2937.75,-0.09000000000060027,SL Hit,2937.75,3,3712.4599999999305,100.0,2.1900000000000546,-4.2199999999998
2025-02-21 00:25:00,2025-02-21 01:00:00,Short,2938.6,2940.4900000000002,-1.8900000000003274,SL Hit,2940.4900000000002,1,3710.56999999993,35.0,5.400000000000091,-1.599999999999909
2025-02-21 01:05:00,2025-02-21 01:35:00,Long,2943.2,2943.2,0.0,SL Hit,2943.2,1,3710.56999999993,30.0,-1.8999999999996362,5.800000000000182
2025-02-21 02:35:00,2025-02-21 05:45:00,Short,2934.5342857142864,2931.77,19.35000000000491,SL Hit,2931.77,7,3729.919999999935,190.0,6.085714285713493,-9.974285714286452
2025-02-21 09:55:00,2025-02-21 10:30:00,Long,2928.87,2928.87,0.0,SL Hit,2928.87,1,3729.919999999935,35.0,-0.6700000000000728,1.800000000000182
2025-02-21 11:05:00,2025-02-21 11:50:00,Long,2931.476666666667,2930.84,-1.9100000000003092,SL Hit,2930.84,3,3728.0099999999347,45.0,-1.5666666666670608,4.3433333333332484
2025-02-21 14:20:00,2025-02-21 14:30:00,Long,2934.1,2933.6949999999997,-0.4050000000002001,SL Hit,2933.6949999999997,1,3727.6049999999345,10.0,-2.769999999999982,1.2899999999999636
2025-02-21 17:40:00,2025-02-21 17:55:00,Long,2939.81,2939.66,-0.15000000000009095,SL Hit,2939.66,1,3727.4549999999344,15.0,-0.40000000000009095,1.6599999999998545
2025-02-21 19:00:00,2025-02-21 19:05:00,Long,2941.56,2941.56,0.0,SL Hit,2941.56,1,3727.4549999999344,5.0,-1.4600000000000364,0.8000000000001819
2025-02-21 20:25:00,2025-02-21 20:30:00,Short,2933.92,2935.0,-1.0799999999999272,SL Hit,2935.0,1,3726.3749999999345,5.0,2.369999999999891,-0.6399999999998727
2025-02-24 00:10:00,2025-02-24 02:20:00,Short,2934.5099999999998,2930.8,11.129999999998745,SL Hit,2930.8,3,3737.5049999999333,130.0,2.880000000000109,-13.039999999999964
2025-02-24 05:35:00,2025-02-24 06:25:00,Short,2939.2200000000003,2939.14,0.16000000000076398,SL Hit,2939.14,2,3737.664999999934,50.0,2.1399999999998727,-3.8700000000003456
2025-02-24 10:20:00,2025-02-24 11:20:00,Short,2940.87,2940.29,1.1599999999998545,SL Hit,2940.29,2,3738.824999999934,60.0,2.3400000000001455,-5.929999999999836
2025-02-24 16:45:00,2025-02-24 16:50:00,Short,2942.99,2943.17,-0.18000000000029104,Bullish Trade Reversal,2943.17,1,3738.6449999999336,5.0,0.12000000000034561,-2.75
2025-02-24 16:50:00,2025-02-24 20:25:00,Long,2944.7616666666668,2948.17,20.449999999999818,SL Hit,2948.17,6,3759.0949999999334,215.0,-4.161666666666861,4.898333333333085
2025-02-24 23:05:00,2025-02-24 23:10:00,Long,2951.2,2950.75,-0.4499999999998181,SL Hit,2950.75,1,3758.6449999999336,5.0,-2.0,1.6100000000001273
2025-02-25 01:05:00,2025-02-25 01:25:00,Long,2949.62,2949.005,-0.6149999999997817,SL Hit,2949.005,1,3758.029999999934,20.0,-0.7599999999997635,2.5399999999999636
2025-02-25 02:50:00,2025-02-25 03:00:00,Short,2949.12,2949.2699999999995,-0.1499999999996362,SL Hit,2949.2699999999995,1,3757.879999999934,10.0,0.24000000000023647,-2.519999999999982
2025-02-25 06:00:00,2025-02-25 06:05:00,Short,2937.64,2937.64,0.0,SL Hit,2937.64,1,3757.879999999934,5.0,0.07000000000016371,-0.8299999999999272
2025-02-25 06:10:00,2025-02-25 06:20:00,Short,2937.18,2937.7350000000006,-0.5550000000007458,SL Hit,2937.7350000000006,1,3757.3249999999334,10.0,1.050000000000182,-1.069999999999709
2025-02-25 06:25:00,2025-02-25 07:10:00,Short,2936.3450000000003,2938.23,-3.769999999999527,SL Hit,2938.23,2,3753.554999999934,45.0,3.694999999999709,-2.6450000000004366
2025-02-25 10:05:00,2025-02-25 10:10:00,Short,2937.89,2938.1900000000005,-0.30000000000063665,SL Hit,2938.1900000000005,1,3753.2549999999333,5.0,1.680000000000291,-0.5
2025-02-25 11:05:00,2025-02-25 11:25:00,Short,2938.875,2939.79,-1.8299999999999272,SL Hit,2939.79,2,3751.4249999999333,20.0,1.1350000000002183,-0.45499999999992724
2025-02-25 15:15:00,2025-02-25 17:15:00,Short,2906.145,2897.44,34.81999999999971,SL Hit,2897.44,4,3786.244999999933,120.0,21.865000000000236,-15.934999999999945
2025-02-25 17:20:00,2025-02-25 23:20:00,Long,2908.6099999999997,2913.59,24.900000000002365,SL Hit,2913.59,5,3811.1449999999354,360.0,-12.399999999999636,8.44000000000051
2025-02-25 23:25:00,2025-02-25 23:30:00,Short,2914.27,2914.27,0.0,SL Hit,2914.27,1,3811.1449999999354,5.0,1.0300000000002,-1.3699999999998909
2025-02-25 23:40:00,2025-02-26 00:55:00,Long,2919.1800000000003,2923.5,8.639999999999418,SL Hit,2923.5,2,3819.784999999935,75.0,-4.2800000000002,6.5099999999997635
2025-02-26 01:20:00,2025-02-26 01:40:00,Long,2925.14,2924.42,-0.7199999999997999,SL Hit,2924.42,1,3819.064999999935,20.0,-2.2399999999997817,4.75
2025-02-26 04:00:00,2025-02-26 04:10:00,Short,2916.89,2917.67,-0.7800000000002001,SL Hit,2917.67,1,3818.284999999935,10.0,1.2100000000000364,-1.1900000000000546
2025-02-26 04:45:00,2025-02-26 04:50:00,Short,2913.71,2913.995,-0.2849999999998545,SL Hit,2913.995,1,3817.999999999935,5.0,0.7899999999999636,-1.5100000000002183
2025-02-26 05:00:00,2025-02-26 06:00:00,Long,2916.206666666667,2914.92,-3.860000000000582,SL Hit,2914.92,3,3814.1399999999344,60.0,-1.5566666666668425,4.673333333333176
2025-02-26 06:45:00,2025-02-26 07:10:00,Short,2908.53,2909.5949999999993,-1.064999999999145,SL Hit,2909.5949999999993,1,3813.0749999999352,25.0,4.079999999999927,-2.4900000000002365
2025-02-26 14:35:00,2025-02-26 14:45:00,Short,2894.63,2895.44,-0.8099999999999454,SL Hit,2895.44,1,3812.2649999999353,10.0,8.269999999999982,-2.980000000000018
2025-02-26 15:55:00,2025-02-26 16:10:00,Long,2912.63,2911.04,-1.5900000000001455,SL Hit,2911.04,1,3810.674999999935,15.0,-1.599999999999909,3.849999999999909
2025-02-26 16:30:00,2025-02-26 16:35:00,Short,2911.78,2913.205,-1.4249999999997272,SL Hit,2913.205,1,3809.2499999999354,5.0,2.9399999999996,-0.8800000000001091
2025-02-26 17:10:00,2025-02-26 17:15:00,Long,2913.96,2913.96,0.0,SL Hit,2913.96,1,3809.2499999999354,5.0,-2.0700000000001637,2.1599999999998545
2025-02-26 19:25:00,2025-02-26 19:35:00,Long,2915.49,2915.49,0.0,SL Hit,2915.49,1,3809.2499999999354,10.0,-0.9899999999997817,0.43000000000029104
2025-02-26 20:10:00,2025-02-26 20:25:00,Short,2913.91,2914.4049999999997,-0.49499999999989086,SL Hit,2914.4049999999997,1,3808.7549999999355,15.0,2.0399999999999636,-1.8799999999996544
2025-02-27 01:15:00,2025-02-27 01:20:00,Short,2915.3,2915.3,0.0,SL Hit,2915.3,1,3808.7549999999355,5.0,0.04999999999972715,-2.600000000000364
2025-02-27 01:40:00,2025-02-27 01:55:00,Long,2915.75,2912.8,-5.899999999999636,SL Hit,2912.8,2,3802.854999999936,15.0,-5.25,1.5900000000001455
2025-02-27 03:55:00,2025-02-27 06:05:00,Short,2900.89,2894.44,19.349999999999454,SL Hit,2894.44,3,3822.2049999999354,130.0,5.950000000000273,-12.019999999999982
2025-02-27 08:20:00,2025-02-27 09:10:00,Short,2885.73,2885.01,1.4399999999995998,SL Hit,2885.01,2,3823.644999999935,50.0,2.380000000000109,-8.5
2025-02-27 20:05:00,2025-02-27 21:25:00,Short,2876.036666666667,2875.91,0.38000000000101863,SL Hit,2875.91,3,3824.024999999936,80.0,2.5233333333330847,-4.66666666666697
2025-02-27 23:25:00,2025-02-27 23:30:00,Short,2876.02,2876.02,0.0,SL Hit,2876.02,1,3824.024999999936,5.0,0.07999999999992724,-1.2199999999998
2025-02-28 00:05:00,2025-02-28 00:15:00,Short,2875.56,2875.56,0.0,SL Hit,2875.56,1,3824.024999999936,10.0,1.0399999999999636,-0.6599999999998545
2025-02-28 03:40:00,2025-02-28 05:15:00,Short,2864.8266666666664,2864.65,0.5299999999988358,SL Hit,2864.65,3,3824.554999999935,95.0,3.5733333333337214,-7.316666666666151
2025-02-28 08:10:00,2025-02-28 08:55:00,Short,2856.5,2856.67,-0.3400000000001455,SL Hit,2856.67,2,3824.2149999999347,45.0,2.3600000000001273,-5.429999999999836
2025-02-28 09:00:00,2025-02-28 11:10:00,Long,2861.5280000000002,2862.15,3.109999999999218,SL Hit,2862.15,5,3827.324999999934,130.0,-5.298000000000229,3.131999999999607
2025-02-28 11:15:00,2025-02-28 12:00:00,Short,2862.68,2862.7699999999995,-0.08999999999969077,SL Hit,2862.7699999999995,1,3827.234999999934,45.0,2.050000000000182,-3.5799999999999272
2025-02-28 12:05:00,2025-02-28 12:10:00,Long,2864.09,2863.2200000000003,-0.8699999999998909,SL Hit,2863.2200000000003,1,3826.3649999999343,5.0,-3.1600000000003092,0.4800000000000182
2025-02-28 13:35:00,2025-02-28 15:25:00,Short,2849.4449999999997,2841.56,31.539999999999054,SL Hit,2841.56,4,3857.9049999999334,110.0,8.605000000000473,-16.644999999999527
2025-02-28 16:50:00,2025-02-28 16:55:00,Short,2847.86,2850.05,-2.1900000000000546,SL Hit,2850.05,1,3855.7149999999333,5.0,2.4699999999998,-1.1700000000000728
2025-02-28 18:45:00,2025-02-28 18:55:00,Long,2846.31,2845.245,-1.0650000000000546,SL Hit,2845.245,1,3854.6499999999332,10.0,-1.3299999999999272,1.0599999999999454
2025-02-28 19:20:00,2025-02-28 19:35:00,Short,2845.1800000000003,2847.59,-4.819999999999709,SL Hit,2847.59,2,3849.8299999999335,15.0,3.6599999999998545,-1.0600000000004002
2025-03-03 01:20:00,2025-03-03 02:45:00,Long,2869.3866666666668,2869.16,-0.6800000000007458,SL Hit,2869.16,3,3849.149999999933,85.0,-2.1366666666667697,2.3433333333332484
2025-03-03 02:55:00,2025-03-03 07:00:00,Short,2866.5299999999997,2865.75,3.1199999999989814,SL Hit,2865.75,4,3852.2699999999318,245.0,3.2800000000002,-6.139999999999873
2025-03-03 08:10:00,2025-03-03 08:15:00,Long,2863.56,2863.0199999999995,-0.5400000000004184,SL Hit,2863.0199999999995,1,3851.7299999999314,5.0,-0.9099999999998545,1.3099999999999454
2025-03-03 08:45:00,2025-03-03 13:00:00,Long,2870.911666666667,2874.54,21.769999999998618,SL Hit,2874.54,6,3873.49999999993,255.0,-6.561666666666952,6.148333333333085
2025-03-03 15:05:00,2025-03-03 15:15:00,Short,2880.03,2881.83,-1.7999999999997272,SL Hit,2881.83,1,3871.6999999999302,10.0,2.849999999999909,-1.5400000000004184
2025-03-03 16:40:00,2025-03-03 17:20:00,Long,2891.255,2890.0,-2.5100000000002183,SL Hit,2890.0,2,3869.18999999993,40.0,-2.7650000000003274,1.5050000000001091
2025-03-03 21:55:00,2025-03-04 00:10:00,Short,2892.8450000000003,2892.9,-0.10999999999967258,SL Hit,2892.9,2,3869.0799999999304,135.0,0.37499999999954525,-3.0450000000000728
2025-03-04 02:35:00,2025-03-04 02:45:00,Short,2886.68,2888.5249999999996,-1.8449999999998,SL Hit,2888.5249999999996,1,3867.2349999999306,10.0,1.930000000000291,-1.2999999999997272
2025-03-04 05:20:00,2025-03-04 05:30:00,Long,2892.4,2891.785,-0.6150000000002365,SL Hit,2891.785,1,3866.6199999999303,10.0,-1.2000000000002728,1.6199999999998909
2025-03-04 06:10:00,2025-03-04 07:10:00,Short,2888.2799999999997,2889.71,-2.860000000000582,SL Hit,2889.71,2,3863.7599999999297,60.0,3.2800000000002,-3.649999999999636
2025-03-04 09:25:00,2025-03-04 09:35:00,Long,2918.17,2917.6899999999996,-0.48000000000047294,SL Hit,2917.6899999999996,1,3863.2799999999293,10.0,-0.7300000000000182,2.9299999999998363
2025-03-04 10:35:00,2025-03-04 10:40:00,Short,2913.8,2914.3999999999996,-0.5999999999994543,SL Hit,2914.3999999999996,1,3862.67999999993,5.0,1.9600000000000364,-1.1000000000003638
2025-03-04 16:15:00,2025-03-04 16:35:00,Short,2908.7200000000003,2909.49,-1.5399999999990541,SL Hit,2909.49,2,3861.1399999999308,20.0,1.449999999999818,-1.6300000000001091
2025-03-05 00:10:00,2025-03-05 00:15:00,Short,2914.08,2914.9799999999996,-0.8999999999996362,SL Hit,2914.9799999999996,1,3860.239999999931,5.0,1.0799999999999272,-0.4899999999997817
2025-03-05 03:10:00,2025-03-05 07:50:00,Long,2911.9725000000003,2914.51,20.299999999999272,SL Hit,2914.51,8,3880.5399999999304,280.0,-6.782500000000255,9.317499999999654
2025-03-05 09:10:00,2025-03-05 09:15:00,Long,2918.78,2918.465,-0.31500000000005457,SL Hit,2918.465,1,3880.2249999999303,5.0,-0.9100000000003092,1.1299999999996544
2025-03-05 12:10:00,2025-03-05 12:40:00,Long,2915.78,2915.24,-0.5400000000004184,SL Hit,2915.24,1,3879.68499999993,30.0,-1.8100000000004002,3.230000000000018
2025-03-05 13:05:00,2025-03-05 14:30:00,Short,2909.9533333333334,2905.97,11.950000000000728,SL Hit,2905.97,3,3891.6349999999306,85.0,5.576666666666824,-15.353333333333467
2025-03-05 16:45:00,2025-03-05 16:55:00,Long,2927.205,2925.94,-2.5299999999997453,SL Hit,2925.94,2,3889.104999999931,10.0,-4.355000000000018,1.625
2025-03-05 18:30:00,2025-03-05 21:00:00,Long,2919.196,2921.26,10.320000000001528,SL Hit,2921.26,5,3899.4249999999324,150.0,-5.435999999999694,3.5840000000002874
2025-03-05 23:10:00,2025-03-05 23:40:00,Short,2917.97,2918.1500000000005,-0.18000000000074579,SL Hit,2918.1500000000005,1,3899.2449999999317,30.0,0.3100000000004002,-2.269999999999982
2025-03-06 00:40:00,2025-03-06 01:10:00,Short,2918.25,2918.2650000000003,-0.015000000000327418,SL Hit,2918.2650000000003,1,3899.2299999999314,30.0,0.3400000000001455,-2.25
2025-03-06 01:35:00,2025-03-06 03:05:00,Long,2922.2099999999996,2923.11,2.700000000001637,SL Hit,2923.11,3,3901.929999999933,90.0,-2.8599999999996726,4.140000000000327
2025-03-06 03:25:00,2025-03-06 05:30:00,Short,2920.83,2917.78,12.199999999998909,SL Hit,2917.78,4,3914.129999999932,125.0,3.5399999999999636,-6.319999999999709
2025-03-06 09:00:00,2025-03-06 10:50:00,Short,2902.035,2903.85,-7.260000000000218,SL Hit,2903.85,4,3906.8699999999317,110.0,2.775000000000091,-10.074999999999818
2025-03-06 12:40:00,2025-03-06 12:45:00,Short,2902.64,2903.615,-0.974999999999909,SL Hit,2903.615,1,3905.8949999999318,5.0,1.1400000000003274,-3.0
2025-03-06 14:05:00,2025-03-06 17:50:00,Long,2914.818571428572,2917.3,17.369999999998072,SL Hit,2917.3,7,3923.26499999993,225.0,-9.808571428571668,6.901428571427914
2025-03-06 19:25:00,2025-03-06 19:40:00,Short,2914.23,2914.425,-0.1950000000001637,SL Hit,2914.425,1,3923.0699999999297,15.0,0.5,-1.699999999999818
2025-03-06 22:00:00,2025-03-06 23:55:00,Long,2911.2566666666667,2909.7,-4.6700000000005275,SL Hit,2909.7,3,3918.399999999929,115.0,-1.9566666666664787,2.0033333333335577
2025-03-07 00:00:00,2025-03-07 00:40:00,Short,2906.28,2905.04,2.480000000000473,SL Hit,2905.04,2,3920.8799999999296,40.0,3.7199999999998,-8.900000000000091
2025-03-07 07:10:00,2025-03-07 07:25:00,Long,2912.8599999999997,2911.72,-2.2799999999997453,SL Hit,2911.72,2,3918.59999999993,15.0,-1.2599999999997635,1.4600000000004911
2025-03-07 09:30:00,2025-03-07 11:10:00,Short,2920.903333333333,2920.86,0.12999999999919964,SL Hit,2920.86,3,3918.729999999929,100.0,1.5366666666668607,-3.6933333333331575
2025-03-07 11:20:00,2025-03-07 11:35:00,Long,2920.29,2919.1949999999997,-1.0950000000002547,SL Hit,2919.1949999999997,1,3917.634999999929,15.0,-1.3600000000001273,0.6300000000001091
2025-03-07 12:20:00,2025-03-07 13:00:00,Long,2919.87,2918.38,-2.9799999999995634,SL Hit,2918.38,2,3914.6549999999293,40.0,-2.6399999999998727,2.700000000000273
2025-03-07 13:40:00,2025-03-07 13:50:00,Long,2920.41,2916.975,-3.4349999999999454,SL Hit,2916.975,1,3911.2199999999293,10.0,-3.7199999999998,2.8700000000003456
2025-03-07 16:50:00,2025-03-07 18:50:00,Short,2910.5750000000003,2907.83,16.470000000002074,SL Hit,2907.83,6,3927.6899999999314,120.0,7.944999999999709,-8.305000000000291
2025-03-07 19:55:00,2025-03-07 20:00:00,Short,2906.23,2906.41,-0.1799999999998363,SL Hit,2906.41,1,3927.5099999999316,5.0,0.6399999999998727,-1.9099999999998545
2025-03-07 21:50:00,2025-03-07 21:55:00,Long,2911.4,2909.6,-3.600000000000364,SL Hit,2909.6,2,3923.909999999931,5.0,-4.260000000000218,0.819999999999709
2025-03-09 23:55:00,2025-03-10 00:00:00,Long,2916.14,2914.88,-1.2599999999997635,SL Hit,2914.88,1,3922.6499999999314,5.0,-2.5399999999999636,0.5199999999999818
2025-03-10 00:05:00,2025-03-10 00:20:00,Long,2916.24,2913.6,-5.279999999999745,SL Hit,2913.6,2,3917.3699999999317,15.0,-2.6399999999998727,1.580000000000382
2025-03-10 00:45:00,2025-03-10 01:00:00,Short,2914.82,2915.195,-0.375,SL Hit,2915.195,1,3916.9949999999317,15.0,1.5399999999999636,-2.1200000000003456
2025-03-10 01:10:00,2025-03-10 01:15:00,Long,2917.03,2915.1850000000004,-1.8449999999998,SL Hit,2915.1850000000004,1,3915.149999999932,5.0,-2.080000000000382,0.7699999999999818
2025-03-10 01:50:00,2025-03-10 02:40:00,Short,2913.025,2913.85,-1.6499999999996362,SL Hit,2913.85,2,3913.4999999999322,50.0,1.2849999999998545,-3.355000000000018
2025-03-10 05:00:00,2025-03-10 05:10:00,Short,2910.18,2910.9750000000004,-0.7950000000005275,SL Hit,2910.9750000000004,1,3912.7049999999317,10.0,1.1900000000000546,-1.0
2025-03-10 06:40:00,2025-03-10 06:45:00,Long,2912.2,2911.465,-0.7349999999996726,SL Hit,2911.465,1,3911.969999999932,5.0,-1.3999999999996362,0.580000000000382
2025-03-10 08:25:00,2025-03-10 09:05:00,Short,2901.755,2904.4,-5.289999999999964,SL Hit,2904.4,2,3906.679999999932,40.0,4.005000000000109,-5.075000000000273
2025-03-10 11:25:00,2025-03-10 11:50:00,Short,2900.045,2902.29,-4.489999999999782,SL Hit,2902.29,2,3902.1899999999323,25.0,3.6549999999997453,-3.9650000000001455
2025-03-10 12:35:00,2025-03-10 12:45:00,Long,2905.37,2905.13,-0.23999999999978172,SL Hit,2905.13,1,3901.9499999999325,10.0,-1.5099999999997635,1.5300000000002
2025-03-10 13:05:00,2025-03-10 13:20:00,Long,2906.52,2905.05,-1.4699999999998,SL Hit,2905.05,1,3900.4799999999327,15.0,-2.869999999999891,1.349999999999909
2025-03-10 20:55:00,2025-03-10 22:10:00,Long,2887.595,2886.7,-1.7899999999999636,SL Hit,2886.7,2,3898.6899999999328,75.0,-1.3949999999999818,2.225000000000364
2025-03-10 22:20:00,2025-03-11 00:10:00,Short,2885.4233333333336,2885.63,-0.6199999999994361,SL Hit,2885.63,3,3898.0699999999333,110.0,2.116666666666333,-3.7233333333338123
2025-03-11 01:35:00,2025-03-11 03:20:00,Long,2893.7033333333334,2896.14,7.309999999999491,SL Hit,2896.14,3,3905.379999999933,105.0,-5.793333333333521,6.036666666666406
2025-03-11 03:25:00,2025-03-11 03:40:00,Short,2896.72,2896.72,0.0,SL Hit,2896.72,1,3905.379999999933,15.0,0.06000000000040018,-1.6299999999996544
2025-03-11 03:45:00,2025-03-11 03:55:00,Short,2896.23,2896.78,-1.1000000000003638,SL Hit,2896.78,2,3904.2799999999324,10.0,0.7399999999997817,-0.3200000000001637
2025-03-11 04:20:00,2025-03-11 05:10:00,Long,2897.29,2896.91,-0.7600000000002183,SL Hit,2896.91,2,3903.519999999932,50.0,-1.1900000000000546,1.300000000000182
2025-03-11 09:50:00,2025-03-11 11:05:00,Long,2912.1633333333334,2911.28,-2.649999999999636,SL Hit,2911.28,3,3900.8699999999326,75.0,-1.8733333333334485,2.1466666666665333
2025-03-11 11:40:00,2025-03-11 12:00:00,Long,2913.17,2912.54,-0.6300000000001091,SL Hit,2912.54,1,3900.2399999999325,20.0,-0.6900000000000546,1.9299999999998363
2025-03-11 12:40:00,2025-03-11 12:55:00,Long,2914.48,2911.8099999999995,-2.6700000000005275,SL Hit,2911.8099999999995,1,3897.569999999932,15.0,-3.2400000000002365,0.9499999999998181
2025-03-11 13:05:00,2025-03-11 13:25:00,Short,2910.01,2911.2699999999995,-1.2599999999993088,SL Hit,2911.2699999999995,1,3896.3099999999326,20.0,2.0799999999999272,-2.8400000000001455
2025-03-11 17:10:00,2025-03-11 17:25:00,Long,2918.99,2915.67,-6.639999999999418,SL Hit,2915.67,2,3889.669999999933,15.0,-4.949999999999818,1.0200000000004366
2025-03-11 18:55:00,2025-03-11 19:00:00,Long,2917.84,2917.84,0.0,SL Hit,2917.84,1,3889.669999999933,5.0,-0.2899999999999636,0.9899999999997817
2025-03-11 19:15:00,2025-03-11 19:50:00,Long,2919.885,2919.96,0.1499999999996362,SL Hit,2919.96,2,3889.819999999933,35.0,-1.0450000000000728,1.2849999999998545
2025-03-11 23:00:00,2025-03-11 23:25:00,Long,2917.13,2915.8999999999996,-1.230000000000473,SL Hit,2915.8999999999996,1,3888.5899999999324,25.0,-1.430000000000291,2.269999999999982
2025-03-12 03:50:00,2025-03-12 05:35:00,Short,2914.9499999999994,2913.97,2.9399999999986903,SL Hit,2913.97,3,3891.529999999931,105.0,2.0200000000004366,-2.8499999999994543
2025-03-12 05:40:00,2025-03-12 06:40:00,Long,2913.7,2913.7,0.0,SL Hit,2913.7,1,3891.529999999931,60.0,-1.1599999999998545,6.910000000000309
2025-03-12 07:25:00,2025-03-12 07:30:00,Short,2911.98,2911.98,0.0,SL Hit,2911.98,1,3891.529999999931,5.0,1.5300000000002,-1.6399999999998727
2025-03-12 07:40:00,2025-03-12 09:35:00,Long,2916.02,2918.46,4.880000000000109,SL Hit,2918.46,2,3896.409999999931,115.0,-4.389999999999873,8.990000000000236
2025-03-12 11:15:00,2025-03-12 11:20:00,Long,2914.6,2914.6,0.0,SL Hit,2914.6,1,3896.409999999931,5.0,-0.7100000000000364,0.9800000000000182
2025-03-12 11:35:00,2025-03-12 11:40:00,Short,2915.2,2916.655,-1.455000000000382,Bullish Trade Reversal,2916.655,1,3894.954999999931,5.0,0.9700000000002547,-0.5899999999996908
2025-03-12 11:40:00,2025-03-12 12:00:00,Long,2914.7100000000005,2914.55,-0.4800000000009277,SL Hit,2914.55,3,3894.47499999993,20.0,-0.45000000000027285,1.7599999999993088
2025-03-12 14:40:00,2025-03-12 18:20:00,Long,2926.556666666667,2933.98,22.269999999999527,SL Hit,2933.98,3,3916.7449999999294,220.0,-9.856666666667024,13.603333333333012
2025-03-12 19:30:00,2025-03-12 20:35:00,Short,2932.4449999999997,2933.02,-1.1500000000005457,SL Hit,2933.02,2,3915.594999999929,65.0,2.1550000000002,-1.7349999999996726
2025-03-13 00:25:00,2025-03-13 01:50:00,Long,2938.2000000000003,2936.6,-4.800000000001091,SL Hit,2936.6,3,3910.7949999999278,85.0,-1.7100000000004911,2.8599999999996726
2025-03-13 01:55:00,2025-03-13 02:05:00,Short,2938.32,2939.01,-0.6900000000000546,SL Hit,2939.01,1,3910.1049999999277,10.0,1.6299999999996544,-0.7699999999999818
2025-03-13 05:55:00,2025-03-13 08:05:00,Short,2937.5919999999996,2936.74,4.259999999999309,SL Hit,2936.74,5,3914.364999999927,130.0,2.7080000000005384,-4.581999999999425
2025-03-13 10:40:00,2025-03-13 10:45:00,Short,2943.62,2943.62,0.0,SL Hit,2943.62,1,3914.364999999927,5.0,0.4600000000000364,-1.3099999999999454
2025-03-13 10:50:00,2025-03-13 11:00:00,Short,2944.31,2944.31,0.0,SL Hit,2944.31,1,3914.364999999927,10.0,1.4800000000000182,-0.9099999999998545
2025-03-13 12:20:00,2025-03-13 13:30:00,Short,2946.3,2945.26,2.0799999999999272,SL Hit,2945.26,2,3916.444999999927,70.0,1.5499999999997272,-5.8100000000004
2025-03-13 17:10:00,2025-03-13 17:20:00,Short,2977.23,2978.8199999999997,-1.5899999999996908,SL Hit,2978.8199999999997,1,3914.8549999999273,10.0,2.7399999999997817,-0.8299999999999272
2025-03-13 19:45:00,2025-03-13 20:15:00,Long,2982.6099999999997,2981.09,-3.039999999999054,SL Hit,2981.09,2,3911.814999999928,30.0,-1.519999999999527,2.100000000000364
2025-03-14 00:35:00,2025-03-14 00:45:00,Short,2985.73,2985.73,0.0,SL Hit,2985.73,1,3911.814999999928,10.0,0.9099999999998545,-1.9299999999998363
2025-03-14 01:05:00,2025-03-14 01:25:00,Long,2988.105,2984.7,-6.8100000000004,SL Hit,2984.7,2,3905.004999999928,20.0,-4.9050000000002,1.574999999999818
2025-03-14 01:40:00,2025-03-14 02:30:00,Long,2986.9399999999996,2986.09,-3.399999999997817,SL Hit,2986.09,4,3901.60499999993,50.0,-1.9399999999995998,1.330000000000382
2025-03-14 03:45:00,2025-03-14 04:50:00,Long,2987.86,2987.6499999999996,-0.21000000000049113,SL Hit,2987.6499999999996,1,3901.3949999999295,65.0,-1.599999999999909,5.75
2025-03-14 06:25:00,2025-03-14 06:35:00,Short,2982.7,2982.88,-0.18000000000029104,SL Hit,2982.88,1,3901.214999999929,10.0,0.7600000000002183,-1.5799999999999272
2025-03-14 06:55:00,2025-03-14 07:00:00,Long,2985.21,2985.21,0.0,SL Hit,2985.21,1,3901.214999999929,5.0,-0.9600000000000364,0.7199999999997999
2025-03-14 12:15:00,2025-03-14 12:20:00,Long,2997.6,2997.6,0.0,SL Hit,2997.6,1,3901.214999999929,5.0,-0.7599999999997635,1.2000000000002728
2025-03-14 14:15:00,2025-03-14 14:20:00,Long,2990.29,2989.825,-0.4650000000001455,SL Hit,2989.825,1,3900.749999999929,5.0,-1.5799999999999272,1.8800000000001091
2025-03-14 19:30:00,2025-03-14 20:35:00,Short,2983.1333333333337,2983.37,-0.7099999999986721,SL Hit,2983.37,3,3900.0399999999304,65.0,2.8266666666663696,-1.9333333333338487
2025-03-16 22:05:00,2025-03-16 22:10:00,Short,2986.91,2986.91,0.0,SL Hit,2986.91,1,3900.0399999999304,5.0,2.6700000000000728,-1.2699999999999818
2025-03-16 22:50:00,2025-03-16 23:00:00,Long,2988.68,2987.81,-0.8699999999998909,SL Hit,2987.81,1,3899.1699999999305,10.0,-1.0799999999999272,1.3600000000001273
2025-03-17 00:45:00,2025-03-17 00:55:00,Short,2989.09,2989.54,-0.4499999999998181,SL Hit,2989.54,1,3898.7199999999307,10.0,1.4299999999998363,-1.4900000000002365
2025-03-17 01:05:00,2025-03-17 02:05:00,Long,2990.6633333333334,2990.2,-1.3900000000007822,SL Hit,2990.2,3,3897.32999999993,60.0,-1.9433333333336122,1.966666666666697
2025-03-17 03:15:00,2025-03-17 03:35:00,Short,2986.8,2987.505,-0.7049999999999272,SL Hit,2987.505,1,3896.62499999993,20.0,1.5399999999999636,-0.8400000000001455
2025-03-17 03:45:00,2025-03-17 04:00:00,Short,2986.76,2987.165,-0.40499999999974534,SL Hit,2987.165,1,3896.21999999993,15.0,0.7899999999999636,-0.7600000000002183
2025-03-17 07:20:00,2025-03-17 08:35:00,Short,2986.4300000000003,2986.51,-0.15999999999985448,SL Hit,2986.51,2,3896.0599999999304,75.0,2.2799999999997453,-3.230000000000473
2025-03-17 13:00:00,2025-03-17 13:10:00,Short,2987.44,2989.2699999999995,-1.8299999999994725,SL Hit,2989.2699999999995,1,3894.229999999931,10.0,2.9600000000000364,-1.2100000000000364
2025-03-17 17:15:00,2025-03-17 17:20:00,Long,2996.94,2996.94,0.0,SL Hit,2996.94,1,3894.229999999931,5.0,-0.44000000000005457,1.3600000000001273
2025-03-17 19:35:00,2025-03-17 19:45:00,Short,2998.71,2998.71,0.0,SL Hit,2998.71,1,3894.229999999931,10.0,0.4099999999998545,-1.1799999999998363
2025-03-17 20:50:00,2025-03-17 20:55:00,Long,3001.07,3000.68,-0.3900000000003274,SL Hit,3000.68,1,3893.8399999999306,5.0,-0.5100000000002183,0.1299999999996544
2025-03-18 00:10:00,2025-03-18 00:20:00,Short,3000.95,3001.96,-2.0200000000004366,SL Hit,3001.96,2,3891.81999999993,10.0,1.400000000000091,-1.6499999999996362
2025-03-18 01:40:00,2025-03-18 01:45:00,Long,3003.27,3002.64,-0.6300000000001091,SL Hit,3002.64,1,3891.18999999993,5.0,-0.7699999999999818,1.5399999999999636
2025-03-18 02:30:00,2025-03-18 05:15:00,Long,3009.24,3010.19,1.9000000000005457,SL Hit,3010.19,2,3893.0899999999306,165.0,-3.049999999999727,7.3100000000004
2025-03-18 08:05:00,2025-03-18 09:50:00,Long,3019.875,3019.47,-0.8100000000004002,SL Hit,3019.47,2,3892.27999999993,105.0,-1.7950000000000728,8.394999999999982
2025-03-18 11:30:00,2025-03-18 13:30:00,Long,3030.1150000000002,3033.6,13.93999999999869,SL Hit,3033.6,4,3906.219999999929,120.0,-6.065000000000055,7.574999999999818
2025-03-18 13:35:00,2025-03-18 15:20:00,Short,3029.69,3030.21,-2.599999999999909,SL Hit,3030.21,5,3903.619999999929,105.0,7.279999999999745,-4.9900000000002365
2025-03-18 17:20:00,2025-03-18 18:00:00,Short,3033.245,3033.16,0.17000000000007276,SL Hit,3033.16,2,3903.789999999929,40.0,1.7049999999999272,-3.4649999999996908
2025-03-18 18:05:00,2025-03-18 18:20:00,Long,3032.62,3032.41,-0.21000000000003638,SL Hit,3032.41,1,3903.579999999929,15.0,-1.1199999999998909,0.6100000000001273
2025-03-18 20:20:00,2025-03-18 20:25:00,Short,3034.29,3034.5299999999997,-0.23999999999978172,SL Hit,3034.5299999999997,1,3903.339999999929,5.0,0.4800000000000182,-0.4600000000000364
2025-03-18 20:30:00,2025-03-18 22:50:00,Short,3033.8699999999994,3033.84,0.08999999999787178,SL Hit,3033.84,3,3903.429999999927,140.0,0.8900000000007822,-2.369999999999436
2025-03-19 01:10:00,2025-03-19 02:00:00,Short,3029.63,3029.69,-0.11999999999989086,SL Hit,3029.69,2,3903.309999999927,50.0,1.6199999999998909,-2.130000000000109
2025-03-19 02:10:00,2025-03-19 02:25:00,Long,3029.84,3029.84,0.0,SL Hit,3029.84,1,3903.309999999927,15.0,-0.03999999999996362,1.9800000000000182
2025-03-19 02:40:00,2025-03-19 06:20:00,Long,3036.4880000000003,3036.98,2.459999999998672,SL Hit,3036.98,5,3905.769999999926,220.0,-4.278000000000247,8.471999999999753
2025-03-19 06:25:00,2025-03-19 06:40:00,Short,3036.94,3038.815,-1.875,SL Hit,3038.815,1,3903.894999999926,15.0,2.7799999999997453,-2.4400000000000546
2025-03-19 08:05:00,2025-03-19 10:15:00,Short,3032.89,3031.13,5.279999999999291,SL Hit,3031.13,3,3909.174999999925,130.0,3.2899999999999636,-9.11999999999989
2025-03-19 13:05:00,2025-03-19 15:05:00,Short,3033.15,3031.66,5.960000000000946,SL Hit,3031.66,4,3915.134999999926,120.0,4.779999999999745,-6.4900000000002365
2025-03-19 15:10:00,2025-03-19 15:15:00,Long,3030.37,3029.215,-1.1549999999997453,SL Hit,3029.215,1,3913.9799999999263,5.0,-1.569999999999709,1.5
2025-03-19 16:55:00,2025-03-19 17:00:00,Long,3032.11,3032.11,0.0,SL Hit,3032.11,1,3913.9799999999263,5.0,-0.7100000000000364,1.3399999999996908
2025-03-19 17:40:00,2025-03-19 18:00:00,Short,3031.31,3031.6549999999997,-0.3449999999997999,SL Hit,3031.6549999999997,1,3913.6349999999265,20.0,5.789999999999964,-2.8099999999999454
2025-03-19 19:05:00,2025-03-19 19:15:00,Long,3046.44,3046.0950000000003,-0.3449999999997999,SL Hit,3046.0950000000003,1,3913.2899999999267,10.0,-1.800000000000182,4.5900000000001455
2025-03-19 19:25:00,2025-03-19 19:30:00,Short,3043.0,3044.215,-1.2150000000001455,SL Hit,3044.215,1,3912.0749999999266,5.0,2.6900000000000546,-0.9699999999997999
2025-03-19 22:55:00,2025-03-19 23:05:00,Long,3049.83,3047.835,-1.9949999999998909,SL Hit,3047.835,1,3910.0799999999267,10.0,-2.0299999999997453,0.40000000000009095
2025-03-20 00:00:00,2025-03-20 01:55:00,Long,3053.186,3050.97,-11.080000000001746,SL Hit,3050.97,5,3898.999999999925,115.0,-4.08600000000024,2.4039999999999964
2025-03-20 09:10:00,2025-03-20 09:45:00,Long,3042.63,3042.63,0.0,SL Hit,3042.63,1,3898.999999999925,35.0,-1.3299999999999272,3.049999999999727
2025-03-20 11:40:00,2025-03-20 11:50:00,Short,3032.92,3032.92,0.0,SL Hit,3032.92,1,3898.999999999925,10.0,2.0799999999999272,-2.180000000000291
2025-03-20 15:15:00,2025-03-20 15:20:00,Long,3039.45,3039.405,-0.04499999999961801,SL Hit,3039.405,1,3898.9549999999253,5.0,-0.1999999999998181,1.0600000000004002
2025-03-20 16:00:00,2025-03-20 16:10:00,Long,3040.87,3039.6400000000003,-1.2299999999995634,SL Hit,3039.6400000000003,1,3897.724999999926,10.0,-1.7300000000000182,0.7699999999999818
2025-03-20 18:10:00,2025-03-20 18:35:00,Long,3042.57,3041.6099999999997,-0.9600000000004911,SL Hit,3041.6099999999997,1,3896.7649999999253,25.0,-1.6600000000003092,2.6299999999996544
2025-03-20 22:05:00,2025-03-20 22:50:00,Short,3044.0866666666666,3044.54,-1.3600000000001273,SL Hit,3044.54,3,3895.404999999925,45.0,1.333333333333485,-1.9866666666666788
2025-03-20 23:30:00,2025-03-21 00:15:00,Long,3044.19,3043.1,-2.180000000000291,SL Hit,3043.1,2,3893.224999999925,45.0,-1.5100000000002183,3.0099999999997635
2025-03-21 00:20:00,2025-03-21 00:30:00,Short,3042.76,3044.125,-1.3649999999997817,SL Hit,3044.125,1,3891.859999999925,10.0,1.8599999999996726,-1.7600000000002183
2025-03-21 02:45:00,2025-03-21 03:50:00,Short,3032.9166666666665,3032.08,2.5099999999997635,SL Hit,3032.08,3,3894.369999999925,65.0,2.633333333333667,-2.986666666666679
2025-03-21 04:45:00,2025-03-21 06:10:00,Short,3030.45,3031.45,-2.0,SL Hit,3031.45,2,3892.369999999925,85.0,1.9700000000002547,-8.609999999999673
2025-03-21 06:15:00,2025-03-21 06:25:00,Long,3030.58,3030.4750000000004,-0.10499999999956344,SL Hit,3030.4750000000004,1,3892.2649999999253,10.0,-0.5799999999999272,0.9700000000002547
2025-03-21 07:35:00,2025-03-21 07:40:00,Long,3031.88,3031.2649999999994,-0.6150000000006912,SL Hit,3031.2649999999994,1,3891.6499999999246,5.0,-1.6100000000001273,0.4499999999998181
2025-03-21 09:35:00,2025-03-21 09:45:00,Short,3029.39,3029.705,-0.31500000000005457,SL Hit,3029.705,1,3891.3349999999245,10.0,0.5300000000002001,-0.8899999999998727
2025-03-21 12:15:00,2025-03-21 13:00:00,Long,3034.65,3033.58,-2.1400000000003274,SL Hit,3033.58,2,3889.194999999924,45.0,-1.3600000000001273,2.949999999999818
2025-03-21 13:05:00,2025-03-21 14:40:00,Short,3026.476666666667,3009.24,51.7100000000014,SL Hit,3009.24,3,3940.9049999999256,95.0,10.153333333333194,-27.056666666666843
2025-03-21 18:25:00,2025-03-21 19:00:00,Long,3017.08,3017.08,0.0,SL Hit,3017.08,1,3940.9049999999256,35.0,-1.1100000000001273,3.869999999999891
2025-03-24 00:20:00,2025-03-24 01:30:00,Short,3021.52,3023.04,-3.0399999999999636,SL Hit,3023.04,2,3937.8649999999257,70.0,2.4200000000000728,-4.380000000000109
2025-03-24 04:25:00,2025-03-24 04:40:00,Long,3017.28,3017.28,0.0,SL Hit,3017.28,1,3937.8649999999257,15.0,-0.580000000000382,1.0
2025-03-24 05:05:00,2025-03-24 06:10:00,Long,3020.63,3020.24,-0.7800000000006548,SL Hit,3020.24,2,3937.084999999925,65.0,-2.7899999999999636,1.9800000000000182
2025-03-24 06:35:00,2025-03-24 07:30:00,Long,3023.82,3024.2,1.1399999999989632,SL Hit,3024.2,3,3938.224999999924,55.0,-2.25,4.809999999999945
2025-03-24 11:05:00,2025-03-24 12:15:00,Short,3027.98,3027.62,0.7200000000002547,SL Hit,3027.62,2,3938.944999999924,70.0,0.9600000000000364,-3.8400000000001455
2025-03-24 13:40:00,2025-03-24 13:50:00,Short,3023.62,3023.62,0.0,SL Hit,3023.62,1,3938.944999999924,10.0,1.2000000000002728,-4.179999999999836
2025-03-24 16:40:00,2025-03-24 16:50:00,Short,3010.23,3010.23,0.0,SL Hit,3010.23,1,3938.944999999924,10.0,0.6300000000001091,-2.199999999999818
2025-03-24 17:40:00,2025-03-24 17:45:00,Short,3007.5,3007.5,0.0,SL Hit,3007.5,1,3938.944999999924,5.0,0.3400000000001455,-2.0
2025-03-24 17:50:00,2025-03-24 19:10:00,Short,3006.81,3007.75,-1.8800000000001091,SL Hit,3007.75,2,3937.064999999924,80.0,0.9500000000002728,-4.320000000000164
2025-03-24 19:15:00,2025-03-24 19:20:00,Long,3007.1,3007.1,0.0,SL Hit,3007.1,1,3937.064999999924,5.0,-1.25,0.8800000000001091
2025-03-24 20:00:00,2025-03-24 20:05:00,Long,3005.84,3005.66,-0.18000000000029104,SL Hit,3005.66,1,3936.884999999924,5.0,-0.3400000000001455,1.099999999999909
2025-03-24 22:40:00,2025-03-24 22:50:00,Short,3009.78,3010.4849999999997,-0.7049999999994725,SL Hit,3010.4849999999997,1,3936.1799999999243,10.0,1.8299999999999272,-1.080000000000382
2025-03-25 00:00:00,2025-03-25 00:05:00,Short,3009.7,3009.7299999999996,-0.02999999999974534,SL Hit,3009.7299999999996,1,3936.1499999999246,5.0,1.0100000000002183,-0.4399999999995998
2025-03-25 09:20:00,2025-03-25 09:30:00,Long,3020.58,3019.92,-0.6599999999998545,SL Hit,3019.92,1,3935.4899999999247,10.0,-1.4299999999998363,1.050000000000182
2025-03-25 11:15:00,2025-03-25 11:40:00,Long,3024.365,3023.3,-2.1299999999991996,SL Hit,3023.3,2,3933.3599999999255,25.0,-1.474999999999909,1.7650000000003274
2025-03-25 11:45:00,2025-03-25 13:10:00,Short,3022.89,3023.52,-0.6300000000001091,SL Hit,3023.52,1,3932.7299999999254,85.0,1.9400000000000546,-7.9099999999998545
2025-03-25 13:35:00,2025-03-25 14:30:00,Long,3030.175,3026.8,-6.75,SL Hit,3026.8,2,3925.9799999999254,55.0,-5.345000000000255,5.3149999999996
2025-03-25 14:55:00,2025-03-25 16:40:00,Short,3024.4266666666667,3024.11,0.9499999999998181,SL Hit,3024.11,3,3926.9299999999253,105.0,4.213333333333139,-6.446666666666715
2025-03-25 16:45:00,2025-03-25 16:55:00,Long,3023.89,3023.4100000000003,-0.47999999999956344,SL Hit,3023.4100000000003,1,3926.4499999999257,10.0,-0.650000000000091,1.6200000000003456
2025-03-25 17:25:00,2025-03-25 17:55:00,Short,3021.335,3022.33,-1.9899999999997817,SL Hit,3022.33,2,3924.459999999926,30.0,1.3350000000000364,-1.5050000000001091
2025-03-25 19:40:00,2025-03-25 19:45:00,Long,3019.38,3019.305,-0.07500000000027285,SL Hit,3019.305,1,3924.3849999999256,5.0,-0.2800000000002001,1.0
2025-03-25 22:40:00,2025-03-25 23:00:00,Short,3020.635,3021.18,-1.089999999999236,SL Hit,3021.18,2,3923.2949999999264,20.0,0.5749999999998181,-1.2350000000001273
2025-03-25 23:05:00,2025-03-25 23:10:00,Long,3020.1,3020.1,0.0,SL Hit,3020.1,1,3923.2949999999264,5.0,-0.09999999999990905,1.2300000000000182
2025-03-25 23:30:00,2025-03-25 23:40:00,Long,3020.74,3019.93,-0.8099999999999454,SL Hit,3019.93,1,3922.4849999999265,10.0,-0.9399999999995998,0.6900000000000546
2025-03-26 02:25:00,2025-03-26 02:40:00,Long,3024.91,3024.7450000000003,-0.16499999999950887,SL Hit,3024.7450000000003,1,3922.319999999927,15.0,-2.3099999999999454,1.5399999999999636
2025-03-26 03:05:00,2025-03-26 05:30:00,Short,3017.3050000000003,3016.03,5.100000000000364,SL Hit,3016.03,4,3927.4199999999273,145.0,5.504999999999654,-4.005000000000109
2025-03-26 06:40:00,2025-03-26 06:50:00,Long,3024.19,3024.19,0.0,SL Hit,3024.19,1,3927.4199999999273,10.0,-0.19000000000005457,1.6100000000001273
2025-03-26 08:45:00,2025-03-26 10:40:00,Short,3023.955,3023.46,0.9899999999997817,SL Hit,3023.46,2,3928.409999999927,115.0,2.675000000000182,-6.864999999999782
2025-03-26 12:35:00,2025-03-26 12:40:00,Short,3027.23,3027.9649999999997,-0.7349999999996726,SL Hit,3027.9649999999997,1,3927.6749999999274,5.0,1.2399999999997817,-1.6900000000000546
2025-03-26 16:20:00,2025-03-26 16:40:00,Long,3017.67,3016.845,-0.8250000000002728,SL Hit,3016.845,1,3926.849999999927,20.0,-1.8800000000001091,2.0799999999999272
2025-03-26 18:55:00,2025-03-26 20:00:00,Short,3018.075,3018.14,-0.13000000000010914,SL Hit,3018.14,2,3926.719999999927,65.0,0.8450000000002547,-2.2549999999996544
2025-03-26 20:45:00,2025-03-26 20:50:00,Long,3019.95,3019.95,0.0,SL Hit,3019.95,1,3926.719999999927,5.0,-0.8799999999996544,0.8400000000001455
2025-03-26 22:20:00,2025-03-26 22:25:00,Long,3020.54,3019.8650000000002,-0.6749999999997272,SL Hit,3019.8650000000002,1,3926.0449999999273,5.0,-1.2399999999997817,0.15999999999985448
2025-03-26 23:00:00,2025-03-26 23:10:00,Short,3019.22,3019.22,0.0,SL Hit,3019.22,1,3926.0449999999273,10.0,0.9500000000002728,-1.819999999999709
2025-03-26 23:40:00,2025-03-27 00:30:00,Long,3021.3900000000003,3022.23,1.6799999999993815,SL Hit,3022.23,2,3927.7249999999267,50.0,-2.0200000000004366,2.9999999999995453
2025-03-27 00:50:00,2025-03-27 01:40:00,Long,3025.33,3024.7,-1.2600000000002183,SL Hit,3024.7,2,3926.4649999999265,50.0,-2.3299999999999272,2.7100000000000364
2025-03-27 03:35:00,2025-03-27 05:10:00,Long,3032.9849999999997,3031.72,-5.059999999999491,SL Hit,3031.72,4,3921.404999999927,95.0,-2.2149999999996908,4.805000000000291
2025-03-27 05:50:00,2025-03-27 06:05:00,Short,3032.51,3032.51,0.0,SL Hit,3032.51,1,3921.404999999927,15.0,0.4299999999998363,-4.450000000000273
2025-03-27 12:00:00,2025-03-27 12:10:00,Long,3054.3,3053.745,-0.555000000000291,SL Hit,3053.745,1,3920.8499999999267,10.0,-1.900000000000091,1.2699999999999818
2025-03-27 12:35:00,2025-03-27 12:45:00,Short,3051.03,3051.03,0.0,SL Hit,3051.03,1,3920.8499999999267,10.0,0.10999999999967258,-3.7800000000002
2025-03-27 16:45:00,2025-03-27 17:50:00,Short,3051.05,3052.08,-2.0599999999994907,SL Hit,3052.08,2,3918.789999999927,65.0,1.8899999999998727,-3.1700000000000728
2025-03-27 18:30:00,2025-03-27 20:00:00,Long,3056.1800000000003,3056.29,0.32999999999901775,SL Hit,3056.29,3,3919.119999999926,90.0,-1.4700000000002547,1.4399999999995998
2025-03-27 20:05:00,2025-03-27 20:50:00,Short,3056.435,3056.57,-0.27000000000043656,SL Hit,3056.57,2,3918.849999999926,45.0,0.6050000000000182,-2.3350000000000364
2025-03-27 23:00:00,2025-03-27 23:45:00,Short,3054.775,3054.9,-0.25,SL Hit,3054.9,2,3918.599999999926,45.0,1.1449999999999818,-1.0750000000002728
2025-03-28 06:35:00,2025-03-28 07:35:00,Long,3080.59,3080.5,-0.09000000000014552,SL Hit,3080.5,1,3918.5099999999256,60.0,-0.18000000000029104,5.029999999999745
2025-03-28 07:55:00,2025-03-28 09:40:00,Short,3075.7033333333334,3074.06,4.930000000000291,SL Hit,3074.06,3,3923.439999999926,105.0,4.85666666666657,-9.553333333333285
2025-03-28 11:00:00,2025-03-28 12:05:00,Long,3074.17,3073.855,-0.31500000000005457,SL Hit,3073.855,1,3923.124999999926,65.0,-0.5300000000002001,5.130000000000109
2025-03-28 12:25:00,2025-03-28 12:30:00,Short,3076.08,3076.08,0.0,SL Hit,3076.08,1,3923.124999999926,5.0,1.9400000000000546,-2.049999999999727
2025-03-28 13:20:00,2025-03-28 13:25:00,Short,3074.06,3074.315,-0.25500000000010914,SL Hit,3074.315,1,3922.8699999999258,5.0,2.7600000000002183,-1.8800000000001091
2025-03-28 17:15:00,2025-03-28 17:25:00,Long,3082.89,3081.495,-1.3949999999999818,SL Hit,3081.495,1,3921.474999999926,10.0,-2.1900000000000546,2.650000000000091
2025-03-28 19:40:00,2025-03-28 19:45:00,Long,3081.05,3081.05,0.0,SL Hit,3081.05,1,3921.474999999926,5.0,-0.6300000000001091,0.599999999999909
2025-03-28 20:05:00,2025-03-28 20:35:00,Long,3082.24,3081.9,-0.6799999999993815,SL Hit,3081.9,2,3920.7949999999264,30.0,-0.9699999999997999,2.1100000000001273
2025-03-28 20:55:00,2025-03-30 23:05:00,Long,3087.15,3087.5,0.6999999999998181,SL Hit,3087.5,2,3921.494999999926,3010.0,-3.0,12.400000000000091
2025-03-31 04:25:00,2025-03-31 05:00:00,Long,3110.19,3108.7200000000003,-1.4699999999998,SL Hit,3108.7200000000003,1,3920.0249999999264,35.0,-2.099999999999909,5.2199999999998
2025-03-31 15:55:00,2025-03-31 16:00:00,Short,3115.29,3115.29,0.0,SL Hit,3115.29,1,3920.0249999999264,5.0,1.5599999999999454,-1.7899999999999636
2025-03-31 16:35:00,2025-03-31 17:20:00,Long,3118.63,3117.38,-2.5,SL Hit,3117.38,2,3917.5249999999264,45.0,-1.599999999999909,1.7199999999998
2025-03-31 18:15:00,2025-03-31 19:40:00,Long,3121.0,3121.18,0.7199999999993452,SL Hit,3121.18,4,3918.2449999999258,85.0,-1.7899999999999636,2.730000000000018
2025-03-31 20:10:00,2025-03-31 20:15:00,Long,3123.53,3123.365,-0.16500000000041837,SL Hit,3123.365,1,3918.0799999999253,5.0,-0.6600000000003092,0.5599999999999454
2025-03-31 23:10:00,2025-03-31 23:45:00,Long,3125.365,3123.7,-3.3299999999999272,SL Hit,3123.7,2,3914.7499999999254,35.0,-1.9949999999998909,0.8450000000002547
2025-03-31 23:50:00,2025-04-01 00:45:00,Short,3122.12,3126.21,-8.180000000000291,SL Hit,3126.21,2,3906.569999999925,55.0,5.130000000000109,-2.9200000000000728
2025-04-01 01:25:00,2025-04-01 01:30:00,Long,3131.96,3131.96,0.0,SL Hit,3131.96,1,3906.569999999925,5.0,-1.0199999999999818,1.8400000000001455
2025-04-01 01:40:00,2025-04-01 04:15:00,Long,3141.358571428572,3144.93,24.999999999995907,SL Hit,3144.93,7,3931.569999999921,155.0,-8.848571428571631,6.281428571428023
2025-04-01 04:20:00,2025-04-01 05:20:00,Short,3143.536666666667,3144.86,-3.9699999999998,SL Hit,3144.86,3,3927.5999999999212,60.0,1.883333333333212,-2.3366666666670426
2025-04-01 07:30:00,2025-04-01 08:05:00,Short,3133.0,3133.0,0.0,SL Hit,3133.0,1,3927.5999999999212,35.0,0.6199999999998909,-8.329999999999927
2025-04-01 08:55:00,2025-04-01 09:00:00,Short,3131.31,3131.31,0.0,SL Hit,3131.31,1,3927.5999999999212,5.0,0.6700000000000728,-1.7999999999997272
2025-04-01 11:05:00,2025-04-01 11:10:00,Short,3132.33,3133.395,-1.0650000000000546,SL Hit,3133.395,1,3926.534999999921,5.0,1.3099999999999454,-1.5
2025-04-01 11:20:00,2025-04-01 13:00:00,Short,3132.4249999999997,3133.83,-5.6200000000008,SL Hit,3133.83,4,3920.9149999999204,100.0,2.355000000000473,-4.394999999999527
2025-04-01 17:20:00,2025-04-01 18:40:00,Long,3113.73,3114.22,1.4699999999993452,SL Hit,3114.22,3,3922.3849999999197,80.0,-3.8299999999999272,4.679999999999836
2025-04-01 18:50:00,2025-04-01 19:10:00,Short,3114.64,3114.64,0.0,SL Hit,3114.64,1,3922.3849999999197,20.0,0.34999999999990905,-1.0299999999997453
2025-04-01 22:05:00,2025-04-01 23:00:00,Short,3112.91,3113.18,-0.8099999999999454,SL Hit,3113.18,3,3921.57499999992,55.0,1.6400000000003274,-5.149999999999636
2025-04-02 06:25:00,2025-04-02 06:30:00,Long,3115.9,3114.865,-1.0350000000003092,SL Hit,3114.865,1,3920.5399999999195,5.0,-1.1199999999998909,0.9200000000000728
2025-04-02 09:30:00,2025-04-02 09:55:00,Short,3129.49,3130.76,-2.540000000000873,SL Hit,3130.76,2,3917.9999999999186,25.0,1.5300000000002,-2.4799999999995634
2025-04-02 10:25:00,2025-04-02 12:25:00,Short,3124.53,3123.22,3.9300000000012005,SL Hit,3123.22,3,3921.92999999992,120.0,4.099999999999909,-13.700000000000273
2025-04-02 15:40:00,2025-04-02 17:20:00,Long,3127.885,3127.52,-0.7300000000004729,SL Hit,3127.52,2,3921.1999999999193,100.0,-3.2850000000003092,6.024999999999636
2025-04-02 23:45:00,2025-04-03 00:05:00,Long,3159.18,3159.18,0.0,SL Hit,3159.18,1,3921.1999999999193,20.0,-4.099999999999909,7.4900000000002365
2025-04-03 01:35:00,2025-04-03 01:50:00,Long,3155.28,3153.825,-1.455000000000382,SL Hit,3153.825,1,3919.744999999919,15.0,-4.440000000000055,6.7599999999997635
2025-04-03 06:05:00,2025-04-03 06:20:00,Long,3128.66,3127.6850000000004,-0.9749999999994543,SL Hit,3127.6850000000004,1,3918.7699999999195,15.0,-3.1799999999998363,3.2800000000002
2025-04-03 09:35:00,2025-04-03 13:35:00,Short,3102.0850000000005,3079.69,134.37000000000262,SL Hit,3079.69,6,4053.139999999922,240.0,26.41499999999951,-46.625000000000455
2025-04-03 16:10:00,2025-04-03 16:20:00,Long,3107.41,3104.67,-5.479999999999563,SL Hit,3104.67,2,4047.6599999999225,10.0,-6.4099999999998545,2.8299999999999272
2025-04-04 03:50:00,2025-04-04 06:30:00,Long,3100.282,3101.9,8.08999999999969,SL Hit,3101.9,5,4055.7499999999222,160.0,-7.632000000000062,8.867999999999938
2025-04-04 10:05:00,2025-04-04 10:10:00,Long,3093.86,3093.86,0.0,SL Hit,3093.86,1,4055.7499999999222,5.0,-0.5199999999999818,5.449999999999818
2025-04-04 10:25:00,2025-04-04 11:45:00,Long,3110.955,3105.53,-10.849999999999454,SL Hit,3105.53,2,4044.899999999923,80.0,-15.884999999999764,23.565000000000055
2025-04-04 11:50:00,2025-04-04 11:55:00,Short,3108.6,3108.6,0.0,SL Hit,3108.6,1,4044.899999999923,5.0,3.25,-3.119999999999891
2025-04-04 12:10:00,2025-04-04 12:15:00,Short,3098.23,3099.85,-1.6199999999998909,SL Hit,3099.85,1,4043.279999999923,5.0,2.2399999999997817,-6.75
2025-04-04 12:35:00,2025-04-04 16:15:00,Short,3055.272,3025.53,148.70999999999867,SL Hit,3025.53,5,4191.989999999922,220.0,38.677999999999884,-37.8420000000001
2025-04-04 16:25:00,2025-04-04 17:25:00,Long,3025.9,3020.74,-5.160000000000309,SL Hit,3020.74,1,4186.829999999922,60.0,-7.940000000000055,9.529999999999745
2025-04-04 18:35:00,2025-04-04 18:40:00,Long,3022.2,3021.495,-0.7049999999999272,SL Hit,3021.495,1,4186.124999999922,5.0,-0.819999999999709,2.4600000000000364
2025-04-04 18:45:00,2025-04-04 18:50:00,Short,3021.06,3021.06,0.0,SL Hit,3021.06,1,4186.124999999922,5.0,4.4099999999998545,-2.8899999999998727
2025-04-04 19:20:00,2025-04-04 20:55:00,Long,3034.025,3035.1,4.299999999999272,SL Hit,3035.1,4,4190.424999999921,95.0,-6.845000000000255,6.3449999999998
2025-04-06 23:15:00,2025-04-07 01:05:00,Short,2993.8866666666668,2991.23,7.970000000000255,SL Hit,2991.23,3,4198.394999999921,110.0,14.523333333333085,-20.776666666666642
2025-04-07 02:35:00,2025-04-07 03:40:00,Short,3030.913333333334,3030.08,2.500000000001819,SL Hit,3030.08,3,4200.894999999923,65.0,5.976666666666006,-7.683333333333849
2025-04-07 10:25:00,2025-04-07 12:00:00,Long,3031.325,3030.42,-1.8099999999994907,SL Hit,3030.42,2,4199.084999999924,95.0,-4.114999999999782,13.965000000000146
2025-04-07 13:05:00,2025-04-07 13:10:00,Long,3027.38,3026.12,-1.2600000000002183,SL Hit,3026.12,1,4197.824999999923,5.0,-2.619999999999891,4.309999999999945
2025-04-07 14:15:00,2025-04-07 14:20:00,Long,3026.37,3026.37,0.0,SL Hit,3026.37,1,4197.824999999923,5.0,-6.069999999999709,11.2800000000002
2025-04-07 15:45:00,2025-04-07 15:55:00,Short,2985.17,2985.17,0.0,SL Hit,2985.17,1,4197.824999999923,10.0,2.4400000000000546,-4.960000000000036
2025-04-07 16:00:00,2025-04-07 16:30:00,Short,2981.596666666667,2984.39,-8.3799999999992,SL Hit,2984.39,3,4189.444999999924,30.0,4.873333333332994,-6.026666666666642
2025-04-07 17:50:00,2025-04-07 18:50:00,Long,2969.8599999999997,2968.64,-2.4399999999996,SL Hit,2968.64,2,4187.004999999925,60.0,-4.4399999999996,6.380000000000109
2025-04-07 22:05:00,2025-04-07 23:15:00,Long,2983.615,2984.8,4.740000000001601,SL Hit,2984.8,4,4191.744999999926,70.0,-2.3649999999997817,4.475000000000364
2025-04-08 02:05:00,2025-04-08 03:00:00,Long,3001.5766666666664,2998.38,-9.589999999998781,SL Hit,2998.38,3,4182.154999999928,55.0,-4.186666666666497,2.7733333333335395
2025-04-08 04:05:00,2025-04-08 04:30:00,Long,2998.5299999999997,2994.11,-8.839999999999236,SL Hit,2994.11,2,4173.314999999929,25.0,-5.1599999999998545,0.9800000000004729
2025-04-08 05:20:00,2025-04-08 05:25:00,Long,3001.69,2999.9800000000005,-1.7099999999995816,SL Hit,2999.9800000000005,1,4171.604999999929,5.0,-1.9200000000000728,1.2699999999999818
2025-04-08 07:20:00,2025-04-08 10:00:00,Short,3007.67,3007.63,0.15999999999985448,SL Hit,3007.63,4,4171.7649999999285,160.0,3.9400000000000546,-12.300000000000182
2025-04-08 10:30:00,2025-04-08 10:40:00,Long,3008.13,3006.195,-1.9349999999999454,SL Hit,3006.195,1,4169.829999999929,10.0,-1.9900000000002365,1.3299999999999272
2025-04-08 11:10:00,2025-04-08 12:20:00,Long,3011.3933333333334,3008.94,-7.360000000000127,SL Hit,3008.94,3,4162.469999999928,70.0,-5.39333333333343,7.716666666666697
2025-04-08 16:25:00,2025-04-08 16:30:00,Short,2995.59,2995.59,0.0,SL Hit,2995.59,1,4162.469999999928,5.0,0.17000000000007276,-4.039999999999964
2025-04-08 19:15:00,2025-04-08 19:45:00,Short,2980.14,2982.7,-5.119999999999891,SL Hit,2982.7,2,4157.3499999999285,30.0,2.800000000000182,-3.3799999999996544
2025-04-08 23:30:00,2025-04-09 00:05:00,Short,2980.94,2981.06,-0.11999999999989086,SL Hit,2981.06,1,4157.229999999929,35.0,2.869999999999891,-11.019999999999982
2025-04-09 01:00:00,2025-04-09 01:20:00,Short,2978.67,2981.3999999999996,-2.7299999999995634,SL Hit,2981.3999999999996,1,4154.499999999929,20.0,7.210000000000036,-4.650000000000091
2025-04-09 01:25:00,2025-04-09 02:20:00,Long,2995.675,3004.22,17.089999999999236,SL Hit,3004.22,2,4171.589999999928,55.0,-15.4350000000004,14.694999999999709
2025-04-09 06:10:00,2025-04-09 07:55:00,Long,3031.1349999999998,3041.59,41.82000000000153,SL Hit,3041.59,4,4213.40999999993,105.0,-12.624999999999545,18.485000000000127
2025-04-09 09:30:00,2025-04-09 10:10:00,Long,3045.0950000000003,3043.5,-3.1900000000005093,SL Hit,3043.5,2,4210.219999999929,40.0,-4.045000000000073,4.124999999999545
2025-04-09 11:05:00,2025-04-09 11:15:00,Short,3044.1,3046.1400000000003,-2.0400000000004184,Bullish Trade Reversal,3046.1400000000003,1,4208.179999999929,10.0,12.110000000000127,-1.6199999999998909
2025-04-09 11:15:00,2025-04-09 12:10:00,Long,3057.47,3058.9,4.290000000000873,SL Hit,3058.9,3,4212.46999999993,55.0,-13.679999999999836,14.450000000000273
2025-04-09 12:15:00,2025-04-09 13:30:00,Short,3061.58,3069.755,-8.175000000000182,SL Hit,3069.755,1,4204.29499999993,75.0,10.539999999999964,-18.139999999999873
2025-04-09 14:55:00,2025-04-09 15:10:00,Short,3071.67,3073.17,-1.5,SL Hit,3073.17,1,4202.79499999993,15.0,3.2399999999997817,-5.460000000000036
2025-04-09 16:50:00,2025-04-09 17:00:00,Long,3090.01,3089.8599999999997,-0.1500000000005457,SL Hit,3089.8599999999997,1,4202.6449999999295,10.0,-1.5900000000001455,4.5
2025-04-09 18:10:00,2025-04-09 18:20:00,Short,3057.83,3059.45,-1.6199999999998909,SL Hit,3059.45,1,4201.02499999993,10.0,4.430000000000291,-7.210000000000036
2025-04-09 20:35:00,2025-04-09 22:30:00,Short,3082.995,3083.02,-0.0500000000001819,SL Hit,3083.02,2,4200.974999999929,115.0,4.744999999999891,-12.295000000000073
2025-04-10 01:05:00,2025-04-10 01:45:00,Short,3089.023333333333,3088.56,1.389999999999418,SL Hit,3088.56,3,4202.364999999929,40.0,4.746666666666897,-10.323333333333267
2025-04-10 02:55:00,2025-04-10 05:35:00,Long,3122.888333333333,3121.83,-6.349999999997635,SL Hit,3121.83,6,4196.014999999931,160.0,-7.67833333333283,8.741666666667243
2025-04-10 07:05:00,2025-04-10 07:20:00,Short,3119.205,3122.19,-5.970000000000255,SL Hit,3122.19,2,4190.044999999931,15.0,3.3650000000002365,-2.255000000000109
2025-04-10 12:05:00,2025-04-10 12:35:00,Long,3124.76,3123.71,-2.100000000000364,SL Hit,3123.71,2,4187.944999999931,30.0,-7.760000000000218,8.329999999999927
2025-04-10 14:55:00,2025-04-10 16:10:00,Long,3154.3633333333332,3155.0,1.9100000000003092,SL Hit,3155.0,3,4189.85499999993,75.0,-6.053333333333285,19.98666666666668
2025-04-10 17:40:00,2025-04-10 18:10:00,Long,3161.603333333334,3159.53,-6.220000000001164,SL Hit,3159.53,3,4183.634999999929,30.0,-3.4333333333338487,2.9466666666662604
2025-04-10 18:25:00,2025-04-10 20:25:00,Long,3170.353333333333,3170.49,0.41000000000030923,SL Hit,3170.49,3,4184.044999999929,120.0,-7.5433333333330665,5.676666666667188
2025-04-10 20:35:00,2025-04-10 20:45:00,Short,3170.93,3171.425,-0.4950000000003456,SL Hit,3171.425,1,4183.549999999928,10.0,1.8800000000001091,-2.5899999999996908
2025-04-11 01:10:00,2025-04-11 01:15:00,Long,3211.68,3208.8900000000003,-2.789999999999509,SL Hit,3208.8900000000003,1,4180.759999999929,5.0,-8.679999999999836,3.100000000000364
2025-04-11 02:15:00,2025-04-11 02:25:00,Long,3216.99,3213.87,-3.119999999999891,SL Hit,3213.87,1,4177.639999999929,10.0,-3.169999999999618,2.2900000000004184
2025-04-11 03:00:00,2025-04-11 03:30:00,Short,3216.005,3219.11,-6.210000000000036,SL Hit,3219.11,2,4171.429999999929,30.0,3.7950000000000728,-1.8949999999999818
2025-04-11 04:10:00,2025-04-11 05:25:00,Short,3214.2,3217.06,-5.720000000000255,SL Hit,3217.06,2,4165.709999999929,75.0,3.900000000000091,-8.519999999999982
2025-04-11 06:35:00,2025-04-11 06:50:00,Long,3200.3,3200.3,0.0,SL Hit,3200.3,1,4165.709999999929,15.0,-3.1900000000000546,8.699999999999818
2025-04-11 07:10:00,2025-04-11 09:15:00,Long,3212.7116666666666,3215.32,15.650000000001455,SL Hit,3215.32,6,4181.359999999931,125.0,-8.911666666666406,13.198333333333267
2025-04-11 09:20:00,2025-04-11 09:25:00,Short,3216.91,3217.375,-0.4650000000001455,SL Hit,3217.375,1,4180.89499999993,5.0,2.5700000000001637,-2.0099999999997635
2025-04-11 10:30:00,2025-04-11 12:05:00,Short,3220.1766666666663,3219.59,1.7599999999983993,SL Hit,3219.59,3,4182.654999999929,95.0,7.33333333333394,-10.096666666666351
2025-04-11 13:50:00,2025-04-11 14:05:00,Short,3230.06,3230.06,0.0,SL Hit,3230.06,1,4182.654999999929,15.0,3.2800000000002,-10.289999999999964
2025-04-11 18:35:00,2025-04-11 18:50:00,Long,3234.8,3234.8,0.0,SL Hit,3234.8,1,4182.654999999929,15.0,-0.8100000000004002,2.819999999999709
2025-04-11 20:00:00,2025-04-13 22:00:00,Long,3234.4966666666664,3233.76,-2.209999999998672,SL Hit,3233.76,3,4180.444999999931,3000.0,-23.896666666666533,3.833333333333485
2025-04-13 23:55:00,2025-04-14 01:00:00,Long,3219.7,3219.2,-1.0,SL Hit,3219.2,2,4179.444999999931,65.0,-3.0599999999999454,7.210000000000036
2025-04-14 02:00:00,2025-04-14 02:15:00,Long,3239.21,3239.21,0.0,SL Hit,3239.21,1,4179.444999999931,15.0,-1.7899999999999636,6.019999999999982
2025-04-14 03:00:00,2025-04-14 03:05:00,Short,3231.15,3231.27,-0.11999999999989086,SL Hit,3231.27,1,4179.324999999931,5.0,0.7399999999997817,-5.039999999999964
2025-04-14 03:10:00,2025-04-14 03:25:00,Short,3232.23,3233.23,-2.0,SL Hit,3233.23,2,4177.324999999931,15.0,1.0399999999999636,-3.119999999999891
2025-04-14 03:35:00,2025-04-14 04:20:00,Long,3231.675,3231.26,-0.8299999999999272,SL Hit,3231.26,2,4176.494999999931,45.0,-0.525000000000091,3.4649999999996908
2025-04-14 04:30:00,2025-04-14 05:35:00,Short,3228.24,3227.33,1.819999999999709,SL Hit,3227.33,2,4178.3149999999305,65.0,3.6200000000003456,-6.75
2025-04-14 07:10:00,2025-04-14 07:20:00,Short,3229.99,3230.545,-0.555000000000291,SL Hit,3230.545,1,4177.75999999993,10.0,2.3400000000001455,-1.1399999999998727
2025-04-14 12:10:00,2025-04-14 12:15:00,Long,3225.19,3224.365,-0.8250000000002728,SL Hit,3224.365,1,4176.93499999993,5.0,-1.5199999999999818,2.0299999999997453
2025-04-14 15:20:00,2025-04-14 16:50:00,Short,3207.5533333333333,3206.61,2.8299999999994725,SL Hit,3206.61,3,4179.76499999993,90.0,1.996666666666897,-10.64333333333343
2025-04-14 18:15:00,2025-04-14 19:45:00,Short,3212.175,3212.08,0.19000000000050932,SL Hit,3212.08,2,4179.954999999931,90.0,1.9049999999997453,-10.715000000000146
2025-04-14 19:50:00,2025-04-14 20:15:00,Long,3212.17,3209.83,-2.3400000000001455,SL Hit,3209.83,1,4177.614999999931,25.0,-2.5900000000001455,1.400000000000091
2025-04-14 23:30:00,2025-04-14 23:45:00,Short,3212.93,3213.1100000000006,-0.18000000000074579,SL Hit,3213.1100000000006,1,4177.43499999993,15.0,0.9600000000000364,-2.049999999999727
2025-04-15 00:20:00,2025-04-15 00:25:00,Long,3214.08,3214.08,0.0,SL Hit,3214.08,1,4177.43499999993,5.0,-2.599999999999909,0.8099999999999454
2025-04-15 01:05:00,2025-04-15 05:15:00,Long,3224.14375,3227.14,23.969999999997526,SL Hit,3227.14,8,4201.404999999928,250.0,-12.233750000000327,8.0962499999996
2025-04-15 06:15:00,2025-04-15 06:55:00,Long,3226.225,3224.6,-3.25,SL Hit,3224.6,2,4198.154999999928,40.0,-2.2049999999999272,2.1849999999999454
2025-04-15 10:55:00,2025-04-15 11:00:00,Short,3222.21,3222.42,-0.21000000000003638,SL Hit,3222.42,1,4197.944999999928,5.0,1.1399999999998727,-2.519999999999982
2025-04-15 11:35:00,2025-04-15 11:55:00,Short,3220.07,3220.07,0.0,SL Hit,3220.07,1,4197.944999999928,20.0,0.4600000000000364,-2.9200000000000728
2025-04-15 12:15:00,2025-04-15 12:20:00,Long,3223.77,3221.9100000000003,-1.8599999999996726,SL Hit,3221.9100000000003,1,4196.084999999928,5.0,-6.5,1.6700000000000728
2025-04-15 19:00:00,2025-04-15 19:05:00,Long,3228.79,3228.79,0.0,SL Hit,3228.79,1,4196.084999999928,5.0,-0.8899999999998727,1.6599999999998545
2025-04-16 06:05:00,2025-04-16 06:10:00,Short,3288.32,3288.6050000000005,-0.28500000000030923,SL Hit,3288.6050000000005,1,4195.799999999928,5.0,1.4099999999998545,-1.0399999999999636
2025-04-16 10:55:00,2025-04-16 11:00:00,Long,3303.67,3302.47,-2.4000000000005457,SL Hit,3302.47,2,4193.399999999928,5.0,-3.3899999999998727,1.0099999999997635
2025-04-16 12:45:00,2025-04-16 13:55:00,Short,3309.3133333333335,3310.86,-4.639999999999873,SL Hit,3310.86,3,4188.7599999999275,70.0,6.416666666666515,-11.983333333333576
2025-04-16 15:05:00,2025-04-16 15:30:00,Short,3311.0550000000003,3313.67,-5.229999999999563,SL Hit,3313.67,2,4183.529999999928,25.0,6.214999999999691,-5.165000000000418
2025-04-16 18:10:00,2025-04-16 19:40:00,Long,3336.97,3337.9,2.790000000000873,SL Hit,3337.9,3,4186.319999999929,90.0,-8.5,5.120000000000346
2025-04-16 19:50:00,2025-04-16 20:05:00,Short,3338.17,3339.55,-2.7600000000002183,SL Hit,3339.55,2,4183.559999999929,15.0,1.4099999999998545,-3.269999999999982
2025-04-16 23:05:00,2025-04-16 23:15:00,Short,3351.59,3351.59,0.0,SL Hit,3351.59,1,4183.559999999929,10.0,0.1799999999998363,-3.7899999999999636
2025-04-17 00:00:00,2025-04-17 00:30:00,Short,3349.87,3349.87,0.0,SL Hit,3349.87,1,4183.559999999929,30.0,0.6100000000001273,-6.170000000000073
2025-04-17 04:05:00,2025-04-17 09:00:00,Short,3330.687142857143,3324.07,46.320000000000164,SL Hit,3324.07,7,4229.879999999928,295.0,13.032857142856756,-17.727142857143008
2025-04-17 09:20:00,2025-04-17 09:25:00,Long,3324.19,3323.74,-0.45000000000027285,SL Hit,3323.74,1,4229.4299999999275,5.0,-2.5599999999999454,1.6799999999998363
2025-04-17 10:30:00,2025-04-17 11:30:00,Long,3327.33,3326.14,-2.380000000000109,SL Hit,3326.14,2,4227.049999999927,60.0,-2.4200000000000728,4.9099999999998545
2025-04-17 11:35:00,2025-04-17 12:00:00,Short,3326.41,3330.8950000000004,-4.485000000000582,SL Hit,3330.8950000000004,1,4222.564999999927,25.0,5.100000000000364,-4.019999999999982
2025-04-17 15:05:00,2025-04-17 15:35:00,Long,3296.81,3294.9049999999997,-1.9050000000002,SL Hit,3294.9049999999997,1,4220.659999999927,30.0,-3.449999999999818,7.4900000000002365
2025-04-17 16:10:00,2025-04-17 18:30:00,Long,3314.0739999999996,3317.87,18.980000000001382,SL Hit,3317.87,5,4239.6399999999285,140.0,-16.893999999999778,7.806000000000495
2025-04-22 06:55:00,2025-04-22 10:00:00,Short,3464.365,3457.18,28.73999999999978,SL Hit,3457.18,4,4268.379999999928,185.0,17.795000000000073,-21.274999999999636
2025-04-22 10:55:00,2025-04-22 11:10:00,Short,3454.7,3456.425,-1.7250000000003638,SL Hit,3456.425,1,4266.654999999928,15.0,2.100000000000364,-6.539999999999964
2025-04-22 12:35:00,2025-04-22 14:30:00,Short,3440.0733333333333,3434.36,17.139999999999418,SL Hit,3434.36,3,4283.794999999927,115.0,13.816666666666606,-28.31333333333305
2025-04-22 14:50:00,2025-04-22 14:55:00,Short,3426.98,3427.6400000000003,-0.6600000000003092,SL Hit,3427.6400000000003,1,4283.1349999999275,5.0,2.8600000000001273,-2.380000000000109
2025-04-22 20:00:00,2025-04-22 22:00:00,Long,3379.01,3376.65,-7.080000000000382,SL Hit,3376.65,3,4276.0549999999275,120.0,-56.33000000000038,3.4299999999998363
2025-04-22 23:05:00,2025-04-22 23:55:00,Long,3336.73,3333.15,-7.1599999999998545,SL Hit,3333.15,2,4268.894999999928,50.0,-3.980000000000018,12.210000000000036
2025-04-23 08:15:00,2025-04-23 12:00:00,Long,3320.225,3322.51,9.140000000001237,SL Hit,3322.51,4,4278.034999999929,225.0,-13.74499999999989,19.355000000000018
2025-04-23 12:05:00,2025-04-23 12:20:00,Short,3322.66,3322.66,0.0,SL Hit,3322.66,1,4278.034999999929,15.0,6.510000000000218,-8.359999999999673
2025-04-23 19:50:00,2025-04-23 20:25:00,Long,3292.9,3290.0,-5.800000000000182,SL Hit,3290.0,2,4272.234999999929,35.0,-2.9100000000003092,2.2799999999997453
2025-04-23 23:55:00,2025-04-24 01:50:00,Long,3337.5466666666666,3356.14,55.779999999999745,SL Hit,3356.14,3,4328.0149999999285,115.0,-25.746666666666442,27.87333333333345
2025-04-24 02:00:00,2025-04-24 04:10:00,Short,3348.08,3329.03,57.14999999999918,SL Hit,3329.03,3,4385.164999999928,130.0,14.430000000000291,-26.61999999999989
2025-04-24 05:05:00,2025-04-24 05:35:00,Short,3323.9700000000003,3327.27,-6.599999999999454,SL Hit,3327.27,2,4378.564999999929,30.0,10.519999999999527,-2.0100000000002183
2025-04-24 06:05:00,2025-04-24 06:10:00,Short,3325.22,3325.55,-0.330000000000382,SL Hit,3325.55,1,4378.234999999928,5.0,1.9100000000003092,-2.949999999999818
2025-04-24 07:00:00,2025-04-24 08:20:00,Long,3329.816666666667,3330.47,1.9599999999982174,SL Hit,3330.47,3,4380.194999999926,80.0,-5.856666666667024,8.693333333333157
2025-04-24 08:40:00,2025-04-24 09:25:00,Long,3336.815,3335.47,-2.6900000000005093,SL Hit,3335.47,2,4377.5049999999255,45.0,-3.7049999999999272,4.244999999999891
2025-04-24 11:05:00,2025-04-24 11:55:00,Long,3334.463333333333,3335.95,4.460000000000036,SL Hit,3335.95,3,4381.964999999926,50.0,-3.7233333333333576,8.326666666666824
2025-04-24 12:45:00,2025-04-24 12:55:00,Long,3336.73,3336.73,0.0,SL Hit,3336.73,1,4381.964999999926,10.0,-0.5300000000002001,4.309999999999945
2025-04-24 17:25:00,2025-04-24 19:00:00,Long,3335.26,3333.03,-6.690000000000055,SL Hit,3333.03,3,4375.274999999925,95.0,-2.8600000000001273,4.059999999999945
2025-04-24 22:20:00,2025-04-24 22:25:00,Short,3353.64,3356.025,-2.3850000000002183,Bullish Trade Reversal,3356.025,1,4372.889999999925,5.0,9.63000000000011,-5.039999999999964
2025-04-24 22:25:00,2025-04-24 23:20:00,Long,3356.2349999999997,3357.2,1.930000000000291,SL Hit,3357.2,2,4374.819999999925,55.0,-6.7849999999998545,13.305000000000291
2025-04-25 00:10:00,2025-04-25 00:35:00,Long,3354.1,3354.1,0.0,SL Hit,3354.1,1,4374.819999999925,25.0,-2.7599999999997635,6.639999999999873
2025-04-25 01:45:00,2025-04-25 02:10:00,Short,3349.37,3350.63,-1.2600000000002183,SL Hit,3350.63,1,4373.559999999925,25.0,3.2899999999999636,-7.069999999999709
2025-04-25 03:15:00,2025-04-25 03:20:00,Long,3348.79,3348.7450000000003,-0.04499999999961801,SL Hit,3348.7450000000003,1,4373.514999999925,5.0,-0.09000000000014552,4.039999999999964
2025-04-25 06:25:00,2025-04-25 07:40:00,Long,3302.7900000000004,3305.4,7.829999999999018,SL Hit,3305.4,3,4381.344999999924,75.0,-9.490000000000236,10.749999999999545
2025-04-25 11:35:00,2025-04-25 12:00:00,Short,3297.515,3299.42,-3.8100000000004,SL Hit,3299.42,2,4377.5349999999235,25.0,2.305000000000291,-8.884999999999764
2025-04-25 17:55:00,2025-04-25 18:00:00,Long,3293.01,3291.615,-1.3950000000004366,SL Hit,3291.615,1,4376.139999999923,5.0,-1.4200000000000728,1.3799999999996544
2025-04-28 13:10:00,2025-04-28 13:15:00,Short,3295.9,3296.41,-0.5099999999997635,SL Hit,3296.41,1,4375.629999999923,5.0,3.5799999999999272,-3.7899999999999636
2025-04-28 19:00:00,2025-04-28 19:15:00,Long,3348.87,3347.685,-1.1849999999999454,SL Hit,3347.685,1,4374.444999999923,15.0,-3.4299999999998363,2.6700000000000728
2025-04-28 19:20:00,2025-04-28 19:30:00,Short,3350.29,3350.29,0.0,SL Hit,3350.29,1,4374.444999999923,10.0,0.6199999999998909,-2.5599999999999454
2025-04-28 22:10:00,2025-04-28 23:00:00,Short,3338.335,3339.46,-2.25,SL Hit,3339.46,2,4372.194999999923,50.0,3.8449999999998,-6.934999999999945
2025-04-29 00:50:00,2025-04-29 01:30:00,Short,3332.1,3333.5550000000003,-1.455000000000382,SL Hit,3333.5550000000003,1,4370.739999999923,40.0,2.150000000000091,-7.699999999999818
2025-04-29 04:45:00,2025-04-29 06:20:00,Short,3312.023333333333,3315.56,-10.610000000000582,SL Hit,3315.56,3,4360.129999999923,95.0,3.646666666666988,-6.723333333332903
2025-04-29 06:25:00,2025-04-29 07:10:00,Long,3314.815,3315.11,0.5900000000001455,SL Hit,3315.11,2,4360.719999999923,45.0,-2.4349999999999454,8.434999999999945
2025-04-29 08:30:00,2025-04-29 10:50:00,Short,3314.8566666666666,3315.04,-0.5500000000001819,SL Hit,3315.04,3,4360.169999999923,140.0,5.553333333333285,-8.536666666666406
2025-04-29 11:15:00,2025-04-29 11:45:00,Long,3310.73,3310.73,0.0,SL Hit,3310.73,1,4360.169999999923,30.0,-0.25,5.119999999999891
2025-04-29 11:55:00,2025-04-29 12:50:00,Short,3308.8149999999996,3311.21,-4.790000000000873,SL Hit,3311.21,2,4355.379999999922,55.0,4.755000000000564,-6.2849999999994
2025-04-29 13:45:00,2025-04-29 14:25:00,Short,3311.53,3311.53,0.0,SL Hit,3311.53,1,4355.379999999922,40.0,4.899999999999636,-11.050000000000182
2025-04-29 16:00:00,2025-04-29 17:45:00,Long,3318.37,3322.17,7.600000000000364,SL Hit,3322.17,2,4362.979999999922,105.0,-6.230000000000018,11.390000000000327
2025-04-29 17:50:00,2025-04-29 18:30:00,Short,3319.75,3319.14,1.2200000000002547,SL Hit,3319.14,2,4364.1999999999225,40.0,3.4099999999998545,-6.150000000000091
2025-04-29 19:00:00,2025-04-29 19:45:00,Long,3320.56,3321.08,1.5599999999999454,SL Hit,3321.08,3,4365.759999999922,45.0,-1.349999999999909,3.8200000000001637
2025-04-29 20:50:00,2025-04-29 22:05:00,Short,3318.97,3319.585,-0.6150000000002365,SL Hit,3319.585,1,4365.144999999922,75.0,3.730000000000018,-3.869999999999891
2025-04-30 02:05:00,2025-04-30 02:10:00,Short,3309.58,3309.58,0.0,SL Hit,3309.58,1,4365.144999999922,5.0,2.8299999999999272,-2.2899999999999636
2025-04-30 04:15:00,2025-04-30 04:45:00,Short,3303.9700000000003,3305.88,-3.819999999999709,SL Hit,3305.88,2,4361.3249999999225,30.0,3.4899999999997817,-2.700000000000273
2025-04-30 06:20:00,2025-04-30 07:20:00,Short,3306.95,3309.27,-4.640000000000327,SL Hit,3309.27,2,4356.684999999922,60.0,4.220000000000255,-3.8899999999998727
2025-04-30 09:15:00,2025-04-30 09:35:00,Short,3282.94,3284.67,-3.4600000000000364,SL Hit,3284.67,2,4353.224999999922,20.0,3.4899999999997817,-3.849999999999909
2025-04-30 11:30:00,2025-04-30 11:50:00,Long,3280.25,3274.52,-11.460000000000036,SL Hit,3274.52,2,4341.764999999922,20.0,-6.7199999999998,1.099999999999909
2025-04-30 12:45:00,2025-04-30 14:00:00,Long,3305.9925000000003,3301.12,-19.4900000000016,SL Hit,3301.12,4,4322.2749999999205,75.0,-13.482500000000073,13.087499999999636
2025-04-30 16:05:00,2025-04-30 16:15:00,Long,3308.66,3308.66,0.0,SL Hit,3308.66,1,4322.2749999999205,10.0,-0.4699999999997999,2.6200000000003456
2025-04-30 16:40:00,2025-04-30 17:10:00,Long,3310.875,3308.01,-5.729999999999563,SL Hit,3308.01,2,4316.544999999921,30.0,-5.204999999999927,2.355000000000018
2025-04-30 18:05:00,2025-04-30 18:10:00,Short,3306.61,3306.61,0.0,SL Hit,3306.61,1,4316.544999999921,5.0,0.5199999999999818,-3.550000000000182
2025-04-30 18:25:00,2025-04-30 19:00:00,Short,3302.88,3304.3949999999995,-1.514999999999418,SL Hit,3304.3949999999995,1,4315.0299999999215,35.0,1.949999999999818,-2.2200000000002547
2025-04-30 23:35:00,2025-04-30 23:45:00,Short,3274.94,3275.7200000000003,-0.7800000000002001,SL Hit,3275.7200000000003,1,4314.249999999922,10.0,0.8600000000001273,-4.599999999999909
2025-05-01 00:55:00,2025-05-01 01:25:00,Short,3247.81,3247.81,0.0,SL Hit,3247.81,1,4314.249999999922,30.0,0.75,-11.9699999999998
2025-05-01 01:55:00,2025-05-01 02:15:00,Short,3240.9,3243.1049999999996,-2.2049999999994725,SL Hit,3243.1049999999996,1,4312.044999999922,20.0,4.670000000000073,-5.369999999999891
2025-05-01 03:45:00,2025-05-01 05:20:00,Short,3231.563333333333,3231.15,1.2399999999988722,SL Hit,3231.15,3,4313.284999999921,95.0,4.836666666667043,-12.643333333332976
2025-05-01 06:20:00,2025-05-01 06:30:00,Short,3239.49,3239.49,0.0,SL Hit,3239.49,1,4313.284999999921,10.0,0.6000000000003638,-5.1899999999996
2025-05-01 07:40:00,2025-05-01 07:50:00,Long,3232.28,3230.3599999999997,-1.9200000000005275,SL Hit,3230.3599999999997,1,4311.36499999992,10.0,-2.8100000000004,2.3899999999998727
2025-05-01 11:10:00,2025-05-01 11:25:00,Long,3223.46,3222.92,-0.5399999999999636,SL Hit,3222.92,1,4310.82499999992,15.0,-0.7800000000002001,3.369999999999891
2025-05-01 13:40:00,2025-05-01 14:35:00,Short,3223.4266666666667,3227.08,-10.959999999999582,SL Hit,3227.08,3,4299.86499999992,55.0,8.24333333333334,-9.166666666666515
2025-05-01 15:30:00,2025-05-01 15:55:00,Short,3213.96,3214.92,-0.9600000000000364,SL Hit,3214.92,1,4298.90499999992,25.0,3.5900000000001455,-9.240000000000236
2025-05-01 19:25:00,2025-05-01 19:30:00,Long,3224.76,3224.76,0.0,SL Hit,3224.76,1,4298.90499999992,5.0,-0.13000000000010914,1.569999999999709
2025-05-01 20:00:00,2025-05-01 22:30:00,Long,3235.434,3234.61,-4.120000000000346,SL Hit,3234.61,5,4294.78499999992,150.0,-7.6340000000000146,7.52599999999984
2025-05-02 00:10:00,2025-05-02 00:45:00,Long,3237.55,3237.55,0.0,SL Hit,3237.55,1,4294.78499999992,35.0,-7.25,6.269999999999982
2025-05-02 03:10:00,2025-05-02 04:30:00,Long,3250.83,3253.15,6.960000000000491,SL Hit,3253.15,3,4301.744999999921,80.0,-3.400000000000091,6.940000000000055
2025-05-02 04:40:00,2025-05-02 05:35:00,Short,3253.51,3253.87,-0.7199999999993452,SL Hit,3253.87,2,4301.024999999921,55.0,2.6099999999996726,-3.8100000000004
2025-05-02 07:25:00,2025-05-02 10:35:00,Long,3259.2175,3258.35,-3.470000000001164,SL Hit,3258.35,4,4297.55499999992,190.0,-4.637500000000273,7.3125
2025-05-02 10:45:00,2025-05-02 10:50:00,Short,3258.14,3258.59,-0.45000000000027285,SL Hit,3258.59,1,4297.1049999999195,5.0,1.7400000000002365,-0.7599999999997635
2025-05-02 11:20:00,2025-05-02 12:25:00,Long,3262.16,3257.85,-8.61999999999989,SL Hit,3257.85,2,4288.48499999992,65.0,-5.549999999999727,6.350000000000364
2025-05-02 12:30:00,2025-05-02 12:35:00,Short,3258.48,3258.48,0.0,SL Hit,3258.48,1,4288.48499999992,5.0,0.7199999999997999,-8.019999999999982
2025-05-02 18:15:00,2025-05-02 18:20:00,Short,3227.0,3227.0,0.0,SL Hit,3227.0,1,4288.48499999992,5.0,2.3600000000001273,-2.400000000000091
2025-05-02 18:50:00,2025-05-02 19:00:00,Short,3228.33,3228.33,0.0,SL Hit,3228.33,1,4288.48499999992,10.0,3.0300000000002,-3.130000000000109
2025-05-02 19:10:00,2025-05-02 19:15:00,Long,3228.96,3227.0699999999997,-1.8900000000003274,SL Hit,3227.0699999999997,1,4286.594999999919,5.0,-1.949999999999818,1.9299999999998363
2025-05-04 22:05:00,2025-05-04 22:10:00,Long,3239.26,3239.26,0.0,SL Hit,3239.26,1,4286.594999999919,5.0,-1.0300000000002,1.9399999999995998
2025-05-04 23:05:00,2025-05-04 23:15:00,Short,3241.36,3242.2149999999997,-0.8549999999995634,SL Hit,3242.2149999999997,1,4285.73999999992,10.0,1.7199999999998,-1.8600000000001273
2025-05-04 23:30:00,2025-05-05 00:10:00,Long,3243.54,3243.1200000000003,-0.419999999999618,SL Hit,3243.1200000000003,1,4285.31999999992,40.0,-0.5399999999999636,7.980000000000018
2025-05-05 00:40:00,2025-05-05 00:45:00,Short,3243.51,3245.2649999999994,-1.7549999999991996,SL Hit,3245.2649999999994,1,4283.5649999999205,5.0,4.0,-2.150000000000091
2025-05-05 02:45:00,2025-05-05 03:05:00,Long,3267.32,3267.32,0.0,SL Hit,3267.32,1,4283.5649999999205,20.0,-0.8800000000001091,4.5
2025-05-05 03:15:00,2025-05-05 05:05:00,Short,3257.435,3259.29,-3.7100000000000364,SL Hit,3259.29,2,4279.85499999992,110.0,3.605000000000018,-4.545000000000073
2025-05-05 06:40:00,2025-05-05 13:30:00,Long,3291.2830000000004,3315.86,245.7699999999977,SL Hit,3315.86,10,4525.624999999918,410.0,-32.56300000000056,30.786999999999807
2025-05-05 15:05:00,2025-05-05 15:30:00,Short,3311.29,3314.16,-5.739999999999782,SL Hit,3314.16,2,4519.884999999918,25.0,3.6700000000000728,-1.8400000000001455
2025-05-05 15:35:00,2025-05-05 16:05:00,Long,3315.005,3310.39,-9.230000000000473,SL Hit,3310.39,2,4510.654999999918,30.0,-8.894999999999982,2.0650000000000546
2025-05-05 17:25:00,2025-05-05 17:35:00,Long,3312.87,3312.87,0.0,SL Hit,3312.87,1,4510.654999999918,10.0,-0.5399999999999636,2.880000000000109
2025-05-05 23:55:00,2025-05-06 00:15:00,Long,3332.3,3330.31,-3.980000000000473,SL Hit,3330.31,2,4506.674999999917,20.0,-3.5300000000002,1.9099999999998545
2025-05-06 02:10:00,2025-05-06 02:30:00,Long,3380.16,3377.4300000000003,-2.7299999999995634,SL Hit,3377.4300000000003,1,4503.944999999918,20.0,-5.920000000000073,6.079999999999927
2025-05-06 04:30:00,2025-05-06 04:40:00,Short,3359.25,3359.25,0.0,SL Hit,3359.25,1,4503.944999999918,10.0,1.9299999999998363,-3.0
2025-05-06 04:45:00,2025-05-06 04:50:00,Long,3361.12,3359.59,-1.5299999999997453,SL Hit,3359.59,1,4502.414999999918,5.0,-2.119999999999891,4.300000000000182
2025-05-06 05:40:00,2025-05-06 05:45:00,Short,3355.35,3355.5150000000003,-0.16500000000041837,SL Hit,3355.5150000000003,1,4502.249999999918,5.0,2.019999999999982,-4.670000000000073
2025-05-06 07:05:00,2025-05-06 09:00:00,Long,3373.522,3376.13,13.040000000000873,SL Hit,3376.13,5,4515.289999999919,115.0,-7.86200000000008,9.088000000000193
2025-05-06 09:55:00,2025-05-06 10:20:00,Long,3380.38,3380.38,0.0,SL Hit,3380.38,1,4515.289999999919,25.0,-2.2400000000002365,3.0899999999996908
2025-05-06 12:20:00,2025-05-06 12:30:00,Short,3377.52,3378.27,-0.75,SL Hit,3378.27,1,4514.539999999919,10.0,5.610000000000127,-2.730000000000018
2025-05-06 13:05:00,2025-05-06 13:35:00,Long,3389.9,3389.9,0.0,SL Hit,3389.9,1,4514.539999999919,30.0,-1.2899999999999636,6.9699999999998
2025-05-06 15:40:00,2025-05-06 15:45:00,Long,3395.86,3394.735,-1.125,SL Hit,3394.735,1,4513.414999999919,5.0,-1.8600000000001273,1.069999999999709
2025-05-06 17:15:00,2025-05-06 17:50:00,Long,3412.925,3412.82,-0.21000000000003638,SL Hit,3412.82,2,4513.204999999919,35.0,-2.7350000000001273,4.524999999999636
2025-05-06 18:00:00,2025-05-06 18:15:00,Short,3414.09,3414.09,0.0,SL Hit,3414.09,1,4513.204999999919,15.0,0.3999999999996362,-3.980000000000018
2025-05-07 00:20:00,2025-05-07 02:15:00,Short,3377.5466666666666,3376.9,1.9399999999995998,SL Hit,3376.9,3,4515.144999999919,115.0,11.813333333333503,-17.426666666666733
2025-05-07 05:15:00,2025-05-07 07:30:00,Long,3387.8419999999996,3388.09,1.2400000000025102,SL Hit,3388.09,5,4516.384999999921,135.0,-5.77199999999948,9.178000000000338
2025-05-07 07:40:00,2025-05-07 10:05:00,Short,3382.8849999999998,3378.31,18.299999999999272,SL Hit,3378.31,4,4534.68499999992,145.0,8.00500000000011,-13.504999999999654
2025-05-07 13:25:00,2025-05-07 13:30:00,Short,3384.88,3386.41,-1.5299999999997453,SL Hit,3386.41,1,4533.154999999921,5.0,2.980000000000018,-2.980000000000018
2025-05-07 14:25:00,2025-05-07 14:30:00,Short,3383.49,3385.665,-2.175000000000182,SL Hit,3385.665,1,4530.97999999992,5.0,2.5600000000004,-1.3399999999996908
2025-05-07 16:10:00,2025-05-07 16:45:00,Short,3385.32,3386.1449999999995,-0.8249999999993634,SL Hit,3386.1449999999995,1,4530.154999999921,35.0,3.4099999999998545,-5.400000000000091
2025-05-07 18:00:00,2025-05-07 18:30:00,Long,3390.375,3383.88,-12.989999999999782,SL Hit,3383.88,2,4517.164999999921,30.0,-8.534999999999854,7.105000000000018
2025-05-07 20:55:00,2025-05-07 22:00:00,Short,3365.38,3365.665,-0.2849999999998545,SL Hit,3365.665,1,4516.879999999921,65.0,6.779999999999745,-1.6600000000003092
2025-05-07 22:05:00,2025-05-08 00:55:00,Long,3375.8240000000005,3380.3,22.37999999999829,SL Hit,3380.3,5,4539.259999999919,170.0,-9.624000000000706,10.695999999999458
2025-05-08 04:10:00,2025-05-08 07:30:00,Short,3373.1200000000003,3338.92,136.8000000000011,SL Hit,3338.92,4,4676.05999999992,200.0,22.669999999999618,-52.21000000000049
2025-05-08 07:35:00,2025-05-08 07:50:00,Long,3343.96,3341.335,-2.625,SL Hit,3341.335,1,4673.43499999992,15.0,-2.630000000000109,5.059999999999945
2025-05-08 11:40:00,2025-05-08 13:55:00,Long,3352.3125,3356.7,17.549999999999272,SL Hit,3356.7,4,4690.98499999992,135.0,-10.952499999999873,16.19750000000022
2025-05-08 14:30:00,2025-05-08 14:35:00,Short,3357.21,3357.21,0.0,SL Hit,3357.21,1,4690.98499999992,5.0,0.40000000000009095,-4.630000000000109
2025-05-08 15:25:00,2025-05-08 15:30:00,Short,3350.96,3350.96,0.0,SL Hit,3350.96,1,4690.98499999992,5.0,0.5099999999997635,-7.900000000000091
2025-05-08 20:50:00,2025-05-08 22:00:00,Short,3307.41,3307.5600000000004,-0.1500000000005457,SL Hit,3307.5600000000004,1,4690.834999999919,70.0,2.9900000000002365,-3.0099999999997635
2025-05-08 22:05:00,2025-05-08 23:55:00,Long,3314.045,3313.72,-0.6500000000005457,SL Hit,3313.72,2,4690.184999999919,110.0,-4.664999999999964,9.485000000000127
2025-05-09 00:20:00,2025-05-09 00:35:00,Short,3313.19,3313.3250000000003,-0.13500000000021828,SL Hit,3313.3250000000003,1,4690.049999999918,15.0,3.4299999999998363,-4.070000000000164
2025-05-09 00:55:00,2025-05-09 01:00:00,Long,3317.9,3317.9,0.0,SL Hit,3317.9,1,4690.049999999918,5.0,-1.3600000000001273,4.519999999999982
2025-05-09 09:35:00,2025-05-09 10:15:00,Short,3326.65,3326.77,-0.11999999999989086,SL Hit,3326.77,1,4689.929999999918,40.0,1.6599999999998545,-4.630000000000109
2025-05-09 11:10:00,2025-05-09 11:30:00,Long,3328.01,3328.01,0.0,SL Hit,3328.01,1,4689.929999999918,20.0,-3.230000000000018,9.019999999999982
2025-05-09 12:05:00,2025-05-09 12:35:00,Long,3332.15,3330.215,-1.9349999999999454,SL Hit,3330.215,1,4687.994999999919,30.0,-2.869999999999891,3.0899999999996908
2025-05-09 13:05:00,2025-05-09 13:55:00,Long,3334.03,3333.1,-2.790000000000873,SL Hit,3333.1,3,4685.204999999918,50.0,-4.880000000000109,5.7599999999997635
2025-05-09 14:35:00,2025-05-09 14:40:00,Long,3336.57,3336.57,0.0,SL Hit,3336.57,1,4685.204999999918,5.0,-2.5399999999999636,2.5099999999997635
2025-05-09 15:20:00,2025-05-09 16:20:00,Long,3341.266666666667,3340.1,-3.5000000000009095,SL Hit,3340.1,3,4681.704999999917,60.0,-3.16666666666697,5.503333333333103
2025-05-09 16:35:00,2025-05-09 17:20:00,Short,3338.8000000000006,3339.73,-2.7899999999981446,SL Hit,3339.73,3,4678.914999999919,45.0,3.119999999999436,-3.1000000000008185
2025-05-09 17:30:00,2025-05-09 18:05:00,Long,3340.49,3339.6,-1.7799999999997453,SL Hit,3339.6,2,4677.134999999919,35.0,-2.5899999999996908,1.830000000000382
2025-05-11 22:50:00,2025-05-11 23:15:00,Short,3272.575,3277.08,-9.010000000000218,SL Hit,3277.08,2,4668.124999999919,25.0,6.195000000000164,-7.375
2025-05-11 23:25:00,2025-05-12 00:40:00,Long,3281.6733333333336,3279.4,-6.8200000000006185,SL Hit,3279.4,3,4661.304999999918,75.0,-7.7733333333335395,7.456666666666479
2025-05-12 03:20:00,2025-05-12 04:20:00,Long,3278.8900000000003,3279.91,2.039999999999054,SL Hit,3279.91,2,4663.3449999999175,60.0,-4.940000000000509,5.069999999999709
2025-05-12 05:15:00,2025-05-12 05:55:00,Short,3274.34,3275.87,-3.0599999999994907,SL Hit,3275.87,2,4660.284999999918,40.0,2.049999999999727,-5.670000000000073
2025-05-12 07:55:00,2025-05-12 08:00:00,Short,3225.28,3225.28,0.0,SL Hit,3225.28,1,4660.284999999918,5.0,4.079999999999927,-5.460000000000036
2025-05-12 13:55:00,2025-05-12 14:00:00,Long,3239.89,3238.645,-1.2449999999998909,SL Hit,3238.645,1,4659.039999999918,5.0,-6.119999999999891,1.0100000000002183
2025-05-12 16:55:00,2025-05-12 18:45:00,Short,3223.62,3223.71,-0.3600000000005821,SL Hit,3223.71,4,4658.6799999999175,110.0,3.800000000000182,-2.7599999999997635
2025-05-12 20:20:00,2025-05-12 20:30:00,Long,3236.2,3234.25,-1.949999999999818,SL Hit,3234.25,1,4656.729999999918,10.0,-2.299999999999727,1.5199999999999818
2025-05-12 22:15:00,2025-05-12 22:20:00,Short,3236.18,3237.17,-0.9900000000002365,SL Hit,3237.17,1,4655.739999999918,5.0,1.0900000000001455,-2.8799999999996544
2025-05-12 23:30:00,2025-05-13 00:35:00,Long,3237.763333333334,3235.26,-7.510000000000673,SL Hit,3235.26,3,4648.229999999918,65.0,-4.563333333333958,5.266666666666424
2025-05-13 08:30:00,2025-05-13 08:40:00,Short,3254.24,3254.3300000000004,-0.09000000000060027,SL Hit,3254.3300000000004,1,4648.139999999918,10.0,0.5600000000004002,-2.6399999999998727
2025-05-13 09:00:00,2025-05-13 09:15:00,Short,3255.005,3255.78,-1.550000000000182,SL Hit,3255.78,2,4646.589999999917,15.0,0.8649999999997817,-1.8949999999999818
2025-05-13 13:45:00,2025-05-13 14:20:00,Short,3237.3,3237.9900000000002,-0.6900000000000546,SL Hit,3237.9900000000002,1,4645.899999999918,35.0,3.269999999999982,-10.820000000000164
2025-05-13 15:15:00,2025-05-13 15:20:00,Short,3244.81,3245.1100000000006,-0.30000000000063665,SL Hit,3245.1100000000006,1,4645.599999999917,5.0,2.25,-1.400000000000091
2025-05-13 21:00:00,2025-05-13 21:10:00,Long,3250.1,3250.1,0.0,SL Hit,3250.1,1,4645.599999999917,10.0,-0.6999999999998181,0.09999999999990905
2025-05-13 22:45:00,2025-05-14 00:00:00,Long,3253.155,3252.56,-2.3800000000010186,SL Hit,3252.56,4,4643.219999999916,75.0,-4.995000000000346,3.544999999999618
2025-05-14 00:55:00,2025-05-14 01:20:00,Short,3241.91,3245.15,-6.480000000000473,SL Hit,3245.15,2,4636.739999999915,25.0,4.100000000000364,-2.480000000000018
2025-05-14 01:25:00,2025-05-14 01:35:00,Long,3246.5,3245.8550000000005,-0.6449999999995271,SL Hit,3245.8550000000005,1,4636.094999999916,10.0,-0.7199999999997999,3.900000000000091
2025-05-14 02:00:00,2025-05-14 02:10:00,Short,3238.8,3239.355,-0.5549999999998363,SL Hit,3239.355,1,4635.539999999915,10.0,2.069999999999709,-2.7400000000002365
2025-05-14 05:00:00,2025-05-14 05:05:00,Short,3223.45,3224.4400000000005,-0.9900000000006912,SL Hit,3224.4400000000005,1,4634.549999999915,5.0,3.5,-1.669999999999618
2025-05-14 07:05:00,2025-05-14 07:25:00,Short,3228.9300000000003,3230.86,-3.8599999999996726,SL Hit,3230.86,2,4630.689999999915,20.0,4.239999999999782,-4.100000000000364
2025-05-14 08:00:00,2025-05-14 08:25:00,Long,3237.9750000000004,3234.39,-7.170000000000982,SL Hit,3234.39,2,4623.519999999914,25.0,-4.675000000000182,4.3449999999998
2025-05-14 09:15:00,2025-05-14 09:40:00,Short,3232.58,3233.15,-0.5700000000001637,SL Hit,3233.15,1,4622.949999999913,25.0,2.650000000000091,-3.519999999999982
2025-05-14 09:45:00,2025-05-14 09:55:00,Long,3234.78,3233.49,-1.2900000000004184,SL Hit,3233.49,1,4621.6599999999125,10.0,-2.700000000000273,1.0399999999999636
2025-05-14 11:40:00,2025-05-14 13:50:00,Short,3211.215,3193.38,35.67000000000007,SL Hit,3193.38,2,4657.329999999913,130.0,22.024999999999636,-35.225000000000364
2025-05-14 15:10:00,2025-05-14 15:15:00,Short,3180.38,3182.7349999999997,-2.3549999999995634,SL Hit,3182.7349999999997,1,4654.974999999913,5.0,3.9600000000000364,-1.1400000000003274
2025-05-14 18:55:00,2025-05-14 19:20:00,Short,3173.87,3173.87,0.0,SL Hit,3173.87,1,4654.974999999913,25.0,0.3400000000001455,-4.9099999999998545
2025-05-14 19:50:00,2025-05-14 20:55:00,Long,3179.4266666666663,3178.24,-3.5599999999994907,SL Hit,3178.24,3,4651.414999999914,65.0,-3.4266666666662786,3.383333333333667
2025-05-14 23:10:00,2025-05-15 00:05:00,Long,3184.2033333333334,3181.5,-8.110000000000127,SL Hit,3181.5,3,4643.304999999913,55.0,-3.903333333333194,2.716666666666697
2025-05-15 00:45:00,2025-05-15 00:50:00,Short,3182.17,3184.0150000000003,-1.8450000000002547,SL Hit,3184.0150000000003,1,4641.459999999913,5.0,4.599999999999909,-1.300000000000182
2025-05-15 01:40:00,2025-05-15 05:20:00,Short,3157.5099999999998,3141.59,95.51999999999771,SL Hit,3141.59,6,4736.97999999991,220.0,28.190000000000055,-21.889999999999873
2025-05-15 05:40:00,2025-05-15 06:25:00,Short,3135.95,3136.46,-0.5100000000002183,SL Hit,3136.46,1,4736.46999999991,45.0,3.580000000000382,-14.289999999999964
2025-05-15 08:20:00,2025-05-15 10:00:00,Long,3158.2200000000003,3164.6,12.759999999999309,SL Hit,3164.6,2,4749.2299999999095,100.0,-10.13000000000011,13.059999999999945
2025-05-15 12:05:00,2025-05-15 12:10:00,Long,3181.34,3180.8149999999996,-0.5250000000005457,SL Hit,3180.8149999999996,1,4748.704999999909,5.0,-2.5100000000002183,1.0599999999999454
2025-05-15 16:30:00,2025-05-15 17:30:00,Long,3219.3,3218.57,-1.4600000000000364,SL Hit,3218.57,2,4747.244999999909,60.0,-1.1000000000003638,9.059999999999945
2025-05-15 17:35:00,2025-05-15 17:50:00,Short,3221.25,3221.2650000000003,-0.015000000000327418,SL Hit,3221.2650000000003,1,4747.229999999909,15.0,0.8699999999998909,-4.650000000000091
2025-05-15 19:20:00,2025-05-15 23:00:00,Long,3239.3575,3243.96,18.409999999999854,SL Hit,3243.96,4,4765.6399999999085,220.0,-14.707499999999982,12.102499999999964
2025-05-16 01:10:00,2025-05-16 02:30:00,Short,3224.5766666666664,3224.88,-0.9100000000012187,SL Hit,3224.88,3,4764.729999999907,80.0,7.313333333333503,-10.766666666666424
2025-05-16 02:45:00,2025-05-16 04:15:00,Short,3214.13,3215.01,-1.7600000000002183,SL Hit,3215.01,2,4762.969999999907,90.0,6.769999999999982,-7.400000000000091
2025-05-16 04:20:00,2025-05-16 04:25:00,Long,3215.91,3213.975,-1.9349999999999454,SL Hit,3213.975,1,4761.034999999907,5.0,-2.730000000000018,2.5300000000002
2025-05-16 05:20:00,2025-05-16 05:35:00,Short,3218.21,3218.21,0.0,SL Hit,3218.21,1,4761.034999999907,15.0,1.4099999999998545,-5.619999999999891
2025-05-16 08:05:00,2025-05-16 09:25:00,Short,3207.745,3208.74,-1.9899999999997817,SL Hit,3208.74,2,4759.044999999907,80.0,2.4549999999999272,-11.724999999999909
2025-05-16 10:15:00,2025-05-16 12:35:00,Short,3189.9350000000004,3178.84,22.19000000000051,SL Hit,3178.84,2,4781.234999999908,140.0,17.504999999999654,-34.48500000000058
2025-05-16 12:45:00,2025-05-16 12:50:00,Long,3178.33,3176.665,-1.6649999999999636,SL Hit,3176.665,1,4779.569999999908,5.0,-2.119999999999891,2.550000000000182
2025-05-16 14:25:00,2025-05-16 15:10:00,Short,3177.0699999999997,3176.57,0.9999999999990905,SL Hit,3176.57,2,4780.569999999907,45.0,2.7600000000002183,-10.729999999999563
2025-05-16 15:25:00,2025-05-16 18:35:00,Long,3183.912857142857,3186.07,15.100000000003092,SL Hit,3186.07,7,4795.66999999991,190.0,-8.652857142856647,7.797142857143172
2025-05-16 19:05:00,2025-05-19 00:50:00,Long,3218.1983333333333,3243.83,153.78999999999996,SL Hit,3243.83,6,4949.45999999991,3225.0,-30.098333333333358,30.691666666666606
2025-05-19 01:00:00,2025-05-19 02:50:00,Short,3236.5866666666666,3226.91,29.0300000000002,SL Hit,3226.91,3,4978.489999999911,110.0,10.033333333333303,-22.166666666666515
2025-05-19 04:10:00,2025-05-19 04:15:00,Short,3210.95,3212.795,-1.8450000000002547,SL Hit,3212.795,1,4976.64499999991,5.0,4.160000000000309,-1.2399999999997817
2025-05-19 08:15:00,2025-05-19 08:20:00,Long,3236.21,3235.7299999999996,-0.48000000000047294,SL Hit,3235.7299999999996,1,4976.16499999991,5.0,-1.1399999999998727,2.380000000000109
2025-05-19 11:50:00,2025-05-19 12:00:00,Long,3243.7,3243.2349999999997,-0.4650000000001455,SL Hit,3243.2349999999997,1,4975.69999999991,10.0,-1.8999999999996362,1.8400000000001455
2025-05-19 12:15:00,2025-05-19 14:30:00,Short,3235.74,3233.89,7.399999999999636,SL Hit,3233.89,4,4983.099999999909,135.0,7.570000000000164,-18.109999999999673
2025-05-19 15:00:00,2025-05-19 15:40:00,Long,3234.23,3232.25,-5.940000000000055,SL Hit,3232.25,3,4977.159999999909,40.0,-3.6900000000000546,1.599999999999909
2025-05-19 15:50:00,2025-05-19 16:00:00,Long,3234.735,3230.54,-8.390000000000327,SL Hit,3230.54,2,4968.769999999909,10.0,-5.065000000000055,4.875
2025-05-19 16:05:00,2025-05-19 16:15:00,Short,3230.87,3230.87,0.0,SL Hit,3230.87,1,4968.769999999909,10.0,0.16000000000030923,-2.2100000000000364
2025-05-19 17:55:00,2025-05-19 18:15:00,Short,3226.92,3229.07,-4.300000000000182,SL Hit,3229.07,2,4964.469999999908,20.0,2.8899999999998727,-1.5199999999999818
2025-05-19 19:55:00,2025-05-20 00:00:00,Short,3227.145714285714,3223.67,24.329999999996744,SL Hit,3223.67,7,4988.799999999905,245.0,6.324285714285907,-8.285714285713766
2025-05-20 04:20:00,2025-05-20 04:25:00,Long,3212.78,3212.78,0.0,SL Hit,3212.78,1,4988.799999999905,5.0,-1.180000000000291,1.7899999999999636
2025-05-20 06:15:00,2025-05-20 06:20:00,Long,3216.6,3216.4349999999995,-0.16500000000041837,SL Hit,3216.4349999999995,1,4988.634999999904,5.0,-2.0799999999999272,2.0799999999999272
2025-05-20 06:25:00,2025-05-20 06:30:00,Long,3215.0,3212.165,-2.8350000000000364,SL Hit,3212.165,1,4985.799999999904,5.0,-2.900000000000091,0.0500000000001819
2025-05-20 06:45:00,2025-05-20 06:50:00,Short,3209.9,3210.335,-0.43499999999994543,SL Hit,3210.335,1,4985.364999999903,5.0,0.6300000000001091,-1.2600000000002183
2025-05-20 08:35:00,2025-05-20 10:10:00,Long,3229.6433333333334,3233.2,10.669999999999163,SL Hit,3233.2,3,4996.0349999999025,95.0,-6.153333333333649,8.97666666666646
2025-05-20 11:10:00,2025-05-20 12:10:00,Long,3238.235,3236.9,-2.6700000000000728,SL Hit,3236.9,2,4993.3649999999025,60.0,-2.0850000000000364,3.3849999999997635
2025-05-20 13:15:00,2025-05-20 13:25:00,Short,3237.9,3238.2599999999998,-0.3599999999996726,SL Hit,3238.2599999999998,1,4993.004999999903,10.0,0.5299999999997453,-3.0
2025-05-20 13:55:00,2025-05-20 15:05:00,Long,3265.025,3274.5,18.949999999999818,SL Hit,3274.5,2,5011.954999999903,70.0,-19.97499999999991,20.19499999999971
2025-05-20 15:55:00,2025-05-20 16:00:00,Short,3277.8,3278.5649999999996,-0.7649999999994179,SL Hit,3278.5649999999996,1,5011.189999999903,5.0,1.9299999999998363,-0.9900000000002365
2025-05-20 16:15:00,2025-05-20 16:20:00,Long,3280.81,3279.6549999999997,-1.1550000000002,SL Hit,3279.6549999999997,1,5010.034999999903,5.0,-1.2100000000000364,1.5399999999999636
2025-05-20 17:15:00,2025-05-20 17:25:00,Long,3280.81,3280.81,0.0,SL Hit,3280.81,1,5010.034999999903,10.0,-0.5099999999997635,4.0300000000002
2025-05-21 00:30:00,2025-05-21 01:20:00,Long,3298.77,3292.33,-12.88000000000011,SL Hit,3292.33,2,4997.154999999903,50.0,-7.630000000000109,14.960000000000036
2025-05-21 03:25:00,2025-05-21 04:00:00,Long,3306.21,3305.52,-1.3800000000001091,SL Hit,3305.52,2,4995.774999999903,35.0,-2.119999999999891,3.3099999999999454
2025-05-21 05:00:00,2025-05-21 05:30:00,Short,3301.34,3302.465,-1.125,SL Hit,3302.465,1,4994.649999999903,30.0,2.2599999999997635,-3.2400000000002365
2025-05-21 06:35:00,2025-05-21 07:05:00,Long,3317.41,3315.04,-2.369999999999891,SL Hit,3315.04,1,4992.279999999903,30.0,-4.029999999999745,2.7200000000002547
2025-05-21 07:25:00,2025-05-21 07:30:00,Short,3312.79,3312.79,0.0,SL Hit,3312.79,1,4992.279999999903,5.0,1.300000000000182,-1.849999999999909
2025-05-21 08:05:00,2025-05-21 08:35:00,Short,3307.49,3309.39,-3.800000000000182,SL Hit,3309.39,2,4988.479999999903,30.0,2.1400000000003274,-3.7899999999999636
2025-05-21 09:30:00,2025-05-21 09:35:00,Long,3310.06,3309.805,-0.25500000000010914,SL Hit,3309.805,1,4988.224999999903,5.0,-2.1100000000001273,1.7300000000000182
2025-05-21 09:50:00,2025-05-21 09:55:00,Short,3310.63,3311.56,-0.9299999999998363,SL Hit,3311.56,1,4987.294999999904,5.0,2.480000000000018,-1.2699999999999818
2025-05-21 13:40:00,2025-05-21 13:45:00,Long,3303.1,3301.795,-1.3049999999998363,SL Hit,3301.795,1,4985.989999999903,5.0,-3.4299999999998363,3.1399999999998727
2025-05-21 13:50:00,2025-05-21 13:55:00,Short,3300.86,3302.9299999999994,-2.069999999999254,SL Hit,3302.9299999999994,1,4983.919999999904,5.0,3.4099999999998545,-4.970000000000255
2025-05-21 16:15:00,2025-05-21 16:20:00,Long,3312.45,3311.55,-0.8999999999996362,SL Hit,3311.55,1,4983.019999999904,5.0,-1.0799999999999272,0.41000000000030923
2025-05-21 17:35:00,2025-05-21 17:40:00,Short,3311.4,3313.14,-1.7399999999997817,SL Hit,3313.14,1,4981.279999999904,5.0,2.199999999999818,-1.2200000000002547
2025-05-21 19:45:00,2025-05-21 22:00:00,Short,3319.155,3317.72,2.8700000000008004,SL Hit,3317.72,2,4984.149999999905,135.0,4.105000000000018,-6.1550000000002
2025-05-22 03:20:00,2025-05-22 03:30:00,Long,3342.18,3339.66,-2.519999999999982,SL Hit,3339.66,1,4981.629999999905,10.0,-4.5099999999997635,0.900000000000091
2025-05-22 03:50:00,2025-05-22 04:45:00,Short,3336.51,3337.4,-1.7799999999997453,SL Hit,3337.4,2,4979.849999999905,55.0,1.7099999999995816,-4.110000000000127
2025-05-22 04:50:00,2025-05-22 05:20:00,Long,3337.16,3335.5699999999997,-1.5900000000001455,SL Hit,3335.5699999999997,1,4978.259999999905,30.0,-1.8599999999996726,1.9900000000002365
2025-05-22 09:05:00,2025-05-22 09:50:00,Short,3310.065,3309.51,1.1099999999996726,SL Hit,3309.51,2,4979.369999999904,45.0,3.0949999999998,-5.045000000000073
2025-05-22 12:55:00,2025-05-22 13:00:00,Short,3304.23,3304.3950000000004,-0.16500000000041837,SL Hit,3304.3950000000004,1,4979.2049999999035,5.0,7.329999999999927,-1.0399999999999636
2025-05-22 13:10:00,2025-05-22 13:25:00,Long,3311.69,3311.255,-0.43499999999994543,SL Hit,3311.255,1,4978.769999999904,15.0,-1.8200000000001637,3.1799999999998363
2025-05-22 18:40:00,2025-05-22 18:45:00,Short,3295.14,3295.14,0.0,SL Hit,3295.14,1,4978.769999999904,5.0,0.0500000000001819,-1.069999999999709
2025-05-22 20:35:00,2025-05-22 20:50:00,Long,3293.8,3292.1499999999996,-1.6500000000005457,SL Hit,3292.1499999999996,1,4977.1199999999035,15.0,-1.7000000000002728,1.2799999999997453
2025-05-23 02:25:00,2025-05-23 03:10:00,Short,3296.26,3298.285,-2.024999999999636,SL Hit,3298.285,1,4975.094999999904,45.0,3.699999999999818,-5.210000000000036
2025-05-23 12:35:00,2025-05-23 12:50:00,Long,3353.99,3353.84,-0.1499999999996362,SL Hit,3353.84,1,4974.944999999904,15.0,-3.2399999999997817,5.920000000000073
2025-05-23 13:25:00,2025-05-23 14:15:00,Short,3347.59,3348.39,-1.5999999999994543,SL Hit,3348.39,2,4973.344999999905,50.0,4.699999999999818,-12.480000000000018
2025-05-23 15:55:00,2025-05-23 16:05:00,Long,3360.23,3359.225,-1.0050000000001091,SL Hit,3359.225,1,4972.339999999905,10.0,-2.6599999999998545,2.0300000000002
2025-05-23 19:05:00,2025-05-23 20:25:00,Short,3363.39,3361.4,7.959999999999127,SL Hit,3361.4,4,4980.299999999904,80.0,2.019999999999982,-5.690000000000055
2025-05-26 01:40:00,2025-05-26 01:50:00,Long,3344.46,3342.585,-1.875,SL Hit,3342.585,1,4978.424999999904,10.0,-1.900000000000091,2.800000000000182
2025-05-26 02:10:00,2025-05-26 02:15:00,Long,3346.86,3346.86,0.0,SL Hit,3346.86,1,4978.424999999904,5.0,-0.9600000000000364,1.4600000000000364
2025-05-26 03:15:00,2025-05-26 03:40:00,Short,3347.46,3347.9849999999997,-0.5249999999996362,SL Hit,3347.9849999999997,1,4977.899999999904,25.0,0.8600000000001273,-3.7600000000002183
2025-05-26 04:15:00,2025-05-26 04:25:00,Long,3347.4,3347.4,0.0,SL Hit,3347.4,1,4977.899999999904,10.0,-0.16000000000030923,1.4099999999998545
2025-05-26 04:55:00,2025-05-26 05:05:00,Long,3348.87,3348.87,0.0,SL Hit,3348.87,1,4977.899999999904,10.0,-0.9499999999998181,2.4200000000000728
2025-05-26 05:25:00,2025-05-26 05:45:00,Short,3348.81,3348.81,0.0,SL Hit,3348.81,1,4977.899999999904,20.0,0.900000000000091,-4.630000000000109
2025-05-26 06:55:00,2025-05-26 10:00:00,Short,3331.885,3329.22,10.660000000001673,SL Hit,3329.22,4,4988.559999999906,185.0,7.3449999999998,-8.28500000000031
2025-05-26 13:55:00,2025-05-26 14:25:00,Long,3337.97,3337.17,-2.3999999999991815,SL Hit,3337.17,3,4986.159999999907,30.0,-1.4099999999998545,2.8100000000004
2025-05-26 14:55:00,2025-05-26 15:00:00,Short,3336.49,3337.21,-0.7200000000002547,SL Hit,3337.21,1,4985.439999999907,5.0,1.5300000000002,-0.5599999999999454
2025-05-26 16:05:00,2025-05-26 16:15:00,Long,3338.85,3337.035,-1.8150000000000546,SL Hit,3337.035,1,4983.624999999907,10.0,-2.349999999999909,0.2699999999999818
2025-05-26 17:30:00,2025-05-26 17:35:00,Short,3340.71,3341.0999999999995,-0.3899999999994179,SL Hit,3341.0999999999995,1,4983.234999999908,5.0,0.7899999999999636,-1.5100000000002183
2025-05-26 18:25:00,2025-05-26 23:45:00,Long,3344.49,3345.3,3.2400000000016007,SL Hit,3345.3,4,4986.474999999909,320.0,-3.419999999999618,3.9900000000002365
2025-05-27 00:45:00,2025-05-27 01:00:00,Short,3344.87,3345.035,-0.16499999999996362,SL Hit,3345.035,1,4986.309999999909,15.0,2.1600000000003092,-2.869999999999891
2025-05-27 01:05:00,2025-05-27 01:10:00,Long,3342.45,3340.5,-1.949999999999818,SL Hit,3340.5,1,4984.35999999991,5.0,-2.649999999999636,1.0
2025-05-27 01:15:00,2025-05-27 02:15:00,Short,3338.3450000000003,3341.05,-5.4099999999998545,SL Hit,3341.05,2,4978.94999999991,60.0,3.9849999999996726,-6.345000000000255
2025-05-27 02:25:00,2025-05-27 02:30:00,Long,3339.45,3339.2250000000004,-0.2249999999994543,SL Hit,3339.2250000000004,1,4978.72499999991,5.0,-1.449999999999818,2.2100000000000364
2025-05-27 02:35:00,2025-05-27 03:45:00,Long,3342.266666666667,3341.69,-1.730000000000473,SL Hit,3341.69,3,4976.99499999991,70.0,-2.946666666666715,4.8433333333332484
2025-05-27 03:50:00,2025-05-27 06:10:00,Short,3333.45,3328.06,10.779999999999745,SL Hit,3328.06,2,4987.77499999991,140.0,9.070000000000164,-16.2199999999998
2025-05-27 06:15:00,2025-05-27 06:25:00,Long,3324.44,3321.59,-2.849999999999909,SL Hit,3321.59,1,4984.92499999991,10.0,-3.9900000000002365,1.7799999999997453
2025-05-27 09:35:00,2025-05-27 09:40:00,Short,3296.52,3296.655,-0.13500000000021828,SL Hit,3296.655,1,4984.78999999991,5.0,0.2699999999999818,-1.5199999999999818
2025-05-27 12:55:00,2025-05-27 13:00:00,Short,3293.31,3294.6000000000004,-1.2900000000004184,SL Hit,3294.6000000000004,1,4983.499999999909,5.0,4.179999999999836,-0.7999999999997272
2025-05-27 13:10:00,2025-05-27 13:20:00,Long,3296.82,3295.8599999999997,-0.9600000000004911,SL Hit,3295.8599999999997,1,4982.539999999908,10.0,-1.8400000000001455,2.2599999999997635
2025-05-27 14:00:00,2025-05-27 14:10:00,Short,3293.31,3295.545,-2.2350000000001273,SL Hit,3295.545,1,4980.3049999999075,10.0,4.5,-6.929999999999836
2025-05-27 14:55:00,2025-05-27 15:00:00,Long,3299.77,3298.765,-1.0050000000001091,SL Hit,3298.765,1,4979.299999999907,5.0,-2.269999999999982,2.699999999999818
2025-05-27 18:20:00,2025-05-27 18:25:00,Short,3300.32,3300.32,0.0,SL Hit,3300.32,1,4979.299999999907,5.0,0.3999999999996362,-1.180000000000291
2025-05-27 20:50:00,2025-05-27 22:05:00,Short,3301.7,3303.9799999999996,-2.2799999999997453,SL Hit,3303.9799999999996,1,4977.019999999908,75.0,3.4200000000000728,-3.399999999999636
2025-05-27 23:10:00,2025-05-28 00:55:00,Long,3308.75,3308.9,0.3000000000001819,SL Hit,3308.9,2,4977.319999999908,105.0,-4.849999999999909,6.829999999999927
2025-05-28 07:05:00,2025-05-28 07:35:00,Long,3309.353333333334,3309.8,1.3399999999987813,SL Hit,3309.8,3,4978.659999999907,30.0,-1.8233333333337214,4.656666666666297
2025-05-28 08:25:00,2025-05-28 08:45:00,Short,3317.89,3318.8500000000004,-0.9600000000004911,SL Hit,3318.8500000000004,1,4977.699999999906,20.0,2.6200000000003456,-2.4099999999998545
2025-05-28 13:10:00,2025-05-28 16:10:00,Short,3301.525,3296.45,30.450000000001637,SL Hit,3296.45,6,5008.149999999908,180.0,8.275000000000091,-8.625
2025-05-28 16:40:00,2025-05-28 17:10:00,Short,3294.12,3294.12,0.0,SL Hit,3294.12,1,5008.149999999908,30.0,1.0799999999999272,-4.599999999999909
2025-05-28 18:05:00,2025-05-28 19:05:00,Long,3299.48,3299.36,-0.23999999999978172,SL Hit,3299.36,2,5007.909999999908,60.0,-2.380000000000109,3.150000000000091
2025-05-29 03:50:00,2025-05-29 03:55:00,Long,3275.21,3274.37,-0.8400000000001455,SL Hit,3274.37,1,5007.069999999908,5.0,-1.4800000000000182,1.4899999999997817
2025-05-29 04:30:00,2025-05-29 05:55:00,Short,3272.5899999999997,3271.75,3.359999999998763,SL Hit,3271.75,4,5010.429999999907,85.0,2.350000000000364,-6.2599999999997635
2025-05-29 09:20:00,2025-05-29 09:30:00,Short,3279.32,3279.4249999999997,-0.10499999999956344,SL Hit,3279.4249999999997,1,5010.324999999907,10.0,1.9600000000000364,-2.9900000000002365
2025-05-29 11:00:00,2025-05-29 11:05:00,Long,3296.7,3296.64,-0.05999999999994543,SL Hit,3296.64,1,5010.264999999907,5.0,-0.29999999999972715,2.5
2025-05-29 13:25:00,2025-05-29 13:35:00,Long,3318.1,3316.165,-1.9349999999999454,SL Hit,3316.165,1,5008.329999999907,10.0,-3.5599999999999454,3.680000000000291
2025-05-29 14:35:00,2025-05-29 14:50:00,Short,3310.24,3312.865,-2.625,SL Hit,3312.865,1,5005.704999999907,15.0,2.6700000000000728,-4.989999999999782
2025-05-29 15:40:00,2025-05-29 16:45:00,Long,3319.763333333334,3324.3,13.609999999999218,SL Hit,3324.3,3,5019.314999999906,65.0,-4.843333333333703,10.486666666666224
2025-05-29 17:35:00,2025-05-29 17:40:00,Short,3320.41,3320.845,-0.43499999999994543,SL Hit,3320.845,1,5018.879999999906,5.0,1.1700000000000728,-1.2899999999999636
2025-05-29 20:15:00,2025-05-29 20:20:00,Short,3315.86,3315.86,0.0,SL Hit,3315.86,1,5018.879999999906,5.0,0.6199999999998909,-0.5799999999999272
2025-05-29 22:05:00,2025-05-29 22:10:00,Long,3316.2,3316.05,-0.1499999999996362,SL Hit,3316.05,1,5018.729999999907,5.0,-1.199999999999818,1.4600000000000364
2025-05-29 22:15:00,2025-05-29 22:25:00,Short,3316.78,3317.4849999999997,-0.7049999999994725,SL Hit,3317.4849999999997,1,5018.024999999907,10.0,0.9099999999998545,-1.3800000000001091
2025-05-29 22:55:00,2025-05-29 23:00:00,Short,3315.06,3315.06,0.0,SL Hit,3315.06,1,5018.024999999907,5.0,0.3200000000001637,-2.6599999999998545
2025-05-30 00:25:00,2025-05-30 01:00:00,Short,3312.62,3313.8,-2.360000000000582,SL Hit,3313.8,2,5015.664999999906,35.0,2.1100000000001273,-3.619999999999891
2025-05-30 01:05:00,2025-05-30 01:40:00,Long,3312.62,3311.6749999999997,-0.9450000000001637,SL Hit,3311.6749999999997,1,5014.719999999907,35.0,-1.7999999999997272,9.590000000000146
2025-05-30 02:00:00,2025-05-30 05:00:00,Short,3301.7259999999997,3295.3,32.12999999999738,SL Hit,3295.3,5,5046.849999999904,180.0,10.154000000000451,-10.14599999999973
2025-05-30 05:10:00,2025-05-30 05:20:00,Short,3292.08,3293.895,-1.8150000000000546,SL Hit,3293.895,1,5045.034999999903,10.0,3.3400000000001455,-1.8299999999999272
2025-05-30 07:05:00,2025-05-30 07:25:00,Short,3295.81,3296.9800000000005,-1.1700000000005275,SL Hit,3296.9800000000005,1,5043.864999999903,20.0,1.2200000000002547,-7.039999999999964
2025-05-30 08:10:00,2025-05-30 09:30:00,Long,3296.1633333333334,3293.9,-6.789999999999964,SL Hit,3293.9,3,5037.074999999903,80.0,-3.733333333333576,2.6566666666667516
2025-05-30 10:35:00,2025-05-30 11:00:00,Short,3295.31,3296.3600000000006,-1.0500000000006366,SL Hit,3296.3600000000006,1,5036.024999999903,25.0,1.5300000000002,-2.7899999999999636
2025-05-30 15:20:00,2025-05-30 16:30:00,Long,3287.37,3286.6,-1.5399999999999636,SL Hit,3286.6,2,5034.484999999903,70.0,-2.9899999999997817,5.150000000000091
2025-06-01 23:50:00,2025-06-02 00:00:00,Short,3311.11,3311.11,0.0,SL Hit,3311.11,1,5034.484999999903,10.0,0.7300000000000182,-2.6100000000001273
2025-06-02 00:10:00,2025-06-02 00:20:00,Long,3311.55,3311.55,0.0,SL Hit,3311.55,1,5034.484999999903,10.0,-1.3500000000003638,2.7100000000000364
2025-06-02 03:00:00,2025-06-02 03:20:00,Short,3306.91,3307.36,-0.45000000000027285,SL Hit,3307.36,1,5034.034999999903,20.0,1.180000000000291,-3.0099999999997635
2025-06-02 05:40:00,2025-06-02 08:25:00,Long,3339.714,3351.03,56.58000000000129,SL Hit,3351.03,5,5090.614999999905,165.0,-20.453999999999724,18.646000000000186
2025-06-02 08:30:00,2025-06-02 08:35:00,Short,3351.92,3351.92,0.0,SL Hit,3351.92,1,5090.614999999905,5.0,2.0099999999997635,-1.4700000000002547
2025-06-02 09:05:00,2025-06-02 10:20:00,Short,3347.885,3348.97,-2.1699999999991633,SL Hit,3348.97,2,5088.444999999906,75.0,3.5849999999995816,-3.0350000000003092
2025-06-02 12:10:00,2025-06-02 12:15:00,Short,3358.36,3359.5899999999997,-1.2299999999995634,SL Hit,3359.5899999999997,1,5087.2149999999065,5.0,1.2899999999999636,-1.25
2025-06-02 12:20:00,2025-06-02 12:50:00,Long,3359.39,3357.77,-1.6199999999998909,SL Hit,3357.77,1,5085.594999999907,30.0,-3.4200000000000728,3.800000000000182
2025-06-02 13:15:00,2025-06-02 13:35:00,Short,3355.7,3357.42,-3.4400000000005093,SL Hit,3357.42,2,5082.154999999906,20.0,3.980000000000018,-3.949999999999818
2025-06-02 14:25:00,2025-06-02 15:25:00,Long,3373.37,3371.87,-1.5,SL Hit,3371.87,1,5080.654999999906,60.0,-2.6399999999998727,5.039999999999964
2025-06-02 16:15:00,2025-06-02 16:25:00,Short,3372.97,3372.97,0.0,SL Hit,3372.97,1,5080.654999999906,10.0,0.25,-2.480000000000018
2025-06-02 17:55:00,2025-06-02 18:00:00,Long,3373.65,3373.17,-0.4800000000000182,SL Hit,3373.17,1,5080.1749999999065,5.0,-2.550000000000182,0.6900000000000546
2025-06-02 18:30:00,2025-06-02 18:35:00,Short,3371.8,3372.37,-0.569999999999709,SL Hit,3372.37,1,5079.604999999907,5.0,1.419999999999618,-0.5199999999999818
2025-06-02 20:50:00,2025-06-02 23:25:00,Long,3384.4075000000003,3387.2,11.169999999998254,SL Hit,3387.2,4,5090.774999999905,155.0,-4.607500000000073,6.5324999999998
