Entry Time,Exit Time,Direction,Entry Price,Exit Price,PnL,Exit Reason,SL Price,Units,Cumulative PnL,Duration,MAE,MFE
2023-06-14 00:35:00,2023-06-14 00:45:00,Long,1945.0349999999999,1944.2,-1.669999999999618,SL Hit,1944.2,2,-1.669999999999618,10.0,-1.2349999999999,0.25500000000010914
2023-06-14 00:50:00,2023-06-14 01:10:00,Short,1945.06,1945.3900000000003,-0.330000000000382,SL Hit,1945.3900000000003,1,-2.0,20.0,0.6200000000001182,-0.9099999999998545
2023-06-14 01:45:00,2023-06-14 03:20:00,Long,1946.6375,1946.75,0.4499999999998181,SL Hit,1946.75,4,-1.550000000000182,95.0,-0.8875000000000455,1.1324999999999363
2023-06-14 05:20:00,2023-06-14 07:20:00,Short,1946.915,1946.61,1.2200000000002547,SL Hit,1946.61,4,-0.32999999999992724,120.0,1.5350000000000819,-2.115000000000009
2023-06-14 08:50:00,2023-06-14 09:45:00,Long,1950.915,1950.9,-0.05999999999949068,SL Hit,1950.9,4,-0.3899999999994179,55.0,-1.615000000000009,1.8450000000000273
2023-06-14 10:55:00,2023-06-14 11:55:00,Short,1947.1499999999999,1946.66,1.9599999999991269,SL Hit,1946.66,4,1.569999999999709,60.0,1.5900000000001455,-1.849999999999909
2023-06-14 15:55:00,2023-06-14 16:00:00,Short,1956.29,1956.3174999999999,-0.027499999999918145,SL Hit,1956.3174999999999,1,1.5424999999997908,5.0,0.11000000000012733,-0.6900000000000546
2023-06-14 18:40:00,2023-06-14 19:30:00,Long,1947.6799999999998,1943.59,-8.179999999999836,SL Hit,1943.59,2,-6.6375000000000455,50.0,-4.129999999999882,4.920000000000073
2023-06-14 19:35:00,2023-06-14 19:45:00,Short,1945.95,1945.95,0.0,SL Hit,1945.95,1,-6.6375000000000455,10.0,0.15999999999985448,-1.6600000000000819
2023-06-14 22:55:00,2023-06-14 23:30:00,Short,1944.02,1944.2674999999997,-0.24749999999971806,SL Hit,1944.2674999999997,1,-6.8849999999997635,35.0,1.1100000000001273,-2.019999999999982
2023-06-14 23:35:00,2023-06-14 23:40:00,Long,1944.28,1944.28,0.0,SL Hit,1944.28,1,-6.8849999999997635,5.0,-0.37999999999988177,0.6200000000001182
2023-06-15 05:35:00,2023-06-15 06:30:00,Long,1935.14,1934.3699999999994,-0.7700000000006639,SL Hit,1934.3699999999994,1,-7.6550000000004275,55.0,-1.9800000000000182,4.339999999999918
2023-06-15 08:10:00,2023-06-15 08:20:00,Long,1933.4250000000002,1932.3,-2.2500000000004547,SL Hit,1932.3,2,-9.905000000000882,10.0,-2.4850000000001273,0.724999999999909
2023-06-15 11:00:00,2023-06-15 12:15:00,Short,1930.9250000000002,1929.67,2.5100000000002183,SL Hit,1929.67,2,-7.395000000000664,75.0,2.7849999999998545,-3.3850000000002183
2023-06-15 12:40:00,2023-06-15 15:15:00,Long,1941.3000000000002,1952.22,21.83999999999969,SL Hit,1952.22,2,14.444999999999027,155.0,-12.290000000000191,18.159999999999854
2023-06-15 17:25:00,2023-06-15 17:45:00,Short,1958.44,1959.3474999999999,-0.9074999999997999,SL Hit,1959.3474999999999,1,13.537499999999227,20.0,1.2999999999999545,-0.5900000000001455
2023-06-15 18:00:00,2023-06-15 18:05:00,Long,1958.75,1958.75,0.0,SL Hit,1958.75,1,13.537499999999227,5.0,-1.150000000000091,0.6099999999999
2023-06-15 18:10:00,2023-06-15 19:00:00,Short,1957.795,1958.22,-0.849999999999909,SL Hit,1958.22,2,12.687499999999318,50.0,0.6649999999999636,-1.0950000000000273
2023-06-15 19:05:00,2023-06-15 19:20:00,Long,1957.96,1957.96,0.0,SL Hit,1957.96,1,12.687499999999318,15.0,-0.8600000000001273,0.75
2023-06-15 19:30:00,2023-06-15 20:20:00,Long,1958.51,1957.5,-3.0299999999999727,SL Hit,1957.5,3,9.657499999999345,50.0,-1.3099999999999454,1.0499999999999545
2023-06-15 20:35:00,2023-06-15 22:30:00,Short,1957.715,1957.94,-0.45000000000027285,SL Hit,1957.94,2,9.207499999999072,115.0,0.27500000000009095,-0.8149999999998272
2023-06-15 22:50:00,2023-06-15 23:45:00,Long,1958.3133333333333,1957.4,-2.7399999999995543,SL Hit,1957.4,3,6.467499999999518,55.0,-1.1133333333332303,0.8666666666667879
2023-06-16 00:10:00,2023-06-16 00:15:00,Long,1958.6,1958.6,0.0,SL Hit,1958.6,1,6.467499999999518,5.0,-0.2699999999999818,0.6700000000000728
2023-06-16 05:05:00,2023-06-16 05:20:00,Short,1955.18,1955.3174999999999,-0.1374999999998181,SL Hit,1955.3174999999999,1,6.3299999999997,15.0,0.4600000000000364,-1.1800000000000637
2023-06-16 08:35:00,2023-06-16 12:35:00,Long,1963.8225,1964.36,4.299999999999272,SL Hit,1964.36,8,10.629999999998972,240.0,-2.2825000000000273,3.9774999999999636
2023-06-16 14:15:00,2023-06-16 14:40:00,Short,1958.6,1958.6,0.0,SL Hit,1958.6,1,10.629999999998972,25.0,1.7300000000000182,-5.099999999999909
2023-06-16 15:00:00,2023-06-16 15:10:00,Long,1960.44,1959.5049999999997,-0.9350000000004002,SL Hit,1959.5049999999997,1,9.694999999998572,10.0,-1.759999999999991,0.9099999999998545
2023-06-16 15:40:00,2023-06-16 17:00:00,Short,1956.42,1955.49,1.8600000000001273,SL Hit,1955.49,2,11.5549999999987,80.0,1.9600000000000364,-2.7200000000000273
2023-06-16 19:30:00,2023-06-18 20:00:00,Short,1957.47,1957.88,-0.8200000000001637,SL Hit,1957.88,2,10.734999999998536,2910.0,3.1299999999998818,-1.990000000000009
2023-06-19 01:10:00,2023-06-19 01:40:00,Long,1956.46,1955.7450000000001,-0.7149999999999181,SL Hit,1955.7450000000001,1,10.019999999998618,30.0,-0.7699999999999818,1.3999999999998636
2023-06-19 01:55:00,2023-06-19 04:25:00,Short,1955.646,1955.62,0.1300000000003365,SL Hit,1955.62,5,10.149999999998954,150.0,0.7940000000000964,-1.8460000000000036
2023-06-19 05:35:00,2023-06-19 07:55:00,Short,1955.562,1954.57,4.959999999999809,SL Hit,1954.57,5,15.109999999998763,140.0,1.568000000000211,-2.7819999999999254
2023-06-19 10:45:00,2023-06-19 10:50:00,Long,1949.76,1949.2924999999998,-0.4675000000002001,SL Hit,1949.2924999999998,1,14.642499999998563,5.0,-0.9600000000000364,0.6300000000001091
2023-06-19 11:40:00,2023-06-19 12:10:00,Short,1948.6533333333334,1949.07,-1.2499999999995453,SL Hit,1949.07,3,13.392499999999018,30.0,0.9566666666664787,-0.8533333333334667
2023-06-19 13:05:00,2023-06-19 14:00:00,Long,1952.165,1951.0,-2.3299999999999272,SL Hit,1951.0,2,11.06249999999909,55.0,-1.1949999999999363,1.0550000000000637
2023-06-19 14:10:00,2023-06-19 14:25:00,Short,1951.65,1951.65,0.0,SL Hit,1951.65,1,11.06249999999909,15.0,0.34999999999990905,-0.8700000000001182
2023-06-19 18:05:00,2023-06-19 18:20:00,Short,1949.675,1949.83,-0.30999999999994543,SL Hit,1949.83,2,10.752499999999145,15.0,0.4149999999999636,-0.974999999999909
2023-06-19 23:35:00,2023-06-19 23:55:00,Short,1951.36,1951.6350000000002,-0.2750000000003183,SL Hit,1951.6350000000002,1,10.477499999998827,20.0,0.9600000000000364,-0.2999999999999545
2023-06-20 04:10:00,2023-06-20 04:25:00,Short,1950.18,1950.4274999999998,-0.24749999999971806,SL Hit,1950.4274999999998,1,10.229999999999109,15.0,0.9299999999998363,-1.0800000000001546
2023-06-20 08:30:00,2023-06-20 09:05:00,Short,1953.7199999999998,1954.01,-0.580000000000382,SL Hit,1954.01,2,9.649999999998727,35.0,0.540000000000191,-1.6199999999998909
2023-06-20 10:25:00,2023-06-20 11:00:00,Short,1950.935,1952.66,-3.450000000000273,SL Hit,1952.66,2,6.199999999998454,35.0,2.4149999999999636,-0.8350000000000364
2023-06-20 11:30:00,2023-06-20 12:05:00,Short,1951.71,1952.2875000000001,-0.5775000000001,SL Hit,1952.2875000000001,1,5.622499999998354,35.0,0.7799999999999727,-1.3199999999999363
2023-06-20 16:55:00,2023-06-20 17:00:00,Long,1937.29,1937.29,0.0,SL Hit,1937.29,1,5.622499999998354,5.0,-0.09999999999990905,0.5299999999999727
2023-06-20 19:15:00,2023-06-20 19:20:00,Long,1936.5,1936.3075000000001,-0.19249999999988177,SL Hit,1936.3075000000001,1,5.429999999998472,5.0,-0.42000000000007276,0.6900000000000546
2023-06-20 20:45:00,2023-06-20 20:55:00,Short,1935.9,1935.9,0.0,SL Hit,1935.9,1,5.429999999998472,10.0,0.09999999999990905,-0.5600000000001728
2023-06-20 22:05:00,2023-06-20 22:55:00,Long,1936.7233333333334,1936.0,-2.1700000000000728,SL Hit,1936.0,3,3.2599999999983993,50.0,-1.2233333333333576,1.2566666666666606
2023-06-20 23:45:00,2023-06-21 01:30:00,Short,1937.4099999999999,1937.38,0.05999999999949068,SL Hit,1937.38,2,3.31999999999789,105.0,0.6200000000001182,-1.5099999999997635
2023-06-21 02:50:00,2023-06-21 05:35:00,Short,1936.3380000000002,1936.27,0.340000000001055,SL Hit,1936.27,5,3.659999999998945,165.0,1.4019999999998163,-2.068000000000211
2023-06-21 05:40:00,2023-06-21 06:00:00,Long,1936.29,1934.1175,-2.1724999999999,SL Hit,1934.1175,1,1.487499999999045,20.0,-4.039999999999964,0.39000000000010004
2023-06-21 08:30:00,2023-06-21 08:50:00,Short,1934.38,1935.18,-1.599999999999909,SL Hit,1935.18,2,-0.11250000000086402,20.0,1.3999999999998636,-0.6700000000000728
2023-06-21 09:15:00,2023-06-21 09:20:00,Short,1933.12,1933.9175000000005,-0.7975000000005821,SL Hit,1933.9175000000005,1,-0.9100000000014461,5.0,1.0100000000002183,-0.9499999999998181
2023-06-21 09:30:00,2023-06-21 12:15:00,Long,1934.39,1933.9,-2.4500000000000455,SL Hit,1933.9,5,-3.3600000000014916,165.0,-2.1900000000000546,1.2799999999999727
2023-06-21 13:10:00,2023-06-21 13:20:00,Short,1927.26,1928.5525,-1.2925000000000182,SL Hit,1928.5525,1,-4.65250000000151,10.0,1.6900000000000546,-0.8799999999998818
2023-06-21 15:50:00,2023-06-21 16:15:00,Long,1931.565,1930.86,-1.4100000000003092,SL Hit,1930.86,2,-6.062500000001819,25.0,-0.7850000000000819,1.7349999999999
2023-06-21 17:50:00,2023-06-21 17:55:00,Long,1934.53,1934.2000000000003,-0.32999999999969987,SL Hit,1934.2000000000003,1,-6.392500000001519,5.0,-0.3999999999998636,0.5299999999999727
2023-06-21 20:20:00,2023-06-21 22:00:00,Short,1932.4666666666665,1932.73,-0.7900000000006457,SL Hit,1932.73,3,-7.182500000002165,100.0,0.7033333333336032,-0.6366666666665424
2023-06-21 22:10:00,2023-06-21 22:15:00,Long,1932.68,1932.68,0.0,SL Hit,1932.68,1,-7.182500000002165,5.0,-0.5800000000001546,0.5599999999999454
2023-06-21 23:00:00,2023-06-21 23:25:00,Short,1933.5,1933.665,-0.16499999999996362,SL Hit,1933.665,1,-7.347500000002128,25.0,0.39000000000010004,-1.2999999999999545
2023-06-22 01:05:00,2023-06-22 01:15:00,Short,1932.76,1933.0074999999997,-0.24749999999971806,SL Hit,1933.0074999999997,1,-7.595000000001846,10.0,0.4600000000000364,-0.8599999999999
2023-06-22 04:45:00,2023-06-22 05:55:00,Short,1929.9,1930.05,-0.29999999999972715,SL Hit,1930.05,2,-7.895000000001573,70.0,1.3399999999999181,-2.0
2023-06-22 11:30:00,2023-06-22 11:50:00,Short,1927.4,1927.4,0.0,SL Hit,1927.4,1,-7.895000000001573,20.0,0.14999999999986358,-2.1100000000001273
2023-06-22 15:25:00,2023-06-22 16:00:00,Short,1914.0900000000001,1915.16,-2.1399999999998727,SL Hit,1915.16,2,-10.035000000001446,35.0,1.2899999999999636,-1.6900000000000546
2023-06-22 16:10:00,2023-06-22 18:20:00,Long,1914.575,1914.9,1.300000000000182,SL Hit,1914.9,4,-8.735000000001264,130.0,-1.2650000000001,2.8150000000000546
2023-06-22 19:05:00,2023-06-22 19:20:00,Long,1914.95,1914.345,-0.6050000000000182,SL Hit,1914.345,1,-9.340000000001282,15.0,-0.6600000000000819,0.2899999999999636
2023-06-22 20:20:00,2023-06-22 22:00:00,Short,1913.8400000000001,1914.04,-0.3999999999996362,SL Hit,1914.04,2,-9.740000000000919,100.0,0.2999999999999545,-1.3800000000001091
2023-06-23 02:50:00,2023-06-23 03:15:00,Short,1911.23,1911.23,0.0,SL Hit,1911.23,1,-9.740000000000919,25.0,0.31999999999993634,-1.0299999999999727
2023-06-23 06:55:00,2023-06-23 07:05:00,Short,1913.8,1914.3500000000001,-0.5500000000001819,SL Hit,1914.3500000000001,1,-10.2900000000011,10.0,0.9800000000000182,-1.2000000000000455
2023-06-23 08:40:00,2023-06-23 08:50:00,Long,1919.24,1918.6075,-0.6324999999999363,SL Hit,1918.6075,1,-10.922500000001037,10.0,-0.7300000000000182,0.6800000000000637
2023-06-23 09:15:00,2023-06-23 09:20:00,Short,1917.84,1917.84,0.0,SL Hit,1917.84,1,-10.922500000001037,5.0,0.8100000000001728,-0.6999999999998181
2023-06-23 12:15:00,2023-06-23 12:30:00,Long,1919.4,1919.4,0.0,SL Hit,1919.4,1,-10.922500000001037,15.0,-0.14000000000010004,4.279999999999973
2023-06-23 13:50:00,2023-06-23 14:15:00,Long,1932.205,1930.33,-3.75,SL Hit,1930.33,2,-14.672500000001037,25.0,-3.5349999999998545,4.365000000000009
2023-06-23 16:35:00,2023-06-23 17:30:00,Short,1919.6399999999999,1920.41,-1.5400000000004184,SL Hit,1920.41,2,-16.212500000001455,55.0,1.4300000000000637,-1.709999999999809
2023-06-23 17:50:00,2023-06-23 18:35:00,Long,1920.09,1919.4025,-0.6875,SL Hit,1919.4025,1,-16.900000000001455,45.0,-1.490000000000009,0.7000000000000455
2023-06-23 19:05:00,2023-06-23 19:40:00,Long,1920.46,1919.3,-2.3200000000001637,SL Hit,1919.3,2,-19.22000000000162,35.0,-1.2100000000000364,0.7000000000000455
2023-06-23 19:45:00,2023-06-23 20:50:00,Short,1919.86,1919.86,0.0,SL Hit,1919.86,1,-19.22000000000162,65.0,1.259999999999991,-1.259999999999991
2023-06-25 23:20:00,2023-06-25 23:25:00,Long,1924.45,1924.0375,-0.4125000000001364,SL Hit,1924.0375,1,-19.632500000001755,5.0,-0.8500000000001364,0.2899999999999636
2023-06-25 23:55:00,2023-06-26 00:00:00,Long,1924.88,1924.88,0.0,SL Hit,1924.88,1,-19.632500000001755,5.0,-0.20000000000004547,0.9399999999998272
2023-06-26 01:25:00,2023-06-26 02:00:00,Long,1926.6,1924.4,-2.199999999999818,SL Hit,1924.4,1,-21.832500000001573,35.0,-2.269999999999982,1.7300000000000182
2023-06-26 02:05:00,2023-06-26 03:25:00,Short,1925.24,1926.51,-2.5399999999999636,SL Hit,1926.51,2,-24.372500000001537,80.0,1.3099999999999454,-0.9400000000000546
2023-06-26 03:30:00,2023-06-26 03:50:00,Long,1925.72,1925.1,-1.2400000000002365,SL Hit,1925.1,2,-25.612500000001774,20.0,-0.9200000000000728,0.9200000000000728
2023-06-26 04:10:00,2023-06-26 04:35:00,Short,1925.02,1925.1574999999998,-0.1374999999998181,SL Hit,1925.1574999999998,1,-25.75000000000159,25.0,0.15000000000009095,-1.4200000000000728
2023-06-26 08:00:00,2023-06-26 09:10:00,Long,1930.21,1931.1,1.7799999999997453,SL Hit,1931.1,2,-23.970000000001846,70.0,-1.3299999999999272,2.8799999999998818
2023-06-26 09:55:00,2023-06-26 10:05:00,Short,1929.96,1930.7024999999999,-0.7424999999998363,SL Hit,1930.7024999999999,1,-24.712500000001683,10.0,1.3199999999999363,-0.6600000000000819
2023-06-26 11:25:00,2023-06-26 11:35:00,Short,1931.8,1932.2400000000002,-0.44000000000028194,SL Hit,1932.2400000000002,1,-25.152500000001965,10.0,0.5599999999999454,-0.4800000000000182
2023-06-26 11:40:00,2023-06-26 12:00:00,Long,1932.05,1931.0325000000003,-1.0174999999996999,SL Hit,1931.0325000000003,1,-26.170000000001664,20.0,-1.5499999999999545,0.2400000000000091
2023-06-26 12:05:00,2023-06-26 12:30:00,Short,1931.305,1932.31,-2.0099999999997635,SL Hit,1932.31,2,-28.180000000001428,25.0,1.2649999999998727,-1.4450000000001637
2023-06-26 15:10:00,2023-06-26 15:55:00,Long,1926.3899999999999,1926.2,-0.3799999999996544,SL Hit,1926.2,2,-28.560000000001082,45.0,-2.4899999999997817,1.9500000000000455
2023-06-26 16:45:00,2023-06-26 17:45:00,Short,1923.9133333333332,1924.21,-0.8900000000005548,SL Hit,1924.21,3,-29.450000000001637,60.0,1.0166666666668789,-1.2133333333331393
2023-06-26 19:25:00,2023-06-26 20:35:00,Short,1922.67,1923.12,-0.8999999999996362,SL Hit,1923.12,2,-30.350000000001273,70.0,0.5099999999999909,-1.0700000000001637
2023-06-26 22:40:00,2023-06-26 23:15:00,Long,1923.5,1922.62,-1.7600000000002183,SL Hit,1922.62,2,-32.11000000000149,35.0,-0.9800000000000182,1.099999999999909
2023-06-27 00:25:00,2023-06-27 00:40:00,Long,1922.53,1922.53,0.0,SL Hit,1922.53,1,-32.11000000000149,15.0,-0.12999999999988177,1.990000000000009
2023-06-27 01:20:00,2023-06-27 03:30:00,Long,1926.823333333333,1928.11,3.860000000000582,SL Hit,1928.11,3,-28.25000000000091,130.0,-2.4533333333331484,3.2166666666669244
2023-06-27 03:55:00,2023-06-27 04:00:00,Short,1928.55,1928.55,0.0,SL Hit,1928.55,1,-28.25000000000091,5.0,0.03999999999996362,-0.9500000000000455
2023-06-27 18:00:00,2023-06-27 18:20:00,Short,1912.02,1912.2949999999996,-0.2749999999996362,SL Hit,1912.2949999999996,1,-28.525000000000546,20.0,1.2899999999999636,-1.4200000000000728
2023-06-27 23:45:00,2023-06-28 00:35:00,Long,1915.915,1915.0,-1.8299999999999272,SL Hit,1915.0,2,-30.355000000000473,50.0,-1.3150000000000546,1.0650000000000546
2023-06-28 00:40:00,2023-06-28 00:55:00,Short,1915.46,1915.9550000000002,-0.49500000000011823,SL Hit,1915.9550000000002,1,-30.85000000000059,15.0,0.5399999999999636,-0.5599999999999454
2023-06-28 01:45:00,2023-06-28 01:50:00,Long,1915.47,1915.47,0.0,SL Hit,1915.47,1,-30.85000000000059,5.0,-0.7000000000000455,0.5099999999999909
2023-06-28 06:40:00,2023-06-28 08:55:00,Short,1910.765,1910.19,2.300000000000182,SL Hit,1910.19,4,-28.55000000000041,135.0,1.584999999999809,-2.9650000000001455
2023-06-28 09:00:00,2023-06-28 09:25:00,Long,1909.65,1909.2099999999998,-0.44000000000028194,SL Hit,1909.2099999999998,1,-28.99000000000069,25.0,-1.050000000000182,1.9199999999998454
2023-06-28 12:25:00,2023-06-28 12:45:00,Short,1906.71,1907.78,-2.1399999999998727,SL Hit,1907.78,2,-31.130000000000564,20.0,1.5499999999999545,-0.9200000000000728
2023-06-28 13:30:00,2023-06-28 13:40:00,Long,1908.88,1906.2125,-2.667500000000018,SL Hit,1906.2125,1,-33.79750000000058,10.0,-4.040000000000191,1.8199999999999363
2023-06-28 14:50:00,2023-06-28 15:00:00,Short,1906.94,1907.6825,-0.7424999999998363,SL Hit,1907.6825,1,-34.54000000000042,10.0,1.3899999999998727,-1.400000000000091
2023-06-28 15:20:00,2023-06-28 17:35:00,Long,1911.1275,1912.23,4.4099999999998545,SL Hit,1912.23,4,-30.130000000000564,135.0,-2.087500000000091,2.1224999999999454
2023-06-28 19:00:00,2023-06-28 22:05:00,Short,1910.1625000000001,1909.41,3.0100000000002183,SL Hit,1909.41,4,-27.120000000000346,185.0,2.0874999999998636,-3.4925000000000637
2023-06-28 23:10:00,2023-06-28 23:55:00,Long,1910.01,1908.9099999999999,-1.1000000000001364,SL Hit,1908.9099999999999,1,-28.220000000000482,45.0,-1.1099999999999,0.5499999999999545
2023-06-29 00:00:00,2023-06-29 00:55:00,Short,1909.155,1909.18,-0.0500000000001819,SL Hit,1909.18,2,-28.270000000000664,55.0,0.8550000000000182,-1.7549999999998818
2023-06-29 02:45:00,2023-06-29 03:50:00,Short,1904.825,1904.83,-0.009999999999763531,SL Hit,1904.83,2,-28.280000000000427,65.0,1.125,-2.3250000000000455
2023-06-29 04:15:00,2023-06-29 05:00:00,Long,1904.795,1904.0,-1.5900000000001455,SL Hit,1904.0,2,-29.870000000000573,45.0,-0.7950000000000728,1.0049999999998818
2023-06-29 05:20:00,2023-06-29 05:30:00,Short,1904.16,1904.4899999999998,-0.32999999999969987,SL Hit,1904.4899999999998,1,-30.200000000000273,10.0,0.5299999999999727,-0.9300000000000637
2023-06-29 11:45:00,2023-06-29 12:00:00,Short,1910.14,1910.4424999999999,-0.3024999999997817,SL Hit,1910.4424999999999,1,-30.502500000000055,15.0,0.5,-0.44000000000005457
2023-06-29 12:25:00,2023-06-29 12:30:00,Long,1909.8,1909.8,0.0,SL Hit,1909.8,1,-30.502500000000055,5.0,-9.049999999999955,1.7100000000000364
2023-06-29 14:50:00,2023-06-29 15:50:00,Long,1910.455,1909.04,-2.8299999999999272,SL Hit,1909.04,2,-33.33249999999998,60.0,-2.0549999999998363,2.5450000000000728
2023-06-29 16:55:00,2023-06-29 17:00:00,Long,1909.54,1909.1550000000002,-0.38499999999976353,SL Hit,1909.1550000000002,1,-33.717499999999745,5.0,-0.4600000000000364,0.7699999999999818
2023-06-29 18:05:00,2023-06-29 19:35:00,Short,1907.6,1908.38,-1.5600000000004002,SL Hit,1908.38,2,-35.277500000000146,90.0,1.540000000000191,-1.8999999999998636
2023-06-30 01:10:00,2023-06-30 01:30:00,Long,1908.53,1907.9,-1.2599999999997635,SL Hit,1907.9,2,-36.53749999999991,20.0,-1.8299999999999272,0.8700000000001182
2023-06-30 05:10:00,2023-06-30 05:15:00,Long,1908.32,1907.6599999999999,-0.6600000000000819,SL Hit,1907.6599999999999,1,-37.19749999999999,5.0,-0.8199999999999363,0.37000000000011823
2023-06-30 12:30:00,2023-06-30 16:40:00,Long,1913.9466666666667,1917.42,31.26000000000022,SL Hit,1917.42,9,-5.937499999999773,250.0,-7.716666666666697,6.3433333333332484
2023-06-30 20:20:00,2023-06-30 20:35:00,Short,1918.42,1918.475,-0.05499999999983629,SL Hit,1918.475,1,-5.992499999999609,15.0,0.1899999999998272,-0.9200000000000728
2023-07-02 20:00:00,2023-07-02 22:00:00,Long,1918.835,1919.1,0.5299999999997453,SL Hit,1919.1,2,-5.462499999999864,120.0,-0.48500000000012733,0.8150000000000546
2023-07-03 02:15:00,2023-07-03 03:40:00,Short,1916.75,1917.1900000000003,-0.44000000000028194,SL Hit,1917.1900000000003,1,-5.9025000000001455,85.0,1.1199999999998909,-2.650000000000091
2023-07-03 04:15:00,2023-07-03 05:25:00,Long,1919.1399999999999,1918.6,-1.0799999999999272,SL Hit,1918.6,2,-6.982500000000073,70.0,-0.7399999999997817,1.3300000000001546
2023-07-03 05:35:00,2023-07-03 06:55:00,Short,1917.3966666666668,1914.98,7.250000000000227,SL Hit,1914.98,3,0.2675000000001546,80.0,2.6733333333331757,-3.876666666666779
2023-07-03 10:15:00,2023-07-03 10:20:00,Short,1912.7,1912.7275,-0.027499999999918145,SL Hit,1912.7275,1,0.24000000000023647,5.0,0.06999999999993634,-0.650000000000091
2023-07-03 11:50:00,2023-07-03 12:10:00,Short,1912.83,1913.35,-1.0399999999999636,SL Hit,1913.35,2,-0.7999999999997272,20.0,0.7400000000000091,-1.0699999999999363
2023-07-03 17:45:00,2023-07-03 18:10:00,Short,1921.3,1921.3,0.0,SL Hit,1921.3,1,-0.7999999999997272,25.0,0.39000000000010004,-0.7999999999999545
2023-07-03 20:35:00,2023-07-03 20:55:00,Long,1921.3166666666666,1920.5,-2.449999999999818,SL Hit,1920.5,3,-3.2499999999995453,20.0,-0.816666666666606,0.2233333333333576
2023-07-03 22:45:00,2023-07-03 23:45:00,Short,1920.9800000000002,1920.89,0.27000000000043656,SL Hit,1920.89,3,-2.9799999999991087,60.0,0.4999999999997726,-1.0800000000001546
2023-07-04 04:55:00,2023-07-04 05:10:00,Long,1923.685,1923.7,0.03000000000020009,SL Hit,1923.7,2,-2.9499999999989086,15.0,-0.20499999999992724,0.8550000000000182
2023-07-04 07:05:00,2023-07-04 07:10:00,Long,1926.65,1926.65,0.0,SL Hit,1926.65,1,-2.9499999999989086,5.0,-0.40000000000009095,0.3999999999998636
2023-07-04 07:15:00,2023-07-04 07:20:00,Long,1926.47,1926.47,0.0,SL Hit,1926.47,1,-2.9499999999989086,5.0,-0.7699999999999818,0.8099999999999454
2023-07-04 10:25:00,2023-07-04 10:45:00,Short,1929.66,1929.66,0.0,SL Hit,1929.66,1,-2.9499999999989086,20.0,0.2300000000000182,-1.3600000000001273
2023-07-04 17:55:00,2023-07-04 18:05:00,Long,1924.88,1924.88,0.0,SL Hit,1924.88,1,-2.9499999999989086,10.0,-0.6800000000000637,0.5199999999999818
2023-07-04 22:15:00,2023-07-04 22:20:00,Short,1925.16,1925.2150000000001,-0.055000000000063665,SL Hit,1925.2150000000001,1,-3.0049999999989723,5.0,0.7400000000000091,-0.3200000000001637
2023-07-05 00:05:00,2023-07-05 00:10:00,Long,1926.14,1926.14,0.0,SL Hit,1926.14,1,-3.0049999999989723,5.0,-0.9400000000000546,0.34999999999990905
2023-07-05 02:05:00,2023-07-05 02:55:00,Short,1923.65,1924.15,-1.0,SL Hit,1924.15,2,-4.004999999998972,50.0,0.9399999999998272,-0.9500000000000455
2023-07-05 04:40:00,2023-07-05 04:45:00,Short,1925.24,1925.3774999999998,-0.1374999999998181,Bullish Trade Reversal,1925.3774999999998,1,-4.14249999999879,5.0,0.43000000000006366,-0.8399999999999181
2023-07-05 04:45:00,2023-07-05 06:00:00,Long,1925.45,1925.15,-1.199999999999818,SL Hit,1925.15,4,-5.3424999999986085,75.0,-1.0499999999999545,0.8299999999999272
2023-07-05 12:10:00,2023-07-05 12:15:00,Short,1926.56,1927.9624999999999,-1.4024999999999181,SL Hit,1927.9624999999999,1,-6.744999999998527,5.0,1.6800000000000637,-0.22000000000002728
2023-07-05 12:20:00,2023-07-05 12:25:00,Long,1927.775,1926.34,-2.8700000000003456,SL Hit,1926.34,2,-9.614999999998872,5.0,-1.8450000000000273,0.9949999999998909
2023-07-05 13:15:00,2023-07-05 13:30:00,Long,1931.8000000000002,1928.29,-7.020000000000437,SL Hit,1928.29,2,-16.63499999999931,15.0,-3.5700000000001637,3.0299999999997453
2023-07-05 13:40:00,2023-07-05 14:15:00,Short,1926.025,1925.19,1.6700000000000728,SL Hit,1925.19,2,-14.964999999999236,35.0,1.7649999999998727,-3.5650000000000546
2023-07-05 15:50:00,2023-07-05 18:00:00,Short,1921.8,1920.12,5.040000000000191,SL Hit,1920.12,3,-9.924999999999045,130.0,2.8700000000001182,-3.2999999999999545
2023-07-05 20:05:00,2023-07-05 20:10:00,Short,1916.35,1916.3774999999998,-0.027499999999918145,SL Hit,1916.3774999999998,1,-9.952499999998963,5.0,0.2800000000002001,-0.15999999999985448
2023-07-05 20:55:00,2023-07-05 22:00:00,Short,1914.8,1915.2675000000002,-0.4675000000002001,SL Hit,1915.2675000000002,1,-10.419999999999163,65.0,1.2999999999999545,-0.5
2023-07-05 22:35:00,2023-07-05 22:40:00,Long,1916.5,1916.5,0.0,SL Hit,1916.5,1,-10.419999999999163,5.0,-0.40000000000009095,0.7200000000000273
2023-07-06 00:10:00,2023-07-06 00:50:00,Long,1916.92,1916.1,-1.6400000000003274,SL Hit,1916.1,2,-12.05999999999949,40.0,-1.1200000000001182,0.5599999999999454
2023-07-06 01:55:00,2023-07-06 02:45:00,Long,1918.6,1918.21,-0.7799999999997453,SL Hit,1918.21,2,-12.839999999999236,50.0,-0.4699999999997999,1.040000000000191
2023-07-06 07:05:00,2023-07-06 07:10:00,Short,1920.26,1920.26,0.0,SL Hit,1920.26,1,-12.839999999999236,5.0,0.13000000000010914,-0.900000000000091
2023-07-06 14:25:00,2023-07-06 14:35:00,Short,1904.66,1904.9074999999998,-0.24749999999971806,SL Hit,1904.9074999999998,1,-13.087499999998954,10.0,1.259999999999991,-1.8100000000001728
2023-07-06 23:45:00,2023-07-07 00:05:00,Short,1911.87,1912.0625000000005,-0.1925000000005639,SL Hit,1912.0625000000005,1,-13.279999999999518,20.0,0.3400000000001455,-0.8699999999998909
2023-07-07 00:15:00,2023-07-07 00:20:00,Long,1910.9,1910.9,0.0,Bearish Trade Reversal,1910.9,1,-13.279999999999518,5.0,0.0,1.2300000000000182
2023-07-07 00:20:00,2023-07-07 01:30:00,Short,1911.4850000000001,1911.64,-0.30999999999994543,SL Hit,1911.64,2,-13.589999999999463,70.0,0.6449999999999818,-1.915000000000191
2023-07-07 02:20:00,2023-07-07 03:00:00,Short,1910.96,1911.3449999999998,-0.38499999999976353,SL Hit,1911.3449999999998,1,-13.974999999999227,40.0,0.5099999999999909,-1.1900000000000546
2023-07-07 04:00:00,2023-07-07 04:25:00,Short,1910.34,1911.1,-1.5199999999999818,SL Hit,1911.1,2,-15.494999999999209,25.0,0.9600000000000364,-0.9399999999998272
2023-07-07 09:45:00,2023-07-07 09:55:00,Long,1915.95,1915.95,0.0,SL Hit,1915.95,1,-15.494999999999209,10.0,-0.25,0.7699999999999818
2023-07-07 11:35:00,2023-07-07 12:15:00,Long,1917.5549999999998,1916.3,-2.5099999999997635,SL Hit,1916.3,2,-18.004999999998972,40.0,-2.8949999999997544,0.8150000000000546
2023-07-07 16:50:00,2023-07-09 22:05:00,Short,1926.49,1925.56,6.510000000000446,SL Hit,1925.56,7,-11.494999999998527,3195.0,1.3399999999999181,-2.990000000000009
2023-07-10 01:00:00,2023-07-10 02:30:00,Long,1925.0333333333335,1924.14,-2.680000000000291,SL Hit,1924.14,3,-14.174999999998818,90.0,-1.2333333333335759,1.7566666666664332
2023-07-10 02:55:00,2023-07-10 03:05:00,Long,1924.74,1924.685,-0.055000000000063665,SL Hit,1924.685,1,-14.229999999998881,10.0,-0.2899999999999636,0.7400000000000091
2023-07-10 07:50:00,2023-07-10 07:55:00,Long,1925.0,1924.7250000000004,-0.2749999999996362,SL Hit,1924.7250000000004,1,-14.504999999998518,5.0,-0.30999999999994543,0.6199999999998909
2023-07-10 08:05:00,2023-07-10 08:55:00,Short,1924.22,1925.0724999999998,-0.8524999999997362,SL Hit,1925.0724999999998,1,-15.357499999998254,50.0,1.2300000000000182,-1.5499999999999545
2023-07-10 09:45:00,2023-07-10 10:15:00,Short,1923.185,1923.84,-1.3099999999999454,SL Hit,1923.84,2,-16.6674999999982,30.0,0.7250000000001364,-0.48499999999989996
2023-07-10 10:20:00,2023-07-10 12:10:00,Long,1923.89,1923.79,-0.4000000000005457,SL Hit,1923.79,4,-17.067499999998745,110.0,-1.1400000000001,1.7199999999998
2023-07-10 15:35:00,2023-07-10 15:50:00,Short,1922.895,1923.37,-0.9499999999998181,SL Hit,1923.37,2,-18.017499999998563,15.0,0.6349999999999909,-0.7149999999999181
2023-07-10 16:25:00,2023-07-10 18:00:00,Long,1924.74,1925.2,0.9200000000000728,SL Hit,1925.2,2,-17.09749999999849,95.0,-1.1400000000001,1.990000000000009
2023-07-10 18:25:00,2023-07-10 18:45:00,Short,1925.415,1925.95,-1.0700000000001637,SL Hit,1925.95,2,-18.167499999998654,20.0,0.5850000000000364,-0.6150000000000091
2023-07-10 18:50:00,2023-07-10 19:40:00,Long,1925.5633333333335,1924.79,-2.3200000000006185,SL Hit,1924.79,3,-20.487499999999272,50.0,-1.2633333333335486,0.7666666666664241
2023-07-10 20:50:00,2023-07-10 22:15:00,Short,1925.17,1925.36,-0.3799999999996544,SL Hit,1925.36,2,-20.867499999998927,85.0,0.1899999999998272,-0.7699999999999818
2023-07-10 22:30:00,2023-07-10 22:45:00,Short,1924.64,1925.1349999999998,-0.4949999999996635,SL Hit,1925.1349999999998,1,-21.36249999999859,15.0,0.6099999999999,-0.12000000000011823
2023-07-11 02:30:00,2023-07-11 03:15:00,Long,1926.87,1926.1,-1.5399999999999636,SL Hit,1926.1,2,-22.902499999998554,45.0,-1.2799999999999727,1.8100000000001728
2023-07-11 03:55:00,2023-07-11 04:10:00,Short,1926.67,1927.16,-0.9800000000000182,SL Hit,1927.16,2,-23.882499999998572,15.0,0.6799999999998363,-0.8700000000001182
2023-07-11 09:25:00,2023-07-11 09:55:00,Short,1936.72,1937.8199999999997,-1.0999999999996817,SL Hit,1937.8199999999997,1,-24.982499999998254,30.0,1.4800000000000182,-1.8099999999999454
2023-07-11 12:05:00,2023-07-11 13:30:00,Short,1933.4175,1933.2,0.8699999999998909,SL Hit,1933.2,4,-24.112499999998363,85.0,2.822499999999991,-3.7975000000001273
2023-07-11 13:50:00,2023-07-11 13:55:00,Short,1932.9,1934.0824999999995,-1.1824999999994361,Bullish Trade Reversal,1934.0824999999995,1,-25.2949999999978,5.0,0.7300000000000182,-1.6700000000000728
2023-07-11 13:55:00,2023-07-11 14:45:00,Long,1933.5999999999997,1932.29,-3.929999999999154,SL Hit,1932.29,3,-29.224999999996953,50.0,-1.4399999999995998,1.7200000000002547
2023-07-11 19:30:00,2023-07-11 19:35:00,Short,1932.25,1932.25,0.0,Bullish Trade Reversal,1932.25,1,-29.224999999996953,5.0,-0.0,-1.349999999999909
2023-07-11 19:35:00,2023-07-11 19:40:00,Long,1931.88,1929.185,-2.6950000000001637,Bearish Trade Reversal,1929.185,1,-31.919999999997117,5.0,-0.9800000000000182,0.1899999999998272
2023-07-11 19:40:00,2023-07-11 19:55:00,Short,1931.92,1932.3324999999998,-0.4124999999996817,SL Hit,1932.3324999999998,1,-32.3324999999968,15.0,0.4700000000000273,-0.8200000000001637
2023-07-11 22:20:00,2023-07-11 22:40:00,Long,1932.24,1932.24,0.0,SL Hit,1932.24,1,-32.3324999999968,20.0,-0.2400000000000091,1.4300000000000637
2023-07-12 01:40:00,2023-07-12 03:35:00,Long,1938.648,1938.0,-3.2399999999995543,SL Hit,1938.0,5,-35.57249999999635,115.0,-1.9279999999998836,2.201999999999998
2023-07-12 04:20:00,2023-07-12 04:55:00,Short,1938.1,1938.16,-0.12000000000034561,SL Hit,1938.16,2,-35.6924999999967,35.0,0.8900000000001,-0.5099999999999909
2023-07-12 08:00:00,2023-07-12 08:15:00,Short,1934.3600000000001,1934.66,-0.599999999999909,SL Hit,1934.66,2,-36.29249999999661,15.0,0.7999999999999545,-0.5100000000002183
2023-07-12 11:20:00,2023-07-12 11:25:00,Long,1933.47,1932.4524999999996,-1.017500000000382,Bearish Trade Reversal,1932.4524999999996,1,-37.30999999999699,5.0,-0.37000000000011823,0.7999999999999545
2023-07-12 11:25:00,2023-07-12 11:30:00,Short,1934.21,1934.21,0.0,SL Hit,1934.21,1,-37.30999999999699,5.0,0.9500000000000455,-0.43000000000006366
2023-07-12 13:30:00,2023-07-12 15:15:00,Long,1955.0825000000002,1953.62,-5.850000000001273,SL Hit,1953.62,4,-43.15999999999826,105.0,-4.602500000000191,2.9274999999997817
2023-07-12 18:25:00,2023-07-12 19:20:00,Long,1957.6000000000001,1957.0,-1.8000000000004093,SL Hit,1957.0,3,-44.95999999999867,55.0,-0.7000000000000455,0.7499999999997726
2023-07-12 20:45:00,2023-07-12 22:35:00,Short,1957.7,1957.99,-0.5799999999999272,SL Hit,1957.99,2,-45.5399999999986,110.0,0.44000000000005457,-1.2000000000000455
2023-07-12 23:40:00,2023-07-12 23:55:00,Short,1957.53,1957.76,-0.4600000000000364,SL Hit,1957.76,2,-45.999999999998636,15.0,0.2400000000000091,-0.6299999999998818
2023-07-13 00:10:00,2023-07-13 00:35:00,Long,1958.02,1956.8,-2.4400000000000546,SL Hit,1956.8,2,-48.43999999999869,25.0,-1.5199999999999818,0.7699999999999818
2023-07-13 00:45:00,2023-07-13 00:55:00,Short,1957.06,1957.3625000000002,-0.30250000000023647,SL Hit,1957.3625000000002,1,-48.74249999999893,10.0,0.4900000000000091,-0.8599999999999
2023-07-13 01:20:00,2023-07-13 03:20:00,Long,1958.9466666666667,1959.77,4.9399999999996,SL Hit,1959.77,6,-43.80249999999933,120.0,-2.596666666666806,2.5933333333332484
2023-07-13 03:30:00,2023-07-13 04:30:00,Short,1959.99,1960.59,-2.399999999999636,SL Hit,1960.59,4,-46.20249999999896,60.0,1.1099999999999,-1.0199999999999818
2023-07-13 06:15:00,2023-07-13 07:20:00,Long,1960.43,1961.11,1.3599999999996726,SL Hit,1961.11,2,-44.84249999999929,65.0,-2.2799999999999727,2.7799999999999727
2023-07-13 09:10:00,2023-07-13 10:40:00,Short,1959.9666666666665,1960.14,-0.5200000000008913,SL Hit,1960.14,3,-45.36250000000018,90.0,0.3533333333334667,-2.266666666666424
2023-07-13 11:05:00,2023-07-13 11:10:00,Long,1960.2649999999999,1959.1,-2.3299999999999272,SL Hit,1959.1,2,-47.69250000000011,5.0,-1.3649999999997817,0.3450000000000273
2023-07-13 11:15:00,2023-07-13 11:45:00,Short,1959.73,1960.0324999999998,-0.3024999999997817,SL Hit,1960.0324999999998,1,-47.99499999999989,30.0,0.33999999999991815,-2.4300000000000637
2023-07-13 13:55:00,2023-07-13 14:10:00,Short,1958.91,1961.2475,-2.3374999999998636,SL Hit,1961.2475,1,-50.332499999999754,15.0,2.3799999999998818,-1.9100000000000819
2023-07-13 21:00:00,2023-07-13 22:00:00,Long,1960.13,1960.13,0.0,SL Hit,1960.13,1,-50.332499999999754,60.0,-0.21000000000003638,0.2899999999999636
2023-07-14 01:25:00,2023-07-14 02:55:00,Long,1960.71,1961.93,2.4400000000000546,SL Hit,1961.93,2,-47.8924999999997,90.0,-1.7999999999999545,2.980000000000018
2023-07-14 04:10:00,2023-07-14 07:50:00,Short,1959.2516666666663,1956.91,14.049999999997453,SL Hit,1956.91,6,-33.84250000000225,220.0,2.478333333333694,-4.971666666666351
2023-07-14 08:00:00,2023-07-14 08:05:00,Long,1956.69,1956.69,0.0,SL Hit,1956.69,1,-33.84250000000225,5.0,-0.009999999999990905,1.259999999999991
2023-07-14 08:10:00,2023-07-14 08:15:00,Long,1957.02,1956.5249999999999,-0.49500000000011823,SL Hit,1956.5249999999999,1,-34.337500000002365,5.0,-0.8199999999999363,0.6600000000000819
2023-07-14 09:00:00,2023-07-14 09:35:00,Short,1956.075,1957.09,-2.0299999999997453,SL Hit,1957.09,2,-36.36750000000211,35.0,1.0349999999998545,-0.6449999999999818
2023-07-14 15:05:00,2023-07-14 15:15:00,Long,1958.46,1958.1299999999997,-0.330000000000382,SL Hit,1958.1299999999997,1,-36.69750000000249,10.0,-0.6600000000000819,1.509999999999991
2023-07-14 15:45:00,2023-07-14 16:00:00,Short,1958.52,1958.7399999999998,-0.2199999999997999,SL Hit,1958.7399999999998,1,-36.91750000000229,15.0,0.5799999999999272,-1.2200000000000273
2023-07-14 16:20:00,2023-07-14 18:05:00,Long,1958.7649999999999,1959.03,1.0600000000004002,SL Hit,1959.03,4,-35.85750000000189,105.0,-1.5449999999998454,1.7650000000001
2023-07-14 18:30:00,2023-07-14 18:35:00,Long,1960.77,1960.2475,-0.5225000000000364,SL Hit,1960.2475,1,-36.38000000000193,5.0,-0.8299999999999272,0.17000000000007276
2023-07-14 20:55:00,2023-07-16 22:00:00,Long,1955.9899999999998,1954.5,-4.469999999999345,SL Hit,1954.5,3,-40.85000000000127,2945.0,-1.5899999999996908,1.9100000000003092
2023-07-16 22:05:00,2023-07-16 23:45:00,Short,1953.5,1952.42,3.2399999999997817,SL Hit,1952.42,3,-37.61000000000149,100.0,1.3099999999999454,-2.2999999999999545
2023-07-17 01:50:00,2023-07-17 02:45:00,Short,1952.385,1952.6,-0.4299999999998363,SL Hit,1952.6,2,-38.04000000000133,55.0,0.974999999999909,-1.1849999999999454
2023-07-17 09:40:00,2023-07-17 10:55:00,Long,1956.77,1957.36,1.1799999999998363,SL Hit,1957.36,2,-36.86000000000149,75.0,-0.7699999999999818,2.8900000000001
2023-07-17 12:20:00,2023-07-17 14:05:00,Short,1954.39,1951.39,9.0,SL Hit,1951.39,3,-27.86000000000149,105.0,4.079999999999927,-8.460000000000036
2023-07-17 14:10:00,2023-07-17 15:05:00,Long,1951.9633333333334,1952.17,0.6200000000001182,SL Hit,1952.17,3,-27.240000000001373,55.0,-1.0033333333333303,2.1466666666665333
2023-07-17 15:50:00,2023-07-17 16:10:00,Long,1954.19,1954.025,-0.16499999999996362,SL Hit,1954.025,1,-27.405000000001337,20.0,-0.2999999999999545,0.9299999999998363
2023-07-17 19:40:00,2023-07-17 22:40:00,Short,1954.9475,1954.91,0.1499999999996362,SL Hit,1954.91,4,-27.2550000000017,180.0,0.5924999999999727,-1.3475000000000819
2023-07-18 00:15:00,2023-07-18 01:45:00,Long,1955.9333333333334,1955.32,-1.840000000000373,SL Hit,1955.32,3,-29.095000000002074,90.0,-1.2533333333333303,3.406666666666524
2023-07-18 02:15:00,2023-07-18 04:55:00,Long,1958.903333333333,1959.4,2.9800000000027467,SL Hit,1959.4,6,-26.114999999999327,160.0,-2.3033333333330575,2.066666666667061
2023-07-18 05:25:00,2023-07-18 05:30:00,Long,1960.64,1960.64,0.0,SL Hit,1960.64,1,-26.114999999999327,5.0,-0.03000000000020009,0.9799999999997908
2023-07-18 05:35:00,2023-07-18 05:40:00,Long,1960.43,1960.43,0.0,SL Hit,1960.43,1,-26.114999999999327,5.0,-0.12000000000011823,0.4299999999998363
2023-07-18 08:15:00,2023-07-18 08:25:00,Long,1961.74,1961.74,0.0,SL Hit,1961.74,1,-26.114999999999327,10.0,-0.8399999999999181,0.8299999999999272
2023-07-18 08:30:00,2023-07-18 08:45:00,Short,1961.54,1961.9800000000002,-0.44000000000028194,SL Hit,1961.9800000000002,1,-26.55499999999961,15.0,0.6600000000000819,-1.0399999999999636
2023-07-18 09:40:00,2023-07-18 09:45:00,Long,1962.45,1962.1199999999997,-0.330000000000382,SL Hit,1962.1199999999997,1,-26.88499999999999,5.0,-0.8500000000001364,0.43000000000006366
2023-07-18 10:05:00,2023-07-18 11:05:00,Long,1962.6966666666667,1962.1,-1.7900000000004184,SL Hit,1962.1,3,-28.67500000000041,60.0,-0.7266666666666879,1.433333333333394
2023-07-18 12:40:00,2023-07-18 13:15:00,Short,1963.2,1970.2949999999998,-7.0949999999998,SL Hit,1970.2949999999998,1,-35.77000000000021,35.0,8.740000000000009,-2.3199999999999363
2023-07-18 15:10:00,2023-07-18 15:15:00,Long,1982.34,1982.23,-0.10999999999989996,SL Hit,1982.23,1,-35.88000000000011,5.0,-0.6199999999998909,0.9700000000000273
2023-07-18 17:30:00,2023-07-18 18:15:00,Short,1976.57,1976.8725000000004,-0.30250000000046384,SL Hit,1976.8725000000004,1,-36.18250000000057,45.0,0.6800000000000637,-1.8699999999998909
2023-07-18 22:05:00,2023-07-18 22:25:00,Long,1978.4099999999999,1978.0,-0.819999999999709,SL Hit,1978.0,2,-37.00250000000028,20.0,-0.4099999999998545,0.49000000000023647
2023-07-18 22:35:00,2023-07-18 23:00:00,Long,1978.22,1977.9,-0.6399999999998727,SL Hit,1977.9,2,-37.642500000000155,25.0,-0.5199999999999818,0.7899999999999636
2023-07-19 00:00:00,2023-07-19 00:15:00,Short,1977.59,1977.59,0.0,SL Hit,1977.59,1,-37.642500000000155,15.0,-0.0,-1.1899999999998272
2023-07-19 00:30:00,2023-07-19 01:25:00,Long,1977.3,1976.5,-1.599999999999909,SL Hit,1976.5,2,-39.242500000000064,55.0,-0.8899999999998727,1.0800000000001546
2023-07-19 04:00:00,2023-07-19 05:10:00,Short,1974.915,1975.08,-0.32999999999992724,SL Hit,1975.08,2,-39.57249999999999,70.0,1.0750000000000455,-1.2149999999999181
2023-07-19 07:20:00,2023-07-19 07:30:00,Long,1979.86,1979.2825000000005,-0.5774999999994179,SL Hit,1979.2825000000005,1,-40.14999999999941,10.0,-1.2299999999997908,0.9300000000000637
2023-07-19 10:10:00,2023-07-19 10:20:00,Short,1977.69,1977.69,0.0,SL Hit,1977.69,1,-40.14999999999941,10.0,0.30999999999994543,-1.6600000000000819
2023-07-19 13:15:00,2023-07-19 13:30:00,Short,1977.0149999999999,1978.14,-2.2500000000004547,SL Hit,1978.14,2,-42.399999999999864,15.0,1.2850000000000819,-1.3849999999997635
2023-07-19 13:50:00,2023-07-19 14:00:00,Long,1977.24,1976.8,-0.8800000000001091,SL Hit,1976.8,2,-43.27999999999997,10.0,-1.2999999999999545,2.4400000000000546
2023-07-19 14:05:00,2023-07-19 15:10:00,Short,1975.4,1975.37,0.06000000000040018,SL Hit,1975.37,2,-43.21999999999957,65.0,2.3799999999998818,-5.300000000000182
2023-07-19 16:05:00,2023-07-19 16:25:00,Short,1973.97,1974.3824999999997,-0.4124999999996817,SL Hit,1974.3824999999997,1,-43.632499999999254,20.0,0.5599999999999454,-1.7999999999999545
2023-07-19 19:55:00,2023-07-19 20:10:00,Long,1978.0700000000002,1977.3,-1.5400000000004184,SL Hit,1977.3,2,-45.17249999999967,15.0,-0.9100000000000819,0.35999999999989996
2023-07-19 20:20:00,2023-07-19 22:00:00,Short,1977.5,1977.5,0.0,SL Hit,1977.5,1,-45.17249999999967,100.0,0.6600000000000819,-1.6600000000000819
2023-07-19 22:50:00,2023-07-19 22:55:00,Short,1977.27,1977.27,0.0,SL Hit,1977.27,1,-45.17249999999967,5.0,0.16000000000008185,-0.25
2023-07-20 00:05:00,2023-07-20 00:40:00,Long,1978.1366666666665,1977.6,-1.6099999999999,SL Hit,1977.6,3,-46.78249999999957,35.0,-0.6366666666665424,0.9733333333333576
2023-07-20 01:00:00,2023-07-20 01:10:00,Long,1979.24,1978.8549999999998,-0.3850000000002183,SL Hit,1978.8549999999998,1,-47.16749999999979,10.0,-0.9400000000000546,0.8799999999998818
2023-07-20 03:15:00,2023-07-20 03:40:00,Long,1986.505,1985.26,-2.4900000000002365,SL Hit,1985.26,2,-49.65750000000003,25.0,-1.8050000000000637,0.8149999999998272
2023-07-20 03:55:00,2023-07-20 06:25:00,Short,1983.6860000000001,1981.91,8.880000000000337,SL Hit,1981.91,5,-40.77749999999969,150.0,1.9639999999999418,-4.546000000000049
2023-07-20 07:10:00,2023-07-20 07:20:00,Long,1982.05,1980.8950000000004,-1.154999999999518,SL Hit,1980.8950000000004,1,-41.93249999999921,10.0,-2.349999999999909,0.3400000000001455
2023-07-20 07:25:00,2023-07-20 07:35:00,Short,1981.05,1981.05,0.0,SL Hit,1981.05,1,-41.93249999999921,10.0,-0.0,-1.759999999999991
2023-07-20 11:10:00,2023-07-20 11:25:00,Short,1980.89,1981.8,-1.819999999999709,SL Hit,1981.8,2,-43.75249999999892,15.0,1.0199999999999818,-1.5900000000001455
2023-07-20 11:30:00,2023-07-20 12:00:00,Long,1981.38,1980.3349999999998,-1.0450000000003001,SL Hit,1980.3349999999998,1,-44.79749999999922,30.0,-1.050000000000182,0.8399999999999181
2023-07-20 16:15:00,2023-07-20 16:30:00,Short,1966.95,1967.6100000000001,-0.6600000000000819,SL Hit,1967.6100000000001,1,-45.4574999999993,15.0,0.8799999999998818,-1.5199999999999818
2023-07-20 18:50:00,2023-07-20 18:55:00,Long,1969.1,1969.1,0.0,Bearish Trade Reversal,1969.1,1,-45.4574999999993,5.0,0.0,1.3300000000001546
2023-07-20 18:55:00,2023-07-20 19:15:00,Short,1970.14,1970.4424999999999,-0.3024999999997817,SL Hit,1970.4424999999999,1,-45.75999999999908,20.0,0.75,-1.5900000000001455
2023-07-20 20:45:00,2023-07-21 01:10:00,Long,1971.4533333333331,1971.84,1.1600000000003092,SL Hit,1971.84,3,-44.59999999999877,265.0,-2.1933333333331575,1.856666666666797
2023-07-21 01:15:00,2023-07-21 01:30:00,Short,1972.17,1972.17,0.0,SL Hit,1972.17,1,-44.59999999999877,15.0,1.1199999999998909,-0.6400000000001
2023-07-21 01:40:00,2023-07-21 01:45:00,Long,1973.01,1972.4599999999998,-0.5500000000001819,SL Hit,1972.4599999999998,1,-45.149999999998954,5.0,-0.5899999999999181,0.17000000000007276
2023-07-21 02:15:00,2023-07-21 04:30:00,Short,1971.13,1970.85,0.8400000000006003,SL Hit,1970.85,3,-44.309999999998354,135.0,0.8599999999999,-1.5300000000002
2023-07-21 04:35:00,2023-07-21 04:45:00,Long,1970.32,1970.2375,-0.08249999999998181,SL Hit,1970.2375,1,-44.392499999998336,10.0,-1.3199999999999363,0.4500000000000455
2023-07-21 04:50:00,2023-07-21 05:05:00,Short,1970.07,1970.07,0.0,SL Hit,1970.07,1,-44.392499999998336,15.0,0.19000000000005457,-1.3699999999998909
2023-07-21 06:10:00,2023-07-21 07:30:00,Long,1969.97,1969.35,-1.8600000000003547,SL Hit,1969.35,3,-46.25249999999869,80.0,-1.7699999999999818,2.089999999999918
2023-07-21 13:00:00,2023-07-21 13:30:00,Short,1962.2633333333333,1962.93,-2.0000000000002274,SL Hit,1962.93,3,-48.25249999999892,30.0,1.4366666666667243,-3.4533333333333758
2023-07-21 13:40:00,2023-07-21 13:45:00,Long,1962.12,1961.5700000000004,-0.5499999999994998,SL Hit,1961.5700000000004,1,-48.80249999999842,5.0,-3.0299999999999727,0.8700000000001182
2023-07-21 15:10:00,2023-07-21 15:15:00,Short,1960.59,1960.9475000000002,-0.35750000000030013,SL Hit,1960.9475000000002,1,-49.15999999999872,5.0,1.0600000000001728,-1.1599999999998545
2023-07-21 17:45:00,2023-07-21 17:50:00,Short,1963.3,1963.3,0.0,SL Hit,1963.3,1,-49.15999999999872,5.0,0.03999999999996362,-0.32999999999992724
2023-07-21 19:25:00,2023-07-21 19:30:00,Short,1962.13,1962.1575,-0.027499999999918145,SL Hit,1962.1575,1,-49.187499999998636,5.0,0.12999999999988177,-0.9300000000000637
2023-07-21 20:10:00,2023-07-21 20:20:00,Short,1961.59,1961.7825000000003,-0.1925000000003365,SL Hit,1961.7825000000003,1,-49.37999999999897,10.0,0.3500000000001364,-0.1799999999998363
2023-07-23 20:00:00,2023-07-23 22:40:00,Long,1961.555,1961.2,-0.7100000000000364,SL Hit,1961.2,2,-50.08999999999901,160.0,-0.4550000000001546,1.2049999999999272
2023-07-23 22:50:00,2023-07-23 23:05:00,Short,1961.77,1962.0449999999996,-0.2749999999996362,SL Hit,1962.0449999999996,1,-50.364999999998645,15.0,0.40000000000009095,-0.8699999999998909
2023-07-23 23:10:00,2023-07-24 00:05:00,Short,1961.6466666666665,1961.66,-0.04000000000064574,SL Hit,1961.66,3,-50.40499999999929,55.0,0.3433333333334758,-1.5466666666666242
2023-07-24 00:10:00,2023-07-24 00:25:00,Long,1961.04,1960.73,-0.6199999999998909,SL Hit,1960.73,2,-51.02499999999918,15.0,-0.6399999999998727,0.6300000000001091
2023-07-24 01:25:00,2023-07-24 02:15:00,Long,1960.3333333333333,1960.5,0.5000000000002274,SL Hit,1960.5,3,-50.524999999998954,50.0,-0.9933333333333394,1.966666666666697
2023-07-24 06:05:00,2023-07-24 06:25:00,Short,1960.16,1960.16,0.0,SL Hit,1960.16,1,-50.524999999998954,20.0,1.099999999999909,-2.160000000000082
2023-07-24 06:30:00,2023-07-24 08:00:00,Long,1962.0266666666666,1963.08,3.1599999999998545,SL Hit,1963.08,3,-47.3649999999991,90.0,-2.0166666666666515,3.2433333333333394
2023-07-24 08:05:00,2023-07-24 09:15:00,Short,1963.075,1963.66,-1.1700000000000728,SL Hit,1963.66,2,-48.53499999999917,70.0,1.2949999999998454,-3.644999999999982
2023-07-24 09:55:00,2023-07-24 10:25:00,Long,1965.4666666666665,1965.19,-0.8299999999992451,SL Hit,1965.19,3,-49.36499999999842,30.0,-1.1266666666665515,0.9433333333336122
2023-07-24 11:10:00,2023-07-24 11:50:00,Long,1966.48,1965.73,-1.5,SL Hit,1965.73,2,-50.86499999999842,40.0,-1.3399999999999181,1.2000000000000455
2023-07-24 14:25:00,2023-07-24 14:35:00,Short,1959.17,1959.885,-0.7149999999999181,SL Hit,1959.885,1,-51.579999999998336,10.0,1.3999999999998636,-1.400000000000091
2023-07-24 16:05:00,2023-07-24 16:20:00,Short,1959.61,1960.2975,-0.6875,Bullish Trade Reversal,1960.2975,1,-52.267499999998336,15.0,0.6100000000001273,-1.240000000000009
2023-07-24 16:20:00,2023-07-24 17:10:00,Long,1959.425,1959.1,-0.650000000000091,SL Hit,1959.1,2,-52.91749999999843,50.0,-0.4249999999999545,1.5950000000000273
2023-07-24 17:15:00,2023-07-24 19:55:00,Short,1957.6559999999997,1954.34,16.579999999999018,SL Hit,1954.34,5,-36.33749999999941,160.0,2.7440000000003693,-4.855999999999767
2023-07-24 23:20:00,2023-07-24 23:45:00,Short,1954.1,1954.3750000000002,-0.2750000000003183,SL Hit,1954.3750000000002,1,-36.61249999999973,25.0,0.3100000000001728,-0.9199999999998454
2023-07-25 02:50:00,2023-07-25 02:55:00,Long,1962.66,1962.66,0.0,SL Hit,1962.66,1,-36.61249999999973,5.0,-0.5199999999999818,0.599999999999909
2023-07-25 03:40:00,2023-07-25 05:35:00,Short,1961.3833333333332,1961.67,-0.8600000000005821,SL Hit,1961.67,3,-37.47250000000031,115.0,1.2666666666668789,-1.283333333333303
2023-07-25 06:30:00,2023-07-25 06:45:00,Long,1962.4499999999998,1962.15,-0.5999999999994543,SL Hit,1962.15,2,-38.07249999999976,15.0,-1.2499999999997726,1.0100000000002183
2023-07-25 08:40:00,2023-07-25 09:25:00,Long,1962.21,1962.14,-0.13999999999987267,SL Hit,1962.14,2,-38.212499999999636,45.0,-1.3199999999999363,1.1399999999998727
2023-07-25 10:25:00,2023-07-25 12:00:00,Short,1961.31,1961.475,-0.16499999999996362,SL Hit,1961.475,1,-38.3774999999996,95.0,1.8700000000001182,-8.019999999999982
2023-07-25 14:05:00,2023-07-25 14:50:00,Short,1958.8400000000001,1960.08,-3.719999999999345,SL Hit,1960.08,3,-42.097499999998945,45.0,1.6299999999998818,-3.0800000000001546
2023-07-25 16:45:00,2023-07-25 18:45:00,Short,1962.99,1963.75,-1.5199999999999818,SL Hit,1963.75,2,-43.61749999999893,120.0,0.8099999999999454,-1.7200000000000273
2023-07-25 19:10:00,2023-07-25 19:45:00,Long,1964.25,1963.4,-2.549999999999727,SL Hit,1963.4,3,-46.167499999998654,35.0,-1.0499999999999545,0.9100000000000819
2023-07-25 20:55:00,2023-07-25 21:00:00,Long,1964.59,1964.1500000000003,-0.4399999999995998,SL Hit,1964.1500000000003,1,-46.607499999998254,5.0,-0.4900000000000091,0.16000000000008185
2023-07-26 00:10:00,2023-07-26 04:00:00,Short,1964.2400000000002,1964.13,0.5500000000006366,SL Hit,1964.13,5,-46.05749999999762,230.0,1.4199999999998454,-2.2600000000002183
2023-07-26 06:50:00,2023-07-26 07:25:00,Long,1970.135,1968.77,-2.730000000000018,SL Hit,1968.77,2,-48.787499999997635,35.0,-1.7449999999998909,0.5950000000000273
2023-07-26 07:30:00,2023-07-26 07:45:00,Short,1968.71,1969.92,-1.2100000000000364,SL Hit,1969.92,1,-49.99749999999767,15.0,1.3399999999999181,-0.6100000000001273
2023-07-26 08:05:00,2023-07-26 09:10:00,Long,1971.243333333333,1971.35,0.3200000000003911,SL Hit,1971.35,3,-49.67749999999728,65.0,-1.1733333333331757,1.1266666666667788
2023-07-26 10:15:00,2023-07-26 10:50:00,Short,1971.18,1971.2075,-0.027499999999918145,SL Hit,1971.2075,1,-49.7049999999972,35.0,0.5199999999999818,-1.509999999999991
2023-07-26 13:00:00,2023-07-26 14:05:00,Short,1968.87,1967.05,3.6399999999998727,SL Hit,1967.05,2,-46.064999999997326,65.0,2.8200000000001637,-4.879999999999882
2023-07-26 16:20:00,2023-07-26 18:00:00,Short,1970.88,1970.33,1.1000000000003638,SL Hit,1970.33,2,-44.96499999999696,100.0,1.4299999999998363,-2.9700000000000273
2023-07-26 18:25:00,2023-07-26 18:30:00,Short,1968.36,1968.9375,-0.5775000000001,SL Hit,1968.9375,1,-45.54249999999706,5.0,0.5900000000001455,-1.5499999999999545
2023-07-26 20:25:00,2023-07-26 22:10:00,Short,1972.77,1973.265,-0.49500000000011823,SL Hit,1973.265,1,-46.03749999999718,105.0,0.599999999999909,-2.4700000000000273
2023-07-26 23:00:00,2023-07-26 23:10:00,Long,1973.57,1971.59,-1.9800000000000182,SL Hit,1971.59,1,-48.0174999999972,10.0,-2.0699999999999363,0.25
2023-07-27 00:10:00,2023-07-27 00:20:00,Long,1972.07,1971.7,-0.7399999999997817,SL Hit,1971.7,2,-48.75749999999698,10.0,-0.4800000000000182,0.2999999999999545
2023-07-27 00:30:00,2023-07-27 00:35:00,Short,1971.66,1971.66,0.0,SL Hit,1971.66,1,-48.75749999999698,5.0,0.31999999999993634,-1.1600000000000819
2023-07-27 01:00:00,2023-07-27 03:35:00,Long,1975.6666666666667,1978.35,8.0499999999995,SL Hit,1978.35,3,-40.70749999999748,155.0,-3.346666666666806,6.263333333333321
2023-07-27 03:40:00,2023-07-27 04:20:00,Short,1977.83,1978.08,-0.5,SL Hit,1978.08,2,-41.20749999999748,40.0,0.8400000000001455,-1.1299999999998818
2023-07-27 06:10:00,2023-07-27 06:20:00,Long,1975.47,1975.2500000000002,-0.2199999999997999,SL Hit,1975.2500000000002,1,-41.42749999999728,10.0,-1.2999999999999545,0.6900000000000546
2023-07-27 07:15:00,2023-07-27 08:35:00,Long,1978.27,1976.73,-1.5399999999999636,SL Hit,1976.73,1,-42.967499999997244,80.0,-2.349999999999909,3.5499999999999545
2023-07-27 08:55:00,2023-07-27 09:10:00,Short,1976.12,1976.8075,-0.6875,SL Hit,1976.8075,1,-43.654999999997244,15.0,0.8600000000001273,-1.2899999999999636
2023-07-27 09:45:00,2023-07-27 10:10:00,Short,1974.73,1975.76,-2.0599999999999454,SL Hit,1975.76,2,-45.71499999999719,25.0,1.1900000000000546,-1.0899999999999181
2023-07-27 11:40:00,2023-07-27 12:10:00,Long,1977.24,1976.21,-2.0599999999999454,SL Hit,1976.21,2,-47.774999999997135,30.0,-2.2000000000000455,1.8399999999999181
2023-07-27 12:20:00,2023-07-27 15:00:00,Short,1960.455,1946.02,28.86999999999989,SL Hit,1946.02,2,-18.904999999997244,160.0,16.185000000000173,-18.25499999999988
2023-07-27 15:10:00,2023-07-27 16:20:00,Long,1944.5349999999999,1943.99,-1.0899999999996908,SL Hit,1943.99,2,-19.994999999996935,70.0,-0.6149999999997817,2.5850000000000364
2023-07-27 18:20:00,2023-07-27 19:05:00,Short,1945.56,1945.63,-0.14000000000032742,SL Hit,1945.63,2,-20.134999999997262,45.0,0.3300000000001546,-1.5599999999999454
2023-07-27 19:15:00,2023-07-27 19:30:00,Long,1945.605,1945.18,-0.849999999999909,SL Hit,1945.18,2,-20.98499999999717,15.0,-0.5050000000001091,1.5550000000000637
2023-07-27 19:40:00,2023-07-27 20:55:00,Short,1944.975,1944.94,0.06999999999970896,SL Hit,1944.94,2,-20.914999999997463,75.0,0.4650000000001455,-2.074999999999818
2023-07-28 01:05:00,2023-07-28 01:10:00,Long,1947.71,1947.71,0.0,SL Hit,1947.71,1,-20.914999999997463,5.0,-0.5599999999999454,0.44000000000005457
2023-07-28 02:40:00,2023-07-28 05:30:00,Long,1952.4066666666668,1950.71,-5.0900000000001455,SL Hit,1950.71,3,-26.004999999997608,170.0,-1.9066666666667516,4.203333333333148
2023-07-28 05:45:00,2023-07-28 06:10:00,Long,1952.09,1951.4,-1.3799999999996544,SL Hit,1951.4,2,-27.384999999997262,25.0,-0.9800000000000182,1.3200000000001637
2023-07-28 07:05:00,2023-07-28 07:20:00,Long,1951.92,1950.71,-2.4200000000000728,SL Hit,1950.71,2,-29.804999999997335,15.0,-1.2200000000000273,1.1399999999998727
2023-07-28 07:25:00,2023-07-28 08:50:00,Short,1950.0349999999999,1949.91,0.24999999999954525,SL Hit,1949.91,2,-29.55499999999779,85.0,1.2150000000001455,-1.974999999999909
2023-07-28 12:45:00,2023-07-28 12:50:00,Short,1955.51,1955.51,0.0,SL Hit,1955.51,1,-29.55499999999779,5.0,2.5799999999999272,-1.0699999999999363
2023-07-28 14:05:00,2023-07-28 16:00:00,Long,1959.816,1960.4,2.9200000000003,SL Hit,1960.4,5,-26.63499999999749,115.0,-3.645999999999958,3.4039999999999964
2023-07-28 16:05:00,2023-07-28 16:20:00,Short,1961.9450000000002,1962.2,-0.5099999999997635,SL Hit,1962.2,2,-27.144999999997253,15.0,0.44499999999993634,-1.4450000000001637
2023-07-28 20:05:00,2023-07-28 20:30:00,Long,1958.83,1958.57,-0.5199999999999818,SL Hit,1958.57,2,-27.664999999997235,25.0,-0.9299999999998363,0.3400000000001455
2023-07-28 20:55:00,2023-07-30 22:15:00,Long,1958.8433333333332,1958.9,0.1700000000005275,SL Hit,1958.9,3,-27.494999999996708,2960.0,-0.14333333333320297,2.856666666666797
2023-07-30 22:30:00,2023-07-30 23:00:00,Long,1960.21,1957.9825,-2.2274999999999636,SL Hit,1957.9825,1,-29.72249999999667,30.0,-2.910000000000082,0.18000000000006366
2023-07-31 00:30:00,2023-07-31 00:55:00,Short,1957.75,1957.9699999999998,-0.2199999999997999,SL Hit,1957.9699999999998,1,-29.94249999999647,25.0,0.5899999999999181,-1.5499999999999545
2023-07-31 01:45:00,2023-07-31 02:05:00,Short,1956.56,1957.4125,-0.8524999999999636,SL Hit,1957.4125,1,-30.794999999996435,20.0,1.400000000000091,-0.30999999999994543
2023-07-31 07:00:00,2023-07-31 07:05:00,Short,1954.7,1955.1950000000002,-0.49500000000011823,SL Hit,1955.1950000000002,1,-31.289999999996553,5.0,0.5199999999999818,-1.0900000000001455
2023-07-31 08:30:00,2023-07-31 09:00:00,Short,1954.34,1954.6975000000002,-0.35750000000030013,SL Hit,1954.6975000000002,1,-31.647499999996853,30.0,0.4800000000000182,-1.5499999999999545
2023-07-31 10:10:00,2023-07-31 10:15:00,Long,1956.9,1956.5699999999997,-0.330000000000382,SL Hit,1956.5699999999997,1,-31.977499999997235,5.0,-0.40000000000009095,1.1799999999998363
2023-07-31 16:40:00,2023-07-31 16:45:00,Long,1971.64,1971.64,0.0,SL Hit,1971.64,1,-31.977499999997235,5.0,-0.41000000000008185,0.5899999999999181
2023-07-31 17:40:00,2023-07-31 22:00:00,Short,1966.5025,1965.67,3.3299999999999272,SL Hit,1965.67,4,-28.647499999997308,260.0,4.577499999999873,-2.302500000000009
2023-07-31 22:10:00,2023-07-31 22:20:00,Long,1965.41,1964.7775000000001,-0.6324999999999363,SL Hit,1964.7775000000001,1,-29.279999999997244,10.0,-0.650000000000091,0.2300000000000182
2023-08-01 00:10:00,2023-08-01 08:50:00,Short,1960.2563636363636,1956.94,36.479999999999336,SL Hit,1956.94,11,7.200000000002092,520.0,4.063636363636306,-5.956363636363676
2023-08-01 17:25:00,2023-08-01 17:45:00,Short,1942.06,1942.48,-0.8400000000001455,SL Hit,1942.48,2,6.360000000001946,20.0,0.5399999999999636,-0.7699999999999818
2023-08-01 20:05:00,2023-08-01 22:00:00,Short,1944.4433333333334,1944.51,-0.1999999999998181,SL Hit,1944.51,3,6.160000000002128,115.0,6.85666666666657,-1.2433333333333394
2023-08-01 22:55:00,2023-08-01 23:00:00,Short,1951.05,1951.05,0.0,SL Hit,1951.05,1,6.160000000002128,5.0,1.5599999999999454,-0.9800000000000182
2023-08-02 00:00:00,2023-08-02 01:25:00,Short,1950.125,1949.63,0.9899999999997817,SL Hit,1949.63,2,7.15000000000191,85.0,2.0950000000000273,-2.4249999999999545
2023-08-02 01:30:00,2023-08-02 01:35:00,Short,1949.36,1950.3225000000002,-0.9625000000003183,Bullish Trade Reversal,1950.3225000000002,1,6.187500000001592,5.0,0.36000000000012733,-0.6599999999998545
2023-08-02 01:35:00,2023-08-02 01:45:00,Long,1948.87,1948.7875,-0.08249999999998181,SL Hit,1948.7875,1,6.10500000000161,10.0,-0.4099999999998545,0.8500000000001364
2023-08-02 03:35:00,2023-08-02 04:05:00,Long,1948.28,1948.28,0.0,SL Hit,1948.28,1,6.10500000000161,30.0,-0.03999999999996362,1.1400000000001
2023-08-02 06:00:00,2023-08-02 06:10:00,Long,1948.69,1948.69,0.0,SL Hit,1948.69,1,6.10500000000161,10.0,-0.2899999999999636,1.5
2023-08-02 07:55:00,2023-08-02 08:00:00,Short,1948.86,1949.41,-0.5500000000001819,SL Hit,1949.41,1,5.555000000001428,5.0,1.0300000000002,-1.259999999999991
2023-08-02 14:05:00,2023-08-02 15:40:00,Short,1937.8833333333334,1935.2,8.050000000000182,SL Hit,1935.2,3,13.60500000000161,95.0,6.306666666666615,-4.443333333333385
2023-08-02 15:45:00,2023-08-02 16:45:00,Long,1934.9,1935.21,0.6199999999998909,SL Hit,1935.21,2,14.2250000000015,60.0,-0.5600000000001728,3.5
2023-08-02 20:30:00,2023-08-02 22:00:00,Short,1935.06,1935.1699999999998,-0.10999999999989996,SL Hit,1935.1699999999998,1,14.1150000000016,90.0,0.3500000000001364,-1.4600000000000364
2023-08-03 00:40:00,2023-08-03 01:10:00,Short,1936.0349999999999,1936.28,-0.49000000000023647,SL Hit,1936.28,2,13.625000000001364,30.0,0.3350000000000364,-1.5349999999998545
2023-08-03 01:20:00,2023-08-03 02:50:00,Long,1936.8233333333335,1936.1,-2.170000000000755,SL Hit,1936.1,3,11.45500000000061,90.0,-1.923333333333403,1.9666666666664696
2023-08-03 02:55:00,2023-08-03 03:50:00,Short,1936.4099999999999,1936.71,-0.6000000000003638,SL Hit,1936.71,2,10.855000000000246,55.0,0.6300000000001091,-2.339999999999918
2023-08-03 06:10:00,2023-08-03 06:40:00,Long,1934.605,1933.25,-2.7100000000000364,SL Hit,1933.25,2,8.14500000000021,30.0,-1.5050000000001091,0.5850000000000364
2023-08-03 06:45:00,2023-08-03 06:50:00,Short,1933.68,1933.7075,-0.027499999999918145,SL Hit,1933.7075,1,8.117500000000291,5.0,0.15999999999985448,-0.8800000000001091
2023-08-03 07:00:00,2023-08-03 07:20:00,Short,1933.45,1933.45,0.0,SL Hit,1933.45,1,8.117500000000291,20.0,0.5399999999999636,-2.4500000000000455
2023-08-03 08:55:00,2023-08-03 09:15:00,Long,1936.455,1936.02,-0.8699999999998909,SL Hit,1936.02,2,7.2475000000004,20.0,-0.45499999999992724,1.2350000000001273
2023-08-03 10:35:00,2023-08-03 11:10:00,Short,1935.15,1935.2875,-0.1374999999998181,SL Hit,1935.2875,1,7.110000000000582,35.0,0.35999999999989996,-2.310000000000173
2023-08-03 12:00:00,2023-08-03 12:30:00,Short,1934.88,1935.2099999999998,-0.32999999999969987,SL Hit,1935.2099999999998,1,6.780000000000882,30.0,0.5299999999999727,-5.130000000000109
2023-08-03 14:35:00,2023-08-03 14:45:00,Long,1936.29,1936.29,0.0,SL Hit,1936.29,1,6.780000000000882,10.0,-1.7899999999999636,1.3700000000001182
2023-08-03 22:15:00,2023-08-03 23:00:00,Long,1934.61,1934.4725,-0.1374999999998181,SL Hit,1934.4725,1,6.642500000001064,45.0,-0.5099999999999909,2.1900000000000546
2023-08-04 00:35:00,2023-08-04 02:05:00,Long,1935.9239999999998,1935.69,-1.1699999999984811,SL Hit,1935.69,5,5.472500000002583,90.0,-1.1239999999997963,2.0260000000002947
2023-08-04 02:10:00,2023-08-04 02:40:00,Short,1935.93,1936.0125,-0.08249999999998181,SL Hit,1936.0125,1,5.390000000002601,30.0,0.5399999999999636,-1.1200000000001182
2023-08-04 04:25:00,2023-08-04 05:40:00,Short,1933.7,1936.9174999999996,-3.217499999999518,Bullish Trade Reversal,1936.9174999999996,1,2.172500000003083,75.0,3.2100000000000364,-0.4700000000000273
2023-08-04 05:40:00,2023-08-04 06:00:00,Long,1936.725,1935.3,-2.849999999999909,SL Hit,1935.3,2,-0.6774999999968259,20.0,-1.7149999999999181,0.6349999999999909
2023-08-04 06:40:00,2023-08-04 06:45:00,Short,1933.13,1933.13,0.0,SL Hit,1933.13,1,-0.6774999999968259,5.0,0.15999999999985448,-0.42000000000007276
2023-08-04 14:45:00,2023-08-04 15:40:00,Short,1942.3,1942.3,0.0,SL Hit,1942.3,1,-0.6774999999968259,55.0,1.400000000000091,-4.680000000000064
2023-08-04 15:50:00,2023-08-04 15:55:00,Long,1943.45,1942.7075,-0.7425000000000637,SL Hit,1942.7075,1,-1.4199999999968895,5.0,-0.8800000000001091,0.2999999999999545
2023-08-04 17:10:00,2023-08-04 17:50:00,Short,1941.69,1942.0199999999998,-0.32999999999969987,SL Hit,1942.0199999999998,1,-1.7499999999965894,40.0,0.4099999999998545,-1.0700000000001637
2023-08-04 18:20:00,2023-08-04 18:55:00,Short,1940.62,1941.3075,-0.6875,SL Hit,1941.3075,1,-2.4374999999965894,35.0,0.7400000000000091,-1.2199999999998
2023-08-04 19:25:00,2023-08-04 19:30:00,Short,1941.49,1941.49,0.0,SL Hit,1941.49,1,-2.4374999999965894,5.0,0.32999999999992724,-0.8900000000001
2023-08-04 20:45:00,2023-08-07 01:10:00,Long,1943.2325,1942.9,-1.3299999999999272,SL Hit,1942.9,4,-3.7674999999965166,3145.0,-1.4325000000001182,1.5474999999999
2023-08-07 01:25:00,2023-08-07 03:10:00,Short,1941.82,1941.4,1.2599999999995362,SL Hit,1941.4,3,-2.5074999999969805,105.0,1.740000000000009,-2.019999999999982
2023-08-07 08:10:00,2023-08-07 08:40:00,Short,1935.8,1935.9649999999997,-0.16499999999973625,SL Hit,1935.9649999999997,1,-2.6724999999967167,30.0,0.2799999999999727,-1.3399999999999181
2023-08-07 11:30:00,2023-08-07 11:35:00,Short,1934.17,1934.3899999999999,-0.2199999999997999,SL Hit,1934.3899999999999,1,-2.8924999999965166,5.0,1.1199999999998909,-0.8700000000001182
2023-08-07 12:55:00,2023-08-07 13:45:00,Long,1936.82,1936.82,0.0,SL Hit,1936.82,1,-2.8924999999965166,50.0,-0.05999999999994543,4.630000000000109
2023-08-07 14:20:00,2023-08-07 14:25:00,Short,1935.96,1936.1525,-0.19249999999988177,SL Hit,1936.1525,1,-3.0849999999963984,5.0,0.35999999999989996,-0.9300000000000637
2023-08-07 14:30:00,2023-08-07 16:00:00,Short,1934.94,1933.54,5.600000000000364,SL Hit,1933.54,4,2.5150000000039654,90.0,1.7200000000000273,-3.009999999999991
2023-08-07 17:00:00,2023-08-07 17:15:00,Long,1934.27,1934.27,0.0,SL Hit,1934.27,1,2.5150000000039654,15.0,-0.03999999999996362,0.8800000000001091
2023-08-07 19:00:00,2023-08-07 19:15:00,Long,1937.02,1936.6900000000003,-0.32999999999969987,SL Hit,1936.6900000000003,1,2.1850000000042655,15.0,-0.5199999999999818,0.34999999999990905
2023-08-07 20:30:00,2023-08-07 20:40:00,Short,1935.8049999999998,1936.08,-0.5500000000001819,SL Hit,1936.08,2,1.6350000000040836,10.0,0.4450000000001637,-0.12499999999977263
2023-08-07 22:10:00,2023-08-07 22:30:00,Short,1936.37,1936.6450000000002,-0.2750000000003183,SL Hit,1936.6450000000002,1,1.3600000000037653,20.0,0.4500000000000455,-1.0699999999999363
2023-08-08 01:00:00,2023-08-08 02:55:00,Short,1935.0466666666669,1934.96,0.26000000000044565,SL Hit,1934.96,3,1.620000000004211,115.0,0.4133333333331848,-3.736666666666906
2023-08-08 03:30:00,2023-08-08 05:45:00,Short,1933.756666666667,1934.55,-2.3799999999991996,SL Hit,1934.55,3,-0.7599999999949887,135.0,0.9533333333331484,-1.756666666666888
2023-08-08 07:05:00,2023-08-08 07:15:00,Short,1933.1149999999998,1933.68,-1.1300000000005639,SL Hit,1933.68,2,-1.8899999999955526,10.0,0.9850000000001273,-0.40499999999974534
2023-08-08 07:30:00,2023-08-08 08:35:00,Short,1932.7,1932.81,-0.10999999999989996,SL Hit,1932.81,1,-1.9999999999954525,65.0,0.10999999999989996,-2.480000000000018
2023-08-08 11:45:00,2023-08-08 14:15:00,Short,1926.995,1927.37,-1.5,SL Hit,1927.37,4,-3.4999999999954525,150.0,2.9650000000001455,-4.184999999999945
2023-08-08 15:55:00,2023-08-08 16:15:00,Short,1926.08,1926.1074999999998,-0.027499999999918145,SL Hit,1926.1074999999998,1,-3.5274999999953707,20.0,0.25,-1.9800000000000182
2023-08-08 18:15:00,2023-08-08 18:20:00,Short,1925.09,1925.09,0.0,SL Hit,1925.09,1,-3.5274999999953707,5.0,0.14000000000010004,-0.5
2023-08-08 22:30:00,2023-08-08 23:00:00,Long,1924.45,1924.2,-0.5,SL Hit,1924.2,2,-4.027499999995371,30.0,-0.3500000000001364,1.0199999999999818
2023-08-08 23:20:00,2023-08-09 00:55:00,Long,1925.33,1925.0,-0.9899999999997817,SL Hit,1925.0,3,-5.017499999995152,95.0,-1.0299999999999727,1.1400000000001
2023-08-09 01:25:00,2023-08-09 02:00:00,Long,1927.2849999999999,1927.0,-0.569999999999709,SL Hit,1927.0,2,-5.587499999994861,35.0,-0.8949999999997544,1.5450000000000728
2023-08-09 04:15:00,2023-08-09 05:00:00,Short,1930.4399999999998,1930.76,-0.9600000000004911,SL Hit,1930.76,3,-6.5474999999953525,45.0,0.37000000000011823,-1.0399999999997362
2023-08-09 09:35:00,2023-08-09 11:40:00,Short,1926.305,1925.29,4.0600000000004,SL Hit,1925.29,4,-2.4874999999949523,125.0,1.5649999999998272,-2.855000000000018
2023-08-09 12:15:00,2023-08-09 12:20:00,Short,1923.54,1923.54,0.0,SL Hit,1923.54,1,-2.4874999999949523,5.0,0.8500000000001364,-1.3399999999999181
2023-08-09 12:25:00,2023-08-09 12:30:00,Short,1923.82,1924.315,-0.49500000000011823,SL Hit,1924.315,1,-2.9824999999950705,5.0,1.3500000000001364,-1.2200000000000273
2023-08-09 15:30:00,2023-08-09 15:40:00,Short,1917.12,1917.12,0.0,SL Hit,1917.12,1,-2.9824999999950705,10.0,0.08000000000015461,-1.2899999999999636
2023-08-09 17:45:00,2023-08-09 17:50:00,Short,1916.46,1916.4875,-0.027499999999918145,SL Hit,1916.4875,1,-3.0099999999949887,5.0,0.13999999999987267,-1.3600000000001273
2023-08-09 17:55:00,2023-08-09 19:00:00,Short,1916.1566666666668,1916.18,-0.06999999999993634,SL Hit,1916.18,3,-3.079999999994925,65.0,0.4833333333333485,-1.1566666666667516
2023-08-09 19:05:00,2023-08-09 19:10:00,Long,1916.0,1915.7525000000003,-0.24749999999971806,SL Hit,1915.7525000000003,1,-3.327499999994643,5.0,-0.25,0.13000000000010914
2023-08-09 19:55:00,2023-08-09 22:00:00,Short,1915.0166666666667,1914.74,0.8299999999999272,SL Hit,1914.74,3,-2.497499999994716,125.0,0.6233333333334485,-1.6166666666665606
2023-08-09 22:30:00,2023-08-09 22:40:00,Long,1915.82,1915.4900000000002,-0.32999999999969987,SL Hit,1915.4900000000002,1,-2.8274999999944157,10.0,-0.5199999999999818,0.5
2023-08-10 04:40:00,2023-08-10 05:20:00,Short,1917.42,1917.585,-0.16499999999996362,SL Hit,1917.585,1,-2.9924999999943793,40.0,0.3999999999998636,-1.4600000000000364
2023-08-10 05:55:00,2023-08-10 06:00:00,Long,1917.81,1917.81,0.0,SL Hit,1917.81,1,-2.9924999999943793,5.0,-0.30999999999994543,0.9700000000000273
2023-08-10 08:35:00,2023-08-10 11:10:00,Long,1920.236666666667,1921.69,8.71999999999889,SL Hit,1921.69,6,5.727500000004511,155.0,-1.406666666666979,2.3033333333330575
2023-08-10 11:15:00,2023-08-10 11:30:00,Long,1921.595,1920.91,-1.3699999999998909,SL Hit,1920.91,2,4.35750000000462,15.0,-0.7149999999999181,0.5249999999998636
2023-08-10 11:35:00,2023-08-10 11:45:00,Short,1921.61,1921.8025000000002,-0.1925000000003365,Bullish Trade Reversal,1921.8025000000002,1,4.165000000004284,10.0,0.2700000000002092,-0.8099999999999454
2023-08-10 11:45:00,2023-08-10 13:10:00,Long,1924.1675,1922.94,-4.9099999999998545,SL Hit,1922.94,4,-0.7449999999955708,85.0,-3.3675000000000637,5.352499999999964
2023-08-10 13:50:00,2023-08-10 14:05:00,Long,1921.7,1919.72,-1.9800000000000182,SL Hit,1919.72,1,-2.724999999995589,15.0,-2.880000000000109,1.3899999999998727
2023-08-10 15:10:00,2023-08-10 15:15:00,Short,1914.35,1915.0649999999998,-0.7149999999999181,SL Hit,1915.0649999999998,1,-3.439999999995507,5.0,1.300000000000182,-0.8399999999999181
2023-08-10 18:50:00,2023-08-10 19:00:00,Long,1914.41,1914.41,0.0,SL Hit,1914.41,1,-3.439999999995507,10.0,-0.040000000000190994,0.5799999999999272
2023-08-10 19:05:00,2023-08-10 19:35:00,Long,1913.885,1913.5,-0.7699999999999818,SL Hit,1913.5,2,-4.209999999995489,30.0,-1.0850000000000364,0.9149999999999636
2023-08-10 19:40:00,2023-08-11 00:15:00,Short,1912.8225,1912.66,0.6499999999996362,SL Hit,1912.66,4,-3.5599999999958527,275.0,0.8475000000000819,-1.9224999999999
2023-08-11 05:25:00,2023-08-11 07:15:00,Long,1915.4766666666667,1915.76,0.849999999999909,SL Hit,1915.76,3,-2.7099999999959437,110.0,-2.2766666666666424,2.013333333333321
2023-08-11 08:55:00,2023-08-11 09:25:00,Long,1918.67,1917.5,-2.3400000000001455,SL Hit,1917.5,2,-5.049999999996089,30.0,-1.6000000000001364,0.9900000000000091
2023-08-11 11:30:00,2023-08-11 12:30:00,Long,1918.8499999999997,1917.9,-2.849999999998772,SL Hit,1917.9,3,-7.899999999994861,60.0,-3.6999999999995907,1.9800000000002456
2023-08-11 14:05:00,2023-08-11 15:15:00,Long,1918.54,1916.92,-3.2399999999997817,SL Hit,1916.92,2,-11.139999999994643,70.0,-2.3099999999999454,1.2899999999999636
2023-08-11 15:25:00,2023-08-11 16:35:00,Short,1915.9299999999998,1915.02,1.819999999999709,SL Hit,1915.02,2,-9.319999999994934,70.0,1.1600000000000819,-3.3299999999999272
2023-08-11 16:40:00,2023-08-11 16:50:00,Long,1914.24,1914.13,-0.10999999999989996,SL Hit,1914.13,1,-9.429999999994834,10.0,-0.18000000000006366,0.32999999999992724
2023-08-11 17:10:00,2023-08-11 17:20:00,Long,1915.05,1914.6375000000003,-0.4124999999996817,SL Hit,1914.6375000000003,1,-9.842499999994516,10.0,-1.1499999999998636,0.20000000000004547
2023-08-11 19:00:00,2023-08-11 19:50:00,Short,1913.2466666666667,1913.46,-0.6400000000001,SL Hit,1913.46,3,-10.482499999994616,50.0,0.2533333333333303,-1.1466666666667606
2023-08-11 19:55:00,2023-08-11 20:05:00,Long,1913.33,1913.33,0.0,SL Hit,1913.33,1,-10.482499999994616,10.0,-0.029999999999972715,0.5199999999999818
2023-08-11 20:50:00,2023-08-13 22:00:00,Long,1913.1,1913.1,0.0,SL Hit,1913.1,1,-10.482499999994616,2950.0,-0.2999999999999545,1.8500000000001364
2023-08-13 22:25:00,2023-08-13 22:40:00,Long,1914.0,1914.0,0.0,SL Hit,1914.0,1,-10.482499999994616,15.0,-0.900000000000091,0.8699999999998909
2023-08-14 00:15:00,2023-08-14 00:20:00,Short,1911.94,1911.94,0.0,SL Hit,1911.94,1,-10.482499999994616,5.0,-0.0,-0.4500000000000455
2023-08-14 00:55:00,2023-08-14 01:00:00,Short,1911.11,1911.8800000000006,-0.7700000000006639,SL Hit,1911.8800000000006,1,-11.25249999999528,5.0,0.8500000000001364,-0.5599999999999454
2023-08-14 06:05:00,2023-08-14 06:10:00,Short,1912.33,1912.5500000000004,-0.22000000000048203,SL Hit,1912.5500000000004,1,-11.472499999995762,5.0,0.36000000000012733,-0.5799999999999272
2023-08-14 06:25:00,2023-08-14 06:45:00,Long,1912.85,1912.1899999999998,-0.6600000000000819,SL Hit,1912.1899999999998,1,-12.132499999995844,20.0,-1.0199999999999818,0.42000000000007276
2023-08-14 08:20:00,2023-08-14 08:30:00,Long,1915.07,1915.07,0.0,SL Hit,1915.07,1,-12.132499999995844,10.0,-0.5899999999999181,0.8500000000001364
2023-08-14 09:15:00,2023-08-14 10:15:00,Short,1913.8249999999998,1914.04,-0.43000000000029104,SL Hit,1914.04,2,-12.562499999996135,60.0,0.48500000000012733,-2.224999999999909
2023-08-14 10:25:00,2023-08-14 11:05:00,Long,1914.3200000000002,1914.11,-0.4200000000005275,SL Hit,1914.11,2,-12.982499999996662,40.0,-0.45000000000027285,0.5899999999999181
2023-08-14 11:30:00,2023-08-14 11:40:00,Short,1913.68,1914.0099999999998,-0.32999999999969987,SL Hit,1914.0099999999998,1,-13.312499999996362,10.0,1.1199999999998909,-0.37000000000011823
2023-08-14 16:50:00,2023-08-14 17:15:00,Long,1912.3899999999999,1911.86,-1.0599999999999454,SL Hit,1911.86,2,-14.372499999996307,25.0,-0.9799999999997908,0.5800000000001546
2023-08-14 20:00:00,2023-08-14 20:10:00,Short,1907.44,1907.7424999999998,-0.3024999999997817,SL Hit,1907.7424999999998,1,-14.67499999999609,10.0,0.30999999999994543,-0.19000000000005457
2023-08-14 22:50:00,2023-08-14 22:55:00,Long,1907.53,1907.475,-0.055000000000063665,SL Hit,1907.475,1,-14.729999999996153,5.0,-0.8299999999999272,0.17000000000007276
2023-08-15 01:05:00,2023-08-15 01:20:00,Long,1906.05,1905.28,-0.7699999999999818,SL Hit,1905.28,1,-15.499999999996135,15.0,-1.0399999999999636,0.9600000000000364
2023-08-15 01:35:00,2023-08-15 01:40:00,Short,1904.52,1904.7399999999998,-0.2199999999997999,SL Hit,1904.7399999999998,1,-15.719999999995935,5.0,1.759999999999991,-1.0199999999999818
2023-08-15 04:50:00,2023-08-15 05:20:00,Short,1906.82,1907.0125000000003,-0.1925000000003365,SL Hit,1907.0125000000003,1,-15.912499999996271,30.0,0.5099999999999909,-0.9700000000000273
2023-08-15 05:30:00,2023-08-15 05:35:00,Long,1905.32,1905.32,0.0,SL Hit,1905.32,1,-15.912499999996271,5.0,-0.7400000000000091,0.7899999999999636
2023-08-15 06:45:00,2023-08-15 06:55:00,Short,1905.0,1905.0,0.0,SL Hit,1905.0,1,-15.912499999996271,10.0,0.07999999999992724,-1.0
2023-08-15 07:30:00,2023-08-15 09:45:00,Short,1904.25,1904.79,-2.699999999999818,SL Hit,1904.79,5,-18.61249999999609,135.0,0.9300000000000637,-1.4500000000000455
2023-08-15 12:25:00,2023-08-15 12:40:00,Short,1903.34,1903.34,0.0,SL Hit,1903.34,1,-18.61249999999609,15.0,0.8900000000001,-6.649999999999864
2023-08-15 12:55:00,2023-08-15 13:00:00,Long,1903.28,1902.2625000000003,-1.0174999999996999,SL Hit,1902.2625000000003,1,-19.62999999999579,5.0,-1.2699999999999818,1.6400000000001
2023-08-15 14:15:00,2023-08-15 16:00:00,Long,1906.1,1906.0,-0.1999999999998181,SL Hit,1906.0,2,-19.829999999995607,105.0,-1.9800000000000182,5.240000000000009
2023-08-15 18:50:00,2023-08-15 19:35:00,Short,1903.225,1903.2,0.04999999999972715,SL Hit,1903.2,2,-19.77999999999588,45.0,0.4550000000001546,-1.324999999999818
2023-08-15 19:45:00,2023-08-15 19:55:00,Long,1902.75,1901.2375000000002,-1.512499999999818,Bearish Trade Reversal,1901.2375000000002,1,-21.292499999995698,10.0,-0.5499999999999545,0.39000000000010004
2023-08-15 19:55:00,2023-08-15 23:55:00,Short,1901.89,1901.81,0.4800000000009277,SL Hit,1901.81,6,-20.81249999999477,240.0,1.4199999999998454,-1.6700000000000728
2023-08-16 01:50:00,2023-08-16 01:55:00,Long,1903.03,1902.755,-0.2749999999998636,SL Hit,1902.755,1,-21.087499999994634,5.0,-0.5099999999999909,0.9400000000000546
2023-08-16 03:35:00,2023-08-16 03:50:00,Long,1904.075,1903.94,-0.2699999999999818,SL Hit,1903.94,2,-21.357499999994616,15.0,-0.6749999999999545,0.3450000000000273
2023-08-16 03:55:00,2023-08-16 05:00:00,Short,1904.09,1904.46,-0.7400000000002365,SL Hit,1904.46,2,-22.097499999994852,65.0,0.38000000000010914,-1.25
2023-08-16 06:05:00,2023-08-16 06:50:00,Long,1905.5900000000001,1905.4,-0.38000000000010914,SL Hit,1905.4,2,-22.47749999999496,45.0,-0.7800000000002001,0.8299999999999272
2023-08-16 07:05:00,2023-08-16 08:30:00,Short,1904.82,1904.94,-0.3600000000003547,SL Hit,1904.94,3,-22.837499999995316,85.0,0.7100000000000364,-1.9399999999998272
2023-08-16 09:00:00,2023-08-16 09:50:00,Long,1905.35,1905.13,-0.2199999999997999,SL Hit,1905.13,1,-23.057499999995116,50.0,-0.34999999999990905,1.75
2023-08-16 10:55:00,2023-08-16 13:35:00,Short,1903.8250000000003,1903.97,-0.5799999999990177,SL Hit,1903.97,4,-23.637499999994134,160.0,2.7649999999996453,-3.4850000000003547
2023-08-16 15:05:00,2023-08-16 18:20:00,Short,1900.845,1898.53,13.890000000000327,SL Hit,1898.53,6,-9.747499999993806,195.0,3.8450000000000273,-5.845000000000027
2023-08-16 18:55:00,2023-08-16 19:00:00,Short,1895.0,1895.2474999999997,-0.24749999999971806,SL Hit,1895.2474999999997,1,-9.994999999993524,5.0,0.32999999999992724,-0.4900000000000091
2023-08-17 00:45:00,2023-08-17 00:55:00,Short,1892.15,1892.15,0.0,SL Hit,1892.15,1,-9.994999999993524,10.0,0.5499999999999545,-1.009999999999991
2023-08-17 01:55:00,2023-08-17 03:50:00,Long,1892.878,1892.4,-2.3899999999991905,SL Hit,1892.4,5,-12.384999999992715,115.0,-1.27800000000002,0.9320000000000164
2023-08-17 05:35:00,2023-08-17 05:55:00,Short,1892.65,1893.2549999999997,-0.6049999999995634,SL Hit,1893.2549999999997,1,-12.989999999992278,20.0,0.6999999999998181,-1.150000000000091
2023-08-17 06:20:00,2023-08-17 07:25:00,Long,1895.175,1896.13,1.9100000000003092,SL Hit,1896.13,2,-11.07999999999197,65.0,-1.7749999999998636,2.144999999999982
2023-08-17 08:05:00,2023-08-17 08:15:00,Short,1895.95,1896.0874999999999,-0.1374999999998181,SL Hit,1896.0874999999999,1,-11.217499999991787,10.0,0.2400000000000091,-0.5699999999999363
2023-08-17 08:50:00,2023-08-17 09:45:00,Short,1894.54,1894.5,0.07999999999992724,SL Hit,1894.5,2,-11.13749999999186,55.0,0.8700000000001182,-0.8699999999998909
2023-08-17 11:30:00,2023-08-17 11:40:00,Long,1898.22,1898.1100000000001,-0.10999999999989996,SL Hit,1898.1100000000001,1,-11.24749999999176,10.0,-0.900000000000091,1.1800000000000637
2023-08-17 14:20:00,2023-08-17 14:45:00,Short,1895.97,1895.97,0.0,SL Hit,1895.97,1,-11.24749999999176,25.0,0.22000000000002728,-2.769999999999982
2023-08-17 15:25:00,2023-08-17 16:20:00,Short,1891.7733333333333,1890.64,3.399999999999636,SL Hit,1890.64,3,-7.847499999992124,55.0,2.1866666666667243,-2.9733333333333576
2023-08-17 17:05:00,2023-08-17 18:55:00,Short,1886.5075,1886.6,-0.36999999999989086,SL Hit,1886.6,4,-8.217499999992015,110.0,1.2425000000000637,-1.8074999999998909
2023-08-17 23:00:00,2023-08-17 23:05:00,Long,1889.94,1889.28,-0.6600000000000819,SL Hit,1889.28,1,-8.877499999992096,5.0,-0.9400000000000546,0.6499999999998636
2023-08-18 00:20:00,2023-08-18 00:30:00,Long,1891.51,1891.3725000000002,-0.1374999999998181,SL Hit,1891.3725000000002,1,-9.014999999991915,10.0,-0.8099999999999454,0.22000000000002728
2023-08-18 02:05:00,2023-08-18 02:10:00,Short,1893.66,1893.9624999999999,-0.3024999999997817,SL Hit,1893.9624999999999,1,-9.317499999991696,5.0,0.9299999999998363,-0.3000000000001819
2023-08-18 03:00:00,2023-08-18 03:35:00,Short,1893.04,1893.4800000000002,-0.44000000000028194,SL Hit,1893.4800000000002,1,-9.757499999991978,35.0,0.5,-2.0399999999999636
2023-08-18 04:45:00,2023-08-18 04:55:00,Short,1892.06,1892.1425,-0.08249999999998181,SL Hit,1892.1425,1,-9.83999999999196,10.0,0.15000000000009095,-1.759999999999991
2023-08-18 05:50:00,2023-08-18 06:05:00,Long,1892.98,1892.4575,-0.5225000000000364,SL Hit,1892.4575,1,-10.362499999991996,15.0,-0.6900000000000546,1.0299999999999727
2023-08-18 07:10:00,2023-08-18 08:20:00,Long,1892.7366666666667,1892.52,-0.650000000000091,SL Hit,1892.52,3,-11.012499999992087,70.0,-0.8266666666665969,1.1633333333334122
2023-08-18 09:35:00,2023-08-18 09:40:00,Short,1891.95,1893.1325000000002,-1.1825000000001182,Bullish Trade Reversal,1893.1325000000002,1,-12.194999999992206,5.0,0.6499999999998636,-0.05999999999994543
2023-08-18 09:40:00,2023-08-18 10:55:00,Long,1893.3375,1894.24,3.6099999999996726,SL Hit,1894.24,4,-8.584999999992533,75.0,-1.4375,2.0924999999999727
2023-08-18 11:00:00,2023-08-18 11:30:00,Short,1894.23,1894.23,0.0,SL Hit,1894.23,1,-8.584999999992533,30.0,-0.0,-1.4300000000000637
2023-08-18 17:20:00,2023-08-18 19:45:00,Short,1888.15,1888.96,-3.2399999999997817,SL Hit,1888.96,4,-11.824999999992315,145.0,1.4800000000000182,-1.3500000000001364
2023-08-18 20:30:00,2023-08-22 08:20:00,Long,1893.2633333333333,1899.6,19.009999999999764,SL Hit,1899.6,3,7.185000000007449,5030.0,-4.9833333333333485,8.976666666666688
2023-08-22 16:40:00,2023-08-22 17:50:00,Short,1897.115,1897.94,-1.650000000000091,SL Hit,1897.94,2,5.535000000007358,70.0,0.8949999999999818,-0.9149999999999636
2023-08-22 18:00:00,2023-08-22 18:20:00,Long,1897.37,1896.9,-0.9399999999995998,SL Hit,1896.9,2,4.595000000007758,20.0,-0.959999999999809,0.3500000000001364
2023-08-22 20:20:00,2023-08-22 22:05:00,Short,1897.31,1897.7775000000001,-0.4675000000002001,SL Hit,1897.7775000000001,1,4.127500000007558,105.0,0.5399999999999636,-0.7100000000000364
2023-08-22 23:05:00,2023-08-22 23:10:00,Short,1897.84,1897.895,-0.055000000000063665,SL Hit,1897.895,1,4.072500000007494,5.0,0.15000000000009095,-0.8399999999999181
2023-08-22 23:30:00,2023-08-23 02:45:00,Long,1899.782,1900.9,5.590000000000828,SL Hit,1900.9,5,9.662500000008322,195.0,-2.3819999999998345,2.77800000000002
2023-08-23 02:50:00,2023-08-23 03:35:00,Short,1901.31,1901.31,0.0,SL Hit,1901.31,1,9.662500000008322,45.0,0.6000000000001364,-1.2100000000000364
2023-08-23 05:40:00,2023-08-23 05:50:00,Long,1902.79,1902.79,0.0,SL Hit,1902.79,1,9.662500000008322,10.0,-0.05999999999994543,1.0299999999999727
2023-08-23 07:10:00,2023-08-23 07:15:00,Short,1902.91,1903.2399999999998,-0.32999999999969987,SL Hit,1903.2399999999998,1,9.332500000008622,5.0,0.5199999999999818,-0.3300000000001546
2023-08-23 08:50:00,2023-08-23 09:25:00,Long,1904.0349999999999,1903.56,-0.9499999999998181,SL Hit,1903.56,2,8.382500000008804,35.0,-0.9249999999999545,1.0450000000000728
2023-08-23 10:40:00,2023-08-23 10:50:00,Short,1901.97,1902.85,-0.8799999999998818,SL Hit,1902.85,1,7.502500000008922,10.0,1.4800000000000182,-0.43000000000006366
2023-08-23 11:35:00,2023-08-23 11:50:00,Long,1903.92,1902.84,-2.1600000000003092,SL Hit,1902.84,2,5.342500000008613,15.0,-1.3200000000001637,0.5399999999999636
2023-08-23 11:55:00,2023-08-23 12:00:00,Short,1903.28,1903.885,-0.6050000000000182,SL Hit,1903.885,1,4.737500000008595,5.0,1.0699999999999363,-0.18000000000006366
2023-08-23 18:05:00,2023-08-23 22:05:00,Short,1916.925,1916.61,0.6300000000001091,SL Hit,1916.61,2,5.367500000008704,240.0,1.0750000000000455,-2.5650000000000546
2023-08-23 23:30:00,2023-08-24 01:10:00,Long,1917.7766666666666,1917.8,0.06999999999993634,SL Hit,1917.8,3,5.43750000000864,100.0,-1.2766666666666424,1.4033333333334213
2023-08-24 01:25:00,2023-08-24 01:30:00,Short,1918.0,1918.0,0.0,SL Hit,1918.0,1,5.43750000000864,5.0,0.5299999999999727,-0.5099999999999909
2023-08-24 02:45:00,2023-08-24 02:50:00,Long,1919.94,1919.94,0.0,SL Hit,1919.94,1,5.43750000000864,5.0,-0.09000000000014552,0.7999999999999545
2023-08-24 03:45:00,2023-08-24 04:05:00,Long,1920.9099999999999,1920.0,-1.819999999999709,SL Hit,1920.0,2,3.6175000000089312,20.0,-1.0099999999997635,0.3200000000001637
2023-08-24 05:55:00,2023-08-24 06:30:00,Long,1921.5749999999998,1920.56,-2.0299999999997453,SL Hit,1920.56,2,1.587500000009186,35.0,-1.6749999999997272,1.0150000000001
2023-08-24 06:55:00,2023-08-24 07:15:00,Long,1921.61,1920.6200000000001,-0.9899999999997817,SL Hit,1920.6200000000001,1,0.5975000000094042,20.0,-1.3799999999998818,0.40000000000009095
2023-08-24 07:55:00,2023-08-24 08:00:00,Short,1919.92,1921.1299999999997,-1.2099999999995816,SL Hit,1921.1299999999997,1,-0.6124999999901775,5.0,1.2999999999999545,-0.44000000000005457
2023-08-24 10:05:00,2023-08-24 13:45:00,Short,1916.1842857142856,1914.93,8.779999999998608,SL Hit,1914.93,7,8.167500000008431,220.0,4.465714285714512,-4.1442857142856155
2023-08-24 13:50:00,2023-08-24 15:15:00,Long,1918.4025,1920.6,8.789999999999964,SL Hit,1920.6,4,16.957500000008395,85.0,-3.3924999999999272,4.607500000000073
2023-08-24 16:25:00,2023-08-24 17:25:00,Short,1918.9599999999998,1918.23,2.1899999999993724,SL Hit,1918.23,3,19.147500000007767,60.0,0.7700000000002092,-2.2599999999997635
2023-08-24 18:50:00,2023-08-24 19:20:00,Short,1917.7,1917.7,0.0,SL Hit,1917.7,1,19.147500000007767,30.0,0.2400000000000091,-1.1000000000001364
2023-08-24 20:00:00,2023-08-24 22:05:00,Short,1916.9399999999998,1917.05,-0.330000000000382,SL Hit,1917.05,3,18.817500000007385,125.0,0.39000000000010004,-1.0399999999997362
2023-08-25 02:25:00,2023-08-25 04:50:00,Short,1914.9133333333332,1914.33,1.7499999999997726,SL Hit,1914.33,3,20.567500000007158,145.0,2.006666666666888,-2.013333333333094
2023-08-25 11:55:00,2023-08-25 12:30:00,Long,1917.17,1917.17,0.0,SL Hit,1917.17,1,20.567500000007158,35.0,-0.4700000000000273,2.980000000000018
2023-08-25 12:50:00,2023-08-25 13:55:00,Short,1915.3266666666666,1915.57,-0.7300000000000182,SL Hit,1915.57,3,19.83750000000714,65.0,2.1133333333334576,-2.5266666666666424
2023-08-25 14:00:00,2023-08-25 14:05:00,Long,1915.62,1903.7125,-11.9074999999998,Bearish Trade Reversal,1903.7125,1,7.93000000000734,5.0,-4.329999999999927,5.480000000000018
2023-08-25 14:05:00,2023-08-25 14:15:00,Short,1918.19,1921.1,-5.819999999999709,SL Hit,1921.1,2,2.1100000000076307,10.0,4.059999999999945,-2.3099999999999454
2023-08-25 14:30:00,2023-08-25 15:25:00,Short,1907.645,1906.98,1.3299999999999272,SL Hit,1906.98,2,3.440000000007558,55.0,4.434999999999945,-4.244999999999891
2023-08-25 15:30:00,2023-08-25 19:50:00,Long,1910.61375,1913.39,22.210000000000946,SL Hit,1913.39,8,25.650000000008504,260.0,-4.623749999999973,3.996249999999918
2023-08-25 20:25:00,2023-08-25 20:40:00,Short,1913.56,1914.0825,-0.5225000000000364,SL Hit,1914.0825,1,25.127500000008467,15.0,0.6100000000001273,-0.7599999999999909
2023-08-25 20:55:00,2023-08-27 23:55:00,Long,1914.81,1914.2,-1.2199999999998,SL Hit,1914.2,2,23.907500000008667,3060.0,-0.9700000000000273,1.1600000000000819
2023-08-28 01:20:00,2023-08-28 01:40:00,Long,1916.8449999999998,1915.68,-2.3299999999994725,SL Hit,1915.68,2,21.577500000009195,20.0,-1.4549999999996999,0.3750000000002274
2023-08-28 01:45:00,2023-08-28 02:15:00,Short,1915.83,1915.8849999999998,-0.05499999999983629,SL Hit,1915.8849999999998,1,21.52250000000936,30.0,0.11000000000012733,-0.6699999999998454
2023-08-28 04:55:00,2023-08-28 05:05:00,Short,1915.59,1915.7275000000004,-0.13750000000050022,SL Hit,1915.7275000000004,1,21.38500000000886,10.0,0.2799999999999727,-0.4499999999998181
2023-08-28 07:15:00,2023-08-28 09:05:00,Short,1914.97,1915.16,-0.7600000000002183,SL Hit,1915.16,4,20.62500000000864,110.0,0.9900000000000091,-1.8700000000001182
2023-08-28 12:05:00,2023-08-28 12:15:00,Long,1914.1,1914.1,0.0,SL Hit,1914.1,1,20.62500000000864,10.0,-0.6099999999999,1.1900000000000546
2023-08-28 12:25:00,2023-08-28 12:40:00,Short,1914.74,1915.58,-1.6799999999998363,SL Hit,1915.58,2,18.945000000008804,15.0,1.9500000000000455,-1.4200000000000728
2023-08-28 13:50:00,2023-08-28 15:00:00,Long,1917.54,1918.52,1.9600000000000364,SL Hit,1918.52,2,20.90500000000884,70.0,-1.0899999999999181,2.2000000000000455
2023-08-28 15:10:00,2023-08-28 15:15:00,Short,1918.63,1919.8399999999997,-1.2099999999995816,SL Hit,1919.8399999999997,1,19.69500000000926,5.0,1.6199999999998909,-0.9300000000000637
2023-08-28 18:10:00,2023-08-28 18:55:00,Short,1919.585,1919.77,-0.36999999999989086,SL Hit,1919.77,2,19.325000000009368,45.0,0.4049999999999727,-0.7850000000000819
2023-08-28 19:00:00,2023-08-28 19:55:00,Long,1920.0233333333333,1919.1,-2.770000000000209,SL Hit,1919.1,3,16.55500000000916,55.0,-1.2233333333333576,0.5066666666666606
2023-08-28 23:10:00,2023-08-28 23:35:00,Long,1920.9566666666667,1920.1,-2.570000000000391,SL Hit,1920.1,3,13.985000000008768,25.0,-0.856666666666797,0.43333333333339397
2023-08-29 00:10:00,2023-08-29 00:25:00,Long,1921.4850000000001,1920.4,-2.1700000000000728,SL Hit,1920.4,2,11.815000000008695,15.0,-1.2850000000000819,0.46499999999991815
2023-08-29 04:10:00,2023-08-29 05:40:00,Short,1924.7649999999999,1925.06,-0.5900000000001455,SL Hit,1925.06,2,11.22500000000855,90.0,0.5550000000000637,-1.6649999999999636
2023-08-29 08:50:00,2023-08-29 09:15:00,Long,1923.3633333333335,1922.77,-1.7800000000004275,SL Hit,1922.77,3,9.445000000008122,25.0,-1.1633333333334122,0.37666666666655146
2023-08-29 09:20:00,2023-08-29 09:25:00,Short,1922.8,1922.9649999999997,-0.16499999999973625,SL Hit,1922.9649999999997,1,9.280000000008386,5.0,0.19000000000005457,-0.25
2023-08-29 10:20:00,2023-08-29 12:50:00,Short,1919.7399999999998,1916.4,10.019999999999072,SL Hit,1916.4,3,19.300000000007458,150.0,3.130000000000109,-5.209999999999809
2023-08-29 13:40:00,2023-08-29 16:10:00,Long,1928.288,1936.25,39.809999999999945,SL Hit,1936.25,5,59.1100000000074,150.0,-10.188000000000102,9.261999999999944
2023-08-29 16:40:00,2023-08-29 16:45:00,Short,1934.63,1934.63,0.0,SL Hit,1934.63,1,59.1100000000074,5.0,0.4799999999997908,-0.290000000000191
2023-08-29 19:55:00,2023-08-29 20:30:00,Long,1937.53,1937.1,-0.8600000000001273,SL Hit,1937.1,2,58.250000000007276,35.0,-0.8299999999999272,0.4900000000000091
2023-08-29 20:35:00,2023-08-29 20:45:00,Short,1937.62,1937.62,0.0,SL Hit,1937.62,1,58.250000000007276,10.0,0.07000000000016371,-0.1999999999998181
2023-08-29 23:05:00,2023-08-29 23:15:00,Long,1936.98,1936.4,-1.1599999999998545,SL Hit,1936.4,2,57.09000000000742,10.0,-0.9800000000000182,0.21000000000003638
2023-08-29 23:40:00,2023-08-30 00:15:00,Short,1936.395,1936.52,-0.25,SL Hit,1936.52,2,56.84000000000742,35.0,0.1349999999999909,-0.9949999999998909
2023-08-30 03:10:00,2023-08-30 03:30:00,Short,1936.36,1936.6625000000004,-0.30250000000046384,SL Hit,1936.6625000000004,1,56.53750000000696,20.0,0.3200000000001637,-0.959999999999809
2023-08-30 10:00:00,2023-08-30 10:05:00,Long,1937.9,1937.8725000000002,-0.027499999999918145,SL Hit,1937.8725000000002,1,56.51000000000704,5.0,-0.3000000000001819,0.2799999999999727
2023-08-30 10:25:00,2023-08-30 10:40:00,Short,1936.8,1937.4325,-0.6324999999999363,SL Hit,1937.4325,1,55.8775000000071,15.0,0.7599999999999909,-0.7999999999999545
2023-08-30 11:20:00,2023-08-30 15:05:00,Long,1943.042857142857,1945.34,16.08000000000061,SL Hit,1945.34,7,71.95750000000771,225.0,-5.542857142856974,5.6571428571430715
2023-08-30 18:15:00,2023-08-30 22:00:00,Short,1943.3500000000001,1943.03,1.9200000000009823,SL Hit,1943.03,6,73.8775000000087,225.0,1.0199999999997544,-1.4500000000000455
2023-08-31 02:25:00,2023-08-31 02:35:00,Long,1946.2,1946.2,0.0,SL Hit,1946.2,1,73.8775000000087,10.0,-0.08000000000015461,1.1299999999998818
2023-08-31 05:20:00,2023-08-31 06:00:00,Short,1945.07,1945.35,-0.5599999999999454,SL Hit,1945.35,2,73.31750000000875,40.0,0.5099999999999909,-1.0699999999999363
2023-08-31 06:30:00,2023-08-31 07:00:00,Short,1944.4,1944.51,-0.10999999999989996,SL Hit,1944.51,1,73.20750000000885,30.0,0.6599999999998545,-1.1600000000000819
2023-08-31 09:50:00,2023-08-31 09:55:00,Long,1944.43,1944.43,0.0,SL Hit,1944.43,1,73.20750000000885,5.0,-0.009999999999990905,0.35999999999989996
2023-08-31 11:50:00,2023-08-31 12:35:00,Long,1944.89,1944.6149999999998,-0.2750000000003183,SL Hit,1944.6149999999998,1,72.93250000000853,45.0,-1.3800000000001091,2.689999999999827
2023-08-31 13:40:00,2023-08-31 14:00:00,Short,1943.315,1944.01,-1.3899999999998727,SL Hit,1944.01,2,71.54250000000866,20.0,1.3049999999998363,-2.1549999999999727
2023-08-31 14:40:00,2023-08-31 15:00:00,Short,1942.93,1942.9850000000001,-0.055000000000063665,SL Hit,1942.9850000000001,1,71.4875000000086,20.0,0.5199999999999818,-1.4100000000000819
2023-08-31 16:40:00,2023-08-31 16:45:00,Long,1942.02,1941.4975,-0.5225000000000364,SL Hit,1941.4975,1,70.96500000000856,5.0,-0.7000000000000455,0.09999999999990905
2023-08-31 17:55:00,2023-08-31 19:10:00,Long,1941.2266666666667,1940.8,-1.2800000000002,SL Hit,1940.8,3,69.68500000000836,75.0,-1.0166666666666515,0.8233333333332666
2023-08-31 19:15:00,2023-09-01 00:00:00,Short,1940.4566666666663,1940.08,2.2599999999979445,SL Hit,1940.08,6,71.9450000000063,285.0,0.9233333333338578,-2.0566666666661604
2023-09-01 00:45:00,2023-09-01 00:50:00,Short,1938.85,1939.0150000000003,-0.16500000000041837,SL Hit,1939.0150000000003,1,71.78000000000588,5.0,0.19000000000005457,-0.15999999999985448
2023-09-01 02:05:00,2023-09-01 04:35:00,Short,1940.6766666666665,1939.15,4.579999999999245,SL Hit,1939.15,3,76.36000000000513,150.0,1.8633333333334576,-3.176666666666506
2023-09-01 05:40:00,2023-09-01 05:45:00,Long,1940.1,1939.6050000000005,-0.4949999999994361,SL Hit,1939.6050000000005,1,75.8650000000057,5.0,-0.7999999999999545,0.4700000000000273
2023-09-01 06:15:00,2023-09-01 06:55:00,Short,1939.3866666666665,1939.78,-1.180000000000291,SL Hit,1939.78,3,74.6850000000054,40.0,0.9533333333333758,-1.2866666666666333
2023-09-01 12:30:00,2023-09-01 13:20:00,Long,1949.7833333333335,1947.29,-7.4800000000007,SL Hit,1947.29,3,67.2050000000047,50.0,-4.343333333333476,2.5066666666664332
2023-09-01 14:20:00,2023-09-01 14:55:00,Short,1938.93,1939.6725000000001,-0.7425000000000637,SL Hit,1939.6725000000001,1,66.46250000000464,35.0,1.1099999999999,-4.320000000000164
2023-09-01 19:40:00,2023-09-04 00:45:00,Short,1940.3066666666666,1940.13,0.529999999999518,SL Hit,1940.13,3,66.99250000000416,3185.0,1.3533333333334667,-1.3066666666666151
2023-09-04 01:30:00,2023-09-04 03:20:00,Long,1943.735,1944.8,2.130000000000109,SL Hit,1944.8,2,69.12250000000427,110.0,-2.334999999999809,2.2450000000001182
2023-09-04 06:45:00,2023-09-04 06:50:00,Short,1944.99,1944.99,0.0,SL Hit,1944.99,1,69.12250000000427,5.0,0.12999999999988177,-0.5499999999999545
2023-09-04 07:00:00,2023-09-04 07:55:00,Short,1944.2649999999999,1944.13,0.26999999999952706,SL Hit,1944.13,2,69.39250000000379,55.0,0.8250000000000455,-1.1449999999999818
2023-09-04 08:40:00,2023-09-04 09:00:00,Short,1943.59,1943.8100000000004,-0.22000000000048203,SL Hit,1943.8100000000004,1,69.17250000000331,20.0,0.37000000000011823,-1.6899999999998272
2023-09-04 11:30:00,2023-09-04 11:35:00,Short,1940.19,1940.7125,-0.5225000000000364,SL Hit,1940.7125,1,68.65000000000327,5.0,0.7200000000000273,-0.30999999999994543
2023-09-04 14:10:00,2023-09-04 14:30:00,Short,1937.62,1937.8400000000004,-0.22000000000048203,SL Hit,1937.8400000000004,1,68.43000000000279,20.0,0.9500000000000455,-0.8199999999999363
2023-09-04 15:00:00,2023-09-04 15:40:00,Long,1938.39,1937.8,-1.7700000000004366,SL Hit,1937.8,3,66.66000000000236,40.0,-1.0900000000001455,0.6199999999998909
2023-09-04 16:55:00,2023-09-04 17:25:00,Short,1938.165,1938.35,-0.36999999999989086,SL Hit,1938.35,2,66.29000000000246,30.0,0.20499999999992724,-0.8650000000000091
2023-09-04 22:10:00,2023-09-04 23:25:00,Long,1938.16,1936.6199999999997,-1.5400000000004184,Bearish Trade Reversal,1936.6199999999997,1,64.75000000000205,75.0,-1.1600000000000819,0.33999999999991815
2023-09-04 23:25:00,2023-09-05 01:20:00,Short,1937.6899999999998,1937.88,-0.5700000000008458,SL Hit,1937.88,3,64.1800000000012,115.0,0.5700000000001637,-1.3899999999998727
2023-09-05 06:10:00,2023-09-05 07:10:00,Short,1936.15,1938.0199999999995,-1.8699999999994361,SL Hit,1938.0199999999995,1,62.310000000001764,60.0,1.949999999999818,-1.050000000000182
2023-09-05 08:00:00,2023-09-05 10:40:00,Short,1933.39,1932.06,3.990000000000464,SL Hit,1932.06,3,66.30000000000223,160.0,2.1399999999998727,-3.3900000000001
2023-09-05 10:45:00,2023-09-05 11:05:00,Long,1931.71,1930.3,-2.8200000000001637,SL Hit,1930.3,2,63.480000000002065,20.0,-2.2100000000000364,0.22000000000002728
2023-09-05 12:00:00,2023-09-05 12:15:00,Long,1930.5,1930.1700000000003,-0.32999999999969987,SL Hit,1930.1700000000003,1,63.150000000002365,15.0,-0.7699999999999818,1.150000000000091
2023-09-05 12:45:00,2023-09-05 12:50:00,Short,1933.32,1933.32,0.0,SL Hit,1933.32,1,63.150000000002365,5.0,1.0199999999999818,-1.8899999999998727
2023-09-05 14:35:00,2023-09-05 14:45:00,Long,1926.57,1926.4050000000002,-0.16499999999973625,SL Hit,1926.4050000000002,1,62.98500000000263,10.0,-1.2000000000000455,0.9800000000000182
2023-09-05 17:15:00,2023-09-05 17:20:00,Short,1926.68,1926.7350000000001,-0.055000000000063665,SL Hit,1926.7350000000001,1,62.930000000002565,5.0,0.30999999999994543,-0.40000000000009095
2023-09-05 17:45:00,2023-09-05 17:50:00,Short,1926.45,1926.725,-0.2749999999998636,SL Hit,1926.725,1,62.6550000000027,5.0,0.2799999999999727,-0.13000000000010914
2023-09-06 00:30:00,2023-09-06 02:15:00,Short,1925.295,1925.29,0.020000000000436557,SL Hit,1925.29,4,62.67500000000314,105.0,1.134999999999991,-1.3949999999999818
2023-09-06 07:35:00,2023-09-06 08:50:00,Short,1923.855,1924.66,-1.6100000000001273,SL Hit,1924.66,2,61.06500000000301,75.0,0.8650000000000091,-1.1549999999999727
2023-09-06 09:00:00,2023-09-06 09:30:00,Long,1924.69,1922.7925,-1.8975000000000364,SL Hit,1922.7925,1,59.167500000002974,30.0,-1.990000000000009,0.34999999999990905
2023-09-06 11:00:00,2023-09-06 11:10:00,Short,1926.71,1926.71,0.0,SL Hit,1926.71,1,59.167500000002974,10.0,0.08999999999991815,-0.8400000000001455
2023-09-06 12:20:00,2023-09-06 13:50:00,Short,1926.08,1927.5099999999998,-1.4299999999998363,SL Hit,1927.5099999999998,1,57.73750000000314,90.0,2.1900000000000546,-4.939999999999827
2023-09-06 20:20:00,2023-09-06 20:25:00,Short,1916.8,1916.8,0.0,SL Hit,1916.8,1,57.73750000000314,5.0,-0.0,-0.2400000000000091
2023-09-06 23:30:00,2023-09-07 01:05:00,Short,1916.9099999999999,1916.99,-0.24000000000046384,SL Hit,1916.99,3,57.497500000002674,95.0,0.5800000000001546,-1.209999999999809
2023-09-07 02:10:00,2023-09-07 02:45:00,Long,1918.6533333333334,1918.27,-1.1500000000003183,SL Hit,1918.27,3,56.347500000002356,35.0,-0.933333333333394,0.5266666666666424
2023-09-07 07:40:00,2023-09-07 07:50:00,Short,1917.66,1918.1274999999996,-0.46749999999951797,SL Hit,1918.1274999999996,1,55.88000000000284,10.0,0.5199999999999818,-0.5900000000001455
2023-09-07 09:10:00,2023-09-07 09:15:00,Long,1918.79,1918.2675,-0.5225000000000364,SL Hit,1918.2675,1,55.3575000000028,5.0,-0.7899999999999636,0.6200000000001182
2023-09-07 12:30:00,2023-09-07 13:05:00,Short,1918.16,1927.0425,-8.882499999999936,Bullish Trade Reversal,1927.0425,1,46.475000000002865,35.0,5.199999999999818,-1.8800000000001091
2023-09-07 13:05:00,2023-09-07 13:20:00,Long,1922.29,1921.3000000000002,-0.9899999999997817,SL Hit,1921.3000000000002,1,45.48500000000308,15.0,-1.0399999999999636,1.0
2023-09-07 14:25:00,2023-09-07 14:35:00,Short,1918.68,1918.68,0.0,SL Hit,1918.68,1,45.48500000000308,10.0,0.2699999999999818,-1.7799999999999727
2023-09-07 17:05:00,2023-09-07 17:20:00,Short,1918.25,1918.25,0.0,SL Hit,1918.25,1,45.48500000000308,15.0,0.38000000000010914,-0.7799999999999727
2023-09-07 22:55:00,2023-09-07 23:05:00,Long,1919.46,1919.46,0.0,SL Hit,1919.46,1,45.48500000000308,10.0,-0.4600000000000364,0.7300000000000182
2023-09-08 02:05:00,2023-09-08 02:15:00,Long,1925.58,1925.58,0.0,SL Hit,1925.58,1,45.48500000000308,10.0,-1.0799999999999272,0.5900000000001455
2023-09-08 03:15:00,2023-09-08 06:00:00,Short,1925.7150000000001,1926.17,-0.9099999999998545,SL Hit,1926.17,2,44.57500000000323,165.0,0.49499999999989086,-2.1150000000002365
2023-09-08 06:45:00,2023-09-08 07:05:00,Short,1925.48,1925.645,-0.16499999999996362,SL Hit,1925.645,1,44.410000000003265,20.0,0.36999999999989086,-1.0799999999999272
2023-09-08 07:30:00,2023-09-08 08:55:00,Short,1924.3174999999999,1924.44,-0.4900000000006912,SL Hit,1924.44,4,43.920000000002574,85.0,0.9425000000001091,-1.7174999999999727
2023-09-08 09:05:00,2023-09-08 09:35:00,Long,1924.4866666666667,1924.52,0.09999999999990905,SL Hit,1924.52,3,44.02000000000248,30.0,-0.7866666666666333,1.2633333333333212
2023-09-08 10:35:00,2023-09-08 12:05:00,Short,1923.6233333333332,1923.66,-0.11000000000058208,SL Hit,1923.66,3,43.9100000000019,90.0,0.5766666666668243,-1.3233333333332666
2023-09-08 13:15:00,2023-09-08 13:20:00,Short,1920.52,1921.2075,-0.6875,SL Hit,1921.2075,1,43.2225000000019,5.0,0.8800000000001091,-0.22000000000002728
2023-09-08 14:45:00,2023-09-08 16:55:00,Short,1922.87,1919.59,6.559999999999945,SL Hit,1919.59,2,49.782500000001846,130.0,4.440000000000055,-5.349999999999909
2023-09-08 17:30:00,2023-09-08 18:45:00,Long,1918.795,1918.9,0.21000000000003638,SL Hit,1918.9,2,49.99250000000188,75.0,-0.6950000000001637,1.824999999999818
2023-09-10 22:05:00,2023-09-10 23:30:00,Short,1918.72,1918.88,-0.3200000000001637,SL Hit,1918.88,2,49.67250000000172,85.0,0.7300000000000182,-1.5199999999999818
2023-09-10 23:35:00,2023-09-10 23:55:00,Long,1918.97,1918.2,-1.5399999999999636,SL Hit,1918.2,2,48.132500000001755,20.0,-1.0699999999999363,0.5099999999999909
2023-09-11 00:35:00,2023-09-11 01:05:00,Long,1919.5033333333333,1919.1,-1.2100000000002638,SL Hit,1919.1,3,46.92250000000149,30.0,-0.4633333333333667,0.8366666666665878
2023-09-11 02:10:00,2023-09-11 02:15:00,Long,1923.12,1922.6525000000004,-0.46749999999951797,SL Hit,1922.6525000000004,1,46.455000000001974,5.0,-0.709999999999809,0.39000000000010004
2023-09-11 03:00:00,2023-09-11 03:25:00,Short,1922.57,1923.39,-1.6400000000003274,SL Hit,1923.39,2,44.815000000001646,25.0,0.8400000000001455,-0.4700000000000273
2023-09-11 03:30:00,2023-09-11 03:35:00,Long,1923.06,1922.3175,-0.7424999999998363,SL Hit,1922.3175,1,44.07250000000181,5.0,-0.7599999999999909,0.30999999999994543
2023-09-11 04:05:00,2023-09-11 05:50:00,Long,1924.4575,1926.68,8.890000000000327,SL Hit,1926.68,4,52.96250000000214,105.0,-2.057499999999891,3.4525000000001
2023-09-11 09:45:00,2023-09-11 10:45:00,Short,1925.755,1926.14,-0.7699999999999818,SL Hit,1926.14,2,52.192500000002156,60.0,0.625,-1.0550000000000637
2023-09-11 11:35:00,2023-09-11 11:40:00,Long,1925.75,1925.3924999999997,-0.35750000000030013,SL Hit,1925.3924999999997,1,51.835000000001855,5.0,-1.0399999999999636,0.41000000000008185
2023-09-11 12:20:00,2023-09-11 12:35:00,Long,1925.54,1923.9450000000002,-1.5949999999998,Bearish Trade Reversal,1923.9450000000002,1,50.240000000002055,15.0,-1.0799999999999272,0.7799999999999727
2023-09-11 12:35:00,2023-09-11 12:55:00,Short,1925.71,1926.92,-1.2100000000000364,SL Hit,1926.92,1,49.03000000000202,20.0,1.5899999999999181,-0.37000000000011823
2023-09-11 14:10:00,2023-09-11 14:15:00,Short,1925.5,1925.5,0.0,SL Hit,1925.5,1,49.03000000000202,5.0,1.0299999999999727,-1.1099999999999
2023-09-11 17:45:00,2023-09-11 19:20:00,Short,1922.48,1922.1,0.7600000000002183,SL Hit,1922.1,2,49.79000000000224,95.0,0.599999999999909,-1.0499999999999545
2023-09-11 23:30:00,2023-09-12 00:20:00,Short,1921.635,1922.07,-0.8699999999998909,SL Hit,1922.07,2,48.92000000000235,50.0,0.6449999999999818,-0.7349999999999
2023-09-12 02:50:00,2023-09-12 02:55:00,Long,1922.86,1922.86,0.0,SL Hit,1922.86,1,48.92000000000235,5.0,-0.8599999999999,0.25
2023-09-12 04:20:00,2023-09-12 08:05:00,Short,1920.7720000000002,1919.87,4.510000000001355,SL Hit,1919.87,5,53.4300000000037,225.0,2.2679999999998017,-2.5720000000001164
2023-09-12 09:25:00,2023-09-12 14:25:00,Short,1913.385,1910.61,16.650000000000546,SL Hit,1910.61,6,70.08000000000425,300.0,6.154999999999973,-5.5150000000001
2023-09-12 18:50:00,2023-09-12 19:00:00,Long,1913.05,1913.05,0.0,SL Hit,1913.05,1,70.08000000000425,10.0,-0.75,0.37000000000011823
2023-09-12 19:10:00,2023-09-12 19:50:00,Long,1912.9366666666667,1912.4,-1.6099999999999,SL Hit,1912.4,3,68.47000000000435,40.0,-0.6366666666667697,0.6033333333332394
2023-09-12 21:00:00,2023-09-12 22:00:00,Long,1913.29,1913.29,0.0,SL Hit,1913.29,1,68.47000000000435,60.0,-0.36999999999989086,0.049999999999954525
2023-09-13 00:00:00,2023-09-13 00:20:00,Long,1913.105,1912.83,-0.5500000000001819,SL Hit,1912.83,2,67.92000000000417,20.0,-0.44499999999993634,0.48499999999989996
2023-09-13 00:25:00,2023-09-13 00:30:00,Short,1912.84,1912.8674999999998,-0.027499999999918145,SL Hit,1912.8674999999998,1,67.89250000000425,5.0,0.41000000000008185,-0.12999999999988177
2023-09-13 00:40:00,2023-09-13 01:15:00,Short,1913.0,1913.27,-0.5399999999999636,SL Hit,1913.27,2,67.35250000000428,35.0,0.7200000000000273,-0.5899999999999181
2023-09-13 02:30:00,2023-09-13 03:40:00,Short,1909.355,1909.24,0.2300000000000182,SL Hit,1909.24,2,67.5825000000043,70.0,0.8849999999999909,-1.8550000000000182
2023-09-13 05:25:00,2023-09-13 05:30:00,Short,1910.85,1910.8774999999998,-0.027499999999918145,SL Hit,1910.8774999999998,1,67.55500000000438,5.0,1.6800000000000637,-0.6499999999998636
2023-09-13 06:00:00,2023-09-13 07:10:00,Short,1909.8466666666666,1910.27,-1.2700000000002092,SL Hit,1910.27,3,66.28500000000417,70.0,0.683333333333394,-1.6366666666665424
2023-09-13 09:50:00,2023-09-13 10:30:00,Short,1911.29,1911.57,-0.5599999999999454,SL Hit,1911.57,2,65.72500000000423,40.0,0.44000000000005457,-0.9900000000000091
2023-09-13 12:10:00,2023-09-13 12:25:00,Short,1911.38,1911.4075,-0.027499999999918145,SL Hit,1911.4075,1,65.69750000000431,15.0,0.7199999999997999,-1.6400000000001
2023-09-13 12:30:00,2023-09-13 12:45:00,Short,1907.645,1912.1,-8.909999999999854,SL Hit,1912.1,2,56.78750000000446,15.0,4.585000000000036,-1.2850000000000819
2023-09-13 19:00:00,2023-09-13 22:00:00,Short,1908.665,1908.84,-0.6999999999998181,SL Hit,1908.84,4,56.08750000000464,180.0,0.6449999999999818,-1.365000000000009
2023-09-14 01:55:00,2023-09-14 03:00:00,Short,1910.455,1910.34,0.2300000000000182,SL Hit,1910.34,2,56.31750000000466,65.0,0.8650000000000091,-1.5149999999998727
2023-09-14 04:25:00,2023-09-14 05:45:00,Long,1909.92,1908.95,-3.880000000000109,SL Hit,1908.95,4,52.43750000000455,80.0,-1.25,0.8399999999999181
2023-09-14 07:35:00,2023-09-14 08:30:00,Short,1906.295,1906.35,-0.10999999999967258,SL Hit,1906.35,2,52.327500000004875,55.0,0.47499999999990905,-1.1950000000001637
2023-09-14 09:45:00,2023-09-14 12:20:00,Long,1907.0300000000002,1907.17,0.5599999999994907,SL Hit,1907.17,4,52.887500000004366,155.0,-1.5300000000002,2.7699999999997544
2023-09-14 14:45:00,2023-09-14 15:40:00,Long,1906.88,1906.88,0.0,SL Hit,1906.88,1,52.887500000004366,55.0,-1.0300000000002,4.239999999999782
2023-09-14 17:40:00,2023-09-14 18:25:00,Short,1909.045,1909.41,-0.7300000000000182,SL Hit,1909.41,2,52.15750000000435,45.0,0.5749999999998181,-1.1449999999999818
2023-09-14 18:55:00,2023-09-14 19:00:00,Short,1908.35,1908.5700000000004,-0.22000000000048203,SL Hit,1908.5700000000004,1,51.937500000003865,5.0,0.2300000000000182,-0.1899999999998272
2023-09-14 22:00:00,2023-09-14 22:10:00,Short,1910.66,1910.77,-0.10999999999989996,SL Hit,1910.77,1,51.827500000003965,10.0,0.11999999999989086,-0.7599999999999909
2023-09-14 23:35:00,2023-09-15 00:00:00,Long,1910.0500000000002,1909.3,-1.5000000000004547,SL Hit,1909.3,2,50.32750000000351,25.0,-0.9500000000002728,0.7799999999997453
2023-09-15 00:15:00,2023-09-15 00:20:00,Long,1910.87,1910.87,0.0,SL Hit,1910.87,1,50.32750000000351,5.0,-1.0699999999999363,0.17000000000007276
2023-09-15 01:25:00,2023-09-15 03:05:00,Long,1914.1766666666665,1914.98,2.4100000000005366,SL Hit,1914.98,3,52.73750000000405,100.0,-2.936666666666497,1.723333333333585
2023-09-15 03:10:00,2023-09-15 03:20:00,Short,1915.02,1915.2124999999999,-0.19249999999988177,SL Hit,1915.2124999999999,1,52.545000000004165,10.0,0.6200000000001182,-1.0199999999999818
2023-09-15 07:00:00,2023-09-15 07:55:00,Short,1917.705,1917.94,-0.47000000000025466,SL Hit,1917.94,2,52.07500000000391,55.0,0.8250000000000455,-2.1849999999999454
2023-09-15 08:55:00,2023-09-15 09:55:00,Long,1918.0833333333333,1917.72,-1.0899999999996908,SL Hit,1917.72,3,50.98500000000422,60.0,-0.8833333333332121,1.0666666666668334
2023-09-15 10:00:00,2023-09-15 11:10:00,Short,1917.49,1918.2,-1.4200000000000728,SL Hit,1918.2,2,49.56500000000415,70.0,0.7799999999999727,-0.6900000000000546
2023-09-15 11:15:00,2023-09-15 11:20:00,Short,1918.27,1918.27,0.0,SL Hit,1918.27,1,49.56500000000415,5.0,0.37000000000011823,-0.6399999999998727
2023-09-15 15:15:00,2023-09-15 16:10:00,Short,1927.39,1927.74,-1.0499999999997272,SL Hit,1927.74,3,48.51500000000442,55.0,1.4099999999998545,-2.520000000000209
2023-09-15 16:20:00,2023-09-15 20:25:00,Short,1924.3575,1923.03,10.6200000000008,SL Hit,1923.03,8,59.13500000000522,245.0,3.2124999999998636,-2.6575000000000273
2023-09-17 23:15:00,2023-09-17 23:35:00,Short,1922.505,1923.16,-1.3099999999999454,SL Hit,1923.16,2,57.825000000005275,20.0,0.6849999999999454,-0.6050000000000182
2023-09-18 00:00:00,2023-09-18 01:35:00,Long,1923.935,1923.6,-1.3400000000001455,SL Hit,1923.6,4,56.48500000000513,95.0,-1.2349999999999,2.505000000000109
2023-09-18 01:40:00,2023-09-18 01:50:00,Short,1924.76,1925.2825000000003,-0.5225000000002638,SL Hit,1925.2825000000003,1,55.962500000004866,10.0,1.0199999999999818,-0.7400000000000091
2023-09-18 02:10:00,2023-09-18 04:00:00,Long,1926.9866666666667,1928.1,3.3399999999996908,SL Hit,1928.1,3,59.30250000000456,110.0,-1.4766666666666879,2.4633333333333667
2023-09-18 07:35:00,2023-09-18 09:35:00,Short,1926.875,1926.5,0.75,SL Hit,1926.5,2,60.05250000000456,120.0,1.2550000000001091,-2.275000000000091
2023-09-18 09:40:00,2023-09-18 10:35:00,Long,1926.3566666666666,1926.31,-0.13999999999987267,SL Hit,1926.31,3,59.912500000004684,55.0,-0.7666666666666515,1.1133333333334576
2023-09-18 10:50:00,2023-09-18 11:00:00,Short,1926.755,1927.19,-0.8699999999998909,SL Hit,1927.19,2,59.04250000000479,10.0,0.43499999999994543,-0.7550000000001091
2023-09-18 12:25:00,2023-09-18 12:30:00,Long,1926.53,1924.0825000000004,-2.447499999999536,Bearish Trade Reversal,1924.0825000000004,1,56.59500000000526,5.0,-0.8899999999998727,0.5399999999999636
2023-09-18 12:30:00,2023-09-18 13:15:00,Short,1926.81,1927.5249999999999,-0.7149999999999181,SL Hit,1927.5249999999999,1,55.88000000000534,45.0,1.1900000000000546,-3.1799999999998363
2023-09-18 15:35:00,2023-09-18 18:10:00,Long,1930.2900000000002,1931.4,5.5499999999995,SL Hit,1931.4,5,61.43000000000484,155.0,-3.450000000000273,3.049999999999727
2023-09-18 21:00:00,2023-09-18 22:00:00,Short,1933.42,1933.42,0.0,SL Hit,1933.42,1,61.43000000000484,60.0,0.11999999999989086,-0.12000000000011823
2023-09-19 05:00:00,2023-09-19 05:30:00,Short,1931.005,1931.44,-0.8699999999998909,SL Hit,1931.44,2,60.56000000000495,30.0,0.7149999999999181,-0.7050000000001546
2023-09-19 05:55:00,2023-09-19 06:20:00,Short,1930.94,1931.17,-0.4600000000000364,SL Hit,1931.17,2,60.10000000000491,25.0,0.31999999999993634,-0.8200000000001637
2023-09-19 06:50:00,2023-09-19 07:00:00,Short,1930.55,1930.7149999999997,-0.16499999999973625,SL Hit,1930.7149999999997,1,59.935000000005175,10.0,0.9600000000000364,-0.6599999999998545
2023-09-19 07:05:00,2023-09-19 08:25:00,Long,1932.54,1933.6,2.119999999999891,SL Hit,1933.6,2,62.055000000005066,80.0,-1.4300000000000637,2.1900000000000546
2023-09-19 09:00:00,2023-09-19 09:10:00,Short,1933.71,1934.1775000000002,-0.4675000000002001,SL Hit,1934.1775000000002,1,61.587500000004866,10.0,0.5,-0.09000000000014552
2023-09-19 10:25:00,2023-09-19 11:15:00,Long,1935.6333333333334,1935.23,-1.2100000000002638,SL Hit,1935.23,3,60.3775000000046,50.0,-0.933333333333394,1.076666666666597
2023-09-19 11:45:00,2023-09-19 11:55:00,Short,1935.12,1935.12,0.0,SL Hit,1935.12,1,60.3775000000046,10.0,0.09000000000014552,-0.4799999999997908
2023-09-19 12:45:00,2023-09-19 12:50:00,Short,1935.34,1935.34,0.0,SL Hit,1935.34,1,60.3775000000046,5.0,0.39000000000010004,-1.1499999999998636
2023-09-19 14:10:00,2023-09-19 14:30:00,Short,1933.16,1933.5449999999996,-0.38499999999953616,SL Hit,1933.5449999999996,1,59.992500000005066,20.0,0.3999999999998636,-2.660000000000082
2023-09-19 15:45:00,2023-09-19 15:55:00,Short,1932.81,1933.1125000000002,-0.30250000000023647,SL Hit,1933.1125000000002,1,59.69000000000483,10.0,0.42000000000007276,-0.5099999999999909
2023-09-19 17:55:00,2023-09-19 19:10:00,Short,1931.09,1931.585,-0.49500000000011823,SL Hit,1931.585,1,59.19500000000471,75.0,0.6200000000001182,-1.3299999999999272
2023-09-20 00:45:00,2023-09-20 02:10:00,Short,1930.3600000000001,1930.76,-0.7999999999997272,SL Hit,1930.76,2,58.395000000004984,85.0,0.5699999999999363,-2.660000000000082
2023-09-20 03:25:00,2023-09-20 03:35:00,Long,1931.025,1930.58,-0.8900000000003274,SL Hit,1930.58,2,57.50500000000466,10.0,-0.9250000000001819,0.334999999999809
2023-09-20 03:45:00,2023-09-20 05:05:00,Short,1930.59,1930.29,0.8999999999998636,SL Hit,1930.29,3,58.40500000000452,80.0,0.5700000000001637,-1.0899999999999181
2023-09-20 06:10:00,2023-09-20 06:50:00,Long,1931.345,1930.37,-1.9500000000002728,SL Hit,1930.37,2,56.45500000000425,40.0,-1.1050000000000182,0.8650000000000091
2023-09-20 14:35:00,2023-09-20 14:40:00,Short,1942.61,1943.2424999999998,-0.6324999999999363,SL Hit,1943.2424999999998,1,55.82250000000431,5.0,0.7700000000002092,-1.209999999999809
2023-09-20 16:50:00,2023-09-20 17:25:00,Long,1945.48,1946.0,1.0399999999999636,SL Hit,1946.0,2,56.862500000004275,35.0,-0.14000000000010004,1.8599999999999
2023-09-21 00:00:00,2023-09-21 00:05:00,Short,1929.42,1929.4475,-0.027499999999918145,SL Hit,1929.4475,1,56.83500000000436,5.0,0.09999999999990905,-0.7200000000000273
2023-09-21 02:35:00,2023-09-21 03:10:00,Short,1926.65,1927.5849999999998,-0.9349999999997181,SL Hit,1927.5849999999998,1,55.90000000000464,35.0,1.0899999999999181,-0.6000000000001364
2023-09-21 04:20:00,2023-09-21 05:00:00,Long,1927.73,1927.4,-0.6599999999998545,SL Hit,1927.4,2,55.240000000004784,40.0,-0.7200000000000273,0.7899999999999636
2023-09-21 05:35:00,2023-09-21 07:00:00,Long,1928.6533333333334,1927.8,-2.5600000000004,SL Hit,1927.8,3,52.680000000004384,85.0,-1.4133333333334122,1.6966666666664878
2023-09-21 07:10:00,2023-09-21 07:15:00,Short,1927.7,1927.8649999999998,-0.16499999999973625,SL Hit,1927.8649999999998,1,52.51500000000465,5.0,0.6399999999998727,-0.5599999999999454
2023-09-21 09:25:00,2023-09-21 09:35:00,Short,1922.79,1923.6699999999998,-0.8799999999998818,SL Hit,1923.6699999999998,1,51.635000000004766,10.0,1.009999999999991,-0.4900000000000091
2023-09-21 11:05:00,2023-09-21 13:00:00,Short,1919.8633333333335,1917.0,8.590000000000373,SL Hit,1917.0,3,60.22500000000514,115.0,4.086666666666588,-5.803333333333512
2023-09-21 13:15:00,2023-09-21 13:20:00,Short,1915.45,1915.45,0.0,SL Hit,1915.45,1,60.22500000000514,5.0,1.6199999999998909,-0.9500000000000455
2023-09-21 16:30:00,2023-09-21 19:05:00,Long,1919.3825,1919.62,0.9499999999998181,SL Hit,1919.62,4,61.17500000000496,155.0,-1.4624999999998636,1.8275000000001
2023-09-21 19:15:00,2023-09-21 19:35:00,Short,1920.705,1920.84,-0.2699999999999818,SL Hit,1920.84,2,60.905000000004975,20.0,0.24500000000011823,-0.3949999999999818
2023-09-21 22:25:00,2023-09-22 00:20:00,Long,1920.5825,1920.8,0.8699999999998909,SL Hit,1920.8,4,61.775000000004866,115.0,-1.2825000000000273,1.087500000000091
2023-09-22 01:35:00,2023-09-22 03:20:00,Long,1923.7033333333336,1923.42,-0.8500000000005912,SL Hit,1923.42,3,60.925000000004275,105.0,-1.7033333333336032,1.7066666666664787
2023-09-22 04:10:00,2023-09-22 04:40:00,Short,1923.87,1924.39,-1.0400000000004184,SL Hit,1924.39,2,59.885000000003856,30.0,0.7300000000000182,-0.5699999999999363
2023-09-22 04:50:00,2023-09-22 04:55:00,Long,1923.95,1921.8875,-2.0625,Bearish Trade Reversal,1921.8875,1,57.822500000003856,5.0,-0.75,0.43000000000006366
2023-09-22 04:55:00,2023-09-22 05:05:00,Short,1924.33,1924.3574999999998,-0.027499999999918145,SL Hit,1924.3574999999998,1,57.79500000000394,10.0,0.2599999999999909,-0.9299999999998363
2023-09-22 06:10:00,2023-09-22 06:15:00,Long,1925.05,1924.94,-0.10999999999989996,SL Hit,1924.94,1,57.68500000000404,5.0,-0.5199999999999818,0.5599999999999454
2023-09-22 08:30:00,2023-09-22 08:35:00,Short,1926.5,1926.5825,-0.08249999999998181,SL Hit,1926.5825,1,57.602500000004056,5.0,0.42000000000007276,-0.19000000000005457
2023-09-22 09:50:00,2023-09-22 10:25:00,Short,1925.84,1925.84,0.0,SL Hit,1925.84,1,57.602500000004056,35.0,0.11000000000012733,-1.740000000000009
2023-09-22 11:35:00,2023-09-22 12:05:00,Long,1926.08,1924.7324999999998,-1.3475000000000819,SL Hit,1924.7324999999998,1,56.255000000003974,30.0,-1.6699999999998454,0.6200000000001182
2023-09-22 13:00:00,2023-09-22 13:30:00,Long,1925.92,1925.6449999999998,-0.2750000000003183,SL Hit,1925.6449999999998,1,55.980000000003656,30.0,-0.38000000000010914,1.490000000000009
2023-09-22 14:35:00,2023-09-22 15:10:00,Long,1927.52,1926.64,-0.8799999999998818,SL Hit,1926.64,1,55.100000000003774,35.0,-1.1199999999998909,1.3299999999999272
2023-09-22 16:00:00,2023-09-22 16:20:00,Long,1927.815,1927.49,-0.650000000000091,SL Hit,1927.49,2,54.45000000000368,20.0,-0.5450000000000728,0.46499999999991815
2023-09-22 18:15:00,2023-09-22 19:45:00,Short,1924.926666666667,1925.14,-0.6399999999994179,SL Hit,1925.14,3,53.810000000004266,90.0,0.5933333333330211,-0.8266666666670517
2023-09-22 20:55:00,2023-09-24 22:20:00,Long,1925.45,1925.07,-0.7600000000002183,SL Hit,1925.07,2,53.05000000000405,2965.0,-0.5,2.3999999999998636
2023-09-25 01:10:00,2023-09-25 01:15:00,Short,1924.3,1924.5475000000004,-0.24750000000040018,SL Hit,1924.5475000000004,1,52.80250000000365,5.0,0.2999999999999545,-0.32999999999992724
2023-09-25 02:45:00,2023-09-25 03:20:00,Long,1923.35,1922.8550000000005,-0.4949999999994361,SL Hit,1922.8550000000005,1,52.30750000000421,35.0,-0.849999999999909,0.8400000000001455
2023-09-25 05:40:00,2023-09-25 06:35:00,Short,1921.76,1921.94,-0.36000000000012733,SL Hit,1921.94,2,51.947500000004084,55.0,0.8700000000001182,-1.259999999999991
2023-09-25 11:10:00,2023-09-25 11:20:00,Long,1924.655,1924.0,-1.3099999999999454,SL Hit,1924.0,2,50.63750000000414,10.0,-1.1549999999999727,0.20499999999992724
2023-09-25 11:25:00,2023-09-25 11:45:00,Short,1924.19,1924.6299999999997,-0.4399999999995998,SL Hit,1924.6299999999997,1,50.19750000000454,20.0,0.4800000000000182,-0.4500000000000455
2023-09-25 14:15:00,2023-09-25 15:30:00,Short,1919.0633333333335,1918.54,1.5700000000006185,SL Hit,1918.54,3,51.76750000000516,75.0,3.826666666666597,-3.953333333333603
2023-09-25 16:35:00,2023-09-25 16:45:00,Short,1916.105,1916.6,-0.9899999999997817,SL Hit,1916.6,2,50.777500000005375,10.0,0.49499999999989086,-0.9049999999999727
2023-09-25 17:10:00,2023-09-25 17:20:00,Long,1917.095,1915.7,-2.7899999999999636,SL Hit,1915.7,2,47.98750000000541,10.0,-1.6949999999999363,0.16499999999996362
2023-09-25 18:05:00,2023-09-25 18:25:00,Short,1916.165,1916.44,-0.5500000000001819,SL Hit,1916.44,2,47.43750000000523,20.0,0.9149999999999636,-0.30500000000006366
2023-09-25 18:40:00,2023-09-25 18:50:00,Short,1915.75,1915.75,0.0,SL Hit,1915.75,1,47.43750000000523,10.0,0.01999999999998181,-1.25
2023-09-25 19:55:00,2023-09-25 22:00:00,Short,1915.615,1915.81,-0.38999999999987267,SL Hit,1915.81,2,47.04750000000536,125.0,0.46499999999991815,-0.9149999999999636
2023-09-25 23:40:00,2023-09-25 23:45:00,Short,1916.39,1916.4175,-0.027499999999918145,SL Hit,1916.4175,1,47.02000000000544,5.0,0.1899999999998272,-0.8900000000001
2023-09-25 23:55:00,2023-09-26 00:10:00,Long,1915.4,1915.4,0.0,SL Hit,1915.4,2,47.02000000000544,15.0,-0.10000000000013642,0.9699999999997999
2023-09-26 00:15:00,2023-09-26 04:25:00,Short,1914.4685714285713,1913.78,4.819999999999254,SL Hit,1913.78,7,51.84000000000469,250.0,1.6514285714285961,-1.7385714285712766
2023-09-26 08:25:00,2023-09-26 08:30:00,Long,1915.21,1915.0175000000002,-0.19249999999988177,SL Hit,1915.0175000000002,1,51.64750000000481,5.0,-0.2400000000000091,0.2999999999999545
2023-09-26 09:15:00,2023-09-26 09:30:00,Short,1912.94,1912.94,0.0,SL Hit,1912.94,1,51.64750000000481,15.0,0.10999999999989996,-1.1400000000001
2023-09-26 13:15:00,2023-09-26 14:00:00,Short,1906.5,1907.15,-1.300000000000182,SL Hit,1907.15,2,50.34750000000463,45.0,2.5599999999999454,-1.8900000000001
2023-09-26 14:25:00,2023-09-26 14:40:00,Long,1907.93,1906.2249999999997,-1.705000000000382,SL Hit,1906.2249999999997,1,48.64250000000425,15.0,-2.130000000000109,0.5099999999999909
2023-09-26 18:20:00,2023-09-26 19:10:00,Short,1899.7699999999998,1900.06,-0.870000000000573,SL Hit,1900.06,3,47.772500000003674,50.0,1.0100000000002183,-1.069999999999709
2023-09-26 20:35:00,2023-09-26 20:40:00,Short,1900.44,1900.44,0.0,SL Hit,1900.44,1,47.772500000003674,5.0,-0.0,-1.0399999999999636
2023-09-26 20:45:00,2023-09-26 20:55:00,Short,1900.3,1900.5750000000003,-0.2750000000003183,SL Hit,1900.5750000000003,1,47.497500000003356,10.0,0.2899999999999636,-0.7999999999999545
2023-09-26 23:35:00,2023-09-26 23:40:00,Long,1901.29,1901.29,0.0,SL Hit,1901.29,1,47.497500000003356,5.0,-0.38999999999987267,0.5900000000001455
2023-09-27 00:40:00,2023-09-27 01:30:00,Short,1901.27,1901.6275000000003,-0.35750000000030013,SL Hit,1901.6275000000003,1,47.140000000003056,50.0,2.1900000000000546,-1.8699999999998909
2023-09-27 03:30:00,2023-09-27 06:05:00,Short,1898.1966666666667,1898.31,-0.33999999999969077,SL Hit,1898.31,3,46.800000000003365,155.0,2.273333333333312,-2.7966666666666242
2023-09-27 10:10:00,2023-09-27 10:20:00,Short,1895.15,1895.15,0.0,SL Hit,1895.15,1,46.800000000003365,10.0,0.4800000000000182,-0.5600000000001728
2023-09-27 11:10:00,2023-09-27 11:40:00,Short,1893.345,1893.96,-1.2300000000000182,SL Hit,1893.96,2,45.57000000000335,30.0,0.6749999999999545,-0.8849999999999909
2023-09-27 14:55:00,2023-09-27 18:30:00,Short,1878.5880000000002,1875.16,17.140000000000555,SL Hit,1875.16,5,62.7100000000039,215.0,6.771999999999707,-6.788000000000238
2023-09-27 22:10:00,2023-09-28 00:20:00,Long,1877.0575000000001,1876.1,-3.8300000000008367,SL Hit,1876.1,4,58.880000000003065,130.0,-1.7575000000001637,0.7124999999998636
2023-09-28 01:00:00,2023-09-28 02:30:00,Short,1875.36,1874.49,3.4799999999995634,SL Hit,1874.49,4,62.36000000000263,90.0,1.9400000000000546,-2.229999999999791
2023-09-28 02:35:00,2023-09-28 03:00:00,Long,1874.21,1874.21,0.0,SL Hit,1874.21,1,62.36000000000263,25.0,-0.41000000000008185,0.8299999999999272
2023-09-28 04:05:00,2023-09-28 04:30:00,Short,1874.4,1874.4275,-0.027499999999918145,SL Hit,1874.4275,1,62.33250000000271,25.0,0.029999999999972715,-1.1000000000001364
2023-09-28 05:10:00,2023-09-28 06:15:00,Long,1876.085,1875.93,-0.6199999999998909,SL Hit,1875.93,4,61.71250000000282,65.0,-1.525000000000091,1.3350000000000364
2023-09-28 11:20:00,2023-09-28 11:35:00,Long,1875.54,1875.0724999999998,-0.4675000000002001,SL Hit,1875.0724999999998,1,61.24500000000262,15.0,-0.8599999999999,0.5
2023-09-28 12:15:00,2023-09-28 12:20:00,Long,1876.71,1876.5725000000002,-0.1374999999998181,SL Hit,1876.5725000000002,1,61.1075000000028,5.0,-0.8500000000001364,1.0699999999999363
2023-09-28 12:35:00,2023-09-28 13:35:00,Short,1876.3933333333334,1876.41,-0.049999999999954525,SL Hit,1876.41,3,61.05750000000285,60.0,2.7066666666664787,-4.553333333333512
2023-09-28 13:55:00,2023-09-28 14:00:00,Short,1873.11,1873.715,-0.6050000000000182,SL Hit,1873.715,1,60.45250000000283,5.0,1.900000000000091,-0.4699999999997999
2023-09-28 16:35:00,2023-09-28 16:45:00,Long,1865.35,1864.0850000000005,-1.264999999999418,SL Hit,1864.0850000000005,1,59.18750000000341,10.0,-1.5899999999999181,0.3300000000001546
2023-09-28 18:50:00,2023-09-28 20:15:00,Long,1866.08,1866.4,1.6000000000008185,SL Hit,1866.4,5,60.78750000000423,85.0,-1.5299999999999727,1.1400000000001
2023-09-28 20:35:00,2023-09-28 22:05:00,Short,1865.39,1865.22,0.3400000000001455,SL Hit,1865.22,2,61.127500000004375,90.0,0.7400000000000091,-1.290000000000191
2023-09-28 22:45:00,2023-09-28 22:50:00,Short,1864.08,1864.2725000000005,-0.1925000000005639,SL Hit,1864.2725000000005,1,60.93500000000381,5.0,0.2300000000000182,-0.2999999999999545
2023-09-28 22:55:00,2023-09-28 23:05:00,Short,1864.36,1864.4975000000004,-0.13750000000050022,SL Hit,1864.4975000000004,1,60.79750000000331,10.0,0.3000000000001819,-1.3599999999999
2023-09-29 00:35:00,2023-09-29 02:00:00,Short,1866.23,1866.21,0.03999999999996362,SL Hit,1866.21,2,60.837500000003274,85.0,0.38999999999987267,-1.7200000000000273
2023-09-29 02:25:00,2023-09-29 02:30:00,Long,1865.39,1865.2249999999997,-0.16500000000041837,SL Hit,1865.2249999999997,1,60.672500000002856,5.0,-0.19000000000005457,0.8399999999999181
2023-09-29 02:35:00,2023-09-29 02:45:00,Long,1864.9,1864.9,0.0,SL Hit,1864.9,1,60.672500000002856,10.0,-0.009999999999990905,0.9199999999998454
2023-09-29 02:55:00,2023-09-29 04:25:00,Short,1864.455,1864.43,0.04999999999972715,SL Hit,1864.43,2,60.72250000000258,90.0,0.6950000000001637,-1.5950000000000273
2023-09-29 09:00:00,2023-09-29 09:30:00,Short,1871.3766666666668,1872.12,-2.229999999999336,SL Hit,1872.12,3,58.49250000000325,30.0,0.783333333333303,-0.4566666666667061
2023-09-29 09:35:00,2023-09-29 10:55:00,Long,1872.5033333333333,1872.46,-0.12999999999988177,SL Hit,1872.46,3,58.362500000003365,80.0,-0.7533333333333303,1.0166666666666515
2023-09-29 12:55:00,2023-09-29 13:45:00,Long,1873.14,1871.215,-1.925000000000182,SL Hit,1871.215,1,56.43750000000318,50.0,-1.9400000000000546,6.089999999999918
2023-09-29 16:35:00,2023-09-29 16:45:00,Long,1855.12,1854.6250000000005,-0.4949999999994361,SL Hit,1854.6250000000005,1,55.94250000000375,10.0,-1.349999999999909,1.050000000000182
2023-09-29 18:05:00,2023-10-01 19:00:00,Short,1850.07,1850.04,0.08999999999991815,SL Hit,1850.04,3,56.032500000003665,2935.0,0.5900000000001455,-4.169999999999845
2023-10-02 03:15:00,2023-10-02 03:25:00,Short,1843.98,1843.98,0.0,SL Hit,1843.98,1,56.032500000003665,10.0,0.05999999999994543,-0.7799999999999727
2023-10-02 04:05:00,2023-10-02 04:10:00,Short,1843.14,1843.6074999999996,-0.46749999999951797,SL Hit,1843.6074999999996,1,55.56500000000415,5.0,0.8199999999999363,-0.3100000000001728
2023-10-02 05:30:00,2023-10-02 06:20:00,Short,1841.8366666666668,1842.23,-1.179999999999609,SL Hit,1842.23,3,54.38500000000454,50.0,1.0133333333330938,-2.4666666666669244
2023-10-02 10:15:00,2023-10-02 10:30:00,Long,1834.45,1834.0099999999998,-0.44000000000028194,SL Hit,1834.0099999999998,1,53.945000000004256,15.0,-0.7400000000000091,1.5499999999999545
2023-10-02 10:35:00,2023-10-02 10:50:00,Long,1834.195,1833.71,-0.9699999999997999,SL Hit,1833.71,2,52.97500000000446,15.0,-0.5950000000000273,1.6950000000001637
2023-10-02 10:55:00,2023-10-02 11:00:00,Short,1834.21,1834.21,0.0,SL Hit,1834.21,1,52.97500000000446,5.0,-0.0,-1.3600000000001273
2023-10-02 11:30:00,2023-10-02 12:15:00,Long,1835.815,1836.65,1.6700000000000728,SL Hit,1836.65,2,54.64500000000453,45.0,-1.3150000000000546,2.2649999999998727
2023-10-02 12:25:00,2023-10-02 13:05:00,Short,1836.4899999999998,1836.77,-0.8400000000006003,SL Hit,1836.77,3,53.80500000000393,40.0,1.9200000000003001,-2.2199999999998
2023-10-02 14:10:00,2023-10-02 15:20:00,Short,1831.5,1832.53,-2.0599999999999454,SL Hit,1832.53,2,51.745000000003984,70.0,2.509999999999991,-4.2000000000000455
2023-10-02 20:15:00,2023-10-02 22:00:00,Short,1828.3400000000001,1828.16,0.36000000000012733,SL Hit,1828.16,2,52.10500000000411,105.0,0.7299999999997908,-1.4400000000000546
2023-10-02 22:40:00,2023-10-02 22:45:00,Short,1827.82,1827.875,-0.055000000000063665,SL Hit,1827.875,1,52.05000000000405,5.0,0.43000000000006366,-0.9199999999998454
2023-10-02 23:05:00,2023-10-03 03:35:00,Short,1822.2785714285712,1818.39,27.21999999999798,SL Hit,1818.39,7,79.27000000000203,270.0,4.641428571428833,-7.578571428571195
2023-10-03 04:55:00,2023-10-03 06:05:00,Short,1820.75,1821.1625000000004,-0.4125000000003638,SL Hit,1821.1625000000004,1,78.85750000000166,70.0,1.3099999999999454,-2.5699999999999363
2023-10-03 06:10:00,2023-10-03 06:20:00,Long,1821.77,1820.6424999999997,-1.127500000000282,SL Hit,1820.6424999999997,1,77.73000000000138,10.0,-1.4600000000000364,1.3900000000001
2023-10-03 06:25:00,2023-10-03 09:55:00,Long,1823.7940000000003,1825.77,9.87999999999829,SL Hit,1825.77,5,87.60999999999967,210.0,-3.11400000000026,5.13599999999974
2023-10-03 11:45:00,2023-10-03 11:50:00,Short,1825.93,1827.7724999999996,-1.842499999999518,Bullish Trade Reversal,1827.7724999999996,1,85.76750000000015,5.0,1.1799999999998363,-0.8300000000001546
2023-10-03 11:50:00,2023-10-03 11:55:00,Long,1825.73,1824.0524999999998,-1.6775000000002365,Bearish Trade Reversal,1824.0524999999998,1,84.08999999999992,5.0,-0.6100000000001273,1.3799999999998818
2023-10-03 11:55:00,2023-10-03 12:10:00,Short,1826.42,1827.11,-1.3799999999996544,SL Hit,1827.11,2,82.71000000000026,15.0,0.9399999999998272,-1.3200000000001637
2023-10-03 12:15:00,2023-10-03 12:20:00,Long,1826.98,1826.9250000000002,-0.05499999999983629,SL Hit,1826.9250000000002,1,82.65500000000043,5.0,-0.4700000000000273,2.4400000000000546
2023-10-03 12:50:00,2023-10-03 13:35:00,Short,1825.3700000000001,1826.61,-3.719999999999345,SL Hit,1826.61,3,78.93500000000108,45.0,1.349999999999909,-1.7200000000000273
2023-10-03 14:40:00,2023-10-03 14:50:00,Long,1830.08,1827.9625,-2.1174999999998363,SL Hit,1827.9625,1,76.81750000000125,10.0,-4.919999999999845,1.6400000000001
2023-10-03 22:05:00,2023-10-03 22:10:00,Short,1823.71,1823.7375,-0.027499999999918145,SL Hit,1823.7375,1,76.79000000000133,5.0,0.10999999999989996,-0.8099999999999454
2023-10-04 02:30:00,2023-10-04 02:55:00,Short,1821.57,1821.57,0.0,SL Hit,1821.57,1,76.79000000000133,25.0,0.03999999999996362,-2.269999999999982
2023-10-04 12:05:00,2023-10-04 12:10:00,Short,1824.67,1824.9174999999998,-0.24749999999971806,SL Hit,1824.9174999999998,1,76.54250000000161,5.0,0.9199999999998454,-1.2699999999999818
2023-10-04 14:55:00,2023-10-04 15:00:00,Short,1818.78,1818.9724999999999,-0.19249999999988177,SL Hit,1818.9724999999999,1,76.35000000000173,5.0,2.4200000000000728,-0.9700000000000273
2023-10-04 16:35:00,2023-10-04 16:40:00,Short,1822.44,1822.44,0.0,SL Hit,1822.44,1,76.35000000000173,5.0,0.31999999999993634,-1.0599999999999454
2023-10-04 22:40:00,2023-10-04 23:05:00,Short,1821.94,1822.4349999999995,-0.4949999999994361,SL Hit,1822.4349999999995,1,75.85500000000229,25.0,0.6799999999998363,-0.7400000000000091
2023-10-05 00:05:00,2023-10-05 00:10:00,Short,1823.14,1823.14,0.0,SL Hit,1823.14,1,75.85500000000229,5.0,0.07999999999992724,-0.6900000000000546
2023-10-05 06:45:00,2023-10-05 09:35:00,Short,1822.0149999999999,1822.33,-1.2600000000002183,SL Hit,1822.33,4,74.59500000000207,170.0,1.8250000000000455,-2.9149999999999636
2023-10-05 09:40:00,2023-10-05 10:05:00,Long,1822.29,1820.9975,-1.2925000000000182,SL Hit,1820.9975,1,73.30250000000206,25.0,-1.599999999999909,1.0
2023-10-05 10:35:00,2023-10-05 10:40:00,Long,1823.13,1823.13,0.0,SL Hit,1823.13,1,73.30250000000206,5.0,-0.20000000000004547,0.6699999999998454
2023-10-05 16:30:00,2023-10-05 16:40:00,Long,1817.59,1817.59,0.0,SL Hit,1817.59,1,73.30250000000206,10.0,-0.2300000000000182,0.6700000000000728
2023-10-05 17:35:00,2023-10-05 17:40:00,Long,1818.05,1817.9125000000001,-0.1374999999998181,SL Hit,1817.9125000000001,1,73.16500000000224,5.0,-0.25,0.8800000000001091
2023-10-05 18:10:00,2023-10-05 20:50:00,Long,1819.7750000000003,1819.55,-1.3500000000021828,SL Hit,1819.55,6,71.81500000000005,160.0,-1.0150000000003274,1.0149999999996453
2023-10-06 01:10:00,2023-10-06 01:30:00,Short,1820.2,1820.6399999999996,-0.4399999999995998,SL Hit,1820.6399999999996,1,71.37500000000045,20.0,1.4500000000000455,-0.7999999999999545
2023-10-06 04:45:00,2023-10-06 07:10:00,Short,1821.1733333333334,1819.74,4.300000000000182,SL Hit,1819.74,3,75.67500000000064,145.0,2.336666666666588,-2.583333333333485
2023-10-06 12:10:00,2023-10-06 13:20:00,Short,1820.34,1821.46,-2.2400000000002365,SL Hit,1821.46,2,73.4350000000004,70.0,2.8600000000001273,-9.599999999999909
2023-10-06 14:20:00,2023-10-06 14:50:00,Long,1825.48,1824.7925,-0.6875,SL Hit,1824.7925,1,72.7475000000004,30.0,-1.4100000000000819,5.569999999999936
2023-10-06 17:35:00,2023-10-06 17:40:00,Long,1830.67,1830.5875,-0.08249999999998181,SL Hit,1830.5875,1,72.66500000000042,5.0,-0.17000000000007276,0.6299999999998818
2023-10-09 02:00:00,2023-10-09 03:35:00,Long,1848.695,1848.7,0.010000000000218279,SL Hit,1848.7,2,72.67500000000064,95.0,-0.3949999999999818,3.5850000000000364
2023-10-09 05:45:00,2023-10-09 06:05:00,Short,1851.575,1852.27,-1.3899999999998727,SL Hit,1852.27,2,71.28500000000076,20.0,0.7649999999998727,-0.7050000000001546
2023-10-09 06:55:00,2023-10-09 07:35:00,Short,1850.55,1850.5774999999999,-0.027499999999918145,SL Hit,1850.5774999999999,1,71.25750000000085,40.0,1.990000000000009,-2.2799999999999727
2023-10-09 15:15:00,2023-10-09 15:25:00,Long,1852.41,1851.3924999999997,-1.017500000000382,SL Hit,1851.3924999999997,1,70.24000000000046,10.0,-1.3100000000001728,0.5299999999999727
2023-10-09 15:45:00,2023-10-09 15:55:00,Long,1852.78,1852.2024999999999,-0.5775000000001,SL Hit,1852.2024999999999,1,69.66250000000036,10.0,-1.5799999999999272,0.19000000000005457
2023-10-09 17:10:00,2023-10-09 22:05:00,Long,1854.6933333333334,1860.4,34.24000000000024,SL Hit,1860.4,6,103.9025000000006,295.0,-4.563333333333276,8.696666666666715
2023-10-09 22:10:00,2023-10-09 22:15:00,Short,1860.94,1860.94,0.0,SL Hit,1860.94,1,103.9025000000006,5.0,0.01999999999998181,-0.8400000000001455
2023-10-09 23:25:00,2023-10-09 23:30:00,Short,1861.09,1861.4475000000002,-0.35750000000030013,SL Hit,1861.4475000000002,1,103.5450000000003,5.0,0.540000000000191,-0.5899999999999181
2023-10-10 01:20:00,2023-10-10 01:40:00,Long,1864.43,1863.5499999999997,-0.8800000000003365,SL Hit,1863.5499999999997,1,102.66499999999996,20.0,-0.9300000000000637,0.5799999999999272
2023-10-10 04:10:00,2023-10-10 07:40:00,Short,1859.9060000000002,1857.54,11.830000000001064,SL Hit,1857.54,5,114.49500000000103,210.0,2.313999999999851,-4.716000000000122
2023-10-10 08:10:00,2023-10-10 08:15:00,Long,1856.18,1852.935,-3.2450000000001182,Bearish Trade Reversal,1852.935,1,111.25000000000091,5.0,-1.1800000000000637,2.0
2023-10-10 08:15:00,2023-10-10 08:30:00,Short,1856.435,1858.18,-3.4900000000002365,SL Hit,1858.18,2,107.76000000000067,15.0,2.1950000000001637,-0.5249999999998636
2023-10-10 08:45:00,2023-10-10 09:15:00,Long,1858.69,1857.76,-1.8600000000001273,SL Hit,1857.76,2,105.90000000000055,30.0,-0.9600000000000364,0.8799999999998818
2023-10-10 09:20:00,2023-10-10 09:25:00,Short,1858.27,1858.8200000000002,-0.5500000000001819,SL Hit,1858.8200000000002,1,105.35000000000036,5.0,1.2799999999999727,-0.2999999999999545
2023-10-10 09:45:00,2023-10-10 09:50:00,Short,1858.23,1858.23,0.0,SL Hit,1858.23,1,105.35000000000036,5.0,0.8299999999999272,-0.6300000000001091
2023-10-10 11:00:00,2023-10-10 11:15:00,Short,1856.61,1856.61,0.0,SL Hit,1856.61,1,105.35000000000036,15.0,-0.0,-1.4799999999997908
2023-10-10 12:40:00,2023-10-10 13:15:00,Short,1854.8000000000002,1856.19,-2.7799999999997453,SL Hit,1856.19,2,102.57000000000062,35.0,1.8799999999998818,-1.4100000000000819
2023-10-10 14:05:00,2023-10-10 14:35:00,Long,1857.19,1856.2,-1.9800000000000182,SL Hit,1856.2,2,100.5900000000006,30.0,-1.6100000000001273,1.3699999999998909
2023-10-10 15:25:00,2023-10-10 16:15:00,Long,1859.256666666667,1859.02,-0.7100000000007185,SL Hit,1859.02,3,99.87999999999988,50.0,-2.5666666666668334,2.983333333333121
2023-10-10 16:20:00,2023-10-10 16:25:00,Short,1859.57,1859.7074999999998,-0.1374999999998181,SL Hit,1859.7074999999998,1,99.74250000000006,5.0,0.4900000000000091,-1.0199999999999818
2023-10-10 17:30:00,2023-10-10 18:25:00,Short,1859.83,1859.89,-0.12000000000034561,SL Hit,1859.89,2,99.62249999999972,55.0,1.800000000000182,-1.6599999999998545
2023-10-10 19:35:00,2023-10-10 19:40:00,Long,1859.73,1859.73,0.0,SL Hit,1859.73,1,99.62249999999972,5.0,-0.009999999999990905,0.31999999999993634
2023-10-10 22:15:00,2023-10-10 23:20:00,Short,1860.32,1860.5675000000003,-0.24750000000040018,SL Hit,1860.5675000000003,1,99.37499999999932,65.0,0.3200000000001637,-1.5199999999999818
2023-10-10 23:55:00,2023-10-11 00:00:00,Short,1860.09,1860.09,0.0,SL Hit,1860.09,1,99.37499999999932,5.0,0.09000000000014552,-0.459999999999809
2023-10-11 01:20:00,2023-10-11 01:40:00,Short,1860.99,1861.2374999999997,-0.24749999999971806,SL Hit,1861.2374999999997,1,99.1274999999996,20.0,0.37999999999988177,-0.7000000000000455
2023-10-11 01:55:00,2023-10-11 03:05:00,Long,1861.1275,1861.0,-0.5100000000002183,SL Hit,1861.0,4,98.61749999999938,70.0,-1.3475000000000819,0.7925000000000182
2023-10-11 03:35:00,2023-10-11 05:10:00,Short,1859.905,1860.08,-0.6999999999998181,SL Hit,1860.08,4,97.91749999999956,95.0,0.9349999999999454,-0.7049999999999272
2023-10-11 05:25:00,2023-10-11 05:40:00,Long,1859.81,1859.28,-1.0599999999999454,SL Hit,1859.28,2,96.85749999999962,15.0,-0.9700000000000273,0.7100000000000364
2023-10-11 06:20:00,2023-10-11 06:25:00,Long,1860.18,1860.18,0.0,SL Hit,1860.18,1,96.85749999999962,5.0,-0.11000000000012733,0.4700000000000273
2023-10-11 09:55:00,2023-10-11 10:00:00,Short,1870.73,1871.0874999999996,-0.357499999999618,Bullish Trade Reversal,1871.0874999999996,1,96.5,5.0,0.12999999999988177,-0.6700000000000728
2023-10-11 10:00:00,2023-10-11 11:40:00,Long,1870.9433333333334,1871.4,1.3700000000001182,SL Hit,1871.4,3,97.87000000000012,100.0,-0.933333333333394,3.6466666666665333
2023-10-11 11:45:00,2023-10-11 12:00:00,Short,1871.8,1871.8,0.0,SL Hit,1871.8,1,97.87000000000012,15.0,0.4500000000000455,-0.8399999999999181
2023-10-11 13:40:00,2023-10-11 13:55:00,Short,1870.04,1871.0575000000003,-1.017500000000382,SL Hit,1871.0575000000003,1,96.85249999999974,15.0,2.160000000000082,-1.6700000000000728
2023-10-11 15:15:00,2023-10-11 15:25:00,Short,1870.36,1871.4325000000001,-1.0725000000002183,SL Hit,1871.4325000000001,1,95.77999999999952,10.0,1.800000000000182,-0.7799999999999727
2023-10-11 17:30:00,2023-10-11 18:00:00,Short,1872.96,1872.96,0.0,SL Hit,1872.96,1,95.77999999999952,30.0,0.08999999999991815,-2.1000000000001364
2023-10-11 23:45:00,2023-10-12 00:25:00,Long,1875.2233333333334,1874.72,-1.509999999999991,SL Hit,1874.72,3,94.26999999999953,40.0,-0.7233333333333576,0.4966666666666697
2023-10-12 01:20:00,2023-10-12 02:20:00,Long,1876.32,1876.32,0.0,SL Hit,1876.32,1,94.26999999999953,60.0,-0.31999999999993634,2.259999999999991
2023-10-12 02:50:00,2023-10-12 02:55:00,Short,1876.58,1876.8000000000004,-0.22000000000048203,SL Hit,1876.8000000000004,1,94.04999999999905,5.0,0.37000000000011823,-0.7799999999999727
2023-10-12 03:40:00,2023-10-12 03:55:00,Long,1877.4850000000001,1877.12,-0.7300000000004729,SL Hit,1877.12,2,93.31999999999857,15.0,-0.6250000000002274,0.3549999999997908
2023-10-12 06:35:00,2023-10-12 07:50:00,Long,1880.8500000000001,1879.94,-2.7300000000002456,SL Hit,1879.94,3,90.58999999999833,75.0,-1.6900000000000546,1.709999999999809
2023-10-12 09:30:00,2023-10-12 12:05:00,Long,1882.1657142857143,1882.97,5.629999999999882,SL Hit,1882.97,7,96.21999999999821,155.0,-1.9657142857142844,2.1742857142855883
2023-10-12 12:30:00,2023-10-12 16:00:00,Short,1875.9862500000002,1872.95,24.290000000000873,SL Hit,1872.95,8,120.50999999999908,210.0,7.483749999999873,-5.036250000000109
2023-10-12 23:25:00,2023-10-13 00:35:00,Long,1871.0575,1870.5,-2.2299999999995634,SL Hit,1870.5,4,118.27999999999952,70.0,-1.0574999999998909,1.0625
2023-10-13 01:15:00,2023-10-13 01:35:00,Long,1871.92,1871.78,-0.2800000000002001,SL Hit,1871.78,2,117.99999999999932,20.0,-0.3000000000001819,0.9800000000000182
2023-10-13 01:45:00,2023-10-13 02:05:00,Short,1872.04,1872.205,-0.16499999999996362,SL Hit,1872.205,1,117.83499999999935,20.0,0.5499999999999545,-1.0399999999999636
2023-10-13 02:40:00,2023-10-13 03:25:00,Long,1872.7,1872.9,0.6000000000001364,SL Hit,1872.9,3,118.43499999999949,45.0,-0.2999999999999545,1.1599999999998545
2023-10-13 03:30:00,2023-10-13 04:00:00,Short,1873.475,1873.75,-0.5500000000001819,SL Hit,1873.75,2,117.88499999999931,30.0,0.4350000000001728,-0.6749999999999545
2023-10-13 04:05:00,2023-10-13 06:00:00,Long,1875.3025,1876.2,3.5900000000001455,SL Hit,1876.2,4,121.47499999999945,115.0,-1.6825000000001182,2.6275000000000546
2023-10-13 07:05:00,2023-10-13 09:05:00,Long,1881.234,1883.28,10.230000000000246,SL Hit,1883.28,5,131.7049999999997,120.0,-4.293999999999869,3.4860000000001037
2023-10-13 10:40:00,2023-10-13 10:55:00,Long,1888.32,1888.32,0.0,SL Hit,1888.32,1,131.7049999999997,15.0,-0.6799999999998363,1.5499999999999545
2023-10-13 12:25:00,2023-10-13 13:40:00,Long,1906.3533333333335,1905.94,-1.2400000000002365,SL Hit,1905.94,3,130.46499999999946,75.0,-7.64333333333343,11.61666666666656
2023-10-13 18:00:00,2023-10-13 18:35:00,Long,1929.075,1928.27,-1.6100000000001273,SL Hit,1928.27,2,128.85499999999934,35.0,-1.1849999999999454,1.4149999999999636
2023-10-13 18:45:00,2023-10-13 19:50:00,Short,1928.0033333333333,1928.54,-1.6099999999999,SL Hit,1928.54,3,127.24499999999944,65.0,0.8266666666665969,-0.5033333333333303
2023-10-16 01:50:00,2023-10-16 02:35:00,Short,1921.205,1921.22,-0.03000000000020009,SL Hit,1921.22,2,127.21499999999924,45.0,0.4250000000001819,-1.7049999999999272
2023-10-16 03:25:00,2023-10-16 03:30:00,Short,1919.18,1919.18,0.0,SL Hit,1919.18,1,127.21499999999924,5.0,0.16999999999984539,-0.5199999999999818
2023-10-16 05:20:00,2023-10-16 08:00:00,Short,1915.6680000000001,1912.07,17.99000000000092,SL Hit,1912.07,5,145.20500000000015,160.0,4.201999999999771,-7.238000000000056
2023-10-16 10:10:00,2023-10-16 11:20:00,Long,1916.53,1915.5,-3.089999999999918,SL Hit,1915.5,3,142.11500000000024,70.0,-1.849999999999909,1.6000000000001364
2023-10-16 11:25:00,2023-10-16 12:15:00,Short,1916.04,1917.415,-1.375,SL Hit,1917.415,1,140.74000000000024,50.0,1.7999999999999545,-1.3399999999999181
2023-10-16 12:50:00,2023-10-16 13:25:00,Long,1918.325,1916.6,-3.450000000000273,SL Hit,1916.6,2,137.28999999999996,35.0,-1.884999999999991,0.6949999999999363
2023-10-16 13:30:00,2023-10-16 13:45:00,Short,1917.39,1918.2975,-0.9074999999997999,SL Hit,1918.2975,1,136.38250000000016,15.0,3.709999999999809,-2.810000000000173
2023-10-16 15:55:00,2023-10-16 17:00:00,Short,1921.685,1922.07,-0.7699999999999818,SL Hit,1922.07,2,135.61250000000018,65.0,0.9450000000001637,-2.0850000000000364
2023-10-16 18:35:00,2023-10-16 18:40:00,Short,1919.3,1919.3,0.0,SL Hit,1919.3,1,135.61250000000018,5.0,0.06999999999993634,-0.4600000000000364
2023-10-16 18:55:00,2023-10-16 19:00:00,Short,1919.09,1919.09,0.0,SL Hit,1919.09,1,135.61250000000018,5.0,0.07000000000016371,-0.6099999999999
2023-10-16 19:15:00,2023-10-16 19:20:00,Short,1919.32,1919.6225000000004,-0.30250000000046384,SL Hit,1919.6225000000004,1,135.30999999999972,5.0,0.5600000000001728,-0.4399999999998272
2023-10-17 05:40:00,2023-10-17 05:50:00,Short,1915.31,1916.1625,-0.8524999999999636,SL Hit,1916.1625,1,134.45749999999975,10.0,1.3200000000001637,-0.4099999999998545
2023-10-17 07:05:00,2023-10-17 07:35:00,Long,1917.76,1917.6225000000002,-0.1374999999998181,SL Hit,1917.6225000000002,1,134.31999999999994,30.0,-0.35999999999989996,2.3900000000001
2023-10-17 10:00:00,2023-10-17 11:00:00,Long,1924.4166666666667,1923.15,-3.7999999999999545,SL Hit,1923.15,3,130.51999999999998,60.0,-1.8766666666667788,1.9333333333331666
2023-10-17 16:20:00,2023-10-17 18:55:00,Short,1922.4425,1920.91,6.130000000000109,SL Hit,1920.91,4,136.6500000000001,155.0,2.707499999999982,-3.6425000000001546
2023-10-18 00:45:00,2023-10-18 00:55:00,Short,1927.79,1927.8999999999999,-0.10999999999989996,Bullish Trade Reversal,1927.8999999999999,1,136.5400000000002,10.0,0.22000000000002728,-1.2899999999999636
2023-10-18 00:55:00,2023-10-18 02:55:00,Long,1932.46,1937.92,10.920000000000073,SL Hit,1937.92,2,147.46000000000026,120.0,-5.440000000000055,9.920000000000073
2023-10-18 08:10:00,2023-10-18 08:15:00,Long,1938.05,1936.73,-1.3199999999999363,SL Hit,1936.73,1,146.14000000000033,5.0,-1.349999999999909,0.31999999999993634
2023-10-18 08:30:00,2023-10-18 08:45:00,Long,1938.25,1938.2225,-0.027499999999918145,SL Hit,1938.2225,1,146.1125000000004,15.0,-0.25,0.7300000000000182
2023-10-18 08:50:00,2023-10-18 09:00:00,Long,1938.0,1938.0,0.0,SL Hit,1938.0,2,146.1125000000004,10.0,-0.40000000000009095,1.6600000000000819
2023-10-18 09:15:00,2023-10-18 10:05:00,Long,1941.44,1943.0,3.119999999999891,SL Hit,1943.0,2,149.2325000000003,50.0,-2.5900000000001455,4.399999999999864
2023-10-18 10:10:00,2023-10-18 10:30:00,Short,1943.435,1943.9,-0.930000000000291,SL Hit,1943.9,2,148.3025,20.0,0.9049999999999727,-0.44499999999993634
2023-10-18 10:50:00,2023-10-18 11:45:00,Long,1945.22,1944.88,-1.0199999999997544,SL Hit,1944.88,3,147.28250000000025,55.0,-1.3399999999999181,2.019999999999982
2023-10-18 13:20:00,2023-10-18 14:45:00,Long,1948.73,1948.3999999999996,-0.330000000000382,SL Hit,1948.3999999999996,1,146.95249999999987,85.0,-5.009999999999991,13.680000000000064
2023-10-18 16:05:00,2023-10-18 20:00:00,Long,1949.2375,1949.03,-0.8299999999999272,SL Hit,1949.03,4,146.12249999999995,235.0,-4.377500000000055,7.212500000000091
2023-10-18 20:40:00,2023-10-18 22:05:00,Short,1948.645,1949.69,-2.0900000000001455,SL Hit,1949.69,2,144.0324999999998,85.0,1.2149999999999181,-1.7449999999998909
2023-10-18 22:10:00,2023-10-18 22:20:00,Short,1950.18,1950.5099999999998,-0.32999999999969987,SL Hit,1950.5099999999998,1,143.7025000000001,10.0,0.6099999999999,-0.9200000000000728
2023-10-18 22:45:00,2023-10-18 23:05:00,Short,1950.17,1950.17,0.0,SL Hit,1950.17,1,143.7025000000001,20.0,0.6699999999998454,-0.7300000000000182
2023-10-18 23:10:00,2023-10-18 23:20:00,Long,1949.5,1949.5,0.0,SL Hit,1949.5,1,143.7025000000001,10.0,0.0,1.75
2023-10-19 05:50:00,2023-10-19 06:20:00,Short,1947.03,1947.5525000000002,-0.5225000000002638,SL Hit,1947.5525000000002,1,143.17999999999984,30.0,1.0799999999999272,-1.7300000000000182
2023-10-19 07:05:00,2023-10-19 07:10:00,Long,1948.26,1948.26,0.0,SL Hit,1948.26,1,143.17999999999984,5.0,-0.10999999999989996,1.490000000000009
2023-10-19 10:50:00,2023-10-19 10:55:00,Long,1950.87,1950.87,0.0,SL Hit,1950.87,1,143.17999999999984,5.0,0.0,0.4800000000000182
2023-10-19 17:55:00,2023-10-19 19:50:00,Long,1974.396,1975.9,7.520000000000664,SL Hit,1975.9,5,150.7000000000005,115.0,-3.7259999999998854,3.183999999999969
2023-10-19 19:55:00,2023-10-19 22:30:00,Short,1974.885,1974.61,0.5500000000001819,SL Hit,1974.61,2,151.25000000000068,155.0,1.6849999999999454,-2.6849999999999454
2023-10-19 22:40:00,2023-10-19 22:55:00,Long,1973.92,1972.9299999999998,-0.9900000000002365,SL Hit,1972.9299999999998,1,150.26000000000045,15.0,-1.1400000000001,2.3899999999998727
2023-10-20 04:40:00,2023-10-20 04:45:00,Short,1976.86,1977.0250000000003,-0.16500000000041837,SL Hit,1977.0250000000003,1,150.09500000000003,5.0,0.3000000000001819,-0.22999999999979082
2023-10-20 11:35:00,2023-10-20 12:45:00,Short,1979.895,1979.63,0.5299999999997453,SL Hit,1979.63,2,150.62499999999977,70.0,2.894999999999982,-6.345000000000027
2023-10-20 15:55:00,2023-10-20 19:05:00,Short,1983.8559999999998,1981.12,13.679999999999382,SL Hit,1981.12,5,164.30499999999915,190.0,9.084000000000287,-9.165999999999713
2023-10-20 19:10:00,2023-10-20 19:45:00,Long,1981.57,1980.3,-3.8099999999999454,SL Hit,1980.3,3,160.4949999999992,35.0,-1.9800000000000182,0.4700000000000273
2023-10-22 23:30:00,2023-10-23 01:35:00,Short,1971.4800000000002,1967.41,12.210000000000491,SL Hit,1967.41,3,172.7049999999997,125.0,4.4699999999998,-6.960000000000264
2023-10-23 06:05:00,2023-10-23 06:40:00,Long,1975.95,1975.8675,-0.08249999999998181,SL Hit,1975.8675,1,172.62249999999972,35.0,-0.7799999999999727,1.3899999999998727
2023-10-23 07:15:00,2023-10-23 07:20:00,Short,1975.69,1975.69,0.0,SL Hit,1975.69,1,172.62249999999972,5.0,0.7999999999999545,-0.6600000000000819
2023-10-23 08:50:00,2023-10-23 09:10:00,Long,1982.075,1980.5,-3.150000000000091,SL Hit,1980.5,2,169.47249999999963,20.0,-1.7850000000000819,0.625
2023-10-23 16:40:00,2023-10-23 16:45:00,Long,1977.12,1976.5975000000003,-0.5224999999995816,SL Hit,1976.5975000000003,1,168.95000000000005,5.0,-0.7199999999997999,0.7700000000002092
2023-10-23 18:45:00,2023-10-23 18:50:00,Long,1977.37,1977.37,0.0,SL Hit,1977.37,1,168.95000000000005,5.0,-0.08999999999991815,0.40000000000009095
2023-10-23 22:05:00,2023-10-23 22:10:00,Long,1973.29,1973.0150000000003,-0.2749999999996362,SL Hit,1973.0150000000003,1,168.6750000000004,5.0,-0.8899999999998727,0.37000000000011823
2023-10-23 22:40:00,2023-10-23 22:45:00,Short,1973.14,1973.1675,-0.027499999999918145,SL Hit,1973.1675,1,168.6475000000005,5.0,0.16999999999984539,-0.09000000000014552
2023-10-23 23:35:00,2023-10-23 23:40:00,Long,1972.34,1969.48,-2.8599999999999,Bearish Trade Reversal,1969.48,1,165.7875000000006,5.0,-1.0399999999999636,0.19000000000005457
2023-10-23 23:40:00,2023-10-23 23:45:00,Short,1972.53,1972.53,0.0,SL Hit,1972.53,1,165.7875000000006,5.0,0.33999999999991815,-1.0299999999999727
2023-10-24 00:00:00,2023-10-24 00:05:00,Long,1973.59,1973.3700000000001,-0.2199999999997999,SL Hit,1973.3700000000001,1,165.5675000000008,5.0,-0.2599999999999909,0.22000000000002728
2023-10-24 00:20:00,2023-10-24 00:35:00,Long,1974.29,1973.3,-1.9800000000000182,SL Hit,1973.3,2,163.58750000000077,15.0,-1.0899999999999181,1.4500000000000455
2023-10-24 00:45:00,2023-10-24 01:00:00,Short,1973.94,1973.94,0.0,SL Hit,1973.94,1,163.58750000000077,15.0,1.4299999999998363,-1.5199999999999818
2023-10-24 01:50:00,2023-10-24 02:10:00,Short,1976.4699999999998,1977.26,-1.580000000000382,SL Hit,1977.26,2,162.0075000000004,20.0,1.1400000000001,-0.7899999999997362
2023-10-24 04:10:00,2023-10-24 04:50:00,Short,1976.14,1976.4424999999999,-0.3024999999997817,SL Hit,1976.4424999999999,1,161.7050000000006,40.0,1.1899999999998272,-0.790000000000191
2023-10-24 05:30:00,2023-10-24 05:55:00,Short,1975.71,1976.39,-1.3600000000001273,SL Hit,1976.39,2,160.34500000000048,25.0,0.75,-0.9900000000000091
2023-10-24 06:00:00,2023-10-24 07:25:00,Long,1976.7366666666667,1975.8,-2.810000000000173,SL Hit,1975.8,3,157.5350000000003,85.0,-1.5366666666666333,2.2533333333333303
2023-10-24 07:50:00,2023-10-24 11:45:00,Short,1969.0483333333334,1962.65,38.38999999999987,SL Hit,1962.65,6,195.92500000000018,235.0,7.061666666666497,-15.148333333333312
2023-10-24 13:30:00,2023-10-24 13:55:00,Short,1963.17,1965.15,-1.9800000000000182,SL Hit,1965.15,1,193.94500000000016,25.0,2.1699999999998454,-3.3500000000001364
2023-10-24 15:10:00,2023-10-24 15:20:00,Short,1962.22,1963.2924999999996,-1.0724999999995362,SL Hit,1963.2924999999996,1,192.87250000000063,10.0,1.1199999999998909,-0.8600000000001273
2023-10-24 15:45:00,2023-10-24 18:25:00,Long,1969.1166666666668,1973.3,12.5499999999995,SL Hit,1973.3,3,205.42250000000013,160.0,-3.736666666666679,8.36333333333323
2023-10-24 18:30:00,2023-10-24 20:15:00,Short,1972.8933333333334,1972.71,0.5500000000001819,SL Hit,1972.71,3,205.9725000000003,105.0,1.3866666666665424,-2.3933333333334303
2023-10-24 23:00:00,2023-10-24 23:25:00,Long,1970.5900000000001,1970.29,-0.6000000000003638,SL Hit,1970.29,2,205.37249999999995,25.0,-0.39000000000010004,0.4499999999998181
2023-10-25 01:05:00,2023-10-25 01:10:00,Long,1973.96,1973.96,0.0,SL Hit,1973.96,1,205.37249999999995,5.0,-0.4600000000000364,1.2200000000000273
2023-10-25 03:20:00,2023-10-25 03:55:00,Short,1972.39,1972.61,-0.2199999999997999,SL Hit,1972.61,1,205.15250000000015,35.0,0.7199999999997999,-1.540000000000191
2023-10-25 04:35:00,2023-10-25 04:40:00,Long,1974.11,1973.835,-0.2749999999998636,SL Hit,1973.835,1,204.87750000000028,5.0,-1.1099999999999,0.09000000000014552
2023-10-25 05:00:00,2023-10-25 05:50:00,Short,1972.415,1972.89,-0.9500000000002728,SL Hit,1972.89,2,203.9275,50.0,0.8550000000000182,-1.5249999999998636
2023-10-25 06:00:00,2023-10-25 06:50:00,Long,1972.77,1971.6149999999998,-1.1550000000002,SL Hit,1971.6149999999998,1,202.7724999999998,50.0,-1.2699999999999818,3.130000000000109
2023-10-25 06:55:00,2023-10-25 07:05:00,Short,1972.0,1972.66,-0.6600000000000819,SL Hit,1972.66,1,202.11249999999973,10.0,1.0399999999999636,-1.0
2023-10-25 08:20:00,2023-10-25 09:00:00,Long,1970.64,1970.6125000000002,-0.027499999999918145,SL Hit,1970.6125000000002,1,202.0849999999998,40.0,-0.6400000000001,3.979999999999791
2023-10-25 09:35:00,2023-10-25 10:15:00,Short,1971.23,1971.76,-1.0599999999999454,SL Hit,1971.76,2,201.02499999999986,40.0,0.8799999999998818,-1.8099999999999454
2023-10-25 11:20:00,2023-10-25 12:25:00,Long,1974.3500000000001,1973.95,-1.2000000000002728,SL Hit,1973.95,3,199.8249999999996,65.0,-1.800000000000182,2.1799999999998363
2023-10-25 13:10:00,2023-10-25 13:20:00,Long,1976.21,1976.1825000000001,-0.027499999999918145,SL Hit,1976.1825000000001,1,199.79749999999967,10.0,-0.6100000000001273,2.009999999999991
2023-10-25 16:30:00,2023-10-25 17:15:00,Short,1980.94,1981.7375,-0.7974999999999,SL Hit,1981.7375,1,198.99999999999977,45.0,2.1900000000000546,-4.2999999999999545
2023-10-26 02:10:00,2023-10-26 02:40:00,Long,1985.8233333333335,1984.83,-2.9800000000007003,SL Hit,1984.83,3,196.01999999999907,30.0,-1.333333333333485,0.7066666666664787
2023-10-26 04:50:00,2023-10-26 05:35:00,Long,1988.69,1985.9675,-2.722500000000082,SL Hit,1985.9675,1,193.297499999999,45.0,-2.9200000000000728,0.7300000000000182
2023-10-26 06:00:00,2023-10-26 06:20:00,Short,1985.25,1986.2124999999996,-0.9624999999996362,SL Hit,1986.2124999999996,1,192.33499999999935,20.0,1.1099999999999,-1.150000000000091
2023-10-26 07:15:00,2023-10-26 07:20:00,Long,1987.05,1986.995,-0.055000000000063665,SL Hit,1986.995,1,192.2799999999993,5.0,-0.6399999999998727,0.40000000000009095
2023-10-26 07:35:00,2023-10-26 09:20:00,Long,1988.2366666666665,1988.75,1.5400000000006457,SL Hit,1988.75,3,193.81999999999994,105.0,-1.2266666666664605,4.963333333333594
2023-10-26 19:00:00,2023-10-26 19:10:00,Long,1986.46,1985.1,-2.7200000000002547,SL Hit,1985.1,2,191.09999999999968,10.0,-3.7100000000000364,0.35999999999989996
2023-10-27 00:00:00,2023-10-27 00:45:00,Short,1983.6399999999999,1984.0,-0.7200000000002547,SL Hit,1984.0,2,190.37999999999943,45.0,0.9500000000000455,-1.4399999999998272
2023-10-27 01:10:00,2023-10-27 02:55:00,Long,1985.2350000000001,1986.12,3.539999999999054,SL Hit,1986.12,4,193.91999999999848,105.0,-1.4850000000001273,3.494999999999891
2023-10-27 05:10:00,2023-10-27 05:45:00,Short,1987.645,1987.72,-0.15000000000009095,SL Hit,1987.72,2,193.7699999999984,35.0,0.7450000000001182,-1.5450000000000728
2023-10-27 05:50:00,2023-10-27 06:20:00,Long,1987.41,1986.915,-0.49500000000011823,SL Hit,1986.915,1,193.27499999999827,30.0,-0.6100000000001273,2.1699999999998454
2023-10-27 06:30:00,2023-10-27 08:05:00,Long,1986.97,1986.1,-3.480000000000473,SL Hit,1986.1,4,189.7949999999978,95.0,-1.2699999999999818,2.0499999999999545
2023-10-27 09:35:00,2023-10-27 11:45:00,Short,1985.2825,1982.44,11.36999999999989,SL Hit,1982.44,4,201.1649999999977,130.0,2.3575000000000728,-5.272500000000036
2023-10-27 14:15:00,2023-10-27 14:25:00,Long,1984.09,1984.09,0.0,SL Hit,1984.09,1,201.1649999999977,10.0,-0.209999999999809,1.3600000000001273
2023-10-27 20:45:00,2023-10-27 20:50:00,Short,2005.47,2005.6899999999998,-0.2199999999997999,SL Hit,2005.6899999999998,1,200.9449999999979,5.0,0.38999999999987267,-1.3700000000001182
2023-10-30 03:10:00,2023-10-30 04:55:00,Short,2002.0725,2001.75,1.2899999999999636,SL Hit,2001.75,4,202.23499999999785,105.0,0.7774999999999181,-1.9424999999998818
2023-10-30 05:00:00,2023-10-30 05:05:00,Long,2001.22,2000.9449999999997,-0.2750000000003183,SL Hit,2000.9449999999997,1,201.95999999999754,5.0,-0.6200000000001182,0.4900000000000091
2023-10-30 06:15:00,2023-10-30 09:15:00,Short,1997.0100000000002,1994.64,9.480000000000473,SL Hit,1994.64,4,211.439999999998,180.0,2.3499999999996817,-6.100000000000136
2023-10-30 10:40:00,2023-10-30 11:45:00,Short,1994.99,1994.9,0.1799999999998363,SL Hit,1994.9,2,211.61999999999784,65.0,1.4500000000000455,-2.3299999999999272
2023-10-30 11:50:00,2023-10-30 14:35:00,Long,1996.5900000000001,1996.47,-0.6000000000005912,SL Hit,1996.47,5,211.01999999999725,165.0,-2.8900000000001,5.839999999999918
2023-10-30 17:10:00,2023-10-30 17:40:00,Short,1998.43,1998.8149999999996,-0.38499999999953616,SL Hit,1998.8149999999996,1,210.63499999999772,30.0,1.240000000000009,-3.5900000000001455
2023-10-30 18:40:00,2023-10-30 18:55:00,Short,1997.8,1997.9649999999997,-0.16499999999973625,SL Hit,1997.9649999999997,1,210.46999999999798,15.0,0.2400000000000091,-0.35999999999989996
2023-10-30 22:30:00,2023-10-30 23:35:00,Short,1995.21,1995.09,0.24000000000023647,SL Hit,1995.09,2,210.70999999999822,65.0,0.6199999999998909,-1.3099999999999454
2023-10-31 00:20:00,2023-10-31 00:30:00,Long,1995.26,1994.545,-0.7149999999999181,SL Hit,1994.545,1,209.9949999999983,10.0,-0.8599999999999,0.9800000000000182
2023-10-31 01:15:00,2023-10-31 01:35:00,Long,1996.59,1995.3,-2.5799999999999272,SL Hit,1995.3,2,207.41499999999837,20.0,-1.990000000000009,0.6200000000001182
2023-10-31 01:40:00,2023-10-31 01:55:00,Short,1995.99,1996.2099999999998,-0.2199999999997999,SL Hit,1996.2099999999998,1,207.19499999999857,15.0,0.33999999999991815,-1.1300000000001091
2023-10-31 02:50:00,2023-10-31 04:50:00,Short,1993.46,1992.58,2.6400000000003274,SL Hit,1992.58,3,209.8349999999989,120.0,2.009999999999991,-2.9600000000000364
2023-10-31 10:25:00,2023-10-31 11:20:00,Long,1998.2033333333331,1998.3,0.29000000000041837,SL Hit,1998.3,3,210.12499999999932,55.0,-1.1633333333331848,1.6866666666669516
2023-10-31 11:50:00,2023-10-31 12:30:00,Long,1999.72,1998.6,-2.2400000000002365,SL Hit,1998.6,2,207.88499999999908,40.0,-2.2999999999999545,1.5399999999999636
2023-10-31 14:55:00,2023-10-31 18:55:00,Short,1992.755,1984.8,31.82000000000062,SL Hit,1984.8,4,239.7049999999997,240.0,8.114999999999782,-12.815000000000055
2023-10-31 19:00:00,2023-10-31 19:40:00,Long,1984.9850000000001,1984.83,-0.3100000000004002,SL Hit,1984.83,2,239.3949999999993,40.0,-0.7550000000001091,1.5549999999998363
2023-10-31 20:00:00,2023-10-31 22:05:00,Short,1984.2,1983.99,0.6300000000001091,SL Hit,1983.99,3,240.0249999999994,125.0,0.7999999999999545,-1.400000000000091
2023-10-31 23:25:00,2023-11-01 02:05:00,Short,1982.0233333333333,1980.65,8.239999999999327,SL Hit,1980.65,6,248.26499999999874,160.0,2.6666666666667425,-4.523333333333312
2023-11-01 03:20:00,2023-11-01 03:30:00,Short,1978.61,1978.61,0.0,SL Hit,1978.61,1,248.26499999999874,10.0,0.07000000000016371,-0.849999999999909
2023-11-01 05:40:00,2023-11-01 05:45:00,Long,1978.28,1977.7024999999999,-0.5775000000001,SL Hit,1977.7024999999999,1,247.68749999999864,5.0,-0.6700000000000728,0.5899999999999181
2023-11-01 05:50:00,2023-11-01 07:05:00,Long,1979.245,1979.4,0.3100000000004002,SL Hit,1979.4,2,247.99749999999904,75.0,-1.1149999999997817,1.665000000000191
2023-11-01 07:15:00,2023-11-01 08:40:00,Short,1978.895,1979.43,-1.0700000000001637,SL Hit,1979.43,2,246.92749999999887,85.0,1.0850000000000364,-2.115000000000009
2023-11-01 11:10:00,2023-11-01 11:15:00,Long,1983.45,1983.1474999999996,-0.30250000000046384,SL Hit,1983.1474999999996,1,246.6249999999984,5.0,-0.6400000000001,0.20000000000004547
2023-11-01 11:50:00,2023-11-01 12:00:00,Long,1984.0149999999999,1982.6,-2.8299999999999272,SL Hit,1982.6,2,243.79499999999848,10.0,-1.4149999999999636,0.25500000000010914
2023-11-01 13:25:00,2023-11-01 13:45:00,Short,1984.92,1984.92,0.0,SL Hit,1984.92,1,243.79499999999848,20.0,1.009999999999991,-3.550000000000182
2023-11-01 15:20:00,2023-11-01 17:30:00,Short,1980.6499999999999,1979.21,4.319999999999482,SL Hit,1979.21,3,248.11499999999796,130.0,4.860000000000127,-6.169999999999845
2023-11-01 17:35:00,2023-11-01 18:35:00,Long,1978.395,1977.1,-2.5900000000001455,SL Hit,1977.1,2,245.52499999999782,60.0,-1.4349999999999454,3.875
2023-11-01 18:40:00,2023-11-01 19:10:00,Short,1977.61,1977.61,0.0,SL Hit,1977.61,1,245.52499999999782,30.0,2.400000000000091,-7.529999999999973
2023-11-01 22:30:00,2023-11-01 22:35:00,Long,1983.13,1983.13,0.0,SL Hit,1983.13,1,245.52499999999782,5.0,-1.0300000000002,0.33999999999991815
2023-11-01 22:50:00,2023-11-01 23:00:00,Long,1983.25,1983.1950000000002,-0.05499999999983629,SL Hit,1983.1950000000002,1,245.46999999999798,10.0,-0.15000000000009095,1.0599999999999454
2023-11-01 23:40:00,2023-11-01 23:55:00,Short,1983.96,1984.9224999999997,-0.9624999999996362,SL Hit,1984.9224999999997,1,244.50749999999834,15.0,1.099999999999909,-0.5499999999999545
2023-11-02 00:45:00,2023-11-02 01:05:00,Short,1984.31,1985.52,-1.2100000000000364,SL Hit,1985.52,1,243.2974999999983,20.0,1.7699999999999818,-0.36999999999989086
2023-11-02 07:00:00,2023-11-02 07:25:00,Long,1985.605,1983.8,-3.6100000000001273,SL Hit,1983.8,2,239.68749999999818,25.0,-1.9850000000001273,0.04500000000007276
2023-11-02 09:15:00,2023-11-02 10:05:00,Long,1988.545,1986.6,-3.8900000000003274,SL Hit,1986.6,2,235.79749999999785,50.0,-2.025000000000091,0.9249999999999545
2023-11-02 10:15:00,2023-11-02 10:25:00,Short,1986.97,1986.97,0.0,SL Hit,1986.97,1,235.79749999999785,10.0,0.18000000000006366,-1.1300000000001091
2023-11-02 10:50:00,2023-11-02 10:55:00,Long,1988.59,1988.1225000000004,-0.46749999999951797,SL Hit,1988.1225000000004,1,235.32999999999834,5.0,-1.0899999999999181,0.7799999999999727
2023-11-02 14:05:00,2023-11-02 14:40:00,Short,1983.1233333333332,1983.95,-2.480000000000473,SL Hit,1983.95,3,232.84999999999786,35.0,1.5966666666668061,-2.22333333333313
2023-11-02 15:30:00,2023-11-02 15:40:00,Short,1980.37,1982.0750000000003,-1.705000000000382,SL Hit,1982.0750000000003,1,231.14499999999748,10.0,1.9500000000000455,-1.4699999999998
2023-11-02 20:55:00,2023-11-02 22:20:00,Long,1985.73,1985.4,-0.6599999999998545,SL Hit,1985.4,2,230.48499999999763,85.0,-0.7300000000000182,0.6700000000000728
2023-11-02 23:05:00,2023-11-02 23:45:00,Short,1984.6733333333334,1984.81,-0.4099999999996271,SL Hit,1984.81,3,230.074999999998,40.0,0.37666666666655146,-0.9733333333333576
2023-11-03 01:05:00,2023-11-03 02:30:00,Short,1985.135,1985.41,-0.5500000000001819,SL Hit,1985.41,2,229.52499999999782,85.0,1.474999999999909,-2.634999999999991
2023-11-03 04:05:00,2023-11-03 04:10:00,Short,1986.39,1986.39,0.0,Bullish Trade Reversal,1986.39,1,229.52499999999782,5.0,0.1999999999998181,-0.9900000000000091
2023-11-03 04:10:00,2023-11-03 05:25:00,Long,1986.2166666666665,1985.0,-3.649999999999409,SL Hit,1985.0,3,225.8749999999984,75.0,-1.3166666666663787,0.45333333333360315
2023-11-03 05:55:00,2023-11-03 06:00:00,Long,1986.67,1986.67,0.0,SL Hit,1986.67,1,225.8749999999984,5.0,-0.8700000000001182,0.5699999999999363
2023-11-03 06:20:00,2023-11-03 06:40:00,Short,1987.25,1987.47,-0.44000000000005457,SL Hit,1987.47,2,225.43499999999835,20.0,0.22000000000002728,-1.0499999999999545
2023-11-03 07:15:00,2023-11-03 07:30:00,Long,1988.2350000000001,1986.9,-2.6700000000000728,SL Hit,1986.9,2,222.76499999999828,15.0,-1.6350000000002183,0.7549999999998818
2023-11-03 07:50:00,2023-11-03 08:05:00,Short,1987.4,1987.4,0.0,SL Hit,1987.4,1,222.76499999999828,15.0,0.3999999999998636,-1.150000000000091
2023-11-03 10:00:00,2023-11-03 10:10:00,Long,1989.05,1988.3899999999999,-0.6600000000000819,SL Hit,1988.3899999999999,1,222.1049999999982,10.0,-0.75,0.5599999999999454
2023-11-03 11:55:00,2023-11-03 12:00:00,Long,1987.74,1987.74,0.0,SL Hit,1987.74,1,222.1049999999982,5.0,-0.2899999999999636,0.36999999999989086
2023-11-03 12:30:00,2023-11-03 13:20:00,Long,1997.275,1995.82,-2.9100000000003092,SL Hit,1995.82,2,219.1949999999979,50.0,-7.065000000000055,6.625
2023-11-06 00:25:00,2023-11-06 02:10:00,Long,1990.6566666666668,1991.47,2.439999999999827,SL Hit,1991.47,3,221.63499999999772,105.0,-2.0066666666666606,2.3533333333332394
2023-11-06 02:30:00,2023-11-06 05:10:00,Short,1985.932,1983.97,9.809999999999945,SL Hit,1983.97,5,231.44499999999766,160.0,5.038000000000011,-3.6720000000000255
2023-11-06 05:20:00,2023-11-06 05:25:00,Long,1983.16,1982.1699999999996,-0.9900000000004638,Bearish Trade Reversal,1982.1699999999996,1,230.4549999999972,5.0,-0.36000000000012733,0.8699999999998909
2023-11-06 05:25:00,2023-11-06 05:45:00,Short,1983.2800000000002,1984.03,-1.4999999999995453,SL Hit,1984.03,2,228.95499999999765,20.0,1.6799999999998363,-1.7800000000002
2023-11-06 06:40:00,2023-11-06 06:45:00,Long,1984.77,1984.2475,-0.5225000000000364,SL Hit,1984.2475,1,228.43249999999762,5.0,-0.8599999999999,0.21000000000003638
2023-11-06 07:35:00,2023-11-06 07:40:00,Short,1983.76,1983.8974999999998,-0.1374999999998181,SL Hit,1983.8974999999998,1,228.2949999999978,5.0,0.31999999999993634,-0.22000000000002728
2023-11-06 07:55:00,2023-11-06 08:00:00,Long,1983.39,1983.39,0.0,SL Hit,1983.39,1,228.2949999999978,5.0,-0.5099999999999909,1.2799999999999727
2023-11-06 08:55:00,2023-11-06 09:00:00,Short,1986.46,1986.46,0.0,SL Hit,1986.46,1,228.2949999999978,5.0,0.6599999999998545,-0.7799999999999727
2023-11-06 10:05:00,2023-11-06 10:45:00,Long,1987.4233333333334,1986.81,-1.840000000000373,SL Hit,1986.81,3,226.45499999999743,40.0,-1.2333333333333485,0.7766666666666424
2023-11-06 11:55:00,2023-11-06 12:10:00,Long,1987.52,1986.5,-2.0399999999999636,SL Hit,1986.5,2,224.41499999999746,15.0,-1.2300000000000182,0.4700000000000273
2023-11-06 14:50:00,2023-11-06 16:55:00,Short,1983.9199999999998,1982.94,3.9199999999991633,SL Hit,1982.94,4,228.33499999999663,125.0,1.6800000000000637,-3.7799999999997453
2023-11-06 19:05:00,2023-11-07 05:40:00,Short,1976.4046666666666,1973.2,48.06999999999789,SL Hit,1973.2,15,276.4049999999945,635.0,4.2053333333333285,-5.4046666666665715
2023-11-07 08:50:00,2023-11-07 09:25:00,Short,1967.79,1967.955,-0.16499999999996362,SL Hit,1967.955,1,276.23999999999455,35.0,0.9600000000000364,-3.589999999999918
2023-11-07 10:20:00,2023-11-07 10:30:00,Short,1966.15,1966.4249999999997,-0.2749999999996362,SL Hit,1966.4249999999997,1,275.9649999999949,10.0,1.75,-0.5300000000002001
2023-11-07 13:25:00,2023-11-07 14:30:00,Long,1961.5266666666666,1964.37,8.529999999999745,SL Hit,1964.37,3,284.49499999999466,65.0,-3.6866666666667243,5.6233333333334485
2023-11-07 17:25:00,2023-11-07 17:55:00,Short,1963.46,1963.8174999999997,-0.357499999999618,SL Hit,1963.8174999999997,1,284.13749999999504,30.0,0.4600000000000364,-2.3600000000001273
2023-11-07 22:00:00,2023-11-07 23:10:00,Long,1968.925,1968.0,-1.849999999999909,SL Hit,1968.0,2,282.28749999999513,70.0,-0.9249999999999545,0.28500000000008185
2023-11-07 23:50:00,2023-11-08 00:40:00,Long,1968.8,1968.8,0.0,SL Hit,1968.8,3,282.28749999999513,50.0,-1.099999999999909,1.1600000000000819
2023-11-08 04:35:00,2023-11-08 04:40:00,Short,1967.67,1967.725,-0.05499999999983629,SL Hit,1967.725,1,282.2324999999953,5.0,0.09999999999990905,-0.16000000000008185
2023-11-08 04:55:00,2023-11-08 05:00:00,Short,1967.62,1967.7300000000005,-0.11000000000058208,SL Hit,1967.7300000000005,1,282.1224999999947,5.0,0.2400000000000091,-0.09999999999990905
2023-11-08 05:25:00,2023-11-08 06:15:00,Short,1966.65,1966.8974999999998,-0.24749999999971806,SL Hit,1966.8974999999998,1,281.874999999995,50.0,0.599999999999909,-2.050000000000182
2023-11-08 08:10:00,2023-11-08 08:15:00,Long,1968.07,1965.5400000000004,-2.529999999999518,Bearish Trade Reversal,1965.5400000000004,1,279.3449999999955,5.0,-0.9600000000000364,0.6100000000001273
2023-11-08 08:15:00,2023-11-08 12:40:00,Short,1965.7849999999999,1963.54,8.979999999999563,SL Hit,1963.54,4,288.32499999999504,265.0,2.8750000000002274,-6.064999999999827
2023-11-08 14:50:00,2023-11-08 16:15:00,Short,1957.71,1956.43,2.5599999999999454,SL Hit,1956.43,2,290.884999999995,85.0,4.210000000000036,-6.710000000000036
2023-11-08 17:45:00,2023-11-08 20:50:00,Short,1952.39,1949.57,14.100000000000819,SL Hit,1949.57,5,304.9849999999958,185.0,1.990000000000009,-5.5900000000001455
2023-11-08 23:45:00,2023-11-08 23:50:00,Short,1950.37,1950.3975000000005,-0.027500000000600267,Bullish Trade Reversal,1950.3975000000005,1,304.9574999999952,5.0,0.16000000000008185,-0.25
2023-11-08 23:50:00,2023-11-09 00:15:00,Long,1950.255,1949.4,-1.7100000000000364,SL Hit,1949.4,2,303.24749999999517,25.0,-1.8550000000000182,0.6549999999999727
2023-11-09 04:25:00,2023-11-09 04:30:00,Long,1948.7,1946.5000000000002,-2.199999999999818,Bearish Trade Reversal,1946.5000000000002,1,301.04749999999535,5.0,-0.7999999999999545,1.0499999999999545
2023-11-09 04:30:00,2023-11-09 05:45:00,Short,1949.1274999999998,1949.3,-0.6900000000005093,SL Hit,1949.3,4,300.35749999999484,75.0,0.6225000000001728,-1.1274999999998272
2023-11-09 05:50:00,2023-11-09 07:50:00,Long,1949.768,1949.44,-1.6399999999998727,SL Hit,1949.44,5,298.71749999999497,120.0,-1.268000000000029,0.6620000000000346
2023-11-09 10:25:00,2023-11-09 10:30:00,Short,1946.02,1946.02,0.0,SL Hit,1946.02,1,298.71749999999497,5.0,0.5,-0.7699999999999818
2023-11-09 10:40:00,2023-11-09 11:00:00,Long,1946.87,1946.7325,-0.1374999999998181,SL Hit,1946.7325,1,298.57999999999515,20.0,-0.30999999999994543,1.5200000000002092
2023-11-09 12:45:00,2023-11-09 13:15:00,Short,1946.72,1946.72,0.0,SL Hit,1946.72,1,298.57999999999515,30.0,1.5299999999999727,-2.1200000000001182
2023-11-09 13:25:00,2023-11-09 13:30:00,Long,1947.18,1947.18,0.0,SL Hit,1947.18,1,298.57999999999515,5.0,-2.480000000000018,1.1799999999998363
2023-11-09 15:40:00,2023-11-09 16:55:00,Long,1962.2600000000002,1960.5,-5.280000000000655,SL Hit,1960.5,3,293.2999999999945,75.0,-2.310000000000173,2.479999999999791
2023-11-09 21:15:00,2023-11-09 21:25:00,Long,1957.81,1957.3700000000003,-0.4399999999995998,SL Hit,1957.3700000000003,1,292.8599999999949,10.0,-0.7100000000000364,0.41000000000008185
2023-11-09 21:50:00,2023-11-09 23:00:00,Long,1958.23,1957.9825000000003,-0.24749999999971806,SL Hit,1957.9825000000003,1,292.6124999999952,70.0,-0.8299999999999272,0.22000000000002728
2023-11-09 23:05:00,2023-11-09 23:10:00,Long,1958.18,1957.575,-0.6050000000000182,SL Hit,1957.575,1,292.00749999999516,5.0,-0.7799999999999727,0.5899999999999181
2023-11-09 23:55:00,2023-11-10 00:35:00,Long,1958.95,1958.53,-1.2600000000002183,SL Hit,1958.53,3,290.74749999999494,40.0,-0.5499999999999545,1.1599999999998545
2023-11-10 01:05:00,2023-11-10 01:30:00,Long,1960.12,1958.5,-3.2399999999997817,SL Hit,1958.5,2,287.50749999999516,25.0,-1.9199999999998454,0.6100000000001273
2023-11-10 01:35:00,2023-11-10 01:40:00,Short,1959.27,1959.2975,-0.027499999999918145,SL Hit,1959.2975,1,287.47999999999524,5.0,0.12000000000011823,-0.34999999999990905
2023-11-10 03:35:00,2023-11-10 04:00:00,Long,1959.5033333333333,1959.1,-1.2100000000002638,SL Hit,1959.1,3,286.269999999995,25.0,-0.4933333333333394,0.9166666666667425
2023-11-10 05:45:00,2023-11-10 05:50:00,Short,1956.74,1957.0699999999997,-0.32999999999969987,SL Hit,1957.0699999999997,1,285.9399999999953,5.0,0.8199999999999363,-0.39000000000010004
2023-11-10 06:40:00,2023-11-10 07:00:00,Long,1957.08,1956.66,-0.8399999999996908,SL Hit,1956.66,2,285.0999999999956,20.0,-1.0799999999999272,0.41000000000008185
2023-11-10 09:00:00,2023-11-10 09:45:00,Short,1954.395,1954.67,-0.5500000000001819,SL Hit,1954.67,2,284.5499999999954,45.0,0.8050000000000637,-1.1949999999999363
2023-11-10 12:20:00,2023-11-10 12:25:00,Long,1947.97,1947.5575,-0.4125000000001364,SL Hit,1947.5575,1,284.13749999999527,5.0,-1.0899999999999181,0.22000000000002728
2023-11-10 13:30:00,2023-11-10 13:45:00,Short,1945.81,1945.81,0.0,SL Hit,1945.81,1,284.13749999999527,15.0,0.4600000000000364,-1.5299999999999727
2023-11-10 14:45:00,2023-11-10 15:05:00,Short,1944.4,1945.4449999999997,-1.044999999999618,SL Hit,1945.4449999999997,1,283.09249999999565,20.0,1.3299999999999272,-3.2200000000000273
2023-11-10 17:30:00,2023-11-10 20:55:00,Short,1936.6299999999999,1935.83,4.799999999999727,SL Hit,1935.83,6,287.8924999999954,205.0,2.5000000000002274,-3.6299999999998818
2023-11-13 01:05:00,2023-11-13 01:40:00,Short,1939.275,1940.31,-2.069999999999709,SL Hit,1940.31,2,285.82249999999567,35.0,1.365000000000009,-1.875
2023-11-13 04:10:00,2023-11-13 04:45:00,Short,1935.16,1935.16,0.0,SL Hit,1935.16,1,285.82249999999567,35.0,0.13999999999987267,-1.259999999999991
2023-11-13 07:00:00,2023-11-13 07:30:00,Short,1938.71,1940.4974999999997,-1.7874999999996817,SL Hit,1940.4974999999997,1,284.034999999996,30.0,1.8199999999999363,-0.6800000000000637
2023-11-13 10:35:00,2023-11-13 10:45:00,Short,1937.65,1937.65,0.0,SL Hit,1937.65,1,284.034999999996,10.0,0.209999999999809,-0.9500000000000455
2023-11-13 14:15:00,2023-11-13 14:20:00,Short,1934.8,1934.8,0.0,SL Hit,1934.8,1,284.034999999996,5.0,0.2300000000000182,-1.0199999999999818
2023-11-13 14:25:00,2023-11-13 14:30:00,Short,1934.73,1935.2525,-0.5225000000000364,SL Hit,1935.2525,1,283.51249999999595,5.0,1.0499999999999545,-0.8700000000001182
2023-11-13 14:55:00,2023-11-13 15:00:00,Short,1934.5,1934.5,0.0,SL Hit,1934.5,1,283.51249999999595,5.0,0.5699999999999363,-2.2100000000000364
2023-11-13 18:55:00,2023-11-13 19:15:00,Long,1946.93,1946.93,0.0,SL Hit,1946.93,1,283.51249999999595,20.0,-1.3300000000001546,0.8999999999998636
2023-11-13 19:45:00,2023-11-13 23:00:00,Short,1946.1200000000001,1946.37,-0.7499999999993179,SL Hit,1946.37,3,282.76249999999663,195.0,0.4199999999998454,-1.2200000000000273
2023-11-13 23:05:00,2023-11-13 23:40:00,Long,1946.13,1945.1,-2.0600000000004,SL Hit,1945.1,2,280.70249999999623,35.0,-1.3300000000001546,0.34999999999990905
2023-11-14 00:05:00,2023-11-14 00:20:00,Long,1946.3,1946.3,0.0,SL Hit,1946.3,1,280.70249999999623,15.0,-0.20000000000004547,0.75
2023-11-14 01:50:00,2023-11-14 01:55:00,Short,1945.57,1945.57,0.0,SL Hit,1945.57,1,280.70249999999623,5.0,0.6200000000001182,-0.22000000000002728
2023-11-14 02:00:00,2023-11-14 02:05:00,Short,1945.41,1945.41,0.0,SL Hit,1945.41,1,280.70249999999623,5.0,0.09999999999990905,-0.9200000000000728
2023-11-14 03:55:00,2023-11-14 04:05:00,Short,1945.03,1945.0575,-0.027499999999918145,SL Hit,1945.0575,1,280.6749999999963,10.0,0.049999999999954525,-1.5299999999999727
2023-11-14 05:10:00,2023-11-14 05:30:00,Short,1944.56,1944.56,0.0,SL Hit,1944.56,1,280.6749999999963,20.0,0.049999999999954525,-1.4600000000000364
2023-11-14 06:45:00,2023-11-14 07:00:00,Short,1944.52,1945.015,-0.49500000000011823,SL Hit,1945.015,1,280.1799999999962,15.0,0.5599999999999454,-0.2999999999999545
2023-11-14 07:15:00,2023-11-14 07:30:00,Long,1945.73,1945.4825000000003,-0.24749999999971806,SL Hit,1945.4825000000003,1,279.9324999999965,15.0,-0.31999999999993634,0.6600000000000819
2023-11-14 09:05:00,2023-11-14 10:55:00,Long,1946.493333333333,1946.43,-0.18999999999914507,SL Hit,1946.43,3,279.74249999999734,110.0,-1.0333333333330756,1.616666666666788
2023-11-14 11:00:00,2023-11-14 13:15:00,Short,1945.9679999999996,1946.17,-1.0100000000022646,SL Hit,1946.17,5,278.73249999999507,135.0,1.1120000000003074,-1.6579999999996744
2023-11-14 14:15:00,2023-11-14 15:50:00,Long,1964.4466666666667,1965.25,2.4099999999998545,SL Hit,1965.25,3,281.1424999999949,95.0,-6.206666666666706,5.313333333333276
2023-11-14 20:40:00,2023-11-14 20:45:00,Long,1964.09,1963.9250000000002,-0.16499999999973625,SL Hit,1963.9250000000002,1,280.9774999999952,5.0,-0.8299999999999272,0.3100000000001728
2023-11-14 21:30:00,2023-11-14 21:35:00,Short,1962.73,1962.8674999999998,-0.1374999999998181,SL Hit,1962.8674999999998,1,280.83999999999537,5.0,0.15000000000009095,-0.17000000000007276
2023-11-15 01:50:00,2023-11-15 04:55:00,Long,1965.0183333333334,1966.63,9.670000000000073,SL Hit,1966.63,6,290.50999999999544,185.0,-2.568333333333385,2.8516666666664605
2023-11-15 05:00:00,2023-11-15 06:05:00,Short,1967.1,1967.47,-0.7400000000002365,SL Hit,1967.47,2,289.7699999999952,65.0,0.43000000000006366,-1.2999999999999545
2023-11-15 12:20:00,2023-11-15 13:00:00,Short,1971.28,1971.95,-2.0100000000002183,SL Hit,1971.95,3,287.759999999995,40.0,0.9900000000000091,-1.0799999999999272
2023-11-15 20:25:00,2023-11-15 20:30:00,Long,1961.6,1961.435,-0.16499999999996362,SL Hit,1961.435,1,287.594999999995,5.0,-1.2999999999999545,0.2599999999999909
2023-11-15 20:35:00,2023-11-15 23:00:00,Short,1959.9466666666667,1959.48,1.400000000000091,SL Hit,1959.48,3,288.9949999999951,145.0,1.3033333333332848,-1.1466666666667606
2023-11-16 01:10:00,2023-11-16 01:20:00,Short,1958.78,1959.385,-0.6050000000000182,SL Hit,1959.385,1,288.3899999999951,10.0,0.6200000000001182,-1.5799999999999272
2023-11-16 04:25:00,2023-11-16 04:30:00,Long,1961.67,1961.67,0.0,SL Hit,1961.67,1,288.3899999999951,5.0,-0.2699999999999818,0.4800000000000182
2023-11-16 06:05:00,2023-11-16 06:10:00,Long,1963.48,1963.3975,-0.08249999999998181,SL Hit,1963.3975,1,288.3074999999951,5.0,-0.08999999999991815,0.599999999999909
2023-11-16 08:15:00,2023-11-16 08:20:00,Short,1965.29,1965.3725,-0.08249999999998181,SL Hit,1965.3725,1,288.22499999999513,5.0,0.43000000000006366,-0.4500000000000455
2023-11-16 09:50:00,2023-11-16 11:05:00,Short,1966.0266666666666,1965.74,0.8599999999999,SL Hit,1965.74,3,289.08499999999503,75.0,1.2633333333333212,-1.6266666666665515
2023-11-16 11:45:00,2023-11-16 11:50:00,Short,1965.35,1965.35,0.0,SL Hit,1965.35,1,289.08499999999503,5.0,0.14000000000010004,-1.25
2023-11-16 13:30:00,2023-11-16 16:45:00,Long,1976.3766666666668,1982.1,17.16999999999939,SL Hit,1982.1,3,306.2549999999944,195.0,-10.676666666666733,11.323333333333267
2023-11-16 17:25:00,2023-11-16 17:30:00,Long,1982.44,1982.44,0.0,SL Hit,1982.44,1,306.2549999999944,5.0,-0.9400000000000546,0.9099999999998545
2023-11-16 18:35:00,2023-11-16 18:45:00,Long,1984.71,1984.1599999999999,-0.5500000000001819,SL Hit,1984.1599999999999,1,305.70499999999424,10.0,-0.8700000000001182,0.4600000000000364
2023-11-16 19:05:00,2023-11-16 20:00:00,Short,1983.7849999999999,1983.77,0.02999999999974534,SL Hit,1983.77,2,305.734999999994,55.0,0.4750000000001364,-0.8249999999998181
2023-11-16 21:20:00,2023-11-16 21:50:00,Short,1980.825,1981.14,-0.6300000000001091,SL Hit,1981.14,2,305.1049999999939,30.0,0.3849999999999909,-0.9249999999999545
2023-11-16 23:05:00,2023-11-17 01:30:00,Long,1982.1999999999998,1983.5,7.800000000001091,SL Hit,1983.5,6,312.90499999999497,145.0,-2.099999999999909,4.550000000000182
2023-11-17 01:45:00,2023-11-17 02:00:00,Short,1983.53,1983.53,0.0,SL Hit,1983.53,1,312.90499999999497,15.0,0.7999999999999545,-1.1299999999998818
2023-11-17 03:50:00,2023-11-17 04:20:00,Long,1986.225,1985.1,-2.25,SL Hit,1985.1,2,310.65499999999497,30.0,-1.125,0.775000000000091
2023-11-17 04:45:00,2023-11-17 05:00:00,Long,1985.66,1985.0,-0.6600000000000819,SL Hit,1985.0,1,309.9949999999949,15.0,-0.9600000000000364,0.709999999999809
2023-11-17 06:20:00,2023-11-17 07:10:00,Short,1983.78,1983.94,-0.3200000000001637,SL Hit,1983.94,2,309.6749999999947,50.0,0.6800000000000637,-1.3799999999998818
2023-11-17 09:45:00,2023-11-17 11:05:00,Long,1991.67,1990.57,-3.3000000000004093,SL Hit,1990.57,3,306.3749999999943,80.0,-1.400000000000091,1.599999999999909
2023-11-17 11:55:00,2023-11-17 12:30:00,Short,1989.8,1990.5,-1.400000000000091,SL Hit,1990.5,2,304.9749999999942,35.0,0.8300000000001546,-2.1499999999998636
2023-11-17 17:15:00,2023-11-17 17:20:00,Short,1979.8,1979.8,0.0,SL Hit,1979.8,1,304.9749999999942,5.0,0.41000000000008185,-1.1199999999998909
2023-11-17 19:05:00,2023-11-17 19:15:00,Short,1981.44,1981.7974999999997,-0.357499999999618,SL Hit,1981.7974999999997,1,304.6174999999946,10.0,0.35999999999989996,-0.36000000000012733
2023-11-17 20:10:00,2023-11-17 20:20:00,Short,1980.07,1980.6200000000001,-0.5500000000001819,Bullish Trade Reversal,1980.6200000000001,1,304.0674999999944,10.0,0.5900000000001455,-0.9700000000000273
2023-11-17 20:20:00,2023-11-17 21:05:00,Long,1980.1499999999999,1980.16,0.030000000000654836,SL Hit,1980.16,3,304.0974999999951,45.0,-1.0499999999999545,0.8700000000001182
2023-11-19 23:55:00,2023-11-20 01:00:00,Short,1975.9,1978.5124999999996,-2.6124999999994998,SL Hit,1978.5124999999996,1,301.4849999999956,65.0,2.939999999999827,-2.900000000000091
2023-11-20 06:00:00,2023-11-20 06:20:00,Short,1980.1,1981.08,-1.9600000000000364,SL Hit,1981.08,2,299.52499999999554,20.0,1.0900000000001455,-1.209999999999809
2023-11-20 06:30:00,2023-11-20 06:55:00,Long,1980.52,1980.3825000000002,-0.1374999999998181,SL Hit,1980.3825000000002,1,299.3874999999957,25.0,-0.7300000000000182,1.0399999999999636
2023-11-20 08:20:00,2023-11-20 08:35:00,Short,1977.58,1977.7175000000004,-0.13750000000050022,SL Hit,1977.7175000000004,1,299.2499999999952,15.0,0.14000000000010004,-1.2200000000000273
2023-11-20 11:10:00,2023-11-20 14:45:00,Short,1972.21,1969.59,10.480000000000473,SL Hit,1969.59,4,309.7299999999957,215.0,3.0499999999999545,-6.660000000000082
2023-11-20 16:05:00,2023-11-20 16:35:00,Long,1972.9,1972.9,0.0,SL Hit,1972.9,1,309.7299999999957,30.0,-0.2300000000000182,2.019999999999982
2023-11-20 21:30:00,2023-11-20 21:55:00,Short,1977.23,1977.5874999999996,-0.357499999999618,SL Hit,1977.5874999999996,1,309.3724999999961,25.0,0.6900000000000546,-0.2300000000000182
2023-11-20 22:00:00,2023-11-20 23:00:00,Long,1977.6,1977.6,0.0,SL Hit,1977.6,1,309.3724999999961,60.0,-0.09999999999990905,0.8400000000001455
2023-11-21 07:10:00,2023-11-21 08:20:00,Long,1992.4875,1991.57,-3.6700000000000728,SL Hit,1991.57,4,305.702499999996,70.0,-1.5874999999998636,1.7225000000000819
2023-11-21 09:10:00,2023-11-21 10:05:00,Short,1986.2099999999998,1986.73,-1.5600000000006276,SL Hit,1986.73,3,304.1424999999954,55.0,1.1700000000003001,-2.0099999999997635
2023-11-21 10:20:00,2023-11-21 11:15:00,Long,1987.59,1986.4625000000003,-1.1274999999995998,SL Hit,1986.4625000000003,1,303.0149999999958,55.0,-1.459999999999809,2.259999999999991
2023-11-21 14:25:00,2023-11-21 15:20:00,Long,2001.5900000000001,2003.41,3.6399999999998727,SL Hit,2003.41,2,306.65499999999565,55.0,-2.0900000000001455,5.5099999999997635
2023-11-21 18:05:00,2023-11-21 18:10:00,Long,2000.29,2000.29,0.0,SL Hit,2000.29,1,306.65499999999565,5.0,-0.7599999999999909,0.8099999999999454
2023-11-21 19:25:00,2023-11-21 20:10:00,Long,1999.23,1999.23,0.0,SL Hit,1999.23,2,306.65499999999565,45.0,-0.8299999999999272,1.25
2023-11-21 20:30:00,2023-11-21 23:15:00,Short,1998.82,1998.66,0.31999999999970896,SL Hit,1998.66,2,306.97499999999536,165.0,0.6400000000001,-1.6199999999998909
2023-11-22 00:30:00,2023-11-22 00:40:00,Short,1997.96,1998.1525,-0.19249999999988177,SL Hit,1998.1525,1,306.7824999999955,10.0,0.21000000000003638,-0.7899999999999636
2023-11-22 01:30:00,2023-11-22 02:50:00,Short,1996.1599999999999,1996.95,-2.370000000000573,SL Hit,1996.95,3,304.4124999999949,80.0,1.300000000000182,-0.7599999999997635
2023-11-22 03:10:00,2023-11-22 03:40:00,Long,1996.6833333333334,1996.12,-1.6900000000005093,SL Hit,1996.12,3,302.7224999999944,30.0,-0.7133333333333667,0.8466666666665787
2023-11-22 04:00:00,2023-11-22 04:05:00,Short,1996.43,1996.8424999999997,-0.4124999999996817,SL Hit,1996.8424999999997,1,302.3099999999947,5.0,0.7000000000000455,-0.2599999999999909
2023-11-22 07:55:00,2023-11-22 08:35:00,Long,2003.11,2001.4875000000002,-1.622499999999718,SL Hit,2001.4875000000002,1,300.687499999995,40.0,-3.349999999999909,2.980000000000018
2023-11-22 12:20:00,2023-11-22 12:25:00,Long,2001.63,2000.9149999999995,-0.7150000000006003,SL Hit,2000.9149999999995,1,299.9724999999944,5.0,-0.7300000000000182,0.6399999999998727
2023-11-22 12:35:00,2023-11-22 12:55:00,Long,2001.9933333333336,2001.9,-0.28000000000042746,SL Hit,2001.9,3,299.69249999999397,20.0,-0.44333333333361225,0.9866666666664514
2023-11-22 17:00:00,2023-11-22 17:15:00,Short,1991.18,1991.3449999999998,-0.16499999999973625,SL Hit,1991.3449999999998,1,299.52749999999423,15.0,0.4199999999998454,-2.5299999999999727
2023-11-22 20:05:00,2023-11-22 20:10:00,Long,1991.22,1990.8624999999997,-0.35750000000030013,SL Hit,1990.8624999999997,1,299.16999999999393,5.0,-0.75,0.19000000000005457
2023-11-22 20:55:00,2023-11-22 21:05:00,Short,1989.9,1989.9,0.0,SL Hit,1989.9,1,299.16999999999393,10.0,0.1899999999998272,-0.44000000000005457
2023-11-22 21:20:00,2023-11-22 21:35:00,Short,1989.84,1989.84,0.0,SL Hit,1989.84,1,299.16999999999393,15.0,0.009999999999990905,-1.0399999999999636
2023-11-22 21:40:00,2023-11-22 21:50:00,Short,1989.8,1989.9649999999997,-0.16499999999973625,SL Hit,1989.9649999999997,1,299.0049999999942,10.0,0.21000000000003638,-0.7000000000000455
2023-11-23 01:00:00,2023-11-23 03:15:00,Long,1992.846,1993.16,1.570000000000391,SL Hit,1993.16,5,300.5749999999946,135.0,-1.7460000000000946,1.9039999999999964
2023-11-23 04:45:00,2023-11-23 05:40:00,Short,1995.19,1995.64,-0.900000000000091,SL Hit,1995.64,2,299.6749999999945,55.0,0.5599999999999454,-1.5900000000001455
2023-11-23 07:05:00,2023-11-23 07:10:00,Short,1995.33,1995.33,0.0,SL Hit,1995.33,1,299.6749999999945,5.0,0.3000000000001819,-1.0
2023-11-23 08:50:00,2023-11-23 09:05:00,Long,1994.6550000000002,1993.7,-1.9100000000003092,SL Hit,1993.7,2,297.7649999999942,15.0,-1.555000000000291,0.6449999999997544
2023-11-23 09:15:00,2023-11-23 09:45:00,Short,1994.27,1994.27,0.0,SL Hit,1994.27,1,297.7649999999942,30.0,0.01999999999998181,-1.9700000000000273
2023-11-23 11:40:00,2023-11-23 11:45:00,Long,1994.04,1993.9575,-0.08249999999998181,SL Hit,1993.9575,1,297.6824999999942,5.0,-0.35999999999989996,0.2599999999999909
2023-11-23 11:50:00,2023-11-23 12:25:00,Long,1993.6750000000002,1993.0,-1.3500000000003638,SL Hit,1993.0,2,296.33249999999384,35.0,-1.4750000000001364,0.41499999999973625
2023-11-23 13:00:00,2023-11-23 13:15:00,Short,1992.4299999999998,1992.88,-0.9000000000005457,SL Hit,1992.88,2,295.4324999999933,15.0,0.6800000000000637,-0.5299999999997453
2023-11-23 13:20:00,2023-11-23 13:40:00,Long,1992.65,1991.9,-1.5,SL Hit,1991.9,2,293.9324999999933,20.0,-0.8500000000001364,0.5799999999999272
2023-11-23 15:55:00,2023-11-23 17:10:00,Short,1991.3025,1991.42,-0.47000000000025466,SL Hit,1991.42,4,293.46249999999304,75.0,0.8174999999998818,-2.0025000000000546
2023-11-23 19:30:00,2023-11-23 23:00:00,Short,1992.165,1992.46,-0.5900000000001455,SL Hit,1992.46,2,292.8724999999929,210.0,0.7950000000000728,-0.01499999999987267
2023-11-24 00:30:00,2023-11-24 00:45:00,Short,1993.37,1994.0850000000005,-0.7150000000006003,SL Hit,1994.0850000000005,1,292.1574999999923,15.0,0.790000000000191,-0.6699999999998454
2023-11-24 02:50:00,2023-11-24 02:55:00,Long,1992.69,1992.6350000000002,-0.05499999999983629,SL Hit,1992.6350000000002,1,292.10249999999246,5.0,-0.43000000000006366,0.4199999999998454
2023-11-24 06:10:00,2023-11-24 06:50:00,Short,1993.335,1993.71,-0.75,SL Hit,1993.71,2,291.35249999999246,40.0,0.46499999999991815,-0.8450000000000273
2023-11-24 06:55:00,2023-11-24 07:10:00,Long,1993.565,1992.96,-1.2100000000000364,SL Hit,1992.96,2,290.1424999999924,15.0,-0.7250000000001364,0.4049999999999727
2023-11-24 07:20:00,2023-11-24 07:35:00,Short,1993.07,1993.7575,-0.6875,SL Hit,1993.7575,1,289.4549999999924,15.0,0.8800000000001091,-0.5199999999999818
2023-11-24 09:10:00,2023-11-24 09:20:00,Long,1993.55,1993.44,-0.10999999999989996,SL Hit,1993.44,1,289.3449999999925,10.0,-0.4500000000000455,0.6900000000000546
2023-11-24 10:50:00,2023-11-24 11:05:00,Long,1995.64,1995.145,-0.49500000000011823,SL Hit,1995.145,1,288.8499999999924,15.0,-0.7200000000000273,0.4199999999998454
2023-11-24 12:05:00,2023-11-24 12:20:00,Long,1995.74,1995.685,-0.055000000000063665,SL Hit,1995.685,1,288.79499999999234,15.0,-0.16000000000008185,1.3399999999999181
2023-11-24 12:55:00,2023-11-24 13:10:00,Short,1995.425,1995.83,-0.8099999999999454,SL Hit,1995.83,2,287.9849999999924,15.0,0.6849999999999454,-0.3849999999999909
2023-11-24 14:30:00,2023-11-24 14:45:00,Long,2000.55,2000.0,-1.099999999999909,SL Hit,2000.0,2,286.8849999999925,15.0,-0.5599999999999454,2.3199999999999363
2023-11-24 14:55:00,2023-11-24 16:20:00,Short,2000.8566666666668,1999.16,5.0900000000001455,SL Hit,1999.16,3,291.97499999999263,85.0,2.3433333333332484,-3.516666666666879
2023-11-24 16:25:00,2023-11-24 18:30:00,Long,2000.2557142857142,2000.02,-1.6499999999998636,SL Hit,2000.02,7,290.32499999999277,125.0,-1.515714285714239,2.074285714285679
2023-11-24 18:35:00,2023-11-27 02:15:00,Long,2002.9471428571428,2009.12,43.20999999999958,SL Hit,2009.12,7,333.53499999999235,3340.0,-3.0671428571426986,14.622857142857129
2023-11-27 03:20:00,2023-11-27 03:30:00,Short,2009.28,2009.335,-0.055000000000063665,SL Hit,2009.335,1,333.4799999999923,10.0,0.9100000000000819,-1.4200000000000728
2023-11-27 07:10:00,2023-11-27 07:25:00,Long,2010.62,2010.0425000000005,-0.5774999999994179,SL Hit,2010.0425000000005,1,332.90249999999287,15.0,-0.6999999999998181,0.3500000000001364
2023-11-27 07:35:00,2023-11-27 07:50:00,Short,2009.8,2011.3674999999998,-1.5674999999998818,Bullish Trade Reversal,2011.3674999999998,1,331.334999999993,15.0,1.3600000000001273,-0.10999999999989996
2023-11-27 07:50:00,2023-11-27 10:15:00,Long,2012.37,2012.62,1.0,SL Hit,2012.62,4,332.334999999993,145.0,-1.959999999999809,2.880000000000109
2023-11-27 12:00:00,2023-11-27 12:05:00,Short,2013.04,2013.1774999999998,-0.1374999999998181,SL Hit,2013.1774999999998,1,332.19749999999317,5.0,0.6200000000001182,-0.5599999999999454
2023-11-27 15:45:00,2023-11-27 17:45:00,Short,2010.2966666666664,2010.24,0.16999999999916326,SL Hit,2010.24,3,332.36749999999233,120.0,1.0233333333335395,-4.446666666666488
2023-11-27 19:25:00,2023-11-27 19:35:00,Short,2012.82,2012.82,0.0,SL Hit,2012.82,1,332.36749999999233,10.0,0.6800000000000637,-0.8199999999999363
2023-11-27 23:05:00,2023-11-28 01:15:00,Long,2015.24,2016.2,5.760000000000218,SL Hit,2016.2,6,338.12749999999255,130.0,-2.839999999999918,2.5299999999999727
2023-11-28 03:55:00,2023-11-28 04:30:00,Short,2014.97,2015.3824999999997,-0.4124999999996817,SL Hit,2015.3824999999997,1,337.71499999999287,35.0,0.4800000000000182,-1.5699999999999363
2023-11-28 07:00:00,2023-11-28 07:20:00,Long,2016.1,2014.1750000000004,-1.9249999999994998,Bearish Trade Reversal,2014.1750000000004,1,335.78999999999337,20.0,-1.5,0.4800000000000182
2023-11-28 07:20:00,2023-11-28 08:50:00,Short,2014.21,2014.39,-0.540000000000191,SL Hit,2014.39,3,335.2499999999932,90.0,1.6099999999999,-2.1800000000000637
2023-11-28 09:25:00,2023-11-28 09:40:00,Long,2015.185,2014.7,-0.9699999999997999,SL Hit,2014.7,2,334.2799999999934,15.0,-1.2849999999998545,0.9650000000001455
2023-11-28 10:40:00,2023-11-28 10:55:00,Short,2014.01,2014.2849999999999,-0.2749999999998636,SL Hit,2014.2849999999999,1,334.0049999999935,15.0,0.6600000000000819,-0.5799999999999272
2023-11-28 11:35:00,2023-11-28 11:50:00,Long,2015.42,2015.1724999999997,-0.24750000000040018,SL Hit,2015.1724999999997,1,333.7574999999931,15.0,-0.3300000000001546,0.13999999999987267
2023-11-28 12:30:00,2023-11-28 12:55:00,Long,2015.2033333333336,2014.3,-2.710000000000946,SL Hit,2014.3,3,331.04749999999217,25.0,-1.8033333333335122,0.5866666666663605
2023-11-28 14:55:00,2023-11-28 15:10:00,Long,2025.96,2024.3925000000002,-1.5674999999998818,SL Hit,2024.3925000000002,1,329.4799999999923,15.0,-2.5599999999999454,2.2899999999999636
2023-11-28 20:55:00,2023-11-28 21:15:00,Long,2040.79,2040.3775000000003,-0.4124999999996817,SL Hit,2040.3775000000003,1,329.0674999999926,20.0,-0.5599999999999454,0.7200000000000273
2023-11-28 21:55:00,2023-11-29 01:45:00,Long,2043.625,2047.1,13.899999999999636,SL Hit,2047.1,4,342.96749999999224,230.0,-3.0150000000001,8.114999999999782
2023-11-29 02:00:00,2023-11-29 04:50:00,Short,2046.865,2044.66,8.819999999999709,SL Hit,2044.66,4,351.78749999999195,170.0,1.915000000000191,-4.365000000000009
2023-11-29 07:15:00,2023-11-29 11:10:00,Short,2041.26,2038.95,13.859999999999673,SL Hit,2038.95,6,365.6474999999916,235.0,2.7100000000000364,-5.379999999999882
2023-11-29 15:00:00,2023-11-29 15:10:00,Long,2045.62,2042.95,-5.339999999999691,SL Hit,2042.95,2,360.30749999999193,10.0,-5.209999999999809,1.0300000000002
2023-11-29 17:20:00,2023-11-29 20:15:00,Long,2045.018,2044.5,-2.5900000000001455,SL Hit,2044.5,5,357.7174999999918,175.0,-2.7480000000000473,4.4220000000000255
2023-11-29 23:10:00,2023-11-29 23:25:00,Long,2044.55,2043.9,-1.2999999999997272,SL Hit,2043.9,2,356.41749999999206,15.0,-0.9500000000000455,0.650000000000091
2023-11-29 23:30:00,2023-11-29 23:35:00,Short,2044.57,2044.57,0.0,SL Hit,2044.57,1,356.41749999999206,5.0,-0.0,-1.1699999999998454
2023-11-29 23:50:00,2023-11-30 01:30:00,Long,2044.9575,2044.9,-0.22999999999956344,SL Hit,2044.9,4,356.1874999999925,100.0,-0.837500000000091,1.7625000000000455
2023-11-30 01:35:00,2023-11-30 02:40:00,Short,2044.37,2044.1,0.5399999999999636,SL Hit,2044.1,2,356.72749999999246,65.0,0.8800000000001091,-1.8699999999998909
2023-11-30 04:40:00,2023-11-30 06:00:00,Short,2043.5166666666667,2042.71,2.4199999999998454,SL Hit,2042.71,3,359.1474999999923,80.0,1.0633333333332757,-2.0966666666665787
2023-11-30 06:20:00,2023-11-30 07:35:00,Long,2043.4066666666668,2043.8,1.179999999999609,SL Hit,2043.8,3,360.3274999999919,75.0,-0.8366666666668152,3.4533333333331484
2023-11-30 07:40:00,2023-11-30 07:55:00,Short,2044.18,2044.18,0.0,SL Hit,2044.18,1,360.3274999999919,15.0,0.09999999999990905,-1.8200000000001637
2023-11-30 10:10:00,2023-11-30 12:30:00,Short,2038.28,2038.97,-2.0700000000001637,SL Hit,2038.97,3,358.25749999999175,140.0,2.1800000000000637,-2.2200000000000273
2023-11-30 12:35:00,2023-11-30 12:45:00,Long,2037.94,2037.94,0.0,SL Hit,2037.94,1,358.25749999999175,10.0,-0.2300000000000182,0.8199999999999363
2023-11-30 15:40:00,2023-11-30 15:55:00,Long,2036.02,2036.02,0.0,SL Hit,2036.02,1,358.25749999999175,15.0,-0.2300000000000182,1.9100000000000819
2023-11-30 20:55:00,2023-11-30 21:05:00,Long,2035.32,2034.9625000000003,-0.357499999999618,Bearish Trade Reversal,2034.9625000000003,1,357.89999999999213,10.0,-0.21000000000003638,0.6100000000001273
2023-11-30 21:05:00,2023-11-30 21:10:00,Short,2035.93,2035.93,0.0,SL Hit,2035.93,1,357.89999999999213,5.0,0.7100000000000364,-0.22000000000002728
2023-12-01 01:55:00,2023-12-01 02:25:00,Short,2041.73,2041.98,-0.5,SL Hit,2041.98,2,357.39999999999213,30.0,0.9300000000000637,-0.34999999999990905
2023-12-01 05:45:00,2023-12-01 06:35:00,Long,2041.1233333333332,2040.9,-0.6699999999993906,SL Hit,2040.9,3,356.72999999999274,50.0,-1.293333333333294,1.6366666666667697
2023-12-01 08:35:00,2023-12-01 10:15:00,Long,2044.243333333333,2045.1,2.570000000000391,SL Hit,2045.1,3,359.29999999999313,100.0,-3.343333333333021,5.536666666667088
2023-12-01 16:05:00,2023-12-01 16:10:00,Short,2053.01,2053.01,0.0,Bullish Trade Reversal,2053.01,1,359.29999999999313,5.0,3.0099999999997635,-3.4200000000000728
2023-12-01 16:10:00,2023-12-01 19:50:00,Long,2062.951666666667,2067.2,25.489999999997963,SL Hit,2067.2,6,384.7899999999911,220.0,-12.241666666666788,11.998333333332994
2023-12-04 02:30:00,2023-12-04 02:50:00,Short,2085.94,2087.08,-2.2799999999997453,SL Hit,2087.08,2,382.50999999999135,20.0,1.5799999999999272,-0.5100000000002183
2023-12-04 04:05:00,2023-12-04 04:55:00,Short,2084.85,2085.25,-0.8000000000001819,SL Hit,2085.25,2,381.70999999999117,50.0,0.44000000000005457,-2.599999999999909
2023-12-04 06:10:00,2023-12-04 06:15:00,Short,2086.33,2086.6049999999996,-0.2749999999996362,SL Hit,2086.6049999999996,1,381.43499999999153,5.0,0.9099999999998545,-1.0299999999997453
2023-12-04 06:40:00,2023-12-04 08:40:00,Short,2074.79,2065.14,38.600000000000364,SL Hit,2065.14,4,420.0349999999919,120.0,9.440000000000055,-16.320000000000164
2023-12-04 11:15:00,2023-12-04 11:25:00,Short,2067.02,2067.7350000000006,-0.7150000000006003,SL Hit,2067.7350000000006,1,419.3199999999913,10.0,3.1599999999998545,-0.6700000000000728
2023-12-04 12:15:00,2023-12-04 12:20:00,Short,2069.53,2069.805,-0.2749999999996362,SL Hit,2069.805,1,419.04499999999166,5.0,1.3099999999999454,-0.6400000000003274
2023-12-04 12:35:00,2023-12-04 12:45:00,Short,2068.26,2068.535,-0.2749999999996362,SL Hit,2068.535,1,418.769999999992,10.0,1.2799999999997453,-1.1100000000001273
2023-12-04 16:05:00,2023-12-04 16:20:00,Short,2024.36,2027.4675000000002,-3.1075000000003,SL Hit,2027.4675000000002,1,415.6624999999917,15.0,3.5,-0.6999999999998181
2023-12-04 18:15:00,2023-12-04 19:00:00,Short,2023.755,2025.31,-3.1099999999996726,SL Hit,2025.31,2,412.55249999999205,45.0,1.834999999999809,-1.4550000000001546
2023-12-04 19:10:00,2023-12-04 19:15:00,Long,2024.64,2024.64,0.0,SL Hit,2024.64,1,412.55249999999205,5.0,-1.6400000000001,0.5599999999999454
2023-12-04 21:15:00,2023-12-04 21:50:00,Long,2029.255,2028.8,-0.9100000000003092,SL Hit,2028.8,2,411.64249999999174,35.0,-0.5550000000000637,0.8249999999998181
2023-12-05 02:20:00,2023-12-05 02:45:00,Short,2034.28,2036.0125000000003,-1.7325000000003001,SL Hit,2036.0125000000003,1,409.90999999999144,25.0,2.089999999999918,-0.7699999999999818
2023-12-05 03:35:00,2023-12-05 04:30:00,Long,2036.0900000000001,2035.2,-1.7800000000002,SL Hit,2035.2,2,408.12999999999124,55.0,-0.9600000000000364,2.0599999999999454
2023-12-05 05:35:00,2023-12-05 06:10:00,Short,2032.1999999999998,2033.35,-2.300000000000182,SL Hit,2033.35,2,405.82999999999106,35.0,1.3300000000001546,-1.0899999999999181
2023-12-05 13:10:00,2023-12-05 13:20:00,Long,2025.89,2025.5599999999997,-0.330000000000382,SL Hit,2025.5599999999997,1,405.4999999999907,10.0,-0.5500000000001819,1.8099999999999454
2023-12-05 13:25:00,2023-12-05 14:20:00,Long,2028.1,2025.34,-5.519999999999982,SL Hit,2025.34,2,399.9799999999907,55.0,-3.3599999999999,2.519999999999982
2023-12-05 17:25:00,2023-12-05 17:30:00,Long,2018.6,2018.6,0.0,SL Hit,2018.6,1,399.9799999999907,5.0,-1.099999999999909,1.040000000000191
2023-12-05 18:30:00,2023-12-05 18:45:00,Long,2018.08,2016.7599999999998,-1.3200000000001637,SL Hit,2016.7599999999998,1,398.65999999999053,15.0,-1.4199999999998454,1.3500000000001364
2023-12-05 19:45:00,2023-12-05 19:50:00,Short,2018.1,2018.5675,-0.4675000000002001,SL Hit,2018.5675,1,398.19249999999033,5.0,1.9100000000000819,-0.10999999999989996
2023-12-05 21:10:00,2023-12-05 21:30:00,Long,2019.1599999999999,2018.75,-0.819999999999709,SL Hit,2018.75,2,397.3724999999906,20.0,-0.5599999999999454,0.3100000000001728
2023-12-05 21:40:00,2023-12-05 23:05:00,Long,2019.045,2018.6,-0.8900000000003274,SL Hit,2018.6,2,396.4824999999903,85.0,-0.5450000000000728,0.6150000000000091
2023-12-05 23:10:00,2023-12-06 00:05:00,Short,2018.9066666666668,2019.53,-1.8699999999996635,SL Hit,2019.53,3,394.61249999999063,55.0,0.6533333333331939,-1.8066666666668425
2023-12-06 00:10:00,2023-12-06 01:25:00,Long,2019.7833333333335,2019.6,-0.550000000000864,SL Hit,2019.6,3,394.06249999998977,75.0,-0.45333333333360315,2.796666666666397
2023-12-06 03:35:00,2023-12-06 03:45:00,Short,2022.06,2022.4725000000003,-0.4125000000003638,SL Hit,2022.4725000000003,1,393.6499999999894,10.0,0.8800000000001091,-0.11999999999989086
2023-12-06 04:30:00,2023-12-06 05:20:00,Short,2022.005,2021.93,0.15000000000009095,SL Hit,2021.93,2,393.7999999999895,50.0,0.5449999999998454,-1.8050000000000637
2023-12-06 07:30:00,2023-12-06 08:25:00,Long,2031.045,2032.23,2.369999999999891,SL Hit,2032.23,2,396.1699999999894,55.0,-3.425000000000182,4.214999999999918
2023-12-06 13:10:00,2023-12-06 14:20:00,Long,2029.5333333333335,2028.4,-3.4000000000003183,SL Hit,2028.4,3,392.76999999998907,70.0,-3.1033333333334667,1.7966666666663968
2023-12-06 14:40:00,2023-12-06 14:45:00,Long,2030.18,2028.7225,-1.4574999999999818,SL Hit,2028.7225,1,391.3124999999891,5.0,-4.529999999999973,0.2999999999999545
2023-12-06 19:10:00,2023-12-06 23:15:00,Short,2028.0549999999998,2026.1,7.819999999999709,SL Hit,2026.1,4,399.1324999999888,245.0,2.3450000000002547,-3.6949999999999363
2023-12-06 23:20:00,2023-12-06 23:25:00,Long,2025.86,2025.86,0.0,SL Hit,2025.86,1,399.1324999999888,5.0,-0.5599999999999454,0.7100000000000364
2023-12-07 02:40:00,2023-12-07 03:40:00,Long,2028.5566666666666,2028.1,-1.3700000000001182,SL Hit,2028.1,3,397.7624999999887,60.0,-1.4966666666666697,1.2533333333333303
2023-12-07 04:30:00,2023-12-07 04:45:00,Short,2026.45,2026.45,0.0,SL Hit,2026.45,1,397.7624999999887,15.0,0.16999999999984539,-1.0399999999999636
2023-12-07 06:40:00,2023-12-07 06:50:00,Short,2027.45,2028.4674999999997,-1.0174999999996999,SL Hit,2028.4674999999997,1,396.744999999989,10.0,1.4800000000000182,-0.8300000000001546
2023-12-07 07:45:00,2023-12-07 07:50:00,Long,2029.79,2029.79,0.0,SL Hit,2029.79,1,396.744999999989,5.0,-0.30999999999994543,0.8500000000001364
2023-12-07 08:00:00,2023-12-07 09:25:00,Long,2031.4633333333334,2031.46,-0.009999999999990905,SL Hit,2031.46,3,396.734999999989,85.0,-2.683333333333394,3.216666666666697
2023-12-07 09:55:00,2023-12-07 10:25:00,Long,2034.145,2033.1,-2.0900000000001455,SL Hit,2033.1,2,394.64499999998884,30.0,-1.0650000000000546,0.6050000000000182
2023-12-07 13:25:00,2023-12-07 13:30:00,Long,2032.3249999999998,2031.91,-0.8299999999994725,SL Hit,2031.91,2,393.81499999998937,5.0,-1.224999999999909,2.1250000000002274
2023-12-07 13:35:00,2023-12-07 13:40:00,Short,2034.29,2036.8200000000002,-2.5300000000002,SL Hit,2036.8200000000002,1,391.28499999998917,5.0,4.440000000000055,-0.9300000000000637
2023-12-07 15:25:00,2023-12-07 15:40:00,Long,2028.46,2028.2124999999996,-0.24750000000040018,SL Hit,2028.2124999999996,1,391.03749999998877,15.0,-0.7000000000000455,2.6599999999998545
2023-12-07 16:35:00,2023-12-07 16:40:00,Short,2026.88,2027.2374999999997,-0.357499999999618,SL Hit,2027.2374999999997,1,390.67999999998915,5.0,0.36999999999989086,-0.7100000000000364
2023-12-07 21:55:00,2023-12-07 23:00:00,Short,2028.44,2028.4675,-0.027499999999918145,SL Hit,2028.4675,1,390.65249999998923,65.0,0.2899999999999636,-0.2999999999999545
2023-12-08 00:40:00,2023-12-08 02:40:00,Long,2030.7725,2031.84,4.269999999999527,SL Hit,2031.84,4,394.92249999998876,120.0,-1.8724999999999454,2.5674999999998818
2023-12-08 02:45:00,2023-12-08 02:50:00,Short,2031.97,2031.97,0.0,SL Hit,2031.97,1,394.92249999998876,5.0,0.25,-0.19000000000005457
2023-12-08 05:25:00,2023-12-08 05:30:00,Long,2031.13,2031.1024999999995,-0.027500000000600267,SL Hit,2031.1024999999995,1,394.89499999998816,5.0,-0.9900000000000091,0.2899999999999636
2023-12-08 06:35:00,2023-12-08 06:45:00,Short,2029.85,2030.4,-1.1000000000003638,SL Hit,2030.4,2,393.7949999999878,10.0,0.790000000000191,-0.5399999999999636
2023-12-08 12:20:00,2023-12-08 14:50:00,Short,2021.3199999999997,2009.06,36.77999999999929,SL Hit,2009.06,3,430.5749999999871,150.0,7.9200000000003,-18.2199999999998
2023-12-08 15:05:00,2023-12-08 16:05:00,Long,2009.705,2006.46,-6.489999999999782,SL Hit,2006.46,2,424.0849999999873,60.0,-4.115000000000009,4.495000000000118
2023-12-08 16:10:00,2023-12-08 17:45:00,Short,2002.71,1998.11,13.80000000000041,SL Hit,1998.11,3,437.8849999999877,95.0,3.4500000000000455,-8.0
2023-12-08 21:00:00,2023-12-11 00:25:00,Long,2004.6785714285713,2005.94,8.830000000001064,SL Hit,2005.94,7,446.7149999999888,3085.0,-2.4785714285712857,2.9414285714285597
2023-12-11 00:40:00,2023-12-11 04:35:00,Short,2000.3249999999998,1996.61,22.28999999999951,SL Hit,1996.61,6,469.0049999999883,235.0,5.695000000000164,-5.624999999999773
2023-12-11 09:40:00,2023-12-11 09:55:00,Short,1993.14,1993.14,0.0,SL Hit,1993.14,1,469.0049999999883,15.0,0.4799999999997908,-1.1800000000000637
2023-12-11 10:40:00,2023-12-11 10:45:00,Short,1992.38,1992.38,0.0,SL Hit,1992.38,1,469.0049999999883,5.0,1.0399999999999636,-0.37000000000011823
2023-12-11 13:00:00,2023-12-11 13:20:00,Short,1995.0,1995.0,0.0,SL Hit,1995.0,1,469.0049999999883,20.0,0.41000000000008185,-2.8900000000001
2023-12-11 13:25:00,2023-12-11 16:00:00,Short,1990.2060000000001,1983.92,31.43000000000029,SL Hit,1983.92,5,500.4349999999886,155.0,5.2439999999999145,-9.576000000000022
2023-12-11 16:20:00,2023-12-11 16:30:00,Short,1981.84,1981.84,0.0,SL Hit,1981.84,1,500.4349999999886,10.0,0.3000000000001819,-1.6799999999998363
2023-12-11 17:10:00,2023-12-11 18:25:00,Short,1978.27,1978.03,0.9600000000000364,SL Hit,1978.03,4,501.3949999999886,75.0,2.599999999999909,-2.869999999999891
2023-12-11 20:05:00,2023-12-11 20:35:00,Long,1981.38,1980.6,-1.5600000000004002,SL Hit,1980.6,2,499.8349999999882,30.0,-1.0800000000001546,0.6299999999998818
2023-12-11 21:30:00,2023-12-12 01:25:00,Long,1982.97625,1984.22,9.950000000000728,SL Hit,1984.22,8,509.78499999998894,235.0,-2.176249999999982,3.993750000000091
2023-12-12 03:15:00,2023-12-12 04:45:00,Long,1984.1799999999998,1984.6,0.8400000000001455,SL Hit,1984.6,2,510.6249999999891,90.0,-1.2299999999997908,2.160000000000082
2023-12-12 08:25:00,2023-12-12 10:25:00,Short,1985.6433333333334,1986.52,-2.6299999999996544,SL Hit,1986.52,3,507.99499999998943,120.0,1.3766666666665515,-2.763333333333321
2023-12-12 12:05:00,2023-12-12 13:35:00,Long,1989.54,1988.66,-2.6399999999996453,SL Hit,1988.66,3,505.3549999999898,90.0,-2.6299999999998818,5.420000000000073
2023-12-12 16:40:00,2023-12-12 18:00:00,Short,1980.19,1979.95,0.4800000000000182,SL Hit,1979.95,2,505.8349999999898,80.0,1.6799999999998363,-3.0299999999999727
2023-12-12 23:05:00,2023-12-13 00:20:00,Long,1980.8333333333333,1980.7,-0.3999999999996362,SL Hit,1980.7,3,505.43499999999017,75.0,-1.133333333333212,1.8766666666667788
2023-12-13 01:10:00,2023-12-13 01:25:00,Long,1980.9099999999999,1980.0,-1.819999999999709,SL Hit,1980.0,2,503.61499999999046,15.0,-1.209999999999809,0.37000000000011823
2023-12-13 02:05:00,2023-12-13 03:10:00,Short,1979.48,1979.65,-0.3400000000001455,SL Hit,1979.65,2,503.2749999999903,65.0,0.5499999999999545,-1.5399999999999636
2023-12-13 03:45:00,2023-12-13 04:20:00,Short,1978.73,1978.73,0.0,SL Hit,1978.73,1,503.2749999999903,35.0,0.01999999999998181,-1.5299999999999727
2023-12-13 06:10:00,2023-12-13 07:10:00,Short,1976.68,1975.71,1.9400000000000546,SL Hit,1975.71,2,505.21499999999037,60.0,1.4500000000000455,-3.6700000000000728
2023-12-13 08:25:00,2023-12-13 10:20:00,Long,1980.965,1981.23,1.0600000000004002,SL Hit,1981.23,4,506.27499999999077,115.0,-1.6649999999999636,1.7550000000001091
2023-12-13 10:25:00,2023-12-13 10:30:00,Short,1981.52,1982.1525000000001,-0.6325000000001637,Bullish Trade Reversal,1982.1525000000001,1,505.6424999999906,5.0,0.8099999999999454,-0.2999999999999545
2023-12-13 10:30:00,2023-12-13 11:20:00,Long,1981.8733333333332,1982.1,0.6800000000000637,SL Hit,1982.1,3,506.32249999999067,50.0,-0.6133333333332303,1.5666666666668334
2023-12-13 12:00:00,2023-12-13 13:30:00,Short,1981.6899999999998,1982.25,-1.6800000000005184,SL Hit,1982.25,3,504.64249999999015,90.0,4.5300000000002,-1.8799999999998818
2023-12-13 14:30:00,2023-12-13 14:35:00,Short,1982.92,1983.0575,-0.1374999999998181,SL Hit,1983.0575,1,504.50499999999033,5.0,0.9800000000000182,-1.3100000000001728
2023-12-13 15:05:00,2023-12-13 16:00:00,Short,1981.96,1981.96,0.0,SL Hit,1981.96,1,504.50499999999033,55.0,0.34999999999990905,-3.5299999999999727
2023-12-13 17:50:00,2023-12-13 19:00:00,Short,1981.8333333333333,1982.7,-2.600000000000364,SL Hit,1982.7,3,501.90499999998997,70.0,14.456666666666706,-2.1133333333332303
2023-12-13 21:25:00,2023-12-13 23:00:00,Long,2024.865,2026.05,2.369999999999891,SL Hit,2026.05,2,504.27499999998986,95.0,-1.2149999999999181,2.7049999999999272
2023-12-14 02:20:00,2023-12-14 02:30:00,Long,2032.35,2032.35,0.0,SL Hit,2032.35,1,504.27499999998986,10.0,-0.8599999999999,2.1200000000001182
2023-12-14 05:05:00,2023-12-14 05:25:00,Short,2031.24,2031.42,-0.36000000000012733,SL Hit,2031.42,2,503.91499999998973,20.0,0.20000000000004547,-0.5299999999999727
2023-12-14 08:00:00,2023-12-14 09:40:00,Long,2034.8899999999999,2035.67,1.5600000000004002,SL Hit,2035.67,2,505.47499999999013,100.0,-2.2899999999999636,5.160000000000082
2023-12-14 11:35:00,2023-12-14 11:40:00,Short,2033.93,2034.0125,-0.08249999999998181,SL Hit,2034.0125,1,505.39249999999015,5.0,0.22000000000002728,-0.7000000000000455
2023-12-14 12:30:00,2023-12-14 13:15:00,Long,2036.29,2034.145,-2.144999999999982,SL Hit,2034.145,1,503.24749999999017,45.0,-2.619999999999891,2.6400000000001
2023-12-14 14:35:00,2023-12-14 14:50:00,Long,2043.28,2043.28,0.0,SL Hit,2043.28,1,503.24749999999017,15.0,-1.099999999999909,4.269999999999982
2023-12-14 17:40:00,2023-12-14 19:15:00,Short,2034.6133333333335,2032.59,6.0700000000006185,SL Hit,2032.59,3,509.3174999999908,95.0,3.4766666666664605,-4.853333333333467
2023-12-14 21:30:00,2023-12-14 23:00:00,Short,2035.95,2036.2524999999998,-0.3024999999997817,SL Hit,2036.2524999999998,1,509.014999999991,90.0,0.5,-0.6000000000001364
2023-12-14 23:10:00,2023-12-14 23:55:00,Long,2036.3,2035.5,-1.599999999999909,SL Hit,2035.5,2,507.4149999999911,45.0,-1.099999999999909,2.25
2023-12-15 00:00:00,2023-12-15 02:10:00,Short,2033.8633333333335,2033.44,1.2700000000002092,SL Hit,2033.44,3,508.6849999999913,130.0,2.3866666666665424,-3.4633333333333667
2023-12-15 03:25:00,2023-12-15 03:55:00,Short,2035.43,2036.0075000000002,-0.5775000000001,SL Hit,2036.0075000000002,1,508.1074999999912,30.0,0.75,-1.4300000000000637
2023-12-15 04:45:00,2023-12-15 05:10:00,Long,2036.57,2035.25,-1.3199999999999363,SL Hit,2035.25,1,506.78749999999127,25.0,-1.4600000000000364,0.7100000000000364
2023-12-15 08:20:00,2023-12-15 11:10:00,Long,2040.6633333333332,2041.5,5.020000000000891,SL Hit,2041.5,6,511.80749999999216,170.0,-3.4233333333331757,3.5766666666668243
2023-12-15 11:15:00,2023-12-15 11:45:00,Short,2042.0,2042.23,-0.4600000000000364,SL Hit,2042.23,2,511.3474999999921,30.0,0.30999999999994543,-1.7699999999999818
2023-12-15 11:50:00,2023-12-15 12:55:00,Long,2041.69,2041.4149999999997,-0.2750000000003183,SL Hit,2041.4149999999997,1,511.0724999999918,65.0,-0.7400000000000091,2.730000000000018
2023-12-15 13:25:00,2023-12-15 13:30:00,Short,2040.96,2042.17,-1.2100000000000364,SL Hit,2042.17,1,509.86249999999177,5.0,2.1700000000000728,-4.420000000000073
2023-12-15 14:15:00,2023-12-15 14:45:00,Long,2032.8899999999999,2031.7,-2.3799999999996544,SL Hit,2031.7,2,507.4824999999921,30.0,-1.4099999999998545,3.300000000000182
2023-12-15 14:50:00,2023-12-15 15:10:00,Short,2033.915,2034.27,-0.7100000000000364,SL Hit,2034.27,2,506.7724999999921,20.0,2.4850000000001273,-1.634999999999991
2023-12-15 17:00:00,2023-12-15 17:25:00,Short,2033.4733333333334,2034.17,-2.0900000000001455,SL Hit,2034.17,3,504.68249999999193,25.0,0.8766666666665515,-1.0933333333332484
2023-12-15 18:15:00,2023-12-15 20:25:00,Short,2022.1725000000001,2019.0,12.69000000000051,SL Hit,2019.0,4,517.3724999999924,130.0,9.427499999999782,-6.212500000000091
2023-12-17 23:25:00,2023-12-18 00:20:00,Short,2018.4699999999998,2018.35,0.23999999999978172,SL Hit,2018.35,2,517.6124999999922,55.0,0.680000000000291,-3.1699999999998454
2023-12-18 02:50:00,2023-12-18 03:05:00,Short,2021.49,2022.15,-0.6600000000000819,SL Hit,2022.15,1,516.9524999999921,15.0,1.1800000000000637,-0.32999999999992724
2023-12-18 05:00:00,2023-12-18 05:50:00,Long,2023.1999999999998,2022.35,-1.699999999999818,SL Hit,2022.35,2,515.2524999999923,50.0,-1.2999999999997272,0.8200000000001637
2023-12-18 10:30:00,2023-12-18 11:40:00,Short,2021.605,2022.22,-1.2300000000000182,SL Hit,2022.22,2,514.0224999999923,70.0,0.724999999999909,-3.105000000000018
2023-12-18 13:55:00,2023-12-18 14:10:00,Long,2024.93,2024.5724999999998,-0.35750000000030013,SL Hit,2024.5724999999998,1,513.664999999992,15.0,-0.9600000000000364,1.8699999999998909
2023-12-18 15:25:00,2023-12-18 15:30:00,Short,2021.99,2021.99,0.0,SL Hit,2021.99,1,513.664999999992,5.0,1.0699999999999363,-0.8299999999999272
2023-12-18 16:35:00,2023-12-18 16:55:00,Long,2023.07,2022.6025000000004,-0.46749999999951797,SL Hit,2022.6025000000004,1,513.1974999999925,20.0,-0.8399999999999181,1.5
2023-12-18 20:05:00,2023-12-18 20:15:00,Short,2026.19,2026.19,0.0,SL Hit,2026.19,1,513.1974999999925,10.0,0.10999999999989996,-0.6000000000001364
2023-12-18 20:30:00,2023-12-18 20:35:00,Short,2026.53,2026.53,0.0,SL Hit,2026.53,1,513.1974999999925,5.0,0.18000000000006366,-0.5299999999999727
2023-12-18 21:35:00,2023-12-18 21:50:00,Long,2026.84,2026.6750000000002,-0.16499999999973625,SL Hit,2026.6750000000002,1,513.0324999999928,15.0,-0.7400000000000091,0.39000000000010004
2023-12-19 01:10:00,2023-12-19 01:25:00,Short,2026.9,2027.54,-1.2799999999997453,SL Hit,2027.54,2,511.752499999993,15.0,1.0,-1.1000000000001364
2023-12-19 01:30:00,2023-12-19 01:35:00,Long,2026.69,2026.3599999999997,-0.330000000000382,SL Hit,2026.3599999999997,1,511.4224999999926,5.0,-0.6900000000000546,0.5399999999999636
2023-12-19 07:25:00,2023-12-19 07:55:00,Long,2025.075,2024.5,-1.150000000000091,SL Hit,2024.5,2,510.27249999999253,30.0,-0.7250000000001364,1.115000000000009
2023-12-19 10:10:00,2023-12-19 12:00:00,Short,2026.3899999999999,2027.08,-1.3800000000001091,SL Hit,2027.08,2,508.8924999999924,110.0,0.9400000000000546,-2.689999999999827
2023-12-19 12:45:00,2023-12-19 17:50:00,Long,2033.9716666666666,2040.84,41.210000000000036,SL Hit,2040.84,6,550.1024999999925,305.0,-6.691666666666606,12.848333333333358
2023-12-19 17:55:00,2023-12-19 18:55:00,Short,2039.655,2038.69,1.9299999999998363,SL Hit,2038.69,2,552.0324999999923,60.0,1.1949999999999363,-2.9349999999999454
2023-12-19 19:00:00,2023-12-19 19:20:00,Long,2038.79,2038.2399999999998,-0.5500000000001819,SL Hit,2038.2399999999998,1,551.4824999999921,20.0,-0.9900000000000091,0.42000000000007276
2023-12-19 20:25:00,2023-12-19 20:40:00,Long,2039.4,2039.0974999999999,-0.30250000000023647,SL Hit,2039.0974999999999,1,551.1799999999919,15.0,-1.400000000000091,0.33999999999991815
2023-12-19 23:25:00,2023-12-19 23:40:00,Short,2039.86,2039.86,0.0,SL Hit,2039.86,1,551.1799999999919,15.0,0.21000000000003638,-1.0699999999999363
2023-12-20 00:45:00,2023-12-20 02:25:00,Short,2038.28,2038.06,0.8800000000001091,SL Hit,2038.06,4,552.059999999992,100.0,1.5499999999999545,-1.6800000000000637
2023-12-20 04:15:00,2023-12-20 04:25:00,Short,2040.48,2040.48,0.0,SL Hit,2040.48,1,552.059999999992,10.0,0.03999999999996362,-0.5499999999999545
2023-12-20 08:00:00,2023-12-20 08:35:00,Short,2041.76,2041.76,0.0,SL Hit,2041.76,1,552.059999999992,35.0,0.029999999999972715,-1.8900000000001
2023-12-20 10:05:00,2023-12-20 12:00:00,Short,2036.0933333333332,2034.05,6.129999999999882,SL Hit,2034.05,3,558.1899999999919,115.0,3.6866666666667243,-3.883333333333212
2023-12-20 17:25:00,2023-12-20 17:40:00,Short,2033.17,2033.7475000000002,-0.5775000000001,SL Hit,2033.7475000000002,1,557.6124999999918,15.0,1.0,-1.1000000000001364
2023-12-21 01:10:00,2023-12-21 01:15:00,Short,2033.92,2034.2499999999998,-0.32999999999969987,SL Hit,2034.2499999999998,1,557.2824999999921,5.0,0.32999999999992724,-0.8200000000001637
2023-12-21 04:00:00,2023-12-21 04:15:00,Long,2037.47,2037.0575,-0.4125000000001364,SL Hit,2037.0575,1,556.8699999999919,15.0,-0.42000000000007276,0.2899999999999636
2023-12-21 04:55:00,2023-12-21 05:10:00,Short,2036.62,2036.62,0.0,SL Hit,2036.62,1,556.8699999999919,15.0,0.39000000000010004,-0.4799999999997908
2023-12-21 06:00:00,2023-12-21 06:35:00,Short,2035.49,2036.21,-1.4400000000000546,SL Hit,2036.21,2,555.4299999999919,35.0,0.849999999999909,-1.1900000000000546
2023-12-21 06:50:00,2023-12-21 07:05:00,Long,2036.42,2036.1724999999997,-0.24750000000040018,SL Hit,2036.1724999999997,1,555.1824999999915,15.0,-1.2100000000000364,0.7899999999999636
2023-12-21 08:30:00,2023-12-21 08:45:00,Long,2035.98,2035.98,0.0,SL Hit,2035.98,1,555.1824999999915,15.0,-0.05999999999994543,1.1399999999998727
2023-12-21 09:50:00,2023-12-21 10:05:00,Short,2035.52,2035.52,0.0,SL Hit,2035.52,1,555.1824999999915,15.0,0.14000000000010004,-1.3199999999999363
2023-12-21 11:30:00,2023-12-21 11:40:00,Long,2034.61,2034.5,-0.10999999999989996,SL Hit,2034.5,1,555.0724999999916,10.0,-1.3099999999999454,0.5900000000001455
2023-12-21 14:45:00,2023-12-21 15:00:00,Long,2043.38,2041.3,-4.160000000000309,SL Hit,2041.3,2,550.9124999999913,15.0,-3.410000000000082,2.3199999999999363
2023-12-21 16:00:00,2023-12-21 16:05:00,Long,2041.61,2041.4175,-0.19249999999988177,SL Hit,2041.4175,1,550.7199999999914,5.0,-0.2699999999999818,1.7800000000002
2023-12-21 17:00:00,2023-12-21 19:10:00,Short,2040.8066666666666,2040.55,0.7699999999999818,SL Hit,2040.55,3,551.4899999999914,130.0,2.773333333333312,-3.5066666666666606
2023-12-21 20:05:00,2023-12-22 00:10:00,Long,2046.0942857142857,2050.8,32.940000000001646,SL Hit,2050.8,7,584.429999999993,245.0,-3.08428571428567,8.695714285714303
2023-12-22 01:05:00,2023-12-22 01:10:00,Short,2047.82,2047.82,0.0,SL Hit,2047.82,1,584.429999999993,5.0,0.6000000000001364,-0.8699999999998909
2023-12-22 03:05:00,2023-12-22 03:30:00,Long,2050.3450000000003,2049.6,-1.4900000000006912,SL Hit,2049.6,2,582.9399999999923,25.0,-1.2650000000003274,0.7849999999998545
2023-12-22 05:00:00,2023-12-22 07:00:00,Short,2048.6225,2048.87,-0.9899999999997817,SL Hit,2048.87,4,581.9499999999925,120.0,0.8975000000000364,-1.7224999999998545
2023-12-22 08:40:00,2023-12-22 12:55:00,Long,2055.55,2059.9,34.79999999999927,SL Hit,2059.9,8,616.7499999999918,255.0,-4.7800000000002,10.259999999999764
2023-12-22 13:45:00,2023-12-22 15:20:00,Long,2065.8266666666664,2066.13,0.9100000000012187,SL Hit,2066.13,3,617.659999999993,95.0,-3.406666666666297,4.3733333333334485
2023-12-22 17:50:00,2023-12-22 19:05:00,Long,2056.21,2056.28,0.14000000000032742,SL Hit,2056.28,2,617.7999999999934,75.0,-1.7600000000002183,1.7399999999997817
2023-12-26 03:40:00,2023-12-26 03:50:00,Long,2064.16,2064.0775000000003,-0.08249999999952706,SL Hit,2064.0775000000003,1,617.7174999999938,10.0,-1.0599999999999454,0.24000000000023647
2023-12-26 07:50:00,2023-12-26 08:00:00,Long,2063.47,2063.47,0.0,SL Hit,2063.47,1,617.7174999999938,10.0,-0.25,1.0900000000001455
2023-12-26 08:20:00,2023-12-26 09:20:00,Short,2062.7566666666667,2061.76,2.989999999999327,SL Hit,2061.76,3,620.7074999999932,60.0,1.133333333333212,-2.1566666666667516
2023-12-26 12:15:00,2023-12-26 13:20:00,Short,2062.56,2063.03,-0.9400000000005093,SL Hit,2063.03,2,619.7674999999927,65.0,0.7300000000000182,-1.2899999999999636
2023-12-26 18:30:00,2023-12-26 18:35:00,Long,2058.45,2058.45,0.0,SL Hit,2058.45,1,619.7674999999927,5.0,-0.03999999999996362,1.0900000000001455
2023-12-26 22:00:00,2023-12-26 23:00:00,Short,2067.77,2067.77,0.0,SL Hit,2067.77,1,619.7674999999927,60.0,0.5300000000002001,-0.1999999999998181
2023-12-27 02:05:00,2023-12-27 04:50:00,Short,2065.64,2065.03,1.8299999999990177,SL Hit,2065.03,3,621.5974999999917,165.0,1.5199999999999818,-2.4400000000000546
2023-12-27 04:55:00,2023-12-27 05:35:00,Long,2065.49,2064.3,-2.3799999999991996,SL Hit,2064.3,2,619.2174999999925,40.0,-1.199999999999818,0.580000000000382
2023-12-27 06:50:00,2023-12-27 07:25:00,Short,2066.06,2066.06,0.0,SL Hit,2066.06,1,619.2174999999925,35.0,0.20000000000027285,-1.8600000000001273
2023-12-27 08:05:00,2023-12-27 09:15:00,Long,2067.04,2067.24,0.5999999999994543,SL Hit,2067.24,3,619.8174999999919,70.0,-0.8200000000001637,1.3099999999999454
2023-12-27 18:00:00,2023-12-27 18:30:00,Long,2081.9849999999997,2081.1,-1.769999999999527,SL Hit,2081.1,2,618.0474999999924,30.0,-3.0949999999998,2.005000000000109
2023-12-27 20:20:00,2023-12-27 20:30:00,Short,2076.94,2077.325,-0.38499999999976353,SL Hit,2077.325,1,617.6624999999926,10.0,1.1700000000000728,-0.2699999999999818
2023-12-27 21:20:00,2023-12-27 21:30:00,Short,2077.2,2077.2,0.0,SL Hit,2077.2,1,617.6624999999926,10.0,0.01999999999998181,-0.4399999999995998
2023-12-28 00:00:00,2023-12-28 00:55:00,Long,2079.7349999999997,2079.4,-0.6699999999991633,SL Hit,2079.4,2,616.9924999999935,55.0,-0.5549999999998363,0.955000000000382
2023-12-28 05:00:00,2023-12-28 05:05:00,Short,2086.51,2086.812499999999,-0.3024999999988722,SL Hit,2086.812499999999,1,616.6899999999946,5.0,0.6599999999998545,-0.44000000000005457
2023-12-28 05:10:00,2023-12-28 05:15:00,Long,2086.85,2086.85,0.0,SL Hit,2086.85,1,616.6899999999946,5.0,-1.449999999999818,0.34999999999990905
2023-12-28 07:10:00,2023-12-28 07:25:00,Long,2086.53,2085.7875000000004,-0.7424999999998363,SL Hit,2085.7875000000004,1,615.9474999999948,15.0,-1.1400000000003274,0.8999999999996362
2023-12-28 09:00:00,2023-12-28 09:55:00,Short,2075.9500000000003,2077.7,-5.249999999998636,SL Hit,2077.7,3,610.6974999999961,55.0,2.0799999999999272,-2.7200000000002547
2023-12-28 10:00:00,2023-12-28 10:40:00,Long,2077.6549999999997,2075.71,-3.889999999999418,SL Hit,2075.71,2,606.8074999999967,40.0,-2.3149999999996,1.1950000000001637
2023-12-28 10:50:00,2023-12-28 11:00:00,Short,2076.19,2077.455,-1.2649999999998727,SL Hit,2077.455,1,605.5424999999968,10.0,1.6799999999998363,-1.1799999999998363
2023-12-28 15:45:00,2023-12-28 15:50:00,Long,2078.1,2077.4125,-0.6875,SL Hit,2077.4125,1,604.8549999999968,5.0,-1.0199999999999818,0.9400000000000546
2023-12-28 15:55:00,2023-12-28 17:45:00,Short,2075.78,2075.49,0.8700000000012551,SL Hit,2075.49,3,605.7249999999981,110.0,1.6299999999996544,-3.4900000000002365
2023-12-28 21:40:00,2023-12-28 21:50:00,Short,2065.23,2065.45,-0.2199999999997999,SL Hit,2065.45,1,605.5049999999983,10.0,0.40000000000009095,-0.6300000000001091
2023-12-28 21:55:00,2023-12-28 23:00:00,Short,2065.39,2065.63,-0.48000000000047294,SL Hit,2065.63,2,605.0249999999978,65.0,1.5300000000002,-0.2899999999999636
2023-12-29 00:20:00,2023-12-29 00:30:00,Long,2066.4,2066.4,0.0,SL Hit,2066.4,1,605.0249999999978,10.0,-0.2800000000002001,1.4099999999998545
2023-12-29 01:15:00,2023-12-29 03:15:00,Long,2068.775,2068.1,-2.7000000000007276,SL Hit,2068.1,4,602.3249999999971,120.0,-1.305000000000291,2.4649999999996908
2023-12-29 03:20:00,2023-12-29 03:30:00,Short,2068.3,2068.6574999999993,-0.35749999999916326,SL Hit,2068.6574999999993,1,601.9674999999979,10.0,0.6499999999996362,-0.49000000000023647
2023-12-29 08:40:00,2023-12-29 11:15:00,Short,2068.326666666667,2066.27,6.1700000000005275,SL Hit,2066.27,3,608.1374999999985,155.0,2.9533333333333758,-6.246666666666897
2023-12-29 12:30:00,2023-12-29 14:40:00,Short,2063.8475,2062.32,6.109999999998763,SL Hit,2062.32,4,614.2474999999972,130.0,3.332499999999982,-5.627500000000055
2023-12-29 15:35:00,2023-12-29 15:40:00,Long,2064.22,2064.22,0.0,SL Hit,2064.22,1,614.2474999999972,5.0,-1.2599999999997635,1.5300000000002
2023-12-29 17:25:00,2023-12-29 17:50:00,Long,2066.4,2065.959999999999,-0.44000000000096406,SL Hit,2065.959999999999,1,613.8074999999963,25.0,-0.9100000000003092,1.3800000000001091
2023-12-29 19:25:00,2023-12-29 20:40:00,Long,2065.6099999999997,2064.0,-3.219999999999345,SL Hit,2064.0,2,610.5874999999969,75.0,-1.6299999999996544,2.080000000000382
2023-12-29 21:25:00,2023-12-29 21:35:00,Short,2062.75,2063.1349999999998,-0.38499999999976353,SL Hit,2063.1349999999998,1,610.2024999999971,10.0,0.4099999999998545,-0.5500000000001819
2024-01-02 00:20:00,2024-01-02 00:30:00,Short,2063.45,2063.45,0.0,SL Hit,2063.45,1,610.2024999999971,10.0,0.19000000000005457,-1.449999999999818
2024-01-02 01:55:00,2024-01-02 02:35:00,Short,2067.07,2067.07,0.0,SL Hit,2067.07,1,610.2024999999971,40.0,1.1399999999998727,-2.8099999999999454
2024-01-02 05:00:00,2024-01-02 05:05:00,Short,2069.63,2070.2349999999997,-0.6049999999995634,SL Hit,2070.2349999999997,1,609.5974999999976,5.0,0.6099999999996726,-0.17000000000007276
2024-01-02 14:45:00,2024-01-02 14:55:00,Short,2066.96,2072.845,-5.8849999999997635,Bullish Trade Reversal,2072.845,1,603.7124999999978,10.0,3.2399999999997817,-1.0599999999999454
2024-01-02 14:55:00,2024-01-02 15:15:00,Long,2069.06,2065.045,-4.014999999999873,SL Hit,2065.045,1,599.697499999998,20.0,-4.940000000000055,1.1799999999998363
2024-01-02 16:50:00,2024-01-02 17:15:00,Long,2066.09,2064.1,-3.980000000000473,SL Hit,2064.1,2,595.7174999999975,25.0,-3.130000000000109,0.8299999999999272
2024-01-02 19:30:00,2024-01-02 21:50:00,Short,2060.8675,2059.02,7.389999999999418,SL Hit,2059.02,4,603.1074999999969,140.0,1.0125000000002728,-3.167500000000018
2024-01-02 21:55:00,2024-01-02 23:00:00,Long,2058.795,2058.35,-0.8900000000003274,SL Hit,2058.35,2,602.2174999999966,65.0,-0.7950000000000728,0.11499999999978172
2024-01-03 01:20:00,2024-01-03 01:30:00,Short,2060.33,2061.4300000000026,-1.1000000000026375,SL Hit,2061.4300000000026,1,601.1174999999939,10.0,1.6700000000000728,-0.7300000000000182
2024-01-03 05:55:00,2024-01-03 06:10:00,Short,2064.23,2065.1100000000006,-0.8800000000005639,SL Hit,2065.1100000000006,1,600.2374999999934,15.0,0.9400000000000546,-0.5700000000001637
2024-01-03 07:10:00,2024-01-03 08:10:00,Short,2063.04,2064.03,-0.9900000000002365,SL Hit,2064.03,1,599.2474999999931,60.0,1.1199999999998909,-2.2399999999997817
2024-01-03 09:35:00,2024-01-03 15:00:00,Short,2049.1825,2042.17,56.099999999998545,SL Hit,2042.17,8,655.3474999999917,325.0,9.537499999999909,-17.262499999999818
2024-01-03 16:05:00,2024-01-03 18:00:00,Short,2034.0649999999998,2033.51,2.219999999999345,SL Hit,2033.51,4,657.567499999991,115.0,1.6850000000001728,-3.0949999999998
2024-01-03 18:35:00,2024-01-03 18:40:00,Long,2034.24,2034.24,0.0,SL Hit,2034.24,1,657.567499999991,5.0,-0.2400000000000091,1.0199999999999818
2024-01-03 21:00:00,2024-01-03 21:05:00,Long,2040.99,2040.5499999999997,-0.44000000000028194,SL Hit,2040.5499999999997,1,657.1274999999907,5.0,-0.5299999999999727,0.7100000000000364
2024-01-03 21:45:00,2024-01-03 23:00:00,Short,2041.0,2041.77,-0.7699999999999818,SL Hit,2041.77,1,656.3574999999908,75.0,1.4100000000000819,-0.21000000000003638
2024-01-03 23:40:00,2024-01-04 00:00:00,Long,2042.67,2042.3949999999998,-0.2750000000003183,SL Hit,2042.3949999999998,1,656.0824999999904,20.0,-0.2899999999999636,0.8899999999998727
2024-01-04 00:10:00,2024-01-04 00:50:00,Long,2042.605,2041.7,-1.8099999999999454,SL Hit,2041.7,2,654.2724999999905,40.0,-0.9249999999999545,0.48499999999989996
2024-01-04 01:00:00,2024-01-04 01:05:00,Short,2042.13,2042.3774999999998,-0.24749999999971806,SL Hit,2042.3774999999998,1,654.0249999999908,5.0,0.4399999999998272,-0.3200000000001637
2024-01-04 01:25:00,2024-01-04 02:00:00,Short,2042.46,2042.625,-0.16499999999996362,SL Hit,2042.625,1,653.8599999999908,35.0,1.240000000000009,-2.2999999999999545
2024-01-04 02:05:00,2024-01-04 04:10:00,Long,2043.455,2042.56,-1.7899999999999636,SL Hit,2042.56,2,652.0699999999908,125.0,-1.0549999999998363,3.3050000000000637
2024-01-04 07:35:00,2024-01-04 08:20:00,Long,2048.056666666667,2046.85,-3.6200000000008004,SL Hit,2046.85,3,648.44999999999,45.0,-1.356666666666797,1.3033333333332848
2024-01-04 08:25:00,2024-01-04 09:30:00,Short,2047.2350000000001,2048.52,-2.569999999999709,SL Hit,2048.52,2,645.8799999999903,65.0,1.6549999999997453,-1.775000000000091
2024-01-04 11:25:00,2024-01-04 11:30:00,Long,2047.73,2047.3724999999997,-0.35750000000030013,SL Hit,2047.3724999999997,1,645.52249999999,5.0,-0.4700000000000273,0.36999999999989086
2024-01-04 12:30:00,2024-01-04 13:20:00,Long,2045.23,2044.5974999999999,-0.6325000000001637,SL Hit,2044.5974999999999,1,644.8899999999899,50.0,-2.4400000000000546,1.759999999999991
2024-01-04 13:30:00,2024-01-04 14:20:00,Short,2041.38,2041.79,-0.819999999999709,SL Hit,2041.79,2,644.0699999999902,50.0,3.009999999999991,-3.6200000000001182
2024-01-04 17:10:00,2024-01-04 19:00:00,Short,2043.5333333333335,2043.95,-1.2499999999995453,SL Hit,2043.95,3,642.8199999999906,110.0,1.426666666666506,-2.833333333333485
2024-01-04 20:55:00,2024-01-04 21:05:00,Short,2043.62,2044.005,-0.3850000000002183,SL Hit,2044.005,1,642.4349999999904,10.0,0.6100000000001273,-0.4799999999997908
2024-01-05 00:45:00,2024-01-05 00:50:00,Long,2044.13,2044.13,0.0,SL Hit,2044.13,1,642.4349999999904,5.0,-0.040000000000190994,0.4699999999997999
2024-01-05 03:00:00,2024-01-05 04:20:00,Short,2045.4533333333331,2045.45,0.009999999999308784,SL Hit,2045.45,3,642.4449999999897,80.0,0.8066666666668425,-1.253333333333103
2024-01-05 04:25:00,2024-01-05 04:55:00,Long,2045.67,2044.2,-2.9400000000000546,SL Hit,2044.2,2,639.5049999999896,30.0,-1.6700000000000728,0.6299999999998818
2024-01-05 08:35:00,2024-01-05 08:50:00,Short,2042.42,2042.9975000000002,-0.5775000000001,SL Hit,2042.9975000000002,1,638.9274999999895,15.0,0.6699999999998454,-0.6400000000001
2024-01-05 10:45:00,2024-01-05 11:15:00,Long,2038.26,2038.2325,-0.027499999999918145,SL Hit,2038.2325,1,638.8999999999896,30.0,-0.25,1.9800000000000182
2024-01-05 11:25:00,2024-01-05 11:30:00,Short,2038.16,2038.16,0.0,SL Hit,2038.16,1,638.8999999999896,5.0,0.09999999999990905,-0.8200000000001637
2024-01-05 12:45:00,2024-01-05 13:25:00,Long,2040.18,2039.53,-1.9500000000002728,SL Hit,2039.53,3,636.9499999999894,40.0,-0.8500000000001364,1.3899999999998727
2024-01-05 18:15:00,2024-01-05 18:25:00,Short,2041.64,2042.4924999999998,-0.8524999999997362,SL Hit,2042.4924999999998,1,636.0974999999896,10.0,1.7699999999999818,-0.41000000000008185
2024-01-05 18:30:00,2024-01-05 19:40:00,Long,2045.6950000000002,2046.6,1.8099999999994907,SL Hit,2046.6,2,637.9074999999891,70.0,-2.895000000000209,4.464999999999691
2024-01-05 19:45:00,2024-01-05 21:20:00,Short,2045.2649999999999,2044.76,1.0099999999997635,SL Hit,2044.76,2,638.9174999999889,95.0,1.275000000000091,-2.354999999999791
2024-01-05 21:30:00,2024-01-07 23:00:00,Long,2044.69,2043.7,-1.9800000000000182,SL Hit,2043.7,2,636.9374999999889,2970.0,-1.3400000000001455,1.9600000000000364
2024-01-07 23:45:00,2024-01-08 00:10:00,Short,2043.98,2044.86,-0.8799999999998818,SL Hit,2044.86,1,636.057499999989,25.0,1.0599999999999454,-1.6800000000000637
2024-01-08 00:20:00,2024-01-08 00:25:00,Long,2045.18,2045.18,0.0,SL Hit,2045.18,1,636.057499999989,5.0,-0.8800000000001091,0.6799999999998363
2024-01-08 01:15:00,2024-01-08 01:35:00,Long,2045.31,2044.2100000000003,-1.0999999999996817,SL Hit,2044.2100000000003,1,634.9574999999893,20.0,-1.099999999999909,1.1900000000000546
2024-01-08 01:40:00,2024-01-08 07:45:00,Short,2036.0466666666664,2031.07,44.789999999998145,SL Hit,2031.07,9,679.7474999999874,365.0,8.563333333333503,-7.846666666666351
2024-01-08 08:10:00,2024-01-08 09:45:00,Short,2029.455,2030.54,-2.1700000000000728,SL Hit,2030.54,2,677.5774999999874,95.0,1.9950000000001182,-2.855000000000018
2024-01-08 10:25:00,2024-01-08 12:45:00,Short,2023.0600000000002,2020.81,6.750000000000682,SL Hit,2020.81,3,684.327499999988,140.0,5.399999999999864,-4.310000000000173
2024-01-08 19:20:00,2024-01-08 20:05:00,Long,2028.435,2027.5,-1.8699999999998909,SL Hit,2027.5,2,682.4574999999882,45.0,-1.0449999999998454,1.2950000000000728
2024-01-08 22:00:00,2024-01-08 23:00:00,Short,2027.83,2027.83,0.0,SL Hit,2027.83,1,682.4574999999882,60.0,0.5099999999999909,-0.009999999999990905
2024-01-09 01:00:00,2024-01-09 01:20:00,Long,2034.74,2033.255,-1.4849999999999,Bearish Trade Reversal,2033.255,1,680.9724999999883,20.0,-2.269999999999982,0.5899999999999181
2024-01-09 01:20:00,2024-01-09 02:00:00,Short,2033.72,2033.8025,-0.08249999999998181,SL Hit,2033.8025,1,680.8899999999883,40.0,0.6800000000000637,-2.8199999999999363
2024-01-09 03:05:00,2024-01-09 03:15:00,Short,2034.01,2034.01,0.0,SL Hit,2034.01,1,680.8899999999883,10.0,0.7599999999999909,-1.6099999999999
2024-01-09 04:25:00,2024-01-09 05:50:00,Short,2032.4150000000002,2032.56,-0.5799999999990177,SL Hit,2032.56,4,680.3099999999893,85.0,1.2749999999998636,-2.2150000000001455
2024-01-09 07:15:00,2024-01-09 08:10:00,Long,2034.325,2032.7,-3.25,SL Hit,2032.7,2,677.0599999999893,55.0,-1.7150000000001455,3.2949999999998454
2024-01-09 11:50:00,2024-01-09 12:10:00,Short,2034.81,2035.42,-1.2200000000002547,SL Hit,2035.42,2,675.839999999989,20.0,0.8099999999999454,-1.9099999999998545
2024-01-09 12:35:00,2024-01-09 13:05:00,Long,2035.5233333333333,2034.27,-3.759999999999991,SL Hit,2034.27,3,672.079999999989,30.0,-2.0933333333332484,0.7066666666667061
2024-01-09 14:45:00,2024-01-09 16:55:00,Short,2033.37,2030.89,9.919999999999163,SL Hit,2030.89,4,681.9999999999882,130.0,2.6400000000001,-7.25
2024-01-09 17:35:00,2024-01-09 17:55:00,Short,2028.85,2029.0975000000003,-0.24750000000040018,SL Hit,2029.0975000000003,1,681.7524999999878,20.0,0.3300000000001546,-1.6399999999998727
2024-01-09 18:05:00,2024-01-09 18:45:00,Short,2027.84,2028.39,-0.5500000000001819,SL Hit,2028.39,1,681.2024999999876,40.0,0.8200000000001637,-1.4399999999998272
2024-01-09 19:05:00,2024-01-09 19:15:00,Long,2028.72,2028.72,0.0,SL Hit,2028.72,1,681.2024999999876,10.0,-0.8199999999999363,0.7999999999999545
2024-01-09 19:45:00,2024-01-09 19:50:00,Short,2027.98,2028.145,-0.16499999999996362,SL Hit,2028.145,1,681.0374999999876,5.0,0.9300000000000637,-0.9800000000000182
2024-01-10 00:15:00,2024-01-10 00:20:00,Long,2030.66,2030.6325000000002,-0.027499999999918145,SL Hit,2030.6325000000002,1,681.0099999999877,5.0,-0.41000000000008185,0.2999999999999545
2024-01-10 01:05:00,2024-01-10 01:35:00,Short,2029.82,2029.82,0.0,SL Hit,2029.82,1,681.0099999999877,30.0,0.37000000000011823,-2.519999999999982
2024-01-10 01:45:00,2024-01-10 02:05:00,Long,2030.6,2030.6,0.0,SL Hit,2030.6,1,681.0099999999877,20.0,-0.09999999999990905,1.7800000000002
2024-01-10 03:45:00,2024-01-10 04:30:00,Short,2029.78,2029.65,0.25999999999976353,SL Hit,2029.65,2,681.2699999999875,45.0,0.8399999999999181,-1.6499999999998636
2024-01-10 04:40:00,2024-01-10 04:45:00,Long,2029.5,2029.5,0.0,SL Hit,2029.5,1,681.2699999999875,5.0,-0.05999999999994543,0.7899999999999636
2024-01-10 05:30:00,2024-01-10 07:10:00,Short,2027.2325,2026.41,3.2899999999999636,SL Hit,2026.41,4,684.5599999999874,100.0,2.457499999999982,-3.3825000000001637
2024-01-10 09:55:00,2024-01-10 11:05:00,Long,2035.6599999999999,2034.68,-1.9599999999995816,SL Hit,2034.68,2,682.5999999999879,70.0,-1.0899999999999181,4.5300000000002
2024-01-10 11:10:00,2024-01-10 12:05:00,Short,2034.37,2034.7,-0.6600000000003092,SL Hit,2034.7,2,681.9399999999875,55.0,0.6200000000001182,-2.269999999999982
2024-01-10 12:10:00,2024-01-10 12:40:00,Long,2034.8866666666665,2033.2,-5.059999999999491,SL Hit,2033.2,3,676.8799999999881,30.0,-2.2366666666664514,0.5933333333334758
2024-01-10 14:05:00,2024-01-10 14:30:00,Short,2029.87,2031.23,-2.7200000000002547,SL Hit,2031.23,2,674.1599999999878,25.0,2.9500000000000455,-1.1099999999999
2024-01-10 14:45:00,2024-01-10 15:30:00,Short,2027.335,2027.61,-0.5499999999997272,SL Hit,2027.61,2,673.6099999999881,45.0,1.6050000000000182,-2.535000000000082
2024-01-10 18:15:00,2024-01-10 19:40:00,Short,2023.41,2023.8224999999998,-0.4124999999996817,SL Hit,2023.8224999999998,1,673.1974999999884,85.0,0.8399999999999181,-3.019999999999982
2024-01-11 00:20:00,2024-01-11 00:25:00,Long,2026.3,2026.3,0.0,SL Hit,2026.3,1,673.1974999999884,5.0,-0.20000000000004547,1.259999999999991
2024-01-11 00:50:00,2024-01-11 01:40:00,Long,2027.8866666666665,2027.2,-2.0599999999994907,SL Hit,2027.2,3,671.1374999999889,50.0,-0.9866666666664514,0.8733333333334485
2024-01-11 04:45:00,2024-01-11 06:15:00,Long,2032.6166666666668,2031.9,-2.150000000000091,SL Hit,2031.9,3,668.9874999999888,90.0,-1.9166666666667425,2.243333333333112
2024-01-11 06:40:00,2024-01-11 07:00:00,Long,2033.665,2033.2,-0.9299999999998363,SL Hit,2033.2,2,668.057499999989,20.0,-0.6649999999999636,1.1849999999999454
2024-01-11 07:20:00,2024-01-11 07:30:00,Long,2033.94,2033.94,0.0,SL Hit,2033.94,1,668.057499999989,10.0,-0.6400000000001,1.6099999999999
2024-01-11 07:55:00,2024-01-11 09:50:00,Short,2032.7233333333334,2032.13,1.7799999999997453,SL Hit,2032.13,3,669.8374999999887,115.0,1.8066666666666151,-3.3233333333332666
2024-01-11 10:45:00,2024-01-11 11:05:00,Long,2031.6599999999999,2031.1,-1.1199999999998909,SL Hit,2031.1,2,668.7174999999888,20.0,-0.8599999999999,0.8300000000001546
2024-01-11 12:15:00,2024-01-11 12:20:00,Short,2033.2,2033.4474999999998,-0.24749999999971806,SL Hit,2033.4474999999998,1,668.4699999999891,5.0,0.25,-0.42000000000007276
2024-01-11 13:05:00,2024-01-11 13:30:00,Long,2034.08,2031.84,-4.480000000000018,SL Hit,2031.84,2,663.9899999999891,25.0,-7.809999999999945,4.880000000000109
2024-01-11 13:35:00,2024-01-11 14:35:00,Short,2030.655,2032.29,-3.269999999999982,SL Hit,2032.29,2,660.7199999999891,60.0,3.7450000000001182,-5.615000000000009
2024-01-11 15:10:00,2024-01-11 15:25:00,Short,2027.16,2030.3499999999997,-3.1899999999996,SL Hit,2030.3499999999997,1,657.5299999999895,15.0,3.709999999999809,-1.490000000000009
2024-01-11 15:35:00,2024-01-11 15:40:00,Long,2030.16,2030.16,0.0,SL Hit,2030.16,1,657.5299999999895,5.0,-0.650000000000091,1.5
2024-01-11 16:15:00,2024-01-11 19:00:00,Short,2017.8579999999997,2016.79,5.339999999998781,SL Hit,2016.79,5,662.8699999999883,165.0,8.472000000000207,-4.46799999999962
2024-01-12 01:05:00,2024-01-12 01:10:00,Short,2030.98,2031.7224999999999,-0.7424999999998363,SL Hit,2031.7224999999999,1,662.1274999999885,5.0,1.349999999999909,-0.6600000000000819
2024-01-12 04:15:00,2024-01-12 04:40:00,Short,2033.185,2033.99,-1.6100000000001273,SL Hit,2033.99,2,660.5174999999883,25.0,1.2150000000001455,-0.7849999999998545
2024-01-12 05:40:00,2024-01-12 05:50:00,Short,2034.37,2034.76,-0.7800000000002001,SL Hit,2034.76,2,659.7374999999881,10.0,0.75,-0.6699999999998454
2024-01-12 07:25:00,2024-01-12 09:45:00,Long,2038.11,2038.81,3.5000000000002274,SL Hit,2038.81,5,663.2374999999884,140.0,-2.8099999999999454,1.8200000000001637
2024-01-12 10:25:00,2024-01-12 11:45:00,Long,2041.9066666666668,2044.8,8.679999999999609,SL Hit,2044.8,3,671.917499999988,80.0,-3.206666666666706,5.0933333333332484
2024-01-15 01:30:00,2024-01-15 04:00:00,Long,2053.1675,2055.9,10.930000000000291,SL Hit,2055.9,4,682.8474999999883,150.0,-4.257500000000164,4.852499999999964
2024-01-15 06:25:00,2024-01-15 06:55:00,Long,2055.32,2055.32,0.0,SL Hit,2055.32,1,682.8474999999883,30.0,-1.0199999999999818,1.5299999999997453
2024-01-15 07:30:00,2024-01-15 08:05:00,Short,2054.13,2054.73,-1.199999999999818,SL Hit,2054.73,2,681.6474999999884,35.0,1.6799999999998363,-1.1400000000003274
2024-01-15 10:00:00,2024-01-15 11:00:00,Short,2053.97,2053.53,1.3199999999987995,SL Hit,2053.53,3,682.9674999999872,60.0,0.8900000000003274,-2.269999999999982
2024-01-15 11:05:00,2024-01-15 11:10:00,Long,2052.99,2052.99,0.0,SL Hit,2052.99,1,682.9674999999872,5.0,-0.7099999999995816,0.330000000000382
2024-01-15 16:45:00,2024-01-15 16:55:00,Long,2054.29,2054.29,0.0,SL Hit,2054.29,1,682.9674999999872,10.0,-0.38000000000010914,0.5199999999999818
2024-01-15 18:40:00,2024-01-15 23:00:00,Short,2054.54,2054.76,-0.8800000000010186,SL Hit,2054.76,4,682.0874999999862,260.0,0.42000000000007276,-0.9899999999997817
2024-01-15 23:10:00,2024-01-15 23:30:00,Long,2054.365,2053.6,-1.5299999999997453,SL Hit,2053.6,2,680.5574999999865,20.0,-1.9649999999996908,0.875
2024-01-16 02:30:00,2024-01-16 03:00:00,Short,2050.51,2050.81,-0.5999999999994543,SL Hit,2050.81,2,679.957499999987,30.0,0.3799999999996544,-1.2100000000000364
2024-01-16 03:05:00,2024-01-16 03:10:00,Long,2050.72,2050.72,0.0,SL Hit,2050.72,1,679.957499999987,5.0,-0.18999999999959982,0.7699999999999818
2024-01-16 03:15:00,2024-01-16 03:30:00,Long,2050.75,2048.1375000000007,-2.6124999999992724,Bearish Trade Reversal,2048.1375000000007,1,677.3449999999877,15.0,-1.050000000000182,0.23999999999978172
2024-01-16 03:30:00,2024-01-16 06:10:00,Short,2049.03,2049.16,-0.3899999999989632,SL Hit,2049.16,3,676.9549999999888,160.0,1.4399999999995998,-1.650000000000091
2024-01-16 06:35:00,2024-01-16 07:20:00,Long,2049.42,2048.68,-1.480000000000473,SL Hit,2048.68,2,675.4749999999883,45.0,-1.6200000000001182,1.4200000000000728
2024-01-16 08:10:00,2024-01-16 08:20:00,Short,2048.73,2049.5275,-0.7975000000001273,SL Hit,2049.5275,1,674.6774999999882,10.0,1.1399999999998727,-1.5799999999999272
2024-01-16 10:45:00,2024-01-16 10:50:00,Short,2040.49,2040.6549999999997,-0.16499999999973625,SL Hit,2040.6549999999997,1,674.5124999999884,5.0,0.19000000000005457,-0.7699999999999818
2024-01-16 11:25:00,2024-01-16 11:50:00,Short,2039.62,2039.9500000000003,-0.330000000000382,SL Hit,2039.9500000000003,1,674.1824999999881,25.0,0.5500000000001819,-1.1199999999998909
2024-01-16 12:10:00,2024-01-16 12:30:00,Short,2038.53,2039.4099999999999,-0.8799999999998818,SL Hit,2039.4099999999999,1,673.3024999999882,20.0,1.1200000000001182,-2.8099999999999454
2024-01-16 17:05:00,2024-01-16 17:35:00,Short,2029.1750000000002,2028.5,1.3500000000003638,SL Hit,2028.5,2,674.6524999999885,30.0,3.444999999999709,-3.5450000000000728
2024-01-16 18:15:00,2024-01-16 18:30:00,Short,2025.9,2027.5224999999998,-1.622499999999718,Bullish Trade Reversal,2027.5224999999998,1,673.0299999999888,15.0,2.8099999999999454,-0.5600000000001728
2024-01-16 18:30:00,2024-01-16 18:50:00,Long,2027.81,2024.7575000000002,-3.0524999999997817,SL Hit,2024.7575000000002,1,669.977499999989,20.0,-3.480000000000018,0.900000000000091
2024-01-16 19:50:00,2024-01-16 21:00:00,Long,2028.86,2027.4,-4.379999999999427,SL Hit,2027.4,3,665.5974999999896,70.0,-1.5599999999999454,1.1800000000000637
2024-01-16 21:05:00,2024-01-16 21:50:00,Short,2027.6999999999998,2028.16,-0.9200000000005275,SL Hit,2028.16,2,664.6774999999891,45.0,0.5600000000001728,-0.7999999999997272
2024-01-16 21:55:00,2024-01-16 22:00:00,Short,2028.38,2028.38,0.0,Bullish Trade Reversal,2028.38,1,664.6774999999891,5.0,-0.0,-0.3100000000001728
2024-01-16 22:00:00,2024-01-16 23:05:00,Long,2028.0149999999999,2026.9,-2.2299999999995634,SL Hit,2026.9,2,662.4474999999895,65.0,-1.6149999999997817,0.25500000000010914
2024-01-16 23:15:00,2024-01-16 23:45:00,Short,2027.005,2026.82,0.3700000000003456,SL Hit,2026.82,2,662.8174999999899,30.0,0.5549999999998363,-1.7050000000001546
2024-01-17 00:25:00,2024-01-17 02:35:00,Long,2028.1225000000002,2027.9,-0.8900000000003274,SL Hit,2027.9,4,661.9274999999895,130.0,-1.5825000000002092,4.237499999999727
2024-01-17 03:35:00,2024-01-17 04:25:00,Short,2025.1533333333334,2024.67,1.4500000000000455,SL Hit,2024.67,3,663.3774999999896,50.0,1.166666666666515,-2.553333333333512
2024-01-17 04:45:00,2024-01-17 04:50:00,Long,2024.83,2024.8025,-0.027499999999918145,SL Hit,2024.8025,1,663.3499999999897,5.0,-0.32999999999992724,0.8400000000001455
2024-01-17 08:35:00,2024-01-17 10:20:00,Short,2023.9250000000002,2024.22,-0.5899999999996908,SL Hit,2024.22,2,662.75999999999,105.0,1.4249999999997272,-4.775000000000091
2024-01-17 13:10:00,2024-01-17 17:45:00,Short,2014.9299999999998,2006.59,58.37999999999943,SL Hit,2006.59,7,721.1399999999894,275.0,12.180000000000064,-11.439999999999827
2024-01-17 21:30:00,2024-01-17 23:00:00,Short,2006.04,2006.5900000000001,-0.5500000000001819,SL Hit,2006.5900000000001,1,720.5899999999892,90.0,0.5799999999999272,-0.9400000000000546
2024-01-18 04:35:00,2024-01-18 04:45:00,Short,2008.05,2008.3250000000003,-0.2750000000003183,SL Hit,2008.3250000000003,1,720.3149999999889,10.0,0.44000000000005457,-0.34999999999990905
2024-01-18 07:45:00,2024-01-18 08:00:00,Long,2013.37,2012.0775000000003,-1.2924999999995634,SL Hit,2012.0775000000003,1,719.0224999999893,15.0,-1.9099999999998545,0.36000000000012733
2024-01-18 09:30:00,2024-01-18 09:40:00,Long,2012.04,2011.5724999999998,-0.4675000000002001,SL Hit,2011.5724999999998,1,718.5549999999891,10.0,-0.6099999999999,0.5699999999999363
2024-01-18 11:05:00,2024-01-18 11:10:00,Long,2011.09,2010.8700000000001,-0.2199999999997999,SL Hit,2010.8700000000001,1,718.3349999999893,5.0,-0.8899999999998727,0.5199999999999818
2024-01-18 11:20:00,2024-01-18 13:00:00,Long,2013.0279999999998,2013.92,4.460000000001401,SL Hit,2013.92,5,722.7949999999908,100.0,-1.8279999999997472,3.992000000000189
2024-01-18 14:40:00,2024-01-18 17:05:00,Long,2013.3183333333334,2013.7,2.2899999999999636,SL Hit,2013.7,6,725.0849999999907,145.0,-2.298333333333403,4.271666666666533
2024-01-18 17:15:00,2024-01-18 17:35:00,Short,2014.69,2015.1849999999995,-0.4949999999994361,SL Hit,2015.1849999999995,1,724.5899999999913,20.0,0.7799999999999727,-0.8500000000001364
2024-01-18 19:25:00,2024-01-18 20:10:00,Short,2019.675,2020.57,-1.7899999999999636,SL Hit,2020.57,2,722.7999999999913,45.0,0.9950000000001182,-0.6749999999999545
2024-01-18 20:20:00,2024-01-18 21:15:00,Long,2021.26,2021.58,0.6399999999998727,SL Hit,2021.58,2,723.4399999999912,55.0,-0.7599999999999909,1.5
2024-01-19 03:35:00,2024-01-19 05:30:00,Short,2021.818,2021.28,2.6900000000000546,SL Hit,2021.28,5,726.1299999999912,115.0,1.0319999999999254,-2.117999999999938
2024-01-19 05:35:00,2024-01-19 05:50:00,Short,2020.9,2021.36,-0.919999999999618,SL Hit,2021.36,2,725.2099999999916,15.0,0.9099999999998545,-1.300000000000182
2024-01-19 05:55:00,2024-01-19 06:00:00,Long,2021.21,2021.045,-0.16499999999996362,SL Hit,2021.045,1,725.0449999999917,5.0,-0.40000000000009095,0.9800000000000182
2024-01-19 06:05:00,2024-01-19 06:10:00,Long,2021.03,2021.03,0.0,SL Hit,2021.03,1,725.0449999999917,5.0,-0.01999999999998181,0.6600000000000819
2024-01-19 06:20:00,2024-01-19 08:15:00,Long,2024.2525,2026.98,10.909999999999854,SL Hit,2026.98,4,735.9549999999915,115.0,-3.1525000000001455,5.037499999999909
2024-01-19 08:50:00,2024-01-19 09:25:00,Long,2028.955,2029.0,0.09000000000014552,SL Hit,2029.0,2,736.0449999999917,35.0,-0.6949999999999363,1.634999999999991
2024-01-19 09:35:00,2024-01-19 09:45:00,Short,2028.66,2028.66,0.0,SL Hit,2028.66,1,736.0449999999917,10.0,0.31999999999993634,-1.009999999999991
2024-01-19 11:05:00,2024-01-19 11:10:00,Long,2030.52,2030.3275,-0.19249999999988177,SL Hit,2030.3275,1,735.8524999999918,5.0,-0.33999999999991815,1.0
2024-01-19 18:35:00,2024-01-19 18:50:00,Short,2027.295,2027.77,-0.9499999999998181,SL Hit,2027.77,2,734.902499999992,15.0,0.5149999999998727,-0.6649999999999636
2024-01-19 19:00:00,2024-01-19 20:40:00,Long,2028.735,2028.04,-2.7799999999997453,SL Hit,2028.04,4,732.1224999999922,100.0,-1.634999999999991,0.6850000000001728
2024-01-19 20:50:00,2024-01-19 20:55:00,Short,2028.22,2028.22,0.0,SL Hit,2028.22,1,732.1224999999922,5.0,0.03999999999996362,-0.4800000000000182
2024-01-19 21:40:00,2024-01-19 21:45:00,Long,2029.37,2028.7925000000005,-0.5774999999994179,SL Hit,2028.7925000000005,1,731.5449999999928,5.0,-0.6699999999998454,0.2700000000002092
2024-01-19 21:55:00,2024-01-21 23:00:00,Long,2028.3,2028.3,0.0,SL Hit,2028.3,1,731.5449999999928,2945.0,-0.44000000000005457,3.6000000000001364
2024-01-21 23:05:00,2024-01-22 00:00:00,Short,2028.39,2028.39,0.0,SL Hit,2028.39,1,731.5449999999928,55.0,0.029999999999972715,-2.290000000000191
2024-01-22 00:25:00,2024-01-22 00:40:00,Short,2027.17,2027.17,0.0,SL Hit,2027.17,1,731.5449999999928,15.0,0.30999999999994543,-1.650000000000091
2024-01-22 00:55:00,2024-01-22 01:50:00,Long,2029.165,2029.2,0.07000000000016371,SL Hit,2029.2,2,731.614999999993,55.0,-1.0950000000000273,2.755000000000109
2024-01-22 02:30:00,2024-01-22 02:40:00,Short,2029.64,2029.6675,-0.027499999999918145,SL Hit,2029.6675,1,731.587499999993,10.0,0.209999999999809,-0.5700000000001637
2024-01-22 08:05:00,2024-01-22 08:10:00,Short,2022.2,2022.5299999999997,-0.32999999999969987,SL Hit,2022.5299999999997,1,731.2574999999933,5.0,1.2799999999999727,-0.8400000000001455
2024-01-22 08:25:00,2024-01-22 08:30:00,Long,2024.24,2023.6625,-0.5775000000001,SL Hit,2023.6625,1,730.6799999999932,5.0,-1.6900000000000546,1.6299999999998818
2024-01-22 12:50:00,2024-01-22 13:05:00,Long,2028.94,2027.1799999999998,-1.7600000000002183,SL Hit,2027.1799999999998,1,728.919999999993,15.0,-1.8700000000001182,1.0299999999999727
2024-01-22 14:35:00,2024-01-22 14:50:00,Short,2020.2649999999999,2022.71,-4.890000000000327,SL Hit,2022.71,2,724.0299999999927,15.0,3.2050000000001546,-2.8049999999998363
2024-01-22 17:20:00,2024-01-22 17:25:00,Long,2023.66,2023.66,0.0,SL Hit,2023.66,1,724.0299999999927,5.0,-0.39000000000010004,0.7599999999999909
2024-01-22 17:55:00,2024-01-22 21:40:00,Short,2021.2275,2020.89,1.3499999999994543,SL Hit,2020.89,4,725.3799999999922,225.0,1.1925000000001091,-2.527499999999918
2024-01-22 23:35:00,2024-01-22 23:40:00,Short,2020.94,2020.94,0.0,SL Hit,2020.94,1,725.3799999999922,5.0,0.01999999999998181,-0.4700000000000273
2024-01-23 05:15:00,2024-01-23 07:25:00,Long,2028.9333333333332,2029.0,0.20000000000050022,SL Hit,2029.0,3,725.5799999999927,130.0,-1.633333333333212,8.716666666666924
2024-01-23 09:30:00,2024-01-23 10:05:00,Long,2028.68,2027.12,-3.1200000000003456,SL Hit,2027.12,2,722.4599999999923,35.0,-2.650000000000091,1.6399999999998727
2024-01-23 10:35:00,2024-01-23 12:05:00,Short,2025.102,2024.11,4.960000000000946,SL Hit,2024.11,5,727.4199999999933,90.0,1.9179999999998927,-2.622000000000071
2024-01-23 12:30:00,2024-01-23 13:50:00,Long,2025.2466666666667,2025.38,0.4000000000003183,SL Hit,2025.38,3,727.8199999999936,80.0,-1.2966666666666242,3.533333333333303
2024-01-23 14:15:00,2024-01-23 14:20:00,Short,2023.93,2023.93,0.0,SL Hit,2023.93,1,727.8199999999936,5.0,0.1799999999998363,-0.8700000000001182
2024-01-23 14:25:00,2024-01-23 14:35:00,Short,2023.27,2024.11,-1.6799999999998363,SL Hit,2024.11,2,726.1399999999937,10.0,1.7000000000000455,-1.259999999999991
2024-01-23 20:25:00,2024-01-23 21:30:00,Short,2028.6100000000001,2028.8,-0.3799999999996544,SL Hit,2028.8,2,725.7599999999941,65.0,0.2899999999999636,-1.3100000000001728
2024-01-23 21:50:00,2024-01-23 23:00:00,Long,2028.7,2028.63,-0.13999999999987267,SL Hit,2028.63,2,725.6199999999942,70.0,-0.09000000000014552,0.4099999999998545
2024-01-23 23:10:00,2024-01-23 23:15:00,Short,2029.46,2029.46,0.0,SL Hit,2029.46,1,725.6199999999942,5.0,0.09999999999990905,-1.0599999999999454
2024-01-23 23:25:00,2024-01-24 01:10:00,Short,2027.8249999999998,2027.88,-0.11000000000058208,SL Hit,2027.88,2,725.5099999999936,105.0,1.5750000000002728,-1.9249999999997272
2024-01-24 02:10:00,2024-01-24 03:45:00,Short,2025.4966666666667,2024.97,1.5799999999999272,SL Hit,2024.97,3,727.0899999999936,95.0,1.173333333333403,-2.196666666666715
2024-01-24 10:20:00,2024-01-24 10:45:00,Short,2030.84,2030.84,0.0,SL Hit,2030.84,1,727.0899999999936,25.0,0.12000000000011823,-1.8399999999999181
2024-01-24 13:15:00,2024-01-24 13:25:00,Long,2034.09,2033.1275,-0.9624999999998636,SL Hit,2033.1275,1,726.1274999999937,10.0,-1.7999999999999545,1.6100000000001273
2024-01-24 14:35:00,2024-01-24 16:55:00,Short,2021.9866666666667,2015.2,20.3599999999999,SL Hit,2015.2,3,746.4874999999936,140.0,9.803333333333285,-10.13666666666677
2024-01-24 18:20:00,2024-01-24 21:50:00,Short,2013.9633333333331,2012.96,6.019999999998618,SL Hit,2012.96,6,752.5074999999922,210.0,2.5466666666668516,-2.743333333333112
2024-01-25 00:15:00,2024-01-25 00:20:00,Short,2015.73,2015.7849999999999,-0.05499999999983629,SL Hit,2015.7849999999999,1,752.4524999999924,5.0,0.37999999999988177,-0.5299999999999727
2024-01-25 04:30:00,2024-01-25 05:00:00,Short,2015.9,2015.9,0.0,SL Hit,2015.9,1,752.4524999999924,30.0,0.2199999999997999,-1.1900000000000546
2024-01-25 05:35:00,2024-01-25 06:30:00,Short,2015.1599999999999,2015.83,-1.3400000000001455,SL Hit,2015.83,2,751.1124999999922,55.0,1.0200000000002092,-1.1599999999998545
2024-01-25 08:10:00,2024-01-25 09:30:00,Short,2014.1433333333334,2014.64,-1.490000000000009,SL Hit,2014.64,3,749.6224999999922,80.0,1.316666666666606,-1.4133333333334122
2024-01-25 09:35:00,2024-01-25 10:30:00,Long,2016.5033333333333,2017.4,2.690000000000282,SL Hit,2017.4,3,752.3124999999925,55.0,-2.123333333333221,2.6366666666667697
2024-01-25 12:20:00,2024-01-25 13:15:00,Short,2014.62,2015.95,-2.6600000000003092,SL Hit,2015.95,2,749.6524999999922,55.0,2.6000000000001364,-1.2399999999997817
2024-01-25 15:20:00,2024-01-25 18:10:00,Short,2018.7900000000002,2016.34,7.3500000000008185,SL Hit,2016.34,3,757.002499999993,170.0,4.029999999999745,-6.180000000000291
2024-01-25 21:55:00,2024-01-26 00:25:00,Long,2019.8966666666668,2019.8,-0.29000000000041837,SL Hit,2019.8,3,756.7124999999926,150.0,-1.4466666666667152,1.2133333333331393
2024-01-26 03:45:00,2024-01-26 04:20:00,Short,2021.6200000000001,2021.99,-1.1099999999996726,SL Hit,2021.99,3,755.6024999999929,35.0,0.5799999999999272,-1.3200000000001637
2024-01-26 04:30:00,2024-01-26 05:20:00,Long,2021.735,2021.0,-1.4699999999998,SL Hit,2021.0,2,754.1324999999931,50.0,-1.0349999999998545,0.5350000000000819
2024-01-26 05:25:00,2024-01-26 05:30:00,Short,2021.35,2022.1475000000005,-0.7975000000005821,SL Hit,2022.1475000000005,1,753.3349999999925,5.0,1.050000000000182,-0.09999999999990905
2024-01-26 07:10:00,2024-01-26 07:25:00,Short,2021.74,2021.74,0.0,SL Hit,2021.74,1,753.3349999999925,15.0,-0.0,-1.8800000000001091
2024-01-26 08:45:00,2024-01-26 08:50:00,Short,2020.72,2021.2975000000001,-0.5775000000001,SL Hit,2021.2975000000001,1,752.7574999999924,5.0,0.849999999999909,-0.7200000000000273
2024-01-26 10:45:00,2024-01-26 11:50:00,Long,2023.1525,2022.63,-2.089999999999236,SL Hit,2022.63,4,750.6674999999932,65.0,-1.1524999999999181,1.1375000000000455
2024-01-26 12:30:00,2024-01-26 13:00:00,Short,2022.06,2022.06,0.0,SL Hit,2022.06,1,750.6674999999932,30.0,0.3200000000001637,-1.9299999999998363
2024-01-26 18:05:00,2024-01-26 18:25:00,Short,2016.68,2016.79,-0.10999999999989996,SL Hit,2016.79,1,750.5574999999933,20.0,1.5,-0.6300000000001091
2024-01-29 01:00:00,2024-01-29 01:40:00,Long,2022.675,2023.15,0.9500000000002728,SL Hit,2023.15,2,751.5074999999936,40.0,-0.8250000000000455,2.4750000000001364
2024-01-29 01:50:00,2024-01-29 02:25:00,Short,2023.15,2023.5899999999997,-0.4399999999995998,SL Hit,2023.5899999999997,1,751.067499999994,35.0,0.7999999999999545,-1.6800000000000637
2024-01-29 06:45:00,2024-01-29 08:10:00,Long,2029.1166666666666,2030.88,5.290000000000646,SL Hit,2030.88,3,756.3574999999946,85.0,-2.1166666666665606,4.363333333333458
2024-01-29 09:00:00,2024-01-29 11:55:00,Short,2028.2416666666668,2027.7,3.2500000000004547,SL Hit,2027.7,6,759.6074999999951,175.0,3.608333333333121,-2.841666666666697
2024-01-29 12:50:00,2024-01-29 13:20:00,Short,2028.74,2029.66,-1.8400000000001455,SL Hit,2029.66,2,757.7674999999949,30.0,0.9200000000000728,-0.8399999999999181
2024-01-29 16:45:00,2024-01-29 16:50:00,Long,2026.97,2026.97,0.0,SL Hit,2026.97,1,757.7674999999949,5.0,-0.9700000000000273,0.7699999999999818
2024-01-29 18:50:00,2024-01-29 19:05:00,Short,2025.76,2026.78,-2.0399999999999636,SL Hit,2026.78,2,755.727499999995,15.0,1.2699999999999818,-0.7000000000000455
2024-01-30 01:55:00,2024-01-30 02:45:00,Short,2030.845,2030.97,-0.25,SL Hit,2030.97,2,755.477499999995,50.0,0.6749999999999545,-1.7450000000001182
2024-01-30 03:40:00,2024-01-30 04:45:00,Long,2032.56,2031.4,-2.319999999999709,SL Hit,2031.4,2,753.1574999999953,65.0,-1.4099999999998545,0.37000000000011823
2024-01-30 05:05:00,2024-01-30 05:10:00,Short,2031.73,2031.84,-0.10999999999989996,SL Hit,2031.84,1,753.0474999999954,5.0,0.6700000000000728,-0.2300000000000182
2024-01-30 08:25:00,2024-01-30 08:30:00,Long,2038.33,2037.56,-0.7699999999999818,SL Hit,2037.56,1,752.2774999999954,5.0,-0.9399999999998272,0.42000000000007276
2024-01-30 09:15:00,2024-01-30 10:40:00,Short,2037.256666666667,2037.13,0.3800000000003365,SL Hit,2037.13,3,752.6574999999957,85.0,0.9533333333331484,-2.1766666666669607
2024-01-30 10:55:00,2024-01-30 12:55:00,Short,2035.71,2036.14,-0.8600000000001273,SL Hit,2036.14,2,751.7974999999956,120.0,0.5499999999999545,-3.6000000000001364
2024-01-30 16:20:00,2024-01-30 18:35:00,Long,2032.66,2032.42,-0.9600000000000364,SL Hit,2032.42,4,750.8374999999955,135.0,-1.8600000000001273,3.3799999999998818
2024-01-30 18:40:00,2024-01-30 18:50:00,Short,2032.3,2032.9325,-0.6324999999999363,SL Hit,2032.9325,1,750.2049999999956,10.0,0.7599999999999909,-0.5799999999999272
2024-01-30 19:10:00,2024-01-30 23:10:00,Long,2035.6350000000002,2035.85,0.8599999999987631,SL Hit,2035.85,4,751.0649999999944,240.0,-2.005000000000109,1.2649999999998727
2024-01-30 23:30:00,2024-01-30 23:50:00,Short,2035.96,2036.5100000000002,-0.5500000000001819,SL Hit,2036.5100000000002,1,750.5149999999942,20.0,0.7799999999999727,-0.7599999999999909
2024-01-31 03:05:00,2024-01-31 03:15:00,Long,2033.64,2033.64,0.0,SL Hit,2033.64,1,750.5149999999942,10.0,-0.22000000000002728,0.4499999999998181
2024-01-31 03:40:00,2024-01-31 03:45:00,Short,2033.39,2033.39,0.0,SL Hit,2033.39,1,750.5149999999942,5.0,0.32999999999992724,-0.44000000000005457
2024-01-31 03:55:00,2024-01-31 04:05:00,Long,2032.9,2032.9,0.0,SL Hit,2032.9,1,750.5149999999942,10.0,-0.5,1.0
2024-01-31 04:45:00,2024-01-31 05:10:00,Long,2033.79,2033.79,0.0,SL Hit,2033.79,1,750.5149999999942,25.0,0.0,0.8900000000001
2024-01-31 10:40:00,2024-01-31 11:00:00,Short,2037.54,2037.7324999999998,-0.19249999999988177,SL Hit,2037.7324999999998,1,750.3224999999943,20.0,0.3500000000001364,-1.0199999999999818
2024-01-31 11:50:00,2024-01-31 12:00:00,Short,2037.47,2037.47,0.0,SL Hit,2037.47,1,750.3224999999943,10.0,0.17000000000007276,-0.5399999999999636
2024-01-31 12:20:00,2024-01-31 12:25:00,Long,2038.44,2038.3025000000002,-0.1374999999998181,SL Hit,2038.3025000000002,1,750.1849999999945,5.0,-0.20000000000004547,0.7100000000000364
2024-01-31 13:10:00,2024-01-31 13:15:00,Short,2037.77,2037.77,0.0,SL Hit,2037.77,1,750.1849999999945,5.0,1.1800000000000637,-1.9700000000000273
2024-01-31 16:00:00,2024-01-31 19:40:00,Short,2049.2157142857145,2046.89,16.280000000000882,SL Hit,2046.89,7,766.4649999999954,220.0,4.27428571428527,-9.155714285714566
2024-02-01 19:30:00,2024-02-01 19:40:00,Short,2056.42,2056.42,0.0,SL Hit,2056.42,1,766.4649999999954,10.0,0.15000000000009095,-1.9700000000002547
2024-02-01 20:40:00,2024-02-01 21:00:00,Long,2054.9849999999997,2054.2,-1.569999999999709,SL Hit,2054.2,2,764.8949999999957,20.0,-1.4849999999996726,0.4950000000003456
2024-02-01 21:05:00,2024-02-01 21:50:00,Short,2054.76,2055.2,-0.4399999999995998,SL Hit,2055.2,1,764.4549999999961,45.0,0.4399999999995998,-1.2600000000002183
2024-02-02 01:50:00,2024-02-02 02:20:00,Long,2054.315,2052.8,-3.0299999999997453,SL Hit,2052.8,2,761.4249999999963,30.0,-2.1550000000002,0.9049999999997453
2024-02-02 04:00:00,2024-02-02 06:20:00,Long,2054.955,2054.6,-1.4200000000000728,SL Hit,2054.6,4,760.0049999999962,140.0,-1.1549999999997453,1.5349999999998545
2024-02-02 07:05:00,2024-02-02 07:10:00,Short,2055.36,2055.6624999999995,-0.302499999999327,SL Hit,2055.6624999999995,1,759.7024999999969,5.0,1.099999999999909,-0.6300000000001091
2024-02-02 07:30:00,2024-02-02 07:50:00,Long,2055.16,2054.96,-0.3999999999996362,SL Hit,2054.96,2,759.3024999999973,20.0,-0.44000000000005457,1.0
2024-02-02 07:55:00,2024-02-02 08:05:00,Short,2055.13,2056.0924999999997,-0.9624999999996362,SL Hit,2056.0924999999997,1,758.3399999999976,10.0,1.2799999999997453,-0.20000000000027285
2024-02-02 12:15:00,2024-02-02 12:25:00,Short,2056.08,2056.08,0.0,SL Hit,2056.08,1,758.3399999999976,10.0,0.01999999999998181,-0.6900000000000546
2024-02-02 14:40:00,2024-02-02 14:45:00,Short,2030.38,2030.38,0.0,SL Hit,2030.38,1,758.3399999999976,5.0,5.489999999999782,-2.3900000000001
2024-02-02 16:50:00,2024-02-02 17:00:00,Long,2036.93,2035.665,-1.2650000000001,SL Hit,2035.665,1,757.0749999999975,10.0,-1.3900000000001,0.37999999999988177
2024-02-02 18:10:00,2024-02-02 18:15:00,Short,2035.41,2035.6025,-0.19249999999988177,SL Hit,2035.6025,1,756.8824999999977,5.0,0.5099999999999909,-0.9200000000000728
2024-02-02 18:30:00,2024-02-02 19:20:00,Long,2036.615,2036.4,-0.4299999999998363,SL Hit,2036.4,2,756.4524999999978,50.0,-1.0150000000001,2.025000000000091
2024-02-05 04:40:00,2024-02-05 06:50:00,Short,2030.1825,2030.58,-1.5900000000001455,SL Hit,2030.58,4,754.8624999999977,130.0,2.067500000000109,-2.182499999999891
2024-02-05 07:20:00,2024-02-05 07:35:00,Short,2029.43,2029.43,0.0,SL Hit,2029.43,1,754.8624999999977,15.0,0.03999999999996362,-2.230000000000018
2024-02-05 08:00:00,2024-02-05 10:20:00,Short,2024.6466666666668,2023.52,3.3800000000003365,SL Hit,2023.52,3,758.242499999998,140.0,2.6133333333332303,-3.9266666666667334
2024-02-05 12:35:00,2024-02-05 14:20:00,Short,2020.95,2016.82,12.390000000000327,SL Hit,2016.82,3,770.6324999999983,105.0,3.7000000000000455,-6.5499999999999545
2024-02-05 17:40:00,2024-02-05 18:40:00,Long,2025.25,2025.49,0.4800000000000182,SL Hit,2025.49,2,771.1124999999984,60.0,-1.75,1.7000000000000455
2024-02-05 21:20:00,2024-02-05 23:00:00,Short,2024.5349999999999,2024.95,-0.830000000000382,SL Hit,2024.95,2,770.282499999998,100.0,0.8650000000002365,-1.2349999999999
2024-02-05 23:50:00,2024-02-05 23:55:00,Long,2024.95,2024.95,0.0,SL Hit,2024.95,1,770.282499999998,5.0,-0.75,0.13999999999987267
2024-02-06 02:00:00,2024-02-06 04:15:00,Short,2025.86,2024.36,4.5,SL Hit,2024.36,3,774.782499999998,135.0,1.3700000000001182,-2.759999999999991
2024-02-06 04:25:00,2024-02-06 06:25:00,Long,2026.5733333333335,2027.57,2.989999999999327,SL Hit,2027.57,3,777.7724999999973,120.0,-2.463333333333594,3.066666666666606
2024-02-06 06:40:00,2024-02-06 06:55:00,Long,2026.795,2026.36,-0.8700000000003456,SL Hit,2026.36,2,776.902499999997,15.0,-1.3949999999999818,0.46499999999991815
2024-02-06 08:55:00,2024-02-06 09:10:00,Short,2024.5,2024.6374999999998,-0.1374999999998181,SL Hit,2024.6374999999998,1,776.7649999999971,15.0,0.4800000000000182,-1.6300000000001091
2024-02-06 11:20:00,2024-02-06 12:30:00,Long,2024.83,2024.8,-0.05999999999994543,SL Hit,2024.8,2,776.7049999999972,70.0,-0.5299999999999727,2.6100000000001273
2024-02-06 12:40:00,2024-02-06 12:45:00,Short,2026.37,2026.755,-0.3850000000002183,SL Hit,2026.755,1,776.319999999997,5.0,0.8500000000001364,-1.0199999999999818
2024-02-06 12:55:00,2024-02-06 13:20:00,Long,2026.99,2026.7700000000002,-0.2199999999997999,SL Hit,2026.7700000000002,1,776.0999999999972,25.0,-0.599999999999909,3.3900000000001
2024-02-06 17:10:00,2024-02-06 17:45:00,Short,2036.2,2036.97,-0.7699999999999818,SL Hit,2036.97,1,775.3299999999972,35.0,1.4199999999998454,-3.3900000000001
2024-02-06 19:10:00,2024-02-06 19:20:00,Short,2035.54,2036.0900000000001,-0.5500000000001819,SL Hit,2036.0900000000001,1,774.779999999997,10.0,0.6000000000001364,-0.4099999999998545
2024-02-06 20:55:00,2024-02-06 21:50:00,Short,2035.85,2035.85,0.0,SL Hit,2035.85,1,774.779999999997,55.0,0.0500000000001819,-1.449999999999818
2024-02-07 00:50:00,2024-02-07 01:00:00,Short,2035.03,2035.4425,-0.4125000000001364,SL Hit,2035.4425,1,774.3674999999969,10.0,0.4900000000000091,-1.1299999999998818
2024-02-07 01:25:00,2024-02-07 02:35:00,Long,2035.1599999999999,2034.3,-2.5799999999997,SL Hit,2034.3,3,771.7874999999972,70.0,-1.5599999999999454,0.2600000000002183
2024-02-07 02:45:00,2024-02-07 02:50:00,Short,2034.36,2034.4425000000006,-0.08250000000066393,SL Hit,2034.4425000000006,1,771.7049999999965,5.0,0.13000000000010914,-0.3999999999998636
2024-02-07 04:50:00,2024-02-07 05:10:00,Long,2034.7833333333335,2034.4,-1.1500000000003183,SL Hit,2034.4,3,770.5549999999962,20.0,-0.38333333333343944,0.5966666666665787
2024-02-07 07:25:00,2024-02-07 08:10:00,Long,2034.1,2034.1,0.0,SL Hit,2034.1,1,770.5549999999962,45.0,-0.16999999999984539,1.8300000000001546
2024-02-07 09:50:00,2024-02-07 09:55:00,Long,2034.36,2034.1675,-0.19249999999988177,SL Hit,2034.1675,1,770.3624999999963,5.0,-0.209999999999809,0.5099999999999909
2024-02-07 12:10:00,2024-02-07 12:45:00,Short,2033.56,2033.56,0.0,SL Hit,2033.56,1,770.3624999999963,35.0,0.21000000000003638,-2.990000000000009
2024-02-07 18:05:00,2024-02-07 18:40:00,Long,2035.85,2034.82,-2.0599999999999454,SL Hit,2034.82,2,768.3024999999964,35.0,-1.5399999999999636,0.5900000000001455
2024-02-07 18:50:00,2024-02-07 19:10:00,Short,2034.96,2035.1525,-0.19249999999988177,SL Hit,2035.1525,1,768.1099999999965,20.0,0.22000000000002728,-0.7200000000000273
2024-02-07 20:10:00,2024-02-07 20:15:00,Short,2034.95,2035.0325,-0.08249999999998181,SL Hit,2035.0325,1,768.0274999999965,5.0,0.7100000000000364,-0.5299999999999727
2024-02-07 23:55:00,2024-02-08 00:55:00,Long,2036.743333333333,2036.6,-0.4299999999996089,SL Hit,2036.6,3,767.5974999999969,60.0,-0.5833333333330302,0.8766666666667788
2024-02-08 02:55:00,2024-02-08 03:00:00,Short,2036.14,2036.3874999999998,-0.24749999999971806,SL Hit,2036.3874999999998,1,767.3499999999972,5.0,0.37999999999988177,-0.8400000000001455
2024-02-08 04:40:00,2024-02-08 05:40:00,Short,2032.93,2032.93,0.0,SL Hit,2032.93,1,767.3499999999972,60.0,0.2999999999999545,-1.8300000000001546
2024-02-08 08:15:00,2024-02-08 09:35:00,Short,2031.845,2031.49,0.7100000000000364,SL Hit,2031.49,2,768.0599999999972,80.0,0.7850000000000819,-2.755000000000109
2024-02-08 09:40:00,2024-02-08 11:00:00,Long,2034.7375,2035.2,1.8500000000003638,SL Hit,2035.2,4,769.9099999999976,80.0,-3.3975000000000364,3.5025000000000546
2024-02-08 11:05:00,2024-02-08 13:15:00,Short,2029.595,2025.17,8.849999999999909,SL Hit,2025.17,2,778.7599999999975,130.0,6.224999999999909,-6.144999999999982
2024-02-08 13:20:00,2024-02-08 13:40:00,Long,2025.7,2022.6199999999997,-3.080000000000382,Bearish Trade Reversal,2022.6199999999997,1,775.6799999999971,20.0,-3.1800000000000637,0.5899999999999181
2024-02-08 13:40:00,2024-02-08 14:25:00,Short,2024.36,2025.1300000000006,-0.7700000000006639,SL Hit,2025.1300000000006,1,774.9099999999964,45.0,3.8600000000001273,-4.019999999999982
2024-02-08 15:55:00,2024-02-08 16:00:00,Long,2031.55,2031.55,0.0,SL Hit,2031.55,1,774.9099999999964,5.0,-1.0499999999999545,1.4700000000000273
2024-02-09 00:45:00,2024-02-09 01:00:00,Short,2033.11,2033.5225,-0.4125000000001364,SL Hit,2033.5225,1,774.4974999999963,15.0,1.0,-1.1899999999998272
2024-02-09 02:00:00,2024-02-09 02:10:00,Long,2034.0,2033.7250000000004,-0.2749999999996362,SL Hit,2033.7250000000004,1,774.2224999999967,10.0,-0.7999999999999545,0.9500000000000455
2024-02-09 04:55:00,2024-02-09 05:30:00,Short,2032.77,2033.02,-0.5,SL Hit,2033.02,2,773.7224999999967,35.0,1.099999999999909,-1.2699999999999818
2024-02-09 08:10:00,2024-02-09 09:35:00,Short,2032.22,2032.65,-1.290000000000191,SL Hit,2032.65,3,772.4324999999965,85.0,1.2799999999999727,-1.6200000000001182
2024-02-09 11:30:00,2024-02-09 11:35:00,Long,2032.78,2032.78,0.0,SL Hit,2032.78,1,772.4324999999965,5.0,-1.2799999999999727,0.5699999999999363
2024-02-09 11:40:00,2024-02-09 13:30:00,Short,2031.58,2032.08,-1.0,SL Hit,2032.08,2,771.4324999999965,110.0,5.170000000000073,-5.889999999999873
2024-02-09 16:20:00,2024-02-09 17:05:00,Short,2022.22,2021.96,0.7799999999999727,SL Hit,2021.96,3,772.2124999999965,45.0,1.5499999999999545,-1.759999999999991
2024-02-12 01:20:00,2024-02-12 01:30:00,Short,2024.46,2024.46,0.0,SL Hit,2024.46,1,772.2124999999965,10.0,0.33999999999991815,-0.8600000000001273
2024-02-12 02:40:00,2024-02-12 03:45:00,Short,2022.5500000000002,2022.55,6.821210263296962e-13,SL Hit,2022.55,3,772.2124999999971,65.0,0.4699999999997999,-1.550000000000182
2024-02-12 06:00:00,2024-02-12 07:15:00,Long,2023.78,2023.1,-2.040000000000191,SL Hit,2023.1,3,770.172499999997,75.0,-1.0799999999999272,0.75
2024-02-12 07:25:00,2024-02-12 09:00:00,Long,2024.5133333333333,2023.3,-3.6400000000001,SL Hit,2023.3,3,766.5324999999968,95.0,-1.9133333333334122,2.466666666666697
2024-02-12 09:05:00,2024-02-12 11:20:00,Short,2022.1750000000002,2021.17,2.0100000000002183,SL Hit,2021.17,2,768.5424999999971,135.0,1.5249999999998636,-2.8750000000002274
2024-02-12 14:15:00,2024-02-12 17:00:00,Short,2016.2775,2016.14,0.5499999999992724,SL Hit,2016.14,4,769.0924999999963,165.0,2.6725000000001273,-4.977499999999964
2024-02-12 17:05:00,2024-02-12 17:10:00,Long,2016.14,2016.0024999999996,-0.13750000000050022,SL Hit,2016.0024999999996,1,768.9549999999958,5.0,-0.3300000000001546,0.38999999999987267
2024-02-12 17:20:00,2024-02-12 19:15:00,Long,2018.8419999999999,2020.4,7.7900000000011005,SL Hit,2020.4,5,776.7449999999969,115.0,-3.44199999999978,2.66800000000012
2024-02-12 19:20:00,2024-02-12 20:45:00,Short,2019.965,2020.12,-0.30999999999994543,SL Hit,2020.12,2,776.434999999997,85.0,0.665000000000191,-1.9649999999999181
2024-02-12 21:00:00,2024-02-12 21:20:00,Long,2020.09,2019.9250000000002,-0.16499999999973625,SL Hit,2019.9250000000002,1,776.2699999999973,20.0,-0.2400000000000091,0.3500000000001364
2024-02-12 23:10:00,2024-02-12 23:25:00,Short,2018.98,2019.0625,-0.08249999999998181,SL Hit,2019.0625,1,776.1874999999973,15.0,0.09999999999990905,-0.8800000000001091
2024-02-13 00:50:00,2024-02-13 02:05:00,Long,2019.9666666666665,2018.9,-3.199999999999136,SL Hit,2018.9,3,772.9874999999981,75.0,-1.5666666666663787,1.063333333333503
2024-02-13 02:15:00,2024-02-13 02:25:00,Short,2019.46,2019.46,0.0,SL Hit,2019.46,1,772.9874999999981,10.0,0.01999999999998181,-0.38000000000010914
2024-02-13 03:00:00,2024-02-13 04:10:00,Short,2018.82,2019.2600000000002,-0.44000000000028194,SL Hit,2019.2600000000002,1,772.5474999999979,70.0,0.6000000000001364,-2.619999999999891
2024-02-13 07:25:00,2024-02-13 08:40:00,Long,2025.1566666666668,2024.55,-1.820000000000391,SL Hit,2024.55,3,770.7274999999975,75.0,-1.4366666666667243,0.7433333333333394
2024-02-13 12:40:00,2024-02-13 13:30:00,Long,2028.155,2026.8,-2.7100000000000364,SL Hit,2026.8,2,768.0174999999974,50.0,-13.105000000000018,1.5550000000000637
2024-02-13 17:25:00,2024-02-13 17:50:00,Short,1993.23,1993.89,-1.3200000000001637,SL Hit,1993.89,2,766.6974999999973,25.0,0.8799999999998818,-0.8299999999999272
2024-02-13 18:00:00,2024-02-13 18:50:00,Long,1994.573333333333,1993.39,-3.5499999999988177,SL Hit,1993.39,3,763.1474999999984,50.0,-1.9733333333331302,1.1066666666670244
2024-02-13 19:00:00,2024-02-13 20:10:00,Short,1992.36,1992.39,-0.09000000000060027,SL Hit,1992.39,3,763.0574999999978,70.0,1.3700000000001182,-1.459999999999809
2024-02-13 20:15:00,2024-02-13 20:25:00,Long,1992.47,1992.415,-0.055000000000063665,SL Hit,1992.415,1,763.0024999999978,10.0,-0.05999999999994543,0.37999999999988177
2024-02-13 23:00:00,2024-02-14 00:20:00,Short,1991.9650000000001,1991.96,0.010000000000218279,SL Hit,1991.96,2,763.012499999998,80.0,0.834999999999809,-1.2650000000001
2024-02-14 01:10:00,2024-02-14 01:40:00,Short,1992.17,1992.17,0.0,SL Hit,1992.17,1,763.012499999998,30.0,0.11999999999989086,-3.769999999999982
2024-02-14 03:35:00,2024-02-14 04:00:00,Long,1992.01,1992.01,0.0,SL Hit,1992.01,1,763.012499999998,25.0,-0.30999999999994543,0.9400000000000546
2024-02-14 05:55:00,2024-02-14 06:10:00,Long,1992.88,1992.1,-1.5600000000004002,SL Hit,1992.1,2,761.4524999999976,15.0,-1.1400000000001,0.2599999999999909
2024-02-14 07:55:00,2024-02-14 08:40:00,Short,1988.6100000000001,1988.73,-0.23999999999978172,SL Hit,1988.73,2,761.2124999999978,45.0,1.7899999999999636,-2.4500000000000455
2024-02-14 09:00:00,2024-02-14 11:25:00,Long,1990.7257142857143,1991.7,6.820000000000391,SL Hit,1991.7,7,768.0324999999982,145.0,-2.345714285714166,2.4242857142858156
2024-02-14 13:25:00,2024-02-14 13:30:00,Short,1991.85,1991.85,0.0,SL Hit,1991.85,1,768.0324999999982,5.0,1.0,-1.509999999999991
2024-02-14 13:35:00,2024-02-14 13:40:00,Long,1991.63,1991.5474999999997,-0.08250000000043656,SL Hit,1991.5474999999997,1,767.9499999999978,5.0,-0.9600000000000364,1.1599999999998545
2024-02-14 14:55:00,2024-02-14 15:55:00,Short,1988.09,1988.11,-0.03999999999996362,SL Hit,1988.11,2,767.9099999999978,60.0,1.009999999999991,-2.8199999999999363
2024-02-14 18:20:00,2024-02-14 21:35:00,Short,1991.4924999999998,1991.22,1.089999999999236,SL Hit,1991.22,4,768.999999999997,195.0,2.1075000000000728,-1.8924999999999272
2024-02-14 22:00:00,2024-02-14 23:00:00,Short,1991.97,1991.97,0.0,SL Hit,1991.97,1,768.999999999997,60.0,1.4700000000000273,-5.620000000000118
2024-02-14 23:50:00,2024-02-14 23:55:00,Long,1993.13,1992.9099999999996,-0.22000000000048203,SL Hit,1992.9099999999996,1,768.7799999999966,5.0,-0.3300000000001546,0.6199999999998909
2024-02-15 03:30:00,2024-02-15 05:05:00,Short,1992.07,1992.5100000000002,-0.44000000000028194,SL Hit,1992.5100000000002,1,768.3399999999963,95.0,0.4700000000000273,-1.8899999999998727
2024-02-15 06:40:00,2024-02-15 09:10:00,Long,1993.4857142857143,1994.37,6.1899999999993724,SL Hit,1994.37,7,774.5299999999957,150.0,-1.4857142857142662,2.22428571428577
2024-02-15 10:40:00,2024-02-15 11:25:00,Long,1996.7233333333334,1995.73,-2.980000000000018,SL Hit,1995.73,3,771.5499999999956,45.0,-1.1233333333334485,1.0866666666665878
2024-02-15 12:40:00,2024-02-15 12:50:00,Long,1997.89,1997.89,0.0,SL Hit,1997.89,1,771.5499999999956,10.0,-0.3100000000001728,1.1299999999998818
2024-02-15 13:40:00,2024-02-15 14:15:00,Short,2002.185,2003.59,-2.8099999999999454,SL Hit,2003.59,2,768.7399999999957,35.0,2.394999999999982,-1.1649999999999636
2024-02-15 17:30:00,2024-02-15 20:00:00,Long,2003.85,2004.3,2.2500000000002274,SL Hit,2004.3,5,770.9899999999959,150.0,-2.1499999999998636,2.4500000000000455
2024-02-15 21:00:00,2024-02-15 21:05:00,Short,2004.22,2004.275,-0.055000000000063665,SL Hit,2004.275,1,770.9349999999959,5.0,0.05999999999994543,-0.32999999999992724
2024-02-15 21:30:00,2024-02-15 21:35:00,Short,2004.04,2004.1225,-0.08249999999998181,SL Hit,2004.1225,1,770.8524999999959,5.0,0.14000000000010004,-0.7400000000000091
2024-02-16 00:05:00,2024-02-16 01:15:00,Short,2002.97,2003.18,-0.42000000000007276,SL Hit,2003.18,2,770.4324999999958,70.0,0.4600000000000364,-1.2699999999999818
2024-02-16 01:20:00,2024-02-16 03:15:00,Long,2004.04,2003.2,-3.3599999999996726,SL Hit,2003.2,4,767.0724999999961,115.0,-1.9400000000000546,1.5599999999999454
2024-02-16 07:05:00,2024-02-16 08:50:00,Long,2004.1933333333334,2004.3,0.31999999999970896,SL Hit,2004.3,3,767.3924999999958,105.0,-0.8633333333334576,1.9766666666666879
2024-02-16 11:45:00,2024-02-16 12:45:00,Long,2007.5066666666664,2006.91,-1.7899999999990541,SL Hit,2006.91,3,765.6024999999968,60.0,-1.3066666666663878,0.44333333333361225
2024-02-16 15:00:00,2024-02-16 15:05:00,Short,1998.09,2000.8125,-2.722500000000082,SL Hit,2000.8125,1,762.8799999999967,5.0,4.190000000000055,-0.31999999999993634
2024-02-16 16:35:00,2024-02-16 16:40:00,Short,2009.22,2009.6049999999996,-0.38499999999953616,SL Hit,2009.6049999999996,1,762.4949999999972,5.0,0.5099999999999909,-1.4100000000000819
2024-02-16 21:50:00,2024-02-16 21:55:00,Short,2013.33,2014.2925000000002,-0.9625000000003183,Bullish Trade Reversal,2014.2925000000002,1,761.5324999999968,5.0,0.3500000000001364,-0.8899999999998727
2024-02-16 21:55:00,2024-02-18 23:00:00,Long,2012.57,2012.1,-0.9400000000000546,SL Hit,2012.1,2,760.5924999999968,2945.0,-0.8399999999999181,1.0399999999999636
2024-02-19 00:55:00,2024-02-19 01:00:00,Long,2018.2,2017.0449999999998,-1.1550000000002,SL Hit,2017.0449999999998,1,759.4374999999966,5.0,-1.7000000000000455,1.5
2024-02-19 01:20:00,2024-02-19 01:25:00,Long,2018.78,2018.2299999999998,-0.5500000000001819,SL Hit,2018.2299999999998,1,758.8874999999964,5.0,-1.1399999999998727,0.7400000000000091
2024-02-19 03:50:00,2024-02-19 05:15:00,Short,2018.926666666667,2019.04,-0.33999999999900865,SL Hit,2019.04,3,758.5474999999974,85.0,1.5533333333330575,-1.0266666666668698
2024-02-19 06:25:00,2024-02-19 06:30:00,Long,2021.14,2021.0849999999996,-0.05500000000051841,SL Hit,2021.0849999999996,1,758.4924999999969,5.0,-0.7400000000000091,0.4799999999997908
2024-02-19 08:20:00,2024-02-19 09:15:00,Short,2020.53,2020.2,0.9899999999997817,SL Hit,2020.2,3,759.4824999999967,55.0,0.5599999999999454,-2.1299999999998818
2024-02-19 09:50:00,2024-02-19 09:55:00,Short,2019.99,2020.5125000000003,-0.5225000000002638,Bullish Trade Reversal,2020.5125000000003,1,758.9599999999964,5.0,0.19000000000005457,-0.31999999999993634
2024-02-19 09:55:00,2024-02-19 10:35:00,Long,2019.8866666666665,2019.36,-1.5799999999999272,SL Hit,2019.36,3,757.3799999999965,40.0,-1.2166666666664696,0.2333333333333485
2024-02-19 11:20:00,2024-02-19 12:00:00,Long,2018.9666666666665,2018.27,-2.0899999999994634,SL Hit,2018.27,3,755.289999999997,40.0,-0.9666666666664696,0.5533333333335122
2024-02-19 19:05:00,2024-02-19 19:10:00,Short,2017.84,2017.84,0.0,SL Hit,2017.84,1,755.289999999997,5.0,0.09000000000014552,-0.16999999999984539
2024-02-20 03:25:00,2024-02-20 04:00:00,Long,2018.1999999999998,2018.03,-0.33999999999969077,SL Hit,2018.03,2,754.9499999999973,35.0,-0.599999999999909,0.48000000000024556
2024-02-20 06:05:00,2024-02-20 06:10:00,Short,2017.98,2018.0625,-0.08249999999998181,SL Hit,2018.0625,1,754.8674999999973,5.0,0.8099999999999454,-0.15000000000009095
2024-02-20 07:10:00,2024-02-20 08:05:00,Long,2020.2,2020.5,0.599999999999909,SL Hit,2020.5,2,755.4674999999972,55.0,-1.6000000000001364,2.5599999999999454
2024-02-20 10:25:00,2024-02-20 13:00:00,Long,2026.095,2026.1,0.009999999999763531,SL Hit,2026.1,2,755.477499999997,155.0,-0.8949999999999818,1.8550000000000182
2024-02-20 14:40:00,2024-02-20 14:55:00,Short,2027.87,2027.9525000000003,-0.08250000000043656,SL Hit,2027.9525000000003,1,755.3949999999966,15.0,0.3000000000001819,-2.199999999999818
2024-02-20 15:40:00,2024-02-20 16:25:00,Short,2027.125,2027.75,-1.25,SL Hit,2027.75,2,754.1449999999966,45.0,0.724999999999909,-1.4249999999999545
2024-02-20 16:35:00,2024-02-20 17:05:00,Long,2027.3400000000001,2026.5,-1.680000000000291,SL Hit,2026.5,2,752.4649999999963,30.0,-1.3500000000001364,0.709999999999809
2024-02-20 17:55:00,2024-02-20 18:15:00,Long,2028.02,2028.02,0.0,SL Hit,2028.02,1,752.4649999999963,20.0,-0.10999999999989996,0.7899999999999636
2024-02-20 20:40:00,2024-02-20 20:45:00,Short,2024.04,2024.04,0.0,SL Hit,2024.04,1,752.4649999999963,5.0,0.2699999999999818,-0.4500000000000455
2024-02-20 21:15:00,2024-02-20 23:10:00,Short,2023.9666666666665,2024.15,-0.550000000000864,SL Hit,2024.15,3,751.9149999999954,115.0,0.573333333333494,-1.0666666666663787
2024-02-20 23:20:00,2024-02-20 23:25:00,Long,2023.97,2023.97,0.0,SL Hit,2023.97,1,751.9149999999954,5.0,-0.049999999999954525,0.17000000000007276
2024-02-21 01:10:00,2024-02-21 04:40:00,Long,2028.085,2029.9,14.520000000000437,SL Hit,2029.9,8,766.4349999999959,210.0,-4.305000000000064,3.0149999999998727
2024-02-21 06:20:00,2024-02-21 09:20:00,Short,2028.6016666666667,2027.08,9.130000000000564,SL Hit,2027.08,6,775.5649999999964,180.0,1.9383333333332757,-2.8016666666667334
2024-02-21 11:40:00,2024-02-21 11:45:00,Short,2027.85,2027.85,0.0,SL Hit,2027.85,1,775.5649999999964,5.0,0.21000000000003638,-0.4399999999998272
2024-02-21 12:05:00,2024-02-21 12:40:00,Long,2028.925,2027.7,-2.449999999999818,SL Hit,2027.7,2,773.1149999999966,35.0,-1.4249999999999545,0.9950000000001182
2024-02-21 13:05:00,2024-02-21 13:20:00,Long,2030.21,2030.21,0.0,SL Hit,2030.21,1,773.1149999999966,15.0,-1.509999999999991,1.0899999999999181
2024-02-21 14:55:00,2024-02-21 15:05:00,Short,2028.26,2028.26,0.0,SL Hit,2028.26,1,773.1149999999966,10.0,0.4700000000000273,-1.25
2024-02-21 17:10:00,2024-02-21 18:20:00,Short,2023.125,2024.39,-2.5300000000002,SL Hit,2024.39,2,770.5849999999964,70.0,1.4149999999999636,-1.6949999999999363
2024-02-21 18:45:00,2024-02-21 19:00:00,Short,2022.58,2023.5975000000003,-1.017500000000382,SL Hit,2023.5975000000003,1,769.567499999996,15.0,2.900000000000091,-2.1099999999999
2024-02-21 19:05:00,2024-02-21 19:10:00,Short,2024.35,2024.35,0.0,SL Hit,2024.35,1,769.567499999996,5.0,1.6400000000001,-1.5899999999999181
2024-02-21 20:00:00,2024-02-21 20:15:00,Long,2026.22,2025.1474999999998,-1.0725000000002183,SL Hit,2025.1474999999998,1,768.4949999999958,15.0,-1.75,0.5099999999999909
2024-02-21 21:25:00,2024-02-21 21:35:00,Short,2024.16,2024.4624999999999,-0.3024999999997817,SL Hit,2024.4624999999999,1,768.192499999996,10.0,0.709999999999809,-0.2599999999999909
2024-02-22 00:50:00,2024-02-22 01:55:00,Long,2026.8224999999998,2026.7,-0.4899999999988722,SL Hit,2026.7,4,767.7024999999971,65.0,-1.012499999999818,1.5775000000003274
2024-02-22 02:35:00,2024-02-22 02:45:00,Short,2027.05,2027.1325,-0.08249999999998181,SL Hit,2027.1325,1,767.6199999999972,10.0,0.75,-0.3999999999998636
2024-02-22 03:00:00,2024-02-22 03:10:00,Long,2027.75,2027.3099999999997,-0.44000000000028194,SL Hit,2027.3099999999997,1,767.1799999999969,10.0,-0.599999999999909,0.43000000000006366
2024-02-22 03:55:00,2024-02-22 04:15:00,Short,2026.3249999999998,2026.65,-0.6500000000005457,SL Hit,2026.65,2,766.5299999999963,20.0,0.3950000000002092,-0.7449999999998909
2024-02-22 04:25:00,2024-02-22 05:40:00,Long,2027.8966666666665,2028.4,1.510000000000673,SL Hit,2028.4,3,768.039999999997,75.0,-1.3966666666665333,2.0033333333335577
2024-02-22 11:00:00,2024-02-22 11:45:00,Short,2028.69,2028.83,-0.27999999999974534,SL Hit,2028.83,2,767.7599999999973,45.0,0.9299999999998363,-1.490000000000009
2024-02-22 12:25:00,2024-02-22 12:45:00,Long,2028.495,2028.12,-0.75,SL Hit,2028.12,2,767.0099999999973,20.0,-0.7349999999999,1.175000000000182
2024-02-22 12:50:00,2024-02-22 15:55:00,Short,2025.6000000000001,2024.09,10.570000000001528,SL Hit,2024.09,7,777.5799999999988,185.0,2.8999999999998636,-5.040000000000191
2024-02-22 19:20:00,2024-02-22 19:40:00,Long,2022.72,2022.6925,-0.027499999999918145,SL Hit,2022.6925,1,777.5524999999989,20.0,-0.14000000000010004,0.7899999999999636
2024-02-22 20:35:00,2024-02-22 21:35:00,Long,2023.78,2023.5,-1.1199999999998909,SL Hit,2023.5,4,776.432499999999,60.0,-1.0799999999999272,1.1800000000000637
2024-02-23 00:45:00,2024-02-23 00:55:00,Short,2024.51,2024.51,0.0,SL Hit,2024.51,1,776.432499999999,10.0,0.22000000000002728,-1.4100000000000819
2024-02-23 02:30:00,2024-02-23 03:40:00,Short,2025.74,2025.9049999999997,-0.16499999999973625,SL Hit,2025.9049999999997,1,776.2674999999992,70.0,0.37999999999988177,-2.240000000000009
2024-02-23 04:05:00,2024-02-23 04:10:00,Short,2025.85,2026.0150000000003,-0.16500000000041837,SL Hit,2026.0150000000003,1,776.1024999999988,5.0,0.5800000000001546,-0.9499999999998181
2024-02-23 05:15:00,2024-02-23 07:50:00,Short,2022.755,2021.92,1.6700000000000728,SL Hit,2021.92,2,777.7724999999989,155.0,2.9249999999999545,-4.625
2024-02-23 08:00:00,2024-02-23 08:05:00,Long,2022.13,2021.1399999999999,-0.9900000000002365,SL Hit,2021.1399999999999,1,776.7824999999987,5.0,-1.4800000000000182,0.31999999999993634
2024-02-23 08:35:00,2024-02-23 10:25:00,Short,2019.945,2019.61,0.6700000000000728,SL Hit,2019.61,2,777.4524999999987,110.0,1.2850000000000819,-3.9549999999999272
2024-02-23 10:30:00,2024-02-23 11:30:00,Long,2021.1599999999999,2021.6,0.8800000000001091,SL Hit,2021.6,2,778.3324999999988,60.0,-1.7799999999997453,2.4700000000002547
2024-02-23 14:40:00,2024-02-23 14:55:00,Short,2024.64,2026.1525,-1.512499999999818,SL Hit,2026.1525,1,776.819999999999,15.0,3.9699999999998,-0.2300000000000182
2024-02-23 17:10:00,2024-02-23 17:15:00,Long,2037.44,2037.44,0.0,SL Hit,2037.44,1,776.819999999999,5.0,-0.21000000000003638,1.009999999999991
2024-02-23 20:05:00,2024-02-26 01:40:00,Short,2034.4260000000002,2033.54,4.430000000000973,SL Hit,2033.54,5,781.25,3215.0,2.713999999999942,-4.626000000000204
2024-02-26 03:10:00,2024-02-26 03:15:00,Short,2030.93,2031.04,-0.10999999999989996,SL Hit,2031.04,1,781.1400000000001,5.0,0.4800000000000182,-0.2300000000000182
2024-02-26 05:25:00,2024-02-26 05:30:00,Long,2032.59,2029.5925000000002,-2.997499999999718,Bearish Trade Reversal,2029.5925000000002,1,778.1425000000004,5.0,-1.0899999999999181,0.6000000000001364
2024-02-26 05:30:00,2024-02-26 05:45:00,Short,2032.865,2033.19,-0.650000000000091,SL Hit,2033.19,2,777.4925000000003,15.0,0.974999999999909,-0.5650000000000546
2024-02-26 11:55:00,2024-02-26 12:00:00,Short,2031.38,2031.4625,-0.08249999999998181,SL Hit,2031.4625,1,777.4100000000003,5.0,0.2599999999999909,-0.6800000000000637
2024-02-26 12:25:00,2024-02-26 13:00:00,Long,2032.2,2032.2,0.0,SL Hit,2032.2,1,777.4100000000003,35.0,-0.10000000000013642,1.7300000000000182
2024-02-26 15:30:00,2024-02-26 15:35:00,Short,2026.63,2026.63,0.0,SL Hit,2026.63,1,777.4100000000003,5.0,0.599999999999909,-1.2600000000002183
2024-02-26 23:50:00,2024-02-27 00:40:00,Long,2031.2033333333336,2031.33,0.37999999999897227,SL Hit,2031.33,3,777.7899999999993,50.0,-1.103333333333694,1.0966666666663514
2024-02-27 05:15:00,2024-02-27 05:20:00,Short,2033.29,2033.29,0.0,SL Hit,2033.29,1,777.7899999999993,5.0,-0.0,-0.33999999999991815
2024-02-27 07:20:00,2024-02-27 09:20:00,Long,2035.415,2036.5,4.3400000000001455,SL Hit,2036.5,4,782.1299999999994,120.0,-1.1050000000000182,3.875
2024-02-27 09:30:00,2024-02-27 09:50:00,Short,2036.38,2036.8474999999996,-0.46749999999951797,SL Hit,2036.8474999999996,1,781.6624999999999,20.0,0.7299999999997908,-1.7800000000002
2024-02-27 13:25:00,2024-02-27 13:30:00,Short,2036.58,2037.0475000000001,-0.4675000000002001,SL Hit,2037.0475000000001,1,781.1949999999997,5.0,1.7300000000000182,-0.6799999999998363
2024-02-27 13:50:00,2024-02-27 15:45:00,Short,2035.1950000000002,2035.09,0.42000000000098225,SL Hit,2035.09,4,781.6150000000007,115.0,1.3449999999998,-1.9650000000001455
2024-02-27 18:15:00,2024-02-27 18:30:00,Long,2035.02,2033.8374999999999,-1.1825000000001182,SL Hit,2033.8374999999999,1,780.4325000000006,15.0,-2.3199999999999363,0.9800000000000182
2024-02-27 18:50:00,2024-02-27 20:40:00,Short,2030.6366666666665,2029.78,2.569999999999709,SL Hit,2029.78,3,783.0025000000003,110.0,2.4033333333334213,-1.8566666666665697
2024-02-27 22:00:00,2024-02-27 23:00:00,Long,2030.11,2030.11,0.0,SL Hit,2030.11,1,783.0025000000003,60.0,-0.709999999999809,0.060000000000172804
2024-02-28 00:10:00,2024-02-28 00:20:00,Short,2029.71,2029.875,-0.16499999999996362,SL Hit,2029.875,1,782.8375000000003,10.0,0.9600000000000364,-0.30999999999994543
2024-02-28 04:20:00,2024-02-28 04:25:00,Short,2030.37,2030.3975000000005,-0.027500000000600267,SL Hit,2030.3975000000005,1,782.8099999999997,5.0,0.5200000000002092,-0.5599999999999454
2024-02-28 08:35:00,2024-02-28 10:35:00,Short,2026.5200000000002,2026.04,1.4400000000007367,SL Hit,2026.04,3,784.2500000000005,120.0,2.1299999999998818,-2.020000000000209
2024-02-28 11:30:00,2024-02-28 11:50:00,Long,2027.275,2026.75,-1.050000000000182,SL Hit,2026.75,2,783.2000000000003,20.0,-1.0750000000000455,0.47499999999990905
2024-02-28 12:05:00,2024-02-28 14:15:00,Long,2032.505,2034.61,8.419999999999163,SL Hit,2034.61,4,791.6199999999994,130.0,-4.535000000000082,5.014999999999873
2024-02-28 16:25:00,2024-02-28 16:30:00,Long,2033.44,2032.9999999999998,-0.44000000000028194,SL Hit,2032.9999999999998,1,791.1799999999992,5.0,-0.7999999999999545,0.21000000000003638
2024-02-28 19:10:00,2024-02-28 19:25:00,Short,2031.41,2031.9324999999997,-0.5224999999995816,SL Hit,2031.9324999999997,1,790.6574999999996,15.0,0.5799999999999272,-0.6100000000001273
2024-02-28 20:55:00,2024-02-28 21:35:00,Short,2033.825,2034.01,-0.36999999999989086,SL Hit,2034.01,2,790.2874999999997,40.0,0.3450000000000273,-0.9249999999999545
2024-02-29 00:10:00,2024-02-29 00:25:00,Long,2034.97,2034.8050000000003,-0.16499999999973625,SL Hit,2034.8050000000003,1,790.1225,15.0,-0.2699999999999818,0.2400000000000091
2024-02-29 00:50:00,2024-02-29 01:05:00,Short,2034.505,2035.19,-1.3699999999998909,SL Hit,2035.19,2,788.7525,15.0,0.7349999999999,-0.6550000000002001
2024-02-29 04:35:00,2024-02-29 05:50:00,Short,2035.635,2035.73,-0.19000000000005457,SL Hit,2035.73,2,788.5625,75.0,0.24500000000011823,-1.8350000000000364
2024-02-29 07:00:00,2024-02-29 07:25:00,Long,2036.6950000000002,2036.44,-0.5100000000002183,SL Hit,2036.44,2,788.0524999999998,25.0,-0.6950000000001637,0.5549999999998363
2024-02-29 09:10:00,2024-02-29 11:25:00,Short,2033.705,2031.36,4.690000000000055,SL Hit,2031.36,2,792.7424999999998,135.0,3.025000000000091,-4.204999999999927
2024-02-29 13:00:00,2024-02-29 15:25:00,Long,2044.1100000000001,2047.26,12.599999999999454,SL Hit,2047.26,4,805.3424999999993,145.0,-13.730000000000018,6.309999999999945
2024-02-29 18:20:00,2024-02-29 18:30:00,Long,2045.3899999999999,2045.4,0.020000000000436557,SL Hit,2045.4,2,805.3624999999997,10.0,-0.30999999999994543,0.8800000000001091
2024-02-29 18:40:00,2024-02-29 18:50:00,Short,2045.46,2045.6799999999998,-0.2199999999997999,SL Hit,2045.6799999999998,1,805.1424999999999,10.0,0.5299999999999727,-0.40000000000009095
2024-02-29 20:40:00,2024-03-01 00:55:00,Short,2043.61,2043.91,-0.9000000000005457,SL Hit,2043.91,3,804.2424999999994,255.0,0.7000000000000455,-1.3099999999999454
2024-03-01 01:05:00,2024-03-01 04:55:00,Long,2044.735,2044.8,0.2600000000002183,SL Hit,2044.8,4,804.5024999999996,230.0,-2.2349999999999,1.9950000000001182
2024-03-01 05:00:00,2024-03-01 05:55:00,Short,2045.095,2045.16,-0.13000000000010914,SL Hit,2045.16,2,804.3724999999995,55.0,0.4149999999999636,-1.7049999999999272
2024-03-01 06:00:00,2024-03-01 07:25:00,Long,2046.2133333333334,2046.4,0.5600000000001728,SL Hit,2046.4,3,804.9324999999997,85.0,-1.2033333333333758,2.4666666666664696
2024-03-01 12:40:00,2024-03-01 14:10:00,Short,2053.266666666667,2054.01,-2.230000000000018,SL Hit,2054.01,3,802.7024999999996,90.0,1.2333333333331211,-3.1366666666667697
2024-03-01 19:25:00,2024-03-01 19:30:00,Short,2085.4,2086.2799999999993,-0.8799999999991996,SL Hit,2086.2799999999993,1,801.8225000000004,5.0,0.9400000000000546,-0.17000000000007276
2024-03-04 01:00:00,2024-03-04 02:10:00,Short,2081.4449999999997,2081.27,0.3499999999994543,SL Hit,2081.27,2,802.1724999999999,70.0,1.2550000000001091,-2.044999999999618
2024-03-04 02:25:00,2024-03-04 02:55:00,Long,2081.785,2080.99,-1.5900000000001455,SL Hit,2080.99,2,800.5824999999998,30.0,-1.3849999999997635,1.5650000000000546
2024-03-04 03:05:00,2024-03-04 03:35:00,Short,2080.96,2081.5925,-0.6325000000001637,SL Hit,2081.5925,1,799.9499999999996,30.0,0.9200000000000728,-1.5599999999999454
2024-03-04 05:30:00,2024-03-04 05:45:00,Long,2081.19,2080.2825000000003,-0.9074999999997999,SL Hit,2080.2825000000003,1,799.0424999999998,15.0,-0.9900000000002365,0.9800000000000182
2024-03-04 07:40:00,2024-03-04 08:20:00,Long,2086.4449999999997,2084.3,-4.289999999999054,SL Hit,2084.3,2,794.7525000000007,40.0,-2.744999999999891,1.6850000000004002
2024-03-04 09:25:00,2024-03-04 09:35:00,Short,2083.92,2083.9474999999993,-0.027499999999236024,SL Hit,2083.9474999999993,1,794.7250000000015,10.0,0.5599999999999454,-0.6900000000000546
2024-03-04 11:30:00,2024-03-04 13:10:00,Short,2082.532,2082.84,-1.5399999999999636,SL Hit,2082.84,5,793.1850000000015,100.0,1.5279999999997926,-0.8120000000003529
2024-03-04 20:35:00,2024-03-04 21:00:00,Long,2117.21,2116.35,-1.7200000000002547,SL Hit,2116.35,2,791.4650000000013,25.0,-1.1100000000001273,1.1700000000000728
2024-03-04 21:05:00,2024-03-05 00:50:00,Short,2115.382,2115.05,1.6599999999993997,SL Hit,2115.05,5,793.1250000000007,225.0,1.5679999999997563,-2.481999999999971
2024-03-05 02:25:00,2024-03-05 02:30:00,Long,2112.44,2112.44,0.0,SL Hit,2112.44,1,793.1250000000007,5.0,-0.11999999999989086,0.5900000000001455
2024-03-05 02:40:00,2024-03-05 04:05:00,Long,2112.7166666666667,2112.24,-1.4300000000007458,SL Hit,2112.24,3,791.6949999999999,85.0,-1.436666666666497,1.183333333333394
2024-03-05 04:10:00,2024-03-05 04:15:00,Short,2113.77,2114.8974999999996,-1.1274999999995998,Bullish Trade Reversal,2114.8974999999996,1,790.5675000000003,5.0,0.4499999999998181,-0.9699999999997999
2024-03-05 04:15:00,2024-03-05 06:30:00,Long,2115.5283333333336,2115.9,2.229999999998654,SL Hit,2115.9,6,792.797499999999,135.0,-2.1683333333335213,3.9816666666665697
2024-03-05 06:40:00,2024-03-05 06:50:00,Short,2116.01,2116.01,0.0,SL Hit,2116.01,1,792.797499999999,10.0,0.5599999999999454,-0.6700000000000728
2024-03-05 10:10:00,2024-03-05 10:35:00,Long,2125.34,2125.34,0.0,SL Hit,2125.34,1,792.797499999999,25.0,-1.3299999999999272,1.75
2024-03-05 13:20:00,2024-03-05 13:50:00,Long,2130.295,2125.1,-10.390000000000327,SL Hit,2125.1,2,782.4074999999987,30.0,-7.565000000000055,11.324999999999818
2024-03-05 15:05:00,2024-03-05 15:50:00,Long,2132.6949999999997,2129.22,-6.949999999999818,SL Hit,2129.22,2,775.4574999999988,45.0,-7.954999999999927,4.055000000000291
2024-03-05 20:10:00,2024-03-05 20:30:00,Short,2130.1,2130.705000000001,-0.6050000000009277,SL Hit,2130.705000000001,1,774.8524999999979,20.0,0.7699999999999818,-1.099999999999909
2024-03-06 01:05:00,2024-03-06 01:25:00,Long,2126.675,2125.9,-1.550000000000182,SL Hit,2125.9,2,773.3024999999977,20.0,-1.1050000000000182,1.2049999999999272
2024-03-06 01:55:00,2024-03-06 02:05:00,Short,2125.54,2125.9249999999997,-0.38499999999976353,SL Hit,2125.9249999999997,1,772.917499999998,10.0,0.7899999999999636,-0.40000000000009095
2024-03-06 05:55:00,2024-03-06 06:30:00,Short,2126.14,2126.6075,-0.4675000000002001,SL Hit,2126.6075,1,772.4499999999978,35.0,0.6100000000001273,-1.3399999999996908
2024-03-06 14:30:00,2024-03-06 15:05:00,Long,2138.45,2138.45,0.0,SL Hit,2138.45,1,772.4499999999978,35.0,-1.349999999999909,6.650000000000091
2024-03-06 19:30:00,2024-03-06 19:40:00,Short,2141.04,2142.1400000000003,-1.1000000000003638,SL Hit,2142.1400000000003,1,771.3499999999974,10.0,1.199999999999818,-0.9800000000000182
2024-03-06 21:40:00,2024-03-07 00:30:00,Long,2147.8480000000004,2147.3,-2.740000000001146,SL Hit,2147.3,5,768.6099999999963,170.0,-1.4480000000003201,1.5619999999994434
2024-03-07 05:55:00,2024-03-07 06:50:00,Short,2154.6800000000003,2155.34,-1.319999999999709,SL Hit,2155.34,2,767.2899999999966,55.0,0.8799999999996544,-2.6700000000000728
2024-03-07 14:00:00,2024-03-07 15:15:00,Short,2156.645,2157.32,-1.3500000000003638,SL Hit,2157.32,2,765.9399999999962,75.0,2.505000000000109,-8.215000000000146
2024-03-07 16:05:00,2024-03-07 16:15:00,Short,2152.65,2153.86,-1.2100000000000364,SL Hit,2153.86,1,764.7299999999962,10.0,1.2899999999999636,-3.25
2024-03-08 01:20:00,2024-03-08 04:10:00,Short,2158.433333333333,2158.42,0.03999999999859938,SL Hit,2158.42,3,764.7699999999948,170.0,1.3666666666672427,-4.403333333332739
2024-03-08 04:30:00,2024-03-08 05:00:00,Short,2157.41,2157.7675,-0.35750000000007276,SL Hit,2157.7675,1,764.4124999999947,30.0,0.5399999999999636,-1.0599999999999454
2024-03-08 05:45:00,2024-03-08 06:25:00,Short,2157.46,2158.31,-1.699999999999818,SL Hit,2158.31,2,762.7124999999949,40.0,1.4600000000000364,-0.9200000000000728
2024-03-08 07:45:00,2024-03-08 07:50:00,Long,2161.29,2161.29,0.0,SL Hit,2161.29,1,762.7124999999949,5.0,-0.2899999999999636,0.4600000000000364
2024-03-08 11:25:00,2024-03-08 13:30:00,Short,2168.62,2169.1,-0.9600000000000364,SL Hit,2169.1,2,761.7524999999948,125.0,12.63000000000011,-8.759999999999764
2024-03-08 16:05:00,2024-03-08 18:50:00,Long,2175.4500000000003,2176.18,2.1899999999986903,SL Hit,2176.18,3,763.9424999999935,165.0,-3.0400000000004184,19.4399999999996
2024-03-08 20:50:00,2024-03-08 20:55:00,Long,2177.1,2177.1,0.0,SL Hit,2177.1,1,763.9424999999935,5.0,-0.09999999999990905,0.9800000000000182
2024-03-08 21:00:00,2024-03-08 21:35:00,Long,2177.38,2177.1,-0.5600000000004002,SL Hit,2177.1,2,763.3824999999931,35.0,-0.7800000000002001,0.6199999999998909
2024-03-11 03:50:00,2024-03-11 05:30:00,Long,2180.638,2180.2,-2.1900000000005093,SL Hit,2180.2,5,761.1924999999926,100.0,-1.837999999999738,0.9020000000000437
2024-03-11 06:10:00,2024-03-11 06:15:00,Short,2178.81,2178.865,-0.05499999999983629,SL Hit,2178.865,1,761.1374999999928,5.0,0.13999999999987267,-1.7100000000000364
2024-03-11 07:25:00,2024-03-11 07:30:00,Long,2179.84,2179.84,0.0,SL Hit,2179.84,1,761.1374999999928,5.0,-1.1600000000003092,0.9499999999998181
2024-03-11 08:55:00,2024-03-11 09:45:00,Short,2177.77,2179.59,-3.6400000000003274,SL Hit,2179.59,2,757.4974999999924,50.0,3.0399999999999636,-1.6700000000000728
2024-03-11 11:20:00,2024-03-11 11:25:00,Short,2176.93,2177.0125000000003,-0.08250000000043656,SL Hit,2177.0125000000003,1,757.414999999992,5.0,0.6200000000003456,-0.4800000000000182
2024-03-11 13:05:00,2024-03-11 13:20:00,Short,2177.45,2178.16,-1.4200000000000728,SL Hit,2178.16,2,755.9949999999919,15.0,1.2699999999999818,-1.7100000000000364
2024-03-11 13:30:00,2024-03-11 14:00:00,Long,2178.07,2177.6575,-0.4125000000003638,SL Hit,2177.6575,1,755.5824999999916,30.0,-1.6100000000001273,6.539999999999964
2024-03-11 15:35:00,2024-03-11 16:20:00,Long,2183.91,2182.19,-3.4399999999996,SL Hit,2182.19,2,752.142499999992,45.0,-2.6299999999996544,1.5399999999999636
2024-03-11 22:45:00,2024-03-11 22:50:00,Short,2181.76,2181.76,0.0,SL Hit,2181.76,1,752.142499999992,5.0,0.01999999999998181,-1.8600000000001273
2024-03-11 23:50:00,2024-03-12 00:25:00,Long,2182.85,2182.685,-0.16499999999996362,SL Hit,2182.685,1,751.977499999992,35.0,-0.5299999999997453,1.5100000000002183
2024-03-12 00:45:00,2024-03-12 01:05:00,Short,2181.28,2181.28,0.0,SL Hit,2181.28,1,751.977499999992,20.0,0.7199999999997999,-0.9700000000002547
2024-03-12 01:25:00,2024-03-12 01:50:00,Short,2181.4049999999997,2181.82,-0.8300000000008367,SL Hit,2181.82,2,751.1474999999912,25.0,1.6250000000004547,-1.3849999999997635
2024-03-12 02:55:00,2024-03-12 04:10:00,Short,2178.4066666666668,2178.08,0.9800000000004729,SL Hit,2178.08,3,752.1274999999916,75.0,1.4933333333333394,-2.2066666666669335
2024-03-12 06:40:00,2024-03-12 07:05:00,Short,2175.41,2175.6575000000003,-0.24750000000040018,SL Hit,2175.6575000000003,1,751.8799999999912,25.0,1.2300000000000182,-2.1099999999996726
2024-03-12 09:15:00,2024-03-12 09:20:00,Long,2177.24,2176.8825000000006,-0.35749999999916326,SL Hit,2176.8825000000006,1,751.5224999999921,5.0,-0.5399999999999636,0.8200000000001637
2024-03-12 10:00:00,2024-03-12 10:30:00,Short,2176.81,2176.81,0.0,SL Hit,2176.81,1,751.5224999999921,30.0,0.1799999999998363,-1.1799999999998363
2024-03-12 14:30:00,2024-03-12 14:35:00,Long,2161.08,2160.9975000000004,-0.08249999999952706,SL Hit,2160.9975000000004,1,751.4399999999926,5.0,-0.36999999999989086,2.0300000000002
2024-03-12 14:40:00,2024-03-12 15:10:00,Long,2162.59,2160.4,-4.380000000000109,SL Hit,2160.4,2,747.0599999999924,30.0,-2.4200000000000728,2.8599999999996726
2024-03-12 15:15:00,2024-03-12 15:30:00,Short,2160.645,2161.86,-2.430000000000291,SL Hit,2161.86,2,744.6299999999922,15.0,1.6849999999999454,-2.894999999999982
2024-03-12 15:35:00,2024-03-12 17:15:00,Long,2162.285,2161.2,-2.1700000000000728,SL Hit,2161.2,2,742.4599999999921,100.0,-1.4549999999999272,4.055000000000291
2024-03-12 17:25:00,2024-03-12 19:55:00,Short,2159.2233333333334,2156.48,8.230000000000018,SL Hit,2156.48,3,750.6899999999921,150.0,2.4966666666664423,-8.693333333333157
2024-03-12 23:25:00,2024-03-13 00:10:00,Short,2157.3450000000003,2157.68,-0.6699999999991633,SL Hit,2157.68,2,750.0199999999929,45.0,1.9249999999997272,-2.0450000000000728
2024-03-13 01:25:00,2024-03-13 02:10:00,Short,2158.06,2158.85,-1.5799999999999272,SL Hit,2158.85,2,748.439999999993,45.0,1.6599999999998545,-1.3600000000001273
2024-03-13 04:30:00,2024-03-13 04:35:00,Short,2157.82,2157.82,0.0,SL Hit,2157.82,1,748.439999999993,5.0,0.31999999999970896,-0.580000000000382
2024-03-13 05:35:00,2024-03-13 05:50:00,Long,2159.315,2158.68,-1.2700000000004366,SL Hit,2158.68,2,747.1699999999926,15.0,-1.2150000000001455,1.0949999999998
2024-03-13 11:25:00,2024-03-13 11:30:00,Long,2162.4,2162.4,0.0,SL Hit,2162.4,1,747.1699999999926,5.0,-0.09000000000014552,1.2100000000000364
2024-03-13 12:05:00,2024-03-13 13:15:00,Long,2163.986666666667,2162.59,-4.190000000000964,SL Hit,2162.59,3,742.9799999999916,70.0,-2.0866666666670426,1.9033333333327391
2024-03-13 13:30:00,2024-03-13 14:05:00,Long,2164.9,2164.47,-0.8600000000005821,SL Hit,2164.47,2,742.119999999991,35.0,-1.0799999999999272,6.179999999999836
2024-03-13 15:00:00,2024-03-13 17:50:00,Long,2172.8325,2174.78,7.790000000000873,SL Hit,2174.78,4,749.9099999999919,170.0,-4.382500000000164,6.197500000000218
2024-03-13 18:05:00,2024-03-13 18:10:00,Short,2175.5,2175.5275000000006,-0.027500000000600267,SL Hit,2175.5275000000006,1,749.8824999999913,5.0,0.2600000000002183,-0.900000000000091
2024-03-13 19:40:00,2024-03-13 20:30:00,Short,2173.53,2173.97,-0.4399999999995998,SL Hit,2173.97,1,749.4424999999917,50.0,1.1099999999996726,-1.930000000000291
2024-03-13 22:35:00,2024-03-14 00:10:00,Long,2175.065,2174.5,-2.2600000000002183,SL Hit,2174.5,4,747.1824999999915,95.0,-1.3650000000002365,0.9949999999998909
2024-03-14 00:25:00,2024-03-14 00:45:00,Short,2174.445,2174.84,-0.7899999999999636,SL Hit,2174.84,2,746.3924999999915,20.0,0.5249999999996362,-1.1449999999999818
2024-03-14 00:50:00,2024-03-14 01:25:00,Long,2174.62,2174.62,0.0,SL Hit,2174.62,1,746.3924999999915,35.0,-0.7199999999997999,2.119999999999891
2024-03-14 01:40:00,2024-03-14 01:45:00,Short,2173.99,2173.99,0.0,SL Hit,2173.99,1,746.3924999999915,5.0,0.1000000000003638,-0.6499999999996362
2024-03-14 02:00:00,2024-03-14 08:10:00,Short,2171.7136363636364,2168.85,31.500000000001364,SL Hit,2168.85,11,777.8924999999929,370.0,3.556363636363585,-4.413636363636215
2024-03-14 08:15:00,2024-03-14 09:15:00,Long,2169.1549999999997,2168.26,-1.7899999999990541,SL Hit,2168.26,2,776.1024999999938,60.0,-1.2149999999996908,0.7850000000003092
2024-03-14 12:20:00,2024-03-14 12:40:00,Short,2168.29,2168.29,0.0,SL Hit,2168.29,1,776.1024999999938,20.0,1.4099999999998545,-5.579999999999927
2024-03-14 13:05:00,2024-03-14 13:20:00,Short,2163.3,2165.9950000000003,-2.6950000000001637,SL Hit,2165.9950000000003,1,773.4074999999937,15.0,3.3099999999999454,-1.8800000000001091
2024-03-14 13:40:00,2024-03-14 16:40:00,Short,2161.2340000000004,2159.99,6.220000000002983,SL Hit,2159.99,5,779.6274999999966,180.0,2.425999999999476,-8.25400000000036
2024-03-14 20:40:00,2024-03-14 23:30:00,Short,2161.692,2161.76,-0.340000000001055,SL Hit,2161.76,5,779.2874999999956,170.0,0.7280000000000655,-1.1920000000000073
2024-03-14 23:35:00,2024-03-14 23:50:00,Short,2161.37,2161.76,-0.7800000000006548,SL Hit,2161.76,2,778.5074999999949,15.0,0.5500000000001819,-1.3699999999998909
2024-03-15 03:20:00,2024-03-15 03:55:00,Long,2163.5699999999997,2163.7,0.2600000000002183,SL Hit,2163.7,2,778.7674999999952,35.0,-1.0799999999999272,1.180000000000291
2024-03-15 05:15:00,2024-03-15 06:30:00,Long,2166.2933333333335,2167.98,5.059999999999491,SL Hit,2167.98,3,783.8274999999946,75.0,-2.783333333333303,3.416666666666515
2024-03-15 07:55:00,2024-03-15 08:40:00,Short,2166.98,2167.44,-0.9200000000000728,SL Hit,2167.44,2,782.9074999999946,45.0,0.8699999999998909,-1.4600000000000364
2024-03-15 08:45:00,2024-03-15 10:35:00,Long,2169.4700000000003,2169.44,-0.12000000000080036,SL Hit,2169.44,4,782.7874999999938,110.0,-2.5700000000001637,2.9699999999998
2024-03-15 14:15:00,2024-03-15 15:30:00,Long,2163.625,2161.05,-10.299999999999272,SL Hit,2161.05,4,772.4874999999945,75.0,-3.7350000000001273,2.4549999999999272
2024-03-15 15:45:00,2024-03-15 16:35:00,Short,2160.2,2163.3075,-3.1075000000000728,SL Hit,2163.3075,1,769.3799999999944,50.0,3.150000000000091,-1.7599999999997635
2024-03-15 18:35:00,2024-03-15 19:20:00,Long,2158.9833333333336,2157.95,-3.1000000000012733,SL Hit,2157.95,3,766.2799999999932,45.0,-1.3833333333336668,1.2266666666664605
2024-03-15 19:25:00,2024-03-17 23:45:00,Short,2156.255,2155.63,2.5,SL Hit,2155.63,4,768.7799999999932,3140.0,2.1649999999999636,-4.6550000000002
2024-03-17 23:50:00,2024-03-18 01:05:00,Long,2155.68,2154.6,-4.319999999999709,SL Hit,2154.6,4,764.4599999999934,75.0,-2.149999999999636,1.6600000000003092
2024-03-18 03:10:00,2024-03-18 03:30:00,Short,2147.11,2147.6875,-0.5774999999998727,SL Hit,2147.6875,1,763.8824999999936,20.0,0.6299999999996544,-1.4100000000003092
2024-03-18 03:55:00,2024-03-18 04:00:00,Short,2146.96,2146.96,0.0,SL Hit,2146.96,1,763.8824999999936,5.0,0.30999999999994543,-1.4600000000000364
2024-03-18 05:25:00,2024-03-18 05:30:00,Short,2146.67,2147.0,-0.32999999999992724,SL Hit,2147.0,1,763.5524999999936,5.0,0.599999999999909,-0.36999999999989086
2024-03-18 06:10:00,2024-03-18 06:25:00,Long,2147.56,2146.9000000000005,-0.6599999999993997,SL Hit,2146.9000000000005,1,762.8924999999942,15.0,-0.7699999999999818,0.38000000000010914
2024-03-18 07:20:00,2024-03-18 12:50:00,Long,2156.33,2160.19,30.88000000000102,SL Hit,2160.19,8,793.7724999999953,330.0,-7.349999999999909,7.1599999999998545
2024-03-18 15:25:00,2024-03-18 15:35:00,Long,2160.28,2160.0874999999996,-0.1925000000005639,SL Hit,2160.0874999999996,1,793.5799999999947,10.0,-2.2800000000002,0.9099999999998545
2024-03-18 18:25:00,2024-03-18 18:30:00,Short,2159.43,2159.5675,-0.13750000000027285,SL Hit,2159.5675,1,793.4424999999944,5.0,0.5599999999999454,-0.2899999999999636
2024-03-18 19:40:00,2024-03-18 19:50:00,Long,2160.42,2160.2000000000003,-0.2199999999997999,SL Hit,2160.2000000000003,1,793.2224999999946,10.0,-0.9700000000002547,0.30999999999994543
2024-03-18 20:30:00,2024-03-18 20:55:00,Short,2159.85,2159.85,0.0,SL Hit,2159.85,1,793.2224999999946,25.0,0.34999999999990905,-0.849999999999909
2024-03-18 23:40:00,2024-03-19 00:50:00,Long,2161.076666666667,2160.7,-1.1300000000010186,SL Hit,2160.7,3,792.0924999999936,70.0,-1.0766666666668243,1.6933333333331575
2024-03-19 05:15:00,2024-03-19 06:45:00,Short,2157.5633333333335,2156.3,3.7899999999999636,SL Hit,2156.3,3,795.8824999999936,90.0,1.786666666666406,-3.383333333333667
2024-03-19 07:20:00,2024-03-19 07:30:00,Short,2156.18,2156.5925,-0.4125000000003638,SL Hit,2156.5925,1,795.4699999999932,10.0,0.42000000000007276,-1.1900000000000546
2024-03-19 08:50:00,2024-03-19 09:25:00,Long,2151.58,2152.21,1.2600000000002183,SL Hit,2152.21,2,796.7299999999934,35.0,-1.0499999999997272,1.849999999999909
2024-03-19 13:25:00,2024-03-19 14:25:00,Short,2154.01,2152.57,2.880000000000109,SL Hit,2152.57,2,799.6099999999935,60.0,2.949999999999818,-5.100000000000364
2024-03-19 14:30:00,2024-03-19 15:10:00,Long,2152.7,2152.535,-0.16499999999996362,SL Hit,2152.535,1,799.4449999999936,40.0,-0.5499999999997272,2.680000000000291
2024-03-19 16:20:00,2024-03-19 16:30:00,Long,2154.87,2154.2650000000003,-0.6049999999995634,SL Hit,2154.2650000000003,1,798.839999999994,10.0,-1.6700000000000728,0.9700000000002547
2024-03-19 19:15:00,2024-03-19 19:30:00,Long,2157.63,2156.9975,-0.6325000000001637,SL Hit,2156.9975,1,798.2074999999938,15.0,-0.9600000000000364,0.17000000000007276
2024-03-19 21:00:00,2024-03-19 22:00:00,Short,2157.38,2157.38,0.0,SL Hit,2157.38,1,798.2074999999938,60.0,0.09999999999990905,-1.5100000000002183
2024-03-19 23:40:00,2024-03-19 23:45:00,Short,2157.36,2157.36,0.0,SL Hit,2157.36,1,798.2074999999938,5.0,0.4899999999997817,-0.9600000000000364
2024-03-19 23:50:00,2024-03-20 01:10:00,Short,2157.3599999999997,2157.85,-0.9800000000004729,SL Hit,2157.85,2,797.2274999999934,80.0,0.7700000000004366,-2.7599999999997635
2024-03-20 03:15:00,2024-03-20 03:50:00,Short,2159.02,2159.5,-0.9600000000000364,SL Hit,2159.5,2,796.2674999999933,35.0,0.6100000000001273,-1.4200000000000728
2024-03-20 05:30:00,2024-03-20 05:35:00,Long,2157.8500000000004,2156.6,-2.5000000000009095,SL Hit,2156.6,2,793.7674999999924,5.0,-1.3500000000003638,0.08999999999969077
2024-03-20 07:15:00,2024-03-20 08:00:00,Long,2157.88,2157.1,-2.3400000000006003,SL Hit,2157.1,3,791.4274999999918,45.0,-1.3299999999999272,1.400000000000091
2024-03-20 09:50:00,2024-03-20 11:35:00,Short,2154.7200000000003,2154.69,0.06000000000040018,SL Hit,2154.69,2,791.4874999999922,105.0,0.8699999999998909,-2.3200000000001637
2024-03-20 11:40:00,2024-03-20 11:45:00,Long,2154.53,2154.0899999999992,-0.44000000000096406,SL Hit,2154.0899999999992,1,791.0474999999913,5.0,-0.5300000000002001,0.29999999999972715
2024-03-20 12:00:00,2024-03-20 12:05:00,Long,2153.99,2153.99,0.0,SL Hit,2153.99,1,791.0474999999913,5.0,-1.8899999999998727,1.1700000000000728
2024-03-20 13:50:00,2024-03-20 15:25:00,Long,2157.08,2155.89,-2.380000000000109,SL Hit,2155.89,2,788.6674999999912,95.0,-2.3899999999998727,7.720000000000255
2024-03-20 15:35:00,2024-03-20 16:00:00,Short,2156.78,2157.33,-0.5499999999997272,SL Hit,2157.33,1,788.1174999999914,25.0,0.7399999999997817,-2.880000000000109
2024-03-20 16:40:00,2024-03-20 16:50:00,Short,2157.2200000000003,2158.08,-1.7199999999993452,SL Hit,2158.08,2,786.3974999999921,10.0,1.319999999999709,-0.3900000000003274
2024-03-20 18:00:00,2024-03-21 00:05:00,Long,2183.8275,2201.4,140.58000000000175,SL Hit,2201.4,8,926.9774999999938,365.0,-26.77749999999969,38.23250000000007
2024-03-21 03:15:00,2024-03-21 03:40:00,Long,2203.815,2202.8,-2.0299999999997453,SL Hit,2202.8,2,924.9474999999941,25.0,-1.2350000000001273,0.8849999999997635
2024-03-21 03:50:00,2024-03-21 04:00:00,Short,2202.82,2202.82,0.0,SL Hit,2202.82,1,924.9474999999941,10.0,0.1499999999996362,-1.0599999999999454
2024-03-21 06:00:00,2024-03-21 07:40:00,Long,2207.115,2206.93,-0.7399999999997817,SL Hit,2206.93,4,924.2074999999943,100.0,-2.6049999999995634,2.6850000000004
2024-03-21 07:55:00,2024-03-21 09:45:00,Short,2205.1,2205.08,0.07999999999992724,SL Hit,2205.08,4,924.2874999999942,110.0,2.619999999999891,-7.619999999999891
2024-03-21 09:50:00,2024-03-21 11:05:00,Long,2206.7825000000003,2207.0,0.8699999999989814,SL Hit,2207.0,4,925.1574999999932,75.0,-2.7725000000000364,4.787499999999909
2024-03-21 12:15:00,2024-03-21 12:30:00,Long,2208.31,2206.1100000000006,-2.1999999999993634,SL Hit,2206.1100000000006,1,922.9574999999938,15.0,-3.8299999999999272,0.34999999999990905
2024-03-21 13:15:00,2024-03-21 16:45:00,Short,2188.8025,2178.54,41.04999999999927,SL Hit,2178.54,4,964.0074999999931,210.0,14.81750000000011,-22.482499999999618
2024-03-21 19:50:00,2024-03-21 19:55:00,Short,2181.22,2181.22,0.0,SL Hit,2181.22,1,964.0074999999931,5.0,0.18000000000029104,-0.9399999999995998
2024-03-21 20:45:00,2024-03-21 22:05:00,Short,2180.8900000000003,2181.62,-1.4599999999991269,SL Hit,2181.62,2,962.547499999994,80.0,1.5899999999996908,-0.38000000000010914
2024-03-21 23:30:00,2024-03-21 23:45:00,Short,2181.49,2181.55,-0.12000000000080036,SL Hit,2181.55,2,962.4274999999932,15.0,0.3200000000001637,-0.8899999999998727
2024-03-22 01:25:00,2024-03-22 04:30:00,Short,2176.865,2174.38,9.93999999999869,SL Hit,2174.38,4,972.3674999999919,185.0,7.345000000000255,-4.964999999999691
2024-03-22 05:25:00,2024-03-22 05:55:00,Long,2174.4049999999997,2173.4,-2.009999999999309,SL Hit,2173.4,2,970.3574999999926,30.0,-1.2049999999999272,0.8450000000002547
2024-03-22 06:00:00,2024-03-22 06:15:00,Short,2173.77,2174.7324999999996,-0.9624999999996362,SL Hit,2174.7324999999996,1,969.3949999999929,15.0,2.2400000000002365,-1.4699999999998
2024-03-22 08:15:00,2024-03-22 08:30:00,Short,2166.83,2166.8575000000005,-0.027500000000600267,SL Hit,2166.8575000000005,1,969.3674999999923,15.0,0.49000000000023647,-1.5299999999997453
2024-03-22 09:45:00,2024-03-22 10:35:00,Short,2166.7566666666667,2167.09,-1.0000000000004547,SL Hit,2167.09,3,968.3674999999919,50.0,1.1633333333334122,-1.116666666666788
2024-03-22 10:40:00,2024-03-22 10:50:00,Long,2166.74,2166.74,0.0,SL Hit,2166.74,1,968.3674999999919,10.0,-0.13999999999987267,1.830000000000382
2024-03-22 11:30:00,2024-03-22 12:00:00,Short,2167.48,2167.9475,-0.4675000000002001,SL Hit,2167.9475,1,967.8999999999917,30.0,0.6399999999998727,-3.0799999999999272
2024-03-22 13:10:00,2024-03-22 14:20:00,Long,2174.616666666667,2173.0,-4.850000000000364,SL Hit,2173.0,3,963.0499999999913,70.0,-1.9066666666667516,5.103333333333012
2024-03-22 14:30:00,2024-03-22 14:40:00,Short,2172.6850000000004,2174.73,-4.089999999999236,SL Hit,2174.73,2,958.9599999999921,10.0,3.014999999999418,-0.8950000000004366
2024-03-25 00:00:00,2024-03-25 00:10:00,Long,2168.42,2166.4399999999996,-1.980000000000473,SL Hit,2166.4399999999996,1,956.9799999999916,10.0,-2.3200000000001637,0.7899999999999636
2024-03-25 02:30:00,2024-03-25 03:10:00,Long,2175.5,2172.75,-2.75,Bearish Trade Reversal,2172.75,1,954.2299999999916,40.0,-2.5399999999999636,2.1700000000000728
2024-03-25 03:10:00,2024-03-25 04:20:00,Short,2171.733333333333,2171.01,2.1699999999987085,SL Hit,2171.01,3,956.3999999999903,70.0,2.5566666666668425,-2.233333333333121
2024-03-25 04:55:00,2024-03-25 05:00:00,Short,2169.56,2169.6975,-0.13750000000027285,SL Hit,2169.6975,1,956.26249999999,5.0,0.5799999999999272,-0.2899999999999636
2024-03-25 07:25:00,2024-03-25 07:30:00,Long,2166.75,2165.4849999999997,-1.2650000000003274,SL Hit,2165.4849999999997,1,954.9974999999897,5.0,-1.949999999999818,0.19000000000005457
2024-03-25 08:50:00,2024-03-25 08:55:00,Short,2164.93,2165.6450000000004,-0.7150000000006003,SL Hit,2165.6450000000004,1,954.2824999999891,5.0,0.7699999999999818,-0.8399999999996908
2024-03-25 15:45:00,2024-03-25 16:15:00,Short,2176.3450000000003,2177.07,-1.449999999999818,SL Hit,2177.07,2,952.8324999999893,30.0,0.7349999999996726,-0.955000000000382
2024-03-25 16:25:00,2024-03-25 16:30:00,Long,2177.05,2177.05,0.0,SL Hit,2177.05,1,952.8324999999893,5.0,-0.9100000000003092,0.6199999999998909
2024-03-25 16:45:00,2024-03-25 17:00:00,Short,2175.63,2175.795,-0.16499999999996362,SL Hit,2175.795,1,952.6674999999893,15.0,0.5,-0.6100000000001273
2024-03-25 20:50:00,2024-03-25 22:00:00,Long,2171.385,2170.95,-0.8700000000008004,SL Hit,2170.95,2,951.7974999999885,70.0,-0.7850000000003092,0.375
2024-03-26 01:35:00,2024-03-26 02:35:00,Short,2171.185,2171.43,-0.4899999999997817,SL Hit,2171.43,2,951.3074999999887,60.0,0.3049999999998363,-3.4850000000001273
2024-03-26 04:10:00,2024-03-26 04:20:00,Short,2170.56,2171.0825,-0.5225000000000364,SL Hit,2171.0825,1,950.7849999999887,10.0,1.150000000000091,-0.2699999999999818
2024-03-26 10:50:00,2024-03-26 12:10:00,Long,2196.1875,2195.4,-3.149999999999636,SL Hit,2195.4,4,947.6349999999891,80.0,-1.1174999999998363,3.4524999999998727
2024-03-26 12:15:00,2024-03-26 17:30:00,Short,2186.433333333333,2178.17,49.5799999999972,SL Hit,2178.17,6,997.2149999999863,315.0,10.516666666666879,-14.753333333333103
2024-03-26 18:10:00,2024-03-26 18:20:00,Short,2176.88,2176.88,0.0,SL Hit,2176.88,1,997.2149999999863,10.0,0.09999999999990905,-0.8900000000003274
2024-03-26 20:20:00,2024-03-26 20:50:00,Short,2176.64,2176.75,-0.11000000000012733,SL Hit,2176.75,1,997.1049999999861,30.0,1.6600000000003092,-1.9899999999997817
2024-03-26 20:55:00,2024-03-26 22:00:00,Long,2177.63,2177.63,0.0,SL Hit,2177.63,1,997.1049999999861,65.0,-0.47000000000025466,0.9899999999997817
2024-03-26 22:15:00,2024-03-26 22:50:00,Long,2178.17,2177.3,-2.6099999999996726,SL Hit,2177.3,3,994.4949999999865,35.0,-0.8699999999998909,0.9699999999997999
2024-03-26 23:20:00,2024-03-26 23:30:00,Short,2178.8,2178.8,0.0,SL Hit,2178.8,1,994.4949999999865,10.0,0.04999999999972715,-1.2000000000002728
2024-03-26 23:40:00,2024-03-27 00:15:00,Long,2178.62,2178.2625,-0.35750000000007276,SL Hit,2178.2625,1,994.1374999999864,35.0,-0.40000000000009095,1.4800000000000182
2024-03-27 05:10:00,2024-03-27 05:25:00,Short,2177.41,2177.41,0.0,SL Hit,2177.41,1,994.1374999999864,15.0,0.0500000000001819,-1.7100000000000364
2024-03-27 07:00:00,2024-03-27 07:05:00,Short,2177.9,2177.9,0.0,SL Hit,2177.9,1,994.1374999999864,5.0,1.150000000000091,-0.900000000000091
2024-03-27 07:55:00,2024-03-27 08:30:00,Long,2180.1099999999997,2178.8,-2.6199999999989814,SL Hit,2178.8,2,991.5174999999874,35.0,-1.4099999999998545,2.480000000000473
2024-03-27 08:35:00,2024-03-27 09:05:00,Short,2179.14,2179.3599999999997,-0.2199999999997999,SL Hit,2179.3599999999997,1,991.2974999999876,30.0,0.5700000000001637,-2.5899999999996908
2024-03-27 11:00:00,2024-03-27 11:40:00,Long,2193.87,2192.7425000000003,-1.1274999999995998,SL Hit,2192.7425000000003,1,990.169999999988,40.0,-2.6900000000000546,3.450000000000273
2024-03-27 13:35:00,2024-03-27 15:25:00,Long,2190.04,2189.81,-0.4600000000000364,SL Hit,2189.81,2,989.709999999988,110.0,-3.2299999999991087,4.699999999999818
2024-03-27 15:30:00,2024-03-27 15:40:00,Short,2189.99,2190.3475,-0.35750000000007276,SL Hit,2190.3475,1,989.3524999999879,10.0,0.47000000000025466,-1.569999999999709
2024-03-27 18:35:00,2024-03-27 19:50:00,Long,2191.15,2190.82,-0.9899999999997817,SL Hit,2190.82,3,988.3624999999881,75.0,-0.75,1.699999999999818
2024-03-27 20:25:00,2024-03-27 22:00:00,Long,2194.605,2194.45,-0.3100000000004002,SL Hit,2194.45,2,988.0524999999877,95.0,-6.414999999999964,0.4450000000001637
2024-03-27 23:55:00,2024-03-28 01:25:00,Short,2189.945,2190.31,-0.7299999999995634,SL Hit,2190.31,2,987.3224999999882,90.0,1.0249999999996362,-2.9450000000001637
2024-03-28 04:25:00,2024-03-28 04:55:00,Long,2195.545,2194.3,-2.4899999999997817,SL Hit,2194.3,2,984.8324999999884,30.0,-1.2449999999998909,0.525000000000091
2024-03-28 05:30:00,2024-03-28 07:20:00,Long,2195.9350000000004,2194.8,-2.2700000000004366,SL Hit,2194.8,2,982.562499999988,110.0,-1.4050000000002,4.5649999999996
2024-03-28 12:40:00,2024-03-28 12:55:00,Short,2209.08,2211.0875,-2.0075000000001637,SL Hit,2211.0875,1,980.5549999999878,15.0,6.760000000000218,-3.0099999999997635
2024-03-28 14:00:00,2024-03-28 14:30:00,Short,2208.78,2208.78,0.0,SL Hit,2208.78,1,980.5549999999878,30.0,0.5899999999996908,-4.220000000000255
2024-03-28 20:40:00,2024-04-01 01:55:00,Long,2246.052,2255.63,47.88999999999987,SL Hit,2255.63,5,1028.4449999999877,4635.0,-24.432000000000244,13.498000000000047
2024-04-01 03:00:00,2024-04-01 04:35:00,Long,2258.806666666667,2259.3,1.4800000000000182,SL Hit,2259.3,3,1029.9249999999877,95.0,-2.216666666666697,6.563333333333048
2024-04-01 10:00:00,2024-04-01 10:05:00,Short,2251.71,2252.92,-1.2100000000000364,SL Hit,2252.92,1,1028.7149999999876,5.0,1.4600000000000364,-0.5799999999999272
2024-04-01 10:20:00,2024-04-01 11:35:00,Short,2250.175,2250.64,-0.9299999999993815,SL Hit,2250.64,2,1027.7849999999883,75.0,1.5349999999998545,-4.6150000000002365
2024-04-01 11:55:00,2024-04-01 12:30:00,Short,2247.79,2249.0,-1.2100000000000364,SL Hit,2249.0,1,1026.5749999999882,35.0,1.8899999999998727,-3.75
2024-04-01 12:50:00,2024-04-01 13:40:00,Long,2252.45,2249.87,-5.1599999999998545,SL Hit,2249.87,2,1021.4149999999884,50.0,-4.039999999999964,5.260000000000218
2024-04-01 15:25:00,2024-04-01 16:55:00,Long,2240.13,2237.24,-5.780000000000655,SL Hit,2237.24,2,1015.6349999999877,90.0,-3.3600000000001273,2.9400000000000546
2024-04-01 18:05:00,2024-04-01 18:30:00,Long,2238.24,2238.24,0.0,SL Hit,2238.24,1,1015.6349999999877,25.0,-0.23999999999978172,2.9200000000000728
2024-04-01 22:05:00,2024-04-01 23:15:00,Long,2250.683333333334,2250.7,0.04999999999790816,SL Hit,2250.7,3,1015.6849999999856,70.0,-1.2733333333339942,4.936666666666042
2024-04-01 23:30:00,2024-04-02 00:20:00,Short,2250.1133333333332,2250.33,-0.650000000000091,SL Hit,2250.33,3,1015.0349999999855,50.0,1.646666666666988,-2.2133333333331393
2024-04-02 01:10:00,2024-04-02 01:40:00,Short,2248.815,2249.62,-1.6099999999996726,SL Hit,2249.62,2,1013.4249999999859,30.0,0.9850000000001273,-2.3150000000000546
2024-04-02 02:25:00,2024-04-02 02:30:00,Short,2248.77,2248.77,0.0,SL Hit,2248.77,1,1013.4249999999859,5.0,0.7400000000002365,-0.9699999999997999
2024-04-02 06:25:00,2024-04-02 06:40:00,Long,2254.17,2253.57,-1.199999999999818,SL Hit,2253.57,2,1012.224999999986,15.0,-0.8299999999999272,1.0
2024-04-02 06:55:00,2024-04-02 07:20:00,Long,2254.6833333333334,2253.65,-3.099999999999909,SL Hit,2253.65,3,1009.1249999999861,25.0,-1.383333333333212,1.0766666666668243
2024-04-02 07:25:00,2024-04-02 07:30:00,Short,2254.67,2254.7524999999996,-0.08249999999952706,SL Hit,2254.7524999999996,1,1009.0424999999866,5.0,0.5199999999999818,-1.1700000000000728
2024-04-02 09:50:00,2024-04-02 10:40:00,Short,2261.48,2261.5625000000005,-0.08250000000043656,SL Hit,2261.5625000000005,1,1008.9599999999862,50.0,1.8699999999998909,-5.480000000000018
2024-04-02 12:15:00,2024-04-02 13:10:00,Short,2256.77,2258.34,-3.1400000000003274,SL Hit,2258.34,2,1005.8199999999858,55.0,1.949999999999818,-3.1900000000000546
2024-04-02 13:35:00,2024-04-02 14:55:00,Long,2258.23,2258.23,0.0,SL Hit,2258.23,1,1005.8199999999858,80.0,-0.07999999999992724,18.5300000000002
2024-04-02 16:40:00,2024-04-02 20:15:00,Long,2270.03,2275.85,23.279999999998836,SL Hit,2275.85,4,1029.0999999999847,215.0,-11.670000000000073,8.480000000000018
2024-04-02 22:15:00,2024-04-02 23:15:00,Long,2281.045,2281.2,0.3099999999994907,SL Hit,2281.2,2,1029.4099999999842,60.0,-0.5450000000000728,6.614999999999782
2024-04-02 23:20:00,2024-04-03 00:10:00,Short,2282.41,2282.41,0.0,SL Hit,2282.41,1,1029.4099999999842,50.0,2.5900000000001455,-4.399999999999636
2024-04-03 00:45:00,2024-04-03 00:55:00,Long,2284.22,2282.955000000001,-1.2649999999989632,SL Hit,2282.955000000001,1,1028.1449999999852,10.0,-1.3899999999998727,1.4700000000002547
2024-04-03 02:00:00,2024-04-03 03:05:00,Long,2283.2866666666664,2282.21,-3.2299999999991087,SL Hit,2282.21,3,1024.914999999986,65.0,-1.5466666666666242,1.4433333333336122
2024-04-03 04:05:00,2024-04-03 04:55:00,Long,2286.035,2284.2,-3.6700000000000728,SL Hit,2284.2,2,1021.244999999986,50.0,-2.2349999999996726,0.9149999999999636
2024-04-03 06:40:00,2024-04-03 08:35:00,Short,2275.6949999999997,2270.82,9.74999999999909,SL Hit,2270.82,2,1030.994999999985,115.0,7.3650000000002365,-8.014999999999873
2024-04-03 09:35:00,2024-04-03 10:30:00,Long,2271.6966666666663,2270.4,-3.8899999999985084,SL Hit,2270.4,3,1027.1049999999866,55.0,-1.5966666666663514,2.4733333333338123
2024-04-03 11:15:00,2024-04-03 11:25:00,Long,2272.62,2270.3,-4.639999999999418,SL Hit,2270.3,2,1022.4649999999872,10.0,-3.7199999999998,0.2899999999999636
2024-04-03 11:30:00,2024-04-03 11:50:00,Short,2270.91,2271.7350000000006,-0.8250000000007276,SL Hit,2271.7350000000006,1,1021.6399999999865,20.0,1.0399999999999636,-1.1799999999998363
2024-04-03 12:20:00,2024-04-03 12:30:00,Short,2269.35,2270.2850000000003,-0.9350000000004002,SL Hit,2270.2850000000003,1,1020.7049999999861,10.0,2.900000000000091,-3.3399999999996908
2024-04-03 13:00:00,2024-04-03 18:20:00,Long,2284.965555555556,2294.18,82.92999999999483,SL Hit,2294.18,9,1103.634999999981,320.0,-12.605555555555839,10.424444444443907
2024-04-03 20:25:00,2024-04-03 22:05:00,Long,2299.06,2296.9,-4.319999999999709,SL Hit,2296.9,2,1099.3149999999812,100.0,-6.099999999999909,1.8600000000001273
2024-04-03 23:35:00,2024-04-04 00:00:00,Short,2299.3,2299.3,0.0,SL Hit,2299.3,1,1099.3149999999812,25.0,0.7300000000000182,-3.0100000000002183
2024-04-04 00:45:00,2024-04-04 02:25:00,Long,2300.3379999999997,2300.13,-1.0399999999981446,SL Hit,2300.13,5,1098.274999999983,100.0,-2.5279999999997926,2.6520000000000437
2024-04-04 03:05:00,2024-04-04 03:25:00,Short,2299.15,2300.415,-1.2649999999998727,SL Hit,2300.415,1,1097.0099999999832,20.0,1.3899999999998727,-2.25
2024-04-04 04:40:00,2024-04-04 05:00:00,Short,2299.21,2299.4575000000004,-0.24750000000040018,SL Hit,2299.4575000000004,1,1096.7624999999828,20.0,0.5799999999999272,-1.5100000000002183
2024-04-04 05:30:00,2024-04-04 07:30:00,Short,2296.773333333333,2297.19,-1.2500000000009095,SL Hit,2297.19,3,1095.5124999999819,120.0,2.1566666666667516,-4.473333333332903
2024-04-04 08:25:00,2024-04-04 09:20:00,Short,2292.1133333333332,2293.04,-2.7800000000002,SL Hit,2293.04,3,1092.7324999999817,55.0,1.646666666666988,-1.4133333333334122
2024-04-04 09:50:00,2024-04-04 10:00:00,Long,2292.99,2292.9625000000005,-0.027499999999236024,SL Hit,2292.9625000000005,1,1092.7049999999824,10.0,-0.08999999999969077,0.830000000000382
2024-04-04 10:15:00,2024-04-04 10:35:00,Long,2293.58,2292.5625,-1.0174999999999272,SL Hit,2292.5625,1,1091.6874999999825,20.0,-1.0299999999997453,1.400000000000091
2024-04-04 11:30:00,2024-04-04 12:55:00,Short,2289.9633333333336,2288.28,5.050000000000182,SL Hit,2288.28,3,1096.7374999999827,85.0,3.406666666666297,-6.89333333333343
2024-04-04 14:25:00,2024-04-04 14:55:00,Long,2294.4700000000003,2294.81,0.6799999999993815,SL Hit,2294.81,2,1097.417499999982,30.0,-1.3400000000001455,4.209999999999582
2024-04-04 15:00:00,2024-04-04 17:45:00,Short,2291.792,2291.26,2.6599999999984902,SL Hit,2291.26,5,1100.0774999999805,165.0,3.0979999999999563,-5.342000000000098
2024-04-04 18:50:00,2024-04-04 19:00:00,Long,2301.69,2297.7,-7.980000000000473,SL Hit,2297.7,2,1092.09749999998,10.0,-8.900000000000091,3.3400000000001455
2024-04-04 22:45:00,2024-04-04 22:50:00,Short,2289.49,2289.49,0.0,SL Hit,2289.49,1,1092.09749999998,5.0,0.06000000000040018,-0.7299999999995634
2024-04-05 00:15:00,2024-04-05 03:00:00,Short,2278.4939999999997,2274.2,21.469999999999345,SL Hit,2274.2,5,1113.5674999999794,165.0,10.356000000000222,-10.513999999999669
2024-04-05 04:35:00,2024-04-05 06:20:00,Long,2280.23,2278.49,-5.220000000000709,SL Hit,2278.49,3,1108.3474999999787,105.0,-4.0300000000002,2.6399999999998727
2024-04-05 06:30:00,2024-04-05 07:00:00,Short,2279.07,2280.5550000000003,-1.4850000000001273,SL Hit,2280.5550000000003,1,1106.8624999999786,30.0,2.169999999999618,-1.8600000000001273
2024-04-05 07:10:00,2024-04-05 11:10:00,Long,2290.278333333333,2293.04,16.57000000000062,SL Hit,2293.04,6,1123.4324999999792,240.0,-8.098333333333358,5.001666666667006
2024-04-05 13:50:00,2024-04-05 16:15:00,Long,2312.3849999999998,2325.21,76.95000000000164,SL Hit,2325.21,6,1200.3824999999808,145.0,-16.47499999999991,16.77500000000009
2024-04-07 22:10:00,2024-04-07 23:00:00,Short,2314.96,2311.6,6.720000000000255,SL Hit,2311.6,2,1207.102499999981,50.0,7.519999999999982,-9.360000000000127
2024-04-08 00:50:00,2024-04-08 01:15:00,Short,2307.77,2309.3375000000005,-1.5675000000005639,SL Hit,2309.3375000000005,1,1205.5349999999805,25.0,1.6900000000000546,-4.300000000000182
2024-04-08 03:30:00,2024-04-08 03:55:00,Short,2344.04,2344.04,0.0,SL Hit,2344.04,1,1205.5349999999805,25.0,1.1300000000001091,-3.3400000000001455
2024-04-08 04:35:00,2024-04-08 06:30:00,Short,2339.348,2337.29,10.289999999999964,SL Hit,2337.29,5,1215.8249999999805,115.0,4.932000000000244,-7.947999999999865
2024-04-08 08:05:00,2024-04-08 08:10:00,Long,2339.12,2338.4874999999997,-0.6325000000001637,SL Hit,2338.4874999999997,1,1215.1924999999803,5.0,-1.1599999999998545,0.5700000000001637
2024-04-08 10:10:00,2024-04-08 11:40:00,Long,2338.11,2338.25,0.5599999999994907,SL Hit,2338.25,4,1215.7524999999798,90.0,-1.930000000000291,5.079999999999927
2024-04-08 11:45:00,2024-04-08 14:55:00,Short,2330.112,2328.58,7.660000000000764,SL Hit,2328.58,5,1223.4124999999806,190.0,9.16800000000012,-12.012000000000171
2024-04-08 15:05:00,2024-04-08 16:40:00,Long,2328.2533333333336,2326.45,-5.410000000001219,SL Hit,2326.45,3,1218.0024999999794,95.0,-3.2533333333335577,2.9766666666664605
2024-04-08 17:20:00,2024-04-08 19:10:00,Long,2334.3450000000003,2337.85,14.019999999998618,SL Hit,2337.85,4,1232.022499999978,110.0,-4.6550000000002,7.444999999999709
2024-04-08 21:00:00,2024-04-08 22:00:00,Long,2338.75,2338.75,0.0,SL Hit,2338.75,1,1232.022499999978,60.0,-2.349999999999909,0.2899999999999636
2024-04-08 22:20:00,2024-04-08 22:35:00,Short,2337.67,2338.3299999999995,-0.6599999999993997,SL Hit,2338.3299999999995,1,1231.3624999999786,15.0,1.2300000000000182,-0.8699999999998909
2024-04-08 23:05:00,2024-04-08 23:50:00,Long,2339.105,2338.2,-1.8100000000004002,SL Hit,2338.2,2,1229.5524999999782,45.0,-1.7049999999999272,1.1950000000001637
2024-04-09 00:05:00,2024-04-09 00:20:00,Long,2340.1,2339.330000000001,-0.7699999999990723,SL Hit,2339.330000000001,1,1228.782499999979,15.0,-0.8399999999996908,1.4400000000000546
2024-04-09 00:55:00,2024-04-09 01:50:00,Long,2341.7466666666664,2341.0,-2.239999999999327,SL Hit,2341.0,3,1226.5424999999798,55.0,-3.6966666666662604,6.153333333333649
2024-04-09 04:00:00,2024-04-09 04:15:00,Short,2344.03,2344.58,-0.5499999999997272,SL Hit,2344.58,1,1225.99249999998,15.0,1.319999999999709,-1.0300000000002
2024-04-09 05:20:00,2024-04-09 05:25:00,Long,2345.24,2345.24,0.0,SL Hit,2345.24,1,1225.99249999998,5.0,-0.1499999999996362,0.580000000000382
2024-04-09 08:55:00,2024-04-09 10:05:00,Long,2359.9049999999997,2362.1,4.390000000000327,SL Hit,2362.1,2,1230.3824999999804,70.0,-2.8349999999995816,5.135000000000218
2024-04-09 10:50:00,2024-04-09 12:05:00,Short,2355.55,2355.29,0.5200000000004366,SL Hit,2355.29,2,1230.9024999999808,75.0,2.2100000000000364,-5.600000000000364
2024-04-09 12:15:00,2024-04-09 12:20:00,Long,2354.45,2352.1125,-2.337499999999636,SL Hit,2352.1125,1,1228.5649999999812,5.0,-4.589999999999691,2.830000000000382
2024-04-09 15:10:00,2024-04-09 15:15:00,Short,2346.78,2349.2825,-2.5024999999996,SL Hit,2349.2825,1,1226.0624999999816,5.0,2.8299999999999272,-1.8700000000003456
2024-04-09 17:15:00,2024-04-09 17:25:00,Long,2343.67,2343.2850000000003,-0.38499999999976353,SL Hit,2343.2850000000003,1,1225.6774999999818,10.0,-0.6900000000000546,1.4200000000000728
2024-04-09 17:35:00,2024-04-09 19:05:00,Long,2347.4725000000003,2347.98,2.029999999998836,SL Hit,2347.98,4,1227.7074999999807,90.0,-2.7825000000002547,2.3174999999996544
2024-04-09 22:15:00,2024-04-09 22:30:00,Short,2352.88,2352.88,0.0,SL Hit,2352.88,1,1227.7074999999807,15.0,0.5199999999999818,-2.5799999999999272
2024-04-10 00:30:00,2024-04-10 00:35:00,Short,2352.49,2352.7925,-0.30250000000023647,SL Hit,2352.7925,1,1227.4049999999804,5.0,0.5700000000001637,-0.5
2024-04-10 01:00:00,2024-04-10 01:55:00,Short,2349.065,2348.22,1.6900000000005093,SL Hit,2348.22,2,1229.094999999981,55.0,2.5549999999998363,-4.164999999999964
2024-04-10 04:10:00,2024-04-10 05:45:00,Long,2355.1925,2357.48,9.149999999999636,SL Hit,2357.48,4,1238.2449999999806,95.0,-2.362500000000182,4.707499999999982
2024-04-10 05:50:00,2024-04-10 06:15:00,Short,2357.45,2358.8525000000004,-1.4025000000006003,SL Hit,2358.8525000000004,1,1236.84249999998,25.0,2.150000000000091,-1.3099999999999454
2024-04-10 07:45:00,2024-04-10 08:25:00,Short,2354.58,2354.58,0.0,SL Hit,2354.58,1,1236.84249999998,40.0,0.07999999999992724,-2.119999999999891
2024-04-10 09:10:00,2024-04-10 10:30:00,Short,2349.13,2348.23,2.700000000000273,SL Hit,2348.23,3,1239.5424999999802,80.0,5.199999999999818,-4.130000000000109
2024-04-10 13:35:00,2024-04-10 13:55:00,Short,2327.4049999999997,2332.57,-10.330000000000837,SL Hit,2332.57,2,1229.2124999999794,20.0,7.825000000000273,-2.0549999999998363
2024-04-10 18:30:00,2024-04-10 19:50:00,Short,2332.5299999999997,2330.35,4.359999999999673,SL Hit,2330.35,2,1233.572499999979,80.0,3.300000000000182,-6.089999999999691
2024-04-10 20:05:00,2024-04-10 20:50:00,Long,2331.5499999999997,2331.6,0.1500000000005457,SL Hit,2331.6,3,1233.7224999999796,45.0,-1.5399999999995089,1.9500000000002728
2024-04-10 22:45:00,2024-04-10 23:05:00,Long,2335.73,2334.9599999999996,-0.7700000000004366,SL Hit,2334.9599999999996,1,1232.9524999999792,20.0,-1.4299999999998363,1.0199999999999818
2024-04-11 00:05:00,2024-04-11 01:00:00,Short,2334.1499999999996,2335.67,-3.040000000000873,SL Hit,2335.67,2,1229.9124999999783,55.0,2.4100000000003092,-0.6599999999998545
2024-04-11 02:30:00,2024-04-11 04:25:00,Long,2343.16,2343.24,0.31999999999970896,SL Hit,2343.24,4,1230.232499999978,115.0,-3.4600000000000364,3.430000000000291
2024-04-11 04:50:00,2024-04-11 04:55:00,Short,2343.03,2343.305,-0.2749999999996362,SL Hit,2343.305,1,1229.9574999999784,5.0,0.29999999999972715,-0.8000000000001819
2024-04-11 08:05:00,2024-04-11 09:30:00,Short,2334.1549999999997,2332.58,3.149999999999636,SL Hit,2332.58,2,1233.107499999978,85.0,3.3850000000002183,-8.954999999999927
2024-04-11 12:05:00,2024-04-11 12:30:00,Short,2336.83,2339.7725000000005,-2.942500000000564,SL Hit,2339.7725000000005,1,1230.1649999999775,25.0,5.710000000000036,-4.5900000000001455
2024-04-11 13:20:00,2024-04-11 13:25:00,Long,2343.32,2341.5874999999996,-1.7325000000005275,SL Hit,2341.5874999999996,1,1228.432499999977,5.0,-2.4600000000000364,1.2599999999997635
2024-04-11 16:05:00,2024-04-11 16:15:00,Long,2344.06,2344.06,0.0,SL Hit,2344.06,1,1228.432499999977,10.0,-0.3200000000001637,2.269999999999982
2024-04-11 18:00:00,2024-04-11 20:55:00,Long,2364.3500000000004,2371.8,29.799999999999272,SL Hit,2371.8,4,1258.2324999999762,175.0,-8.430000000000291,13.179999999999836
2024-04-11 23:05:00,2024-04-11 23:45:00,Long,2374.53,2374.2275,-0.30250000000023647,SL Hit,2374.2275,1,1257.929999999976,40.0,-0.7300000000000182,2.199999999999818
2024-04-11 23:55:00,2024-04-12 02:50:00,Long,2380.638,2387.4,33.810000000000855,SL Hit,2387.4,5,1291.7399999999768,175.0,-6.337999999999738,14.14200000000028
2024-04-12 03:35:00,2024-04-12 04:50:00,Short,2386.165,2386.86,-1.3900000000003274,SL Hit,2386.86,2,1290.3499999999765,75.0,2.7950000000000728,-3.6649999999999636
2024-04-12 08:35:00,2024-04-12 08:50:00,Short,2396.81,2397.415000000001,-0.6050000000009277,SL Hit,2397.415000000001,1,1289.7449999999756,15.0,1.4800000000000182,-2.619999999999891
2024-04-12 12:30:00,2024-04-12 12:35:00,Long,2394.83,2394.6925000000006,-0.13749999999936335,SL Hit,2394.6925000000006,1,1289.6074999999762,5.0,-0.6399999999998727,1.8099999999999454
2024-04-12 13:00:00,2024-04-12 13:30:00,Long,2397.7966666666666,2394.27,-10.579999999999927,SL Hit,2394.27,3,1279.0274999999763,30.0,-3.9266666666667334,1.3633333333332303
2024-04-12 13:35:00,2024-04-12 13:40:00,Short,2398.33,2398.9900000000007,-0.660000000000764,SL Hit,2398.9900000000007,1,1278.3674999999755,5.0,4.050000000000182,-3.0900000000001455
2024-04-12 17:15:00,2024-04-12 19:20:00,Short,2350.0266666666666,2340.37,28.970000000000255,SL Hit,2340.37,3,1307.3374999999758,125.0,13.083333333333485,-15.436666666666497
2024-04-12 19:45:00,2024-04-12 20:00:00,Long,2342.64,2342.475,-0.16499999999996362,SL Hit,2342.475,1,1307.1724999999758,15.0,-0.4800000000000182,2.5700000000001637
2024-04-12 20:40:00,2024-04-12 20:45:00,Short,2342.77,2343.5950000000003,-0.8250000000002728,SL Hit,2343.5950000000003,1,1306.3474999999755,5.0,0.8299999999999272,-0.44000000000005457
2024-04-15 00:30:00,2024-04-15 02:05:00,Short,2356.77,2357.83,-3.1799999999998363,SL Hit,2357.83,3,1303.1674999999757,95.0,4.079999999999927,-7.119999999999891
2024-04-15 03:10:00,2024-04-15 03:25:00,Short,2357.93,2358.5350000000008,-0.6050000000009277,SL Hit,2358.5350000000008,1,1302.5624999999748,15.0,0.6600000000003092,-3.1299999999996544
2024-04-15 04:40:00,2024-04-15 04:50:00,Short,2356.71,2356.71,0.0,SL Hit,2356.71,1,1302.5624999999748,10.0,0.6100000000001273,-1.1100000000001273
2024-04-15 05:05:00,2024-04-15 05:15:00,Short,2355.97,2355.97,0.0,SL Hit,2355.97,1,1302.5624999999748,10.0,0.19000000000005457,-2.799999999999727
2024-04-15 06:40:00,2024-04-15 07:25:00,Short,2355.075,2355.88,-1.610000000000582,SL Hit,2355.88,2,1300.9524999999742,45.0,3.1649999999999636,-3.444999999999709
2024-04-15 07:50:00,2024-04-15 08:05:00,Short,2352.44,2353.5674999999997,-1.1274999999995998,SL Hit,2353.5674999999997,1,1299.8249999999746,15.0,3.2899999999999636,-3.0700000000001637
2024-04-15 12:15:00,2024-04-15 12:25:00,Short,2356.35,2357.4500000000003,-1.1000000000003638,SL Hit,2357.4500000000003,1,1298.7249999999742,10.0,1.6399999999998727,-1.7199999999998
2024-04-15 18:35:00,2024-04-15 20:30:00,Long,2379.2000000000003,2382.0,8.399999999999181,SL Hit,2382.0,3,1307.1249999999734,115.0,-11.220000000000255,7.599999999999909
2024-04-15 23:30:00,2024-04-16 00:30:00,Short,2384.51,2384.83,-0.6399999999994179,SL Hit,2384.83,2,1306.484999999974,60.0,1.4399999999995998,-4.510000000000218
2024-04-16 12:50:00,2024-04-16 13:05:00,Long,2375.08,2372.5225000000005,-2.557499999999436,SL Hit,2372.5225000000005,1,1303.9274999999745,15.0,-3.9899999999997817,1.2899999999999636
2024-04-16 14:15:00,2024-04-16 14:40:00,Short,2369.1099999999997,2371.74,-5.260000000000218,SL Hit,2371.74,2,1298.6674999999743,25.0,5.070000000000164,-4.349999999999454
2024-04-16 16:35:00,2024-04-16 17:20:00,Long,2390.24,2388.3425000000007,-1.8974999999991269,SL Hit,2388.3425000000007,1,1296.7699999999752,45.0,-3.919999999999618,7.510000000000218
2024-04-16 19:55:00,2024-04-16 22:25:00,Short,2387.23,2385.36,3.7399999999997817,SL Hit,2385.36,2,1300.509999999975,150.0,2.9299999999998363,-8.579999999999927
2024-04-17 01:05:00,2024-04-17 02:45:00,Long,2383.1300000000006,2383.54,1.2299999999981992,SL Hit,2383.54,3,1301.7399999999732,100.0,-1.6500000000005457,2.4799999999995634
2024-04-17 03:25:00,2024-04-17 03:30:00,Short,2382.02,2382.02,0.0,SL Hit,2382.02,1,1301.7399999999732,5.0,0.38000000000010914,-1.0300000000002
2024-04-17 04:30:00,2024-04-17 04:40:00,Long,2381.1,2379.725,-1.375,Bearish Trade Reversal,2379.725,1,1300.3649999999732,10.0,-1.099999999999909,0.9100000000003092
2024-04-17 04:40:00,2024-04-17 04:45:00,Short,2381.75,2382.08,-0.32999999999992724,SL Hit,2382.08,1,1300.0349999999733,5.0,0.38000000000010914,-0.5799999999999272
2024-04-17 05:15:00,2024-04-17 06:35:00,Short,2378.91,2377.61,2.5999999999994543,SL Hit,2377.61,2,1302.6349999999727,80.0,2.3299999999999272,-6.089999999999691
2024-04-17 06:40:00,2024-04-17 10:10:00,Long,2384.6725,2390.6,23.709999999999127,SL Hit,2390.6,4,1326.3449999999718,210.0,-7.962500000000091,9.297499999999673
2024-04-17 11:50:00,2024-04-17 12:10:00,Long,2387.3,2385.649999999999,-1.6500000000010004,SL Hit,2385.649999999999,1,1324.6949999999708,20.0,-2.3200000000001637,1.6799999999998363
2024-04-17 13:25:00,2024-04-17 15:10:00,Long,2391.1133333333332,2389.01,-6.309999999999036,SL Hit,2389.01,3,1318.3849999999718,105.0,-4.673333333333176,4.1566666666667516
2024-04-17 16:05:00,2024-04-17 18:05:00,Short,2378.285,2375.93,4.710000000000036,SL Hit,2375.93,2,1323.0949999999718,120.0,5.175000000000182,-17.065000000000055
2024-04-17 20:25:00,2024-04-17 22:40:00,Short,2369.0950000000003,2366.02,6.150000000000546,SL Hit,2366.02,2,1329.2449999999724,135.0,3.5949999999998,-10.585000000000036
2024-04-17 23:50:00,2024-04-18 01:20:00,Long,2368.516666666667,2368.45,-0.20000000000118234,SL Hit,2368.45,3,1329.0449999999712,90.0,-2.716666666666697,2.983333333333121
2024-04-18 03:40:00,2024-04-18 03:45:00,Long,2374.37,2374.37,0.0,SL Hit,2374.37,1,1329.0449999999712,5.0,-0.27999999999974534,0.7400000000002365
2024-04-18 04:10:00,2024-04-18 04:20:00,Short,2373.19,2374.0700000000006,-0.8800000000005639,SL Hit,2374.0700000000006,1,1328.1649999999706,10.0,1.5399999999999636,-1.0900000000001455
2024-04-18 04:30:00,2024-04-18 04:40:00,Long,2375.01,2374.267499999999,-0.7425000000012005,SL Hit,2374.267499999999,1,1327.4224999999694,10.0,-0.7600000000002183,1.4099999999998545
2024-04-18 07:00:00,2024-04-18 07:25:00,Long,2379.9500000000003,2377.6,-7.050000000001091,SL Hit,2377.6,3,1320.3724999999683,25.0,-2.3900000000003274,0.4899999999997817
2024-04-18 12:50:00,2024-04-18 13:35:00,Long,2386.7966666666666,2382.67,-12.379999999999654,SL Hit,2382.67,3,1307.9924999999687,45.0,-8.836666666666588,5.433333333333394
2024-04-18 14:15:00,2024-04-18 14:20:00,Long,2382.39,2382.142500000001,-0.24749999999903594,SL Hit,2382.142500000001,1,1307.7449999999697,5.0,-3.6799999999998363,1.75
2024-04-18 14:30:00,2024-04-18 14:55:00,Short,2377.74,2381.452500000001,-3.7125000000010004,SL Hit,2381.452500000001,1,1304.0324999999686,25.0,4.630000000000109,-8.069999999999709
2024-04-18 20:25:00,2024-04-18 22:00:00,Short,2378.96,2379.345,-0.38499999999976353,SL Hit,2379.345,1,1303.6474999999689,95.0,0.6199999999998909,-2.0100000000002183
2024-04-18 22:35:00,2024-04-18 23:55:00,Long,2379.7900000000004,2379.4,-1.1700000000009823,SL Hit,2379.4,3,1302.477499999968,80.0,-1.7900000000004184,1.5299999999997453
2024-04-19 00:00:00,2024-04-19 01:00:00,Short,2379.59,2379.892499999999,-0.3024999999988722,SL Hit,2379.892499999999,1,1302.174999999969,60.0,4.269999999999982,-6.4900000000002365
2024-04-19 01:05:00,2024-04-19 02:35:00,Long,2395.56,2404.93,18.73999999999978,SL Hit,2404.93,2,1320.9149999999688,90.0,-12.820000000000164,21.659999999999854
2024-04-19 05:50:00,2024-04-19 06:55:00,Short,2382.75,2384.85,-4.199999999999818,SL Hit,2384.85,2,1316.714999999969,65.0,8.769999999999982,-4.050000000000182
2024-04-19 09:30:00,2024-04-19 09:45:00,Short,2383.44,2383.44,0.0,SL Hit,2383.44,1,1316.714999999969,15.0,0.8299999999999272,-3.1900000000000546
2024-04-19 11:00:00,2024-04-19 12:25:00,Short,2379.6,2380.75,-2.300000000000182,SL Hit,2380.75,2,1314.4149999999688,85.0,1.5300000000002,-6.610000000000127
2024-04-19 12:40:00,2024-04-19 12:50:00,Long,2381.88,2381.5225,-0.35750000000007276,SL Hit,2381.5225,1,1314.0574999999687,10.0,-1.0799999999999272,2.1799999999998363
2024-04-19 14:50:00,2024-04-19 14:55:00,Long,2389.57,2389.1849999999995,-0.385000000000673,SL Hit,2389.1849999999995,1,1313.672499999968,5.0,-1.0,1.569999999999709
2024-04-19 20:20:00,2024-04-19 20:25:00,Short,2387.8,2388.3499999999995,-0.5499999999992724,SL Hit,2388.3499999999995,1,1313.1224999999688,5.0,1.1399999999998727,-0.15000000000009095
2024-04-21 22:10:00,2024-04-21 23:05:00,Short,2384.705,2385.33,-1.25,SL Hit,2385.33,2,1311.8724999999688,55.0,1.7950000000000728,-3.505000000000109
2024-04-22 00:45:00,2024-04-22 01:05:00,Short,2382.66,2383.5950000000003,-0.9350000000004002,SL Hit,2383.5950000000003,1,1310.9374999999684,20.0,1.3299999999999272,-1.8599999999996726
2024-04-22 05:00:00,2024-04-22 05:25:00,Short,2369.51,2369.51,0.0,SL Hit,2369.51,1,1310.9374999999684,25.0,0.5799999999999272,-2.2100000000000364
2024-04-22 06:40:00,2024-04-22 07:55:00,Short,2361.175,2359.88,2.5900000000001455,SL Hit,2359.88,2,1313.5274999999685,75.0,2.244999999999891,-9.315000000000055
2024-04-22 10:25:00,2024-04-22 12:30:00,Short,2352.22,2347.25,14.9099999999994,SL Hit,2347.25,3,1328.437499999968,125.0,7.760000000000218,-14.709999999999582
2024-04-22 17:55:00,2024-04-22 19:10:00,Short,2330.23,2331.36,-2.2600000000002183,SL Hit,2331.36,2,1326.1774999999677,75.0,1.3200000000001637,-5.010000000000218
2024-04-22 20:05:00,2024-04-22 20:15:00,Short,2329.12,2329.12,0.0,SL Hit,2329.12,1,1326.1774999999677,10.0,0.42000000000007276,-0.7199999999997999
2024-04-22 22:50:00,2024-04-22 23:00:00,Long,2330.24,2329.5525,-0.6875,SL Hit,2329.5525,1,1325.4899999999677,10.0,-0.9399999999995998,0.75
2024-04-23 04:35:00,2024-04-23 05:00:00,Long,2307.0699999999997,2304.81,-4.519999999999527,SL Hit,2304.81,2,1320.9699999999682,25.0,-2.4799999999995634,0.5600000000004002
2024-04-23 10:10:00,2024-04-23 15:05:00,Long,2308.45125,2315.21,54.06999999999971,SL Hit,2315.21,8,1375.039999999968,295.0,-10.101250000000164,23.268749999999727
2024-04-23 15:10:00,2024-04-23 15:15:00,Short,2318.94,2320.315,-1.375,SL Hit,2320.315,1,1373.664999999968,5.0,2.6100000000001273,-0.32999999999992724
2024-04-23 18:35:00,2024-04-23 22:45:00,Short,2323.0460000000003,2322.55,2.480000000000473,SL Hit,2322.55,5,1376.1449999999684,250.0,3.363999999999578,-2.4460000000003674
2024-04-24 02:55:00,2024-04-24 04:50:00,Long,2325.33,2326.2,3.4799999999995634,SL Hit,2326.2,4,1379.624999999968,115.0,-4.7199999999998,4.5900000000001455
2024-04-24 05:00:00,2024-04-24 05:25:00,Short,2326.59,2326.6174999999994,-0.027499999999236024,SL Hit,2326.6174999999994,1,1379.5974999999687,25.0,0.27999999999974534,-2.6900000000000546
2024-04-24 08:45:00,2024-04-24 09:15:00,Long,2317.545,2316.21,-2.6700000000000728,SL Hit,2316.21,2,1376.9274999999686,30.0,-4.2150000000001455,1.6449999999999818
2024-04-24 11:15:00,2024-04-24 11:20:00,Short,2314.66,2314.66,0.0,SL Hit,2314.66,1,1376.9274999999686,5.0,0.47000000000025466,-1.8599999999996726
2024-04-24 12:35:00,2024-04-24 14:15:00,Long,2319.0833333333335,2317.33,-5.260000000000673,SL Hit,2317.33,3,1371.667499999968,100.0,-4.253333333333558,6.336666666666588
2024-04-25 00:15:00,2024-04-25 00:25:00,Long,2316.95,2316.95,0.0,SL Hit,2316.95,1,1371.667499999968,10.0,-0.9499999999998181,1.25
2024-04-25 00:30:00,2024-04-25 01:10:00,Long,2317.625,2316.0,-3.25,SL Hit,2316.0,2,1368.417499999968,40.0,-1.625,1.675000000000182
2024-04-25 01:45:00,2024-04-25 02:10:00,Long,2319.116666666667,2318.44,-2.0300000000002,SL Hit,2318.44,3,1366.3874999999678,25.0,-0.716666666666697,1.4433333333331575
2024-04-25 05:35:00,2024-04-25 06:15:00,Long,2317.5299999999997,2318.07,1.620000000001255,SL Hit,2318.07,3,1368.007499999969,40.0,-1.0299999999997453,3.050000000000182
2024-04-25 06:50:00,2024-04-25 07:10:00,Long,2320.29,2320.2075000000004,-0.08249999999952706,SL Hit,2320.2075000000004,1,1367.9249999999695,20.0,-0.5900000000001455,3.119999999999891
2024-04-25 09:20:00,2024-04-25 10:25:00,Short,2326.085,2326.27,-0.36999999999989086,SL Hit,2326.27,2,1367.5549999999696,65.0,0.6849999999999454,-2.5850000000000364
2024-04-25 12:15:00,2024-04-25 12:30:00,Short,2327.04,2327.095,-0.05499999999983629,SL Hit,2327.095,1,1367.4999999999698,15.0,3.1599999999998545,-3.0099999999997635
2024-04-25 17:45:00,2024-04-25 17:50:00,Long,2330.58,2330.3875000000007,-0.19249999999919964,SL Hit,2330.3875000000007,1,1367.3074999999706,5.0,-0.32999999999992724,0.7100000000000364
2024-04-25 23:00:00,2024-04-26 00:00:00,Short,2331.71,2331.27,1.3200000000001637,SL Hit,2331.27,3,1368.6274999999707,60.0,0.8200000000001637,-2.3099999999999454
2024-04-26 00:05:00,2024-04-26 00:15:00,Long,2329.7,2329.7,0.0,SL Hit,2329.7,1,1368.6274999999707,10.0,-0.7999999999997272,1.2600000000002183
2024-04-26 00:20:00,2024-04-26 01:30:00,Short,2329.885,2330.27,-0.7699999999995271,SL Hit,2330.27,2,1367.8574999999712,70.0,1.044999999999618,-3.4650000000001455
2024-04-26 05:55:00,2024-04-26 08:20:00,Long,2342.5925,2344.24,6.5899999999983265,SL Hit,2344.24,4,1374.4474999999695,145.0,-6.1225000000004,6.617499999999836
2024-04-26 11:35:00,2024-04-26 12:30:00,Short,2344.4700000000003,2346.03,-3.119999999999891,SL Hit,2346.03,2,1371.3274999999696,55.0,4.069999999999709,-2.3600000000001273
2024-04-26 13:40:00,2024-04-26 14:00:00,Short,2342.27,2342.27,0.0,SL Hit,2342.27,1,1371.3274999999696,20.0,2.130000000000109,-5.329999999999927
2024-04-26 19:30:00,2024-04-26 19:40:00,Short,2338.26,2338.26,0.0,SL Hit,2338.26,1,1371.3274999999696,10.0,0.009999999999763531,-1.1000000000003638
2024-04-26 20:25:00,2024-04-28 23:25:00,Short,2335.6866666666665,2335.91,-0.6700000000000728,SL Hit,2335.91,3,1370.6574999999696,3060.0,3.063333333333503,-2.186666666666497
2024-04-29 00:25:00,2024-04-29 01:55:00,Short,2332.2166666666667,2329.42,8.389999999999873,SL Hit,2329.42,3,1379.0474999999694,90.0,3.4633333333331393,-9.906666666666752
2024-04-29 02:05:00,2024-04-29 02:25:00,Long,2328.32,2327.5,-1.6400000000003274,SL Hit,2327.5,2,1377.407499999969,20.0,-1.5300000000002,1.3599999999996726
2024-04-29 02:45:00,2024-04-29 04:05:00,Short,2326.565,2329.25,-5.369999999999891,SL Hit,2329.25,2,1372.0374999999692,80.0,3.3849999999997635,-2.6550000000002
2024-04-29 04:55:00,2024-04-29 05:35:00,Long,2333.8199999999997,2331.71,-4.219999999999345,SL Hit,2331.71,2,1367.8174999999699,40.0,-2.919999999999618,2.4900000000002365
2024-04-29 05:40:00,2024-04-29 06:15:00,Short,2332.35,2333.1475,-0.7975000000001273,SL Hit,2333.1475,1,1367.0199999999697,35.0,0.9100000000003092,-3.150000000000091
2024-04-29 08:05:00,2024-04-29 08:10:00,Long,2336.6,2336.6,0.0,SL Hit,2336.6,1,1367.0199999999697,5.0,-0.5,0.9800000000000182
2024-04-29 08:30:00,2024-04-29 09:00:00,Long,2338.18,2337.67,-1.5299999999992906,SL Hit,2337.67,3,1365.4899999999705,30.0,-1.319999999999709,3.0399999999999636
2024-04-29 10:35:00,2024-04-29 13:20:00,Short,2339.0299999999997,2333.77,21.039999999999054,SL Hit,2333.77,4,1386.5299999999695,165.0,4.110000000000127,-10.489999999999782
2024-04-29 13:25:00,2024-04-29 13:40:00,Long,2334.025,2331.06,-5.930000000000291,SL Hit,2331.06,2,1380.5999999999692,15.0,-7.704999999999927,2.494999999999891
2024-04-29 15:35:00,2024-04-29 17:35:00,Long,2342.0,2343.91,9.549999999999272,SL Hit,2343.91,5,1390.1499999999685,120.0,-5.630000000000109,4.239999999999782
2024-04-29 19:35:00,2024-04-29 20:00:00,Short,2334.02,2335.615,-1.5949999999998,SL Hit,2335.615,1,1388.5549999999687,25.0,2.3899999999998727,-1.0900000000001455
2024-04-29 23:00:00,2024-04-30 00:30:00,Short,2333.536666666667,2333.9,-2.1799999999993815,SL Hit,2333.9,6,1386.3749999999693,90.0,1.453333333332921,-1.8266666666668243
2024-04-30 01:55:00,2024-04-30 02:00:00,Long,2334.46,2332.6724999999997,-1.7875000000003638,Bearish Trade Reversal,2332.6724999999997,1,1384.587499999969,5.0,-1.5900000000001455,0.2300000000000182
2024-04-30 02:00:00,2024-04-30 06:55:00,Short,2327.057142857143,2322.75,30.150000000000546,SL Hit,2322.75,7,1414.7374999999695,295.0,7.25285714285701,-7.827142857142917
2024-04-30 08:25:00,2024-04-30 09:20:00,Short,2315.72,2315.72,0.0,SL Hit,2315.72,1,1414.7374999999695,55.0,0.7400000000002365,-4.730000000000018
2024-04-30 10:15:00,2024-04-30 10:20:00,Long,2317.15,2316.7374999999997,-0.4125000000003638,SL Hit,2316.7374999999997,1,1414.3249999999691,5.0,-1.1399999999998727,0.11000000000012733
2024-04-30 10:25:00,2024-04-30 10:35:00,Long,2317.0550000000003,2316.01,-2.0900000000001455,SL Hit,2316.01,2,1412.234999999969,10.0,-1.0950000000002547,0.7549999999996544
2024-04-30 10:40:00,2024-04-30 10:45:00,Short,2316.01,2316.01,0.0,SL Hit,2316.01,1,1412.234999999969,5.0,0.2199999999997999,-0.7700000000004366
2024-04-30 10:55:00,2024-04-30 13:35:00,Short,2311.0671428571427,2306.53,31.75999999999749,SL Hit,2306.53,7,1443.9949999999665,160.0,6.072857142857174,-8.08714285714268
2024-04-30 18:00:00,2024-04-30 18:40:00,Long,2296.585,2293.6,-5.970000000000255,SL Hit,2293.6,2,1438.0249999999662,40.0,-3.1350000000002183,0.6549999999997453
2024-04-30 18:45:00,2024-04-30 19:25:00,Short,2292.5950000000003,2292.73,-0.26999999999952706,SL Hit,2292.73,2,1437.7549999999667,40.0,0.8549999999995634,-2.725000000000364
2024-04-30 19:30:00,2024-04-30 19:35:00,Long,2292.7,2292.7,0.0,SL Hit,2292.7,1,1437.7549999999667,5.0,-0.4600000000000364,1.2100000000000364
2024-04-30 19:40:00,2024-04-30 19:50:00,Long,2292.51,2292.51,0.0,SL Hit,2292.51,1,1437.7549999999667,10.0,-0.3100000000004002,2.269999999999982
2024-04-30 20:00:00,2024-04-30 20:30:00,Long,2291.715,2289.61,-4.210000000000036,SL Hit,2289.61,2,1433.5449999999666,30.0,-5.275000000000091,1.6849999999999454
2024-04-30 21:00:00,2024-04-30 22:00:00,Short,2286.3,2286.3,0.0,SL Hit,2286.3,1,1433.5449999999666,60.0,2.7799999999997453,-0.6600000000003092
2024-04-30 23:30:00,2024-04-30 23:55:00,Long,2292.06,2290.52,-1.5399999999999636,SL Hit,2290.52,1,1432.0049999999667,25.0,-2.230000000000018,0.8299999999999272
2024-05-01 00:00:00,2024-05-01 01:45:00,Short,2289.8366666666666,2288.48,4.069999999999709,SL Hit,2288.48,3,1436.0749999999664,105.0,2.9533333333333758,-4.036666666666406
2024-05-01 02:45:00,2024-05-01 03:05:00,Long,2287.455,2287.0,-0.9099999999998545,SL Hit,2287.0,2,1435.1649999999665,20.0,-0.45499999999992724,0.9450000000001637
2024-05-01 03:20:00,2024-05-01 03:25:00,Short,2286.48,2287.0025,-0.5225000000000364,SL Hit,2287.0025,1,1434.6424999999665,5.0,0.8800000000001091,-0.9299999999998363
2024-05-01 03:45:00,2024-05-01 05:40:00,Short,2285.62,2285.62,0.0,SL Hit,2285.62,1,1434.6424999999665,115.0,1.800000000000182,-1.7799999999997453
2024-05-01 06:55:00,2024-05-01 09:00:00,Short,2285.693333333333,2286.41,-2.150000000000091,SL Hit,2286.41,3,1432.4924999999664,125.0,2.236666666666679,-2.4933333333333394
2024-05-01 09:40:00,2024-05-01 11:20:00,Long,2291.042,2291.38,1.690000000000964,SL Hit,2291.38,5,1434.1824999999674,100.0,-2.3420000000000982,3.048000000000229
2024-05-01 12:15:00,2024-05-01 12:20:00,Long,2296.11,2295.3949999999995,-0.7150000000006003,SL Hit,2295.3949999999995,1,1433.4674999999668,5.0,-1.0900000000001455,1.7699999999999818
2024-05-01 12:40:00,2024-05-01 13:15:00,Long,2296.91,2294.91,-4.0,SL Hit,2294.91,2,1429.4674999999668,35.0,-2.2100000000000364,2.7800000000002
2024-05-01 13:25:00,2024-05-01 14:45:00,Long,2301.47,2299.4,-6.209999999999127,SL Hit,2299.4,3,1423.2574999999676,80.0,-3.6899999999996,8.330000000000382
2024-05-01 17:10:00,2024-05-01 18:00:00,Short,2304.245,2304.72,-0.9499999999998181,SL Hit,2304.72,2,1422.3074999999678,50.0,1.7650000000003274,-6.474999999999909
2024-05-01 18:10:00,2024-05-01 19:20:00,Long,2308.63,2316.7,16.139999999999418,SL Hit,2316.7,2,1438.4474999999672,70.0,-6.400000000000091,18.679999999999836
2024-05-01 19:50:00,2024-05-01 20:25:00,Short,2315.42,2316.2174999999997,-0.7974999999996726,SL Hit,2316.2174999999997,1,1437.6499999999676,35.0,2.269999999999982,-8.2800000000002
2024-05-02 05:10:00,2024-05-02 06:10:00,Short,2315.675,2315.98,-0.6099999999996726,SL Hit,2315.98,2,1437.039999999968,60.0,1.0850000000000364,-3.175000000000182
2024-05-02 07:10:00,2024-05-02 07:20:00,Short,2311.41,2311.41,0.0,SL Hit,2311.41,1,1437.039999999968,10.0,0.41000000000030923,-3.2199999999998
2024-05-02 09:25:00,2024-05-02 11:05:00,Short,2300.77,2302.37,-3.199999999999818,SL Hit,2302.37,2,1433.839999999968,100.0,2.849999999999909,-5.320000000000164
2024-05-02 12:20:00,2024-05-02 12:55:00,Long,2299.14,2298.67,-0.9399999999995998,SL Hit,2298.67,2,1432.8999999999685,35.0,-5.400000000000091,4.940000000000055
2024-05-02 15:40:00,2024-05-02 16:30:00,Short,2301.2933333333335,2301.42,-0.3799999999996544,SL Hit,2301.42,3,1432.5199999999688,50.0,3.2966666666666242,-4.093333333333703
2024-05-02 19:10:00,2024-05-02 20:55:00,Short,2303.4599999999996,2303.51,-0.15000000000190994,SL Hit,2303.51,3,1432.369999999967,105.0,2.7500000000004547,-2.569999999999709
2024-05-03 00:20:00,2024-05-03 00:50:00,Short,2302.38,2303.1225,-0.7424999999998363,SL Hit,2303.1225,1,1431.627499999967,30.0,1.0199999999999818,-2.480000000000018
2024-05-03 01:35:00,2024-05-03 03:00:00,Short,2303.4666666666667,2301.72,5.240000000000691,SL Hit,2301.72,3,1436.8674999999678,85.0,2.4633333333331393,-4.066666666666606
2024-05-03 06:00:00,2024-05-03 08:05:00,Short,2301.21,2301.04,0.680000000000291,SL Hit,2301.04,4,1437.547499999968,125.0,4.949999999999818,-3.369999999999891
2024-05-03 08:35:00,2024-05-03 08:40:00,Short,2299.68,2299.68,0.0,SL Hit,2299.68,1,1437.547499999968,5.0,0.680000000000291,-0.4899999999997817
2024-05-03 09:35:00,2024-05-03 10:05:00,Long,2301.0550000000003,2300.09,-1.930000000000291,SL Hit,2300.09,2,1435.6174999999678,30.0,-1.855000000000473,1.7849999999998545
2024-05-03 10:10:00,2024-05-03 11:25:00,Short,2298.736666666666,2299.55,-2.4400000000018736,SL Hit,2299.55,3,1433.177499999966,75.0,2.113333333333685,-1.706666666666024
2024-05-03 17:55:00,2024-05-03 18:20:00,Long,2301.815,2299.7,-4.230000000000473,SL Hit,2299.7,2,1428.9474999999654,25.0,-2.4149999999999636,1.0949999999998
2024-05-03 19:20:00,2024-05-03 19:35:00,Short,2299.145,2299.7,-1.1099999999996726,SL Hit,2299.7,2,1427.8374999999658,15.0,0.724999999999909,-1.6349999999997635
2024-05-03 19:45:00,2024-05-03 19:50:00,Long,2299.35,2299.35,0.0,SL Hit,2299.35,1,1427.8374999999658,5.0,-0.009999999999763531,1.050000000000182
2024-05-03 19:55:00,2024-05-05 22:00:00,Long,2301.33,2299.6,-3.4600000000000364,SL Hit,2299.6,2,1424.3774999999657,3005.0,-1.7300000000000182,1.7800000000002
2024-05-06 00:25:00,2024-05-06 00:30:00,Short,2292.63,2293.3999999999996,-0.7699999999995271,SL Hit,2293.3999999999996,1,1423.6074999999662,5.0,1.569999999999709,-0.5
2024-05-06 05:50:00,2024-05-06 06:40:00,Long,2313.52,2312.81,-2.130000000000109,SL Hit,2312.81,3,1421.477499999966,50.0,-1.8600000000001273,1.0300000000002
2024-05-06 06:55:00,2024-05-06 07:20:00,Short,2314.42,2314.6949999999997,-0.2749999999996362,SL Hit,2314.6949999999997,1,1421.2024999999664,25.0,0.31999999999970896,-2.0
2024-05-06 15:35:00,2024-05-06 16:30:00,Long,2322.69,2322.084999999999,-0.6050000000009277,SL Hit,2322.084999999999,1,1420.5974999999655,55.0,-3.2899999999999636,4.570000000000164
2024-05-06 19:05:00,2024-05-06 19:15:00,Long,2325.41,2325.107500000001,-0.3024999999988722,SL Hit,2325.107500000001,1,1420.2949999999666,10.0,-1.1399999999998727,1.5300000000002
2024-05-06 20:55:00,2024-05-06 22:00:00,Short,2324.15,2324.15,0.0,SL Hit,2324.15,1,1420.2949999999666,65.0,0.6300000000001091,-0.650000000000091
2024-05-07 01:50:00,2024-05-07 03:20:00,Short,2323.2099999999996,2323.58,-1.1100000000010368,SL Hit,2323.58,3,1419.1849999999656,90.0,1.1300000000005639,-4.5099999999997635
2024-05-07 03:30:00,2024-05-07 03:35:00,Long,2323.64,2323.3100000000004,-0.3299999999994725,SL Hit,2323.3100000000004,1,1418.8549999999661,5.0,-0.8899999999998727,0.7100000000000364
2024-05-07 04:35:00,2024-05-07 06:35:00,Short,2321.36,2320.55,3.2399999999997817,SL Hit,2320.55,4,1422.094999999966,120.0,2.25,-3.0
2024-05-07 07:10:00,2024-05-07 07:25:00,Short,2319.21,2319.595,-0.38499999999976353,SL Hit,2319.595,1,1421.7099999999662,15.0,0.5900000000001455,-1.4099999999998545
2024-05-07 10:20:00,2024-05-07 10:35:00,Long,2313.72,2313.48,-0.47999999999956344,SL Hit,2313.48,2,1421.2299999999666,15.0,-0.5399999999999636,1.2900000000004184
2024-05-07 10:40:00,2024-05-07 10:45:00,Short,2313.66,2313.7425000000003,-0.08250000000043656,SL Hit,2313.7425000000003,1,1421.1474999999662,5.0,0.5199999999999818,-0.5799999999999272
2024-05-07 16:05:00,2024-05-07 16:20:00,Short,2313.3,2314.8,-3.0,SL Hit,2314.8,2,1418.1474999999662,15.0,2.349999999999909,-0.4800000000000182
2024-05-07 16:40:00,2024-05-07 16:50:00,Long,2314.18,2312.805,-1.375,SL Hit,2312.805,1,1416.7724999999662,10.0,-1.3899999999998727,1.0599999999999454
2024-05-07 16:55:00,2024-05-07 17:25:00,Short,2313.14,2315.2300000000005,-2.0900000000006003,SL Hit,2315.2300000000005,1,1414.6824999999656,30.0,2.9200000000000728,-2.099999999999909
2024-05-08 00:40:00,2024-05-08 02:45:00,Short,2310.9700000000003,2313.63,-5.319999999999709,SL Hit,2313.63,2,1409.3624999999658,125.0,3.6799999999998363,-3.6700000000000728
2024-05-08 04:10:00,2024-05-08 04:40:00,Long,2317.54,2317.79,0.5,SL Hit,2317.79,2,1409.8624999999658,30.0,-0.27999999999974534,1.4200000000000728
2024-05-08 04:45:00,2024-05-08 05:00:00,Short,2317.88,2319.2000000000003,-1.3200000000001637,SL Hit,2319.2000000000003,1,1408.5424999999657,15.0,1.349999999999909,-0.3200000000001637
2024-05-08 05:05:00,2024-05-08 05:45:00,Long,2319.055,2318.54,-1.0299999999997453,SL Hit,2318.54,2,1407.512499999966,40.0,-0.5549999999998363,2.255000000000109
2024-05-08 05:50:00,2024-05-08 08:30:00,Short,2313.6625,2306.67,27.969999999999345,SL Hit,2306.67,4,1435.4824999999653,160.0,5.2775000000001455,-9.372499999999945
2024-05-08 08:45:00,2024-05-08 11:10:00,Long,2311.46,2314.7,12.959999999999127,SL Hit,2314.7,4,1448.4424999999644,145.0,-5.559999999999945,6.4699999999998
2024-05-08 13:00:00,2024-05-08 14:00:00,Short,2313.375,2312.11,2.5299999999997453,SL Hit,2312.11,2,1450.9724999999642,60.0,2.505000000000109,-6.1550000000002
2024-05-08 14:05:00,2024-05-08 15:00:00,Long,2313.6400000000003,2315.05,2.819999999999709,SL Hit,2315.05,2,1453.7924999999639,55.0,-3.5300000000002,3.6399999999998727
2024-05-08 15:05:00,2024-05-08 15:25:00,Short,2314.99,2316.6675,-1.6775000000002365,SL Hit,2316.6675,1,1452.1149999999636,20.0,3.2100000000000364,-2.9899999999997817
2024-05-08 15:30:00,2024-05-08 15:45:00,Long,2316.86,2316.86,0.0,SL Hit,2316.86,1,1452.1149999999636,15.0,-0.01999999999998181,3.0299999999997453
2024-05-08 15:55:00,2024-05-08 16:35:00,Long,2319.125,2316.84,-4.569999999999709,SL Hit,2316.84,2,1447.544999999964,40.0,-2.8150000000000546,1.5549999999998363
2024-05-08 16:55:00,2024-05-08 20:55:00,Short,2312.3857142857146,2308.88,24.540000000001328,SL Hit,2308.88,7,1472.0849999999652,240.0,4.974285714285543,-5.1857142857147664
2024-05-09 01:10:00,2024-05-09 02:05:00,Long,2309.44,2308.85,-1.180000000000291,SL Hit,2308.85,2,1470.904999999965,55.0,-1.6300000000001091,2.630000000000109
2024-05-09 02:45:00,2024-05-09 02:50:00,Short,2309.81,2310.5250000000005,-0.7150000000006003,SL Hit,2310.5250000000005,1,1470.1899999999644,5.0,1.4200000000000728,-0.9800000000000182
2024-05-09 09:30:00,2024-05-09 10:25:00,Short,2308.68,2309.2,-1.0399999999999636,SL Hit,2309.2,2,1469.1499999999644,55.0,1.3700000000003456,-1.819999999999709
2024-05-09 11:05:00,2024-05-09 11:10:00,Long,2311.4,2311.4,0.0,SL Hit,2311.4,1,1469.1499999999644,5.0,-0.20000000000027285,1.6100000000001273
2024-05-09 11:20:00,2024-05-09 13:10:00,Long,2316.26,2314.76,-3.0,SL Hit,2314.76,2,1466.1499999999644,110.0,-5.0600000000004,12.659999999999854
2024-05-09 23:15:00,2024-05-09 23:30:00,Long,2346.9849999999997,2346.5,-0.9699999999993452,SL Hit,2346.5,2,1465.179999999965,15.0,-0.7849999999998545,1.305000000000291
2024-05-09 23:55:00,2024-05-10 00:15:00,Short,2346.8450000000003,2347.53,-1.3699999999998909,SL Hit,2347.53,2,1463.8099999999652,20.0,0.8549999999995634,-1.1450000000004366
2024-05-10 04:50:00,2024-05-10 09:50:00,Long,2364.808571428571,2371.05,43.69000000000278,SL Hit,2371.05,7,1507.499999999968,300.0,-11.718571428571067,10.341428571428878
2024-05-10 10:10:00,2024-05-10 11:40:00,Long,2372.7666666666664,2372.24,-1.5799999999999272,SL Hit,2372.24,3,1505.919999999968,90.0,-1.666666666666515,5.043333333333521
2024-05-10 12:55:00,2024-05-10 13:20:00,Short,2367.04,2369.0475,-2.0075000000001637,SL Hit,2369.0475,1,1503.9124999999678,25.0,3.8099999999999454,-6.730000000000018
2024-05-10 15:00:00,2024-05-10 15:15:00,Short,2360.34,2361.4674999999997,-1.1274999999995998,SL Hit,2361.4674999999997,1,1502.7849999999682,15.0,2.9099999999998545,-3.730000000000018
2024-05-10 16:30:00,2024-05-10 18:45:00,Long,2367.696,2368.04,1.7200000000002547,SL Hit,2368.04,5,1504.5049999999685,135.0,-4.706000000000131,2.673999999999978
2024-05-12 23:05:00,2024-05-13 01:15:00,Long,2360.915,2359.0,-3.8299999999999272,SL Hit,2359.0,2,1500.6749999999686,130.0,-2.3449999999998,3.4650000000001455
2024-05-13 01:20:00,2024-05-13 02:30:00,Short,2359.17,2359.54,-0.7399999999997817,SL Hit,2359.54,2,1499.9349999999688,70.0,0.5,-4.769999999999982
2024-05-13 02:55:00,2024-05-13 06:00:00,Short,2356.023333333334,2353.28,16.460000000002765,SL Hit,2353.28,6,1516.3949999999716,185.0,3.336666666666133,-4.733333333334031
2024-05-13 07:10:00,2024-05-13 07:15:00,Short,2350.24,2350.24,0.0,SL Hit,2350.24,1,1516.3949999999716,5.0,-0.0,-1.1399999999998727
2024-05-13 08:30:00,2024-05-13 10:05:00,Short,2342.233333333333,2341.5,2.1999999999993634,SL Hit,2341.5,3,1518.594999999971,95.0,2.2566666666666606,-2.933333333332939
2024-05-13 11:15:00,2024-05-13 11:20:00,Short,2340.26,2340.26,0.0,SL Hit,2340.26,1,1518.594999999971,5.0,0.18999999999959982,-1.1000000000003638
2024-05-13 11:55:00,2024-05-13 13:35:00,Long,2346.1299999999997,2345.36,-2.309999999998581,SL Hit,2345.36,3,1516.2849999999723,100.0,-3.039999999999509,3.350000000000364
2024-05-13 15:30:00,2024-05-13 16:00:00,Short,2333.7,2335.9550000000004,-2.255000000000564,SL Hit,2335.9550000000004,1,1514.0299999999718,30.0,2.950000000000273,-0.9299999999998363
2024-05-13 19:30:00,2024-05-13 20:05:00,Long,2337.265,2336.58,-1.3699999999998909,SL Hit,2336.58,2,1512.659999999972,35.0,-0.7549999999996544,0.974999999999909
2024-05-13 20:20:00,2024-05-13 22:00:00,Short,2336.77,2336.935,-0.16499999999996362,SL Hit,2336.935,1,1512.494999999972,100.0,0.6300000000001091,-1.9699999999998
2024-05-14 05:55:00,2024-05-14 06:00:00,Short,2344.72,2344.9675,-0.24750000000040018,SL Hit,2344.9675,1,1512.2474999999715,5.0,0.3700000000003456,-1.7199999999998
2024-05-14 10:20:00,2024-05-14 10:25:00,Long,2346.04,2344.995,-1.0450000000000728,SL Hit,2344.995,1,1511.2024999999715,5.0,-1.2799999999997453,0.6399999999998727
2024-05-14 13:55:00,2024-05-14 14:05:00,Long,2350.73,2350.73,0.0,SL Hit,2350.73,1,1511.2024999999715,10.0,-0.9699999999997999,4.940000000000055
2024-05-15 02:35:00,2024-05-15 02:55:00,Short,2357.445,2358.35,-1.8099999999994907,SL Hit,2358.35,2,1509.392499999972,20.0,1.4249999999997272,-0.9450000000001637
2024-05-15 09:15:00,2024-05-15 09:25:00,Long,2372.99,2371.6975,-1.2924999999995634,SL Hit,2371.6975,1,1508.0999999999724,10.0,-1.3699999999998909,0.650000000000091
2024-05-15 10:25:00,2024-05-15 10:40:00,Long,2369.02,2369.02,0.0,SL Hit,2369.02,1,1508.0999999999724,15.0,-1.6399999999998727,1.7300000000000182
2024-05-15 14:40:00,2024-05-15 14:45:00,Long,2369.27,2367.51,-1.7599999999997635,SL Hit,2367.51,1,1506.3399999999726,5.0,-2.3299999999999272,1.3200000000001637
2024-05-15 16:50:00,2024-05-15 18:05:00,Long,2386.5625,2386.98,1.6700000000000728,SL Hit,2386.98,4,1508.0099999999727,75.0,-3.7325000000000728,3.4074999999998
2024-05-15 18:35:00,2024-05-15 19:10:00,Short,2385.133333333333,2386.36,-3.680000000000746,SL Hit,2386.36,3,1504.329999999972,35.0,2.1766666666667334,-2.733333333333121
2024-05-15 20:05:00,2024-05-15 20:55:00,Long,2386.98,2385.9,-2.1599999999998545,SL Hit,2385.9,2,1502.169999999972,50.0,-2.1799999999998363,1.050000000000182
2024-05-16 08:45:00,2024-05-16 09:05:00,Short,2386.145,2387.31,-2.3299999999999272,SL Hit,2387.31,2,1499.8399999999722,20.0,1.4450000000001637,-0.7550000000001091
2024-05-16 12:35:00,2024-05-16 15:10:00,Short,2378.154,2376.78,6.869999999998981,SL Hit,2376.78,5,1506.7099999999712,155.0,6.30600000000004,-7.114000000000033
2024-05-16 16:40:00,2024-05-16 17:00:00,Long,2381.69,2380.8099999999995,-0.8800000000005639,SL Hit,2380.8099999999995,1,1505.8299999999706,20.0,-1.9900000000002365,1.5799999999999272
2024-05-16 19:55:00,2024-05-16 22:00:00,Short,2377.7799999999997,2376.78,1.9999999999990905,SL Hit,2376.78,2,1507.8299999999697,125.0,1.4100000000003092,-1.9399999999995998
2024-05-17 00:55:00,2024-05-17 01:00:00,Short,2377.94,2378.2149999999997,-0.2749999999996362,SL Hit,2378.2149999999997,1,1507.55499999997,5.0,0.7100000000000364,-0.1799999999998363
2024-05-17 01:35:00,2024-05-17 01:55:00,Short,2376.77,2377.925,-1.1550000000002,SL Hit,2377.925,1,1506.3999999999699,20.0,1.8699999999998909,-0.5099999999997635
2024-05-17 07:00:00,2024-05-17 07:30:00,Long,2385.66,2384.8350000000005,-0.8249999999993634,SL Hit,2384.8350000000005,1,1505.5749999999705,30.0,-1.3699999999998909,1.9100000000003092
2024-05-17 08:00:00,2024-05-17 08:05:00,Short,2384.39,2385.517500000001,-1.127500000000964,Bullish Trade Reversal,2385.517500000001,1,1504.4474999999695,5.0,0.41000000000030923,-1.3699999999998909
2024-05-17 08:05:00,2024-05-17 08:10:00,Long,2383.495,2382.95,-1.0900000000001455,SL Hit,2382.95,2,1503.3574999999694,5.0,-1.3550000000000182,1.1150000000002365
2024-05-17 09:00:00,2024-05-17 09:10:00,Long,2383.9,2383.9,0.0,SL Hit,2383.9,1,1503.3574999999694,10.0,-0.03999999999996362,2.4899999999997817
2024-05-17 17:55:00,2024-05-17 20:50:00,Long,2415.3399999999997,2414.66,-2.719999999999345,SL Hit,2414.66,4,1500.63749999997,175.0,-3.0799999999994725,6.510000000000218
2024-05-19 23:55:00,2024-05-20 00:00:00,Long,2418.2,2417.6500000000005,-0.5499999999992724,SL Hit,2417.6500000000005,1,1500.0874999999708,5.0,-0.6599999999998545,2.100000000000364
2024-05-20 02:40:00,2024-05-20 02:50:00,Short,2432.15,2432.205,-0.05499999999983629,SL Hit,2432.205,1,1500.032499999971,10.0,2.0399999999999636,-3.3200000000001637
2024-05-20 08:05:00,2024-05-20 08:10:00,Long,2438.7,2438.0125,-0.6875,SL Hit,2438.0125,1,1499.344999999971,5.0,-0.6999999999998181,1.1600000000003092
2024-05-20 14:55:00,2024-05-20 15:35:00,Long,2421.07,2421.07,0.0,SL Hit,2421.07,1,1499.344999999971,40.0,-1.3700000000003456,5.190000000000055
2024-05-20 19:00:00,2024-05-20 22:00:00,Short,2429.52,2427.11,9.639999999999418,SL Hit,2427.11,4,1508.9849999999703,180.0,5.369999999999891,-6.2199999999998
2024-05-21 01:55:00,2024-05-21 04:30:00,Short,2417.0800000000004,2414.56,12.600000000002183,SL Hit,2414.56,5,1521.5849999999725,155.0,7.799999999999727,-10.19000000000051
2024-05-21 05:25:00,2024-05-21 05:35:00,Long,2416.105,2414.1,-4.010000000000218,SL Hit,2414.1,2,1517.5749999999723,10.0,-2.3850000000002183,1.1349999999997635
2024-05-21 06:00:00,2024-05-21 06:05:00,Long,2415.82,2415.379999999999,-0.44000000000096406,SL Hit,2415.379999999999,1,1517.1349999999713,5.0,-1.6300000000001091,1.2999999999997272
2024-05-21 17:15:00,2024-05-21 17:25:00,Short,2420.58,2421.625,-1.0450000000000728,SL Hit,2421.625,1,1516.0899999999713,10.0,1.3099999999999454,-1.069999999999709
2024-05-21 21:00:00,2024-05-21 22:00:00,Short,2420.77,2420.77,0.0,SL Hit,2420.77,1,1516.0899999999713,60.0,0.7699999999999818,-0.05999999999994543
2024-05-21 22:30:00,2024-05-21 23:45:00,Long,2421.365,2420.4,-1.9299999999993815,SL Hit,2420.4,2,1514.159999999972,75.0,-0.9649999999996908,0.6950000000001637
2024-05-22 00:15:00,2024-05-22 00:35:00,Long,2422.015,2421.81,-0.4099999999998545,SL Hit,2421.81,2,1513.749999999972,20.0,-2.0149999999998727,0.8650000000002365
2024-05-22 01:05:00,2024-05-22 01:15:00,Short,2421.145,2422.67,-3.050000000000182,SL Hit,2422.67,2,1510.6999999999719,10.0,1.9149999999999636,-1.2449999999998909
2024-05-22 01:35:00,2024-05-22 01:45:00,Short,2419.84,2421.6,-1.7599999999997635,SL Hit,2421.6,1,1508.939999999972,10.0,2.019999999999982,-0.5900000000001455
2024-05-22 03:40:00,2024-05-22 05:20:00,Short,2414.56,2414.1,1.3800000000001091,SL Hit,2414.1,3,1510.3199999999722,100.0,2.6399999999998727,-2.8600000000001273
2024-05-22 07:25:00,2024-05-22 07:40:00,Short,2415.26,2416.359999999999,-1.0999999999989996,SL Hit,2416.359999999999,1,1509.2199999999732,15.0,1.4799999999995634,-2.8600000000001273
2024-05-22 09:20:00,2024-05-22 09:25:00,Long,2417.005,2415.32,-3.369999999999891,SL Hit,2415.32,2,1505.8499999999733,5.0,-1.8850000000002183,0.3550000000000182
2024-05-22 11:00:00,2024-05-22 11:05:00,Short,2414.88,2414.88,0.0,SL Hit,2414.88,1,1505.8499999999733,5.0,0.15999999999985448,-1.180000000000291
2024-05-22 11:25:00,2024-05-22 12:20:00,Short,2411.7233333333334,2411.91,-0.5599999999994907,SL Hit,2411.91,3,1505.2899999999738,55.0,2.6266666666665515,-6.453333333333376
2024-05-22 17:00:00,2024-05-22 17:15:00,Long,2391.81,2391.81,0.0,SL Hit,2391.81,1,1505.2899999999738,15.0,-0.9600000000000364,2.1599999999998545
2024-05-22 20:05:00,2024-05-22 20:50:00,Long,2378.5299999999997,2377.59,-1.8799999999991996,SL Hit,2377.59,2,1503.4099999999746,45.0,-0.9399999999995998,1.5100000000002183
2024-05-22 22:10:00,2024-05-23 00:45:00,Long,2381.0975,2380.6,-1.9899999999997817,SL Hit,2380.6,4,1501.4199999999748,155.0,-2.8174999999996544,2.4325000000003456
2024-05-23 06:25:00,2024-05-23 07:00:00,Long,2364.7366666666667,2363.46,-3.8299999999999272,SL Hit,2363.46,3,1497.589999999975,35.0,-2.096666666666806,1.9433333333331575
2024-05-23 09:15:00,2024-05-23 11:40:00,Long,2365.3,2367.2,9.499999999998181,SL Hit,2367.2,5,1507.089999999973,145.0,-4.390000000000327,3.699999999999818
2024-05-23 11:50:00,2024-05-23 11:55:00,Short,2367.47,2367.47,0.0,SL Hit,2367.47,1,1507.089999999973,5.0,0.49000000000023647,-1.2599999999997635
2024-05-23 13:05:00,2024-05-23 13:30:00,Short,2364.51,2369.8449999999993,-5.334999999999127,Bullish Trade Reversal,2369.8449999999993,1,1501.754999999974,25.0,4.809999999999945,-2.350000000000364
2024-05-23 13:30:00,2024-05-23 13:45:00,Long,2363.715,2362.16,-3.110000000000582,SL Hit,2362.16,2,1498.6449999999734,15.0,-7.934999999999945,5.014999999999873
2024-05-23 15:25:00,2024-05-23 15:30:00,Short,2341.6,2341.6,0.0,SL Hit,2341.6,1,1498.6449999999734,5.0,2.5599999999999454,-1.3399999999996908
2024-05-23 16:00:00,2024-05-23 16:15:00,Long,2346.86,2344.11,-2.75,SL Hit,2344.11,1,1495.8949999999734,15.0,-2.9400000000000546,2.8399999999996908
2024-05-23 17:00:00,2024-05-23 17:15:00,Short,2340.395,2342.21,-3.630000000000109,SL Hit,2342.21,2,1492.2649999999733,15.0,2.224999999999909,-0.7049999999999272
2024-05-23 17:20:00,2024-05-23 17:25:00,Long,2340.62,2339.2725000000005,-1.3474999999993997,SL Hit,2339.2725000000005,1,1490.9174999999739,5.0,-5.269999999999982,1.0300000000002
2024-05-23 19:45:00,2024-05-23 23:20:00,Short,2331.6175000000003,2331.38,0.9500000000007276,SL Hit,2331.38,4,1491.8674999999746,215.0,1.3924999999999272,-4.287500000000364
2024-05-23 23:40:00,2024-05-24 00:15:00,Long,2332.475,2330.4,-4.149999999999636,SL Hit,2330.4,2,1487.717499999975,35.0,-3.174999999999727,0.8150000000000546
2024-05-24 06:30:00,2024-05-24 06:45:00,Short,2336.85,2337.0975000000003,-0.24750000000040018,SL Hit,2337.0975000000003,1,1487.4699999999746,15.0,0.8400000000001455,-1.5499999999997272
2024-05-24 06:50:00,2024-05-24 06:55:00,Short,2337.51,2338.8574999999996,-1.3474999999993997,SL Hit,2338.8574999999996,1,1486.1224999999752,5.0,1.419999999999618,-0.7700000000004366
2024-05-24 08:35:00,2024-05-24 11:20:00,Long,2339.5675,2338.76,-3.2299999999995634,SL Hit,2338.76,4,1482.8924999999756,165.0,-2.5275000000001455,3.912499999999909
2024-05-24 15:00:00,2024-05-24 15:05:00,Short,2338.69,2339.24,-0.5499999999997272,SL Hit,2339.24,1,1482.3424999999759,5.0,1.0599999999999454,-1.2800000000002
2024-05-24 15:10:00,2024-05-24 15:20:00,Long,2338.24,2337.085000000001,-1.1549999999988358,SL Hit,2337.085000000001,1,1481.187499999977,10.0,-3.399999999999636,1.6200000000003456
2024-05-24 19:00:00,2024-05-24 20:00:00,Short,2334.13,2334.09,0.07999999999992724,SL Hit,2334.09,2,1481.267499999977,60.0,0.8299999999999272,-2.3299999999999272
2024-05-27 00:00:00,2024-05-27 00:05:00,Short,2336.93,2336.93,0.0,SL Hit,2336.93,1,1481.267499999977,5.0,0.03999999999996362,-0.919999999999618
2024-05-27 01:35:00,2024-05-27 02:05:00,Long,2339.17,2338.12,-2.100000000000364,SL Hit,2338.12,2,1479.1674999999766,30.0,-1.1700000000000728,1.0499999999997272
2024-05-27 06:15:00,2024-05-27 06:50:00,Long,2343.125,2341.77,-2.7100000000000364,SL Hit,2341.77,2,1476.4574999999766,35.0,-1.4850000000001273,1.2150000000001455
2024-05-27 06:55:00,2024-05-27 08:10:00,Short,2341.1666666666665,2341.14,0.07999999999992724,SL Hit,2341.14,3,1476.5374999999765,75.0,1.3533333333334667,-3.366666666666333
2024-05-27 08:15:00,2024-05-27 08:20:00,Long,2341.69,2341.1950000000006,-0.4949999999994361,SL Hit,2341.1950000000006,1,1476.042499999977,5.0,-0.5300000000002001,1.4099999999998545
2024-05-27 08:35:00,2024-05-27 10:00:00,Long,2343.2999999999997,2342.8,-1.4999999999986358,SL Hit,2342.8,3,1474.5424999999784,85.0,-1.0399999999995089,2.5200000000004366
2024-05-27 10:50:00,2024-05-27 11:00:00,Long,2344.53,2344.1449999999995,-0.385000000000673,SL Hit,2344.1449999999995,1,1474.1574999999777,10.0,-0.8700000000003456,0.7399999999997817
2024-05-27 12:00:00,2024-05-27 12:15:00,Short,2344.46,2345.5325,-1.0724999999997635,SL Hit,2345.5325,1,1473.084999999978,15.0,1.3800000000001091,-0.7699999999999818
2024-05-27 13:40:00,2024-05-27 14:50:00,Long,2354.8050000000003,2354.9,0.18999999999959982,SL Hit,2354.9,2,1473.2749999999776,70.0,-4.165000000000418,3.444999999999709
2024-05-27 16:45:00,2024-05-27 18:15:00,Long,2354.3199999999997,2352.29,-4.059999999999491,SL Hit,2352.29,2,1469.214999999978,90.0,-2.5299999999997453,0.9100000000003092
2024-05-27 22:25:00,2024-05-27 22:45:00,Long,2352.15,2351.5,-1.300000000000182,SL Hit,2351.5,2,1467.914999999978,20.0,-0.9500000000002728,1.5899999999996908
2024-05-28 00:25:00,2024-05-28 01:20:00,Long,2351.49,2349.0425,-2.4474999999997635,Bearish Trade Reversal,2349.0425,1,1465.4674999999781,55.0,-2.3599999999996726,1.5400000000004184
2024-05-28 01:20:00,2024-05-28 01:25:00,Short,2351.21,2351.595,-0.38499999999976353,SL Hit,2351.595,1,1465.0824999999784,5.0,1.1399999999998727,-0.7699999999999818
2024-05-28 03:40:00,2024-05-28 03:45:00,Short,2351.31,2351.31,0.0,SL Hit,2351.31,1,1465.0824999999784,5.0,0.07000000000016371,-1.1100000000001273
2024-05-28 04:00:00,2024-05-28 04:35:00,Short,2350.9449999999997,2351.65,-1.410000000000764,SL Hit,2351.65,2,1463.6724999999776,35.0,0.705000000000382,-1.444999999999709
2024-05-28 04:45:00,2024-05-28 05:55:00,Long,2351.293333333333,2350.6,-2.0799999999994725,SL Hit,2350.6,3,1461.5924999999781,70.0,-1.7333333333331211,2.1366666666667697
2024-05-28 09:45:00,2024-05-28 09:50:00,Long,2344.46,2344.4324999999994,-0.027500000000600267,SL Hit,2344.4324999999994,1,1461.5649999999775,5.0,-0.4600000000000364,0.3200000000001637
2024-05-28 10:20:00,2024-05-28 11:00:00,Long,2344.805,2343.5,-2.6099999999996726,SL Hit,2343.5,2,1458.9549999999779,40.0,-1.4049999999997453,1.2550000000001091
2024-05-28 16:25:00,2024-05-28 17:35:00,Short,2357.0950000000003,2357.98,-1.769999999999527,SL Hit,2357.98,2,1457.1849999999783,70.0,2.5349999999998545,-3.3750000000004547
2024-05-28 17:50:00,2024-05-28 18:00:00,Long,2356.7,2356.6725000000006,-0.027499999999236024,SL Hit,2356.6725000000006,1,1457.157499999979,10.0,-0.03999999999996362,0.8900000000003274
2024-05-28 18:30:00,2024-05-28 18:40:00,Short,2353.65,2354.3649999999993,-0.714999999999236,SL Hit,2354.3649999999993,1,1456.4424999999799,10.0,0.7899999999999636,-0.8099999999999454
2024-05-28 19:30:00,2024-05-28 19:55:00,Long,2357.64,2357.64,0.0,SL Hit,2357.64,1,1456.4424999999799,25.0,-0.13999999999987267,2.300000000000182
2024-05-28 23:00:00,2024-05-28 23:25:00,Short,2358.705,2359.14,-0.8699999999998909,SL Hit,2359.14,2,1455.57249999998,25.0,0.625,-1.2049999999999272
2024-05-28 23:30:00,2024-05-28 23:45:00,Long,2359.13,2358.9374999999995,-0.1925000000005639,SL Hit,2358.9374999999995,1,1455.3799999999794,15.0,-0.2300000000000182,1.2699999999999818
2024-05-29 00:40:00,2024-05-29 01:30:00,Short,2357.75,2359.11,-2.7200000000002547,SL Hit,2359.11,2,1452.6599999999792,50.0,1.4800000000000182,-1.25
2024-05-29 02:25:00,2024-05-29 02:40:00,Long,2358.92,2357.93,-0.9900000000002365,SL Hit,2357.93,1,1451.669999999979,15.0,-1.0100000000002183,1.8400000000001455
2024-05-29 03:35:00,2024-05-29 03:45:00,Short,2356.75,2356.97,-0.2199999999997999,SL Hit,2356.97,1,1451.4499999999791,10.0,0.4299999999998363,-1.150000000000091
2024-05-29 12:30:00,2024-05-29 12:50:00,Long,2342.26,2338.49,-7.540000000000873,SL Hit,2338.49,2,1443.9099999999783,20.0,-7.460000000000036,1.1099999999996726
2024-05-29 13:15:00,2024-05-29 13:40:00,Long,2342.47,2342.47,0.0,SL Hit,2342.47,1,1443.9099999999783,25.0,-2.2099999999995816,4.070000000000164
2024-05-29 14:50:00,2024-05-29 16:55:00,Short,2340.9233333333336,2341.31,-1.159999999998945,SL Hit,2341.31,3,1442.7499999999793,125.0,3.786666666666406,-5.42333333333363
2024-05-29 19:45:00,2024-05-29 20:05:00,Short,2337.39,2338.15,-1.5200000000004366,SL Hit,2338.15,2,1441.2299999999789,20.0,0.9200000000000728,-1.0499999999997272
2024-05-29 20:45:00,2024-05-29 22:15:00,Long,2337.7333333333336,2337.54,-0.5800000000008367,SL Hit,2337.54,3,1440.649999999978,90.0,-1.1333333333336668,1.236666666666224
2024-05-29 22:25:00,2024-05-30 01:10:00,Short,2337.2583333333337,2337.1,0.9500000000025466,SL Hit,2337.1,6,1441.5999999999806,165.0,1.6516666666661877,-3.8483333333338123
2024-05-30 01:40:00,2024-05-30 03:15:00,Short,2333.4500000000003,2331.53,5.760000000000218,SL Hit,2331.53,3,1447.3599999999808,95.0,3.0099999999997635,-5.250000000000455
2024-05-30 05:20:00,2024-05-30 07:00:00,Short,2334.55,2334.55,0.0,SL Hit,2334.55,1,1447.3599999999808,100.0,0.9699999999997999,-11.970000000000255
2024-05-30 08:50:00,2024-05-30 09:35:00,Long,2334.2799999999997,2332.8,-2.959999999999127,SL Hit,2332.8,2,1444.3999999999817,45.0,-1.769999999999527,3.4700000000002547
2024-05-30 09:45:00,2024-05-30 10:35:00,Short,2332.3999999999996,2333.08,-1.360000000000582,SL Hit,2333.08,2,1443.039999999981,50.0,2.100000000000364,-1.7599999999997635
2024-05-30 12:30:00,2024-05-30 13:10:00,Long,2337.9849999999997,2340.05,4.130000000001019,SL Hit,2340.05,2,1447.169999999982,40.0,-3.074999999999818,6.825000000000273
2024-05-30 13:15:00,2024-05-30 13:30:00,Short,2343.685,2344.25,-1.1300000000001091,SL Hit,2344.25,2,1446.039999999982,15.0,1.6649999999999636,-2.2150000000001455
2024-05-30 15:20:00,2024-05-30 15:25:00,Short,2343.06,2343.06,0.0,SL Hit,2343.06,1,1446.039999999982,5.0,0.8400000000001455,-0.650000000000091
2024-05-30 15:35:00,2024-05-30 16:30:00,Short,2343.27,2344.45,-3.539999999999509,SL Hit,2344.45,3,1442.4999999999825,55.0,3.199999999999818,-2.400000000000091
2024-05-30 19:20:00,2024-05-30 19:35:00,Short,2340.99,2341.8700000000003,-0.8800000000005639,SL Hit,2341.8700000000003,1,1441.619999999982,15.0,1.400000000000091,-0.30999999999994543
2024-05-31 00:25:00,2024-05-31 00:35:00,Short,2343.1,2344.0350000000003,-0.9350000000004002,SL Hit,2344.0350000000003,1,1440.6849999999815,10.0,1.5300000000002,-0.5399999999999636
2024-05-31 04:50:00,2024-05-31 05:10:00,Long,2342.43,2342.3475000000008,-0.08249999999907232,SL Hit,2342.3475000000008,1,1440.6024999999825,20.0,-0.19000000000005457,1.8600000000001273
2024-05-31 09:25:00,2024-05-31 09:50:00,Long,2342.665,2341.89,-1.550000000000182,SL Hit,2341.89,2,1439.0524999999823,25.0,-1.2649999999998727,1.074999999999818
2024-05-31 10:55:00,2024-05-31 11:30:00,Long,2343.4666666666667,2342.7,-2.3000000000006366,SL Hit,2342.7,3,1436.7524999999816,35.0,-1.666666666666515,1.133333333333212
2024-05-31 18:45:00,2024-05-31 19:45:00,Short,2324.48,2325.5525,-1.0724999999997635,SL Hit,2325.5525,1,1435.6799999999819,60.0,2.1599999999998545,-4.099999999999909
2024-06-02 22:20:00,2024-06-02 22:35:00,Short,2325.87,2325.87,0.0,SL Hit,2325.87,1,1435.6799999999819,15.0,0.07000000000016371,-3.1700000000000728
2024-06-02 23:05:00,2024-06-02 23:20:00,Long,2325.475,2324.5,-1.949999999999818,SL Hit,2324.5,2,1433.729999999982,15.0,-1.1749999999997272,0.8949999999999818
2024-06-02 23:35:00,2024-06-03 00:45:00,Short,2325.1766666666663,2325.89,-2.140000000000782,SL Hit,2325.89,3,1431.5899999999813,70.0,1.6233333333339033,-1.6766666666662786
2024-06-03 10:05:00,2024-06-03 12:00:00,Long,2328.5525,2329.0,1.7900000000008731,SL Hit,2329.0,4,1433.3799999999821,115.0,-2.332499999999982,3.5575000000003456
2024-06-03 13:55:00,2024-06-03 14:00:00,Short,2333.41,2336.0225000000005,-2.6125000000006366,SL Hit,2336.0225000000005,1,1430.7674999999815,5.0,7.7400000000002365,-1.4299999999998363
2024-06-04 00:15:00,2024-06-04 00:20:00,Short,2351.06,2351.2525000000005,-0.1925000000005639,SL Hit,2351.2525000000005,1,1430.574999999981,5.0,0.849999999999909,-0.42000000000007276
2024-06-04 00:55:00,2024-06-04 01:00:00,Short,2350.66,2350.7699999999995,-0.10999999999967258,SL Hit,2350.7699999999995,1,1430.4649999999813,5.0,1.4700000000002547,-0.4499999999998181
2024-06-04 03:25:00,2024-06-04 04:00:00,Short,2345.5649999999996,2346.08,-1.0300000000006548,SL Hit,2346.08,2,1429.4349999999806,35.0,0.8450000000002547,-1.514999999999418
2024-06-04 05:55:00,2024-06-04 06:00:00,Short,2347.56,2348.5774999999994,-1.0174999999994725,SL Hit,2348.5774999999994,1,1428.4174999999811,5.0,3.2600000000002183,-0.2300000000000182
2024-06-04 06:40:00,2024-06-04 09:45:00,Short,2339.2349999999997,2331.81,29.69999999999891,SL Hit,2331.81,4,1458.11749999998,185.0,9.25500000000011,-12.074999999999818
2024-06-04 12:20:00,2024-06-04 13:35:00,Long,2331.385,2331.68,0.589999999999236,SL Hit,2331.68,2,1458.7074999999793,75.0,-2.5350000000003092,6.3849999999997635
2024-06-04 17:15:00,2024-06-04 17:20:00,Long,2326.35,2325.3599999999997,-0.9900000000002365,SL Hit,2325.3599999999997,1,1457.717499999979,5.0,-1.0399999999999636,0.47000000000025466
2024-06-04 18:35:00,2024-06-04 18:50:00,Short,2327.46,2327.7349999999997,-0.2749999999996362,SL Hit,2327.7349999999997,1,1457.4424999999794,15.0,0.3400000000001455,-1.3699999999998909
2024-06-04 20:50:00,2024-06-04 23:20:00,Long,2327.2019999999998,2327.38,0.8900000000016917,SL Hit,2327.38,5,1458.332499999981,150.0,-1.0019999999999527,1.0580000000004475
2024-06-05 00:30:00,2024-06-05 00:35:00,Long,2328.69,2328.69,0.0,SL Hit,2328.69,1,1458.332499999981,5.0,-0.05999999999994543,0.5099999999997635
2024-06-05 01:00:00,2024-06-05 01:45:00,Short,2327.97,2329.125,-1.1550000000002,SL Hit,2329.125,1,1457.177499999981,45.0,2.0300000000002,-2.1299999999996544
2024-06-05 01:50:00,2024-06-05 06:05:00,Long,2333.625,2335.5,7.5,SL Hit,2335.5,4,1464.677499999981,255.0,-4.925000000000182,7.9050000000002
2024-06-05 07:00:00,2024-06-05 07:20:00,Long,2332.695,2331.05,-3.2899999999999636,SL Hit,2331.05,2,1461.387499999981,20.0,-2.275000000000091,0.8550000000000182
2024-06-05 08:50:00,2024-06-05 08:55:00,Long,2333.61,2332.8949999999995,-0.7150000000006003,SL Hit,2332.8949999999995,1,1460.6724999999803,5.0,-1.6400000000003274,0.15999999999985448
2024-06-05 11:55:00,2024-06-05 12:10:00,Short,2332.85,2334.225,-1.375,SL Hit,2334.225,1,1459.2974999999803,15.0,2.5,-2.75
2024-06-05 12:20:00,2024-06-05 13:45:00,Long,2338.5866666666666,2339.74,3.4599999999995816,SL Hit,2339.74,3,1462.75749999998,85.0,-4.336666666666588,6.203333333333376
2024-06-05 15:20:00,2024-06-05 16:55:00,Long,2352.79,2351.75,-4.1599999999998545,SL Hit,2351.75,4,1458.59749999998,95.0,-2.5399999999999636,4.329999999999927
2024-06-05 17:00:00,2024-06-05 17:05:00,Short,2352.7,2352.7,0.0,SL Hit,2352.7,1,1458.59749999998,5.0,1.150000000000091,-1.0299999999997453
2024-06-05 17:15:00,2024-06-05 17:20:00,Long,2353.27,2353.27,0.0,SL Hit,2353.27,1,1458.59749999998,5.0,-0.32999999999992724,1.400000000000091
2024-06-05 17:25:00,2024-06-05 17:40:00,Long,2354.08,2352.94,-2.2799999999997453,SL Hit,2352.94,2,1456.3174999999803,15.0,-1.8899999999998727,1.5399999999999636
2024-06-05 18:30:00,2024-06-05 19:30:00,Long,2355.54,2354.38,-2.319999999999709,SL Hit,2354.38,2,1453.9974999999806,60.0,-1.9699999999998,0.8200000000001637
2024-06-05 23:25:00,2024-06-06 00:20:00,Short,2355.3733333333334,2355.45,-0.2299999999991087,SL Hit,2355.45,3,1453.7674999999815,55.0,1.0566666666663878,-1.0733333333332666
2024-06-06 04:15:00,2024-06-06 04:20:00,Short,2367.94,2367.94,0.0,SL Hit,2367.94,1,1453.7674999999815,5.0,0.5199999999999818,-1.0399999999999636
2024-06-06 05:25:00,2024-06-06 05:30:00,Short,2368.71,2368.875,-0.16499999999996362,SL Hit,2368.875,1,1453.6024999999815,5.0,0.21000000000003638,-1.2200000000002547
2024-06-06 05:40:00,2024-06-06 08:55:00,Short,2365.004,2362.82,10.919999999998709,SL Hit,2362.82,5,1464.5224999999803,195.0,4.33600000000024,-4.8840000000000146
2024-06-06 11:20:00,2024-06-06 11:25:00,Long,2360.1,2359.7424999999994,-0.3575000000005275,SL Hit,2359.7424999999994,1,1464.1649999999797,5.0,-0.5,1.5300000000002
2024-06-06 11:40:00,2024-06-06 11:55:00,Long,2360.91,2358.9024999999997,-2.0075000000001637,SL Hit,2358.9024999999997,1,1462.1574999999796,15.0,-2.6099999999996726,0.14000000000032742
2024-06-06 12:00:00,2024-06-06 12:20:00,Short,2359.72,2360.4350000000004,-0.7150000000006003,SL Hit,2360.4350000000004,1,1461.442499999979,20.0,1.2300000000000182,-2.4699999999998
2024-06-06 12:50:00,2024-06-06 13:20:00,Short,2358.28,2358.5824999999995,-0.302499999999327,SL Hit,2358.5824999999995,1,1461.1399999999796,30.0,0.7099999999995816,-4.360000000000127
2024-06-06 14:30:00,2024-06-06 17:15:00,Long,2368.78,2371.08,9.199999999998909,SL Hit,2371.08,4,1470.3399999999785,165.0,-6.450000000000273,9.389999999999873
2024-06-06 17:20:00,2024-06-06 17:30:00,Short,2372.69,2373.1025000000004,-0.4125000000003638,SL Hit,2373.1025000000004,1,1469.9274999999782,10.0,0.599999999999909,-1.6700000000000728
2024-06-06 18:50:00,2024-06-06 18:55:00,Long,2372.2,2371.787500000001,-0.41249999999899956,SL Hit,2371.787500000001,1,1469.5149999999792,5.0,-1.199999999999818,0.4800000000000182
2024-06-07 00:15:00,2024-06-07 00:25:00,Long,2377.2,2376.3475,-0.8524999999999636,SL Hit,2376.3475,1,1468.6624999999792,10.0,-0.8899999999998727,0.8400000000001455
2024-06-07 00:50:00,2024-06-07 01:10:00,Long,2378.1800000000003,2375.8,-4.760000000000218,SL Hit,2375.8,2,1463.902499999979,20.0,-4.540000000000418,1.6499999999996362
2024-06-07 04:25:00,2024-06-07 05:10:00,Long,2384.7349999999997,2384.53,-0.409999999998945,SL Hit,2384.53,2,1463.49249999998,45.0,-3.0949999999998,2.755000000000109
2024-06-07 06:25:00,2024-06-07 06:30:00,Short,2375.04,2375.04,0.0,SL Hit,2375.04,1,1463.49249999998,5.0,0.15999999999985448,-2.8400000000001455
2024-06-07 09:15:00,2024-06-07 11:25:00,Short,2336.8533333333335,2334.84,6.039999999999964,SL Hit,2334.84,3,1469.53249999998,130.0,7.286666666666406,-5.973333333333358
2024-06-07 11:30:00,2024-06-07 12:25:00,Long,2335.0400000000004,2332.86,-6.540000000000873,SL Hit,2332.86,3,1462.9924999999791,55.0,-4.130000000000564,4.1799999999993815
2024-06-10 01:40:00,2024-06-10 02:35:00,Long,2298.19,2296.2,-3.980000000000473,SL Hit,2296.2,2,1459.0124999999787,55.0,-2.5900000000001455,1.6599999999998545
2024-06-10 02:50:00,2024-06-10 03:05:00,Short,2296.65,2297.1725,-0.5225000000000364,SL Hit,2297.1725,1,1458.4899999999786,15.0,0.9299999999998363,-1.849999999999909
2024-06-10 05:15:00,2024-06-10 05:20:00,Short,2293.7,2293.7,0.0,SL Hit,2293.7,1,1458.4899999999786,5.0,1.9200000000000728,-1.4399999999995998
2024-06-10 06:10:00,2024-06-10 07:20:00,Short,2292.133333333333,2294.02,-5.660000000000309,SL Hit,2294.02,3,1452.8299999999783,70.0,4.226666666666915,-4.39333333333343
2024-06-10 07:25:00,2024-06-10 08:50:00,Long,2295.66,2294.94,-2.1599999999993997,SL Hit,2294.94,3,1450.669999999979,85.0,-1.8999999999996362,1.6400000000003274
2024-06-10 10:05:00,2024-06-10 10:15:00,Short,2296.88,2297.2375,-0.35750000000007276,SL Hit,2297.2375,1,1450.3124999999789,10.0,0.4699999999997999,-1.5100000000002183
2024-06-10 10:20:00,2024-06-10 13:25:00,Long,2300.9460000000004,2304.83,19.4199999999978,SL Hit,2304.83,5,1469.7324999999767,185.0,-5.846000000000458,7.443999999999505
2024-06-10 15:00:00,2024-06-10 15:10:00,Short,2303.45,2303.45,0.0,SL Hit,2303.45,1,1469.7324999999767,10.0,1.2000000000002728,-1.8999999999996362
2024-06-10 16:10:00,2024-06-10 17:20:00,Long,2311.24,2311.0,-0.7199999999993452,SL Hit,2311.0,3,1469.0124999999773,70.0,-3.25,2.2600000000002183
2024-06-10 19:05:00,2024-06-10 19:25:00,Long,2311.23,2311.23,0.0,SL Hit,2311.23,1,1469.0124999999773,20.0,-0.32999999999992724,0.7699999999999818
2024-06-10 20:50:00,2024-06-10 22:05:00,Long,2309.97,2309.695,-0.2749999999996362,SL Hit,2309.695,1,1468.7374999999777,75.0,-0.569999999999709,1.9900000000002365
2024-06-11 00:25:00,2024-06-11 00:35:00,Short,2309.2799999999997,2309.99,-1.4200000000000728,SL Hit,2309.99,2,1467.3174999999776,10.0,0.9200000000000728,-0.6799999999998363
2024-06-11 00:40:00,2024-06-11 01:00:00,Long,2309.5,2308.6,-1.800000000000182,SL Hit,2308.6,2,1465.5174999999774,20.0,-5.039999999999964,2.2899999999999636
2024-06-11 01:55:00,2024-06-11 03:15:00,Short,2302.88,2303.41,-1.0599999999994907,SL Hit,2303.41,2,1464.457499999978,80.0,0.7899999999999636,-4.079999999999927
2024-06-11 07:35:00,2024-06-11 07:40:00,Long,2303.73,2303.4550000000004,-0.2749999999996362,SL Hit,2303.4550000000004,1,1464.1824999999783,5.0,-0.7600000000002183,0.8200000000001637
2024-06-11 07:55:00,2024-06-11 09:10:00,Long,2305.0933333333337,2305.09,-0.010000000000673026,SL Hit,2305.09,3,1464.1724999999776,75.0,-2.2933333333335213,2.4766666666664605
2024-06-11 13:45:00,2024-06-11 14:00:00,Short,2313.76,2315.024999999999,-1.2649999999989632,SL Hit,2315.024999999999,1,1462.9074999999787,15.0,2.8299999999999272,-2.1100000000001273
2024-06-11 15:10:00,2024-06-11 15:35:00,Short,2313.87,2313.87,0.0,SL Hit,2313.87,1,1462.9074999999787,25.0,0.3000000000001819,-3.1099999999996726
2024-06-11 15:55:00,2024-06-11 17:35:00,Short,2310.06,2311.35,-3.869999999999891,SL Hit,2311.35,3,1459.0374999999788,100.0,2.0399999999999636,-4.079999999999927
2024-06-11 17:45:00,2024-06-11 19:30:00,Long,2312.21,2312.8,1.180000000000291,SL Hit,2312.8,2,1460.217499999979,105.0,-1.2300000000000182,3.0799999999999272
2024-06-11 19:40:00,2024-06-11 19:45:00,Short,2313.78,2314.6049999999996,-0.8249999999993634,SL Hit,2314.6049999999996,1,1459.3924999999797,5.0,1.169999999999618,-0.15000000000009095
2024-06-11 22:05:00,2024-06-11 22:35:00,Short,2316.26,2316.26,0.0,SL Hit,2316.26,1,1459.3924999999797,30.0,0.09999999999990905,-1.3600000000001273
2024-06-12 02:40:00,2024-06-12 02:45:00,Short,2313.1,2313.1,0.0,SL Hit,2313.1,1,1459.3924999999797,5.0,0.36999999999989086,-0.9200000000000728
2024-06-12 03:25:00,2024-06-12 03:45:00,Long,2315.2,2315.0625000000005,-0.13749999999936335,SL Hit,2315.0625000000005,1,1459.2549999999803,20.0,-0.23999999999978172,0.9200000000000728
2024-06-12 04:30:00,2024-06-12 05:30:00,Short,2313.633333333333,2313.67,-0.11000000000058208,SL Hit,2313.67,3,1459.1449999999797,60.0,0.49666666666689707,-1.633333333333212
2024-06-12 05:40:00,2024-06-12 07:20:00,Long,2313.9966666666664,2313.3,-2.0899999999987813,SL Hit,2313.3,3,1457.054999999981,100.0,-1.9266666666662786,3.5533333333337396
2024-06-12 11:30:00,2024-06-12 12:15:00,Short,2313.2233333333334,2313.67,-1.3400000000001455,SL Hit,2313.67,3,1455.7149999999808,45.0,1.5966666666668061,-1.6233333333334485
2024-06-12 12:20:00,2024-06-12 12:30:00,Long,2314.18,2311.6,-5.1599999999998545,SL Hit,2311.6,2,1450.554999999981,10.0,-3.2199999999998,14.0300000000002
2024-06-12 16:20:00,2024-06-12 17:30:00,Long,2336.7599999999998,2335.61,-3.4499999999989086,SL Hit,2335.61,3,1447.104999999982,70.0,-2.2599999999997635,2.730000000000018
2024-06-12 20:45:00,2024-06-12 20:55:00,Long,2323.92,2323.2599999999993,-0.660000000000764,SL Hit,2323.2599999999993,1,1446.4449999999813,10.0,-1.5199999999999818,0.900000000000091
2024-06-12 22:25:00,2024-06-13 00:30:00,Short,2321.835,2321.95,-0.22999999999956344,SL Hit,2321.95,2,1446.2149999999817,125.0,1.1149999999997817,-4.835000000000036
2024-06-13 03:55:00,2024-06-13 04:00:00,Short,2314.28,2314.555,-0.2749999999996362,SL Hit,2314.555,1,1445.939999999982,5.0,0.31999999999970896,-0.38000000000010914
2024-06-13 06:40:00,2024-06-13 08:35:00,Long,2314.942,2314.5,-2.2100000000000364,SL Hit,2314.5,5,1443.729999999982,115.0,-2.262000000000171,3.3479999999999563
2024-06-13 08:50:00,2024-06-13 08:55:00,Short,2315.61,2315.61,0.0,SL Hit,2315.61,1,1443.729999999982,5.0,0.13999999999987267,-0.9500000000002728
2024-06-13 11:15:00,2024-06-13 12:30:00,Short,2310.1499999999996,2309.58,1.139999999999418,SL Hit,2309.58,2,1444.8699999999815,75.0,9.550000000000182,-5.4099999999998545
2024-06-13 15:00:00,2024-06-13 15:05:00,Long,2313.4,2312.959999999999,-0.44000000000096406,SL Hit,2312.959999999999,1,1444.4299999999805,5.0,-2.200000000000273,3.4200000000000728
2024-06-13 17:55:00,2024-06-13 18:40:00,Short,2301.79,2302.5600000000004,-0.7700000000004366,SL Hit,2302.5600000000004,1,1443.65999999998,45.0,1.0799999999999272,-1.7100000000000364
2024-06-13 22:35:00,2024-06-14 00:00:00,Short,2303.1000000000004,2303.05,0.1000000000003638,SL Hit,2303.05,2,1443.7599999999804,85.0,0.3599999999996726,-2.100000000000364
2024-06-14 04:10:00,2024-06-14 04:30:00,Short,2304.38,2305.2049999999995,-0.8249999999993634,SL Hit,2305.2049999999995,1,1442.934999999981,20.0,1.449999999999818,-1.180000000000291
2024-06-14 05:00:00,2024-06-14 07:10:00,Long,2309.56,2310.69,3.3900000000003274,SL Hit,2310.69,3,1446.3249999999814,130.0,-4.6599999999998545,3.519999999999982
2024-06-14 12:55:00,2024-06-14 13:10:00,Long,2330.17,2328.9324999999994,-1.2375000000006366,SL Hit,2328.9324999999994,1,1445.0874999999808,15.0,-2.369999999999891,1.2199999999998
2024-06-14 13:45:00,2024-06-14 14:50:00,Long,2330.645,2328.48,-4.329999999999927,SL Hit,2328.48,2,1440.7574999999808,65.0,-2.175000000000182,4.184999999999945
2024-06-14 15:35:00,2024-06-14 16:00:00,Short,2326.145,2327.23,-2.1700000000000728,SL Hit,2327.23,2,1438.5874999999808,25.0,1.8550000000000182,-2.025000000000091
2024-06-14 17:15:00,2024-06-14 19:00:00,Long,2333.2174999999997,2332.9,-1.2699999999986176,SL Hit,2332.9,4,1437.3174999999821,105.0,-2.8774999999996,1.712500000000091
2024-06-14 19:10:00,2024-06-14 19:15:00,Short,2332.97,2332.97,0.0,SL Hit,2332.97,1,1437.3174999999821,5.0,0.2699999999999818,-0.6899999999995998
2024-06-16 23:15:00,2024-06-16 23:30:00,Short,2328.26,2328.26,0.0,SL Hit,2328.26,1,1437.3174999999821,15.0,0.9399999999995998,-1.5600000000004002
2024-06-17 00:35:00,2024-06-17 01:00:00,Long,2326.04,2325.3800000000006,-0.6599999999993997,SL Hit,2325.3800000000006,1,1436.6574999999827,25.0,-3.3899999999998727,0.8800000000001091
2024-06-17 02:40:00,2024-06-17 03:50:00,Short,2322.4,2322.84,-1.3200000000001637,SL Hit,2322.84,3,1435.3374999999826,70.0,2.319999999999709,-1.2000000000002728
2024-06-17 04:35:00,2024-06-17 04:50:00,Long,2323.855,2323.7,-0.3100000000004002,SL Hit,2323.7,2,1435.0274999999822,15.0,-0.9349999999999454,1.9549999999999272
2024-06-17 05:30:00,2024-06-17 07:05:00,Short,2319.36,2318.98,1.1400000000003274,SL Hit,2318.98,3,1436.1674999999825,95.0,2.1099999999996726,-3.7400000000002365
2024-06-17 09:40:00,2024-06-17 10:05:00,Short,2320.145,2320.84,-1.3900000000003274,SL Hit,2320.84,2,1434.7774999999822,25.0,1.3550000000000182,-0.9549999999999272
2024-06-17 11:40:00,2024-06-17 11:45:00,Short,2320.21,2320.21,0.0,SL Hit,2320.21,1,1434.7774999999822,5.0,0.42000000000007276,-1.8099999999999454
2024-06-17 13:05:00,2024-06-17 13:40:00,Long,2320.54,2320.54,0.0,SL Hit,2320.54,1,1434.7774999999822,35.0,-0.7599999999997635,5.320000000000164
2024-06-17 14:10:00,2024-06-17 14:15:00,Short,2320.08,2320.9050000000007,-0.8250000000007276,SL Hit,2320.9050000000007,1,1433.9524999999815,5.0,1.6700000000000728,-0.7599999999997635
2024-06-17 15:15:00,2024-06-17 16:35:00,Short,2318.375,2315.63,5.489999999999782,SL Hit,2315.63,2,1439.4424999999812,80.0,4.684999999999945,-8.644999999999982
2024-06-17 17:55:00,2024-06-17 18:35:00,Long,2316.59,2316.0125,-0.5775000000003274,SL Hit,2316.0125,1,1438.864999999981,40.0,-1.1900000000000546,1.2100000000000364
2024-06-17 19:20:00,2024-06-17 20:25:00,Long,2319.36,2318.8,-1.6799999999998363,SL Hit,2318.8,3,1437.184999999981,65.0,-1.650000000000091,1.2100000000000364
2024-06-17 20:30:00,2024-06-17 22:00:00,Short,2318.68,2319.587500000001,-0.9075000000011642,SL Hit,2319.587500000001,1,1436.27749999998,90.0,1.430000000000291,-1.2799999999997453
2024-06-17 22:25:00,2024-06-17 23:05:00,Long,2320.4849999999997,2319.2,-2.569999999999709,SL Hit,2319.2,2,1433.7074999999802,40.0,-1.3049999999998363,0.4650000000001455
2024-06-17 23:15:00,2024-06-17 23:20:00,Short,2319.27,2319.27,0.0,SL Hit,2319.27,1,1433.7074999999802,5.0,0.2800000000002001,-0.3200000000001637
2024-06-18 01:10:00,2024-06-18 01:15:00,Long,2322.17,2320.7674999999995,-1.4025000000006003,SL Hit,2320.7674999999995,1,1432.3049999999796,5.0,-2.019999999999982,0.21000000000003638
2024-06-18 01:35:00,2024-06-18 03:20:00,Long,2322.6220000000003,2323.2,2.889999999997599,SL Hit,2323.2,5,1435.1949999999772,105.0,-3.3220000000001164,2.8679999999994834
2024-06-18 06:10:00,2024-06-18 06:20:00,Short,2321.34,2321.34,0.0,SL Hit,2321.34,1,1435.1949999999772,10.0,0.25999999999976353,-1.3900000000003274
2024-06-18 09:10:00,2024-06-18 09:25:00,Long,2313.4,2312.2999999999997,-1.1000000000003638,SL Hit,2312.2999999999997,1,1434.0949999999768,15.0,-2.5,0.6700000000000728
2024-06-18 13:35:00,2024-06-18 14:40:00,Long,2320.68,2322.78,6.300000000001091,SL Hit,2322.78,3,1440.394999999978,65.0,-5.819999999999709,6.670000000000073
2024-06-18 15:25:00,2024-06-18 16:45:00,Long,2326.295,2326.5,0.4099999999998545,SL Hit,2326.5,2,1440.8049999999778,80.0,-2.724999999999909,3.275000000000091
2024-06-18 17:05:00,2024-06-18 17:50:00,Long,2330.6949999999997,2328.36,-4.669999999999163,SL Hit,2328.36,2,1436.1349999999786,45.0,-2.3649999999997817,1.9350000000004002
2024-06-18 17:55:00,2024-06-18 18:25:00,Short,2329.05,2329.81,-1.519999999999527,SL Hit,2329.81,2,1434.614999999979,30.0,1.0299999999997453,-1.430000000000291
2024-06-18 20:45:00,2024-06-18 22:00:00,Short,2329.06,2329.06,0.0,SL Hit,2329.06,1,1434.614999999979,75.0,0.6900000000000546,-0.5700000000001637
2024-06-18 22:30:00,2024-06-18 22:40:00,Short,2328.54,2328.87,-0.32999999999992724,SL Hit,2328.87,1,1434.2849999999792,10.0,0.7200000000002547,-1.8400000000001455
2024-06-18 23:45:00,2024-06-19 00:25:00,Long,2328.875,2327.99,-1.7700000000004366,SL Hit,2327.99,2,1432.5149999999787,40.0,-0.8949999999999818,0.6350000000002183
2024-06-19 00:30:00,2024-06-19 00:35:00,Short,2328.16,2328.545000000001,-0.3850000000011278,SL Hit,2328.545000000001,1,1432.1299999999776,5.0,1.3800000000001091,-0.10999999999967258
2024-06-19 01:00:00,2024-06-19 01:05:00,Long,2329.26,2327.8574999999996,-1.4025000000006003,SL Hit,2327.8574999999996,1,1430.727499999977,5.0,-1.930000000000291,0.3799999999996544
2024-06-19 02:25:00,2024-06-19 02:30:00,Long,2330.22,2330.22,0.0,SL Hit,2330.22,1,1430.727499999977,5.0,-0.08999999999969077,0.5400000000004184
2024-06-19 03:10:00,2024-06-19 03:15:00,Long,2330.71,2326.8325000000004,-3.8774999999996,Bearish Trade Reversal,2326.8325000000004,1,1426.8499999999774,5.0,-1.4099999999998545,0.6399999999998727
2024-06-19 03:15:00,2024-06-19 04:45:00,Short,2329.385,2328.17,2.430000000000291,SL Hit,2328.17,2,1429.2799999999777,90.0,1.8949999999999818,-2.3850000000002183
2024-06-19 05:25:00,2024-06-19 05:30:00,Long,2328.22,2327.835,-0.38499999999976353,SL Hit,2327.835,1,1428.894999999978,5.0,-0.6299999999996544,0.25
2024-06-19 08:00:00,2024-06-19 09:05:00,Long,2331.89,2331.3,-1.1799999999993815,SL Hit,2331.3,2,1427.7149999999785,65.0,-2.049999999999727,2.8700000000003456
2024-06-19 10:30:00,2024-06-19 10:45:00,Long,2328.53,2328.364999999999,-0.16500000000132786,SL Hit,2328.364999999999,1,1427.5499999999772,15.0,-0.18000000000029104,0.9800000000000182
2024-06-19 11:05:00,2024-06-19 11:15:00,Short,2326.78,2327.22,-0.4399999999995998,SL Hit,2327.22,1,1427.1099999999776,10.0,0.5099999999997635,-0.5700000000001637
2024-06-19 11:45:00,2024-06-19 12:25:00,Long,2329.205,2328.0,-2.4099999999998545,SL Hit,2328.0,2,1424.6999999999778,40.0,-1.9949999999998909,3.5650000000000546
2024-06-19 13:30:00,2024-06-19 13:35:00,Long,2329.44,2328.6699999999996,-0.7700000000004366,SL Hit,2328.6699999999996,1,1423.9299999999773,5.0,-1.1300000000001091,0.2899999999999636
2024-06-19 18:00:00,2024-06-19 22:20:00,Short,2329.71,2329.9575000000004,-0.24750000000040018,SL Hit,2329.9575000000004,1,1423.682499999977,260.0,0.4499999999998181,-4.75
2024-06-19 22:35:00,2024-06-19 22:45:00,Short,2329.83,2329.8575000000005,-0.027500000000600267,SL Hit,2329.8575000000005,1,1423.6549999999763,10.0,0.03000000000020009,-1.1300000000001091
2024-06-20 00:25:00,2024-06-20 00:55:00,Short,2328.53,2328.8324999999995,-0.302499999999327,SL Hit,2328.8324999999995,1,1423.352499999977,30.0,1.1199999999998909,-1.1300000000001091
2024-06-20 03:10:00,2024-06-20 03:15:00,Short,2333.6,2333.6,0.0,SL Hit,2333.6,1,1423.352499999977,5.0,0.47000000000025466,-1.2999999999997272
2024-06-20 04:05:00,2024-06-20 07:05:00,Long,2339.154,2341.7,12.729999999999109,SL Hit,2341.7,5,1436.082499999976,180.0,-6.054000000000087,5.846000000000004
2024-06-20 12:30:00,2024-06-20 12:35:00,Long,2340.31,2339.3199999999997,-0.9900000000002365,SL Hit,2339.3199999999997,1,1435.0924999999759,5.0,-2.5799999999999272,2.0799999999999272
2024-06-20 14:40:00,2024-06-20 15:15:00,Long,2357.19,2357.19,0.0,SL Hit,2357.19,1,1435.0924999999759,35.0,-0.2800000000002001,7.9099999999998545
2024-06-20 17:05:00,2024-06-20 19:35:00,Long,2357.5225,2358.18,2.6299999999991996,SL Hit,2358.18,4,1437.722499999975,150.0,-2.9524999999998727,3.3274999999998727
2024-06-20 20:15:00,2024-06-20 20:40:00,Short,2358.735,2358.97,-0.46999999999934516,SL Hit,2358.97,2,1437.2524999999757,25.0,0.3550000000000182,-0.36500000000023647
2024-06-20 22:10:00,2024-06-20 22:20:00,Long,2357.5,2357.5,0.0,Bearish Trade Reversal,2357.5,1,1437.2524999999757,10.0,-0.1999999999998181,2.1700000000000728
2024-06-20 22:20:00,2024-06-20 22:30:00,Short,2358.605,2359.67,-2.130000000000109,SL Hit,2359.67,2,1435.1224999999756,10.0,1.1550000000002,-1.3049999999998363
2024-06-21 02:35:00,2024-06-21 03:15:00,Short,2359.43,2359.53,-0.2000000000007276,SL Hit,2359.53,2,1434.922499999975,40.0,1.2400000000002365,-1.4299999999998363
2024-06-21 05:20:00,2024-06-21 05:30:00,Long,2363.145,2362.1,-2.0900000000001455,SL Hit,2362.1,2,1432.8324999999747,10.0,-1.4450000000001637,0.3949999999999818
2024-06-21 07:35:00,2024-06-21 09:25:00,Long,2362.6600000000003,2364.2,6.1599999999980355,SL Hit,2364.2,4,1438.9924999999728,110.0,-4.190000000000509,5.1899999999996
2024-06-21 10:10:00,2024-06-21 10:20:00,Short,2362.61,2362.61,0.0,SL Hit,2362.61,1,1438.9924999999728,10.0,0.6900000000000546,-1.6100000000001273
2024-06-21 14:30:00,2024-06-21 14:35:00,Short,2335.66,2337.8600000000006,-2.2000000000007276,SL Hit,2337.8600000000006,1,1436.792499999972,5.0,2.5599999999999454,-4.319999999999709
2024-06-21 14:55:00,2024-06-21 15:05:00,Short,2331.23,2332.2474999999995,-1.0174999999994725,SL Hit,2332.2474999999995,1,1435.7749999999726,10.0,1.8899999999998727,-1.7300000000000182
2024-06-21 17:00:00,2024-06-21 18:20:00,Short,2321.1733333333336,2319.26,5.7400000000002365,SL Hit,2319.26,3,1441.5149999999728,80.0,3.586666666666588,-4.0233333333335395
2024-06-21 19:50:00,2024-06-21 19:55:00,Short,2322.12,2322.12,0.0,SL Hit,2322.12,1,1441.5149999999728,5.0,0.2800000000002001,-0.6900000000000546
2024-06-21 20:30:00,2024-06-21 20:45:00,Short,2321.15,2321.232499999999,-0.08249999999907232,SL Hit,2321.232499999999,1,1441.4324999999737,15.0,0.13999999999987267,-1.349999999999909
2024-06-23 23:25:00,2024-06-24 00:05:00,Short,2320.02,2320.5975,-0.5774999999998727,SL Hit,2320.5975,1,1440.8549999999739,40.0,0.6100000000001273,-3.2199999999998
2024-06-24 03:10:00,2024-06-24 03:35:00,Long,2324.86,2324.2275,-0.6325000000001637,SL Hit,2324.2275,1,1440.2224999999737,25.0,-0.6600000000003092,1.6099999999996726
2024-06-24 03:55:00,2024-06-24 04:00:00,Short,2325.27,2325.4625000000005,-0.1925000000005639,SL Hit,2325.4625000000005,1,1440.0299999999731,5.0,0.25,-0.4499999999998181
2024-06-24 04:45:00,2024-06-24 05:00:00,Short,2324.86,2324.86,0.0,SL Hit,2324.86,1,1440.0299999999731,15.0,0.4099999999998545,-0.8200000000001637
2024-06-24 07:20:00,2024-06-24 09:00:00,Long,2327.7200000000003,2329.2,2.959999999999127,SL Hit,2329.2,2,1442.9899999999723,100.0,-3.6200000000003456,4.879999999999654
2024-06-24 09:05:00,2024-06-24 09:20:00,Short,2329.67,2329.67,0.0,SL Hit,2329.67,1,1442.9899999999723,15.0,0.7199999999997999,-3.619999999999891
2024-06-24 12:55:00,2024-06-24 15:25:00,Long,2328.575,2330.12,6.180000000000291,SL Hit,2330.12,4,1449.1699999999726,150.0,-2.5349999999998545,4.914999999999964
2024-06-24 15:30:00,2024-06-24 16:30:00,Short,2330.05,2329.72,0.660000000000764,SL Hit,2329.72,2,1449.8299999999733,60.0,1.2999999999997272,-3.200000000000273
2024-06-24 18:20:00,2024-06-24 18:25:00,Long,2332.8,2332.8,0.0,SL Hit,2332.8,1,1449.8299999999733,5.0,-0.1000000000003638,1.0799999999999272
2024-06-24 22:20:00,2024-06-24 22:25:00,Short,2332.82,2333.1774999999993,-0.35749999999916326,SL Hit,2333.1774999999993,1,1449.4724999999742,5.0,0.5,-0.5199999999999818
2024-06-25 00:10:00,2024-06-25 00:20:00,Short,2329.66,2329.935000000001,-0.27500000000100044,SL Hit,2329.935000000001,1,1449.1974999999732,10.0,0.40000000000009095,-0.7599999999997635
2024-06-25 01:05:00,2024-06-25 01:20:00,Long,2330.06,2328.3274999999994,-1.7325000000005275,SL Hit,2328.3274999999994,1,1447.4649999999726,15.0,-2.6100000000001273,0.11999999999989086
2024-06-25 03:05:00,2024-06-25 03:15:00,Long,2326.86,2326.6400000000003,-0.2199999999997999,SL Hit,2326.6400000000003,1,1447.2449999999728,10.0,-0.36000000000012733,1.199999999999818
2024-06-25 08:45:00,2024-06-25 11:05:00,Long,2331.71,2333.93,8.8799999999992,SL Hit,2333.93,4,1456.124999999972,140.0,-4.470000000000255,5.2199999999998
2024-06-25 12:35:00,2024-06-25 14:20:00,Short,2324.273333333333,2325.87,-4.790000000000418,SL Hit,2325.87,3,1451.3349999999716,105.0,4.506666666667115,-4.36333333333323
2024-06-25 17:00:00,2024-06-25 17:35:00,Short,2317.82,2319.3050000000003,-1.4850000000001273,SL Hit,2319.3050000000003,1,1449.8499999999715,35.0,1.9299999999998363,-0.9700000000002547
2024-06-25 17:40:00,2024-06-25 17:50:00,Long,2319.17,2318.9500000000003,-0.2199999999997999,SL Hit,2318.9500000000003,1,1449.6299999999717,10.0,-0.8899999999998727,0.5599999999999454
2024-06-25 18:20:00,2024-06-25 18:30:00,Short,2318.73,2318.73,0.0,SL Hit,2318.73,1,1449.6299999999717,10.0,0.9099999999998545,-1.9299999999998363
2024-06-25 19:45:00,2024-06-25 19:55:00,Short,2319.44,2319.7149999999997,-0.2749999999996362,SL Hit,2319.7149999999997,1,1449.354999999972,10.0,0.34999999999990905,-0.1799999999998363
2024-06-25 22:00:00,2024-06-25 23:20:00,Long,2319.513333333334,2318.6,-2.7400000000016007,SL Hit,2318.6,3,1446.6149999999705,80.0,-1.213333333333594,1.5466666666661695
2024-06-25 23:25:00,2024-06-25 23:35:00,Short,2319.16,2319.325,-0.16499999999996362,SL Hit,2319.325,1,1446.4499999999705,10.0,0.3000000000001819,-0.34999999999990905
2024-06-26 00:15:00,2024-06-26 00:20:00,Short,2322.82,2322.82,0.0,Bullish Trade Reversal,2322.82,1,1446.4499999999705,5.0,-0.0,-3.8900000000003274
2024-06-26 00:20:00,2024-06-26 00:35:00,Long,2319.45,2318.61,-1.6799999999993815,SL Hit,2318.61,2,1444.769999999971,15.0,-1.5499999999997272,1.2400000000002365
2024-06-26 00:40:00,2024-06-26 00:45:00,Short,2319.2,2319.2,0.0,SL Hit,2319.2,1,1444.769999999971,5.0,0.010000000000218279,-0.4800000000000182
2024-06-26 03:50:00,2024-06-26 04:25:00,Short,2317.26,2317.46,-0.3999999999996362,SL Hit,2317.46,2,1444.3699999999715,35.0,0.669999999999618,-1.3600000000001273
2024-06-26 04:30:00,2024-06-26 05:05:00,Short,2316.443333333333,2316.97,-1.5799999999999272,SL Hit,2316.97,3,1442.7899999999715,35.0,0.9166666666669698,-1.2433333333333394
2024-06-26 05:35:00,2024-06-26 08:25:00,Short,2315.618,2316.02,-2.0100000000002183,SL Hit,2316.02,5,1440.7799999999713,170.0,2.0520000000001346,-5.958000000000084
2024-06-26 09:45:00,2024-06-26 14:50:00,Short,2308.7339999999995,2299.34,46.96999999999662,SL Hit,2299.34,5,1487.749999999968,305.0,9.016000000000531,-14.47399999999925
2024-06-26 15:00:00,2024-06-26 18:40:00,Long,2300.05,2299.5,-2.7500000000009095,SL Hit,2299.5,5,1484.999999999967,220.0,-3.7899999999999636,3.599999999999909
2024-06-27 05:15:00,2024-06-27 05:35:00,Short,2299.54,2299.6775000000007,-0.1375000000007276,SL Hit,2299.6775000000007,1,1484.8624999999663,20.0,0.5700000000001637,-1.9400000000000546
2024-06-27 10:00:00,2024-06-27 13:40:00,Long,2317.5783333333334,2320.01,14.590000000001055,SL Hit,2320.01,6,1499.4524999999674,220.0,-5.478333333333467,6.651666666666642
2024-06-27 14:00:00,2024-06-27 14:20:00,Long,2323.13,2323.13,0.0,SL Hit,2323.13,1,1499.4524999999674,20.0,-0.07999999999992724,7.179999999999836
2024-06-27 15:20:00,2024-06-27 15:25:00,Long,2328.97,2328.7775000000006,-0.19249999999919964,SL Hit,2328.7775000000006,1,1499.2599999999682,5.0,-3.1399999999998727,1.4400000000000546
2024-06-27 16:25:00,2024-06-27 17:15:00,Short,2325.8050000000003,2326.45,-1.2899999999990541,SL Hit,2326.45,2,1497.969999999969,50.0,1.1649999999995089,-2.205000000000382
2024-06-27 17:30:00,2024-06-27 18:00:00,Long,2325.7833333333333,2325.69,-0.27999999999974534,SL Hit,2325.69,3,1497.6899999999694,30.0,-1.3633333333332303,1.1566666666667516
2024-06-27 22:25:00,2024-06-27 22:45:00,Short,2326.4,2326.5924999999993,-0.19249999999919964,SL Hit,2326.5924999999993,1,1497.4974999999702,20.0,0.5199999999999818,-0.8000000000001819
2024-06-28 00:15:00,2024-06-28 02:15:00,Short,2323.0449999999996,2321.53,6.059999999997672,SL Hit,2321.53,4,1503.5574999999678,120.0,3.4450000000001637,-4.004999999999654
2024-06-28 03:15:00,2024-06-28 03:20:00,Long,2323.93,2322.28,-3.2999999999992724,SL Hit,2322.28,2,1500.2574999999686,5.0,-1.9299999999998363,0.7000000000002728
2024-06-28 03:30:00,2024-06-28 04:50:00,Short,2321.023333333333,2320.72,0.9099999999998545,SL Hit,2320.72,3,1501.1674999999684,80.0,1.4266666666667334,-1.3233333333332666
2024-06-28 07:05:00,2024-06-28 07:30:00,Long,2326.63,2326.1349999999993,-0.49500000000080036,SL Hit,2326.1349999999993,1,1500.6724999999676,25.0,-1.7800000000002,1.3899999999998727
2024-06-28 09:55:00,2024-06-28 11:20:00,Long,2332.8500000000004,2334.52,5.009999999998854,SL Hit,2334.52,3,1505.6824999999665,85.0,-4.450000000000273,4.039999999999509
2024-06-28 11:25:00,2024-06-28 12:30:00,Short,2333.8366666666666,2334.78,-2.8300000000008367,SL Hit,2334.78,3,1502.8524999999656,65.0,4.133333333333212,-2.446666666666715
2024-06-28 17:55:00,2024-06-28 18:05:00,Short,2326.95,2326.95,0.0,SL Hit,2326.95,1,1502.8524999999656,10.0,0.22000000000025466,-0.6499999999996362
2024-06-28 19:00:00,2024-06-28 19:05:00,Short,2325.35,2325.5425000000005,-0.1925000000005639,SL Hit,2325.5425000000005,1,1502.659999999965,5.0,0.7899999999999636,-1.75
2024-06-28 20:45:00,2024-06-30 22:00:00,Long,2324.98,2324.815,-0.16499999999996362,SL Hit,2324.815,1,1502.494999999965,2955.0,-1.2199999999998,2.0300000000002
2024-06-30 22:10:00,2024-06-30 23:10:00,Short,2324.585,2324.77,-0.36999999999989086,SL Hit,2324.77,2,1502.1249999999652,60.0,0.8150000000000546,-2.1849999999999454
2024-07-01 04:30:00,2024-07-01 06:10:00,Short,2323.285,2323.87,-1.1700000000000728,SL Hit,2323.87,2,1500.9549999999651,100.0,1.025000000000091,-5.014999999999873
2024-07-01 08:00:00,2024-07-01 08:25:00,Short,2324.26,2324.26,0.0,SL Hit,2324.26,1,1500.9549999999651,25.0,0.5299999999997453,-2.3600000000001273
2024-07-01 16:10:00,2024-07-01 16:50:00,Long,2328.29,2327.6,-1.3800000000001091,SL Hit,2327.6,2,1499.574999999965,40.0,-2.2899999999999636,3.369999999999891
2024-07-01 22:05:00,2024-07-01 22:10:00,Long,2330.2,2330.2,0.0,Bearish Trade Reversal,2330.2,1,1499.574999999965,5.0,0.0,1.8400000000001455
2024-07-01 22:10:00,2024-07-01 23:00:00,Short,2331.27,2331.81,-1.0799999999999272,SL Hit,2331.81,2,1498.494999999965,50.0,1.1199999999998909,-0.9699999999997999
2024-07-01 23:35:00,2024-07-01 23:40:00,Long,2332.04,2331.4900000000007,-0.5499999999992724,SL Hit,2331.4900000000007,1,1497.9449999999658,5.0,-0.8400000000001455,0.2300000000000182
2024-07-02 13:30:00,2024-07-02 14:10:00,Long,2328.0,2326.8999999999996,-1.1000000000003638,SL Hit,2326.8999999999996,1,1496.8449999999655,40.0,-4.230000000000018,8.199999999999818
2024-07-02 14:15:00,2024-07-02 15:00:00,Short,2327.0150000000003,2327.79,-1.5499999999992724,SL Hit,2327.79,2,1495.2949999999662,45.0,1.2349999999996726,-3.6350000000002183
2024-07-02 15:05:00,2024-07-02 15:30:00,Long,2327.14,2326.205000000001,-0.9349999999990359,SL Hit,2326.205000000001,1,1494.3599999999672,25.0,-1.1199999999998909,3.2200000000002547
2024-07-02 18:05:00,2024-07-02 22:45:00,Long,2328.715,2329.8,6.510000000000218,SL Hit,2329.8,6,1500.8699999999674,280.0,-4.065000000000055,2.474999999999909
2024-07-02 23:05:00,2024-07-02 23:55:00,Long,2330.516666666667,2329.56,-2.8700000000008004,SL Hit,2329.56,3,1497.9999999999666,50.0,-1.4166666666669698,0.5533333333332848
2024-07-03 00:00:00,2024-07-03 00:10:00,Short,2330.92,2331.3875000000003,-0.4675000000002001,SL Hit,2331.3875000000003,1,1497.5324999999664,10.0,0.6700000000000728,-1.0199999999999818
2024-07-03 01:30:00,2024-07-03 02:05:00,Short,2329.775,2329.84,-0.13000000000010914,SL Hit,2329.84,2,1497.4024999999663,35.0,1.194999999999709,-1.375
2024-07-03 02:15:00,2024-07-03 03:15:00,Short,2328.45,2329.4,-1.9000000000005457,SL Hit,2329.4,2,1495.5024999999657,60.0,1.3100000000004002,-1.849999999999909
2024-07-03 03:20:00,2024-07-03 03:30:00,Long,2329.01,2329.01,0.0,SL Hit,2329.01,1,1495.5024999999657,10.0,-1.0100000000002183,0.36999999999989086
2024-07-03 05:35:00,2024-07-03 06:05:00,Short,2334.45,2334.45,0.0,SL Hit,2334.45,1,1495.5024999999657,30.0,0.7100000000000364,-3.349999999999909
2024-07-03 17:30:00,2024-07-03 20:40:00,Short,2357.195,2355.14,12.330000000001746,SL Hit,2355.14,6,1507.8324999999675,190.0,2.605000000000018,-3.9950000000003456
2024-07-03 23:55:00,2024-07-04 00:00:00,Long,2358.2,2357.6500000000005,-0.5499999999992724,SL Hit,2357.6500000000005,1,1507.2824999999682,5.0,-1.099999999999909,0.8000000000001819
2024-07-04 04:05:00,2024-07-04 04:35:00,Short,2358.4849999999997,2359.17,-1.3700000000008004,SL Hit,2359.17,2,1505.9124999999674,30.0,0.6950000000001637,-1.8849999999997635
2024-07-04 10:25:00,2024-07-04 11:25:00,Long,2358.02,2357.7,-0.6400000000003274,SL Hit,2357.7,2,1505.272499999967,60.0,-0.5199999999999818,1.8400000000001455
2024-07-04 13:20:00,2024-07-04 13:25:00,Long,2358.03,2358.03,0.0,SL Hit,2358.03,1,1505.272499999967,5.0,-0.5900000000001455,0.3599999999996726
2024-07-05 01:10:00,2024-07-05 01:20:00,Long,2358.3,2358.3,0.0,SL Hit,2358.3,1,1505.272499999967,10.0,-0.6200000000003456,1.75
2024-07-05 05:35:00,2024-07-05 07:00:00,Long,2363.8366666666666,2363.1,-2.2100000000000364,SL Hit,2363.1,3,1503.062499999967,85.0,-1.1366666666667697,2.283333333333303
2024-07-05 07:30:00,2024-07-05 07:35:00,Short,2363.35,2363.5975000000003,-0.24750000000040018,SL Hit,2363.5975000000003,1,1502.8149999999666,5.0,1.599999999999909,-0.5499999999997272
2024-07-05 08:20:00,2024-07-05 08:40:00,Long,2365.92,2365.92,0.0,SL Hit,2365.92,1,1502.8149999999666,20.0,-0.13000000000010914,1.2300000000000182
2024-07-05 09:30:00,2024-07-05 10:30:00,Short,2364.5333333333333,2365.3,-2.3000000000006366,SL Hit,2365.3,3,1500.514999999966,60.0,0.8066666666668425,-2.7233333333333576
2024-07-05 11:20:00,2024-07-05 11:25:00,Short,2364.16,2364.16,0.0,SL Hit,2364.16,1,1500.514999999966,5.0,0.8600000000001273,-0.8599999999996726
2024-07-05 11:45:00,2024-07-05 11:50:00,Short,2363.99,2364.76,-0.7700000000004366,SL Hit,2364.76,1,1499.7449999999656,5.0,1.1400000000003274,-0.11999999999989086
2024-07-05 12:35:00,2024-07-05 13:05:00,Short,2367.81,2375.01,-14.400000000000546,SL Hit,2375.01,2,1485.344999999965,30.0,8.11999999999989,-3.0900000000001455
2024-07-05 14:50:00,2024-07-05 14:55:00,Long,2382.44,2380.6524999999997,-1.7875000000003638,SL Hit,2380.6524999999997,1,1483.5574999999646,5.0,-2.0799999999999272,1.1199999999998909
2024-07-05 18:15:00,2024-07-05 19:30:00,Long,2389.0466666666666,2390.69,4.930000000000291,SL Hit,2390.69,3,1488.487499999965,75.0,-2.6366666666667697,3.6733333333331757
2024-07-07 22:45:00,2024-07-07 23:40:00,Short,2385.98,2386.39,-0.819999999999709,SL Hit,2386.39,2,1487.6674999999652,55.0,0.8800000000001091,-2.0799999999999272
2024-07-08 00:25:00,2024-07-08 00:30:00,Long,2385.5,2385.5,0.0,SL Hit,2385.5,1,1487.6674999999652,5.0,0.0,1.2899999999999636
2024-07-08 00:35:00,2024-07-08 00:50:00,Long,2386.38,2386.1874999999995,-0.1925000000005639,SL Hit,2386.1874999999995,1,1487.4749999999647,15.0,-0.4800000000000182,1.1799999999998363
2024-07-08 02:40:00,2024-07-08 03:20:00,Short,2383.55,2383.45,0.2000000000007276,SL Hit,2383.45,2,1487.6749999999654,40.0,1.8099999999999454,-2.0
2024-07-08 05:05:00,2024-07-08 05:30:00,Long,2385.12,2383.6,-3.0399999999999636,SL Hit,2383.6,2,1484.6349999999654,25.0,-2.269999999999982,1.2600000000002183
2024-07-08 06:35:00,2024-07-08 07:35:00,Short,2380.6400000000003,2380.93,-0.5799999999990177,SL Hit,2380.93,2,1484.0549999999664,60.0,0.8899999999998727,-3.8400000000001455
2024-07-08 11:15:00,2024-07-08 12:30:00,Long,2374.3633333333332,2374.42,0.1700000000005275,SL Hit,2374.42,3,1484.224999999967,75.0,-1.9233333333331757,2.66666666666697
2024-07-08 13:45:00,2024-07-08 13:55:00,Short,2374.24,2374.24,0.0,SL Hit,2374.24,1,1484.224999999967,10.0,1.580000000000382,-3.5799999999999272
2024-07-08 15:10:00,2024-07-08 16:40:00,Short,2364.31,2355.56,17.5,SL Hit,2355.56,2,1501.724999999967,90.0,10.159999999999854,-13.610000000000127
2024-07-08 18:15:00,2024-07-08 19:00:00,Short,2355.895,2356.83,-1.8699999999998909,SL Hit,2356.83,2,1499.854999999967,45.0,1.1550000000002,-1.5949999999998
2024-07-08 20:10:00,2024-07-08 20:15:00,Long,2358.68,2358.5699999999997,-0.11000000000012733,SL Hit,2358.5699999999997,1,1499.744999999967,5.0,-0.6599999999998545,0.3400000000001455
2024-07-08 23:55:00,2024-07-09 01:55:00,Long,2362.862,2362.54,-1.610000000000582,SL Hit,2362.54,5,1498.1349999999663,120.0,-2.262000000000171,2.0279999999997926
2024-07-09 02:00:00,2024-07-09 02:20:00,Short,2362.94,2362.94,0.0,SL Hit,2362.94,1,1498.1349999999663,20.0,0.17000000000007276,-2.7400000000002365
2024-07-09 05:30:00,2024-07-09 05:40:00,Short,2365.59,2365.59,0.0,SL Hit,2365.59,1,1498.1349999999663,10.0,0.4499999999998181,-0.8700000000003456
2024-07-09 06:35:00,2024-07-09 09:00:00,Short,2362.5466666666666,2361.59,2.869999999999436,SL Hit,2361.59,3,1501.0049999999658,145.0,1.7933333333335213,-4.276666666666642
2024-07-09 11:30:00,2024-07-09 13:00:00,Short,2360.455,2360.92,-0.930000000000291,SL Hit,2360.92,2,1500.0749999999655,90.0,1.8150000000000546,-4.184999999999945
2024-07-09 13:10:00,2024-07-09 14:05:00,Long,2361.8199999999997,2359.7,-4.239999999999782,SL Hit,2359.7,2,1495.8349999999657,55.0,-4.829999999999927,6.450000000000273
2024-07-09 15:05:00,2024-07-09 15:45:00,Short,2358.18,2358.18,0.0,SL Hit,2358.18,1,1495.8349999999657,40.0,0.7000000000002728,-7.879999999999654
2024-07-09 20:45:00,2024-07-09 23:00:00,Short,2363.9449999999997,2364.45,-1.0100000000002183,SL Hit,2364.45,2,1494.8249999999655,135.0,1.1250000000004547,-12.904999999999745
2024-07-09 23:20:00,2024-07-09 23:25:00,Long,2364.86,2364.75,-0.11000000000012733,SL Hit,2364.75,1,1494.7149999999654,5.0,-0.9600000000000364,0.15000000000009095
2024-07-10 01:05:00,2024-07-10 01:15:00,Short,2365.03,2365.03,0.0,SL Hit,2365.03,1,1494.7149999999654,10.0,2.7799999999997453,-1.5199999999999818
2024-07-10 03:25:00,2024-07-10 04:00:00,Short,2367.8900000000003,2368.3,-0.819999999999709,SL Hit,2368.3,2,1493.8949999999656,35.0,0.5799999999994725,-1.3900000000003274
2024-07-10 04:25:00,2024-07-10 04:40:00,Short,2367.47,2367.580000000001,-0.11000000000103682,SL Hit,2367.580000000001,1,1493.7849999999646,15.0,0.3100000000004002,-1.4699999999998
2024-07-10 08:15:00,2024-07-10 08:20:00,Short,2373.11,2373.5499999999997,-0.4399999999995998,SL Hit,2373.5499999999997,1,1493.344999999965,5.0,0.5799999999999272,-0.7200000000002547
2024-07-10 08:55:00,2024-07-10 09:35:00,Short,2372.4849999999997,2373.15,-1.3300000000008367,SL Hit,2373.15,2,1492.0149999999642,40.0,1.3650000000002365,-0.8249999999998181
2024-07-10 11:35:00,2024-07-10 13:05:00,Long,2377.495,2377.3,-0.3899999999994179,SL Hit,2377.3,2,1491.6249999999648,90.0,-2.4049999999997453,4.144999999999982
2024-07-10 14:45:00,2024-07-10 14:50:00,Short,2376.9,2377.3125000000005,-0.4125000000003638,SL Hit,2377.3125000000005,1,1491.2124999999644,5.0,0.7199999999997999,-1.4600000000000364
2024-07-10 16:35:00,2024-07-10 22:25:00,Short,2372.918571428571,2372.02,6.289999999996326,SL Hit,2372.02,7,1497.5024999999607,350.0,5.511428571428951,-4.928571428571104
2024-07-10 23:50:00,2024-07-10 23:55:00,Short,2372.46,2372.46,0.0,SL Hit,2372.46,1,1497.5024999999607,5.0,0.1999999999998181,-0.8600000000001273
2024-07-11 00:40:00,2024-07-11 01:20:00,Long,2373.2933333333335,2373.4,0.31999999999970896,SL Hit,2373.4,3,1497.8224999999604,40.0,-1.4933333333333394,2.036666666666406
2024-07-11 01:40:00,2024-07-11 02:15:00,Long,2374.65,2374.4300000000003,-0.2199999999997999,SL Hit,2374.4300000000003,1,1497.6024999999606,35.0,-0.75,1.400000000000091
2024-07-11 02:35:00,2024-07-11 05:50:00,Long,2379.86,2381.43,9.419999999998254,SL Hit,2381.43,6,1507.0224999999589,195.0,-4.059999999999945,2.9699999999998
2024-07-11 09:05:00,2024-07-11 09:45:00,Long,2383.2666666666664,2382.68,-1.7599999999997635,SL Hit,2382.68,3,1505.2624999999591,40.0,-1.2666666666664241,1.213333333333594
2024-07-11 11:50:00,2024-07-11 12:05:00,Short,2381.05,2381.8749999999995,-0.8249999999993634,SL Hit,2381.8749999999995,1,1504.4374999999598,15.0,1.3099999999999454,-1.6400000000003274
2024-07-11 13:35:00,2024-07-11 14:45:00,Short,2407.93,2411.59,-7.3200000000006185,SL Hit,2411.59,2,1497.1174999999591,70.0,3.830000000000382,-11.86999999999989
2024-07-11 22:05:00,2024-07-11 22:55:00,Short,2413.84,2413.84,0.0,SL Hit,2413.84,1,1497.1174999999591,50.0,0.19000000000005457,-3.1400000000003274
2024-07-11 23:55:00,2024-07-12 00:10:00,Long,2414.785,2411.2,-7.170000000000073,SL Hit,2411.2,2,1489.947499999959,15.0,-4.3849999999997635,1.1350000000002183
2024-07-12 05:05:00,2024-07-12 05:45:00,Short,2407.1949999999997,2408.57,-2.7500000000009095,SL Hit,2408.57,2,1487.1974999999582,40.0,2.725000000000364,-1.6549999999997453
2024-07-12 07:35:00,2024-07-12 07:40:00,Short,2403.89,2404.3025000000002,-0.4125000000003638,SL Hit,2404.3025000000002,1,1486.7849999999578,5.0,0.7400000000002365,-0.4800000000000182
2024-07-12 09:50:00,2024-07-12 10:00:00,Short,2404.4,2404.9225,-0.5225000000000364,SL Hit,2404.9225,1,1486.2624999999578,10.0,0.849999999999909,-0.38000000000010914
2024-07-12 17:40:00,2024-07-12 18:05:00,Long,2416.0,2416.0,0.0,SL Hit,2416.0,1,1486.2624999999578,25.0,-0.17000000000007276,2.0599999999999454
2024-07-12 18:50:00,2024-07-14 21:05:00,Short,2413.263333333333,2411.94,3.9699999999984357,SL Hit,2411.94,3,1490.2324999999562,3015.0,1.3466666666672609,-2.8633333333327755
2024-07-15 01:10:00,2024-07-15 01:20:00,Short,2407.32,2407.32,0.0,SL Hit,2407.32,1,1490.2324999999562,10.0,0.1499999999996362,-2.3099999999999454
2024-07-15 05:45:00,2024-07-15 07:50:00,Short,2406.895,2406.43,0.930000000000291,SL Hit,2406.43,2,1491.1624999999565,125.0,3.6550000000002,-5.5949999999998
2024-07-15 10:15:00,2024-07-15 10:35:00,Long,2411.46,2411.405,-0.05499999999983629,SL Hit,2411.405,1,1491.1074999999566,20.0,-0.42000000000007276,2.3299999999999272
2024-07-15 12:25:00,2024-07-15 12:30:00,Short,2417.02,2417.3225,-0.30250000000023647,SL Hit,2417.3225,1,1490.8049999999564,5.0,0.5700000000001637,-1.400000000000091
2024-07-15 16:20:00,2024-07-15 16:25:00,Short,2432.12,2432.12,0.0,SL Hit,2432.12,1,1490.8049999999564,5.0,0.3400000000001455,-0.8699999999998909
2024-07-15 19:05:00,2024-07-15 19:10:00,Short,2421.13,2421.13,0.0,SL Hit,2421.13,1,1490.8049999999564,5.0,0.30999999999994543,-0.9500000000002728
2024-07-15 22:10:00,2024-07-15 23:10:00,Short,2421.09,2421.17,-0.15999999999985448,SL Hit,2421.17,2,1490.6449999999566,60.0,0.44000000000005457,-1.3900000000003274
2024-07-15 23:55:00,2024-07-16 00:00:00,Long,2421.1,2421.1,0.0,SL Hit,2421.1,1,1490.6449999999566,5.0,-0.38000000000010914,1.2699999999999818
2024-07-16 00:20:00,2024-07-16 00:25:00,Long,2421.47,2420.92,-0.5499999999997272,SL Hit,2420.92,1,1490.0949999999568,5.0,-0.8699999999998909,0.49000000000023647
2024-07-16 00:50:00,2024-07-16 01:00:00,Short,2421.15,2422.2774999999997,-1.1274999999995998,SL Hit,2422.2774999999997,1,1488.9674999999572,10.0,1.5899999999996908,-0.3000000000001819
2024-07-16 01:05:00,2024-07-16 04:05:00,Long,2426.958,2426.72,-1.1900000000014188,SL Hit,2426.72,5,1487.7774999999558,180.0,-4.597999999999956,4.342000000000098
2024-07-16 04:15:00,2024-07-16 04:40:00,Short,2427.03,2427.415,-0.38499999999976353,SL Hit,2427.415,1,1487.392499999956,25.0,1.2599999999997635,-1.9900000000002365
2024-07-16 07:30:00,2024-07-16 08:05:00,Long,2436.52,2434.81,-3.4200000000000728,SL Hit,2434.81,2,1483.972499999956,35.0,-2.699999999999818,2.619999999999891
2024-07-16 08:15:00,2024-07-16 08:20:00,Short,2435.7,2435.7825000000003,-0.08250000000043656,SL Hit,2435.7825000000003,1,1483.8899999999555,5.0,0.21000000000003638,-0.5199999999999818
2024-07-16 08:45:00,2024-07-16 08:50:00,Short,2435.33,2435.33,0.0,SL Hit,2435.33,1,1483.8899999999555,5.0,0.7000000000002728,-1.3899999999998727
2024-07-16 10:20:00,2024-07-16 10:55:00,Short,2441.56,2441.56,0.0,SL Hit,2441.56,1,1483.8899999999555,35.0,0.13000000000010914,-1.8600000000001273
2024-07-16 11:55:00,2024-07-16 12:00:00,Short,2439.9,2440.5049999999997,-0.6049999999995634,SL Hit,2440.5049999999997,1,1483.284999999956,5.0,0.75,-0.9600000000000364
2024-07-16 18:30:00,2024-07-16 18:35:00,Short,2462.81,2463.3875,-0.5774999999998727,SL Hit,2463.3875,1,1482.707499999956,5.0,1.9800000000000182,-0.2300000000000182
2024-07-16 23:10:00,2024-07-17 04:50:00,Long,2470.4500000000003,2469.67,-2.3400000000006003,SL Hit,2469.67,3,1480.3674999999555,340.0,-2.180000000000291,2.1399999999998727
2024-07-17 07:30:00,2024-07-17 09:20:00,Long,2470.483333333333,2471.62,3.4100000000003092,SL Hit,2471.62,3,1483.7774999999558,110.0,-5.873333333332994,8.296666666667079
2024-07-17 11:40:00,2024-07-17 13:30:00,Long,2474.2259999999997,2473.23,-4.979999999998199,SL Hit,2473.23,5,1478.7974999999576,110.0,-5.305999999999585,4.47400000000016
2024-07-17 17:20:00,2024-07-17 17:25:00,Long,2456.66,2456.0274999999997,-0.6325000000001637,SL Hit,2456.0274999999997,1,1478.1649999999574,5.0,-0.9800000000000182,1.680000000000291
2024-07-17 17:40:00,2024-07-17 18:10:00,Short,2455.25,2455.25,0.0,SL Hit,2455.25,1,1478.1649999999574,30.0,0.2800000000002001,-4.050000000000182
2024-07-17 18:55:00,2024-07-17 19:30:00,Long,2457.14,2457.14,0.0,SL Hit,2457.14,1,1478.1649999999574,35.0,-0.009999999999763531,3.1100000000001273
2024-07-17 20:20:00,2024-07-17 20:30:00,Short,2457.47,2457.580000000001,-0.11000000000103682,SL Hit,2457.580000000001,1,1478.0549999999564,10.0,0.18000000000029104,-0.7699999999999818
2024-07-17 23:40:00,2024-07-18 00:00:00,Long,2461.1049999999996,2459.92,-2.3699999999989814,SL Hit,2459.92,2,1475.6849999999574,20.0,-2.4349999999994907,0.5450000000005275
2024-07-18 03:40:00,2024-07-18 03:45:00,Long,2467.93,2467.682500000001,-0.24749999999903594,SL Hit,2467.682500000001,1,1475.4374999999584,5.0,-1.0799999999999272,0.680000000000291
2024-07-18 08:10:00,2024-07-18 08:20:00,Long,2471.69,2471.69,0.0,SL Hit,2471.69,1,1475.4374999999584,10.0,-0.2300000000000182,1.8899999999998727
2024-07-18 09:20:00,2024-07-18 09:35:00,Short,2466.26,2467.1125,-0.8524999999999636,SL Hit,2467.1125,1,1474.5849999999584,15.0,0.9499999999998181,-1.3700000000003456
2024-07-18 11:25:00,2024-07-18 11:30:00,Short,2464.36,2464.442499999999,-0.08249999999907232,SL Hit,2464.442499999999,1,1474.5024999999594,5.0,0.1299999999996544,-1.3200000000001637
2024-07-18 12:05:00,2024-07-18 12:40:00,Long,2465.0600000000004,2465.26,0.3999999999996362,SL Hit,2465.26,2,1474.902499999959,35.0,-1.2800000000002,3.3499999999994543
2024-07-18 12:45:00,2024-07-18 12:50:00,Long,2463.63,2463.63,0.0,SL Hit,2463.63,1,1474.902499999959,5.0,-0.9500000000002728,1.1099999999996726
2024-07-18 13:30:00,2024-07-18 13:55:00,Short,2461.9449999999997,2463.94,-3.990000000000691,SL Hit,2463.94,2,1470.9124999999583,25.0,3.105000000000473,-3.674999999999727
2024-07-18 17:00:00,2024-07-18 17:45:00,Short,2456.46,2456.46,0.0,SL Hit,2456.46,1,1470.9124999999583,45.0,0.7899999999999636,-5.150000000000091
2024-07-18 18:35:00,2024-07-18 19:40:00,Short,2447.2349999999997,2443.53,7.409999999998945,SL Hit,2443.53,2,1478.3224999999572,65.0,5.3650000000002365,-6.794999999999618
2024-07-19 03:50:00,2024-07-19 03:55:00,Long,2428.65,2428.65,0.0,SL Hit,2428.65,1,1478.3224999999572,5.0,-0.03000000000020009,0.7999999999997272
2024-07-19 04:00:00,2024-07-19 04:05:00,Long,2428.52,2427.8050000000007,-0.714999999999236,SL Hit,2427.8050000000007,1,1477.607499999958,5.0,-1.0199999999999818,0.5199999999999818
2024-07-19 04:30:00,2024-07-19 04:40:00,Short,2425.96,2425.96,0.0,SL Hit,2425.96,1,1477.607499999958,10.0,0.6199999999998909,-1.6599999999998545
2024-07-19 04:50:00,2024-07-19 05:25:00,Short,2425.64,2425.805,-0.16499999999996362,SL Hit,2425.805,1,1477.442499999958,35.0,0.22000000000025466,-3.6399999999998727
2024-07-19 07:20:00,2024-07-19 08:05:00,Short,2416.885,2418.26,-2.75,SL Hit,2418.26,2,1474.692499999958,45.0,4.214999999999691,-3.8950000000004366
2024-07-19 09:20:00,2024-07-19 13:40:00,Short,2411.728333333333,2405.36,38.20999999999731,SL Hit,2405.36,6,1512.9024999999554,260.0,7.311666666666952,-17.80833333333294
2024-07-19 13:45:00,2024-07-19 14:00:00,Long,2403.18,2400.7875000000004,-2.3924999999994725,SL Hit,2400.7875000000004,1,1510.5099999999559,15.0,-3.1900000000000546,1.9700000000002547
2024-07-19 18:40:00,2024-07-19 19:00:00,Short,2397.76,2400.1525,-2.3924999999999272,Bullish Trade Reversal,2400.1525,1,1508.117499999956,20.0,1.1899999999995998,-0.45000000000027285
2024-07-19 19:00:00,2024-07-19 19:30:00,Long,2398.49,2397.81,-1.3599999999996726,SL Hit,2397.81,2,1506.7574999999563,30.0,-1.3999999999996362,0.8400000000001455
2024-07-19 20:10:00,2024-07-19 20:15:00,Short,2398.88,2399.3749999999995,-0.4949999999994361,SL Hit,2399.3749999999995,1,1506.2624999999568,5.0,0.5899999999996908,-1.0799999999999272
2024-07-21 22:45:00,2024-07-21 23:25:00,Long,2409.7833333333333,2409.07,-2.139999999999418,SL Hit,2409.07,3,1504.1224999999574,40.0,-1.283333333333303,1.666666666666515
2024-07-21 23:50:00,2024-07-22 00:00:00,Long,2411.225,2409.2,-4.050000000000182,SL Hit,2409.2,2,1500.0724999999572,10.0,-2.924999999999727,0.47499999999990905
2024-07-22 00:05:00,2024-07-22 01:15:00,Short,2408.233333333333,2409.14,-2.7200000000002547,SL Hit,2409.14,3,1497.352499999957,70.0,1.796666666667079,-2.2933333333330665
2024-07-22 04:40:00,2024-07-22 04:55:00,Short,2404.665,2405.61,-1.8900000000003274,SL Hit,2405.61,2,1495.4624999999567,15.0,0.974999999999909,-2.2649999999998727
2024-07-22 05:00:00,2024-07-22 05:55:00,Long,2405.9575,2403.8,-8.6299999999992,SL Hit,2403.8,4,1486.8324999999575,55.0,-3.1075000000000728,1.2325000000000728
2024-07-22 06:05:00,2024-07-22 06:35:00,Short,2403.15,2402.98,0.3400000000001455,SL Hit,2402.98,2,1487.1724999999576,30.0,1.5799999999999272,-4.039999999999964
2024-07-22 11:20:00,2024-07-22 13:05:00,Short,2400.396666666667,2399.29,3.320000000001073,SL Hit,2399.29,3,1490.4924999999587,105.0,3.853333333333012,-11.336666666667043
2024-07-22 13:40:00,2024-07-22 15:00:00,Short,2391.8133333333335,2388.89,8.770000000000891,SL Hit,2388.89,3,1499.2624999999596,80.0,5.616666666666333,-7.503333333333558
2024-07-22 16:30:00,2024-07-22 17:55:00,Long,2392.2225,2392.8,2.3100000000013097,SL Hit,2392.8,4,1501.5724999999609,85.0,-4.142499999999927,3.887500000000273
2024-07-22 18:00:00,2024-07-22 18:20:00,Short,2393.5699999999997,2394.01,-0.8800000000010186,SL Hit,2394.01,2,1500.6924999999599,20.0,1.050000000000182,-1.0399999999995089
2024-07-22 20:35:00,2024-07-22 23:45:00,Short,2396.0775,2395.73,1.389999999999418,SL Hit,2395.73,4,1502.0824999999593,190.0,2.1424999999999272,-2.0774999999998727
2024-07-22 23:50:00,2024-07-23 01:55:00,Long,2398.366,2401.5,15.670000000000073,SL Hit,2401.5,5,1517.7524999999594,125.0,-3.8659999999999854,5.403999999999996
2024-07-23 08:30:00,2024-07-23 10:25:00,Long,2402.555,2405.82,6.530000000000655,SL Hit,2405.82,2,1524.28249999996,115.0,-3.824999999999818,5.385000000000218
2024-07-23 11:05:00,2024-07-23 11:35:00,Long,2408.58,2406.54,-4.079999999999927,SL Hit,2406.54,2,1520.20249999996,30.0,-2.25,3.1399999999998727
2024-07-23 13:20:00,2024-07-23 13:30:00,Short,2404.7,2404.7,0.0,SL Hit,2404.7,1,1520.20249999996,10.0,0.21000000000003638,-3.0299999999997453
2024-07-23 16:30:00,2024-07-23 16:40:00,Short,2404.47,2404.9100000000008,-0.44000000000096406,SL Hit,2404.9100000000008,1,1519.7624999999591,10.0,1.8100000000004002,-0.7999999999997272
2024-07-23 17:40:00,2024-07-23 17:50:00,Short,2404.39,2404.4725000000003,-0.08250000000043656,SL Hit,2404.4725000000003,1,1519.6799999999587,10.0,1.050000000000182,-2.2899999999999636
2024-07-23 18:20:00,2024-07-23 18:25:00,Long,2404.19,2404.19,0.0,SL Hit,2404.19,1,1519.6799999999587,5.0,-0.38999999999987267,0.6700000000000728
2024-07-23 19:00:00,2024-07-23 20:05:00,Long,2406.935,2407.0,0.13000000000010914,SL Hit,2407.0,2,1519.8099999999588,65.0,-1.5650000000000546,1.9949999999998909
2024-07-23 20:10:00,2024-07-23 20:45:00,Short,2408.02,2408.02,0.0,SL Hit,2408.02,1,1519.8099999999588,35.0,0.11000000000012733,-3.2199999999998
2024-07-23 23:55:00,2024-07-24 00:00:00,Short,2408.94,2408.94,0.0,SL Hit,2408.94,1,1519.8099999999588,5.0,0.6199999999998909,-0.6199999999998909
2024-07-24 01:25:00,2024-07-24 01:35:00,Short,2407.67,2408.2199999999993,-0.5499999999992724,SL Hit,2408.2199999999993,1,1519.2599999999595,10.0,1.1900000000000546,-2.519999999999982
2024-07-24 03:10:00,2024-07-24 04:20:00,Long,2415.205,2415.05,-0.3099999999994907,SL Hit,2415.05,2,1518.94999999996,70.0,-1.224999999999909,2.605000000000018
2024-07-24 04:50:00,2024-07-24 05:10:00,Long,2416.14,2416.14,0.0,SL Hit,2416.14,1,1518.94999999996,20.0,-0.8799999999996544,1.6200000000003456
2024-07-24 08:40:00,2024-07-24 09:00:00,Short,2413.06,2413.06,0.0,SL Hit,2413.06,1,1518.94999999996,20.0,-0.0,-2.1799999999998363
2024-07-24 11:15:00,2024-07-24 11:35:00,Short,2412.78,2413.6049999999996,-0.8249999999993634,SL Hit,2413.6049999999996,1,1518.1249999999607,20.0,1.1099999999996726,-2.230000000000018
2024-07-24 12:55:00,2024-07-24 13:25:00,Long,2421.3,2415.0025000000005,-6.297499999999673,SL Hit,2415.0025000000005,1,1511.827499999961,30.0,-6.950000000000273,1.2599999999997635
2024-07-24 16:50:00,2024-07-24 18:30:00,Short,2415.6575,2408.65,28.029999999998836,SL Hit,2408.65,4,1539.8574999999598,100.0,5.852500000000418,-9.767499999999927
2024-07-24 19:15:00,2024-07-24 22:55:00,Short,2401.795,2397.1,18.780000000000655,SL Hit,2397.1,4,1558.6374999999605,220.0,6.764999999999873,-8.615000000000236
2024-07-24 23:10:00,2024-07-24 23:55:00,Long,2398.615,2398.7,0.17000000000007276,SL Hit,2398.7,2,1558.8074999999606,45.0,-1.4149999999999636,2.375
2024-07-25 03:20:00,2024-07-25 03:25:00,Short,2370.2,2370.2,0.0,SL Hit,2370.2,1,1558.8074999999606,5.0,0.7899999999999636,-3.1799999999998363
2024-07-25 04:20:00,2024-07-25 05:05:00,Long,2375.705,2374.7,-2.0100000000002183,SL Hit,2374.7,2,1556.7974999999603,45.0,-1.6050000000000182,2.025000000000091
2024-07-25 05:15:00,2024-07-25 05:50:00,Short,2374.82,2375.1499999999996,-0.3299999999994725,SL Hit,2375.1499999999996,1,1556.4674999999609,35.0,0.3999999999996362,-5.570000000000164
2024-07-25 06:40:00,2024-07-25 07:35:00,Short,2372.4049999999997,2375.33,-5.850000000000364,SL Hit,2375.33,2,1550.6174999999605,55.0,4.165000000000418,-6.214999999999691
2024-07-25 08:25:00,2024-07-25 08:45:00,Short,2373.48,2376.1474999999996,-2.6674999999995634,SL Hit,2376.1474999999996,1,1547.949999999961,20.0,3.9899999999997817,-1.2800000000002
2024-07-25 13:45:00,2024-07-25 14:50:00,Short,2366.4133333333334,2366.71,-0.8899999999998727,SL Hit,2366.71,3,1547.059999999961,65.0,4.6266666666665515,-8.233333333333576
2024-07-25 15:55:00,2024-07-25 16:20:00,Short,2363.48,2363.645,-0.16499999999996362,SL Hit,2363.645,1,1546.894999999961,25.0,0.21000000000003638,-6.579999999999927
2024-07-25 16:50:00,2024-07-25 17:20:00,Long,2363.205,2360.99,-4.430000000000291,SL Hit,2360.99,2,1542.4649999999608,30.0,-3.505000000000109,1.8150000000000546
2024-07-25 18:30:00,2024-07-25 18:45:00,Long,2358.19,2358.19,0.0,SL Hit,2358.19,1,1542.4649999999608,15.0,-0.5300000000002001,1.9200000000000728
2024-07-25 19:25:00,2024-07-25 22:25:00,Long,2362.263333333333,2363.1,2.5100000000011278,SL Hit,2363.1,3,1544.974999999962,180.0,-2.923333333332721,3.046666666667079
2024-07-25 22:30:00,2024-07-25 22:35:00,Short,2363.38,2363.5174999999995,-0.13749999999936335,SL Hit,2363.5174999999995,1,1544.8374999999626,5.0,0.34999999999990905,-1.0799999999999272
2024-07-25 22:45:00,2024-07-25 22:50:00,Short,2363.28,2363.28,0.0,SL Hit,2363.28,1,1544.8374999999626,5.0,0.03999999999996362,-0.9800000000000182
2024-07-25 23:10:00,2024-07-25 23:35:00,Short,2363.33,2363.33,0.0,SL Hit,2363.33,1,1544.8374999999626,25.0,0.30999999999994543,-1.3800000000001091
2024-07-26 03:40:00,2024-07-26 05:25:00,Short,2371.366666666667,2371.53,-0.49000000000023647,SL Hit,2371.53,3,1544.3474999999623,105.0,2.1733333333331757,-4.16666666666697
2024-07-26 06:25:00,2024-07-26 06:45:00,Short,2368.21,2369.9975000000004,-1.7875000000003638,SL Hit,2369.9975000000004,1,1542.559999999962,20.0,1.800000000000182,-1.2100000000000364
2024-07-26 08:00:00,2024-07-26 09:20:00,Long,2372.492,2372.18,-1.5600000000017644,SL Hit,2372.18,5,1540.9999999999602,80.0,-3.292000000000371,1.837999999999738
2024-07-26 12:45:00,2024-07-26 13:05:00,Long,2375.52,2375.52,0.0,SL Hit,2375.52,1,1540.9999999999602,20.0,-0.11000000000012733,3.7199999999998
2024-07-26 13:30:00,2024-07-26 14:50:00,Long,2380.6833333333334,2382.63,5.8400000000001455,SL Hit,2382.63,3,1546.8399999999604,80.0,-3.7933333333335213,9.526666666666642
2024-07-28 22:05:00,2024-07-29 01:10:00,Long,2396.674285714286,2397.8,7.880000000000564,SL Hit,2397.8,7,1554.719999999961,185.0,-9.174285714285816,5.565714285713966
2024-07-29 02:40:00,2024-07-29 02:45:00,Long,2393.13,2392.5525,-0.5775000000003274,SL Hit,2392.5525,1,1554.1424999999606,5.0,-1.6300000000001091,0.8599999999996726
2024-07-29 03:10:00,2024-07-29 03:20:00,Long,2393.97,2392.9800000000005,-0.989999999999327,SL Hit,2392.9800000000005,1,1553.1524999999613,10.0,-2.369999999999891,0.9900000000002365
2024-07-29 05:20:00,2024-07-29 05:25:00,Long,2394.37,2394.37,0.0,SL Hit,2394.37,1,1553.1524999999613,5.0,-0.8399999999996908,0.4800000000000182
2024-07-29 05:30:00,2024-07-29 06:00:00,Short,2393.79,2394.0925,-0.30250000000023647,SL Hit,2394.0925,1,1552.849999999961,30.0,0.8099999999999454,-3.1900000000000546
2024-07-29 06:40:00,2024-07-29 06:55:00,Short,2393.02,2393.02,0.0,SL Hit,2393.02,1,1552.849999999961,15.0,0.09999999999990905,-2.099999999999909
2024-07-29 07:00:00,2024-07-29 07:30:00,Short,2391.14,2392.28,-3.4200000000009823,SL Hit,2392.28,3,1549.42999999996,30.0,2.4400000000000546,-1.6299999999996544
2024-07-29 09:40:00,2024-07-29 09:50:00,Short,2391.28,2391.28,0.0,SL Hit,2391.28,1,1549.42999999996,10.0,1.319999999999709,-1.5
2024-07-29 10:10:00,2024-07-29 10:15:00,Long,2392.11,2392.11,0.0,SL Hit,2392.11,1,1549.42999999996,5.0,-0.03000000000020009,1.1199999999998909
2024-07-29 11:40:00,2024-07-29 12:20:00,Short,2389.773333333333,2388.76,3.0399999999985994,SL Hit,2388.76,3,1552.4699999999586,40.0,1.7366666666671335,-4.313333333333048
2024-07-29 13:55:00,2024-07-29 16:30:00,Short,2384.555,2377.76,40.76999999999771,SL Hit,2377.76,6,1593.2399999999564,155.0,9.184999999999945,-14.694999999999709
2024-07-29 16:45:00,2024-07-29 18:05:00,Long,2377.943333333333,2376.9,-3.1299999999991996,SL Hit,2376.9,3,1590.1099999999572,80.0,-1.383333333333212,5.226666666666915
2024-07-30 01:05:00,2024-07-30 01:55:00,Short,2380.2250000000004,2380.56,-0.6699999999991633,SL Hit,2380.56,2,1589.439999999958,50.0,1.8549999999995634,-3.925000000000182
2024-07-30 09:00:00,2024-07-30 09:10:00,Short,2389.34,2389.3674999999994,-0.027499999999236024,SL Hit,2389.3674999999994,1,1589.4124999999588,10.0,0.08999999999969077,-1.5
2024-07-30 10:05:00,2024-07-30 10:15:00,Long,2389.75,2389.0625,-0.6875,SL Hit,2389.0625,1,1588.7249999999588,10.0,-1.050000000000182,1.400000000000091
2024-07-30 16:55:00,2024-07-30 22:20:00,Long,2404.878571428572,2408.4,24.649999999997817,SL Hit,2408.4,7,1613.3749999999566,325.0,-10.60857142857185,7.3914285714281505
2024-07-30 22:50:00,2024-07-30 22:55:00,Short,2408.67,2408.9175000000005,-0.24750000000040018,SL Hit,2408.9175000000005,1,1613.1274999999562,5.0,0.6300000000001091,-0.8699999999998909
2024-07-30 23:00:00,2024-07-30 23:25:00,Short,2409.125,2409.44,-0.6300000000001091,SL Hit,2409.44,2,1612.497499999956,25.0,0.5549999999998363,-0.8249999999998181
2024-07-30 23:45:00,2024-07-30 23:50:00,Long,2409.03,2408.754999999999,-0.27500000000100044,SL Hit,2408.754999999999,1,1612.222499999955,5.0,-0.7300000000000182,0.6999999999998181
2024-07-31 00:15:00,2024-07-31 00:20:00,Short,2408.68,2408.68,0.0,SL Hit,2408.68,1,1612.222499999955,5.0,0.19000000000005457,-0.8799999999996544
2024-07-31 02:55:00,2024-07-31 05:35:00,Long,2414.1766666666663,2418.01,11.500000000001819,SL Hit,2418.01,3,1623.7224999999569,160.0,-7.996666666666442,7.443333333333612
2024-07-31 05:45:00,2024-07-31 05:50:00,Short,2418.56,2418.56,0.0,SL Hit,2418.56,1,1623.7224999999569,5.0,0.9800000000000182,-1.1399999999998727
2024-07-31 07:30:00,2024-07-31 07:35:00,Short,2417.49,2417.49,0.0,SL Hit,2417.49,1,1623.7224999999569,5.0,0.3200000000001637,-1.319999999999709
2024-07-31 07:40:00,2024-07-31 07:45:00,Short,2417.93,2417.93,0.0,SL Hit,2417.93,1,1623.7224999999569,5.0,1.2800000000002,-1.7599999999997635
2024-07-31 07:55:00,2024-07-31 08:10:00,Short,2417.28,2417.8849999999998,-0.6049999999995634,SL Hit,2417.8849999999998,1,1623.1174999999573,15.0,0.7799999999997453,-1.1100000000001273
2024-07-31 09:25:00,2024-07-31 09:40:00,Short,2419.43,2419.9525,-0.5225000000000364,SL Hit,2419.9525,1,1622.5949999999573,15.0,0.7699999999999818,-2.0299999999997453
2024-07-31 10:45:00,2024-07-31 11:05:00,Short,2418.81,2419.9374999999995,-1.1274999999995998,SL Hit,2419.9374999999995,1,1621.4674999999577,20.0,1.4900000000002365,-1.1100000000001273
2024-07-31 12:05:00,2024-07-31 12:20:00,Short,2418.245,2420.09,-3.6900000000005093,SL Hit,2420.09,2,1617.7774999999572,15.0,2.5350000000003092,-0.8949999999999818
2024-07-31 12:25:00,2024-07-31 13:05:00,Long,2419.58,2419.34,-0.47999999999956344,SL Hit,2419.34,2,1617.2974999999576,40.0,-0.9200000000000728,2.8400000000001455
2024-07-31 13:15:00,2024-07-31 13:30:00,Short,2419.44,2420.6224999999995,-1.1824999999994361,SL Hit,2420.6224999999995,1,1616.1149999999582,15.0,3.449999999999818,-1.5
2024-07-31 14:50:00,2024-07-31 14:55:00,Short,2422.33,2422.33,0.0,SL Hit,2422.33,1,1616.1149999999582,5.0,0.15999999999985448,-3.0099999999997635
2024-07-31 16:15:00,2024-07-31 18:00:00,Long,2425.48,2425.75,0.8099999999999454,SL Hit,2425.75,3,1616.9249999999581,105.0,-2.5599999999999454,3.4200000000000728
2024-07-31 20:50:00,2024-07-31 20:55:00,Short,2447.49,2447.49,0.0,SL Hit,2447.49,1,1616.9249999999581,5.0,0.24000000000023647,-1.3999999999996362
2024-08-01 00:40:00,2024-08-01 01:55:00,Long,2451.0499999999997,2452.52,4.410000000000764,SL Hit,2452.52,3,1621.3349999999589,75.0,-4.749999999999545,7.120000000000346
2024-08-01 04:05:00,2024-08-01 04:10:00,Short,2443.33,2443.33,0.0,SL Hit,2443.33,1,1621.3349999999589,5.0,0.5100000000002183,-0.5299999999997453
2024-08-01 07:10:00,2024-08-01 10:05:00,Short,2439.105,2434.73,26.25,SL Hit,2434.73,6,1647.5849999999589,175.0,5.574999999999818,-8.855000000000018
2024-08-01 10:15:00,2024-08-01 10:55:00,Long,2434.0,2433.7524999999996,-0.24750000000040018,SL Hit,2433.7524999999996,1,1647.3374999999585,40.0,-0.3000000000001819,2.5700000000001637
2024-08-01 13:30:00,2024-08-01 13:50:00,Long,2453.57,2450.4624999999996,-3.1075000000005275,SL Hit,2450.4624999999996,1,1644.229999999958,20.0,-4.150000000000091,3.169999999999618
2024-08-01 14:20:00,2024-08-01 16:15:00,Short,2447.038,2446.76,1.3899999999989632,SL Hit,2446.76,5,1645.619999999957,115.0,5.351999999999862,-4.938000000000102
2024-08-01 16:35:00,2024-08-01 16:45:00,Long,2446.24,2444.865,-1.375,SL Hit,2444.865,1,1644.244999999957,10.0,-1.4799999999995634,2.350000000000364
2024-08-01 17:40:00,2024-08-01 18:00:00,Short,2437.55,2439.4749999999995,-1.9249999999992724,SL Hit,2439.4749999999995,1,1642.3199999999576,20.0,2.4899999999997817,-1.7300000000000182
2024-08-01 18:40:00,2024-08-01 18:50:00,Short,2437.28,2437.28,0.0,SL Hit,2437.28,1,1642.3199999999576,10.0,1.25,-1.7900000000004184
2024-08-01 19:20:00,2024-08-01 20:20:00,Long,2441.94,2442.09,0.3000000000001819,SL Hit,2442.09,2,1642.6199999999578,60.0,-1.7300000000000182,1.849999999999909
2024-08-01 20:30:00,2024-08-01 20:40:00,Short,2442.94,2442.94,0.0,SL Hit,2442.94,1,1642.6199999999578,10.0,0.04999999999972715,-0.9500000000002728
2024-08-02 01:05:00,2024-08-02 02:15:00,Short,2449.47,2452.4125000000004,-2.942500000000564,SL Hit,2452.4125000000004,1,1639.6774999999573,70.0,5.0,-14.179999999999836
2024-08-02 07:10:00,2024-08-02 08:20:00,Short,2463.0266666666666,2463.6,-1.7199999999998,SL Hit,2463.6,3,1637.9574999999575,70.0,1.4433333333331575,-2.836666666666588
2024-08-02 09:30:00,2024-08-02 09:40:00,Short,2462.1,2462.8975,-0.7975000000001273,SL Hit,2462.8975,1,1637.1599999999573,10.0,0.9800000000000182,-0.8399999999996908
2024-08-02 14:10:00,2024-08-02 14:25:00,Long,2469.74,2467.13,-5.219999999999345,SL Hit,2467.13,2,1631.939999999958,15.0,-5.709999999999582,4.2400000000002365
2024-08-02 17:10:00,2024-08-02 17:40:00,Short,2429.82,2430.7275,-0.9074999999997999,SL Hit,2430.7275,1,1631.0324999999582,30.0,1.0199999999999818,-6.350000000000364
2024-08-05 05:00:00,2024-08-05 07:15:00,Short,2440.515,2431.48,18.06999999999971,SL Hit,2431.48,2,1649.102499999958,135.0,11.664999999999964,-18.0949999999998
2024-08-05 09:15:00,2024-08-05 09:20:00,Short,2425.0,2425.0,0.0,SL Hit,2425.0,1,1649.102499999958,5.0,0.5,-5.5300000000002
2024-08-05 14:05:00,2024-08-05 14:15:00,Long,2389.53,2389.53,0.0,SL Hit,2389.53,1,1649.102499999958,10.0,-2.519999999999982,4.5
2024-08-05 14:45:00,2024-08-05 16:00:00,Long,2397.835,2402.21,8.75,SL Hit,2402.21,2,1657.852499999958,75.0,-4.324999999999818,12.764999999999873
2024-08-05 16:05:00,2024-08-05 16:15:00,Short,2403.63,2403.63,0.0,SL Hit,2403.63,1,1657.852499999958,10.0,1.5499999999997272,-3.9400000000000546
2024-08-05 18:00:00,2024-08-05 18:05:00,Long,2403.8,2403.8,0.0,SL Hit,2403.8,1,1657.852499999958,5.0,0.0,1.7100000000000364
2024-08-05 18:15:00,2024-08-05 18:55:00,Long,2406.15,2403.8675000000003,-2.2824999999998,SL Hit,2403.8675000000003,1,1655.569999999958,40.0,-2.450000000000273,2.299999999999727
2024-08-05 19:20:00,2024-08-05 19:25:00,Long,2407.25,2407.195,-0.05499999999983629,SL Hit,2407.195,1,1655.5149999999583,5.0,-0.09999999999990905,1.2300000000000182
2024-08-05 20:10:00,2024-08-05 20:30:00,Short,2407.62,2408.4174999999996,-0.7974999999996726,SL Hit,2408.4174999999996,1,1654.7174999999586,20.0,1.1700000000000728,-2.0899999999996908
2024-08-05 22:15:00,2024-08-05 22:25:00,Long,2411.69,2410.8925,-0.7975000000001273,SL Hit,2410.8925,1,1653.9199999999585,10.0,-2.1900000000000546,0.6999999999998181
2024-08-05 23:15:00,2024-08-05 23:20:00,Long,2408.69,2408.69,0.0,SL Hit,2408.69,1,1653.9199999999585,5.0,-0.13999999999987267,1.2100000000000364
2024-08-05 23:35:00,2024-08-06 00:10:00,Short,2408.4,2409.2525,-0.8524999999999636,SL Hit,2409.2525,1,1653.0674999999585,35.0,1.199999999999818,-3.7800000000002
2024-08-06 00:20:00,2024-08-06 01:45:00,Long,2414.0733333333333,2412.36,-5.139999999999418,SL Hit,2412.36,3,1647.927499999959,85.0,-4.3733333333334485,3.696666666666715
2024-08-06 04:40:00,2024-08-06 05:15:00,Short,2409.22,2411.1450000000004,-1.9250000000006366,SL Hit,2411.1450000000004,1,1646.0024999999584,35.0,1.9700000000002547,-1.819999999999709
2024-08-06 07:25:00,2024-08-06 10:50:00,Long,2410.611111111111,2413.42,25.28000000000293,SL Hit,2413.42,9,1671.2824999999614,205.0,-6.581111111110658,4.688888888889323
2024-08-06 11:20:00,2024-08-06 11:30:00,Short,2410.69,2413.1924999999997,-2.5024999999996,SL Hit,2413.1924999999997,1,1668.7799999999618,10.0,3.2899999999999636,-0.38999999999987267
2024-08-06 13:50:00,2024-08-06 14:20:00,Long,2396.8199999999997,2392.35,-8.9399999999996,SL Hit,2392.35,2,1659.8399999999622,30.0,-5.099999999999909,5.2400000000002365
2024-08-06 14:25:00,2024-08-06 14:40:00,Short,2392.77,2392.77,0.0,SL Hit,2392.77,1,1659.8399999999622,15.0,0.3000000000001819,-5.869999999999891
2024-08-06 15:05:00,2024-08-06 15:55:00,Short,2385.86,2387.51,-4.950000000000273,SL Hit,2387.51,3,1654.889999999962,50.0,3.4600000000000364,-4.050000000000182
2024-08-06 16:00:00,2024-08-06 16:05:00,Long,2387.69,2386.9199999999996,-0.7700000000004366,SL Hit,2386.9199999999996,1,1654.1199999999615,5.0,-1.300000000000182,0.75
2024-08-06 17:55:00,2024-08-06 18:55:00,Long,2392.795,2393.42,2.5,SL Hit,2393.42,4,1656.6199999999615,60.0,-1.4549999999999272,2.775000000000091
2024-08-07 01:05:00,2024-08-07 01:15:00,Long,2385.74,2382.4675000000007,-3.272499999999127,SL Hit,2382.4675000000007,1,1653.3474999999623,10.0,-3.5799999999999272,1.5200000000004366
2024-08-07 02:25:00,2024-08-07 02:45:00,Long,2385.42,2383.1649999999995,-2.255000000000564,SL Hit,2383.1649999999995,1,1651.0924999999618,20.0,-2.7400000000002365,2.9099999999998545
2024-08-07 05:45:00,2024-08-07 06:10:00,Short,2392.7,2393.2775,-0.5775000000003274,SL Hit,2393.2775,1,1650.5149999999614,25.0,0.6900000000000546,-3.6299999999996544
2024-08-07 06:30:00,2024-08-07 09:00:00,Short,2394.37,2394.17,0.7999999999992724,SL Hit,2394.17,4,1651.3149999999607,150.0,2.2800000000002,-6.210000000000036
2024-08-07 09:55:00,2024-08-07 11:40:00,Long,2395.7925,2395.64,-0.6100000000005821,SL Hit,2395.64,4,1650.7049999999601,105.0,-2.7424999999998363,2.6774999999997817
2024-08-07 13:45:00,2024-08-07 14:00:00,Short,2401.02,2401.02,0.0,SL Hit,2401.02,1,1650.7049999999601,15.0,0.32999999999992724,-3.300000000000182
2024-08-07 17:25:00,2024-08-07 17:35:00,Short,2393.4,2393.4,0.0,SL Hit,2393.4,1,1650.7049999999601,10.0,0.6100000000001273,-3.099999999999909
2024-08-07 18:35:00,2024-08-07 18:40:00,Short,2387.32,2387.32,0.0,SL Hit,2387.32,1,1650.7049999999601,5.0,0.03999999999996362,-3.1200000000003456
2024-08-07 22:30:00,2024-08-08 00:00:00,Long,2384.09,2384.2,0.4399999999986903,SL Hit,2384.2,4,1651.1449999999588,90.0,-1.7899999999999636,1.6700000000000728
2024-08-08 01:05:00,2024-08-08 01:15:00,Long,2388.11,2388.11,0.0,SL Hit,2388.11,1,1651.1449999999588,10.0,-1.680000000000291,2.569999999999709
2024-08-08 01:20:00,2024-08-08 01:30:00,Long,2387.55,2386.43,-2.240000000000691,SL Hit,2386.43,2,1648.9049999999581,10.0,-1.5300000000002,1.9399999999995998
2024-08-08 01:35:00,2024-08-08 01:40:00,Long,2385.3,2385.3,0.0,SL Hit,2385.3,1,1648.9049999999581,5.0,-0.03000000000020009,1.3899999999998727
2024-08-08 02:30:00,2024-08-08 03:15:00,Long,2389.3366666666666,2388.19,-3.4399999999996,SL Hit,2388.19,3,1645.4649999999585,45.0,-1.7666666666664241,1.3433333333332484
2024-08-08 05:35:00,2024-08-08 06:15:00,Long,2393.77,2392.47,-2.600000000000364,SL Hit,2392.47,2,1642.8649999999582,40.0,-1.4699999999998,1.5700000000001637
2024-08-08 06:25:00,2024-08-08 07:10:00,Long,2398.24,2396.51,-5.18999999999869,SL Hit,2396.51,3,1637.6749999999595,45.0,-3.2199999999998,2.1100000000001273
2024-08-08 07:50:00,2024-08-08 08:25:00,Long,2396.52,2394.7874999999995,-1.7325000000005275,SL Hit,2394.7874999999995,1,1635.942499999959,35.0,-2.269999999999982,1.2699999999999818
2024-08-08 12:25:00,2024-08-08 12:30:00,Long,2412.7,2412.7,0.0,SL Hit,2412.7,1,1635.942499999959,5.0,-3.6899999999996,1.7899999999999636
2024-08-08 15:00:00,2024-08-08 16:35:00,Long,2415.8733333333334,2419.2,9.979999999999109,SL Hit,2419.2,3,1645.922499999958,95.0,-3.733333333333576,7.506666666666661
2024-08-08 16:40:00,2024-08-08 16:45:00,Short,2419.75,2419.75,0.0,SL Hit,2419.75,1,1645.922499999958,5.0,0.36000000000012733,-1.4200000000000728
2024-08-08 18:10:00,2024-08-08 18:55:00,Long,2424.9966666666664,2423.57,-4.279999999998836,SL Hit,2423.57,3,1641.6424999999592,45.0,-2.3966666666665333,0.9933333333333394
2024-08-08 19:00:00,2024-08-08 19:25:00,Short,2423.025,2424.32,-2.5900000000001455,SL Hit,2424.32,2,1639.052499999959,25.0,1.5050000000001091,-0.7950000000000728
2024-08-08 20:10:00,2024-08-08 22:15:00,Long,2424.98,2424.63,-1.0499999999997272,SL Hit,2424.63,3,1638.0024999999594,125.0,-1.5,2.3899999999998727
2024-08-08 23:20:00,2024-08-08 23:35:00,Short,2424.42,2424.42,0.0,SL Hit,2424.42,1,1638.0024999999594,15.0,0.44000000000005457,-1.3800000000001091
2024-08-09 01:10:00,2024-08-09 01:30:00,Short,2421.16,2424.955,-3.7950000000000728,SL Hit,2424.955,1,1634.2074999999593,20.0,4.100000000000364,-0.9899999999997817
2024-08-09 01:35:00,2024-08-09 02:30:00,Long,2424.816666666666,2424.2,-1.8499999999989996,SL Hit,2424.2,3,1632.3574999999603,55.0,-1.4166666666660603,4.05333333333374
2024-08-09 02:35:00,2024-08-09 02:40:00,Short,2424.65,2424.65,0.0,SL Hit,2424.65,1,1632.3574999999603,5.0,0.6300000000001091,-1.5
2024-08-09 03:45:00,2024-08-09 03:50:00,Short,2420.65,2420.8424999999993,-0.19249999999919964,SL Hit,2420.8424999999993,1,1632.164999999961,5.0,0.650000000000091,-1.3400000000001455
2024-08-09 03:55:00,2024-08-09 04:10:00,Short,2421.0550000000003,2421.38,-0.6499999999996362,SL Hit,2421.38,2,1631.5149999999614,15.0,0.6449999999995271,-1.855000000000473
2024-08-09 04:15:00,2024-08-09 04:30:00,Short,2421.045,2421.7,-1.3099999999994907,SL Hit,2421.7,2,1630.204999999962,15.0,1.0149999999998727,-0.36500000000023647
2024-08-09 04:35:00,2024-08-09 05:30:00,Long,2421.8433333333332,2421.7,-0.43000000000029104,SL Hit,2421.7,3,1629.7749999999617,55.0,-0.9633333333331393,2.5466666666666242
2024-08-09 07:15:00,2024-08-09 08:25:00,Long,2422.2,2423.16,1.9200000000000728,SL Hit,2423.16,2,1631.6949999999617,70.0,-1.2899999999999636,4.3400000000001455
2024-08-09 12:25:00,2024-08-09 13:40:00,Long,2425.455,2423.98,-2.949999999999818,SL Hit,2423.98,2,1628.744999999962,75.0,-2.3049999999998363,7.4050000000002
2024-08-09 16:55:00,2024-08-09 17:35:00,Long,2433.46,2432.9100000000008,-0.5499999999992724,SL Hit,2432.9100000000008,1,1628.1949999999626,40.0,-0.5799999999999272,3.4099999999998545
2024-08-09 20:50:00,2024-08-11 22:00:00,Long,2429.51,2430.27,1.519999999999527,SL Hit,2430.27,2,1629.7149999999622,2950.0,-2.5400000000004184,2.4399999999996
2024-08-11 23:40:00,2024-08-11 23:50:00,Short,2428.175,2429.03,-1.7100000000000364,SL Hit,2429.03,2,1628.0049999999621,10.0,1.1649999999999636,-1.375
2024-08-11 23:55:00,2024-08-12 00:00:00,Long,2427.2,2427.2,0.0,SL Hit,2427.2,1,1628.0049999999621,5.0,-0.29999999999972715,1.150000000000091
2024-08-12 01:00:00,2024-08-12 01:35:00,Long,2428.865,2427.2,-3.3299999999999272,SL Hit,2427.2,2,1624.6749999999622,35.0,-2.544999999999618,1.205000000000382
2024-08-12 02:05:00,2024-08-12 02:10:00,Short,2424.72,2425.1050000000005,-0.385000000000673,SL Hit,2425.1050000000005,1,1624.2899999999615,5.0,1.2800000000002,-0.9299999999998363
2024-08-12 03:30:00,2024-08-12 03:35:00,Long,2426.81,2426.3,-1.019999999999527,SL Hit,2426.3,2,1623.269999999962,5.0,-0.5199999999999818,0.49000000000023647
2024-08-12 06:00:00,2024-08-12 08:25:00,Long,2437.6216666666664,2440.23,15.650000000001455,SL Hit,2440.23,6,1638.9199999999635,145.0,-4.511666666666315,5.118333333333339
2024-08-12 08:30:00,2024-08-12 08:40:00,Short,2440.87,2441.0899999999997,-0.2199999999997999,SL Hit,2441.0899999999997,1,1638.6999999999637,10.0,0.3000000000001819,-1.3399999999996908
2024-08-12 09:10:00,2024-08-12 09:45:00,Long,2441.99,2441.63,-1.0799999999990177,SL Hit,2441.63,3,1637.6199999999646,35.0,-1.069999999999709,2.580000000000382
2024-08-12 10:25:00,2024-08-12 10:30:00,Short,2442.68,2442.68,0.0,SL Hit,2442.68,1,1637.6199999999646,5.0,0.7600000000002183,-0.7899999999999636
2024-08-12 10:35:00,2024-08-12 10:40:00,Long,2443.29,2443.29,0.0,SL Hit,2443.29,1,1637.6199999999646,5.0,-0.09000000000014552,1.3600000000001273
2024-08-12 11:35:00,2024-08-12 12:00:00,Short,2441.35,2442.0924999999997,-0.7424999999998363,SL Hit,2442.0924999999997,1,1636.8774999999648,25.0,1.6900000000000546,-1.6399999999998727
2024-08-12 16:05:00,2024-08-12 17:15:00,Long,2463.64,2462.6,-3.119999999999891,SL Hit,2462.6,3,1633.757499999965,70.0,-2.230000000000018,2.1400000000003274
2024-08-12 18:20:00,2024-08-12 19:15:00,Long,2469.376666666667,2469.6,0.6699999999987085,SL Hit,2469.6,3,1634.4274999999636,55.0,-1.0866666666670426,1.7733333333330847
2024-08-12 20:30:00,2024-08-12 20:35:00,Long,2471.72,2471.72,0.0,SL Hit,2471.72,1,1634.4274999999636,5.0,-0.15999999999985448,0.40000000000009095
2024-08-12 21:00:00,2024-08-12 22:00:00,Long,2471.67,2471.67,0.0,SL Hit,2471.67,1,1634.4274999999636,60.0,-1.900000000000091,0.21000000000003638
2024-08-12 22:35:00,2024-08-12 22:55:00,Long,2472.74,2472.5475000000006,-0.19249999999919964,SL Hit,2472.5475000000006,1,1634.2349999999644,20.0,-0.23999999999978172,1.25
2024-08-12 23:40:00,2024-08-12 23:45:00,Long,2473.9,2473.9,0.0,SL Hit,2473.9,1,1634.2349999999644,5.0,-0.8000000000001819,1.1399999999998727
2024-08-12 23:55:00,2024-08-13 00:30:00,Long,2475.615,2473.1,-5.029999999999745,SL Hit,2473.1,2,1629.2049999999647,35.0,-3.574999999999818,1.1050000000000182
2024-08-13 04:00:00,2024-08-13 04:35:00,Long,2463.41,2462.2825000000003,-1.1274999999995998,SL Hit,2462.2825000000003,1,1628.077499999965,35.0,-1.1700000000000728,1.3800000000001091
2024-08-13 04:45:00,2024-08-13 05:35:00,Short,2461.125,2462.23,-2.2100000000000364,SL Hit,2462.23,2,1625.867499999965,50.0,1.375,-2.724999999999909
2024-08-13 10:20:00,2024-08-13 10:25:00,Long,2461.92,2461.6724999999997,-0.24750000000040018,SL Hit,2461.6724999999997,1,1625.6199999999646,5.0,-0.8099999999999454,1.4299999999998363
2024-08-13 10:50:00,2024-08-13 11:10:00,Short,2462.0,2462.9350000000004,-0.9350000000004002,SL Hit,2462.9350000000004,1,1624.6849999999642,20.0,1.7100000000000364,-1.099999999999909
2024-08-13 18:20:00,2024-08-13 19:10:00,Short,2467.76,2468.2549999999997,-0.4949999999994361,SL Hit,2468.2549999999997,1,1624.1899999999648,50.0,0.9299999999998363,-2.2600000000002183
2024-08-13 19:30:00,2024-08-13 20:15:00,Short,2465.0699999999997,2467.39,-4.640000000000327,SL Hit,2467.39,2,1619.5499999999645,45.0,2.3900000000003274,-2.569999999999709
2024-08-13 22:25:00,2024-08-13 22:35:00,Short,2464.8,2465.3499999999995,-0.5499999999992724,SL Hit,2465.3499999999995,1,1618.9999999999652,10.0,0.6599999999998545,-1.0
2024-08-13 23:10:00,2024-08-14 00:10:00,Short,2465.04,2465.6725,-0.6325000000001637,SL Hit,2465.6725,1,1618.367499999965,60.0,0.9800000000000182,-2.0599999999999454
2024-08-14 00:20:00,2024-08-14 00:25:00,Long,2465.17,2465.17,0.0,SL Hit,2465.17,1,1618.367499999965,5.0,-0.07000000000016371,1.1399999999998727
2024-08-14 01:00:00,2024-08-14 01:50:00,Long,2466.835,2465.22,-3.230000000000473,SL Hit,2465.22,2,1615.1374999999646,50.0,-2.3049999999998363,5.154999999999745
2024-08-14 02:00:00,2024-08-14 04:05:00,Short,2461.2349999999997,2461.14,0.37999999999919964,SL Hit,2461.14,4,1615.5174999999638,125.0,3.9650000000001455,-5.3849999999997635
2024-08-14 05:00:00,2024-08-14 05:15:00,Long,2461.82,2461.2425000000003,-0.5774999999998727,SL Hit,2461.2425000000003,1,1614.939999999964,15.0,-1.7200000000002547,0.25
2024-08-14 05:20:00,2024-08-14 05:55:00,Short,2460.77,2461.48,-1.4200000000000728,SL Hit,2461.48,2,1613.5199999999638,35.0,1.3899999999998727,-1.5300000000002
2024-08-14 06:20:00,2024-08-14 09:25:00,Long,2468.2925,2473.95,22.6299999999992,SL Hit,2473.95,4,1636.149999999963,185.0,-5.682499999999891,9.9074999999998
2024-08-14 10:30:00,2024-08-14 10:35:00,Short,2472.31,2472.9700000000007,-0.660000000000764,SL Hit,2472.9700000000007,1,1635.4899999999623,5.0,0.7300000000000182,-1.2100000000000364
2024-08-14 12:20:00,2024-08-14 12:35:00,Short,2473.62,2474.2250000000004,-0.6050000000004729,SL Hit,2474.2250000000004,1,1634.8849999999618,15.0,1.5900000000001455,-10.460000000000036
2024-08-14 18:20:00,2024-08-14 22:00:00,Long,2443.0280000000002,2447.61,22.9099999999994,SL Hit,2447.61,5,1657.7949999999612,220.0,-7.41800000000012,5.661999999999807
2024-08-15 01:50:00,2024-08-15 02:00:00,Short,2449.25,2450.8999999999996,-1.6499999999996362,SL Hit,2450.8999999999996,1,1656.1449999999616,10.0,1.6599999999998545,-1.75
2024-08-15 02:30:00,2024-08-15 05:15:00,Long,2451.94,2451.47,-1.410000000000764,SL Hit,2451.47,3,1654.7349999999608,165.0,-1.2400000000002365,3.3200000000001637
2024-08-15 05:20:00,2024-08-15 05:55:00,Short,2452.99,2453.265000000001,-0.27500000000100044,SL Hit,2453.265000000001,1,1654.4599999999598,35.0,1.6600000000003092,-2.8899999999998727
2024-08-15 06:00:00,2024-08-15 06:50:00,Long,2454.18,2453.98,-0.3999999999996362,SL Hit,2453.98,2,1654.0599999999602,50.0,-1.5299999999997453,4.440000000000055
2024-08-15 06:55:00,2024-08-15 07:15:00,Short,2455.0550000000003,2455.91,-1.7099999999991269,SL Hit,2455.91,2,1652.349999999961,20.0,1.0549999999998363,-0.6050000000004729
2024-08-15 07:25:00,2024-08-15 07:30:00,Long,2455.3,2455.3,0.0,SL Hit,2455.3,1,1652.349999999961,5.0,-0.41000000000030923,1.069999999999709
2024-08-15 07:50:00,2024-08-15 08:15:00,Long,2455.615,2454.5,-2.2299999999995634,SL Hit,2454.5,2,1650.1199999999615,25.0,-2.0849999999995816,0.455000000000382
2024-08-15 09:55:00,2024-08-15 12:30:00,Long,2459.338,2460.8,7.309999999999945,SL Hit,2460.8,5,1657.4299999999614,155.0,-3.2380000000002838,10.361999999999625
2024-08-15 17:15:00,2024-08-15 18:05:00,Short,2455.535,2456.19,-1.3100000000004002,SL Hit,2456.19,2,1656.119999999961,50.0,1.0850000000000364,-2.2349999999996726
2024-08-15 18:25:00,2024-08-15 19:45:00,Long,2456.8999999999996,2456.6,-0.5999999999994543,SL Hit,2456.6,2,1655.5199999999616,80.0,-2.039999999999509,4.650000000000546
2024-08-15 20:30:00,2024-08-15 20:35:00,Short,2455.93,2456.6175,-0.6875,SL Hit,2456.6175,1,1654.8324999999616,5.0,1.4200000000000728,-0.7699999999999818
2024-08-15 22:45:00,2024-08-15 23:05:00,Short,2454.92,2455.3599999999997,-0.4399999999995998,SL Hit,2455.3599999999997,1,1654.392499999962,20.0,0.5399999999999636,-0.5
2024-08-15 23:20:00,2024-08-16 00:40:00,Long,2456.32,2456.13,-0.38000000000010914,SL Hit,2456.13,2,1654.0124999999618,80.0,-0.8200000000001637,3.2799999999997453
2024-08-16 02:15:00,2024-08-16 04:30:00,Short,2453.9075000000003,2453.16,2.9900000000016007,SL Hit,2453.16,4,1657.0024999999634,135.0,2.382499999999709,-3.5075000000001637
2024-08-16 04:55:00,2024-08-16 05:20:00,Short,2453.12,2453.39,-0.5399999999999636,SL Hit,2453.39,2,1656.4624999999635,25.0,0.9800000000000182,-0.5599999999999454
2024-08-16 06:55:00,2024-08-16 07:40:00,Short,2453.52,2454.43,-1.819999999999709,SL Hit,2454.43,2,1654.6424999999638,45.0,1.8299999999999272,-2.0599999999999454
2024-08-16 10:55:00,2024-08-16 14:20:00,Long,2479.528333333333,2484.58,30.3100000000004,SL Hit,2484.58,6,1684.9524999999642,205.0,-15.528333333333194,20.171666666666624
2024-08-16 18:10:00,2024-08-18 22:00:00,Long,2503.718,2506.11,11.9600000000014,SL Hit,2506.11,5,1696.9124999999656,3110.0,-6.217999999999847,5.782000000000153
2024-08-18 22:55:00,2024-08-18 23:10:00,Long,2504.325,2503.3,-2.0499999999992724,SL Hit,2503.3,2,1694.8624999999663,15.0,-1.324999999999818,0.6649999999999636
2024-08-18 23:45:00,2024-08-19 00:20:00,Long,2505.2933333333335,2504.1,-3.5800000000008367,SL Hit,2504.1,3,1691.2824999999655,35.0,-1.5933333333337032,1.3466666666663514
2024-08-19 02:35:00,2024-08-19 04:15:00,Long,2501.5575,2502.28,2.890000000001237,SL Hit,2502.28,4,1694.1724999999667,100.0,-2.417500000000018,3.912499999999909
2024-08-19 04:50:00,2024-08-19 05:25:00,Short,2500.29,2501.0,-1.4200000000000728,SL Hit,2501.0,2,1692.7524999999666,35.0,1.050000000000182,-1.3099999999999454
2024-08-19 05:35:00,2024-08-19 06:20:00,Long,2502.115,2499.81,-4.609999999999673,SL Hit,2499.81,2,1688.142499999967,45.0,-3.6149999999997817,2.3850000000002183
2024-08-19 08:15:00,2024-08-19 08:45:00,Long,2504.77,2503.4225000000006,-1.3474999999993997,SL Hit,2503.4225000000006,1,1686.7949999999676,30.0,-2.0099999999997635,1.8600000000001273
2024-08-19 09:15:00,2024-08-19 09:20:00,Short,2502.27,2502.49,-0.2199999999997999,SL Hit,2502.49,1,1686.5749999999678,5.0,0.6700000000000728,-0.36999999999989086
2024-08-19 12:20:00,2024-08-19 12:30:00,Long,2494.455,2492.39,-4.130000000000109,SL Hit,2492.39,2,1682.4449999999676,10.0,-2.5149999999998727,0.8550000000000182
2024-08-19 12:40:00,2024-08-19 13:30:00,Short,2491.545,2491.99,-0.8899999999994179,SL Hit,2491.99,2,1681.5549999999682,50.0,1.4149999999999636,-4.0349999999998545
2024-08-19 15:15:00,2024-08-19 15:40:00,Long,2503.69,2501.1325000000006,-2.557499999999436,SL Hit,2501.1325000000006,1,1678.9974999999688,25.0,-3.5100000000002183,1.9200000000000728
2024-08-19 16:35:00,2024-08-19 17:10:00,Long,2505.3,2503.1275000000005,-2.1724999999996726,SL Hit,2503.1275000000005,1,1676.8249999999691,35.0,-2.5,1.9399999999995998
2024-08-19 18:40:00,2024-08-19 19:10:00,Long,2504.17,2503.18,-0.9900000000002365,SL Hit,2503.18,1,1675.8349999999689,30.0,-1.0,0.7599999999997635
2024-08-19 19:15:00,2024-08-19 20:10:00,Long,2504.425,2503.7,-2.900000000001455,SL Hit,2503.7,4,1672.9349999999674,55.0,-1.055000000000291,1.224999999999909
2024-08-19 20:40:00,2024-08-19 22:50:00,Short,2503.6,2504.21,-1.830000000000382,SL Hit,2504.21,3,1671.104999999967,130.0,0.7400000000002365,-1.900000000000091
2024-08-19 23:40:00,2024-08-19 23:55:00,Short,2503.56,2503.5875000000005,-0.027500000000600267,SL Hit,2503.5875000000005,1,1671.0774999999664,15.0,0.07999999999992724,-0.8400000000001455
2024-08-20 07:35:00,2024-08-20 10:50:00,Long,2516.09,2520.86,14.309999999999945,SL Hit,2520.86,3,1685.3874999999664,195.0,-10.990000000000236,8.859999999999673
2024-08-20 17:15:00,2024-08-20 17:45:00,Long,2510.66,2510.04,-1.2399999999997817,SL Hit,2510.04,2,1684.1474999999666,30.0,-1.2999999999997272,1.900000000000091
2024-08-20 20:05:00,2024-08-20 20:50:00,Long,2515.31,2515.1,-0.42000000000007276,SL Hit,2515.1,2,1683.7274999999665,45.0,-1.5599999999999454,1.4900000000002365
2024-08-21 00:00:00,2024-08-21 00:25:00,Short,2512.75,2514.4275000000002,-1.6775000000002365,SL Hit,2514.4275000000002,1,1682.0499999999663,25.0,2.1599999999998545,-0.4499999999998181
2024-08-21 00:40:00,2024-08-21 00:50:00,Long,2514.3,2513.6949999999997,-0.6050000000004729,SL Hit,2513.6949999999997,1,1681.4449999999658,10.0,-1.3600000000001273,0.6899999999995998
2024-08-21 02:35:00,2024-08-21 02:55:00,Short,2518.35,2518.6525,-0.30250000000023647,SL Hit,2518.6525,1,1681.1424999999656,20.0,0.5,-1.3399999999996908
2024-08-21 04:25:00,2024-08-21 05:35:00,Short,2516.4049999999997,2517.3,-1.7900000000008731,SL Hit,2517.3,2,1679.3524999999647,70.0,1.1850000000004002,-2.5549999999998363
2024-08-21 06:05:00,2024-08-21 06:20:00,Short,2515.43,2516.2000000000003,-0.7700000000004366,SL Hit,2516.2000000000003,1,1678.5824999999643,15.0,2.1600000000003092,-3.9299999999998363
2024-08-21 06:35:00,2024-08-21 06:40:00,Long,2517.33,2515.9275000000007,-1.402499999999236,SL Hit,2515.9275000000007,1,1677.179999999965,5.0,-1.819999999999709,1.050000000000182
2024-08-21 10:05:00,2024-08-21 10:20:00,Short,2505.64,2506.465,-0.8250000000002728,SL Hit,2506.465,1,1676.3549999999648,15.0,0.9800000000000182,-0.36999999999989086
2024-08-21 10:55:00,2024-08-21 11:10:00,Long,2508.87,2506.95,-3.8400000000001455,SL Hit,2506.95,2,1672.5149999999646,15.0,-1.9899999999997817,0.6900000000000546
2024-08-21 11:30:00,2024-08-21 12:30:00,Long,2511.135,2509.99,-2.290000000000873,SL Hit,2509.99,2,1670.2249999999638,60.0,-2.3450000000002547,2.3649999999997817
2024-08-21 13:25:00,2024-08-21 14:10:00,Short,2502.63,2503.16,-1.0599999999994907,SL Hit,2503.16,2,1669.1649999999643,45.0,5.210000000000036,-7.579999999999927
2024-08-21 15:15:00,2024-08-21 19:20:00,Long,2508.4833333333336,2511.41,17.55999999999767,SL Hit,2511.41,6,1686.724999999962,245.0,-5.093333333333703,10.44666666666626
2024-08-21 19:35:00,2024-08-21 19:55:00,Long,2512.99,2512.0825,-0.9074999999997999,SL Hit,2512.0825,1,1685.8174999999621,20.0,-1.8899999999998727,2.400000000000091
2024-08-21 20:05:00,2024-08-21 20:15:00,Short,2510.92,2511.5249999999996,-0.6049999999995634,SL Hit,2511.5249999999996,1,1685.2124999999626,10.0,0.650000000000091,-1.2200000000002547
2024-08-22 04:05:00,2024-08-22 04:40:00,Short,2501.64,2501.64,0.0,SL Hit,2501.64,1,1685.2124999999626,35.0,0.12000000000034561,-2.049999999999727
2024-08-22 05:00:00,2024-08-22 05:05:00,Long,2501.83,2501.5824999999995,-0.24750000000040018,SL Hit,2501.5824999999995,1,1684.9649999999622,5.0,-0.75,0.5900000000001455
2024-08-22 08:50:00,2024-08-22 08:55:00,Short,2503.71,2503.71,0.0,SL Hit,2503.71,1,1684.9649999999622,5.0,0.17000000000007276,-0.7899999999999636
2024-08-22 10:30:00,2024-08-22 10:40:00,Long,2507.94,2507.3625,-0.5774999999998727,SL Hit,2507.3625,1,1684.3874999999623,10.0,-0.8400000000001455,0.9400000000000546
2024-08-22 13:20:00,2024-08-22 14:45:00,Short,2485.433333333333,2478.22,21.639999999999418,SL Hit,2478.22,3,1706.0274999999617,85.0,11.736666666667134,-14.30333333333283
2024-08-22 17:20:00,2024-08-22 17:30:00,Short,2481.83,2482.0775000000003,-0.24750000000040018,SL Hit,2482.0775000000003,1,1705.7799999999613,10.0,1.2699999999999818,-1.650000000000091
2024-08-22 20:10:00,2024-08-22 22:05:00,Long,2483.575,2483.64,0.13000000000010914,SL Hit,2483.64,2,1705.9099999999614,115.0,-0.9049999999997453,1.3850000000002183
2024-08-22 23:35:00,2024-08-23 01:30:00,Long,2488.0033333333336,2488.62,1.8499999999989996,SL Hit,2488.62,3,1707.7599999999604,115.0,-2.433333333333394,3.816666666666606
2024-08-23 05:05:00,2024-08-23 05:40:00,Long,2493.7,2493.425,-0.2749999999996362,SL Hit,2493.425,1,1707.4849999999608,35.0,-1.3899999999998727,1.8500000000003638
2024-08-23 06:35:00,2024-08-23 10:00:00,Long,2495.875,2498.1,8.899999999999636,SL Hit,2498.1,4,1716.3849999999604,205.0,-4.085000000000036,5.724999999999909
2024-08-23 17:00:00,2024-08-23 17:50:00,Long,2511.545,2510.17,-2.75,SL Hit,2510.17,2,1713.6349999999604,50.0,-1.8450000000002547,1.6050000000000182
2024-08-23 17:55:00,2024-08-23 18:05:00,Short,2510.97,2510.97,0.0,SL Hit,2510.97,1,1713.6349999999604,10.0,0.15000000000009095,-1.7300000000000182
2024-08-23 20:45:00,2024-08-25 22:20:00,Long,2512.2166666666667,2511.2,-3.0500000000006366,SL Hit,2511.2,3,1710.5849999999598,2975.0,-1.8866666666667697,2.163333333333412
2024-08-26 00:45:00,2024-08-26 01:25:00,Short,2513.94,2515.19,-2.5,SL Hit,2515.19,2,1708.0849999999598,40.0,1.25,-1.5399999999999636
2024-08-26 03:35:00,2024-08-26 05:05:00,Short,2510.0133333333333,2509.99,0.07000000000061846,SL Hit,2509.99,3,1708.1549999999604,90.0,1.4466666666667152,-1.4133333333334122
2024-08-26 06:25:00,2024-08-26 10:30:00,Long,2522.096,2522.84,3.7200000000007094,SL Hit,2522.84,5,1711.8749999999611,245.0,-11.715999999999894,4.44399999999996
2024-08-26 15:00:00,2024-08-26 15:50:00,Short,2516.02,2516.9550000000004,-0.9350000000004002,SL Hit,2516.9550000000004,1,1710.9399999999607,50.0,1.1399999999998727,-4.389999999999873
2024-08-26 23:05:00,2024-08-26 23:10:00,Short,2517.04,2517.205,-0.16499999999996362,SL Hit,2517.205,1,1710.7749999999608,5.0,0.38000000000010914,-0.13999999999987267
2024-08-26 23:30:00,2024-08-27 02:35:00,Short,2513.567142857143,2507.45,42.82000000000335,SL Hit,2507.45,7,1753.594999999964,185.0,3.772857142856992,-7.7671428571429715
2024-08-27 04:40:00,2024-08-27 05:05:00,Short,2507.51,2507.7024999999994,-0.19249999999919964,SL Hit,2507.7024999999994,1,1753.402499999965,25.0,0.9399999999995998,-1.0
2024-08-27 05:15:00,2024-08-27 06:40:00,Long,2511.6,2513.71,4.220000000000255,SL Hit,2513.71,2,1757.6224999999652,85.0,-3.230000000000018,5.5300000000002
2024-08-27 07:15:00,2024-08-27 07:20:00,Long,2514.68,2514.405,-0.2749999999996362,SL Hit,2514.405,1,1757.3474999999655,5.0,-2.199999999999818,0.6600000000003092
2024-08-27 07:25:00,2024-08-27 09:05:00,Short,2511.5933333333337,2512.02,-1.2799999999988358,SL Hit,2512.02,3,1756.0674999999667,100.0,2.3066666666663878,-7.583333333333485
2024-08-27 11:15:00,2024-08-27 12:30:00,Long,2510.71,2510.25,-0.9200000000000728,SL Hit,2510.25,2,1755.1474999999666,75.0,-2.9700000000002547,3.300000000000182
2024-08-27 15:05:00,2024-08-27 15:10:00,Short,2516.32,2516.32,0.0,SL Hit,2516.32,1,1755.1474999999666,5.0,0.11999999999989086,-0.9600000000000364
2024-08-27 18:15:00,2024-08-27 20:55:00,Long,2523.7799999999997,2524.0,1.5400000000017826,SL Hit,2524.0,7,1756.6874999999684,160.0,-3.1599999999998545,1.930000000000291
2024-08-28 00:10:00,2024-08-28 07:00:00,Short,2515.2262499999997,2508.63,52.7699999999968,SL Hit,2508.63,8,1809.4574999999652,410.0,10.363750000000437,-11.336249999999836
2024-08-28 09:05:00,2024-08-28 10:10:00,Long,2509.23,2508.06,-2.3400000000001455,SL Hit,2508.06,2,1807.117499999965,65.0,-2.3600000000001273,2.050000000000182
2024-08-28 10:35:00,2024-08-28 13:10:00,Short,2503.7425,2503.81,-0.27000000000043656,SL Hit,2503.81,4,1806.8474999999646,155.0,3.287500000000364,-9.702499999999873
2024-08-28 14:05:00,2024-08-28 14:45:00,Long,2505.22,2504.89,-0.6599999999998545,SL Hit,2504.89,2,1806.1874999999648,40.0,-1.0299999999997453,3.5400000000004184
2024-08-28 16:10:00,2024-08-28 17:25:00,Short,2503.0533333333333,2503.09,-0.11000000000058208,SL Hit,2503.09,3,1806.0774999999642,75.0,3.0266666666666424,-6.61333333333323
2024-08-28 19:55:00,2024-08-28 20:20:00,Short,2507.6549999999997,2508.25,-1.1900000000005093,SL Hit,2508.25,2,1804.8874999999637,25.0,0.6850000000004002,-0.5849999999995816
2024-08-28 22:05:00,2024-08-28 22:10:00,Short,2505.1,2505.925,-0.8250000000002728,Bullish Trade Reversal,2505.925,1,1804.0624999999634,5.0,0.3000000000001819,-10.599999999999909
2024-08-28 22:10:00,2024-08-28 23:05:00,Long,2505.353333333333,2505.84,1.4600000000014006,SL Hit,2505.84,3,1805.5224999999648,55.0,-10.853333333333012,3.2366666666671335
2024-08-28 23:10:00,2024-08-28 23:30:00,Short,2507.36,2507.4700000000003,-0.11000000000012733,SL Hit,2507.4700000000003,1,1805.4124999999647,20.0,0.1799999999998363,-1.0599999999999454
2024-08-29 05:00:00,2024-08-29 05:15:00,Short,2515.7,2515.7,0.0,SL Hit,2515.7,1,1805.4124999999647,15.0,0.12000000000034561,-1.8299999999999272
2024-08-29 07:40:00,2024-08-29 07:55:00,Short,2515.81,2517.6525,-1.8425000000002,SL Hit,2517.6525,1,1803.5699999999645,15.0,2.950000000000273,-0.4899999999997817
2024-08-29 11:45:00,2024-08-29 13:40:00,Short,2517.4166666666665,2514.19,9.679999999999382,SL Hit,2514.19,3,1813.2499999999638,115.0,4.703333333333376,-13.47666666666646
2024-08-29 13:50:00,2024-08-29 16:05:00,Long,2517.9133333333334,2518.71,2.3899999999998727,SL Hit,2518.71,3,1815.6399999999637,135.0,-3.9933333333333394,7.146666666666533
2024-08-29 16:25:00,2024-08-29 16:35:00,Long,2522.81,2521.8749999999995,-0.9350000000004002,SL Hit,2521.8749999999995,1,1814.7049999999633,10.0,-1.1100000000001273,1.0599999999999454
2024-08-29 17:30:00,2024-08-29 17:45:00,Long,2527.0,2524.0024999999996,-2.9975000000004,SL Hit,2524.0024999999996,1,1811.707499999963,15.0,-3.5100000000002183,0.6700000000000728
2024-08-29 18:40:00,2024-08-29 18:50:00,Long,2522.85,2521.392500000001,-1.4574999999990723,SL Hit,2521.392500000001,1,1810.2499999999638,10.0,-2.25,0.9100000000003092
2024-08-29 20:40:00,2024-08-29 20:45:00,Short,2521.89,2521.89,0.0,SL Hit,2521.89,1,1810.2499999999638,5.0,0.11000000000012733,-0.75
2024-08-29 23:00:00,2024-08-30 01:20:00,Short,2518.888,2517.82,5.339999999998781,SL Hit,2517.82,5,1815.5899999999626,140.0,1.8020000000001346,-3.7480000000000473
2024-08-30 02:25:00,2024-08-30 02:35:00,Short,2515.735,2516.25,-1.0299999999997453,SL Hit,2516.25,2,1814.5599999999629,10.0,1.275000000000091,-0.3949999999999818
2024-08-30 05:25:00,2024-08-30 05:45:00,Long,2514.2799999999997,2513.31,-1.9399999999995998,SL Hit,2513.31,2,1812.6199999999633,20.0,-1.7099999999995816,1.7200000000002547
2024-08-30 10:00:00,2024-08-30 11:40:00,Short,2522.2400000000002,2521.31,2.790000000000873,SL Hit,2521.31,3,1815.4099999999642,100.0,2.2899999999999636,-7.290000000000418
2024-08-30 12:40:00,2024-08-30 13:40:00,Short,2517.3866666666668,2517.56,-0.5199999999995271,SL Hit,2517.56,3,1814.8899999999646,60.0,4.633333333333212,-4.216666666666697
2024-08-30 13:50:00,2024-08-30 13:55:00,Long,2515.2,2515.2,0.0,SL Hit,2515.2,1,1814.8899999999646,5.0,-0.169999999999618,2.300000000000182
2024-08-30 14:10:00,2024-08-30 17:55:00,Short,2507.441666666667,2499.23,49.270000000002256,SL Hit,2499.23,6,1864.1599999999669,225.0,10.718333333332794,-12.651666666667097
2024-08-30 19:00:00,2024-08-30 19:35:00,Short,2502.15,2502.15,0.0,SL Hit,2502.15,1,1864.1599999999669,35.0,-0.0,-3.950000000000273
2024-09-01 23:05:00,2024-09-01 23:35:00,Short,2503.12,2503.12,0.0,SL Hit,2503.12,1,1864.1599999999669,30.0,0.34999999999990905,-2.2199999999998
2024-09-02 02:35:00,2024-09-02 03:10:00,Short,2492.64,2492.69,-0.1000000000003638,SL Hit,2492.69,2,1864.0599999999665,35.0,0.6600000000003092,-2.400000000000091
2024-09-02 04:35:00,2024-09-02 04:40:00,Short,2497.12,2497.2299999999996,-0.10999999999967258,SL Hit,2497.2299999999996,1,1863.9499999999668,5.0,0.41000000000030923,-0.5899999999996908
2024-09-02 05:30:00,2024-09-02 05:35:00,Short,2496.27,2496.27,0.0,SL Hit,2496.27,1,1863.9499999999668,5.0,0.5900000000001455,-0.9899999999997817
2024-09-02 06:05:00,2024-09-02 06:55:00,Long,2498.0299999999997,2497.38,-1.2999999999992724,SL Hit,2497.38,2,1862.6499999999676,50.0,-1.4799999999995634,3.0200000000004366
2024-09-02 10:55:00,2024-09-02 11:50:00,Short,2498.895,2499.8,-1.8100000000004002,SL Hit,2499.8,2,1860.8399999999672,55.0,1.1449999999999818,-1.7449999999998909
2024-09-02 15:50:00,2024-09-02 15:55:00,Short,2500.79,2500.8725000000004,-0.08250000000043656,SL Hit,2500.8725000000004,1,1860.7574999999667,5.0,0.36000000000012733,-0.25
2024-09-02 16:05:00,2024-09-02 16:15:00,Long,2501.44,2500.834999999999,-0.6050000000009277,SL Hit,2500.834999999999,1,1860.1524999999658,10.0,-0.8800000000001091,0.19000000000005457
2024-09-02 17:50:00,2024-09-02 18:00:00,Short,2499.7,2499.7,0.0,SL Hit,2499.7,1,1860.1524999999658,10.0,0.07000000000016371,-1.0099999999997635
2024-09-02 22:50:00,2024-09-02 22:55:00,Short,2497.83,2497.83,0.0,SL Hit,2497.83,1,1860.1524999999658,5.0,0.11000000000012733,-0.25
2024-09-03 00:35:00,2024-09-03 02:40:00,Short,2495.02,2495.33,-0.6199999999998909,SL Hit,2495.33,2,1859.532499999966,125.0,1.25,-4.900000000000091
2024-09-03 03:35:00,2024-09-03 04:20:00,Short,2494.82,2495.3975,-0.5774999999998727,SL Hit,2495.3975,1,1858.954999999966,45.0,0.9800000000000182,-1.8200000000001637
2024-09-03 05:05:00,2024-09-03 06:15:00,Short,2494.5733333333333,2495.52,-2.8400000000001455,SL Hit,2495.52,3,1856.114999999966,70.0,1.6866666666669516,-1.8633333333332303
2024-09-03 06:50:00,2024-09-03 09:50:00,Long,2500.25,2502.11,7.440000000000509,SL Hit,2502.11,4,1863.5549999999664,180.0,-4.170000000000073,5.7199999999998
2024-09-03 13:30:00,2024-09-03 15:25:00,Short,2483.124,2481.68,7.2199999999998,SL Hit,2481.68,5,1870.7749999999662,115.0,10.006000000000313,-9.023999999999887
2024-09-04 00:50:00,2024-09-04 01:30:00,Short,2493.02,2493.96,-1.8800000000001091,SL Hit,2493.96,2,1868.894999999966,40.0,0.9800000000000182,-1.7100000000000364
2024-09-04 01:35:00,2024-09-04 03:25:00,Long,2493.8075,2494.51,2.8100000000013097,SL Hit,2494.51,4,1871.7049999999674,110.0,-1.7174999999997453,2.912499999999909
2024-09-04 07:55:00,2024-09-04 09:30:00,Short,2480.3275,2476.11,16.86999999999898,SL Hit,2476.11,4,1888.5749999999664,95.0,4.332499999999982,-8.377500000000055
2024-09-04 14:05:00,2024-09-04 14:40:00,Short,2493.4700000000003,2498.39,-9.839999999999236,SL Hit,2498.39,2,1878.7349999999672,35.0,5.519999999999527,-4.7800000000002
2024-09-04 14:45:00,2024-09-04 15:30:00,Long,2497.225,2494.17,-6.109999999999673,SL Hit,2494.17,2,1872.6249999999675,45.0,-3.3449999999998,2.6150000000002365
2024-09-04 16:30:00,2024-09-04 16:45:00,Long,2496.185,2495.47,-1.430000000000291,SL Hit,2495.47,2,1871.1949999999672,15.0,-0.8350000000000364,1.5950000000002547
2024-09-04 18:30:00,2024-09-04 18:50:00,Short,2492.985,2494.33,-2.6899999999996,SL Hit,2494.33,2,1868.5049999999676,20.0,1.6649999999999636,-0.3350000000000364
2024-09-04 20:10:00,2024-09-04 20:15:00,Long,2494.45,2494.34,-0.10999999999967258,SL Hit,2494.34,1,1868.394999999968,5.0,-0.4699999999997999,0.2800000000002001
2024-09-05 01:15:00,2024-09-05 03:10:00,Long,2497.125,2496.7,-1.7000000000007276,SL Hit,2496.7,4,1866.6949999999672,115.0,-1.574999999999818,1.925000000000182
2024-09-05 03:15:00,2024-09-05 05:05:00,Short,2495.263333333334,2494.84,1.2700000000008913,SL Hit,2494.84,3,1867.964999999968,110.0,1.5966666666663514,-2.363333333333685
2024-09-05 05:20:00,2024-09-05 07:50:00,Long,2501.6099999999997,2505.25,18.200000000001637,SL Hit,2505.25,5,1886.1649999999697,150.0,-7.119999999999891,5.330000000000382
2024-09-05 08:10:00,2024-09-05 10:00:00,Long,2511.23,2515.27,8.079999999999927,SL Hit,2515.27,2,1894.2449999999697,110.0,-4.869999999999891,5.960000000000036
2024-09-05 12:20:00,2024-09-05 13:05:00,Long,2517.925,2514.21,-7.430000000000291,SL Hit,2514.21,2,1886.8149999999694,45.0,-3.9350000000004,4.8449999999998
2024-09-05 15:15:00,2024-09-05 15:35:00,Short,2508.25,2508.25,0.0,SL Hit,2508.25,1,1886.8149999999694,20.0,2.5100000000002183,-2.8099999999999454
2024-09-05 19:00:00,2024-09-05 20:25:00,Short,2515.1133333333332,2515.61,-1.4900000000006912,SL Hit,2515.61,3,1885.3249999999687,85.0,0.7666666666668789,-1.4133333333334122
2024-09-05 22:05:00,2024-09-05 22:10:00,Long,2516.14,2516.14,0.0,SL Hit,2516.14,1,1885.3249999999687,5.0,-0.009999999999763531,0.30999999999994543
2024-09-05 23:55:00,2024-09-06 00:05:00,Long,2517.2200000000003,2517.03,-0.38000000000010914,SL Hit,2517.03,2,1884.9449999999686,10.0,-0.6000000000003638,0.2899999999999636
2024-09-06 00:10:00,2024-09-06 02:20:00,Short,2515.693333333333,2515.64,0.15999999999985448,SL Hit,2515.64,3,1885.1049999999684,130.0,1.5566666666668425,-2.733333333333121
2024-09-06 03:25:00,2024-09-06 03:30:00,Long,2516.3,2516.3,0.0,Bearish Trade Reversal,2516.3,1,1885.1049999999684,5.0,0.0,1.1899999999995998
2024-09-06 03:30:00,2024-09-06 03:35:00,Short,2517.25,2517.25,0.0,SL Hit,2517.25,1,1885.1049999999684,5.0,0.11000000000012733,-0.38999999999987267
2024-09-06 04:35:00,2024-09-06 04:40:00,Long,2518.57,2518.4874999999997,-0.08250000000043656,SL Hit,2518.4874999999997,1,1885.022499999968,5.0,-0.6700000000000728,0.5299999999997453
2024-09-06 04:45:00,2024-09-06 04:50:00,Long,2517.2,2517.2,0.0,Bearish Trade Reversal,2517.2,1,1885.022499999968,5.0,0.0,1.580000000000382
2024-09-06 04:50:00,2024-09-06 05:00:00,Short,2518.66,2518.9900000000007,-0.33000000000083674,SL Hit,2518.9900000000007,1,1884.6924999999671,10.0,0.41000000000030923,-1.2599999999997635
2024-09-06 05:55:00,2024-09-06 06:00:00,Long,2519.53,2517.989999999999,-1.5400000000013279,Bearish Trade Reversal,2517.989999999999,1,1883.1524999999658,5.0,-0.7800000000002001,0.5
2024-09-06 06:00:00,2024-09-06 06:15:00,Short,2519.87,2519.87,0.0,SL Hit,2519.87,1,1883.1524999999658,15.0,0.7400000000002365,-1.2399999999997817
2024-09-06 07:55:00,2024-09-06 08:50:00,Short,2516.8625,2517.92,-4.229999999999563,SL Hit,2517.92,4,1878.9224999999662,55.0,1.2974999999996726,-1.1725000000001273
2024-09-06 09:10:00,2024-09-06 09:15:00,Short,2516.97,2519.885000000001,-2.915000000001328,Bullish Trade Reversal,2519.885000000001,1,1876.007499999965,5.0,1.0600000000004002,-0.1799999999998363
2024-09-06 09:15:00,2024-09-06 10:35:00,Long,2517.4266666666667,2517.34,-0.25999999999976353,SL Hit,2517.34,3,1875.7474999999652,80.0,-0.6366666666667697,2.233333333333121
2024-09-06 11:15:00,2024-09-06 11:30:00,Long,2519.25,2518.31,-1.8800000000001091,SL Hit,2518.31,2,1873.867499999965,15.0,-1.3800000000001091,0.8299999999999272
2024-09-06 18:40:00,2024-09-06 18:45:00,Short,2494.29,2494.29,0.0,SL Hit,2494.29,1,1873.867499999965,5.0,0.30999999999994543,-0.900000000000091
2024-09-06 19:20:00,2024-09-06 19:25:00,Short,2494.27,2496.4425,-2.1725000000001273,Bullish Trade Reversal,2496.4425,1,1871.694999999965,5.0,0.7899999999999636,-0.8699999999998909
2024-09-06 19:25:00,2024-09-08 22:15:00,Long,2495.353333333333,2495.6,0.7400000000006912,SL Hit,2495.6,3,1872.4349999999656,3050.0,-1.953333333332921,2.376666666667006
2024-09-08 23:05:00,2024-09-08 23:10:00,Long,2497.76,2497.76,0.0,SL Hit,2497.76,1,1872.4349999999656,5.0,-1.1600000000003092,0.2699999999999818
2024-09-08 23:30:00,2024-09-08 23:35:00,Short,2495.95,2496.6375,-0.6875,SL Hit,2496.6375,1,1871.7474999999656,5.0,0.8400000000001455,-1.25
2024-09-08 23:40:00,2024-09-09 00:00:00,Short,2496.44,2496.79,-0.6999999999998181,SL Hit,2496.79,2,1871.0474999999658,20.0,1.5099999999997635,-1.3400000000001455
2024-09-09 01:15:00,2024-09-09 02:55:00,Long,2497.646,2497.1,-2.7300000000013824,SL Hit,2497.1,5,1868.3174999999644,100.0,-1.8760000000002037,1.3239999999996144
2024-09-09 04:20:00,2024-09-09 04:30:00,Long,2498.53,2498.53,0.0,SL Hit,2498.53,1,1868.3174999999644,10.0,-0.4800000000000182,0.4699999999997999
2024-09-09 09:45:00,2024-09-09 10:15:00,Long,2495.86,2495.6674999999996,-0.1925000000005639,SL Hit,2495.6674999999996,1,1868.1249999999638,30.0,-1.4200000000000728,3.1799999999998363
2024-09-09 19:50:00,2024-09-09 20:30:00,Long,2504.895,2505.25,0.7100000000000364,SL Hit,2505.25,2,1868.8349999999639,40.0,-0.3049999999998363,1.1849999999999454
2024-09-10 02:40:00,2024-09-10 03:25:00,Long,2502.983333333333,2502.74,-0.7300000000000182,SL Hit,2502.74,3,1868.1049999999639,45.0,-1.0433333333330665,1.2266666666669153
2024-09-10 03:30:00,2024-09-10 05:10:00,Short,2502.2766666666666,2502.08,0.5900000000001455,SL Hit,2502.08,3,1868.694999999964,100.0,1.1233333333334485,-1.5866666666665878
2024-09-10 05:55:00,2024-09-10 07:00:00,Long,2504.016666666667,2503.69,-0.9800000000004729,SL Hit,2503.69,3,1867.7149999999635,65.0,-0.646666666666988,2.3933333333329756
2024-09-10 07:25:00,2024-09-10 07:50:00,Long,2504.38,2504.38,0.0,SL Hit,2504.38,1,1867.7149999999635,25.0,-0.49000000000023647,2.7399999999997817
2024-09-10 08:00:00,2024-09-10 09:30:00,Short,2502.0,2502.59,-1.7700000000004366,SL Hit,2502.59,3,1865.944999999963,90.0,1.2899999999999636,-2.0900000000001455
2024-09-10 11:25:00,2024-09-10 12:00:00,Short,2505.46,2505.6525000000006,-0.1925000000005639,SL Hit,2505.6525000000006,1,1865.7524999999625,35.0,0.38000000000010914,-1.6599999999998545
2024-09-10 12:30:00,2024-09-10 14:00:00,Long,2507.12,2505.745,-1.375,SL Hit,2505.745,1,1864.3774999999625,90.0,-1.8699999999998909,7.8400000000001455
2024-09-10 18:25:00,2024-09-10 19:35:00,Long,2514.5550000000003,2514.33,-0.4500000000007276,SL Hit,2514.33,2,1863.9274999999618,70.0,-1.355000000000473,2.4349999999994907
2024-09-10 22:30:00,2024-09-10 22:40:00,Long,2516.52,2514.8150000000005,-1.7049999999994725,Bearish Trade Reversal,2514.8150000000005,1,1862.2224999999623,10.0,-1.2199999999998,0.17000000000007276
2024-09-10 22:40:00,2024-09-10 23:00:00,Short,2516.55,2516.55,0.0,SL Hit,2516.55,1,1862.2224999999623,20.0,0.4600000000000364,-0.47000000000025466
2024-09-10 23:45:00,2024-09-11 00:50:00,Long,2517.766666666667,2516.9,-2.600000000000364,SL Hit,2516.9,3,1859.622499999962,65.0,-1.4266666666667334,1.2333333333331211
2024-09-11 00:55:00,2024-09-11 01:25:00,Short,2516.91,2517.3225,-0.4125000000003638,SL Hit,2517.3225,1,1859.2099999999616,30.0,0.900000000000091,-1.9800000000000182
2024-09-11 06:05:00,2024-09-11 07:35:00,Long,2524.22,2524.63,1.2300000000009277,SL Hit,2524.63,3,1860.4399999999625,90.0,-3.2099999999995816,3.8100000000004
2024-09-11 09:35:00,2024-09-11 10:55:00,Short,2523.37,2522.32,3.1499999999991815,SL Hit,2522.32,3,1863.5899999999617,80.0,0.8299999999999272,-3.549999999999727
2024-09-11 11:05:00,2024-09-11 11:10:00,Long,2521.66,2521.66,0.0,SL Hit,2521.66,1,1863.5899999999617,5.0,-0.1999999999998181,0.5399999999999636
2024-09-11 11:55:00,2024-09-11 12:00:00,Long,2522.12,2521.735,-0.38499999999976353,SL Hit,2521.735,1,1863.204999999962,5.0,-0.9899999999997817,0.5199999999999818
2024-09-11 14:10:00,2024-09-11 14:15:00,Short,2504.74,2505.812500000001,-1.0725000000011278,SL Hit,2505.812500000001,1,1862.1324999999608,5.0,3.200000000000273,-0.9399999999995998
2024-09-11 18:05:00,2024-09-11 18:15:00,Long,2514.64,2514.64,0.0,SL Hit,2514.64,1,1862.1324999999608,10.0,-0.31999999999970896,1.5100000000002183
2024-09-11 18:30:00,2024-09-11 19:55:00,Short,2511.9533333333334,2511.94,0.03999999999996362,SL Hit,2511.94,3,1862.1724999999608,85.0,1.166666666666515,-2.153333333333194
2024-09-11 20:45:00,2024-09-11 22:00:00,Short,2512.83,2512.83,0.0,SL Hit,2512.83,1,1862.1724999999608,75.0,0.44000000000005457,-1.599999999999909
2024-09-11 22:25:00,2024-09-11 22:35:00,Long,2513.31,2513.31,0.0,SL Hit,2513.31,1,1862.1724999999608,10.0,-0.8099999999999454,0.42000000000007276
2024-09-11 23:55:00,2024-09-12 00:55:00,Short,2511.68,2511.89,-0.8400000000001455,SL Hit,2511.89,4,1861.3324999999606,60.0,0.6300000000001091,-0.6099999999996726
2024-09-12 05:55:00,2024-09-12 06:35:00,Long,2519.4599999999996,2519.29,-0.509999999998854,SL Hit,2519.29,3,1860.8224999999618,40.0,-2.0099999999997635,2.3200000000006185
2024-09-12 06:55:00,2024-09-12 07:00:00,Short,2517.2,2517.2,0.0,SL Hit,2517.2,1,1860.8224999999618,5.0,0.03999999999996362,-1.1399999999998727
2024-09-12 08:20:00,2024-09-12 08:45:00,Long,2517.25,2516.5900000000006,-0.6599999999993997,SL Hit,2516.5900000000006,1,1860.1624999999624,25.0,-0.7199999999997999,1.9600000000000364
2024-09-12 10:10:00,2024-09-12 10:20:00,Long,2519.69,2518.8925,-0.7975000000001273,SL Hit,2518.8925,1,1859.3649999999623,10.0,-1.150000000000091,1.2199999999998
2024-09-12 10:45:00,2024-09-12 11:35:00,Short,2516.01,2517.852499999999,-1.8424999999988358,SL Hit,2517.852499999999,1,1857.5224999999634,50.0,1.8899999999998727,-3.0300000000002
2024-09-12 14:45:00,2024-09-12 16:05:00,Long,2552.5733333333333,2551.7,-2.6200000000003456,SL Hit,2551.7,3,1854.902499999963,80.0,-3.2733333333330847,2.0466666666666242
2024-09-12 18:20:00,2024-09-12 19:10:00,Long,2554.3450000000003,2555.23,1.769999999999527,SL Hit,2555.23,2,1856.6724999999626,50.0,-0.9150000000004184,3.7149999999996908
2024-09-12 19:45:00,2024-09-12 22:55:00,Long,2558.0133333333333,2557.04,-2.9200000000000728,SL Hit,2557.04,3,1853.7524999999625,190.0,-1.313333333333503,1.8866666666667697
2024-09-12 23:05:00,2024-09-12 23:55:00,Short,2557.64,2558.17,-1.0600000000004002,SL Hit,2558.17,2,1852.6924999999621,50.0,0.6600000000003092,-1.2399999999997817
2024-09-13 00:05:00,2024-09-13 00:50:00,Long,2558.045,2558.21,0.32999999999992724,SL Hit,2558.21,2,1853.022499999962,45.0,-1.0450000000000728,4.434999999999945
2024-09-13 04:25:00,2024-09-13 05:45:00,Long,2568.45,2567.1,-2.699999999999818,SL Hit,2567.1,2,1850.3224999999622,80.0,-2.399999999999636,1.5700000000001637
2024-09-13 05:55:00,2024-09-13 07:00:00,Short,2566.62,2568.12,-3.0,SL Hit,2568.12,2,1847.3224999999622,65.0,2.150000000000091,-3.4200000000000728
2024-09-13 10:00:00,2024-09-13 12:10:00,Short,2567.3733333333334,2567.73,-1.069999999999709,SL Hit,2567.73,3,1846.2524999999625,130.0,1.6166666666663332,-3.563333333333503
2024-09-13 12:15:00,2024-09-13 13:55:00,Long,2572.5575,2576.7,16.56999999999971,SL Hit,2576.7,4,1862.8224999999622,100.0,-5.397500000000036,10.462500000000091
2024-09-13 18:50:00,2024-09-13 19:50:00,Short,2581.943333333333,2582.4,-1.3700000000008004,SL Hit,2582.4,3,1861.4524999999614,60.0,0.7766666666666424,-3.403333333333194
2024-09-13 20:25:00,2024-09-15 22:55:00,Short,2579.575,2580.15,-1.1500000000005457,SL Hit,2580.15,2,1860.302499999961,3030.0,1.4050000000002,-3.5649999999996
2024-09-16 04:30:00,2024-09-16 04:50:00,Short,2585.8,2585.855,-0.05499999999983629,SL Hit,2585.855,1,1860.247499999961,20.0,0.11999999999989086,-0.9400000000000546
2024-09-16 06:20:00,2024-09-16 06:35:00,Short,2588.615,2588.75,-0.27000000000043656,SL Hit,2588.75,2,1859.9774999999606,15.0,0.48500000000012733,-1.724999999999909
2024-09-16 06:55:00,2024-09-16 07:40:00,Short,2583.9700000000003,2582.43,3.0800000000008367,SL Hit,2582.43,2,1863.0574999999615,45.0,2.7199999999998,-4.050000000000182
2024-09-16 11:25:00,2024-09-16 11:40:00,Long,2581.15,2580.2425000000003,-0.9074999999997999,SL Hit,2580.2425000000003,1,1862.1499999999617,15.0,-1.1199999999998909,0.9800000000000182
2024-09-16 11:50:00,2024-09-16 12:15:00,Long,2581.955,2580.03,-3.8499999999994543,SL Hit,2580.03,2,1858.2999999999622,25.0,-2.105000000000018,0.9850000000001273
2024-09-16 12:20:00,2024-09-16 12:25:00,Short,2581.85,2581.85,0.0,SL Hit,2581.85,1,1858.2999999999622,5.0,0.16000000000030923,-1.6399999999998727
2024-09-16 12:30:00,2024-09-16 12:35:00,Long,2581.35,2580.1675000000005,-1.1824999999994361,SL Hit,2580.1675000000005,1,1857.1174999999628,5.0,-2.2399999999997817,1.1199999999998909
2024-09-16 14:10:00,2024-09-16 16:20:00,Short,2580.805,2581.21,-1.6200000000008004,SL Hit,2581.21,4,1855.497499999962,130.0,2.5650000000000546,-4.714999999999691
2024-09-16 18:30:00,2024-09-16 19:20:00,Short,2580.8366666666666,2581.15,-0.9400000000005093,SL Hit,2581.15,3,1854.5574999999615,50.0,0.7333333333335759,-1.3366666666665878
2024-09-16 20:25:00,2024-09-16 20:35:00,Long,2582.795,2581.5,-2.5900000000001455,SL Hit,2581.5,2,1851.9674999999613,10.0,-1.5950000000002547,0.3949999999999818
2024-09-16 22:50:00,2024-09-16 23:40:00,Short,2583.01,2583.44,-0.8599999999996726,SL Hit,2583.44,2,1851.1074999999616,50.0,0.4399999999995998,-1.0100000000002183
2024-09-16 23:45:00,2024-09-17 00:10:00,Long,2583.3199999999997,2582.0,-2.639999999999418,SL Hit,2582.0,2,1848.4674999999622,25.0,-1.519999999999527,0.8600000000001273
2024-09-17 00:15:00,2024-09-17 01:35:00,Short,2581.65,2580.87,2.3400000000006003,SL Hit,2580.87,3,1850.8074999999628,80.0,1.9699999999998,-3.1100000000001273
2024-09-17 03:55:00,2024-09-17 04:05:00,Short,2578.15,2578.15,0.0,SL Hit,2578.15,1,1850.8074999999628,10.0,0.13999999999987267,-1.3400000000001455
2024-09-17 04:45:00,2024-09-17 05:40:00,Short,2576.8199999999997,2577.8,-1.9600000000009459,SL Hit,2577.8,2,1848.8474999999619,55.0,1.9200000000000728,-2.269999999999527
2024-09-17 09:50:00,2024-09-17 10:10:00,Short,2574.94,2575.2975000000006,-0.3575000000005275,SL Hit,2575.2975000000006,1,1848.4899999999614,20.0,0.8800000000001091,-3.0799999999999272
2024-09-17 17:00:00,2024-09-17 17:20:00,Short,2563.04,2564.415,-1.375,SL Hit,2564.415,1,1847.1149999999614,20.0,1.9099999999998545,-1.9400000000000546
2024-09-17 17:45:00,2024-09-17 19:20:00,Long,2569.1749999999997,2568.95,-0.8999999999996362,SL Hit,2568.95,4,1846.2149999999617,95.0,-2.724999999999909,2.2150000000001455
2024-09-17 22:45:00,2024-09-18 00:10:00,Long,2572.0175,2572.7,2.7299999999995634,SL Hit,2572.7,4,1848.9449999999613,85.0,-1.6875,2.6424999999999272
2024-09-18 00:15:00,2024-09-18 00:35:00,Short,2572.34,2573.55,-1.2100000000000364,SL Hit,2573.55,1,1847.7349999999612,20.0,1.5199999999999818,-0.8700000000003456
2024-09-18 01:40:00,2024-09-18 03:20:00,Short,2573.5175,2573.86,-1.3700000000008004,SL Hit,2573.86,4,1846.3649999999604,100.0,0.7625000000002728,-3.4674999999997453
2024-09-18 04:00:00,2024-09-18 04:05:00,Long,2575.54,2575.4024999999992,-0.1375000000007276,SL Hit,2575.4024999999992,1,1846.2274999999597,5.0,-1.2199999999998,0.6599999999998545
2024-09-18 04:35:00,2024-09-18 06:30:00,Short,2570.5933333333337,2568.86,5.200000000000728,SL Hit,2568.86,3,1851.4274999999604,115.0,1.9266666666662786,-4.993333333333794
2024-09-18 06:45:00,2024-09-18 08:15:00,Long,2569.2466666666664,2568.8,-1.3399999999987813,SL Hit,2568.8,3,1850.0874999999617,90.0,-1.2566666666666606,2.5433333333335213
2024-09-18 09:35:00,2024-09-18 09:40:00,Short,2569.33,2569.33,0.0,SL Hit,2569.33,1,1850.0874999999617,5.0,0.4600000000000364,-0.6199999999998909
2024-09-18 12:15:00,2024-09-18 12:20:00,Short,2576.47,2576.7725,-0.30250000000023647,SL Hit,2576.7725,1,1849.7849999999614,5.0,0.930000000000291,-0.419999999999618
2024-09-18 14:25:00,2024-09-18 14:40:00,Short,2570.35,2570.5425000000005,-0.1925000000005639,SL Hit,2570.5425000000005,1,1849.5924999999609,15.0,1.0399999999999636,-2.019999999999982
2024-09-18 19:45:00,2024-09-18 20:05:00,Short,2552.9,2554.5499999999997,-1.6499999999996362,SL Hit,2554.5499999999997,1,1847.9424999999612,20.0,2.319999999999709,-5.269999999999982
2024-09-18 22:05:00,2024-09-18 22:20:00,Short,2556.72,2559.2225000000008,-2.502500000000964,SL Hit,2559.2225000000008,1,1845.4399999999603,15.0,2.580000000000382,-1.6499999999996362
2024-09-19 07:25:00,2024-09-19 10:30:00,Long,2582.6033333333335,2586.4,11.389999999999873,SL Hit,2586.4,3,1856.8299999999601,185.0,-5.603333333333467,11.796666666666624
2024-09-19 11:15:00,2024-09-19 11:20:00,Short,2586.2,2586.2275000000004,-0.027500000000600267,SL Hit,2586.2275000000004,1,1856.8024999999595,5.0,0.6900000000000546,-1.3999999999996362
2024-09-19 19:30:00,2024-09-19 19:55:00,Short,2587.0,2587.5775000000003,-0.5775000000003274,SL Hit,2587.5775000000003,1,1856.2249999999592,25.0,1.6199999999998909,-1.900000000000091
2024-09-19 22:40:00,2024-09-19 22:45:00,Long,2587.0,2586.9174999999996,-0.08250000000043656,SL Hit,2586.9174999999996,1,1856.1424999999588,5.0,-0.11999999999989086,0.2699999999999818
2024-09-20 00:05:00,2024-09-20 00:30:00,Short,2586.895,2587.37,-0.9499999999998181,SL Hit,2587.37,2,1855.192499999959,25.0,0.525000000000091,-1.5949999999998
2024-09-20 00:35:00,2024-09-20 01:15:00,Long,2587.415,2585.6,-3.630000000000109,SL Hit,2585.6,2,1851.5624999999588,40.0,-1.9349999999999454,1.0149999999998727
2024-09-20 01:50:00,2024-09-20 05:10:00,Long,2591.3216666666667,2592.69,8.210000000000036,SL Hit,2592.69,6,1859.7724999999589,200.0,-4.131666666666661,2.928333333333285
2024-09-20 05:35:00,2024-09-20 07:40:00,Long,2601.8733333333334,2606.15,12.829999999999927,SL Hit,2606.15,3,1872.6024999999588,125.0,-8.433333333333394,7.346666666666351
2024-09-20 08:05:00,2024-09-20 09:45:00,Long,2608.2,2605.61,-5.1799999999993815,SL Hit,2605.61,2,1867.4224999999594,100.0,-2.9600000000000364,4.210000000000036
2024-09-20 09:50:00,2024-09-20 09:55:00,Short,2605.7,2606.0025,-0.30250000000023647,SL Hit,2606.0025,1,1867.1199999999592,5.0,1.1100000000001273,-2.8399999999996908
2024-09-20 10:35:00,2024-09-20 13:00:00,Long,2612.66,2614.69,10.150000000001,SL Hit,2614.69,5,1877.2699999999602,145.0,-4.269999999999982,6.260000000000218
2024-09-20 13:05:00,2024-09-20 14:30:00,Short,2611.525,2613.52,-3.9899999999997817,SL Hit,2613.52,2,1873.2799999999604,85.0,3.9149999999999636,-8.684999999999945
2024-09-20 19:45:00,2024-09-23 01:10:00,Short,2620.6066666666666,2618.9,5.119999999999436,SL Hit,2618.9,3,1878.3999999999598,3205.0,2.013333333333321,-4.546666666666624
2024-09-23 11:15:00,2024-09-23 11:20:00,Long,2622.54,2622.375,-0.16499999999996362,SL Hit,2622.375,1,1878.2349999999599,5.0,-0.36999999999989086,1.3899999999998727
2024-09-23 11:25:00,2024-09-23 11:45:00,Long,2622.86,2621.98,-1.7600000000002183,SL Hit,2621.98,2,1876.4749999999597,20.0,-1.4700000000002547,2.5899999999996908
2024-09-23 11:50:00,2024-09-23 12:05:00,Short,2623.84,2624.5275,-0.6875,SL Hit,2624.5275,1,1875.7874999999597,15.0,1.6099999999996726,-0.680000000000291
2024-09-23 12:30:00,2024-09-23 12:40:00,Short,2622.65,2622.9799999999996,-0.3299999999994725,SL Hit,2622.9799999999996,1,1875.4574999999602,10.0,1.3099999999999454,-1.4900000000002365
2024-09-23 13:50:00,2024-09-23 15:00:00,Long,2631.0775,2629.57,-6.029999999998836,SL Hit,2629.57,4,1869.4274999999614,70.0,-2.7474999999999454,3.4825000000000728
2024-09-23 16:30:00,2024-09-23 16:55:00,Short,2627.54,2628.61,-3.210000000000491,SL Hit,2628.61,3,1866.2174999999609,25.0,1.199999999999818,-0.9499999999998181
2024-09-23 17:00:00,2024-09-23 17:10:00,Long,2628.0649999999996,2627.54,-1.0499999999992724,SL Hit,2627.54,2,1865.1674999999616,10.0,-0.6249999999995453,0.7150000000006003
2024-09-23 22:10:00,2024-09-23 22:35:00,Long,2627.5099999999998,2627.34,-0.509999999998854,SL Hit,2627.34,3,1864.6574999999627,25.0,-0.1799999999998363,0.4800000000000182
2024-09-24 00:30:00,2024-09-24 01:00:00,Short,2625.765,2625.91,-0.2899999999999636,SL Hit,2625.91,2,1864.3674999999628,30.0,0.9050000000002001,-2.0049999999996544
2024-09-24 02:15:00,2024-09-24 02:40:00,Short,2627.48,2628.3875,-0.9074999999997999,SL Hit,2628.3875,1,1863.459999999963,25.0,1.0300000000002,-0.5500000000001819
2024-09-24 07:20:00,2024-09-24 07:25:00,Long,2628.53,2627.705,-0.8250000000002728,SL Hit,2627.705,1,1862.6349999999627,5.0,-1.3500000000003638,1.3599999999996726
2024-09-24 08:20:00,2024-09-24 08:35:00,Short,2629.16,2629.16,0.0,SL Hit,2629.16,1,1862.6349999999627,15.0,0.01999999999998181,-3.1599999999998545
2024-09-24 09:15:00,2024-09-24 09:25:00,Long,2627.64,2627.5025000000005,-0.13749999999936335,SL Hit,2627.5025000000005,1,1862.4974999999633,10.0,-0.6399999999998727,1.8099999999999454
2024-09-24 12:30:00,2024-09-24 13:45:00,Long,2631.9,2632.86,2.880000000000109,SL Hit,2632.86,3,1865.3774999999634,75.0,-5.369999999999891,5.059999999999945
2024-09-24 14:05:00,2024-09-24 20:35:00,Long,2653.1133333333337,2661.02,71.15999999999667,SL Hit,2661.02,9,1936.5374999999601,390.0,-18.133333333333667,10.916666666666515
2024-09-25 03:30:00,2024-09-25 03:35:00,Short,2661.52,2661.52,0.0,SL Hit,2661.52,1,1936.5374999999601,5.0,0.25,-1.1700000000000728
2024-09-25 04:00:00,2024-09-25 04:05:00,Short,2661.47,2661.47,0.0,SL Hit,2661.47,1,1936.5374999999601,5.0,0.01999999999998181,-0.8999999999996362
2024-09-25 05:40:00,2024-09-25 06:00:00,Short,2657.53,2659.372499999999,-1.8424999999988358,SL Hit,2659.372499999999,1,1934.6949999999613,20.0,1.8799999999996544,-2.980000000000018
2024-09-25 08:45:00,2024-09-25 08:55:00,Short,2655.25,2655.7725,-0.5225000000000364,SL Hit,2655.7725,1,1934.1724999999612,10.0,0.8099999999999454,-0.2899999999999636
2024-09-25 11:10:00,2024-09-25 11:40:00,Short,2656.36,2656.8825,-0.5225000000000364,SL Hit,2656.8825,1,1933.6499999999612,30.0,1.0299999999997453,-2.349999999999909
2024-09-25 18:25:00,2024-09-25 19:30:00,Long,2660.2925,2660.23,-0.25,SL Hit,2660.23,4,1933.3999999999612,65.0,-1.1525000000001455,1.1774999999997817
2024-09-25 22:45:00,2024-09-25 22:50:00,Long,2658.78,2658.78,0.0,SL Hit,2658.78,1,1933.3999999999612,5.0,-0.3900000000003274,0.7699999999999818
2024-09-25 23:10:00,2024-09-25 23:15:00,Short,2657.99,2657.99,0.0,SL Hit,2657.99,1,1933.3999999999612,5.0,0.20000000000027285,-1.1899999999995998
2024-09-26 00:40:00,2024-09-26 02:40:00,Long,2659.875,2658.73,-2.2899999999999636,SL Hit,2658.73,2,1931.1099999999612,120.0,-2.1550000000002,1.4650000000001455
2024-09-26 02:45:00,2024-09-26 03:10:00,Short,2659.13,2659.3224999999993,-0.19249999999919964,SL Hit,2659.3224999999993,1,1930.917499999962,25.0,0.4600000000000364,-1.9100000000003092
2024-09-26 03:35:00,2024-09-26 03:40:00,Long,2661.25,2660.9750000000004,-0.2749999999996362,SL Hit,2660.9750000000004,1,1930.6424999999624,5.0,-0.8800000000001091,0.36999999999989086
2024-09-26 05:55:00,2024-09-26 06:45:00,Short,2661.0950000000003,2661.72,-1.2499999999990905,SL Hit,2661.72,2,1929.3924999999633,50.0,0.8249999999998181,-2.8150000000000546
2024-09-26 06:50:00,2024-09-26 07:15:00,Long,2661.24,2660.46,-1.5599999999994907,SL Hit,2660.46,2,1927.8324999999638,25.0,-1.4799999999995634,2.6400000000003274
2024-09-26 07:45:00,2024-09-26 09:30:00,Long,2665.7933333333335,2667.35,4.669999999999163,SL Hit,2667.35,3,1932.502499999963,105.0,-2.1233333333334485,4.516666666666424
2024-09-26 09:40:00,2024-09-26 09:55:00,Short,2668.38,2668.6,-0.2199999999997999,SL Hit,2668.6,1,1932.2824999999632,15.0,0.4099999999998545,-1.3200000000001637
2024-09-26 11:35:00,2024-09-26 12:10:00,Long,2679.87,2678.935000000001,-0.9349999999990359,SL Hit,2678.935000000001,1,1931.3474999999642,35.0,-7.369999999999891,5.260000000000218
2024-09-26 13:55:00,2024-09-26 14:10:00,Short,2660.06,2665.175,-5.1150000000002365,SL Hit,2665.175,1,1926.232499999964,15.0,6.460000000000036,-1.650000000000091
2024-09-26 14:45:00,2024-09-26 15:00:00,Long,2665.705,2664.11,-3.1899999999996,SL Hit,2664.11,2,1923.0424999999643,15.0,-2.4650000000001455,1.805000000000291
2024-09-26 17:00:00,2024-09-26 19:25:00,Long,2671.75,2674.7,17.69999999999891,SL Hit,2674.7,6,1940.7424999999632,145.0,-4.269999999999982,5.940000000000055
2024-09-26 22:25:00,2024-09-26 23:20:00,Long,2672.4224999999997,2671.91,-2.0499999999992724,SL Hit,2671.91,4,1938.692499999964,55.0,-1.0224999999995816,0.2375000000001819
2024-09-27 01:20:00,2024-09-27 01:30:00,Long,2669.97,2669.97,0.0,SL Hit,2669.97,1,1938.692499999964,10.0,-0.8699999999998909,2.480000000000018
2024-09-27 02:45:00,2024-09-27 02:55:00,Long,2669.65,2669.1549999999993,-0.49500000000080036,SL Hit,2669.1549999999993,1,1938.1974999999632,10.0,-0.8699999999998909,0.5199999999999818
2024-09-27 04:45:00,2024-09-27 05:00:00,Short,2670.5,2670.5,0.0,SL Hit,2670.5,1,1938.1974999999632,15.0,0.2600000000002183,-1.2300000000000182
2024-09-27 08:40:00,2024-09-27 08:50:00,Short,2663.3,2663.3,0.0,SL Hit,2663.3,1,1938.1974999999632,10.0,0.33999999999969077,-1.4700000000002547
2024-09-27 09:50:00,2024-09-27 10:05:00,Long,2663.78,2663.1749999999993,-0.6050000000009277,SL Hit,2663.1749999999993,1,1937.5924999999622,15.0,-1.7300000000000182,0.849999999999909
2024-09-27 10:35:00,2024-09-27 10:40:00,Long,2664.51,2663.9599999999996,-0.5500000000006366,SL Hit,2663.9599999999996,1,1937.0424999999616,5.0,-1.5100000000002183,0.3999999999996362
2024-09-27 10:45:00,2024-09-27 11:55:00,Long,2665.85,2666.79,2.8200000000001637,SL Hit,2666.79,3,1939.8624999999618,70.0,-2.2199999999998,3.2100000000000364
2024-09-27 13:35:00,2024-09-27 16:10:00,Short,2657.4925000000003,2650.9,26.3700000000008,SL Hit,2650.9,4,1966.2324999999626,155.0,12.767499999999927,-12.452500000000327
2024-09-27 16:15:00,2024-09-27 16:45:00,Long,2651.9049999999997,2652.38,0.9500000000007276,SL Hit,2652.38,2,1967.1824999999633,30.0,-2.0649999999996,4.105000000000473
2024-09-27 16:55:00,2024-09-27 18:15:00,Short,2648.925,2647.06,3.730000000000473,SL Hit,2647.06,2,1970.9124999999638,80.0,3.5850000000000364,-5.555000000000291
2024-09-27 19:15:00,2024-09-29 23:10:00,Long,2655.965,2661.0,20.139999999999418,SL Hit,2661.0,4,1991.0524999999632,3115.0,-8.845000000000255,7.6349999999997635
2024-09-30 00:00:00,2024-09-30 00:25:00,Long,2663.66,2662.45,-1.2100000000000364,SL Hit,2662.45,1,1989.8424999999631,25.0,-1.6599999999998545,2.0300000000002
2024-09-30 01:05:00,2024-09-30 04:20:00,Short,2656.9900000000002,2654.92,10.350000000000819,SL Hit,2654.92,5,2000.192499999964,195.0,6.449999999999818,-9.180000000000291
2024-09-30 04:25:00,2024-09-30 04:30:00,Long,2654.77,2654.55,-0.2199999999997999,SL Hit,2654.55,1,1999.9724999999642,5.0,-1.2399999999997817,0.6700000000000728
2024-09-30 09:10:00,2024-09-30 09:25:00,Short,2650.63,2650.9875,-0.35750000000007276,SL Hit,2650.9875,1,1999.614999999964,15.0,0.4899999999997817,-2.119999999999891
2024-09-30 14:15:00,2024-09-30 14:20:00,Short,2630.4,2630.6749999999997,-0.2749999999996362,SL Hit,2630.6749999999997,1,1999.3399999999644,5.0,2.9400000000000546,-1.400000000000091
2024-09-30 20:25:00,2024-09-30 23:20:00,Long,2633.8775,2634.35,1.889999999999418,SL Hit,2634.35,4,2001.2299999999639,175.0,-1.9574999999999818,1.7325000000000728
2024-10-01 00:05:00,2024-10-01 00:35:00,Long,2635.9449999999997,2635.17,-1.5499999999992724,SL Hit,2635.17,2,1999.6799999999646,30.0,-1.8449999999998,0.6150000000002365
2024-10-01 01:00:00,2024-10-01 01:15:00,Long,2635.73,2635.51,-0.4399999999995998,SL Hit,2635.51,2,1999.239999999965,15.0,-0.32999999999992724,1.1300000000001091
2024-10-01 06:55:00,2024-10-01 07:05:00,Long,2644.8,2644.4975,-0.30250000000023647,SL Hit,2644.4975,1,1998.9374999999648,10.0,-0.580000000000382,0.9600000000000364
2024-10-01 09:45:00,2024-10-01 10:25:00,Short,2648.08,2649.88,-3.600000000000364,SL Hit,2649.88,2,1995.3374999999644,40.0,2.3600000000001273,-1.9699999999998
2024-10-01 10:30:00,2024-10-01 10:35:00,Long,2648.89,2648.5600000000004,-0.3299999999994725,SL Hit,2648.5600000000004,1,1995.007499999965,5.0,-0.5,0.5900000000001455
2024-10-01 12:00:00,2024-10-01 13:05:00,Long,2650.42,2650.1450000000004,-0.2749999999996362,SL Hit,2650.1450000000004,1,1994.7324999999653,65.0,-2.25,6.079999999999927
2024-10-01 16:30:00,2024-10-01 17:30:00,Long,2667.5533333333333,2664.38,-9.519999999999527,SL Hit,2664.38,3,1985.2124999999658,60.0,-3.813333333333503,5.026666666666642
2024-10-01 17:45:00,2024-10-01 22:30:00,Short,2662.8666666666663,2662.34,3.159999999997126,SL Hit,2662.34,6,1988.3724999999629,285.0,2.593333333333703,-5.266666666666424
2024-10-02 00:45:00,2024-10-02 01:20:00,Short,2658.17,2658.9674999999997,-0.7974999999996726,SL Hit,2658.9674999999997,1,1987.5749999999632,35.0,1.1900000000000546,-1.8200000000001637
2024-10-02 02:35:00,2024-10-02 02:55:00,Short,2659.75,2660.2725,-0.5225000000000364,SL Hit,2660.2725,1,1987.0524999999632,20.0,0.6399999999998727,-0.9499999999998181
2024-10-02 06:35:00,2024-10-02 08:05:00,Long,2652.4266666666667,2653.58,3.4599999999995816,SL Hit,2653.58,3,1990.5124999999628,90.0,-4.516666666666879,3.133333333333212
2024-10-02 09:25:00,2024-10-02 09:35:00,Long,2653.76,2652.9349999999995,-0.8250000000007276,SL Hit,2652.9349999999995,1,1989.687499999962,10.0,-1.7800000000002,1.5099999999997635
2024-10-02 12:05:00,2024-10-02 12:10:00,Short,2649.95,2649.95,0.0,SL Hit,2649.95,1,1989.687499999962,5.0,0.8500000000003638,-0.7799999999997453
2024-10-02 12:25:00,2024-10-02 12:30:00,Short,2650.62,2650.62,0.0,SL Hit,2650.62,1,1989.687499999962,5.0,0.5500000000001819,-6.199999999999818
2024-10-02 13:20:00,2024-10-02 14:25:00,Long,2657.376666666667,2653.48,-11.690000000000964,SL Hit,2653.48,3,1977.997499999961,65.0,-4.866666666666788,4.7933333333330665
2024-10-02 16:35:00,2024-10-02 16:40:00,Short,2648.85,2649.2625000000003,-0.4125000000003638,SL Hit,2649.2625000000003,1,1977.5849999999607,5.0,0.7899999999999636,-0.42000000000007276
2024-10-02 17:15:00,2024-10-02 17:30:00,Short,2648.4,2649.7474999999995,-1.3474999999993997,SL Hit,2649.7474999999995,1,1976.2374999999613,15.0,1.4600000000000364,-1.2600000000002183
2024-10-02 18:35:00,2024-10-02 20:55:00,Long,2656.2619999999997,2657.7,7.190000000000509,SL Hit,2657.7,5,1983.4274999999618,140.0,-3.3519999999998618,3.3880000000003747
2024-10-02 22:55:00,2024-10-02 23:00:00,Long,2659.41,2659.107500000001,-0.3024999999988722,SL Hit,2659.107500000001,1,1983.124999999963,5.0,-0.4099999999998545,0.8500000000003638
2024-10-03 00:55:00,2024-10-03 04:35:00,Short,2656.683333333333,2656.25,2.5999999999976353,SL Hit,2656.25,6,1985.7249999999606,220.0,1.94666666666717,-3.33333333333303
2024-10-03 06:05:00,2024-10-03 06:10:00,Short,2652.17,2653.9575000000004,-1.7875000000003638,SL Hit,2653.9575000000004,1,1983.9374999999602,5.0,2.0399999999999636,-0.38999999999987267
2024-10-03 08:20:00,2024-10-03 08:35:00,Short,2644.08,2644.6025,-0.5225000000000364,SL Hit,2644.6025,1,1983.4149999999602,15.0,1.8699999999998909,-1.7899999999999636
2024-10-03 09:15:00,2024-10-03 09:25:00,Short,2643.64,2643.64,0.0,SL Hit,2643.64,1,1983.4149999999602,10.0,0.5399999999999636,-1.5
2024-10-03 09:40:00,2024-10-03 10:10:00,Long,2646.21,2644.2850000000008,-1.9249999999992724,SL Hit,2644.2850000000008,1,1981.489999999961,30.0,-2.0,1.099999999999909
2024-10-03 13:20:00,2024-10-03 13:30:00,Short,2648.52,2649.95,-1.4299999999998363,SL Hit,2649.95,1,1980.059999999961,10.0,2.5599999999999454,-4.7199999999998
2024-10-03 15:00:00,2024-10-03 15:40:00,Long,2650.14,2648.7375000000006,-1.402499999999236,SL Hit,2648.7375000000006,1,1978.6574999999618,40.0,-1.4600000000000364,4.2400000000002365
2024-10-03 17:15:00,2024-10-03 17:25:00,Long,2660.8,2658.8749999999995,-1.9250000000006366,SL Hit,2658.8749999999995,1,1976.7324999999612,10.0,-2.2899999999999636,1.0599999999999454
2024-10-03 17:55:00,2024-10-03 18:10:00,Short,2656.87,2656.87,0.0,SL Hit,2656.87,1,1976.7324999999612,15.0,1.0900000000001455,-1.1900000000000546
2024-10-03 18:40:00,2024-10-03 18:45:00,Long,2659.0,2658.5050000000006,-0.4949999999994361,SL Hit,2658.5050000000006,1,1976.2374999999618,5.0,-0.8400000000001455,0.11000000000012733
2024-10-03 19:55:00,2024-10-03 23:05:00,Short,2656.4025,2656.11,1.1700000000000728,SL Hit,2656.11,4,1977.4074999999618,190.0,1.7674999999999272,-2.3025000000002365
2024-10-03 23:15:00,2024-10-03 23:20:00,Long,2656.17,2655.9224999999997,-0.24750000000040018,SL Hit,2655.9224999999997,1,1977.1599999999614,5.0,-0.5300000000002001,0.30999999999994543
2024-10-04 01:20:00,2024-10-04 03:40:00,Long,2659.1,2661.7,10.399999999999636,SL Hit,2661.7,4,1987.559999999961,140.0,-2.380000000000109,4.25
2024-10-04 06:20:00,2024-10-04 07:45:00,Short,2663.5249999999996,2662.85,1.3499999999994543,SL Hit,2662.85,2,1988.9099999999605,85.0,2.8950000000004366,-4.734999999999673
2024-10-04 09:05:00,2024-10-04 10:15:00,Short,2658.593333333333,2658.78,-0.5600000000022192,SL Hit,2658.78,3,1988.3499999999583,70.0,1.4166666666674246,-1.6433333333329756
2024-10-04 17:40:00,2024-10-04 18:10:00,Long,2648.2200000000003,2645.85,-4.740000000000691,SL Hit,2645.85,2,1983.6099999999576,30.0,-2.3700000000003456,2.399999999999636
2024-10-06 23:25:00,2024-10-06 23:55:00,Long,2651.06,2648.6949999999997,-2.3650000000002365,Bearish Trade Reversal,2648.6949999999997,1,1981.2449999999574,30.0,-2.0599999999999454,0.44000000000005457
2024-10-06 23:55:00,2024-10-07 01:00:00,Short,2650.35,2651.04,-1.3800000000001091,SL Hit,2651.04,2,1979.8649999999573,65.0,0.7699999999999818,-2.650000000000091
2024-10-07 05:05:00,2024-10-07 06:50:00,Short,2643.92,2643.42,1.0,SL Hit,2643.42,2,1980.8649999999573,105.0,2.5799999999999272,-4.070000000000164
2024-10-07 12:00:00,2024-10-07 12:15:00,Long,2657.0550000000003,2656.81,-0.4900000000006912,SL Hit,2656.81,2,1980.3749999999566,15.0,-1.2450000000003456,2.0549999999998363
2024-10-07 14:30:00,2024-10-07 14:35:00,Short,2642.66,2642.66,0.0,SL Hit,2642.66,1,1980.3749999999566,5.0,1.9200000000000728,-1.599999999999909
2024-10-07 15:05:00,2024-10-07 15:20:00,Short,2642.45,2644.87,-2.4200000000000728,SL Hit,2644.87,1,1977.9549999999565,15.0,2.680000000000291,-2.949999999999818
2024-10-07 18:35:00,2024-10-07 22:15:00,Short,2644.0875,2642.98,4.430000000000291,SL Hit,2642.98,4,1982.3849999999568,220.0,2.0524999999997817,-4.487500000000182
2024-10-08 01:40:00,2024-10-08 01:45:00,Short,2640.68,2641.7525000000005,-1.072500000000673,SL Hit,2641.7525000000005,1,1981.3124999999561,5.0,1.4600000000000364,-0.8399999999996908
2024-10-08 05:00:00,2024-10-08 05:10:00,Short,2643.01,2643.45,-0.4399999999995998,SL Hit,2643.45,1,1980.8724999999565,10.0,0.5499999999997272,-1.5400000000004184
2024-10-08 05:30:00,2024-10-08 06:25:00,Long,2644.3599999999997,2642.71,-3.2999999999992724,SL Hit,2642.71,2,1977.5724999999572,55.0,-3.049999999999727,1.9500000000002728
2024-10-08 09:40:00,2024-10-08 12:25:00,Long,2645.635,2648.59,17.729999999999563,SL Hit,2648.59,6,1995.3024999999568,165.0,-6.645000000000437,6.974999999999909
2024-10-08 12:30:00,2024-10-08 16:10:00,Short,2633.233333333333,2615.15,108.49999999999818,SL Hit,2615.15,6,2103.802499999955,220.0,15.946666666666715,-27.24333333333334
2024-10-08 18:05:00,2024-10-08 18:10:00,Short,2615.62,2615.62,0.0,SL Hit,2615.62,1,2103.802499999955,5.0,0.5399999999999636,-1.069999999999709
2024-10-08 19:10:00,2024-10-08 19:20:00,Long,2616.47,2615.1775000000002,-1.2924999999995634,SL Hit,2615.1775000000002,1,2102.5099999999557,10.0,-1.4699999999998,1.2699999999999818
2024-10-08 22:30:00,2024-10-08 23:00:00,Short,2621.6800000000003,2622.06,-0.7599999999993088,SL Hit,2622.06,2,2101.7499999999563,30.0,0.919999999999618,-1.2800000000002
2024-10-09 01:20:00,2024-10-09 02:45:00,Short,2620.2225,2619.62,2.4099999999998545,SL Hit,2619.62,4,2104.159999999956,85.0,3.6775000000002365,-3.2424999999998363
2024-10-09 09:05:00,2024-10-09 09:40:00,Long,2617.0150000000003,2616.2,-1.6300000000010186,SL Hit,2616.2,2,2102.529999999955,35.0,-1.6850000000004002,1.3049999999998363
2024-10-09 12:40:00,2024-10-09 12:45:00,Short,2617.62,2617.62,0.0,SL Hit,2617.62,1,2102.529999999955,5.0,1.1199999999998909,-2.0399999999999636
2024-10-09 14:25:00,2024-10-09 14:50:00,Short,2608.26,2610.39,-4.259999999999309,SL Hit,2610.39,2,2098.269999999956,25.0,3.25,-2.5
2024-10-09 15:00:00,2024-10-09 15:50:00,Long,2612.67,2612.19,-0.9600000000000364,SL Hit,2612.19,2,2097.309999999956,50.0,-2.8400000000001455,5.119999999999891
2024-10-09 17:50:00,2024-10-09 18:15:00,Long,2608.425,2606.96,-2.930000000000291,SL Hit,2606.96,2,2094.3799999999555,25.0,-1.5350000000003092,2.4849999999996726
2024-10-09 22:05:00,2024-10-09 22:10:00,Long,2605.29,2604.3825,-0.9074999999997999,Bearish Trade Reversal,2604.3825,1,2093.4724999999557,5.0,-0.32999999999992724,1.7100000000000364
2024-10-09 22:10:00,2024-10-09 23:00:00,Short,2606.29,2607.9675,-1.6775000000002365,SL Hit,2607.9675,1,2091.7949999999555,50.0,2.3200000000001637,-0.6900000000000546
2024-10-09 23:45:00,2024-10-09 23:50:00,Short,2608.56,2608.56,0.0,SL Hit,2608.56,1,2091.7949999999555,5.0,0.25,-0.38000000000010914
2024-10-10 00:35:00,2024-10-10 01:05:00,Long,2609.3999999999996,2609.06,-0.6799999999993815,SL Hit,2609.06,2,2091.114999999956,30.0,-1.3999999999996362,1.0200000000004366
2024-10-10 01:10:00,2024-10-10 01:15:00,Short,2609.72,2609.72,0.0,SL Hit,2609.72,1,2091.114999999956,5.0,1.1700000000000728,-0.7099999999995816
2024-10-10 10:40:00,2024-10-10 11:05:00,Long,2616.86,2616.6124999999997,-0.24750000000040018,SL Hit,2616.6124999999997,1,2090.8674999999557,25.0,-0.3400000000001455,1.9699999999998
2024-10-10 15:00:00,2024-10-10 16:00:00,Short,2623.1549999999997,2624.36,-4.820000000001528,SL Hit,2624.36,4,2086.047499999954,60.0,2.6550000000002,-4.054999999999836
2024-10-10 19:10:00,2024-10-10 19:50:00,Long,2628.45,2628.45,0.0,SL Hit,2628.45,1,2086.047499999954,40.0,-0.08999999999969077,2.8100000000004
2024-10-10 20:30:00,2024-10-10 20:40:00,Long,2630.71,2628.99,-3.4400000000005093,SL Hit,2628.99,2,2082.6074999999537,10.0,-1.9400000000000546,0.650000000000091
2024-10-10 20:45:00,2024-10-10 23:10:00,Short,2629.13,2629.99,-1.7199999999993452,SL Hit,2629.99,2,2080.8874999999543,145.0,0.9699999999997999,-1.8299999999999272
2024-10-11 01:00:00,2024-10-11 01:05:00,Long,2633.94,2633.3625,-0.5774999999998727,SL Hit,2633.3625,1,2080.3099999999545,5.0,-0.9400000000000546,1.5900000000001455
2024-10-11 04:40:00,2024-10-11 05:10:00,Long,2645.37,2644.0,-2.7399999999997817,SL Hit,2644.0,2,2077.5699999999547,30.0,-2.1700000000000728,0.5900000000001455
2024-10-11 05:15:00,2024-10-11 05:35:00,Short,2644.385,2644.84,-0.9099999999998545,SL Hit,2644.84,2,2076.659999999955,20.0,1.2549999999996544,-1.275000000000091
2024-10-11 10:10:00,2024-10-11 10:25:00,Short,2637.3450000000003,2638.59,-2.4899999999997817,SL Hit,2638.59,2,2074.169999999955,15.0,1.5049999999996544,-0.34500000000025466
2024-10-11 14:20:00,2024-10-11 16:40:00,Long,2656.23,2658.42,10.950000000000273,SL Hit,2658.42,5,2085.1199999999553,140.0,-5.929999999999836,5.059999999999945
2024-10-11 16:50:00,2024-10-11 16:55:00,Short,2659.5,2659.5,0.0,SL Hit,2659.5,1,2085.1199999999553,5.0,0.5500000000001819,-1.6700000000000728
2024-10-11 17:55:00,2024-10-11 18:05:00,Long,2657.8,2657.8,0.0,SL Hit,2657.8,1,2085.1199999999553,10.0,-1.1000000000003638,1.9800000000000182
2024-10-14 01:45:00,2024-10-14 01:50:00,Long,2646.21,2646.21,0.0,SL Hit,2646.21,1,2085.1199999999553,5.0,-1.699999999999818,1.8099999999999454
2024-10-14 03:40:00,2024-10-14 03:45:00,Long,2656.36,2656.36,0.0,SL Hit,2656.36,1,2085.1199999999553,5.0,-0.03999999999996362,0.8799999999996544
2024-10-14 06:20:00,2024-10-14 07:10:00,Long,2661.425,2662.7,2.5499999999992724,SL Hit,2662.7,2,2087.6699999999546,50.0,-2.605000000000018,4.914999999999964
2024-10-14 07:20:00,2024-10-14 09:05:00,Short,2661.39,2660.47,2.7600000000002183,SL Hit,2660.47,3,2090.429999999955,105.0,1.900000000000091,-2.8799999999996544
2024-10-14 09:45:00,2024-10-14 10:10:00,Short,2658.825,2659.81,-1.9700000000002547,SL Hit,2659.81,2,2088.4599999999546,25.0,1.8350000000000364,-1.324999999999818
2024-10-14 10:15:00,2024-10-14 10:55:00,Long,2658.8,2656.8475,-1.9525000000003274,Bearish Trade Reversal,2656.8475,1,2086.5074999999542,40.0,-2.7800000000002,1.0899999999996908
2024-10-14 10:55:00,2024-10-14 12:25:00,Short,2654.46,2653.8,1.9799999999995634,SL Hit,2653.8,3,2088.487499999954,90.0,3.1399999999998727,-3.3200000000001637
2024-10-14 14:25:00,2024-10-14 14:35:00,Short,2650.81,2650.81,0.0,SL Hit,2650.81,1,2088.487499999954,10.0,0.22000000000025466,-2.7599999999997635
2024-10-14 15:05:00,2024-10-14 15:30:00,Short,2646.975,2648.29,-2.630000000000109,SL Hit,2648.29,2,2085.8574999999537,25.0,1.925000000000182,-1.4549999999999272
2024-10-14 16:00:00,2024-10-14 16:10:00,Short,2646.42,2646.9149999999995,-0.4949999999994361,SL Hit,2646.9149999999995,1,2085.3624999999543,10.0,0.8899999999998727,-0.5799999999999272
2024-10-14 16:40:00,2024-10-14 17:35:00,Long,2648.816666666667,2647.5,-3.9500000000011823,SL Hit,2647.5,3,2081.412499999953,55.0,-1.4166666666669698,0.8733333333329938
2024-10-14 19:05:00,2024-10-14 19:15:00,Short,2649.925,2650.85,-1.8499999999994543,SL Hit,2650.85,2,2079.5624999999536,10.0,1.3449999999998,-0.6649999999999636
2024-10-15 00:55:00,2024-10-15 01:00:00,Short,2648.55,2649.0999999999995,-0.5499999999992724,SL Hit,2649.0999999999995,1,2079.0124999999543,5.0,0.8299999999999272,-0.4800000000000182
2024-10-15 04:30:00,2024-10-15 04:40:00,Short,2644.38,2644.38,0.0,SL Hit,2644.38,1,2079.0124999999543,10.0,0.6700000000000728,-1.4800000000000182
2024-10-15 09:30:00,2024-10-15 09:45:00,Long,2653.13,2652.6349999999993,-0.49500000000080036,SL Hit,2652.6349999999993,1,2078.5174999999535,15.0,-0.7300000000000182,1.4099999999998545
2024-10-15 10:15:00,2024-10-15 11:05:00,Long,2654.92,2652.71,-4.420000000000073,SL Hit,2652.71,2,2074.0974999999535,50.0,-2.269999999999982,1.5399999999999636
2024-10-15 16:55:00,2024-10-15 18:00:00,Short,2662.29,2664.0775000000003,-1.7875000000003638,SL Hit,2664.0775000000003,1,2072.309999999953,65.0,2.0799999999999272,-3.25
2024-10-15 19:20:00,2024-10-15 19:30:00,Long,2665.01,2665.01,0.0,SL Hit,2665.01,1,2072.309999999953,10.0,-0.75,1.2399999999997817
2024-10-15 23:10:00,2024-10-15 23:35:00,Short,2661.52,2661.9325000000003,-0.4125000000003638,SL Hit,2661.9325000000003,1,2071.8974999999527,25.0,0.8000000000001819,-1.2199999999998
2024-10-16 01:50:00,2024-10-16 02:50:00,Long,2665.705,2665.64,-0.13000000000010914,SL Hit,2665.64,2,2071.7674999999526,60.0,-1.4249999999997272,3.5349999999998545
2024-10-16 04:30:00,2024-10-16 07:15:00,Long,2669.282,2673.8,22.590000000000146,SL Hit,2673.8,5,2094.357499999953,165.0,-3.782000000000153,8.147999999999683
2024-10-16 07:30:00,2024-10-16 07:45:00,Short,2675.09,2675.66,-1.139999999999418,SL Hit,2675.66,2,2093.2174999999534,15.0,1.0399999999999636,-1.1400000000003274
2024-10-16 08:30:00,2024-10-16 08:45:00,Long,2676.42,2676.42,0.0,SL Hit,2676.42,1,2093.2174999999534,15.0,-0.3200000000001637,1.0799999999999272
2024-10-16 12:35:00,2024-10-16 13:45:00,Long,2680.43,2680.41,-0.05999999999994543,SL Hit,2680.41,3,2093.1574999999534,70.0,-2.9400000000000546,4.640000000000327
2024-10-16 16:50:00,2024-10-16 18:40:00,Long,2674.2066666666665,2674.7,1.4800000000000182,SL Hit,2674.7,3,2094.6374999999534,110.0,-2.5566666666663878,2.313333333333503
2024-10-17 00:05:00,2024-10-17 02:35:00,Long,2678.406,2681.29,14.420000000000073,SL Hit,2681.29,5,2109.0574999999535,150.0,-3.8159999999998035,6.2840000000001055
2024-10-17 07:00:00,2024-10-17 07:10:00,Short,2681.48,2681.48,0.0,SL Hit,2681.48,1,2109.0574999999535,10.0,1.1399999999998727,-2.269999999999982
2024-10-17 09:00:00,2024-10-17 10:05:00,Short,2680.9300000000003,2681.09,-0.31999999999970896,SL Hit,2681.09,2,2108.737499999954,65.0,0.9399999999995998,-3.830000000000382
2024-10-17 12:35:00,2024-10-17 12:50:00,Short,2676.13,2679.3199999999997,-3.1899999999996,SL Hit,2679.3199999999997,1,2105.547499999954,15.0,3.4200000000000728,-2.119999999999891
2024-10-17 13:45:00,2024-10-17 16:25:00,Long,2689.194,2687.81,-6.920000000000073,SL Hit,2687.81,5,2098.627499999954,160.0,-4.083999999999833,7.326000000000022
2024-10-17 17:45:00,2024-10-17 19:10:00,Short,2691.045,2690.89,0.6200000000008004,SL Hit,2690.89,4,2099.247499999955,85.0,3.005000000000109,-2.9450000000001637
2024-10-17 22:20:00,2024-10-17 23:00:00,Long,2692.5066666666667,2691.5,-3.019999999999982,SL Hit,2691.5,3,2096.227499999955,40.0,-1.5066666666666606,0.43333333333339397
2024-10-17 23:25:00,2024-10-17 23:30:00,Short,2692.36,2692.36,0.0,SL Hit,2692.36,1,2096.227499999955,5.0,0.30999999999994543,-0.2300000000000182
2024-10-18 00:40:00,2024-10-18 00:50:00,Long,2693.66,2693.2200000000003,-0.4399999999995998,SL Hit,2693.2200000000003,1,2095.7874999999553,10.0,-0.7300000000000182,0.75
2024-10-18 03:15:00,2024-10-18 03:50:00,Short,2708.085,2709.27,-2.369999999999891,SL Hit,2709.27,2,2093.4174999999555,35.0,1.974999999999909,-1.8850000000002183
2024-10-18 06:10:00,2024-10-18 07:10:00,Short,2708.015,2707.29,1.449999999999818,SL Hit,2707.29,2,2094.8674999999553,60.0,3.425000000000182,-5.154999999999745
2024-10-18 08:35:00,2024-10-18 08:40:00,Short,2703.11,2703.11,0.0,SL Hit,2703.11,1,2094.8674999999553,5.0,1.2899999999999636,-1.2100000000000364
2024-10-18 10:05:00,2024-10-18 10:15:00,Short,2712.39,2712.8025000000002,-0.4125000000003638,SL Hit,2712.8025000000002,1,2094.454999999955,10.0,0.47000000000025466,-1.1399999999998727
2024-10-18 12:25:00,2024-10-18 12:50:00,Long,2712.86,2711.0724999999998,-1.7875000000003638,SL Hit,2711.0724999999998,1,2092.6674999999545,25.0,-1.849999999999909,3.7799999999997453
2024-10-18 15:50:00,2024-10-18 16:05:00,Short,2715.46,2716.57,-2.2200000000002547,SL Hit,2716.57,2,2090.4474999999543,15.0,2.6700000000000728,-1.1599999999998545
2024-10-18 16:15:00,2024-10-18 16:30:00,Long,2716.835,2715.95,-1.7700000000004366,SL Hit,2715.95,2,2088.677499999954,15.0,-1.0349999999998545,0.8649999999997817
2024-10-18 16:35:00,2024-10-18 16:55:00,Short,2715.855,2717.7,-3.6899999999996,SL Hit,2717.7,2,2084.9874999999543,20.0,1.925000000000182,-0.5850000000000364
2024-10-18 17:00:00,2024-10-18 17:20:00,Long,2717.61,2716.9775,-0.6325000000001637,SL Hit,2716.9775,1,2084.354999999954,20.0,-2.0599999999999454,1.9200000000000728
2024-10-21 00:25:00,2024-10-21 00:30:00,Short,2723.77,2724.3199999999997,-0.5499999999997272,SL Hit,2724.3199999999997,1,2083.8049999999544,5.0,1.1100000000001273,-1.300000000000182
2024-10-21 01:10:00,2024-10-21 02:10:00,Long,2726.806666666667,2725.87,-2.810000000000855,SL Hit,2725.87,3,2080.9949999999535,60.0,-1.896666666666988,2.08333333333303
2024-10-21 02:25:00,2024-10-21 02:30:00,Long,2728.25,2728.25,0.0,SL Hit,2728.25,1,2080.9949999999535,5.0,-0.8600000000001273,1.4099999999998545
2024-10-21 04:35:00,2024-10-21 06:45:00,Short,2728.734,2727.76,4.869999999998527,SL Hit,2727.76,5,2085.864999999952,130.0,2.005999999999858,-5.2039999999997235
2024-10-21 08:25:00,2024-10-21 08:45:00,Long,2731.64,2731.64,0.0,SL Hit,2731.64,1,2085.864999999952,20.0,-1.0099999999997635,1.3400000000001455
2024-10-21 11:40:00,2024-10-21 11:50:00,Long,2735.97,2735.97,0.0,SL Hit,2735.97,1,2085.864999999952,10.0,-0.9599999999995816,1.9400000000000546
2024-10-21 12:35:00,2024-10-21 13:00:00,Long,2737.72,2736.4825,-1.2374999999997272,SL Hit,2736.4825,1,2084.6274999999523,25.0,-1.5599999999999454,1.7300000000000182
2024-10-21 13:15:00,2024-10-21 13:30:00,Long,2737.11,2735.4325,-1.6775000000002365,SL Hit,2735.4325,1,2082.949999999952,15.0,-3.3299999999999272,1.349999999999909
2024-10-21 13:35:00,2024-10-21 13:50:00,Short,2738.61,2741.0850000000005,-2.475000000000364,Bullish Trade Reversal,2741.0850000000005,1,2080.4749999999517,15.0,1.849999999999909,-1.5399999999999636
2024-10-21 13:50:00,2024-10-21 14:00:00,Long,2737.39,2737.39,0.0,SL Hit,2737.39,1,2080.4749999999517,10.0,-2.3799999999996544,2.5700000000001637
2024-10-21 16:20:00,2024-10-21 16:30:00,Short,2720.21,2720.21,0.0,SL Hit,2720.21,1,2080.4749999999517,10.0,1.9800000000000182,-1.9099999999998545
2024-10-21 18:05:00,2024-10-21 19:50:00,Short,2720.4133333333334,2720.61,-0.5900000000001455,SL Hit,2720.61,3,2079.8849999999516,105.0,2.1266666666665515,-7.013333333333321
2024-10-21 23:15:00,2024-10-21 23:20:00,Long,2721.23,2720.9824999999996,-0.24750000000040018,SL Hit,2720.9824999999996,1,2079.637499999951,5.0,-0.8299999999999272,0.3200000000001637
2024-10-21 23:25:00,2024-10-21 23:30:00,Long,2721.14,2721.14,0.0,SL Hit,2721.14,1,2079.637499999951,5.0,-0.44000000000005457,1.2200000000002547
2024-10-22 00:05:00,2024-10-22 02:00:00,Long,2724.572,2727.79,16.089999999999236,SL Hit,2727.79,5,2095.7274999999504,115.0,-3.1720000000000255,5.507999999999811
2024-10-22 03:05:00,2024-10-22 05:10:00,Long,2731.76,2733.61,7.399999999999636,SL Hit,2733.61,4,2103.12749999995,125.0,-1.8400000000001455,4.0
2024-10-22 05:15:00,2024-10-22 06:20:00,Short,2733.94,2734.4,-0.9200000000000728,SL Hit,2734.4,2,2102.20749999995,65.0,2.2399999999997817,-4.630000000000109
2024-10-22 08:10:00,2024-10-22 08:15:00,Short,2733.66,2734.732500000001,-1.0725000000011278,SL Hit,2734.732500000001,1,2101.134999999949,5.0,1.6900000000000546,-1.5
2024-10-22 13:15:00,2024-10-22 13:55:00,Long,2738.0950000000003,2737.56,-1.0700000000006185,SL Hit,2737.56,2,2100.064999999948,40.0,-2.6350000000002183,3.794999999999618
2024-10-22 14:50:00,2024-10-22 15:35:00,Long,2741.08,2740.86,-0.4399999999995998,SL Hit,2740.86,2,2099.6249999999486,45.0,-1.4299999999998363,2.980000000000018
2024-10-22 17:50:00,2024-10-22 18:00:00,Long,2746.27,2746.27,0.0,SL Hit,2746.27,1,2099.6249999999486,10.0,-0.40000000000009095,0.7800000000002001
2024-10-22 20:50:00,2024-10-22 22:00:00,Long,2748.11,2747.7249999999995,-0.385000000000673,SL Hit,2747.7249999999995,1,2099.239999999948,70.0,-1.1600000000003092,0.5399999999999636
2024-10-22 23:35:00,2024-10-22 23:40:00,Long,2747.19,2746.9974999999995,-0.1925000000005639,SL Hit,2746.9974999999995,1,2099.0474999999474,5.0,-0.8299999999999272,0.15000000000009095
2024-10-23 00:40:00,2024-10-23 00:45:00,Short,2745.37,2745.6175000000003,-0.24750000000040018,SL Hit,2745.6175000000003,1,2098.799999999947,5.0,0.34999999999990905,-0.4699999999997999
2024-10-23 02:40:00,2024-10-23 05:25:00,Long,2741.9950000000003,2748.95,27.81999999999789,SL Hit,2748.95,4,2126.619999999945,165.0,-3.6350000000002183,8.764999999999873
2024-10-23 08:10:00,2024-10-23 09:05:00,Long,2756.2,2755.61,-1.1799999999993815,SL Hit,2755.61,2,2125.4399999999455,55.0,-1.3999999999996362,2.0
2024-10-23 09:10:00,2024-10-23 11:15:00,Short,2751.71,2751.75,-0.15999999999985448,SL Hit,2751.75,4,2125.2799999999456,125.0,3.6900000000000546,-2.8099999999999454
2024-10-23 15:05:00,2024-10-23 15:50:00,Short,2718.03,2720.7524999999996,-2.7224999999993997,SL Hit,2720.7524999999996,1,2122.5574999999462,45.0,3.0099999999997635,-9.430000000000291
2024-10-23 19:40:00,2024-10-23 19:50:00,Long,2716.67,2716.67,0.0,SL Hit,2716.67,1,2122.5574999999462,10.0,-0.7000000000002728,1.5399999999999636
2024-10-23 22:15:00,2024-10-24 02:05:00,Long,2719.831666666667,2721.9,12.409999999998945,SL Hit,2721.9,6,2134.967499999945,230.0,-4.631666666667115,6.4683333333332484
2024-10-24 02:10:00,2024-10-24 04:10:00,Short,2722.675,2723.38,-1.4099999999998545,SL Hit,2723.38,2,2133.5574999999453,120.0,1.3449999999998,-2.875
2024-10-24 04:15:00,2024-10-24 07:45:00,Long,2729.7816666666668,2734.2,26.5099999999984,SL Hit,2734.2,6,2160.0674999999437,210.0,-6.571666666666715,7.098333333333358
2024-10-24 12:40:00,2024-10-24 13:45:00,Long,2739.9900000000002,2736.7,-9.870000000001255,SL Hit,2736.7,3,2150.1974999999425,65.0,-4.5300000000002,3.2199999999998
2024-10-24 17:40:00,2024-10-24 18:45:00,Long,2735.3599999999997,2735.25,-0.4399999999986903,SL Hit,2735.25,4,2149.757499999944,65.0,-1.0599999999994907,2.2500000000004547
2024-10-24 18:50:00,2024-10-25 01:10:00,Short,2735.0162499999997,2733.64,11.0099999999984,SL Hit,2733.64,8,2160.767499999942,380.0,1.643750000000182,-3.776249999999891
2024-10-25 02:35:00,2024-10-25 04:10:00,Short,2726.75,2727.02,-0.8099999999999454,SL Hit,2727.02,3,2159.9574999999422,95.0,1.5900000000001455,-2.119999999999891
2024-10-25 04:15:00,2024-10-25 04:20:00,Long,2726.11,2726.11,0.0,SL Hit,2726.11,1,2159.9574999999422,5.0,-0.8800000000001091,0.7199999999997999
2024-10-25 04:40:00,2024-10-25 04:50:00,Short,2725.79,2726.6150000000007,-0.8250000000007276,SL Hit,2726.6150000000007,1,2159.1324999999415,10.0,0.9499999999998181,-0.8099999999999454
2024-10-25 06:35:00,2024-10-25 07:30:00,Long,2728.9700000000003,2728.95,-0.040000000000873115,SL Hit,2728.95,2,2159.0924999999406,55.0,-1.2600000000002183,3.3599999999996726
2024-10-25 11:05:00,2024-10-25 15:40:00,Long,2730.0912499999995,2737.02,55.43000000000393,SL Hit,2737.02,8,2214.5224999999446,275.0,-8.56124999999929,11.68875000000071
2024-10-25 15:45:00,2024-10-25 16:35:00,Short,2737.815,2738.69,-1.75,SL Hit,2738.69,2,2212.7724999999446,50.0,0.974999999999909,-4.7150000000001455
2024-10-25 16:40:00,2024-10-25 16:45:00,Long,2736.9,2736.9,0.0,SL Hit,2736.9,1,2212.7724999999446,5.0,-0.6300000000001091,1.8099999999999454
2024-10-25 18:40:00,2024-10-25 19:30:00,Short,2742.2799999999997,2741.75,1.0599999999994907,SL Hit,2741.75,2,2213.832499999944,50.0,1.4200000000000728,-2.1799999999998363
2024-10-28 00:05:00,2024-10-28 01:45:00,Short,2731.6800000000003,2728.89,8.370000000001255,SL Hit,2728.89,3,2222.2024999999453,100.0,4.199999999999818,-7.170000000000073
2024-10-28 03:05:00,2024-10-28 05:10:00,Short,2733.153333333333,2734.1,-2.8400000000001455,SL Hit,2734.1,3,2219.362499999945,125.0,1.2866666666668607,-3.9433333333331575
2024-10-28 05:15:00,2024-10-28 06:55:00,Long,2737.0975000000003,2740.62,14.089999999998327,SL Hit,2740.62,4,2233.4524999999435,100.0,-5.887500000000273,7.262499999999818
2024-10-28 09:10:00,2024-10-28 10:25:00,Short,2731.6425,2731.07,2.289999999999054,SL Hit,2731.07,4,2235.7424999999425,75.0,2.1975000000002183,-3.432499999999891
2024-10-28 11:45:00,2024-10-28 12:50:00,Long,2732.3366666666666,2731.9,-1.3099999999994907,SL Hit,2731.9,3,2234.432499999943,65.0,-1.6366666666667697,2.313333333333503
2024-10-28 14:50:00,2024-10-28 15:00:00,Long,2744.16,2742.8399999999997,-1.3200000000001637,SL Hit,2742.8399999999997,1,2233.112499999943,10.0,-3.1700000000000728,1.3200000000001637
2024-10-28 18:25:00,2024-10-28 18:40:00,Short,2740.44,2741.4574999999995,-1.0174999999994725,SL Hit,2741.4574999999995,1,2232.0949999999434,15.0,1.3699999999998909,-0.34999999999990905
2024-10-28 19:30:00,2024-10-28 19:35:00,Long,2742.33,2742.33,0.0,SL Hit,2742.33,1,2232.0949999999434,5.0,-0.25,0.7600000000002183
2024-10-28 23:05:00,2024-10-28 23:30:00,Long,2741.725,2740.6,-2.25,SL Hit,2740.6,2,2229.8449999999434,25.0,-1.724999999999909,0.9250000000001819
2024-10-29 00:55:00,2024-10-29 02:35:00,Long,2750.8619999999996,2754.31,17.2400000000016,SL Hit,2754.31,5,2247.084999999945,100.0,-5.861999999999625,6.418000000000575
2024-10-29 05:50:00,2024-10-29 06:20:00,Short,2752.53,2752.7224999999994,-0.19249999999919964,SL Hit,2752.7224999999994,1,2246.892499999946,30.0,0.4299999999998363,-3.5100000000002183
2024-10-29 06:45:00,2024-10-29 07:25:00,Long,2753.8100000000004,2753.84,0.05999999999949068,SL Hit,2753.84,2,2246.9524999999453,40.0,-0.7400000000002365,2.549999999999727
2024-10-29 09:20:00,2024-10-29 09:25:00,Long,2755.5,2755.5,0.0,SL Hit,2755.5,1,2246.9524999999453,5.0,-1.1700000000000728,0.9099999999998545
2024-10-29 09:35:00,2024-10-29 11:15:00,Short,2751.523333333333,2751.08,1.3299999999994725,SL Hit,2751.08,3,2248.282499999945,100.0,2.2866666666668607,-4.223333333332903
2024-10-29 11:45:00,2024-10-29 12:55:00,Long,2751.1549999999997,2749.07,-4.169999999999163,SL Hit,2749.07,2,2244.1124999999456,70.0,-2.0949999999998,2.105000000000473
2024-10-29 18:55:00,2024-10-29 19:00:00,Long,2772.78,2772.5325,-0.24750000000040018,SL Hit,2772.5325,1,2243.864999999945,5.0,-1.180000000000291,1.319999999999709
2024-10-29 23:25:00,2024-10-29 23:45:00,Short,2773.66,2773.9900000000007,-0.33000000000083674,SL Hit,2773.9900000000007,1,2243.5349999999444,20.0,0.9500000000002728,-1.5599999999999454
2024-10-30 01:05:00,2024-10-30 01:15:00,Long,2778.2,2776.577500000001,-1.622499999999036,Bearish Trade Reversal,2776.577500000001,1,2241.9124999999453,10.0,-1.199999999999818,0.7300000000000182
2024-10-30 01:15:00,2024-10-30 01:30:00,Short,2778.05,2778.6549999999997,-0.6049999999995634,SL Hit,2778.6549999999997,1,2241.307499999946,15.0,0.7300000000000182,-1.0199999999999818
2024-10-30 08:40:00,2024-10-30 09:05:00,Short,2781.46,2782.835,-1.375,SL Hit,2782.835,1,2239.932499999946,25.0,1.6300000000001091,-1.9800000000000182
2024-10-30 11:20:00,2024-10-30 11:25:00,Short,2780.97,2780.9975000000004,-0.027500000000600267,SL Hit,2780.9975000000004,1,2239.904999999945,5.0,0.43000000000029104,-0.6399999999998727
2024-10-30 12:45:00,2024-10-30 13:25:00,Long,2781.31,2780.7875,-0.5225000000000364,SL Hit,2780.7875,1,2239.382499999945,40.0,-1.7899999999999636,6.0900000000001455
2024-10-30 14:45:00,2024-10-30 15:05:00,Long,2780.34,2774.84,-5.5,SL Hit,2774.84,1,2233.882499999945,20.0,-6.579999999999927,0.9899999999997817
2024-10-30 18:40:00,2024-10-30 18:50:00,Short,2788.23,2788.6975,-0.4675000000002001,SL Hit,2788.6975,1,2233.414999999945,10.0,0.6599999999998545,-1.5300000000002
2024-10-30 18:55:00,2024-10-30 20:45:00,Short,2787.105,2787.71,-2.4200000000000728,SL Hit,2787.71,4,2230.994999999945,110.0,1.4650000000001455,-3.105000000000018
2024-10-30 23:45:00,2024-10-31 00:15:00,Short,2786.4,2786.79,-0.7799999999997453,SL Hit,2786.79,2,2230.214999999945,30.0,1.6199999999998909,-1.7100000000000364
2024-10-31 03:35:00,2024-10-31 05:20:00,Short,2785.2650000000003,2784.96,0.6100000000005821,SL Hit,2784.96,2,2230.8249999999457,105.0,1.5649999999995998,-3.0250000000005457
2024-10-31 05:35:00,2024-10-31 06:00:00,Short,2783.19,2785.4175,-2.2274999999999636,SL Hit,2785.4175,1,2228.5974999999457,25.0,2.6599999999998545,-0.49000000000023647
2024-10-31 08:05:00,2024-10-31 08:50:00,Short,2779.736666666666,2779.32,1.249999999998181,SL Hit,2779.32,3,2229.847499999944,45.0,2.343333333333703,-2.586666666666133
2024-10-31 09:00:00,2024-10-31 10:00:00,Long,2778.066666666667,2777.2,-2.600000000001728,SL Hit,2777.2,3,2227.247499999942,60.0,-1.1366666666672245,1.853333333333012
2024-10-31 10:40:00,2024-10-31 12:20:00,Long,2779.3766666666666,2778.96,-1.2499999999995453,SL Hit,2778.96,3,2225.9974999999426,100.0,-2.3066666666663878,3.013333333333321
2024-10-31 14:35:00,2024-10-31 15:55:00,Short,2742.255,2740.18,4.150000000000546,SL Hit,2740.18,2,2230.147499999943,80.0,5.264999999999873,-10.28500000000031
2024-10-31 17:50:00,2024-10-31 18:00:00,Short,2739.09,2740.079999999999,-0.9899999999988722,SL Hit,2740.079999999999,1,2229.1574999999443,10.0,1.4800000000000182,-0.6900000000000546
2024-10-31 18:25:00,2024-10-31 19:35:00,Long,2744.9666666666667,2747.2,6.699999999999363,SL Hit,2747.2,3,2235.8574999999437,70.0,-4.466666666666697,4.333333333333485
2024-10-31 23:30:00,2024-10-31 23:45:00,Long,2747.11,2746.7249999999995,-0.385000000000673,SL Hit,2746.7249999999995,1,2235.472499999943,15.0,-0.8200000000001637,0.6999999999998181
2024-11-01 00:30:00,2024-11-01 01:05:00,Short,2745.64,2746.85,-2.4200000000000728,SL Hit,2746.85,2,2233.052499999943,35.0,1.3700000000003456,-1.5399999999999636
2024-11-01 01:10:00,2024-11-01 01:15:00,Long,2746.91,2746.1400000000003,-0.7699999999995271,SL Hit,2746.1400000000003,1,2232.2824999999434,5.0,-1.0099999999997635,0.5700000000001637
2024-11-01 03:25:00,2024-11-01 04:35:00,Long,2750.733333333333,2750.2,-1.599999999999909,SL Hit,2750.2,3,2230.6824999999435,70.0,-1.9933333333333394,1.2066666666669335
2024-11-01 06:40:00,2024-11-01 08:10:00,Short,2751.116666666667,2751.72,-1.809999999999036,SL Hit,2751.72,3,2228.8724999999445,90.0,2.2433333333333394,-3.9566666666669335
2024-11-01 09:20:00,2024-11-01 09:30:00,Long,2752.95,2752.015000000001,-0.9349999999990359,SL Hit,2752.015000000001,1,2227.9374999999454,10.0,-1.8599999999996726,0.7200000000002547
2024-11-01 11:15:00,2024-11-01 12:00:00,Long,2752.4049999999997,2751.85,-1.1099999999996726,SL Hit,2751.85,2,2226.8274999999458,45.0,-0.8649999999997817,1.425000000000182
2024-11-01 15:15:00,2024-11-01 15:50:00,Long,2748.0,2743.21,-9.579999999999927,SL Hit,2743.21,2,2217.247499999946,35.0,-4.880000000000109,1.8699999999998909
2024-11-01 17:25:00,2024-11-01 18:35:00,Short,2738.06,2737.62,0.8800000000001091,SL Hit,2737.62,2,2218.127499999946,70.0,2.4099999999998545,-4.860000000000127
2024-11-01 18:45:00,2024-11-01 18:55:00,Long,2736.65,2735.6875000000005,-0.9624999999996362,SL Hit,2735.6875000000005,1,2217.1649999999463,10.0,-1.349999999999909,0.7799999999997453
2024-11-01 20:50:00,2024-11-03 23:00:00,Long,2734.84,2733.9049999999997,-0.9350000000004002,SL Hit,2733.9049999999997,1,2216.229999999946,3010.0,-3.930000000000291,11.859999999999673
2024-11-04 01:10:00,2024-11-04 01:15:00,Short,2736.46,2737.3125,-0.8524999999999636,SL Hit,2737.3125,1,2215.377499999946,5.0,1.2699999999999818,-1.2600000000002183
2024-11-04 03:35:00,2024-11-04 03:45:00,Long,2741.09,2740.5675,-0.5225000000000364,SL Hit,2740.5675,1,2214.854999999946,10.0,-0.6300000000001091,1.1900000000000546
2024-11-04 04:10:00,2024-11-04 04:35:00,Short,2741.4049999999997,2741.78,-0.7500000000009095,SL Hit,2741.78,2,2214.104999999945,25.0,0.37500000000045475,-1.694999999999709
2024-11-04 12:15:00,2024-11-04 12:20:00,Long,2740.89,2740.7799999999997,-0.11000000000012733,SL Hit,2740.7799999999997,1,2213.994999999945,5.0,-0.7100000000000364,1.1700000000000728
2024-11-04 12:55:00,2024-11-04 13:10:00,Long,2742.45,2742.0925000000007,-0.35749999999916326,SL Hit,2742.0925000000007,1,2213.6374999999457,15.0,-0.6499999999996362,1.9400000000000546
2024-11-04 15:05:00,2024-11-04 15:30:00,Long,2743.4799999999996,2740.9,-5.159999999998945,SL Hit,2740.9,2,2208.4774999999468,25.0,-4.519999999999527,1.6700000000005275
2024-11-04 17:15:00,2024-11-04 17:20:00,Short,2734.83,2737.4700000000003,-2.6400000000003274,Bullish Trade Reversal,2737.4700000000003,1,2205.8374999999464,5.0,1.6700000000000728,-1.6199999999998909
2024-11-04 17:20:00,2024-11-04 20:00:00,Long,2737.5371428571425,2737.1,-3.0599999999981264,SL Hit,2737.1,7,2202.7774999999483,160.0,-3.227142857142553,1.9528571428572832
2024-11-04 20:05:00,2024-11-04 20:20:00,Short,2737.24,2737.24,0.0,SL Hit,2737.24,1,2202.7774999999483,15.0,0.45000000000027285,-1.4399999999995998
2024-11-04 21:15:00,2024-11-04 21:30:00,Short,2736.51,2736.62,-0.10999999999967258,SL Hit,2736.62,1,2202.6674999999486,15.0,0.18999999999959982,-1.7100000000000364
2024-11-05 04:50:00,2024-11-05 05:15:00,Short,2734.98,2735.33,-0.6999999999998181,SL Hit,2735.33,2,2201.967499999949,25.0,1.2899999999999636,-1.1399999999998727
2024-11-05 09:35:00,2024-11-05 11:00:00,Short,2738.813333333333,2739.48,-2.0000000000009095,SL Hit,2739.48,3,2199.967499999948,85.0,3.796666666667079,-3.08333333333303
2024-11-05 11:10:00,2024-11-05 11:15:00,Long,2739.36,2739.36,0.0,SL Hit,2739.36,1,2199.967499999948,5.0,-1.2600000000002183,0.900000000000091
2024-11-05 13:40:00,2024-11-05 14:45:00,Long,2743.865,2742.9,-1.9299999999993815,SL Hit,2742.9,2,2198.0374999999485,65.0,-1.794999999999618,5.835000000000036
2024-11-05 14:50:00,2024-11-05 14:55:00,Short,2743.69,2744.3499999999995,-0.6599999999993997,SL Hit,2744.3499999999995,1,2197.377499999949,5.0,3.0700000000001637,-1.4400000000000546
2024-11-05 18:10:00,2024-11-05 18:15:00,Long,2742.03,2739.445,-2.5850000000000364,Bearish Trade Reversal,2739.445,1,2194.792499999949,5.0,-1.4200000000000728,1.0099999999997635
2024-11-05 18:15:00,2024-11-05 19:25:00,Short,2741.96,2741.9874999999993,-0.027499999999236024,SL Hit,2741.9874999999993,1,2194.76499999995,70.0,0.09000000000014552,-3.0599999999999454
2024-11-05 23:45:00,2024-11-05 23:55:00,Short,2744.7,2745.3050000000003,-0.6050000000004729,SL Hit,2745.3050000000003,1,2194.1599999999494,10.0,1.3600000000001273,-1.1499999999996362
2024-11-06 00:20:00,2024-11-06 01:15:00,Short,2739.28,2739.86,-1.7399999999997817,SL Hit,2739.86,3,2192.4199999999496,55.0,3.3599999999996726,-6.170000000000073
2024-11-06 01:20:00,2024-11-06 02:30:00,Long,2743.0150000000003,2742.68,-0.6700000000009823,SL Hit,2742.68,2,2191.7499999999486,70.0,-4.555000000000291,6.294999999999618
2024-11-06 02:50:00,2024-11-06 04:35:00,Short,2738.2333333333336,2738.98,-2.239999999999327,SL Hit,2738.98,3,2189.5099999999493,105.0,6.2266666666664605,-6.583333333333485
2024-11-06 04:40:00,2024-11-06 05:10:00,Long,2739.28,2739.28,0.0,SL Hit,2739.28,1,2189.5099999999493,30.0,-0.7699999999999818,3.9599999999995816
2024-11-06 06:05:00,2024-11-06 08:15:00,Short,2727.3549999999996,2728.01,-2.6200000000026193,SL Hit,2728.01,4,2186.8899999999467,130.0,10.145000000000437,-25.2849999999994
2024-11-06 09:30:00,2024-11-06 09:45:00,Short,2722.15,2722.15,0.0,SL Hit,2722.15,1,2186.8899999999467,15.0,1.3600000000001273,-5.599999999999909
2024-11-06 10:30:00,2024-11-06 10:35:00,Long,2725.58,2725.58,0.0,SL Hit,2725.58,1,2186.8899999999467,5.0,-0.6900000000000546,1.2100000000000364
2024-11-06 10:45:00,2024-11-06 11:00:00,Short,2722.18,2722.18,0.0,SL Hit,2722.18,1,2186.8899999999467,15.0,0.010000000000218279,-3.099999999999909
2024-11-06 11:20:00,2024-11-06 14:10:00,Short,2694.9900000000002,2666.25,114.96000000000095,SL Hit,2666.25,4,2301.8499999999476,170.0,24.679999999999836,-36.14000000000033
2024-11-06 15:00:00,2024-11-06 15:05:00,Short,2660.47,2667.7850000000008,-7.315000000000964,Bullish Trade Reversal,2667.7850000000008,1,2294.5349999999466,5.0,4.160000000000309,-2.8799999999996544
2024-11-06 15:05:00,2024-11-06 16:10:00,Long,2666.2566666666667,2670.16,11.709999999999582,SL Hit,2670.16,3,2306.2449999999462,65.0,-8.666666666666515,11.163333333333412
2024-11-06 17:05:00,2024-11-06 17:10:00,Short,2668.01,2668.7525,-0.7424999999998363,SL Hit,2668.7525,1,2305.5024999999464,5.0,0.919999999999618,-1.300000000000182
2024-11-06 21:30:00,2024-11-06 23:00:00,Short,2659.835,2660.87,-2.069999999999709,SL Hit,2660.87,2,2303.4324999999467,90.0,1.6549999999997453,-1.7449999999998909
2024-11-07 00:35:00,2024-11-07 00:40:00,Long,2662.76,2662.649999999999,-0.11000000000103682,SL Hit,2662.649999999999,1,2303.3224999999456,5.0,-1.5600000000004002,0.7699999999999818
2024-11-07 01:10:00,2024-11-07 02:00:00,Short,2655.16,2650.95,8.420000000000073,SL Hit,2650.95,2,2311.7424999999457,50.0,6.789999999999964,-8.599999999999909
2024-11-07 07:05:00,2024-11-07 08:30:00,Long,2661.2749999999996,2661.8,1.0500000000010914,SL Hit,2661.8,2,2312.792499999947,85.0,-4.2049999999994725,6.135000000000218
2024-11-07 08:35:00,2024-11-07 09:05:00,Short,2662.37,2662.7,-0.32999999999992724,SL Hit,2662.7,1,2312.462499999947,30.0,0.5,-4.940000000000055
2024-11-07 09:10:00,2024-11-07 09:20:00,Short,2660.7799999999997,2662.87,-4.180000000000291,SL Hit,2662.87,2,2308.2824999999466,10.0,3.1100000000001273,-1.3799999999996544
2024-11-07 09:55:00,2024-11-07 10:10:00,Short,2661.92,2664.32,-4.800000000000182,SL Hit,2664.32,2,2303.4824999999464,15.0,3.299999999999727,-2.099999999999909
2024-11-07 10:45:00,2024-11-07 11:00:00,Long,2666.57,2665.9925000000003,-0.5774999999998727,SL Hit,2665.9925000000003,1,2302.9049999999465,15.0,-1.8900000000003274,1.6499999999996362
2024-11-07 12:00:00,2024-11-07 16:10:00,Long,2683.0860000000002,2695.73,63.21999999999889,SL Hit,2695.73,5,2366.1249999999454,250.0,-18.56600000000026,16.833999999999833
2024-11-07 16:15:00,2024-11-07 16:40:00,Short,2697.19,2697.19,0.0,SL Hit,2697.19,1,2366.1249999999454,25.0,0.32999999999992724,-6.130000000000109
2024-11-07 17:55:00,2024-11-07 19:30:00,Short,2696.4449999999997,2694.15,9.179999999998472,SL Hit,2694.15,4,2375.304999999944,95.0,3.305000000000291,-7.214999999999691
2024-11-07 19:35:00,2024-11-07 19:40:00,Long,2692.56,2690.12,-4.880000000000109,SL Hit,2690.12,2,2370.424999999944,5.0,-4.25,2.6900000000000546
2024-11-07 19:55:00,2024-11-08 01:00:00,Long,2702.8775,2705.3,9.69000000000051,SL Hit,2705.3,4,2380.1149999999443,305.0,-9.887500000000273,7.042500000000018
2024-11-08 01:40:00,2024-11-08 04:15:00,Short,2698.75,2695.78,17.8199999999988,SL Hit,2695.78,6,2397.934999999943,155.0,3.650000000000091,-4.849999999999909
2024-11-08 12:50:00,2024-11-08 13:00:00,Long,2690.84,2690.3725,-0.4675000000002001,SL Hit,2690.3725,1,2397.467499999943,10.0,-1.1400000000003274,2.0899999999996908
2024-11-08 13:25:00,2024-11-08 13:35:00,Long,2693.25,2692.04,-1.2100000000000364,SL Hit,2692.04,1,2396.257499999943,10.0,-2.699999999999818,2.9600000000000364
2024-11-08 14:35:00,2024-11-08 17:55:00,Short,2689.69,2688.2,5.960000000000946,SL Hit,2688.2,4,2402.217499999944,200.0,8.389999999999873,-6.019999999999982
2024-11-08 18:35:00,2024-11-08 19:30:00,Short,2685.3199999999997,2685.24,0.15999999999985448,SL Hit,2685.24,2,2402.3774999999437,55.0,0.9100000000003092,-2.0599999999994907
2024-11-08 19:35:00,2024-11-08 20:50:00,Long,2686.69,2686.83,0.419999999999618,SL Hit,2686.83,3,2402.7974999999433,75.0,-2.0,1.7199999999998
2024-11-11 06:15:00,2024-11-11 07:05:00,Long,2671.71,2671.5,-0.42000000000007276,SL Hit,2671.5,2,2402.377499999943,50.0,-2.2100000000000364,2.130000000000109
2024-11-11 08:00:00,2024-11-11 08:10:00,Short,2669.25,2670.3224999999998,-1.0724999999997635,SL Hit,2670.3224999999998,1,2401.3049999999434,10.0,2.1700000000000728,-0.44000000000005457
2024-11-11 08:30:00,2024-11-11 10:00:00,Short,2668.48,2667.72,3.040000000000873,SL Hit,2667.72,4,2404.3449999999443,90.0,2.0900000000001455,-3.9400000000000546
2024-11-11 12:35:00,2024-11-11 12:55:00,Long,2658.4399999999996,2657.91,-1.0599999999994907,SL Hit,2657.91,2,2403.284999999945,20.0,-0.9799999999995634,3.6400000000003274
2024-11-11 14:30:00,2024-11-11 15:05:00,Short,2624.165,2625.91,-3.4899999999997817,SL Hit,2625.91,2,2399.794999999945,35.0,3.324999999999818,-6.304999999999836
2024-11-11 15:35:00,2024-11-11 15:40:00,Short,2616.7,2618.350000000001,-1.6500000000010004,SL Hit,2618.350000000001,1,2398.144999999944,5.0,1.830000000000382,-2.1799999999998363
2024-11-11 17:10:00,2024-11-11 17:30:00,Short,2614.23,2614.23,0.0,SL Hit,2614.23,1,2398.144999999944,20.0,0.23999999999978172,-2.5399999999999636
2024-11-11 18:15:00,2024-11-11 18:30:00,Short,2612.66,2612.66,0.0,SL Hit,2612.66,1,2398.144999999944,15.0,0.7400000000002365,-1.9899999999997817
2024-11-12 05:55:00,2024-11-12 06:30:00,Short,2608.11,2608.11,0.0,SL Hit,2608.11,1,2398.144999999944,35.0,1.7899999999999636,-4.070000000000164
2024-11-12 06:50:00,2024-11-12 10:45:00,Short,2600.047142857143,2595.61,31.06000000000131,SL Hit,2595.61,7,2429.2049999999454,235.0,8.362857142856683,-10.217142857143244
2024-11-12 15:00:00,2024-11-12 17:50:00,Short,2601.9919999999997,2596.77,26.109999999998763,SL Hit,2596.77,5,2455.314999999944,170.0,8.858000000000175,-9.271999999999935
2024-11-12 20:00:00,2024-11-12 20:35:00,Short,2598.4,2599.06,-1.319999999999709,SL Hit,2599.06,2,2453.9949999999444,35.0,0.7899999999999636,-2.519999999999982
2024-11-12 21:25:00,2024-11-12 23:10:00,Short,2598.075,2598.25,-0.3500000000003638,SL Hit,2598.25,2,2453.644999999944,105.0,0.875,-2.074999999999818
2024-11-12 23:40:00,2024-11-12 23:45:00,Short,2598.47,2598.635000000001,-0.16500000000132786,SL Hit,2598.635000000001,1,2453.4799999999427,5.0,0.9900000000002365,-0.15999999999985448
2024-11-13 00:55:00,2024-11-13 04:40:00,Long,2606.54,2609.36,16.920000000000982,SL Hit,2609.36,6,2470.3999999999437,225.0,-7.880000000000109,6.610000000000127
2024-11-13 05:15:00,2024-11-13 05:55:00,Short,2605.795,2606.4,-1.2100000000000364,SL Hit,2606.4,2,2469.1899999999437,40.0,1.275000000000091,-2.1150000000002365
2024-11-13 06:05:00,2024-11-13 07:15:00,Long,2605.615,2604.67,-3.779999999998836,SL Hit,2604.67,4,2465.409999999945,70.0,-1.3649999999997817,1.425000000000182
2024-11-13 07:30:00,2024-11-13 08:00:00,Long,2605.57,2605.1025,-0.4675000000002001,SL Hit,2605.1025,1,2464.9424999999446,30.0,-1.8700000000003456,1.5
2024-11-13 09:30:00,2024-11-13 10:00:00,Long,2609.5533333333337,2608.01,-4.630000000000564,SL Hit,2608.01,3,2460.312499999944,30.0,-2.213333333333594,1.7166666666662422
2024-11-13 11:15:00,2024-11-13 11:30:00,Long,2609.7200000000003,2608.16,-3.1200000000008004,SL Hit,2608.16,2,2457.1924999999433,15.0,-2.6200000000003456,0.1499999999996362
2024-11-13 13:05:00,2024-11-13 13:30:00,Short,2608.995,2610.78,-3.5700000000006185,SL Hit,2610.78,2,2453.6224999999426,25.0,8.875,-1.9849999999996726
2024-11-13 13:35:00,2024-11-13 14:35:00,Long,2611.706666666667,2608.11,-10.790000000000418,SL Hit,2608.11,3,2442.8324999999422,60.0,-4.356666666667024,4.533333333332848
2024-11-13 14:45:00,2024-11-13 18:50:00,Short,2592.7760000000003,2583.5,46.38000000000147,SL Hit,2583.5,5,2489.2124999999437,245.0,15.293999999999869,-14.816000000000258
2024-11-13 20:00:00,2024-11-13 21:05:00,Short,2577.0699999999997,2576.44,1.8899999999989632,SL Hit,2576.44,3,2491.1024999999427,65.0,3.7600000000002183,-3.9799999999995634
2024-11-13 21:55:00,2024-11-13 23:05:00,Short,2573.67,2573.67,0.0,SL Hit,2573.67,1,2491.1024999999427,70.0,0.2899999999999636,-1.9099999999998545
2024-11-13 23:40:00,2024-11-14 01:30:00,Short,2570.2675,2569.04,4.9099999999998545,SL Hit,2569.04,4,2496.0124999999425,110.0,4.192500000000109,-4.577499999999873
2024-11-14 01:55:00,2024-11-14 03:15:00,Short,2563.92,2564.45,-1.0599999999994907,SL Hit,2564.45,2,2494.952499999943,80.0,2.9200000000000728,-5.019999999999982
2024-11-14 03:20:00,2024-11-14 03:40:00,Long,2563.21,2561.0925,-2.1174999999998363,SL Hit,2561.0925,1,2492.834999999943,20.0,-2.519999999999982,0.650000000000091
2024-11-14 04:00:00,2024-11-14 04:45:00,Short,2561.4449999999997,2562.91,-2.930000000000291,SL Hit,2562.91,2,2489.904999999943,45.0,1.4650000000001455,-3.3449999999998
2024-11-14 05:30:00,2024-11-14 06:00:00,Short,2560.14,2560.14,0.0,SL Hit,2560.14,1,2489.904999999943,30.0,0.18000000000029104,-4.599999999999909
2024-11-14 08:15:00,2024-11-14 08:55:00,Long,2556.9300000000003,2555.13,-3.600000000000364,SL Hit,2555.13,2,2486.3049999999425,40.0,-2.380000000000109,1.3899999999998727
2024-11-14 09:00:00,2024-11-14 11:00:00,Short,2552.65,2547.47,15.540000000000873,SL Hit,2547.47,3,2501.8449999999434,120.0,5.460000000000036,-15.090000000000146
2024-11-14 11:05:00,2024-11-14 11:25:00,Long,2545.805,2545.49,-0.6300000000001091,SL Hit,2545.49,2,2501.2149999999433,20.0,-0.5149999999998727,2.505000000000109
2024-11-14 12:10:00,2024-11-14 12:45:00,Long,2554.25,2552.23,-4.039999999999964,SL Hit,2552.23,2,2497.1749999999433,35.0,-3.3299999999999272,2.0799999999999272
2024-11-14 12:55:00,2024-11-14 13:05:00,Short,2553.33,2553.33,0.0,SL Hit,2553.33,1,2497.1749999999433,10.0,0.7800000000002001,-1.900000000000091
2024-11-14 19:35:00,2024-11-14 20:00:00,Long,2575.3450000000003,2573.2,-4.290000000000873,SL Hit,2573.2,2,2492.8849999999425,25.0,-6.355000000000473,1.2849999999998545
2024-11-14 23:45:00,2024-11-15 00:25:00,Long,2566.51,2566.2,-0.6200000000008004,SL Hit,2566.2,2,2492.2649999999417,40.0,-0.650000000000091,0.6599999999998545
2024-11-15 02:50:00,2024-11-15 03:55:00,Long,2569.5266666666666,2567.88,-4.9399999999996,SL Hit,2567.88,3,2487.324999999942,65.0,-1.8966666666665333,1.1533333333331939
2024-11-15 04:25:00,2024-11-15 04:30:00,Short,2568.07,2568.07,0.0,SL Hit,2568.07,1,2487.324999999942,5.0,0.6099999999996726,-0.47000000000025466
2024-11-15 05:00:00,2024-11-15 07:15:00,Short,2563.6099999999997,2563.36,0.4999999999990905,SL Hit,2563.36,2,2487.824999999941,135.0,3.480000000000473,-8.649999999999636
2024-11-15 07:55:00,2024-11-15 08:25:00,Long,2564.88,2562.17,-5.420000000000073,SL Hit,2562.17,2,2482.404999999941,30.0,-3.7100000000000364,1.7100000000000364
2024-11-15 14:10:00,2024-11-15 14:35:00,Long,2570.71,2568.2625000000003,-2.4474999999997635,SL Hit,2568.2625000000003,1,2479.9574999999413,25.0,-2.880000000000109,3.25
2024-11-15 14:55:00,2024-11-15 15:20:00,Long,2573.01,2571.19,-3.6400000000003274,SL Hit,2571.19,2,2476.317499999941,25.0,-5.430000000000291,2.5
2024-11-15 17:00:00,2024-11-15 17:05:00,Short,2562.21,2562.21,0.0,SL Hit,2562.21,1,2476.317499999941,5.0,0.7699999999999818,-2.0399999999999636
2024-11-18 03:50:00,2024-11-18 03:55:00,Short,2589.11,2589.165,-0.05499999999983629,SL Hit,2589.165,1,2476.262499999941,5.0,0.32999999999992724,-0.6400000000003274
2024-11-18 04:20:00,2024-11-18 05:00:00,Long,2591.385,2590.74,-1.2900000000008731,SL Hit,2590.74,2,2474.9724999999403,40.0,-1.2550000000001091,1.5549999999998363
2024-11-18 07:15:00,2024-11-18 08:05:00,Short,2583.5766666666664,2584.3,-2.170000000001437,SL Hit,2584.3,3,2472.802499999939,50.0,3.1833333333338487,-1.9466666666662604
2024-11-18 09:25:00,2024-11-18 09:35:00,Long,2589.76,2589.76,0.0,SL Hit,2589.76,1,2472.802499999939,10.0,-0.25,3.1899999999996
2024-11-18 13:10:00,2024-11-18 13:20:00,Long,2594.66,2594.4675000000007,-0.19249999999919964,SL Hit,2594.4675000000007,1,2472.6099999999396,10.0,-1.1799999999998363,3.7400000000002365
2024-11-18 15:15:00,2024-11-18 16:30:00,Long,2611.0333333333333,2609.46,-4.7199999999998,SL Hit,2609.46,3,2467.88999999994,75.0,-2.313333333333503,3.746666666666897
2024-11-18 16:35:00,2024-11-18 16:55:00,Short,2610.43,2611.8325000000004,-1.4025000000006003,SL Hit,2611.8325000000004,1,2466.4874999999392,20.0,1.9600000000000364,-0.669999999999618
2024-11-18 17:15:00,2024-11-18 17:40:00,Short,2608.87,2610.3549999999996,-1.4849999999996726,SL Hit,2610.3549999999996,1,2465.0024999999396,25.0,2.0100000000002183,-1.5199999999999818
2024-11-18 20:00:00,2024-11-18 20:35:00,Long,2609.65,2608.5,-2.300000000000182,SL Hit,2608.5,2,2462.7024999999394,35.0,-1.1700000000000728,1.7899999999999636
2024-11-18 20:40:00,2024-11-18 20:50:00,Short,2608.77,2609.5950000000003,-0.8250000000002728,SL Hit,2609.5950000000003,1,2461.877499999939,10.0,1.8099999999999454,-1.4699999999998
2024-11-18 21:40:00,2024-11-18 21:55:00,Long,2611.51,2611.51,0.0,SL Hit,2611.51,1,2461.877499999939,15.0,-0.21000000000003638,0.6899999999995998
2024-11-19 00:35:00,2024-11-19 00:40:00,Long,2612.24,2611.772500000001,-0.46749999999883585,SL Hit,2611.772500000001,1,2461.4099999999403,5.0,-1.0399999999999636,0.5700000000001637
2024-11-19 01:00:00,2024-11-19 01:30:00,Long,2613.75,2613.4474999999998,-0.30250000000023647,SL Hit,2613.4474999999998,1,2461.10749999994,30.0,-1.9299999999998363,3.9099999999998545
2024-11-19 05:05:00,2024-11-19 05:15:00,Short,2622.5,2622.6099999999997,-0.10999999999967258,SL Hit,2622.6099999999997,1,2460.9974999999404,10.0,0.2800000000002001,-1.7100000000000364
2024-11-19 08:25:00,2024-11-19 08:30:00,Long,2619.84,2619.399999999999,-0.44000000000096406,SL Hit,2619.399999999999,1,2460.5574999999394,5.0,-0.6700000000000728,0.9699999999997999
2024-11-19 09:20:00,2024-11-19 11:30:00,Long,2633.3759999999997,2634.17,3.970000000001619,SL Hit,2634.17,5,2464.527499999941,130.0,-5.105999999999767,2.924000000000433
2024-11-19 13:55:00,2024-11-19 16:15:00,Short,2629.2500000000005,2627.02,11.150000000002365,SL Hit,2627.02,5,2475.6774999999434,140.0,7.459999999999582,-8.170000000000528
2024-11-19 21:40:00,2024-11-19 21:45:00,Long,2631.98,2631.7324999999996,-0.24750000000040018,SL Hit,2631.7324999999996,1,2475.429999999943,5.0,-0.9800000000000182,0.8400000000001455
2024-11-20 04:30:00,2024-11-20 05:25:00,Short,2637.25,2637.25,0.0,SL Hit,2637.25,1,2475.429999999943,55.0,0.30999999999994543,-2.3400000000001455
2024-11-20 06:05:00,2024-11-20 08:50:00,Short,2629.0975,2623.42,22.709999999999127,SL Hit,2623.42,4,2498.139999999942,165.0,6.512500000000273,-9.27749999999969
2024-11-20 09:40:00,2024-11-20 09:50:00,Long,2622.69,2621.45,-2.480000000000473,SL Hit,2621.45,2,2495.6599999999416,10.0,-1.4500000000002728,0.7699999999999818
2024-11-20 16:25:00,2024-11-20 18:15:00,Long,2650.495,2648.6,-7.579999999999927,SL Hit,2648.6,4,2488.0799999999417,110.0,-2.644999999999982,4.565000000000055
2024-11-20 23:10:00,2024-11-20 23:30:00,Short,2649.18,2650.0600000000004,-0.8800000000005639,SL Hit,2650.0600000000004,1,2487.199999999941,20.0,1.2600000000002183,-0.05999999999994543
2024-11-21 03:05:00,2024-11-21 03:15:00,Short,2652.23,2652.6975,-0.4675000000002001,SL Hit,2652.6975,1,2486.732499999941,10.0,0.9699999999997999,-0.9099999999998545
2024-11-21 04:15:00,2024-11-21 04:20:00,Long,2657.15,2656.6825,-0.4675000000002001,SL Hit,2656.6825,1,2486.2649999999408,5.0,-1.349999999999909,0.29999999999972715
2024-11-21 05:15:00,2024-11-21 05:20:00,Short,2655.68,2655.68,0.0,SL Hit,2655.68,1,2486.2649999999408,5.0,0.19000000000005457,-0.9699999999997999
2024-11-21 05:55:00,2024-11-21 07:15:00,Long,2659.423333333333,2660.19,2.3000000000006366,SL Hit,2660.19,3,2488.5649999999414,80.0,-3.133333333333212,2.5366666666668607
2024-11-21 07:25:00,2024-11-21 08:10:00,Long,2663.1033333333335,2662.31,-2.380000000000564,SL Hit,2662.31,3,2486.184999999941,45.0,-2.0933333333332484,1.166666666666515
2024-11-21 11:05:00,2024-11-21 12:05:00,Long,2668.99,2668.6325000000006,-0.35749999999916326,SL Hit,2668.6325000000006,1,2485.8274999999417,60.0,-3.299999999999727,4.320000000000164
2024-11-21 12:45:00,2024-11-21 13:10:00,Short,2665.39,2666.682500000001,-1.2925000000009277,SL Hit,2666.682500000001,1,2484.5349999999407,25.0,1.8200000000001637,-4.389999999999873
2024-11-21 14:10:00,2024-11-21 14:40:00,Long,2667.96,2665.21,-2.75,SL Hit,2665.21,1,2481.7849999999407,30.0,-2.9600000000000364,3.380000000000109
2024-11-21 21:45:00,2024-11-21 23:50:00,Short,2669.5225,2669.59,-0.27000000000043656,SL Hit,2669.59,4,2481.5149999999403,125.0,0.8074999999998909,-2.5225000000000364
2024-11-21 23:55:00,2024-11-22 00:00:00,Short,2669.49,2669.6550000000007,-0.16500000000087311,SL Hit,2669.6550000000007,1,2481.3499999999394,5.0,0.5400000000004184,-0.8099999999999454
2024-11-22 06:10:00,2024-11-22 09:15:00,Long,2692.056,2694.76,13.520000000000891,SL Hit,2694.76,5,2494.8699999999403,185.0,-5.916000000000167,7.94399999999996
2024-11-22 10:20:00,2024-11-22 10:30:00,Long,2706.18,2705.0525000000002,-1.1274999999995998,SL Hit,2705.0525000000002,1,2493.7424999999407,10.0,-1.199999999999818,2.3099999999999454
2024-11-22 11:00:00,2024-11-22 11:15:00,Long,2708.135,2705.65,-4.970000000000255,SL Hit,2705.65,2,2488.7724999999405,15.0,-5.385000000000218,1.7749999999996362
2024-11-22 14:25:00,2024-11-22 14:35:00,Short,2689.45,2689.8625,-0.4125000000003638,SL Hit,2689.8625,1,2488.35999999994,10.0,0.8900000000003274,-4.9399999999996
2024-11-22 17:45:00,2024-11-22 17:55:00,Short,2705.43,2707.1075,-1.6775000000002365,Bullish Trade Reversal,2707.1075,1,2486.68249999994,10.0,1.5,-0.30999999999994543
2024-11-22 17:55:00,2024-11-22 19:40:00,Long,2708.8725000000004,2709.3,1.7099999999991269,SL Hit,2709.3,4,2488.392499999939,105.0,-2.5825000000004366,2.457499999999527
2024-11-22 20:10:00,2024-11-22 20:25:00,Short,2706.59,2708.267499999999,-1.6774999999988722,SL Hit,2708.267499999999,1,2486.71499999994,15.0,2.049999999999727,-1.5199999999999818
2024-11-25 15:55:00,2024-11-25 16:00:00,Short,2629.52,2632.435,-2.9149999999999636,SL Hit,2632.435,1,2483.79999999994,5.0,4.329999999999927,-2.9699999999998
2024-11-25 21:25:00,2024-11-25 23:05:00,Short,2626.38,2627.314999999999,-0.9349999999990359,SL Hit,2627.314999999999,1,2482.864999999941,100.0,0.9899999999997817,-1.1199999999998909
2024-11-26 01:05:00,2024-11-26 02:40:00,Long,2626.5024999999996,2625.74,-3.0499999999992724,SL Hit,2625.74,4,2479.814999999942,95.0,-4.012499999999818,5.337500000000546
2024-11-26 03:35:00,2024-11-26 04:10:00,Long,2629.8950000000004,2629.34,-1.110000000000582,SL Hit,2629.34,2,2478.7049999999413,35.0,-1.3650000000002365,1.3649999999997817
2024-11-26 10:10:00,2024-11-26 11:00:00,Long,2630.07,2629.49,-1.740000000001146,SL Hit,2629.49,3,2476.96499999994,50.0,-2.6700000000000728,2.6900000000000546
2024-11-26 11:40:00,2024-11-26 12:20:00,Long,2632.036666666667,2631.06,-2.930000000000746,SL Hit,2631.06,3,2474.0349999999394,40.0,-1.1266666666670062,2.513333333333321
2024-11-26 12:30:00,2024-11-26 13:00:00,Short,2631.535,2632.66,-2.25,SL Hit,2632.66,2,2471.7849999999394,30.0,6.2150000000001455,-1.8849999999997635
2024-11-26 13:35:00,2024-11-26 15:20:00,Short,2626.68,2625.11,4.709999999999127,SL Hit,2625.11,3,2476.4949999999385,105.0,7.350000000000364,-9.329999999999927
2024-11-26 16:45:00,2024-11-26 17:00:00,Long,2629.08,2628.1449999999995,-0.9350000000004002,SL Hit,2628.1449999999995,1,2475.559999999938,15.0,-2.119999999999891,1.599999999999909
2024-11-26 21:25:00,2024-11-26 21:35:00,Long,2632.51,2631.9875,-0.5225000000000364,SL Hit,2631.9875,1,2475.037499999938,10.0,-0.6300000000001091,0.599999999999909
2024-11-27 02:05:00,2024-11-27 03:05:00,Long,2635.13,2636.64,3.019999999999527,SL Hit,2636.64,2,2478.0574999999376,60.0,-3.25,5.25
2024-11-27 03:10:00,2024-11-27 03:25:00,Short,2636.66,2637.3200000000006,-0.660000000000764,SL Hit,2637.3200000000006,1,2477.397499999937,15.0,2.5399999999999636,-0.599999999999909
2024-11-27 06:50:00,2024-11-27 08:15:00,Long,2645.3599999999997,2646.0,1.2800000000006548,SL Hit,2646.0,2,2478.6774999999375,85.0,-1.6199999999998909,3.100000000000364
2024-11-27 08:20:00,2024-11-27 08:25:00,Short,2649.15,2649.15,0.0,Bullish Trade Reversal,2649.15,1,2478.6774999999375,5.0,-0.0,-3.25
2024-11-27 08:25:00,2024-11-27 08:35:00,Long,2646.925,2645.8,-2.25,SL Hit,2645.8,2,2476.4274999999375,10.0,-1.555000000000291,1.6050000000000182
2024-11-27 09:35:00,2024-11-27 11:35:00,Short,2648.485,2649.06,-3.4499999999989086,SL Hit,2649.06,6,2472.9774999999386,120.0,2.125,-3.4149999999999636
2024-11-27 19:20:00,2024-11-27 20:05:00,Short,2636.5,2636.34,0.31999999999970896,SL Hit,2636.34,2,2473.2974999999383,45.0,2.1799999999998363,-2.599999999999909
2024-11-28 00:00:00,2024-11-28 00:30:00,Short,2636.855,2637.14,-0.569999999999709,SL Hit,2637.14,2,2472.7274999999386,30.0,1.025000000000091,-1.5050000000001091
2024-11-28 05:25:00,2024-11-28 11:20:00,Long,2639.017777777778,2646.8,70.03999999999905,SL Hit,2646.8,9,2542.7674999999376,355.0,-9.117777777777974,10.14222222222179
2024-11-28 11:30:00,2024-11-28 11:50:00,Short,2646.74,2647.3725,-0.6325000000001637,SL Hit,2647.3725,1,2542.1349999999375,20.0,0.7300000000000182,-1.7599999999997635
2024-11-28 13:50:00,2024-11-28 14:20:00,Long,2646.895,2645.56,-2.6700000000000728,SL Hit,2645.56,2,2539.4649999999374,30.0,-1.8649999999997817,0.8249999999998181
2024-11-28 17:25:00,2024-11-28 17:40:00,Short,2640.65,2641.2549999999997,-0.6049999999995634,SL Hit,2641.2549999999997,1,2538.859999999938,15.0,0.8099999999999454,-0.8899999999998727
2024-11-28 18:15:00,2024-11-28 18:25:00,Short,2640.62,2640.95,-0.32999999999992724,SL Hit,2640.95,1,2538.529999999938,10.0,0.680000000000291,-0.6199999999998909
2024-11-28 18:45:00,2024-11-28 23:55:00,Short,2639.0866666666666,2638.62,1.400000000000091,SL Hit,2638.62,3,2539.929999999938,310.0,1.8033333333332848,-1.9866666666666788
2024-11-29 04:45:00,2024-11-29 05:05:00,Long,2659.92,2659.51,-1.2299999999995634,SL Hit,2659.51,3,2538.6999999999384,20.0,-0.5199999999999818,1.0499999999997272
2024-11-29 05:10:00,2024-11-29 05:25:00,Short,2660.89,2661.1099999999997,-0.2199999999997999,SL Hit,2661.1099999999997,1,2538.4799999999386,15.0,2.1200000000003456,-0.9899999999997817
2024-11-29 08:30:00,2024-11-29 09:10:00,Short,2658.625,2660.35,-3.449999999999818,SL Hit,2660.35,2,2535.029999999939,40.0,2.3850000000002183,-4.525000000000091
2024-11-29 11:50:00,2024-11-29 13:20:00,Short,2660.9533333333334,2661.6,-1.9399999999995998,SL Hit,2661.6,3,2533.089999999939,90.0,3.416666666666515,-4.013333333333321
2024-11-29 14:50:00,2024-11-29 14:55:00,Short,2656.32,2656.32,0.0,SL Hit,2656.32,1,2533.089999999939,5.0,0.06999999999970896,-2.7800000000002
2024-11-29 16:30:00,2024-11-29 17:05:00,Long,2660.98,2659.67,-2.619999999999891,SL Hit,2659.67,2,2530.4699999999393,35.0,-1.3699999999998909,1.150000000000091
2024-11-29 18:15:00,2024-12-02 01:40:00,Short,2642.898333333333,2634.83,48.409999999998945,SL Hit,2634.83,6,2578.8799999999383,3325.0,16.771666666666988,-19.71833333333325
2024-12-02 05:10:00,2024-12-02 07:05:00,Short,2626.616666666667,2627.53,-2.7400000000002365,SL Hit,2627.53,3,2576.139999999938,115.0,1.5733333333332666,-4.626666666667006
2024-12-02 09:10:00,2024-12-02 10:40:00,Long,2632.9266666666667,2634.88,5.860000000000127,SL Hit,2634.88,3,2581.999999999938,90.0,-3.1366666666667697,4.653333333333194
2024-12-02 12:50:00,2024-12-02 12:55:00,Short,2641.08,2642.4,-1.3200000000001637,SL Hit,2642.4,1,2580.679999999938,5.0,1.800000000000182,-1.0399999999999636
2024-12-02 13:05:00,2024-12-02 13:15:00,Short,2640.09,2642.0975000000003,-2.0075000000001637,SL Hit,2642.0975000000003,1,2578.672499999938,10.0,2.2199999999998,-2.7800000000002
2024-12-02 15:05:00,2024-12-02 18:50:00,Short,2641.3475,2637.2,33.18000000000029,SL Hit,2637.2,8,2611.852499999938,225.0,7.622499999999945,-8.447499999999764
2024-12-02 18:55:00,2024-12-02 19:10:00,Long,2636.77,2636.77,0.0,SL Hit,2636.77,1,2611.852499999938,15.0,-0.09999999999990905,1.4099999999998545
2024-12-02 21:25:00,2024-12-02 21:30:00,Short,2637.12,2637.9450000000006,-0.8250000000007276,SL Hit,2637.9450000000006,1,2611.0274999999374,5.0,0.849999999999909,-0.6099999999996726
2024-12-02 21:55:00,2024-12-03 00:50:00,Long,2641.26,2641.7,2.639999999997599,SL Hit,2641.7,6,2613.667499999935,175.0,-3.6600000000003092,2.8799999999996544
2024-12-03 05:40:00,2024-12-03 05:50:00,Short,2639.72,2641.1225000000004,-1.4025000000006003,SL Hit,2641.1225000000004,1,2612.2649999999344,10.0,1.6700000000000728,-1.1099999999996726
2024-12-03 07:40:00,2024-12-03 08:50:00,Short,2643.36,2642.12,3.7200000000007094,SL Hit,2642.12,3,2615.984999999935,70.0,2.569999999999709,-4.0900000000001455
2024-12-03 10:40:00,2024-12-03 10:50:00,Short,2643.79,2644.3125,-0.5225000000000364,SL Hit,2644.3125,1,2615.462499999935,10.0,0.9200000000000728,-0.9600000000000364
2024-12-03 12:05:00,2024-12-03 13:05:00,Short,2641.52,2641.79,-0.5399999999999636,SL Hit,2641.79,2,2614.922499999935,60.0,2.1100000000001273,-3.4600000000000364
2024-12-03 13:10:00,2024-12-03 15:00:00,Long,2644.8733333333334,2644.16,-2.140000000000782,SL Hit,2644.16,3,2612.7824999999343,110.0,-5.063333333333503,10.096666666666351
2024-12-03 16:00:00,2024-12-03 16:05:00,Long,2640.69,2640.2225,-0.4675000000002001,SL Hit,2640.2225,1,2612.314999999934,5.0,-1.4800000000000182,2.1100000000001273
2024-12-03 17:40:00,2024-12-03 17:45:00,Short,2644.67,2644.725,-0.05499999999983629,SL Hit,2644.725,1,2612.2599999999343,5.0,0.6700000000000728,-0.75
2024-12-03 18:40:00,2024-12-03 18:45:00,Short,2644.31,2644.31,0.0,SL Hit,2644.31,1,2612.2599999999343,5.0,1.1799999999998363,-0.9499999999998181
2024-12-03 23:25:00,2024-12-03 23:30:00,Short,2641.71,2642.04,-0.32999999999992724,SL Hit,2642.04,1,2611.9299999999344,5.0,0.42000000000007276,-0.6300000000001091
2024-12-04 08:10:00,2024-12-04 08:45:00,Short,2641.01,2641.7525,-0.7424999999998363,SL Hit,2641.7525,1,2611.1874999999345,35.0,0.9099999999998545,-5.3100000000004
2024-12-04 09:05:00,2024-12-04 09:45:00,Long,2640.835,2640.26,-1.1499999999996362,SL Hit,2640.26,2,2610.037499999935,40.0,-2.0450000000000728,1.7649999999998727
2024-12-04 10:40:00,2024-12-04 12:20:00,Long,2643.4666666666667,2642.5,-2.900000000000091,SL Hit,2642.5,3,2607.137499999935,100.0,-2.466666666666697,3.883333333333212
2024-12-04 12:25:00,2024-12-04 13:20:00,Short,2640.955,2643.94,-5.970000000000255,SL Hit,2643.94,2,2601.1674999999345,55.0,3.2649999999998727,-7.485000000000127
2024-12-04 13:25:00,2024-12-04 13:35:00,Long,2643.62,2642.8775,-0.7424999999998363,SL Hit,2642.8775,1,2600.4249999999347,10.0,-1.5399999999999636,3.519999999999982
2024-12-04 16:40:00,2024-12-04 17:15:00,Short,2651.91,2652.185000000001,-0.27500000000100044,SL Hit,2652.185000000001,1,2600.1499999999337,35.0,0.44000000000005457,-4.980000000000018
2024-12-05 01:45:00,2024-12-05 01:50:00,Short,2647.17,2647.17,0.0,SL Hit,2647.17,1,2600.1499999999337,5.0,0.15999999999985448,-0.8600000000001273
2024-12-05 02:15:00,2024-12-05 02:35:00,Short,2646.4700000000003,2647.29,-1.639999999999418,SL Hit,2647.29,2,2598.5099999999343,20.0,2.149999999999636,-1.1000000000003638
2024-12-05 04:35:00,2024-12-05 05:10:00,Short,2646.6949999999997,2647.26,-1.1300000000010186,SL Hit,2647.26,2,2597.3799999999333,35.0,1.105000000000473,-0.9949999999998909
2024-12-05 05:15:00,2024-12-05 06:55:00,Long,2646.84,2646.84,0.0,SL Hit,2646.84,1,2597.3799999999333,100.0,-0.16000000000030923,8.489999999999782
2024-12-05 14:35:00,2024-12-05 15:50:00,Short,2642.52,2639.35,9.510000000000218,SL Hit,2639.35,3,2606.8899999999335,75.0,5.179999999999836,-10.579999999999927
2024-12-05 18:55:00,2024-12-05 20:10:00,Long,2629.64,2628.93,-2.130000000000109,SL Hit,2628.93,3,2604.7599999999334,75.0,-1.2899999999999636,1.9500000000002728
2024-12-05 20:15:00,2024-12-05 20:35:00,Short,2629.56,2629.56,0.0,SL Hit,2629.56,1,2604.7599999999334,20.0,0.5300000000002001,-1.3600000000001273
2024-12-05 23:55:00,2024-12-06 00:50:00,Long,2632.605,2631.38,-2.449999999999818,SL Hit,2631.38,2,2602.3099999999336,55.0,-1.8850000000002183,1.0149999999998727
2024-12-06 03:00:00,2024-12-06 05:10:00,Long,2637.955,2641.4,13.780000000000655,SL Hit,2641.4,4,2616.089999999934,130.0,-12.99499999999989,5.9050000000002
2024-12-06 05:15:00,2024-12-06 07:55:00,Short,2639.636,2639.41,1.1300000000005639,SL Hit,2639.41,5,2617.2199999999348,160.0,2.6539999999999964,-4.355999999999767
2024-12-06 08:05:00,2024-12-06 08:20:00,Long,2639.26,2638.517499999999,-0.7425000000012005,SL Hit,2638.517499999999,1,2616.4774999999336,15.0,-0.8900000000003274,2.0399999999999636
2024-12-06 12:05:00,2024-12-06 12:10:00,Short,2637.35,2637.35,0.0,SL Hit,2637.35,1,2616.4774999999336,5.0,1.9400000000000546,-0.9299999999998363
2024-12-06 13:15:00,2024-12-06 13:20:00,Short,2636.55,2636.55,0.0,SL Hit,2636.55,1,2616.4774999999336,5.0,1.099999999999909,-2.5399999999999636
2024-12-06 13:25:00,2024-12-06 13:30:00,Short,2637.26,2637.26,0.0,SL Hit,2637.26,1,2616.4774999999336,5.0,4.679999999999836,-5.5
2024-12-06 13:35:00,2024-12-06 14:05:00,Long,2636.9733333333334,2632.98,-11.980000000000018,SL Hit,2632.98,3,2604.4974999999336,30.0,-8.96333333333314,6.006666666666661
2024-12-06 19:45:00,2024-12-06 19:50:00,Short,2633.5,2634.2700000000004,-0.7700000000004366,SL Hit,2634.2700000000004,1,2603.727499999933,5.0,0.8000000000001819,-0.5599999999999454
2024-12-09 00:15:00,2024-12-09 01:05:00,Short,2636.23,2636.5875000000005,-0.3575000000005275,SL Hit,2636.5875000000005,1,2603.3699999999326,50.0,1.1199999999998909,-9.0300000000002
2024-12-09 04:35:00,2024-12-09 05:10:00,Short,2636.73,2637.29,-1.1199999999998909,SL Hit,2637.29,2,2602.2499999999327,35.0,1.3099999999999454,-2.4299999999998363
2024-12-09 05:45:00,2024-12-09 05:50:00,Long,2638.92,2638.92,0.0,SL Hit,2638.92,1,2602.2499999999327,5.0,-0.7200000000002547,1.0199999999999818
2024-12-09 11:30:00,2024-12-09 11:40:00,Long,2655.59,2654.5724999999993,-1.0175000000008367,SL Hit,2654.5724999999993,1,2601.232499999932,10.0,-1.6300000000001091,2.1799999999998363
2024-12-09 11:50:00,2024-12-09 12:00:00,Short,2656.52,2656.9875,-0.4675000000002001,SL Hit,2656.9875,1,2600.7649999999317,10.0,1.5100000000002183,-1.7599999999997635
2024-12-09 12:45:00,2024-12-09 12:55:00,Short,2655.42,2655.42,0.0,SL Hit,2655.42,1,2600.7649999999317,10.0,0.6900000000000546,-1.9600000000000364
2024-12-09 15:30:00,2024-12-09 15:40:00,Short,2671.85,2672.9500000000003,-1.1000000000003638,SL Hit,2672.9500000000003,1,2599.6649999999313,10.0,1.8400000000001455,-1.7199999999998
2024-12-09 19:50:00,2024-12-09 21:50:00,Short,2660.085,2660.28,-0.3900000000003274,SL Hit,2660.28,2,2599.274999999931,120.0,0.7550000000001091,-3.4850000000001273
2024-12-09 21:55:00,2024-12-09 23:40:00,Long,2659.7625,2659.7,-0.25,SL Hit,2659.7,4,2599.024999999931,105.0,-1.162499999999909,1.5775000000003274
2024-12-09 23:45:00,2024-12-10 00:50:00,Short,2660.8599999999997,2661.45,-1.180000000000291,SL Hit,2661.45,2,2597.8449999999307,65.0,1.0600000000004002,-3.9599999999995816
2024-12-10 02:40:00,2024-12-10 03:00:00,Long,2669.12,2667.7175000000007,-1.402499999999236,SL Hit,2667.7175000000007,1,2596.4424999999314,20.0,-1.6099999999996726,1.9900000000002365
2024-12-10 04:45:00,2024-12-10 06:50:00,Short,2670.2999999999997,2669.67,1.8899999999989632,SL Hit,2669.67,3,2598.3324999999304,125.0,1.7600000000002183,-4.329999999999927
2024-12-10 08:45:00,2024-12-10 08:55:00,Long,2662.04,2662.04,0.0,SL Hit,2662.04,1,2598.3324999999304,10.0,-0.13999999999987267,1.2200000000002547
2024-12-10 09:15:00,2024-12-10 09:35:00,Long,2664.4,2662.8875,-1.5125000000002728,SL Hit,2662.8875,1,2596.81999999993,20.0,-1.7100000000000364,1.0599999999999454
2024-12-10 09:55:00,2024-12-10 12:35:00,Long,2669.6825,2675.52,23.350000000000364,SL Hit,2675.52,4,2620.1699999999305,160.0,-6.662499999999909,9.037499999999909
2024-12-10 15:30:00,2024-12-10 15:55:00,Short,2688.09,2688.4474999999993,-0.35749999999916326,SL Hit,2688.4474999999993,1,2619.8124999999313,25.0,1.0,-3.2800000000002
2024-12-10 18:30:00,2024-12-10 19:00:00,Long,2692.35,2691.71,-1.2799999999997453,SL Hit,2691.71,2,2618.5324999999316,30.0,-0.7300000000000182,0.900000000000091
2024-12-10 19:20:00,2024-12-10 19:30:00,Long,2693.14,2691.3,-3.6799999999993815,SL Hit,2691.3,2,2614.852499999932,10.0,-2.1399999999998727,1.25
2024-12-10 21:40:00,2024-12-11 00:00:00,Long,2693.5825,2693.9,1.2700000000004366,SL Hit,2693.9,4,2616.1224999999326,140.0,-1.6824999999998909,4.547500000000127
2024-12-11 00:30:00,2024-12-11 00:40:00,Long,2697.83,2697.665,-0.16499999999996362,SL Hit,2697.665,1,2615.9574999999327,10.0,-0.5099999999997635,2.430000000000291
2024-12-11 01:05:00,2024-12-11 01:10:00,Short,2697.97,2698.6850000000004,-0.7150000000006003,SL Hit,2698.6850000000004,1,2615.242499999932,5.0,2.0,-0.9299999999998363
2024-12-11 02:35:00,2024-12-11 02:40:00,Long,2701.8,2700.4524999999994,-1.347500000000764,SL Hit,2700.4524999999994,1,2613.8949999999313,5.0,-2.550000000000182,0.7899999999999636
2024-12-11 02:55:00,2024-12-11 03:15:00,Short,2699.865,2700.87,-2.0100000000002183,SL Hit,2700.87,2,2611.884999999931,20.0,1.3350000000000364,-1.224999999999909
2024-12-11 06:15:00,2024-12-11 07:05:00,Long,2693.896666666667,2693.2,-2.0900000000015098,SL Hit,2693.2,3,2609.7949999999296,50.0,-3.016666666666879,3.483333333333121
2024-12-11 08:10:00,2024-12-11 09:05:00,Long,2691.885,2688.28,-7.210000000000036,SL Hit,2688.28,2,2602.5849999999296,55.0,-5.625,3.5649999999996
2024-12-11 12:10:00,2024-12-11 13:00:00,Short,2695.97,2696.46,-1.4700000000007094,SL Hit,2696.46,3,2601.114999999929,50.0,1.6200000000003456,-2.019999999999982
2024-12-11 14:00:00,2024-12-11 14:05:00,Long,2701.03,2701.03,0.0,SL Hit,2701.03,1,2601.114999999929,5.0,-2.0,2.569999999999709
2024-12-11 16:20:00,2024-12-11 16:35:00,Long,2714.32,2714.32,0.0,SL Hit,2714.32,1,2601.114999999929,15.0,-1.7100000000000364,3.919999999999618
2024-12-11 20:10:00,2024-12-11 20:25:00,Long,2718.63,2718.63,0.0,SL Hit,2718.63,1,2601.114999999929,15.0,-0.599999999999909,1.4200000000000728
2024-12-11 21:00:00,2024-12-11 21:30:00,Short,2716.3450000000003,2717.69,-2.6899999999996,SL Hit,2717.69,2,2598.4249999999292,30.0,1.3449999999998,-0.9850000000001273
2024-12-11 21:45:00,2024-12-11 21:55:00,Long,2717.52,2717.355,-0.16499999999996362,SL Hit,2717.355,1,2598.2599999999293,10.0,-2.2199999999998,0.6900000000000546
2024-12-11 23:05:00,2024-12-11 23:15:00,Short,2716.03,2716.9649999999992,-0.9349999999990359,SL Hit,2716.9649999999992,1,2597.3249999999302,10.0,1.349999999999909,-0.9400000000000546
2024-12-12 00:10:00,2024-12-12 00:40:00,Long,2720.296666666667,2719.6,-2.0900000000015098,SL Hit,2719.6,3,2595.2349999999287,30.0,-0.7866666666668607,0.7133333333331393
2024-12-12 00:50:00,2024-12-12 01:05:00,Long,2721.375,2719.51,-3.7299999999995634,SL Hit,2719.51,2,2591.504999999929,15.0,-2.0650000000000546,4.3449999999998
2024-12-12 01:10:00,2024-12-12 03:15:00,Short,2710.603333333333,2706.42,12.549999999998818,SL Hit,2706.42,3,2604.054999999928,125.0,9.246666666666897,-15.603333333333012
2024-12-12 03:45:00,2024-12-12 06:10:00,Long,2711.1133333333332,2711.4,0.8600000000005821,SL Hit,2711.4,3,2604.9149999999286,145.0,-3.903333333333194,5.066666666666606
2024-12-12 06:55:00,2024-12-12 07:40:00,Long,2717.62,2717.61,-0.019999999999527063,SL Hit,2717.61,2,2604.894999999929,45.0,-1.5,2.3299999999999272
2024-12-12 10:00:00,2024-12-12 10:35:00,Short,2714.59,2714.59,0.0,SL Hit,2714.59,1,2604.894999999929,35.0,0.9800000000000182,-5.110000000000127
2024-12-12 11:05:00,2024-12-12 11:20:00,Short,2710.22,2711.155,-0.9350000000004002,SL Hit,2711.155,1,2603.9599999999286,15.0,1.3700000000003456,-2.7899999999999636
2024-12-12 19:20:00,2024-12-12 19:30:00,Long,2684.6,2684.6,0.0,SL Hit,2684.6,1,2603.9599999999286,10.0,-0.849999999999909,0.9700000000002547
2024-12-12 19:35:00,2024-12-12 23:20:00,Short,2682.37,2680.56,9.049999999999727,SL Hit,2680.56,5,2613.0099999999284,225.0,2.1100000000001273,-3.369999999999891
2024-12-12 23:35:00,2024-12-12 23:50:00,Long,2680.1099999999997,2679.64,-0.9399999999995998,SL Hit,2679.64,2,2612.0699999999288,15.0,-0.8099999999994907,0.4600000000004911
2024-12-13 00:40:00,2024-12-13 01:50:00,Long,2684.326666666667,2688.45,12.369999999998981,SL Hit,2688.45,3,2624.4399999999277,70.0,-3.096666666666806,7.753333333333103
2024-12-13 06:10:00,2024-12-13 06:25:00,Long,2686.635,2685.39,-2.490000000000691,SL Hit,2685.39,2,2621.949999999927,15.0,-1.7350000000001273,0.9049999999997453
2024-12-13 08:20:00,2024-12-13 08:30:00,Long,2683.29,2682.1899999999996,-1.1000000000003638,SL Hit,2682.1899999999996,1,2620.8499999999267,10.0,-1.300000000000182,0.75
2024-12-13 09:50:00,2024-12-13 12:05:00,Short,2668.3633333333332,2666.97,4.180000000000291,SL Hit,2666.97,3,2625.029999999927,135.0,2.7266666666669153,-5.063333333333048
2024-12-13 14:30:00,2024-12-13 15:40:00,Short,2659.2766666666666,2659.82,-1.6300000000005639,SL Hit,2659.82,3,2623.3999999999264,70.0,2.8433333333332484,-4.766666666666424
2024-12-13 19:35:00,2024-12-13 21:35:00,Short,2651.1299999999997,2649.31,5.459999999999127,SL Hit,2649.31,3,2628.8599999999255,120.0,2.7400000000002365,-4.979999999999563
2024-12-15 23:20:00,2024-12-16 00:35:00,Long,2649.55,2648.8,-2.25,SL Hit,2648.8,3,2626.6099999999255,75.0,-1.650000000000091,3.1799999999998363
2024-12-16 00:45:00,2024-12-16 01:00:00,Short,2648.88,2648.88,0.0,SL Hit,2648.88,1,2626.6099999999255,15.0,1.6199999999998909,-5.470000000000255
2024-12-16 07:00:00,2024-12-16 07:20:00,Short,2652.84,2653.84,-2.0,SL Hit,2653.84,2,2624.6099999999255,20.0,1.8099999999999454,-1.3400000000001455
2024-12-16 07:45:00,2024-12-16 08:05:00,Long,2654.36,2652.9,-4.380000000000109,SL Hit,2652.9,3,2620.2299999999254,20.0,-1.75,1.0399999999999636
2024-12-16 09:45:00,2024-12-16 09:50:00,Short,2656.49,2656.49,0.0,SL Hit,2656.49,1,2620.2299999999254,5.0,1.2600000000002183,-0.6399999999998727
2024-12-16 10:35:00,2024-12-16 11:00:00,Long,2658.6400000000003,2658.16,-0.9600000000009459,SL Hit,2658.16,2,2619.2699999999245,25.0,-0.7600000000002183,2.119999999999891
2024-12-16 17:15:00,2024-12-16 17:55:00,Long,2652.8500000000004,2652.7,-0.3000000000010914,SL Hit,2652.7,2,2618.9699999999234,40.0,-1.8500000000003638,2.3599999999996726
2024-12-16 21:40:00,2024-12-16 23:00:00,Long,2652.23,2651.5,-1.4600000000000364,SL Hit,2651.5,2,2617.5099999999234,80.0,-0.9299999999998363,0.3200000000001637
2024-12-16 23:05:00,2024-12-17 00:00:00,Short,2651.73,2652.23,-1.5,SL Hit,2652.23,3,2616.0099999999234,55.0,1.5,-1.0300000000002
2024-12-17 04:45:00,2024-12-17 05:30:00,Short,2652.08,2653.3450000000003,-1.2650000000003274,SL Hit,2653.3450000000003,1,2614.744999999923,45.0,2.300000000000182,-2.6799999999998363
2024-12-17 06:50:00,2024-12-17 07:10:00,Short,2647.58,2650.1375000000007,-2.5575000000008004,SL Hit,2650.1375000000007,1,2612.1874999999222,20.0,4.7400000000002365,-0.27999999999974534
2024-12-17 13:40:00,2024-12-17 14:25:00,Short,2638.955,2639.63,-1.3500000000003638,SL Hit,2639.63,2,2610.837499999922,45.0,4.184999999999945,-6.085000000000036
2024-12-17 14:35:00,2024-12-17 14:50:00,Long,2638.94,2637.8125000000005,-1.1274999999995998,SL Hit,2637.8125000000005,1,2609.7099999999223,15.0,-3.300000000000182,1.3699999999998909
2024-12-17 16:45:00,2024-12-17 16:50:00,Long,2639.6,2639.6,0.0,SL Hit,2639.6,1,2609.7099999999223,5.0,-0.07999999999992724,1.650000000000091
2024-12-17 18:35:00,2024-12-17 19:10:00,Long,2647.5699999999997,2646.43,-2.2799999999997453,SL Hit,2646.43,2,2607.4299999999225,35.0,-1.7099999999995816,1.2100000000004911
2024-12-17 20:30:00,2024-12-17 20:45:00,Long,2646.4,2644.584999999999,-1.815000000000964,SL Hit,2644.584999999999,1,2605.6149999999216,15.0,-2.2600000000002183,0.2899999999999636
2024-12-18 00:55:00,2024-12-18 01:00:00,Long,2649.22,2649.22,0.0,SL Hit,2649.22,1,2605.6149999999216,5.0,-1.319999999999709,1.3500000000003638
2024-12-18 01:05:00,2024-12-18 01:40:00,Long,2649.39,2649.18,-0.6300000000001091,SL Hit,2649.18,3,2604.9849999999215,35.0,-0.9899999999997817,1.6600000000003092
2024-12-18 01:45:00,2024-12-18 01:55:00,Short,2650.86,2650.86,0.0,SL Hit,2650.86,1,2604.9849999999215,10.0,0.5199999999999818,-2.400000000000091
2024-12-18 03:55:00,2024-12-18 05:10:00,Short,2645.48,2645.64,-0.31999999999970896,SL Hit,2645.64,2,2604.6649999999217,75.0,0.7300000000000182,-3.380000000000109
2024-12-18 07:20:00,2024-12-18 08:35:00,Short,2646.86,2647.107499999999,-0.24749999999903594,Bullish Trade Reversal,2647.107499999999,1,2604.4174999999227,75.0,0.8599999999996726,-4.650000000000091
2024-12-18 08:35:00,2024-12-18 09:15:00,Long,2646.75,2646.75,0.0,SL Hit,2646.75,1,2604.4174999999227,40.0,-0.2600000000002183,2.5100000000002183
2024-12-18 10:00:00,2024-12-18 10:10:00,Short,2646.56,2648.1,-1.5399999999999636,SL Hit,2648.1,1,2602.8774999999227,10.0,2.269999999999982,-0.5799999999999272
2024-12-18 11:35:00,2024-12-18 12:35:00,Short,2647.145,2647.39,-0.4899999999997817,SL Hit,2647.39,2,2602.387499999923,60.0,0.2849999999998545,-2.4549999999999272
2024-12-18 12:55:00,2024-12-18 13:20:00,Short,2644.49,2644.49,0.0,SL Hit,2644.49,1,2602.387499999923,25.0,2.380000000000109,-2.9699999999998
2024-12-18 14:10:00,2024-12-18 15:45:00,Short,2638.8775,2637.58,5.190000000000509,SL Hit,2637.58,4,2607.5774999999235,95.0,4.332499999999982,-4.747499999999945
2024-12-18 15:55:00,2024-12-18 16:00:00,Long,2636.79,2636.1025,-0.6875,SL Hit,2636.1025,1,2606.8899999999235,5.0,-0.8000000000001819,1.349999999999909
2024-12-18 16:25:00,2024-12-18 16:40:00,Long,2637.145,2637.06,-0.17000000000007276,SL Hit,2637.06,2,2606.7199999999234,15.0,-2.6550000000002,0.7150000000001455
2024-12-18 18:30:00,2024-12-18 18:35:00,Long,2637.68,2637.515,-0.16499999999996362,SL Hit,2637.515,1,2606.5549999999234,5.0,-0.8099999999999454,0.9800000000000182
2024-12-18 18:45:00,2024-12-18 18:55:00,Short,2636.23,2636.5875000000005,-0.3575000000005275,SL Hit,2636.5875000000005,1,2606.197499999923,10.0,0.4499999999998181,-0.8400000000001455
2024-12-18 21:45:00,2024-12-18 23:05:00,Short,2587.93,2587.93,0.0,SL Hit,2587.93,1,2606.197499999923,80.0,1.8099999999999454,-4.849999999999909
2024-12-19 02:30:00,2024-12-19 02:55:00,Short,2610.34,2611.4125,-1.0724999999997635,SL Hit,2611.4125,1,2605.124999999923,25.0,2.7599999999997635,-4.220000000000255
2024-12-19 07:10:00,2024-12-19 07:55:00,Long,2614.78,2615.72,2.8199999999987995,SL Hit,2615.72,3,2607.944999999922,45.0,-1.1900000000000546,7.339999999999691
2024-12-19 08:00:00,2024-12-19 08:10:00,Short,2616.04,2616.04,0.0,SL Hit,2616.04,1,2607.944999999922,10.0,0.03000000000020009,-3.0099999999997635
2024-12-19 09:20:00,2024-12-19 09:35:00,Long,2620.2250000000004,2619.61,-1.230000000000473,SL Hit,2619.61,2,2606.7149999999215,15.0,-1.0250000000005457,1.4849999999996726
2024-12-19 14:45:00,2024-12-19 16:25:00,Short,2592.42,2591.64,2.3400000000006003,SL Hit,2591.64,3,2609.054999999922,100.0,3.319999999999709,-5.4099999999998545
2024-12-19 18:05:00,2024-12-19 20:10:00,Long,2596.945,2596.83,-0.4600000000009459,SL Hit,2596.83,4,2608.594999999921,125.0,-4.975000000000364,3.8350000000000364
2024-12-19 23:40:00,2024-12-20 00:00:00,Short,2593.77,2593.77,0.0,SL Hit,2593.77,1,2608.594999999921,20.0,0.38000000000010914,-1.5300000000002
2024-12-20 00:25:00,2024-12-20 00:35:00,Short,2593.05,2594.892499999999,-1.8424999999988358,SL Hit,2594.892499999999,1,2606.7524999999223,10.0,1.8999999999996362,-0.13000000000010914
2024-12-20 00:50:00,2024-12-20 01:05:00,Short,2592.55,2593.2099999999996,-0.6599999999993997,SL Hit,2593.2099999999996,1,2606.092499999923,15.0,3.6599999999998545,-3.350000000000364
2024-12-20 01:30:00,2024-12-20 02:05:00,Long,2599.795,2598.79,-2.0100000000002183,SL Hit,2598.79,2,2604.0824999999227,35.0,-2.7049999999999272,3.9549999999999272
2024-12-20 02:25:00,2024-12-20 03:25:00,Short,2597.0699999999997,2597.59,-1.5600000000013097,SL Hit,2597.59,3,2602.5224999999214,60.0,2.7500000000004547,-1.9699999999998
2024-12-20 04:05:00,2024-12-20 04:45:00,Long,2599.3,2597.649999999999,-1.6500000000010004,SL Hit,2597.649999999999,1,2600.8724999999204,40.0,-2.600000000000364,1.5599999999999454
2024-12-20 06:10:00,2024-12-20 07:30:00,Long,2603.6680000000006,2604.94,6.359999999997399,SL Hit,2604.94,5,2607.2324999999178,80.0,-3.298000000000684,3.6419999999993706
2024-12-20 08:15:00,2024-12-20 08:30:00,Long,2605.7749999999996,2604.55,-2.4499999999989086,SL Hit,2604.55,2,2604.782499999919,15.0,-1.4549999999994725,1.7150000000001455
2024-12-20 08:35:00,2024-12-20 09:50:00,Short,2605.8366666666666,2606.18,-1.0299999999997453,SL Hit,2606.18,3,2603.752499999919,75.0,1.1933333333336122,-2.5566666666663878
2024-12-20 10:25:00,2024-12-20 10:35:00,Long,2605.69,2605.2500000000005,-0.4399999999995998,SL Hit,2605.2500000000005,1,2603.3124999999195,10.0,-0.8099999999999454,0.9400000000000546
2024-12-20 13:05:00,2024-12-20 13:25:00,Long,2603.89,2601.6350000000007,-2.2549999999991996,Bearish Trade Reversal,2601.6350000000007,1,2601.0574999999203,20.0,-2.8899999999998727,1.1300000000001091
2024-12-20 13:25:00,2024-12-20 13:30:00,Short,2602.7,2603.1125,-0.4125000000003638,SL Hit,2603.1125,1,2600.64499999992,5.0,5.680000000000291,-1.699999999999818
2024-12-20 15:05:00,2024-12-20 17:30:00,Long,2623.4133333333334,2624.02,1.819999999999709,SL Hit,2624.02,3,2602.4649999999197,145.0,-6.793333333333521,7.516666666666424
2024-12-20 20:15:00,2024-12-22 23:00:00,Short,2624.706666666667,2623.54,3.5000000000009095,SL Hit,2623.54,3,2605.9649999999206,3045.0,2.0733333333332666,-5.826666666666824
2024-12-22 23:45:00,2024-12-22 23:50:00,Long,2622.3,2622.3,0.0,SL Hit,2622.3,1,2605.9649999999206,5.0,-0.1000000000003638,1.9899999999997817
2024-12-23 01:45:00,2024-12-23 01:55:00,Long,2620.61,2620.61,0.0,SL Hit,2620.61,1,2605.9649999999206,10.0,-0.05999999999994543,2.1700000000000728
2024-12-23 02:00:00,2024-12-23 06:00:00,Long,2624.765,2626.88,12.690000000001419,SL Hit,2626.88,6,2618.654999999922,240.0,-4.335000000000036,4.105000000000018
2024-12-23 06:30:00,2024-12-23 07:50:00,Long,2630.7866666666664,2630.3,-1.4599999999986721,SL Hit,2630.3,3,2617.1949999999233,80.0,-2.6266666666665515,2.1933333333336122
2024-12-23 07:55:00,2024-12-23 08:35:00,Short,2630.49,2630.49,0.0,SL Hit,2630.49,1,2617.1949999999233,40.0,1.330000000000382,-4.5
2024-12-23 09:35:00,2024-12-23 13:05:00,Short,2621.066,2615.82,26.2299999999982,SL Hit,2615.82,5,2643.4249999999215,210.0,8.444000000000415,-7.885999999999967
2024-12-23 13:40:00,2024-12-23 13:55:00,Long,2618.06,2617.1525,-0.9074999999997999,SL Hit,2617.1525,1,2642.5174999999217,15.0,-0.9800000000000182,1.5799999999999272
2024-12-23 14:30:00,2024-12-23 15:35:00,Short,2614.32,2613.81,1.0200000000004366,SL Hit,2613.81,2,2643.537499999922,65.0,4.129999999999654,-4.070000000000164
2024-12-23 16:40:00,2024-12-23 17:15:00,Long,2613.81,2613.645,-0.16499999999996362,SL Hit,2613.645,1,2643.372499999922,35.0,-1.0,2.400000000000091
2024-12-23 19:45:00,2024-12-23 20:00:00,Short,2610.6549999999997,2611.42,-1.5300000000006548,SL Hit,2611.42,2,2641.8424999999215,15.0,1.5050000000001091,-1.0549999999998363
2024-12-23 20:45:00,2024-12-23 21:20:00,Short,2610.69,2610.93,-0.47999999999956344,SL Hit,2610.93,2,2641.362499999922,35.0,0.7199999999997999,-1.6399999999998727
2024-12-24 00:10:00,2024-12-24 00:15:00,Long,2615.54,2614.6325,-0.9074999999997999,SL Hit,2614.6325,1,2640.454999999922,5.0,-0.9299999999998363,0.17000000000007276
2024-12-24 00:25:00,2024-12-24 00:35:00,Short,2614.68,2614.68,0.0,SL Hit,2614.68,1,2640.454999999922,10.0,0.03000000000020009,-1.6799999999998363
2024-12-24 02:55:00,2024-12-24 03:00:00,Short,2617.08,2617.4649999999997,-0.38499999999976353,SL Hit,2617.4649999999997,1,2640.0699999999224,5.0,0.5599999999999454,-1.8800000000001091
2024-12-24 03:05:00,2024-12-24 03:55:00,Short,2617.0,2617.75,-1.5,SL Hit,2617.75,2,2638.5699999999224,50.0,1.2199999999998,-1.150000000000091
2024-12-24 04:55:00,2024-12-24 05:55:00,Long,2619.6499999999996,2618.49,-3.4799999999995634,SL Hit,2618.49,3,2635.089999999923,60.0,-1.949999999999818,1.5200000000004366
2024-12-24 06:00:00,2024-12-24 06:45:00,Short,2618.35,2618.1,0.5,SL Hit,2618.1,2,2635.589999999923,45.0,0.650000000000091,-1.9699999999998
2024-12-24 09:05:00,2024-12-24 10:05:00,Short,2615.5025,2614.53,3.889999999999418,SL Hit,2614.53,4,2639.4799999999223,60.0,2.6174999999998363,-2.2424999999998363
2024-12-24 11:05:00,2024-12-24 11:10:00,Short,2614.74,2615.0975,-0.35750000000007276,SL Hit,2615.0975,1,2639.122499999922,5.0,1.0200000000004366,-0.47999999999956344
2024-12-24 12:40:00,2024-12-24 14:00:00,Short,2613.6566666666668,2614.55,-2.680000000000291,SL Hit,2614.55,3,2636.442499999922,80.0,1.5833333333330302,-2.446666666666715
2024-12-24 14:05:00,2024-12-24 14:15:00,Long,2613.92,2613.92,0.0,SL Hit,2613.92,1,2636.442499999922,10.0,-0.4800000000000182,1.0900000000001455
2024-12-24 14:45:00,2024-12-24 16:05:00,Short,2611.6133333333332,2612.76,-3.440000000000964,SL Hit,2612.76,3,2633.002499999921,80.0,2.0366666666668607,-1.7133333333331393
2024-12-24 16:10:00,2024-12-24 18:15:00,Long,2614.8033333333333,2615.5,2.0900000000001455,SL Hit,2615.5,3,2635.092499999921,125.0,-2.413333333333412,4.336666666666588
2024-12-26 00:30:00,2024-12-26 00:45:00,Long,2619.72,2619.72,0.0,SL Hit,2619.72,1,2635.092499999921,15.0,-0.11999999999989086,2.6600000000003092
2024-12-26 05:10:00,2024-12-26 05:15:00,Short,2626.46,2626.5424999999996,-0.08249999999952706,SL Hit,2626.5424999999996,1,2635.0099999999215,5.0,0.1999999999998181,-0.7899999999999636
2024-12-26 07:30:00,2024-12-26 07:45:00,Short,2624.37,2624.7275,-0.35750000000007276,SL Hit,2624.7275,1,2634.6524999999215,15.0,0.849999999999909,-0.8699999999998909
2024-12-26 09:50:00,2024-12-26 09:55:00,Long,2627.54,2627.54,0.0,SL Hit,2627.54,1,2634.6524999999215,5.0,-0.5099999999997635,0.4499999999998181
2024-12-26 10:10:00,2024-12-26 11:35:00,Long,2628.2400000000002,2628.22,-0.10000000000218279,SL Hit,2628.22,5,2634.5524999999193,85.0,-1.6400000000003274,1.4299999999998363
2024-12-26 11:45:00,2024-12-26 13:00:00,Short,2627.23,2627.11,0.23999999999978172,SL Hit,2627.11,2,2634.792499999919,75.0,3.0099999999997635,-2.630000000000109
2024-12-26 13:40:00,2024-12-26 14:15:00,Short,2625.1,2625.1,0.0,SL Hit,2625.1,1,2634.792499999919,35.0,0.7300000000000182,-3.299999999999727
2024-12-26 20:25:00,2024-12-26 20:45:00,Long,2635.36,2634.15,-1.2100000000000364,SL Hit,2634.15,1,2633.582499999919,20.0,-1.7200000000002547,0.31999999999970896
2024-12-26 20:55:00,2024-12-26 23:45:00,Short,2633.456,2633.23,1.1300000000005639,SL Hit,2633.23,5,2634.7124999999196,170.0,1.1039999999998145,-8.96600000000035
2024-12-27 03:25:00,2024-12-27 03:30:00,Short,2632.73,2633.4449999999993,-0.714999999999236,Bullish Trade Reversal,2633.4449999999993,1,2633.9974999999204,5.0,2.0799999999999272,-0.5300000000002001
2024-12-27 03:30:00,2024-12-27 04:30:00,Long,2633.4166666666665,2631.77,-4.9399999999996,SL Hit,2631.77,3,2629.0574999999208,60.0,-1.916666666666515,1.6333333333336668
2024-12-27 04:45:00,2024-12-27 05:10:00,Long,2633.35,2632.5525,-0.7975000000001273,SL Hit,2632.5525,1,2628.2599999999206,25.0,-1.349999999999909,0.650000000000091
2024-12-27 05:55:00,2024-12-27 06:05:00,Short,2632.11,2632.66,-0.5499999999997272,SL Hit,2632.66,1,2627.709999999921,10.0,0.8799999999996544,-0.7899999999999636
2024-12-27 10:05:00,2024-12-27 10:10:00,Short,2625.08,2625.4649999999997,-0.38499999999976353,SL Hit,2625.4649999999997,1,2627.324999999921,5.0,0.40000000000009095,-0.8800000000001091
2024-12-27 11:30:00,2024-12-27 12:55:00,Long,2626.25,2625.5,-1.5,SL Hit,2625.5,2,2625.824999999921,85.0,-0.9200000000000728,5.1599999999998545
2024-12-27 13:00:00,2024-12-27 13:15:00,Short,2625.71,2626.6175,-0.9074999999997999,SL Hit,2626.6175,1,2624.9174999999213,15.0,1.3699999999998909,-3.6700000000000728
2024-12-27 16:35:00,2024-12-27 16:40:00,Long,2617.52,2617.52,0.0,SL Hit,2617.52,1,2624.9174999999213,5.0,-0.8800000000001091,1.1700000000000728
2024-12-27 16:55:00,2024-12-27 17:00:00,Long,2617.38,2616.5549999999994,-0.8250000000007276,SL Hit,2616.5549999999994,1,2624.0924999999206,5.0,-1.7400000000002365,0.9299999999998363
2024-12-29 23:50:00,2024-12-30 00:10:00,Long,2623.65,2623.4024999999997,-0.24750000000040018,SL Hit,2623.4024999999997,1,2623.84499999992,20.0,-0.25,1.2199999999998
2024-12-30 00:50:00,2024-12-30 01:00:00,Short,2623.21,2623.2924999999996,-0.08249999999952706,SL Hit,2623.2924999999996,1,2623.7624999999207,10.0,0.4099999999998545,-1.8099999999999454
2024-12-30 01:20:00,2024-12-30 01:50:00,Long,2624.19,2624.19,0.0,SL Hit,2624.19,1,2623.7624999999207,30.0,-0.3200000000001637,2.0700000000001637
2024-12-30 05:00:00,2024-12-30 05:05:00,Short,2621.99,2622.2375,-0.24750000000040018,SL Hit,2622.2375,1,2623.5149999999203,5.0,0.6900000000000546,-0.4399999999995998
2024-12-30 05:15:00,2024-12-30 05:20:00,Long,2623.19,2623.19,0.0,SL Hit,2623.19,1,2623.5149999999203,5.0,-0.5199999999999818,0.6999999999998181
2024-12-30 08:40:00,2024-12-30 09:15:00,Short,2615.2,2615.2,0.0,SL Hit,2615.2,1,2623.5149999999203,35.0,0.930000000000291,-5.419999999999618
2024-12-30 10:35:00,2024-12-30 10:45:00,Short,2612.58,2612.8275000000003,-0.24750000000040018,SL Hit,2612.8275000000003,1,2623.26749999992,10.0,0.2699999999999818,-0.6700000000000728
2024-12-30 19:00:00,2024-12-30 19:05:00,Long,2605.95,2605.537500000001,-0.41249999999899956,SL Hit,2605.537500000001,1,2622.854999999921,5.0,-1.2100000000000364,0.3200000000001637
2024-12-30 19:50:00,2024-12-30 21:15:00,Long,2607.8933333333334,2606.7,-3.5800000000008367,SL Hit,2606.7,3,2619.27499999992,85.0,-1.5933333333332484,1.3866666666667697
2024-12-30 21:30:00,2024-12-30 23:45:00,Short,2606.1833333333334,2606.16,0.07000000000061846,SL Hit,2606.16,3,2619.3449999999207,135.0,1.4466666666667152,-2.883333333333212
2024-12-31 02:20:00,2024-12-31 03:25:00,Short,2608.2100000000005,2607.18,3.0900000000019645,SL Hit,2607.18,3,2622.4349999999226,65.0,1.0999999999994543,-2.8000000000006366
2024-12-31 03:35:00,2024-12-31 04:40:00,Short,2606.35,2606.4875,-0.13750000000027285,SL Hit,2606.4875,1,2622.2974999999224,65.0,0.5,-3.25
2024-12-31 05:45:00,2024-12-31 06:20:00,Short,2605.98,2607.575,-1.5949999999998,SL Hit,2607.575,1,2620.7024999999226,35.0,1.6300000000001091,-2.9200000000000728
2024-12-31 06:35:00,2024-12-31 06:40:00,Long,2606.16,2606.16,0.0,SL Hit,2606.16,1,2620.7024999999226,5.0,-0.8599999999996726,0.6700000000000728
2024-12-31 07:00:00,2024-12-31 10:00:00,Long,2612.8540000000003,2614.08,6.12999999999829,SL Hit,2614.08,5,2626.832499999921,180.0,-6.054000000000087,4.725999999999658
2024-12-31 10:15:00,2024-12-31 11:05:00,Short,2612.955,2613.32,-0.7300000000004729,SL Hit,2613.32,2,2626.1024999999204,50.0,1.6849999999999454,-2.255000000000109
2024-12-31 16:50:00,2024-12-31 17:30:00,Long,2625.8500000000004,2624.43,-2.840000000001055,SL Hit,2624.43,2,2623.2624999999193,40.0,-1.9900000000002365,1.3699999999994361
2024-12-31 17:55:00,2025-01-01 23:05:00,Short,2624.17,2624.98,-1.6199999999998909,SL Hit,2624.98,2,2621.6424999999194,1750.0,0.8400000000001455,-1.0199999999999818
2025-01-02 04:35:00,2025-01-02 04:50:00,Short,2632.6,2632.6,0.0,SL Hit,2632.6,1,2621.6424999999194,15.0,1.180000000000291,-1.5
2025-01-02 06:50:00,2025-01-02 07:20:00,Long,2633.7599999999998,2633.59,-0.509999999998854,SL Hit,2633.59,3,2621.1324999999206,30.0,-0.5599999999999454,1.400000000000091
2025-01-02 07:25:00,2025-01-02 07:55:00,Short,2634.365,2635.67,-2.610000000000582,SL Hit,2635.67,2,2618.52249999992,30.0,1.4150000000004184,-1.3049999999998363
2025-01-02 14:50:00,2025-01-02 15:00:00,Long,2648.29,2645.8149999999996,-2.475000000000364,SL Hit,2645.8149999999996,1,2616.0474999999196,10.0,-2.800000000000182,0.650000000000091
2025-01-02 15:30:00,2025-01-02 17:30:00,Long,2653.0099999999998,2654.3,3.870000000001255,SL Hit,2654.3,3,2619.917499999921,120.0,-4.9399999999996,7.200000000000273
2025-01-02 21:15:00,2025-01-02 23:10:00,Short,2658.2349999999997,2658.05,0.36999999999898137,SL Hit,2658.05,2,2620.28749999992,115.0,1.1150000000002365,-1.9949999999998909
2025-01-02 23:15:00,2025-01-02 23:50:00,Long,2658.3233333333333,2657.5,-2.4699999999998,SL Hit,2657.5,3,2617.81749999992,35.0,-1.4233333333331757,0.9466666666667152
2025-01-03 03:05:00,2025-01-03 04:00:00,Long,2661.755,2662.07,0.6300000000001091,SL Hit,2662.07,2,2618.44749999992,55.0,-0.5950000000002547,3.0450000000000728
2025-01-03 04:40:00,2025-01-03 04:45:00,Short,2662.44,2662.44,0.0,SL Hit,2662.44,1,2618.44749999992,5.0,-0.0,-0.5199999999999818
2025-01-03 08:45:00,2025-01-03 09:00:00,Short,2653.06,2653.6925,-0.6325000000001637,SL Hit,2653.6925,1,2617.81499999992,15.0,2.1599999999998545,-3.019999999999982
2025-01-03 15:00:00,2025-01-03 16:00:00,Short,2646.8900000000003,2645.98,1.8200000000006185,SL Hit,2645.98,2,2619.6349999999206,60.0,1.3699999999998909,-5.9200000000005275
2025-01-03 21:30:00,2025-01-03 21:40:00,Short,2637.255,2637.56,-0.6099999999996726,SL Hit,2637.56,2,2619.024999999921,10.0,2.674999999999727,-0.27500000000009095
2025-01-05 23:15:00,2025-01-05 23:30:00,Long,2639.7,2639.7,0.0,SL Hit,2639.7,1,2619.024999999921,15.0,0.0,2.550000000000182
2025-01-06 01:05:00,2025-01-06 02:00:00,Long,2643.46,2640.3,-6.319999999999709,SL Hit,2640.3,2,2612.7049999999213,55.0,-3.650000000000091,3.550000000000182
2025-01-06 02:30:00,2025-01-06 03:15:00,Long,2643.65,2643.2,-1.3500000000008185,SL Hit,2643.2,3,2611.3549999999204,45.0,-1.800000000000182,1.4899999999997817
2025-01-06 04:50:00,2025-01-06 07:05:00,Short,2634.225,2632.22,8.020000000000437,SL Hit,2632.22,4,2619.374999999921,135.0,2.394999999999982,-4.045000000000073
2025-01-06 10:55:00,2025-01-06 12:10:00,Long,2639.3700000000003,2643.9,13.589999999999236,SL Hit,2643.9,3,2632.96499999992,75.0,-6.850000000000364,9.529999999999745
2025-01-06 12:15:00,2025-01-06 12:45:00,Short,2643.99,2647.0975,-3.1075000000000728,SL Hit,2647.0975,1,2629.85749999992,30.0,3.5400000000004184,-1.919999999999618
2025-01-06 13:30:00,2025-01-06 14:45:00,Short,2631.7899999999995,2627.07,14.159999999998035,SL Hit,2627.07,3,2644.017499999918,75.0,10.890000000000327,-17.129999999999654
2025-01-06 16:35:00,2025-01-06 17:15:00,Long,2639.135,2638.62,-1.0300000000006548,SL Hit,2638.62,2,2642.9874999999174,40.0,-1.3650000000002365,1.8949999999999818
2025-01-06 18:00:00,2025-01-06 18:20:00,Short,2635.71,2637.2,-2.9799999999995634,SL Hit,2637.2,2,2640.007499999918,20.0,2.2100000000000364,-1.949999999999818
2025-01-06 20:20:00,2025-01-06 20:25:00,Long,2634.3149999999996,2633.18,-2.269999999999527,SL Hit,2633.18,2,2637.7374999999183,5.0,-1.6149999999997817,0.3350000000004911
2025-01-06 20:30:00,2025-01-06 20:40:00,Short,2633.98,2634.145,-0.16499999999996362,SL Hit,2634.145,1,2637.5724999999184,10.0,0.40000000000009095,-0.6300000000001091
2025-01-07 00:20:00,2025-01-07 00:30:00,Short,2633.73,2633.73,0.0,SL Hit,2633.73,1,2637.5724999999184,10.0,0.09999999999990905,-0.7400000000002365
2025-01-07 00:35:00,2025-01-07 00:45:00,Short,2633.42,2633.83,-0.819999999999709,SL Hit,2633.83,2,2636.7524999999187,10.0,1.1300000000001091,-1.3200000000001637
2025-01-07 01:45:00,2025-01-07 02:05:00,Long,2638.21,2638.21,0.0,SL Hit,2638.21,1,2636.7524999999187,20.0,-0.21000000000003638,2.800000000000182
2025-01-07 03:50:00,2025-01-07 03:55:00,Long,2638.48,2638.48,0.0,SL Hit,2638.48,1,2636.7524999999187,5.0,-0.38000000000010914,1.0199999999999818
2025-01-07 06:05:00,2025-01-07 06:20:00,Long,2645.465,2643.87,-3.1900000000005093,SL Hit,2643.87,2,2633.562499999918,15.0,-2.325000000000273,0.8249999999998181
2025-01-07 06:45:00,2025-01-07 08:00:00,Short,2641.546666666667,2641.1,1.3400000000015098,SL Hit,2641.1,3,2634.9024999999197,75.0,2.073333333332812,-3.3866666666672245
2025-01-07 08:20:00,2025-01-07 11:20:00,Long,2643.2685714285712,2642.8,-3.2799999999974716,SL Hit,2642.8,7,2631.622499999922,180.0,-3.2685714285712493,3.511428571428951
2025-01-07 13:50:00,2025-01-07 14:00:00,Long,2660.81,2660.727500000001,-0.08249999999907232,SL Hit,2660.727500000001,1,2631.539999999923,10.0,-0.8400000000001455,3.1599999999998545
2025-01-07 19:25:00,2025-01-07 19:30:00,Short,2647.52,2648.0149999999994,-0.4949999999994361,SL Hit,2648.0149999999994,1,2631.0449999999237,5.0,0.6399999999998727,-0.8200000000001637
2025-01-07 19:35:00,2025-01-07 19:40:00,Short,2648.16,2648.8475,-0.6875,SL Hit,2648.8475,1,2630.3574999999237,5.0,1.6900000000000546,-0.6900000000000546
2025-01-08 00:00:00,2025-01-08 00:55:00,Long,2649.4833333333336,2650.34,2.569999999999709,SL Hit,2650.34,3,2632.9274999999234,55.0,-1.183333333333394,1.736666666666224
2025-01-08 01:00:00,2025-01-08 01:40:00,Short,2648.9449999999997,2648.95,-0.010000000000218279,SL Hit,2648.95,2,2632.917499999923,40.0,1.4950000000003456,-1.6349999999997635
2025-01-08 02:05:00,2025-01-08 02:40:00,Short,2648.12,2648.3949999999995,-0.2749999999996362,SL Hit,2648.3949999999995,1,2632.6424999999235,35.0,0.3400000000001455,-3.019999999999982
2025-01-08 02:50:00,2025-01-08 03:00:00,Long,2648.93,2648.38,-0.5499999999997272,SL Hit,2648.38,1,2632.092499999924,10.0,-0.7999999999997272,1.2000000000002728
2025-01-08 03:40:00,2025-01-08 03:45:00,Short,2646.43,2646.43,0.0,SL Hit,2646.43,1,2632.092499999924,5.0,0.830000000000382,-0.6399999999998727
2025-01-08 04:50:00,2025-01-08 04:55:00,Short,2646.24,2646.24,0.0,SL Hit,2646.24,1,2632.092499999924,5.0,0.5,-1.8399999999996908
2025-01-08 05:55:00,2025-01-08 06:00:00,Long,2649.87,2649.87,0.0,SL Hit,2649.87,1,2632.092499999924,5.0,-0.900000000000091,0.7100000000000364
2025-01-08 07:00:00,2025-01-08 07:40:00,Long,2652.5249999999996,2652.33,-0.3899999999994179,SL Hit,2652.33,2,2631.7024999999244,40.0,-0.7849999999998545,1.7250000000003638
2025-01-08 09:10:00,2025-01-08 09:15:00,Long,2653.32,2653.32,0.0,SL Hit,2653.32,1,2631.7024999999244,5.0,-0.1000000000003638,1.2799999999997453
2025-01-08 11:10:00,2025-01-08 12:45:00,Short,2651.0249999999996,2650.99,0.06999999999970896,SL Hit,2650.99,2,2631.772499999924,95.0,1.2850000000003092,-5.244999999999436
2025-01-08 16:30:00,2025-01-08 16:35:00,Long,2666.01,2665.5699999999993,-0.44000000000096406,SL Hit,2665.5699999999993,1,2631.332499999923,5.0,-1.2800000000002,0.5499999999997272
2025-01-08 23:50:00,2025-01-09 00:20:00,Long,2661.785,2660.2,-3.1700000000000728,SL Hit,2660.2,2,2628.162499999923,30.0,-1.7049999999999272,1.1350000000002183
2025-01-09 00:25:00,2025-01-09 01:50:00,Short,2659.8475,2659.79,0.22999999999956344,SL Hit,2659.79,4,2628.3924999999226,85.0,1.1725000000001273,-3.0474999999996726
2025-01-09 06:20:00,2025-01-09 07:50:00,Long,2661.8999999999996,2664.29,4.780000000000655,SL Hit,2664.29,2,2633.1724999999233,90.0,-3.1799999999998363,4.650000000000546
2025-01-09 10:25:00,2025-01-09 13:15:00,Long,2670.2062499999997,2671.41,9.630000000001019,SL Hit,2671.41,8,2642.8024999999243,170.0,-4.906249999999545,4.703750000000127
2025-01-09 14:25:00,2025-01-09 14:30:00,Short,2671.8,2671.8,0.0,SL Hit,2671.8,1,2642.8024999999243,5.0,0.669999999999618,-4.039999999999964
2025-01-09 15:50:00,2025-01-09 18:05:00,Short,2668.536,2666.58,9.780000000000655,SL Hit,2666.58,5,2652.582499999925,135.0,3.5140000000001237,-5.746000000000095
2025-01-09 19:10:00,2025-01-09 19:25:00,Short,2669.36,2669.9375,-0.5774999999998727,SL Hit,2669.9375,1,2652.004999999925,15.0,0.8399999999996908,-1.4600000000000364
2025-01-09 20:15:00,2025-01-09 20:25:00,Short,2669.9,2670.285,-0.38499999999976353,SL Hit,2670.285,1,2651.6199999999253,10.0,0.5199999999999818,-0.7200000000002547
2025-01-09 21:45:00,2025-01-09 23:05:00,Long,2669.94,2669.05,-1.7799999999997453,SL Hit,2669.05,2,2649.8399999999256,80.0,-1.0399999999999636,0.849999999999909
2025-01-10 00:30:00,2025-01-10 00:35:00,Short,2669.91,2670.4600000000005,-0.5500000000006366,SL Hit,2670.4600000000005,1,2649.289999999925,5.0,1.2100000000000364,-0.25
2025-01-10 00:40:00,2025-01-10 01:15:00,Long,2670.38,2669.71,-1.3400000000001455,SL Hit,2669.71,2,2647.949999999925,35.0,-2.2800000000002,1.0899999999996908
2025-01-10 02:05:00,2025-01-10 03:05:00,Long,2672.2833333333333,2672.77,1.4600000000000364,SL Hit,2672.77,3,2649.409999999925,60.0,-2.783333333333303,2.186666666666497
2025-01-10 06:25:00,2025-01-10 07:15:00,Long,2675.25,2675.0024999999996,-0.24750000000040018,SL Hit,2675.0024999999996,1,2649.1624999999244,50.0,-0.5900000000001455,3.150000000000091
2025-01-10 10:10:00,2025-01-10 11:45:00,Long,2680.995,2680.52,-1.8999999999996362,SL Hit,2680.52,4,2647.262499999925,95.0,-2.5949999999998,1.805000000000291
2025-01-10 11:50:00,2025-01-10 13:10:00,Short,2679.455,2679.58,-0.25,SL Hit,2679.58,2,2647.012499999925,80.0,2.474999999999909,-4.255000000000109
2025-01-10 14:20:00,2025-01-10 14:45:00,Long,2685.84,2683.475,-2.3650000000002365,SL Hit,2683.475,1,2644.6474999999245,25.0,-3.9700000000002547,6.789999999999964
2025-01-10 16:45:00,2025-01-10 18:10:00,Long,2694.5266666666666,2692.83,-5.0900000000001455,SL Hit,2692.83,3,2639.5574999999244,85.0,-2.1766666666667334,2.7433333333333394
2025-01-10 21:50:00,2025-01-12 23:55:00,Short,2688.84,2690.53,-3.380000000000109,SL Hit,2690.53,2,2636.1774999999243,3005.0,1.7999999999997272,-2.5300000000002
2025-01-13 03:05:00,2025-01-13 04:00:00,Short,2687.96,2688.0699999999997,-0.10999999999967258,SL Hit,2688.0699999999997,1,2636.0674999999246,55.0,1.900000000000091,-3.0599999999999454
2025-01-13 07:35:00,2025-01-13 08:00:00,Short,2687.97,2687.97,0.0,SL Hit,2687.97,1,2636.0674999999246,25.0,0.38000000000010914,-3.569999999999709
2025-01-13 08:25:00,2025-01-13 08:30:00,Short,2686.17,2687.2425,-1.0724999999997635,SL Hit,2687.2425,1,2634.994999999925,5.0,1.569999999999709,-0.5100000000002183
2025-01-13 08:50:00,2025-01-13 09:00:00,Long,2686.27,2686.27,0.0,SL Hit,2686.27,1,2634.994999999925,10.0,-0.6300000000001091,1.4600000000000364
2025-01-13 09:20:00,2025-01-13 09:30:00,Short,2686.08,2686.7950000000005,-0.7150000000006003,SL Hit,2686.7950000000005,1,2634.2799999999243,10.0,1.9500000000002728,-3.5299999999997453
2025-01-13 11:15:00,2025-01-13 14:45:00,Short,2673.9016666666666,2670.37,21.19000000000051,SL Hit,2670.37,6,2655.4699999999248,210.0,6.598333333333358,-9.901666666666642
2025-01-13 15:55:00,2025-01-13 16:05:00,Short,2663.85,2664.5650000000005,-0.7150000000006003,SL Hit,2664.5650000000005,1,2654.754999999924,10.0,2.6600000000003092,-2.7899999999999636
2025-01-13 21:30:00,2025-01-13 21:35:00,Long,2662.67,2662.1475,-0.5225000000000364,SL Hit,2662.1475,1,2654.232499999924,5.0,-0.5700000000001637,0.38999999999987267
2025-01-14 02:40:00,2025-01-14 03:20:00,Long,2671.2,2668.95,-4.5,SL Hit,2668.95,2,2649.732499999924,40.0,-2.699999999999818,0.8600000000001273
2025-01-14 06:55:00,2025-01-14 07:00:00,Long,2668.49,2668.49,0.0,SL Hit,2668.49,1,2649.732499999924,5.0,-0.2199999999997999,1.7100000000000364
2025-01-14 07:15:00,2025-01-14 07:25:00,Long,2669.38,2669.38,0.0,SL Hit,2669.38,1,2649.732499999924,10.0,-0.9600000000000364,1.2199999999998
2025-01-14 09:40:00,2025-01-14 09:45:00,Short,2666.41,2667.2350000000006,-0.8250000000007276,SL Hit,2667.2350000000006,1,2648.9074999999234,5.0,0.8400000000001455,-1.3899999999998727
2025-01-14 11:35:00,2025-01-14 11:45:00,Long,2666.78,2665.294999999999,-1.4850000000010368,SL Hit,2665.294999999999,1,2647.4224999999224,10.0,-1.680000000000291,1.1099999999996726
2025-01-14 12:45:00,2025-01-14 13:00:00,Short,2668.78,2668.78,0.0,SL Hit,2668.78,1,2647.4224999999224,15.0,1.7799999999997453,-2.1100000000001273
2025-01-14 14:10:00,2025-01-14 14:15:00,Short,2661.78,2661.78,0.0,SL Hit,2661.78,1,2647.4224999999224,5.0,1.819999999999709,-1.9900000000002365
2025-01-14 16:25:00,2025-01-14 16:30:00,Long,2670.94,2670.6650000000004,-0.2749999999996362,SL Hit,2670.6650000000004,1,2647.1474999999227,5.0,-1.0199999999999818,1.2699999999999818
2025-01-14 18:00:00,2025-01-14 18:35:00,Short,2668.41,2669.9775000000004,-1.5675000000005639,SL Hit,2669.9775000000004,1,2645.579999999922,35.0,2.730000000000018,-2.9099999999998545
2025-01-14 19:55:00,2025-01-14 20:10:00,Long,2673.88,2672.6424999999995,-1.2375000000006366,SL Hit,2672.6424999999995,1,2644.3424999999215,15.0,-1.8400000000001455,0.6700000000000728
2025-01-14 23:45:00,2025-01-14 23:55:00,Short,2674.6,2674.8199999999997,-0.2199999999997999,SL Hit,2674.8199999999997,1,2644.1224999999217,10.0,0.9800000000000182,-0.6599999999998545
2025-01-15 07:35:00,2025-01-15 07:45:00,Long,2682.14,2681.92,-0.2199999999997999,SL Hit,2681.92,1,2643.902499999922,10.0,-0.5,1.6900000000000546
2025-01-15 09:25:00,2025-01-15 11:35:00,Long,2686.1059999999998,2685.58,-2.6299999999991996,SL Hit,2685.58,5,2641.2724999999227,130.0,-2.0159999999996217,2.6940000000004147
2025-01-15 17:40:00,2025-01-15 21:30:00,Long,2693.258571428571,2693.6,2.3900000000021464,SL Hit,2693.6,7,2643.662499999925,230.0,-3.158571428571122,3.7014285714290054
2025-01-15 23:05:00,2025-01-16 00:15:00,Short,2695.143333333333,2695.14,0.009999999999308784,SL Hit,2695.14,3,2643.672499999924,70.0,2.646666666666988,-2.153333333333194
2025-01-16 03:40:00,2025-01-16 03:45:00,Long,2696.78,2696.2849999999994,-0.49500000000080036,SL Hit,2696.2849999999994,1,2643.1774999999234,5.0,-0.8200000000001637,0.5499999999997272
2025-01-16 04:50:00,2025-01-16 05:00:00,Long,2697.33,2697.11,-0.2199999999997999,SL Hit,2697.11,1,2642.9574999999236,10.0,-0.4299999999998363,0.2600000000002183
2025-01-16 05:10:00,2025-01-16 07:05:00,Short,2694.975,2694.98,-0.010000000000218279,SL Hit,2694.98,2,2642.9474999999234,115.0,1.2350000000001273,-4.974999999999909
2025-01-16 07:55:00,2025-01-16 08:50:00,Long,2698.6199999999994,2698.5,-0.35999999999830834,SL Hit,2698.5,3,2642.587499999925,55.0,-1.6999999999993634,4.510000000000673
2025-01-16 09:00:00,2025-01-16 09:05:00,Short,2699.12,2699.12,0.0,SL Hit,2699.12,1,2642.587499999925,5.0,1.0199999999999818,-1.1399999999998727
2025-01-16 09:45:00,2025-01-16 12:00:00,Long,2706.4075000000003,2705.18,-4.9100000000016735,SL Hit,2705.18,4,2637.6774999999234,135.0,-2.5575000000003456,4.262499999999818
2025-01-16 12:05:00,2025-01-16 13:10:00,Short,2704.275,2705.2,-1.8499999999994543,SL Hit,2705.2,2,2635.827499999924,65.0,2.4549999999999272,-3.3150000000000546
2025-01-16 14:35:00,2025-01-16 14:50:00,Short,2716.85,2718.225,-1.375,Bullish Trade Reversal,2718.225,1,2634.452499999924,15.0,1.1900000000000546,-2.9899999999997817
2025-01-16 14:50:00,2025-01-16 15:10:00,Long,2717.27,2714.1624999999995,-3.1075000000005275,SL Hit,2714.1624999999995,1,2631.3449999999234,20.0,-3.7100000000000364,1.7400000000002365
2025-01-16 16:15:00,2025-01-16 16:20:00,Long,2718.5,2718.445,-0.05499999999983629,SL Hit,2718.445,1,2631.2899999999236,5.0,-0.5700000000001637,1.1100000000001273
2025-01-16 16:40:00,2025-01-16 17:50:00,Long,2721.1266666666666,2721.0,-0.3799999999996544,SL Hit,2721.0,3,2630.909999999924,70.0,-2.916666666666515,3.2733333333335395
2025-01-16 19:55:00,2025-01-16 20:15:00,Short,2714.6949999999997,2715.51,-1.6300000000010186,SL Hit,2715.51,2,2629.279999999923,20.0,1.5450000000000728,-1.394999999999527
2025-01-16 20:20:00,2025-01-16 20:50:00,Short,2716.2250000000004,2716.65,-0.8499999999994543,SL Hit,2716.65,2,2628.4299999999234,30.0,0.6149999999997817,-1.2650000000003274
2025-01-16 20:55:00,2025-01-16 21:00:00,Long,2715.55,2715.1,-0.9000000000005457,SL Hit,2715.1,2,2627.529999999923,5.0,-1.2899999999999636,0.669999999999618
2025-01-17 04:35:00,2025-01-17 06:10:00,Short,2713.89,2713.02,2.6099999999996726,SL Hit,2713.02,3,2630.1399999999226,95.0,1.5100000000002183,-2.6900000000000546
2025-01-17 07:00:00,2025-01-17 07:35:00,Long,2712.693333333333,2711.47,-3.6700000000000728,SL Hit,2711.47,3,2626.4699999999225,35.0,-1.3933333333329756,1.7366666666666788
2025-01-17 09:20:00,2025-01-17 11:15:00,Short,2706.605,2705.94,1.3299999999999272,SL Hit,2705.94,2,2627.7999999999224,115.0,3.2049999999999272,-3.2049999999999272
2025-01-17 12:30:00,2025-01-17 13:00:00,Long,2710.36,2709.4,-2.880000000000109,SL Hit,2709.4,3,2624.9199999999223,30.0,-1.0599999999999454,1.1199999999998909
2025-01-17 14:40:00,2025-01-17 16:55:00,Long,2711.704,2714.5,13.979999999999109,SL Hit,2714.5,5,2638.8999999999214,135.0,-5.594000000000051,5.49599999999964
2025-01-17 17:00:00,2025-01-19 23:10:00,Short,2707.653333333333,2702.16,32.960000000000036,SL Hit,2702.16,6,2671.8599999999215,3250.0,8.596666666666806,-8.96333333333314
2025-01-20 01:00:00,2025-01-20 01:30:00,Short,2693.45,2694.7975000000006,-1.347500000000764,SL Hit,2694.7975000000006,1,2670.5124999999207,30.0,2.0900000000001455,-4.549999999999727
2025-01-20 02:35:00,2025-01-20 04:30:00,Long,2699.486666666666,2702.3,8.440000000001874,SL Hit,2702.3,3,2678.9524999999226,115.0,-3.636666666666315,4.793333333333976
2025-01-20 05:50:00,2025-01-20 07:40:00,Long,2705.4266666666667,2705.4,-0.07999999999992724,SL Hit,2705.4,3,2678.8724999999226,110.0,-1.7266666666669153,8.14333333333343
2025-01-20 08:45:00,2025-01-20 09:05:00,Long,2705.62,2705.2074999999995,-0.4125000000003638,SL Hit,2705.2074999999995,1,2678.4599999999223,20.0,-0.849999999999909,3.0300000000002
2025-01-20 10:25:00,2025-01-20 11:20:00,Long,2708.645,2707.97,-1.3500000000003638,SL Hit,2707.97,2,2677.109999999922,55.0,-1.324999999999818,3.1150000000002365
2025-01-20 11:30:00,2025-01-20 12:05:00,Short,2708.32,2708.87,-0.5499999999997272,SL Hit,2708.87,1,2676.559999999922,35.0,1.2199999999998,-3.1200000000003456
2025-01-20 14:05:00,2025-01-20 14:45:00,Long,2709.0733333333333,2708.6,-1.4200000000000728,SL Hit,2708.6,3,2675.139999999922,40.0,-1.2633333333333212,2.086666666666588
2025-01-20 16:15:00,2025-01-20 16:20:00,Short,2706.56,2706.6425000000004,-0.08250000000043656,SL Hit,2706.6425000000004,1,2675.0574999999217,5.0,0.6399999999998727,-2.4200000000000728
2025-01-20 16:45:00,2025-01-20 17:25:00,Long,2707.585,2704.77,-5.630000000000109,SL Hit,2704.77,2,2669.4274999999216,40.0,-3.0650000000000546,1.6050000000000182
2025-01-20 18:55:00,2025-01-20 19:00:00,Long,2709.35,2709.2125000000005,-0.13749999999936335,SL Hit,2709.2125000000005,1,2669.289999999922,5.0,-0.38999999999987267,1.3299999999999272
2025-01-21 00:25:00,2025-01-21 00:30:00,Short,2709.84,2710.4999999999995,-0.6599999999993997,SL Hit,2710.4999999999995,1,2668.629999999923,5.0,1.1799999999998363,-0.2899999999999636
2025-01-21 00:45:00,2025-01-21 01:10:00,Short,2707.295,2710.45,-6.309999999999491,SL Hit,2710.45,2,2662.3199999999233,25.0,3.2950000000000728,-4.1150000000002365
2025-01-21 04:35:00,2025-01-21 06:30:00,Long,2726.3875,2725.48,-3.6299999999991996,SL Hit,2725.48,4,2658.689999999924,115.0,-2.787499999999909,2.8225000000002183
2025-01-21 08:50:00,2025-01-21 09:00:00,Short,2723.11,2723.11,0.0,SL Hit,2723.11,1,2658.689999999924,10.0,0.4899999999997817,-3.8299999999999272
2025-01-21 10:15:00,2025-01-21 10:20:00,Short,2721.31,2721.31,0.0,SL Hit,2721.31,1,2658.689999999924,5.0,1.2300000000000182,-1.1599999999998545
2025-01-21 10:40:00,2025-01-21 10:45:00,Short,2720.17,2720.17,0.0,SL Hit,2720.17,1,2658.689999999924,5.0,0.11999999999989086,-1.2800000000002
2025-01-21 11:05:00,2025-01-21 11:25:00,Short,2718.48,2719.6074999999996,-1.1274999999995998,SL Hit,2719.6074999999996,1,2657.5624999999245,20.0,1.5399999999999636,-1.9200000000000728
2025-01-21 16:00:00,2025-01-21 17:45:00,Long,2741.873333333333,2741.52,-1.059999999999036,SL Hit,2741.52,3,2656.5024999999255,105.0,-3.9633333333331393,3.596666666666806
2025-01-21 17:55:00,2025-01-21 18:05:00,Short,2742.11,2742.11,0.0,SL Hit,2742.11,1,2656.5024999999255,10.0,0.6999999999998181,-2.2899999999999636
2025-01-21 19:50:00,2025-01-21 19:55:00,Short,2742.8,2742.8,0.0,SL Hit,2742.8,1,2656.5024999999255,5.0,0.21000000000003638,-0.47000000000025466
2025-01-21 23:55:00,2025-01-22 00:10:00,Long,2743.63,2743.63,0.0,SL Hit,2743.63,1,2656.5024999999255,15.0,-0.8299999999999272,1.4699999999998
2025-01-22 01:45:00,2025-01-22 02:10:00,Short,2748.085,2749.09,-2.0100000000002183,SL Hit,2749.09,2,2654.4924999999253,25.0,1.1549999999997453,-1.4850000000001273
2025-01-22 02:20:00,2025-01-22 02:25:00,Long,2748.18,2748.18,0.0,SL Hit,2748.18,1,2654.4924999999253,5.0,-1.0799999999999272,0.6700000000000728
2025-01-22 08:35:00,2025-01-22 10:50:00,Long,2756.71,2759.55,11.360000000000582,SL Hit,2759.55,4,2665.852499999926,135.0,-5.599999999999909,6.389999999999873
2025-01-22 11:00:00,2025-01-22 12:50:00,Short,2757.31,2757.41,-0.1999999999998181,SL Hit,2757.41,2,2665.652499999926,110.0,2.769999999999982,-5.480000000000018
2025-01-22 12:55:00,2025-01-22 13:20:00,Long,2757.85,2756.0624999999995,-1.7875000000003638,SL Hit,2756.0624999999995,1,2663.8649999999257,25.0,-2.0,3.450000000000273
2025-01-22 20:15:00,2025-01-22 20:55:00,Short,2755.8,2756.21,-0.819999999999709,SL Hit,2756.21,2,2663.044999999926,40.0,1.1299999999996544,-1.2000000000002728
2025-01-22 23:05:00,2025-01-22 23:20:00,Short,2755.06,2755.2525000000005,-0.1925000000005639,SL Hit,2755.2525000000005,1,2662.8524999999254,15.0,0.36000000000012733,-1.0599999999999454
2025-01-22 23:55:00,2025-01-23 00:00:00,Long,2754.76,2754.76,0.0,SL Hit,2754.76,1,2662.8524999999254,5.0,-1.4500000000002728,1.0099999999997635
2025-01-23 01:20:00,2025-01-23 01:25:00,Short,2754.81,2754.81,0.0,SL Hit,2754.81,1,2662.8524999999254,5.0,0.0500000000001819,-1.7100000000000364
2025-01-23 02:35:00,2025-01-23 03:15:00,Long,2752.82,2751.6374999999994,-1.1825000000008004,SL Hit,2751.6374999999994,1,2661.6699999999246,40.0,-2.0,0.32999999999992724
2025-01-23 03:55:00,2025-01-23 04:00:00,Short,2750.04,2750.04,0.0,SL Hit,2750.04,1,2661.6699999999246,5.0,1.0700000000001637,-0.4299999999998363
2025-01-23 05:55:00,2025-01-23 06:00:00,Short,2752.22,2752.7425,-0.5225000000000364,SL Hit,2752.7425,1,2661.1474999999245,5.0,0.7100000000000364,-0.9800000000000182
2025-01-23 06:10:00,2025-01-23 06:15:00,Long,2753.12,2753.12,0.0,SL Hit,2753.12,1,2661.1474999999245,5.0,-0.04999999999972715,0.7100000000000364
2025-01-23 10:20:00,2025-01-23 12:10:00,Long,2750.09,2751.02,1.8599999999996726,SL Hit,2751.02,2,2663.007499999924,110.0,-3.7100000000000364,4.1599999999998545
2025-01-23 13:20:00,2025-01-23 14:20:00,Short,2741.89,2745.5750000000003,-3.6850000000004,SL Hit,2745.5750000000003,1,2659.322499999924,60.0,3.950000000000273,-5.799999999999727
2025-01-23 21:50:00,2025-01-23 23:05:00,Long,2753.68,2753.3225000000007,-0.35749999999916326,SL Hit,2753.3225000000007,1,2658.9649999999247,75.0,-1.1799999999998363,0.9600000000000364
2025-01-23 23:35:00,2025-01-24 01:40:00,Long,2756.5824999999995,2758.88,9.190000000002328,SL Hit,2758.88,4,2668.154999999927,125.0,-3.482499999999618,5.207500000000437
2025-01-24 08:00:00,2025-01-24 08:05:00,Short,2772.65,2772.65,0.0,SL Hit,2772.65,1,2668.154999999927,5.0,0.03999999999996362,-1.599999999999909
2025-01-24 09:15:00,2025-01-24 09:30:00,Long,2774.65,2774.65,0.0,SL Hit,2774.65,1,2668.154999999927,15.0,-0.7899999999999636,2.6599999999998545
2025-01-24 11:25:00,2025-01-24 14:10:00,Long,2779.214,2780.3,5.4300000000012005,SL Hit,2780.3,5,2673.584999999928,165.0,-3.44399999999996,4.985999999999876
2025-01-24 19:15:00,2025-01-24 19:30:00,Short,2772.69,2772.69,0.0,SL Hit,2772.69,1,2673.584999999928,15.0,0.01999999999998181,-1.5900000000001455
2025-01-26 23:50:00,2025-01-27 00:20:00,Long,2767.02,2765.9,-2.2399999999997817,SL Hit,2765.9,2,2671.3449999999284,30.0,-1.2199999999998,1.6199999999998909
2025-01-27 00:55:00,2025-01-27 01:25:00,Long,2769.7999999999997,2769.5,-0.8999999999991815,SL Hit,2769.5,3,2670.444999999929,30.0,-1.8899999999998727,2.460000000000491
2025-01-27 03:45:00,2025-01-27 04:00:00,Long,2760.2749999999996,2759.86,-0.8299999999990177,SL Hit,2759.86,2,2669.61499999993,15.0,-1.6749999999997272,1.2950000000005275
2025-01-27 04:05:00,2025-01-27 08:05:00,Short,2755.22,2752.59,10.519999999998618,SL Hit,2752.59,4,2680.134999999929,240.0,5.130000000000109,-7.619999999999891
2025-01-27 08:10:00,2025-01-27 12:15:00,Long,2760.943333333333,2765.15,25.2400000000016,SL Hit,2765.15,6,2705.3749999999304,245.0,-8.99333333333334,10.53666666666686
2025-01-27 14:25:00,2025-01-27 14:40:00,Short,2750.51,2752.517499999999,-2.0074999999987995,SL Hit,2752.517499999999,1,2703.3674999999316,15.0,3.6099999999996726,-5.510000000000218
2025-01-27 16:05:00,2025-01-27 18:25:00,Short,2737.6049999999996,2735.48,8.499999999998181,SL Hit,2735.48,4,2711.86749999993,140.0,5.405000000000655,-6.444999999999709
2025-01-27 19:05:00,2025-01-27 21:50:00,Long,2739.478,2740.1,3.109999999999218,SL Hit,2740.1,5,2714.977499999929,165.0,-2.568000000000211,4.141999999999825
2025-01-27 21:55:00,2025-01-27 23:00:00,Short,2740.88,2740.88,0.0,SL Hit,2740.88,1,2714.977499999929,65.0,0.05999999999994543,-0.7899999999999636
2025-01-27 23:10:00,2025-01-27 23:25:00,Short,2740.34,2741.9,-3.119999999999891,SL Hit,2741.9,2,2711.857499999929,15.0,3.4200000000000728,-1.5399999999999636
2025-01-28 00:35:00,2025-01-28 01:55:00,Long,2743.575,2742.02,-6.219999999999345,SL Hit,2742.02,4,2705.63749999993,80.0,-3.6149999999997817,1.3850000000002183
2025-01-28 02:50:00,2025-01-28 03:10:00,Short,2739.415,2740.2,-1.569999999999709,SL Hit,2740.2,2,2704.06749999993,20.0,1.724999999999909,-0.9349999999999454
2025-01-28 07:55:00,2025-01-28 08:50:00,Short,2739.21,2739.7049999999995,-0.4949999999994361,SL Hit,2739.7049999999995,1,2703.5724999999306,55.0,1.199999999999818,-4.3400000000001455
2025-01-28 10:05:00,2025-01-28 10:15:00,Long,2743.61,2743.61,0.0,SL Hit,2743.61,1,2703.5724999999306,10.0,-0.3900000000003274,1.3399999999996908
2025-01-28 12:35:00,2025-01-28 12:40:00,Long,2743.28,2743.28,0.0,SL Hit,2743.28,1,2703.5724999999306,5.0,-0.3700000000003456,0.6199999999998909
2025-01-28 12:50:00,2025-01-28 17:30:00,Long,2753.68,2757.62,23.640000000000327,SL Hit,2757.62,6,2727.212499999931,280.0,-9.960000000000036,5.410000000000309
2025-01-28 17:35:00,2025-01-28 17:40:00,Short,2758.49,2758.710000000001,-0.22000000000116415,SL Hit,2758.710000000001,1,2726.99249999993,5.0,0.330000000000382,-1.0899999999996908
2025-01-28 21:00:00,2025-01-28 21:15:00,Long,2763.065,2762.71,-0.7100000000000364,SL Hit,2762.71,2,2726.2824999999298,15.0,-0.3550000000000182,1.3150000000000546
2025-01-28 21:55:00,2025-01-28 23:05:00,Short,2763.33,2763.5225000000005,-0.1925000000005639,SL Hit,2763.5225000000005,1,2726.089999999929,70.0,0.5900000000001455,-1.3299999999999272
2025-01-28 23:30:00,2025-01-29 00:30:00,Short,2763.2200000000003,2763.63,-0.819999999999709,SL Hit,2763.63,2,2725.2699999999295,60.0,0.4299999999998363,-1.6200000000003456
2025-01-29 05:25:00,2025-01-29 08:00:00,Short,2760.5275,2760.18,1.390000000001237,SL Hit,2760.18,4,2726.6599999999307,155.0,1.9224999999996726,-3.0775000000003274
2025-01-29 10:00:00,2025-01-29 10:05:00,Short,2762.63,2762.85,-0.2199999999997999,SL Hit,2762.85,1,2726.439999999931,5.0,0.2899999999999636,-0.3900000000003274
2025-01-29 10:15:00,2025-01-29 13:00:00,Short,2759.1516666666666,2757.92,7.389999999999418,SL Hit,2757.92,6,2733.8299999999304,165.0,2.6683333333335213,-3.7616666666667697
2025-01-29 13:05:00,2025-01-29 13:15:00,Long,2757.1850000000004,2755.39,-3.590000000001055,SL Hit,2755.39,2,2730.2399999999293,10.0,-4.495000000000346,0.35499999999956344
2025-01-30 01:45:00,2025-01-30 03:15:00,Short,2760.0175,2760.36,-1.3700000000008004,SL Hit,2760.36,4,2728.8699999999285,90.0,0.9425000000001091,-1.6174999999998363
2025-01-30 03:30:00,2025-01-30 04:30:00,Long,2760.41,2760.41,0.0,SL Hit,2760.41,1,2728.8699999999285,60.0,-0.10999999999967258,2.7100000000000364
2025-01-30 06:05:00,2025-01-30 06:25:00,Long,2760.43,2760.0725000000007,-0.35749999999916326,SL Hit,2760.0725000000007,1,2728.5124999999293,20.0,-0.7300000000000182,1.6100000000001273
2025-01-30 06:50:00,2025-01-30 13:30:00,Long,2774.9377777777777,2779.68,42.67999999999938,SL Hit,2779.68,9,2771.1924999999287,400.0,-13.537777777777592,7.70222222222219
2025-01-30 15:10:00,2025-01-30 17:00:00,Long,2790.4133333333334,2790.37,-0.1300000000005639,SL Hit,2790.37,3,2771.062499999928,110.0,-3.4933333333333394,7.706666666666479
2025-01-30 20:20:00,2025-01-30 20:35:00,Long,2793.76,2793.76,0.0,SL Hit,2793.76,1,2771.062499999928,15.0,-1.0,2.399999999999636
2025-01-31 02:05:00,2025-01-31 04:00:00,Long,2796.8725000000004,2795.7,-4.690000000002328,SL Hit,2795.7,4,2766.372499999926,115.0,-1.7225000000003092,1.0974999999993997
2025-01-31 04:45:00,2025-01-31 05:30:00,Long,2795.603333333333,2794.6,-3.009999999999309,SL Hit,2794.6,3,2763.3624999999265,45.0,-1.80333333333283,0.5966666666668061
2025-01-31 07:15:00,2025-01-31 08:25:00,Long,2796.09,2793.9175000000005,-2.1724999999996726,SL Hit,2793.9175000000005,1,2761.189999999927,70.0,-2.3099999999999454,4.4699999999998
2025-01-31 09:10:00,2025-01-31 09:15:00,Long,2794.15,2793.8750000000005,-0.2749999999996362,SL Hit,2793.8750000000005,1,2760.914999999927,5.0,-0.43000000000029104,0.849999999999909
2025-01-31 13:40:00,2025-01-31 14:20:00,Short,2806.5933333333337,2806.79,-0.5899999999987813,SL Hit,2806.79,3,2760.3249999999284,40.0,1.5766666666663696,-2.0033333333335577
2025-01-31 19:55:00,2025-01-31 20:40:00,Short,2797.0299999999997,2797.25,-0.4400000000005093,SL Hit,2797.25,2,2759.884999999928,45.0,1.6300000000001091,-2.9099999999998545
2025-02-03 00:40:00,2025-02-03 00:50:00,Long,2793.16,2791.8949999999995,-1.2650000000003274,SL Hit,2791.8949999999995,1,2758.6199999999276,10.0,-1.7899999999999636,1.9700000000002547
2025-02-03 02:00:00,2025-02-03 04:00:00,Short,2777.5499999999997,2776.36,4.759999999998399,SL Hit,2776.36,4,2763.379999999926,120.0,4.790000000000418,-5.339999999999691
2025-02-03 05:15:00,2025-02-03 09:15:00,Long,2787.932857142857,2796.14,57.45000000000118,SL Hit,2796.14,7,2820.829999999927,240.0,-6.922857142856628,11.887142857143317
2025-02-03 09:30:00,2025-02-03 10:05:00,Long,2798.26,2794.4,-7.720000000000255,SL Hit,2794.4,2,2813.109999999927,35.0,-4.480000000000018,1.8599999999996726
2025-02-03 10:30:00,2025-02-03 10:40:00,Short,2794.76,2795.4475,-0.6875,SL Hit,2795.4475,1,2812.422499999927,10.0,1.8799999999996544,-1.5300000000002
2025-02-03 12:35:00,2025-02-03 16:45:00,Long,2813.3799999999997,2818.37,29.94000000000142,SL Hit,2818.37,6,2842.3624999999283,250.0,-11.4699999999998,16.470000000000255
2025-02-03 20:50:00,2025-02-03 20:55:00,Short,2816.27,2816.4075000000003,-0.13750000000027285,SL Hit,2816.4075000000003,1,2842.224999999928,5.0,0.5,-0.6799999999998363
2025-02-03 21:00:00,2025-02-03 23:50:00,Short,2814.6499999999996,2814.15,1.999999999998181,SL Hit,2814.15,4,2844.2249999999262,170.0,2.6700000000005275,-3.7499999999995453
2025-02-03 23:55:00,2025-02-04 04:50:00,Long,2816.9714285714285,2818.2,8.599999999999,SL Hit,2818.2,7,2852.8249999999252,295.0,-5.5714285714284415,7.0785714285716494
2025-02-04 09:15:00,2025-02-04 10:30:00,Long,2815.71,2815.5724999999993,-0.1375000000007276,SL Hit,2815.5724999999993,1,2852.6874999999245,75.0,-2.75,5.880000000000109
2025-02-04 11:30:00,2025-02-04 15:35:00,Long,2828.726666666667,2840.04,67.87999999999829,SL Hit,2840.04,6,2920.567499999923,245.0,-14.426666666666733,16.073333333333267
2025-02-04 16:05:00,2025-02-04 16:10:00,Short,2837.03,2837.03,0.0,SL Hit,2837.03,1,2920.567499999923,5.0,1.7300000000000182,-2.8200000000001637
2025-02-04 16:15:00,2025-02-04 17:00:00,Long,2838.7799999999997,2839.61,1.660000000000764,SL Hit,2839.61,2,2922.2274999999236,45.0,-1.819999999999709,3.2700000000004366
2025-02-04 17:20:00,2025-02-04 18:50:00,Long,2843.4533333333334,2842.6,-2.5600000000004,SL Hit,2842.6,3,2919.667499999923,90.0,-2.303333333333285,1.3366666666665878
2025-02-04 19:05:00,2025-02-04 19:10:00,Short,2843.3,2843.355,-0.05499999999983629,SL Hit,2843.355,1,2919.6124999999233,5.0,0.4299999999998363,-0.580000000000382
2025-02-04 21:15:00,2025-02-05 00:25:00,Short,2841.603333333333,2841.96,-1.0700000000010732,SL Hit,2841.96,3,2918.5424999999223,190.0,1.3066666666668425,-2.403333333333194
2025-02-05 01:30:00,2025-02-05 01:55:00,Short,2843.01,2844.3025,-1.2924999999995634,SL Hit,2844.3025,1,2917.2499999999227,25.0,1.669999999999618,-3.9100000000003092
2025-02-05 03:30:00,2025-02-05 03:35:00,Long,2853.46,2853.3500000000004,-0.10999999999967258,SL Hit,2853.3500000000004,1,2917.139999999923,5.0,-0.42000000000007276,0.6300000000001091
2025-02-05 08:20:00,2025-02-05 10:15:00,Long,2867.286666666667,2869.39,6.309999999999036,SL Hit,2869.39,3,2923.449999999922,115.0,-2.5566666666668425,4.643333333332976
2025-02-05 10:25:00,2025-02-05 10:50:00,Long,2871.615,2869.1,-5.029999999999745,SL Hit,2869.1,2,2918.4199999999223,25.0,-4.294999999999618,4.825000000000273
2025-02-05 11:15:00,2025-02-05 12:30:00,Short,2868.4033333333336,2869.96,-4.669999999999163,SL Hit,2869.96,3,2913.749999999923,75.0,2.0266666666661877,-2.6933333333336122
2025-02-05 12:55:00,2025-02-05 13:15:00,Long,2869.585,2867.01,-5.149999999999636,SL Hit,2867.01,2,2908.5999999999235,20.0,-2.875,1.025000000000091
2025-02-05 14:55:00,2025-02-05 16:15:00,Long,2872.385,2866.07,-12.63000000000011,SL Hit,2866.07,2,2895.9699999999234,80.0,-7.425000000000182,9.625
2025-02-05 18:20:00,2025-02-05 20:25:00,Short,2866.6299999999997,2864.59,6.119999999998527,SL Hit,2864.59,3,2902.089999999922,125.0,4.520000000000437,-4.3299999999994725
2025-02-06 00:30:00,2025-02-06 00:35:00,Short,2867.86,2867.86,0.0,SL Hit,2867.86,1,2902.089999999922,5.0,0.17000000000007276,-1.2600000000002183
2025-02-06 01:05:00,2025-02-06 01:55:00,Short,2866.04,2870.41,-8.739999999999782,SL Hit,2870.41,2,2893.349999999922,50.0,5.550000000000182,-2.2399999999997817
2025-02-06 03:05:00,2025-02-06 04:00:00,Short,2869.74,2870.4275,-0.6875,SL Hit,2870.4275,1,2892.662499999922,55.0,2.2700000000004366,-5.199999999999818
2025-02-06 06:30:00,2025-02-06 06:35:00,Long,2869.45,2869.45,0.0,SL Hit,2869.45,1,2892.662499999922,5.0,-1.5199999999999818,1.6600000000003092
2025-02-06 06:50:00,2025-02-06 07:25:00,Short,2860.795,2861.18,-0.7699999999995271,SL Hit,2861.18,2,2891.8924999999226,35.0,0.8049999999998363,-2.394999999999982
2025-02-06 07:45:00,2025-02-06 08:35:00,Short,2855.215,2856.32,-2.2100000000000364,SL Hit,2856.32,2,2889.6824999999226,50.0,4.474999999999909,-5.934999999999945
2025-02-06 09:10:00,2025-02-06 09:15:00,Long,2857.82,2856.3075,-1.5125000000002728,SL Hit,2856.3075,1,2888.1699999999223,5.0,-1.8700000000003456,1.6299999999996544
2025-02-06 10:45:00,2025-02-06 10:55:00,Long,2860.11,2859.669999999999,-0.44000000000096406,SL Hit,2859.669999999999,1,2887.7299999999213,10.0,-2.180000000000291,1.2999999999997272
2025-02-06 14:45:00,2025-02-06 15:40:00,Short,2849.9849999999997,2847.45,5.069999999999709,SL Hit,2847.45,2,2892.799999999921,55.0,6.325000000000273,-14.724999999999454
2025-02-06 17:05:00,2025-02-06 17:50:00,Short,2850.52,2851.23,-2.130000000000109,SL Hit,2851.23,3,2890.669999999921,45.0,1.1599999999998545,-1.650000000000091
2025-02-06 19:30:00,2025-02-06 19:45:00,Short,2850.95,2852.27,-1.3200000000001637,SL Hit,2852.27,1,2889.349999999921,15.0,2.430000000000291,-0.34999999999990905
2025-02-06 21:50:00,2025-02-06 21:55:00,Long,2856.45,2855.7625,-0.6875,SL Hit,2855.7625,1,2888.662499999921,5.0,-0.819999999999709,0.4600000000000364
2025-02-07 03:15:00,2025-02-07 03:40:00,Short,2868.0,2868.165,-0.16499999999996362,SL Hit,2868.165,1,2888.497499999921,25.0,0.5399999999999636,-0.8600000000001273
2025-02-07 03:55:00,2025-02-07 04:10:00,Short,2868.0,2868.3025000000002,-0.30250000000023647,SL Hit,2868.3025000000002,1,2888.1949999999206,15.0,0.3200000000001637,-2.1399999999998727
2025-02-07 04:25:00,2025-02-07 04:50:00,Long,2868.1400000000003,2867.2,-1.8800000000010186,SL Hit,2867.2,2,2886.3149999999196,25.0,-1.080000000000382,1.1099999999996726
2025-02-07 05:35:00,2025-02-07 06:25:00,Short,2864.99,2865.2375,-0.24750000000040018,SL Hit,2865.2375,1,2886.067499999919,50.0,0.8000000000001819,-4.549999999999727
2025-02-07 07:55:00,2025-02-07 08:00:00,Long,2863.97,2863.392500000001,-0.5774999999989632,SL Hit,2863.392500000001,1,2885.48999999992,5.0,-0.6199999999998909,0.6300000000001091
2025-02-07 08:15:00,2025-02-07 08:20:00,Long,2865.63,2865.0799999999995,-0.5500000000006366,SL Hit,2865.0799999999995,1,2884.9399999999196,5.0,-0.5700000000001637,0.7300000000000182
2025-02-07 09:05:00,2025-02-07 10:05:00,Long,2867.105,2867.13,0.0500000000001819,SL Hit,2867.13,2,2884.9899999999197,60.0,-1.4349999999999454,3.0450000000000728
2025-02-07 11:55:00,2025-02-07 12:05:00,Long,2867.08,2866.86,-0.2199999999997999,SL Hit,2866.86,1,2884.76999999992,10.0,-0.5399999999999636,0.7200000000002547
2025-02-07 13:45:00,2025-02-07 14:00:00,Long,2862.48,2857.7775,-4.702499999999873,SL Hit,2857.7775,1,2880.06749999992,15.0,-4.9900000000002365,1.6599999999998545
2025-02-07 15:05:00,2025-02-07 16:10:00,Long,2878.11,2870.2174999999993,-7.892500000000837,Bearish Trade Reversal,2870.2174999999993,1,2872.1749999999192,65.0,-7.400000000000091,8.129999999999654
2025-02-07 16:10:00,2025-02-07 17:55:00,Short,2866.73,2858.59,16.279999999999745,SL Hit,2858.59,2,2888.454999999919,105.0,10.309999999999945,-13.039999999999964
2025-02-07 21:05:00,2025-02-07 21:35:00,Long,2860.5,2860.5,0.0,SL Hit,2860.5,1,2888.454999999919,30.0,-0.8000000000001819,2.3200000000001637
2025-02-09 23:45:00,2025-02-09 23:55:00,Long,2867.17,2866.7574999999997,-0.4125000000003638,SL Hit,2866.7574999999997,1,2888.0424999999186,10.0,-0.47000000000025466,1.4899999999997817
2025-02-10 02:50:00,2025-02-10 03:45:00,Short,2873.1200000000003,2874.08,-2.879999999998745,SL Hit,2874.08,3,2885.16249999992,55.0,1.2399999999997817,-2.0200000000004366
2025-02-10 04:35:00,2025-02-10 05:30:00,Long,2877.896666666666,2878.07,0.5200000000022555,SL Hit,2878.07,3,2885.682499999922,55.0,-2.5966666666658966,1.7333333333340306
2025-02-10 05:35:00,2025-02-10 06:00:00,Short,2877.6800000000003,2878.83,-2.2999999999992724,SL Hit,2878.83,2,2883.382499999923,25.0,3.039999999999509,-1.680000000000291
2025-02-10 07:55:00,2025-02-10 10:30:00,Long,2896.2725,2899.35,12.30999999999949,SL Hit,2899.35,4,2895.6924999999223,155.0,-3.962500000000091,9.6875
2025-02-10 13:05:00,2025-02-10 13:10:00,Short,2903.98,2904.8325,-0.8524999999999636,SL Hit,2904.8325,1,2894.8399999999224,5.0,1.4899999999997817,-0.8600000000001273
2025-02-10 14:25:00,2025-02-10 15:45:00,Long,2905.2,2906.05,1.7000000000007276,SL Hit,2906.05,2,2896.539999999923,80.0,-3.649999999999636,5.800000000000182
2025-02-10 16:30:00,2025-02-10 17:55:00,Short,2903.5550000000003,2902.8,1.5100000000002183,SL Hit,2902.8,2,2898.0499999999233,85.0,2.8149999999996,-6.795000000000073
2025-02-10 18:15:00,2025-02-10 19:10:00,Long,2904.2899999999995,2904.51,0.6600000000021282,SL Hit,2904.51,3,2898.7099999999255,55.0,-1.1799999999993815,2.450000000000273
2025-02-10 19:15:00,2025-02-10 20:15:00,Short,2904.5299999999997,2905.05,-1.0400000000008731,SL Hit,2905.05,2,2897.6699999999246,60.0,1.1400000000003274,-1.9299999999998363
2025-02-11 00:50:00,2025-02-11 01:00:00,Long,2921.81,2920.8199999999997,-0.9900000000002365,SL Hit,2920.8199999999997,1,2896.6799999999243,10.0,-1.0299999999997453,2.230000000000018
2025-02-11 04:30:00,2025-02-11 04:45:00,Long,2918.6000000000004,2918.14,-0.9200000000009823,SL Hit,2918.14,2,2895.7599999999234,15.0,-1.300000000000182,1.669999999999618
2025-02-11 06:45:00,2025-02-11 10:30:00,Short,2911.132857142857,2906.5,32.429999999999836,SL Hit,2906.5,7,2928.189999999923,225.0,7.177142857142826,-8.692857142857065
2025-02-11 11:40:00,2025-02-11 14:00:00,Short,2899.9575000000004,2897.27,10.750000000001819,SL Hit,2897.27,4,2938.939999999925,140.0,6.592499999999745,-17.437500000000455
2025-02-11 15:00:00,2025-02-11 15:05:00,Short,2897.09,2897.7499999999995,-0.6599999999993997,SL Hit,2897.7499999999995,1,2938.2799999999256,5.0,2.0799999999999272,-5.680000000000291
2025-02-11 15:40:00,2025-02-11 16:35:00,Long,2904.955,2903.65,-2.6099999999996726,SL Hit,2903.65,2,2935.669999999926,55.0,-2.9549999999999272,3.244999999999891
2025-02-11 16:50:00,2025-02-11 16:55:00,Short,2904.47,2904.47,0.0,SL Hit,2904.47,1,2935.669999999926,5.0,0.7400000000002365,-1.7699999999999818
2025-02-11 19:25:00,2025-02-11 19:40:00,Short,2902.79,2902.79,0.0,SL Hit,2902.79,1,2935.669999999926,15.0,0.36999999999989086,-2.349999999999909
2025-02-12 00:30:00,2025-02-12 01:00:00,Short,2895.81,2896.3049999999994,-0.4949999999994361,SL Hit,2896.3049999999994,1,2935.1749999999265,30.0,1.4600000000000364,-6.289999999999964
2025-02-12 03:40:00,2025-02-12 03:50:00,Short,2889.24,2889.24,0.0,SL Hit,2889.24,1,2935.1749999999265,10.0,0.020000000000436557,-2.2099999999995816
2025-02-12 05:40:00,2025-02-12 07:30:00,Long,2890.01,2891.74,6.919999999998254,SL Hit,2891.74,4,2942.0949999999248,110.0,-4.370000000000346,5.369999999999891
2025-02-12 12:45:00,2025-02-12 13:10:00,Long,2882.9700000000003,2881.2,-3.540000000000873,SL Hit,2881.2,2,2938.554999999924,25.0,-6.070000000000164,2.619999999999891
2025-02-12 15:00:00,2025-02-12 15:55:00,Short,2894.4700000000003,2895.28,-1.6199999999998909,SL Hit,2895.28,2,2936.934999999924,55.0,0.9699999999997999,-7.3400000000001455
2025-02-12 16:05:00,2025-02-12 16:15:00,Long,2893.69,2893.3324999999995,-0.3575000000005275,SL Hit,2893.3324999999995,1,2936.5774999999235,10.0,-1.5900000000001455,1.1300000000001091
2025-02-12 16:40:00,2025-02-12 18:00:00,Long,2899.5299999999997,2901.9,4.740000000000691,SL Hit,2901.9,2,2941.317499999924,80.0,-4.2599999999997635,9.41000000000031
2025-02-12 18:25:00,2025-02-12 18:30:00,Short,2902.36,2902.36,0.0,SL Hit,2902.36,1,2941.317499999924,5.0,0.42000000000007276,-1.2100000000000364
2025-02-12 19:05:00,2025-02-12 20:25:00,Short,2897.895,2898.71,-1.6300000000001091,SL Hit,2898.71,2,2939.687499999924,80.0,2.9850000000001273,-3.875
2025-02-12 23:30:00,2025-02-12 23:45:00,Short,2902.34,2902.34,0.0,SL Hit,2902.34,1,2939.687499999924,15.0,1.3099999999999454,-1.9400000000000546
2025-02-13 02:00:00,2025-02-13 04:15:00,Long,2910.5733333333333,2916.14,16.699999999999818,SL Hit,2916.14,3,2956.387499999924,135.0,-5.083333333333485,7.676666666666733
2025-02-13 04:45:00,2025-02-13 04:50:00,Long,2916.82,2916.82,0.0,SL Hit,2916.82,1,2956.387499999924,5.0,-0.12000000000034561,2.1399999999998727
2025-02-13 07:30:00,2025-02-13 07:40:00,Long,2917.46,2914.76,-5.399999999999636,SL Hit,2914.76,2,2950.9874999999242,10.0,-4.079999999999927,2.5299999999997453
2025-02-13 09:45:00,2025-02-13 11:20:00,Long,2916.816,2916.54,-1.3799999999991996,SL Hit,2916.54,5,2949.607499999925,95.0,-3.076000000000022,2.4840000000003783
2025-02-13 11:50:00,2025-02-13 11:55:00,Short,2916.49,2917.1225,-0.6325000000001637,SL Hit,2917.1225,1,2948.974999999925,5.0,1.1000000000003638,-0.6399999999998727
2025-02-13 12:05:00,2025-02-13 13:00:00,Long,2918.7466666666664,2917.0,-5.239999999999327,SL Hit,2917.0,3,2943.7349999999255,55.0,-5.266666666666424,2.2833333333337578
2025-02-13 13:20:00,2025-02-13 13:30:00,Short,2915.82,2915.82,0.0,SL Hit,2915.82,1,2943.7349999999255,10.0,1.25,-6.710000000000036
2025-02-13 13:35:00,2025-02-13 14:35:00,Short,2911.9466666666667,2913.34,-4.180000000000291,SL Hit,2913.34,3,2939.5549999999253,60.0,2.2233333333333576,-4.936666666666497
2025-02-13 16:45:00,2025-02-13 17:20:00,Short,2916.98,2916.98,0.0,SL Hit,2916.98,1,2939.5549999999253,35.0,0.13999999999987267,-4.0
2025-02-13 18:35:00,2025-02-13 18:40:00,Long,2917.2,2917.2,0.0,SL Hit,2917.2,1,2939.5549999999253,5.0,-1.7699999999999818,2.130000000000109
2025-02-13 18:45:00,2025-02-13 20:05:00,Long,2923.3224999999998,2925.27,7.790000000000873,SL Hit,2925.27,4,2947.344999999926,80.0,-6.2524999999996,3.637500000000273
2025-02-13 21:40:00,2025-02-13 23:20:00,Short,2928.895,2929.25,-0.7100000000000364,SL Hit,2929.25,2,2946.634999999926,100.0,0.9650000000001455,-1.8949999999999818
2025-02-14 05:40:00,2025-02-14 07:20:00,Long,2930.8650000000002,2931.97,4.419999999998254,SL Hit,2931.97,4,2951.0549999999243,100.0,-2.825000000000273,5.5649999999996
2025-02-14 11:15:00,2025-02-14 11:20:00,Short,2935.26,2935.5074999999993,-0.24749999999903594,SL Hit,2935.5074999999993,1,2950.8074999999253,5.0,0.7699999999999818,-0.900000000000091
2025-02-14 11:45:00,2025-02-14 13:30:00,Short,2930.54,2930.26,1.1199999999989814,SL Hit,2930.26,4,2951.9274999999243,105.0,3.6599999999998545,-3.769999999999982
2025-02-14 14:05:00,2025-02-14 14:10:00,Short,2919.6,2920.205000000001,-0.6050000000009277,SL Hit,2920.205000000001,1,2951.3224999999234,5.0,3.349999999999909,-4.610000000000127
2025-02-14 15:10:00,2025-02-14 16:55:00,Short,2902.955,2895.58,29.5,SL Hit,2895.58,4,2980.8224999999234,105.0,17.4050000000002,-13.605000000000018
2025-02-14 21:40:00,2025-02-16 23:25:00,Long,2884.9733333333334,2882.14,-8.500000000000455,SL Hit,2882.14,3,2972.322499999923,2985.0,-3.9733333333333576,7.996666666666442
2025-02-16 23:30:00,2025-02-16 23:40:00,Short,2881.02,2881.02,0.0,SL Hit,2881.02,1,2972.322499999923,10.0,0.7199999999997999,-1.8299999999999272
2025-02-17 02:20:00,2025-02-17 04:35:00,Long,2897.97,2901.8,11.490000000001146,SL Hit,2901.8,3,2983.812499999924,135.0,-3.6799999999998363,6.680000000000291
2025-02-17 08:30:00,2025-02-17 08:45:00,Short,2899.83,2899.9675000000007,-0.1375000000007276,SL Hit,2899.9675000000007,1,2983.6749999999233,15.0,1.6599999999998545,-4.679999999999836
2025-02-17 10:20:00,2025-02-17 10:55:00,Short,2901.645,2902.56,-1.8299999999999272,SL Hit,2902.56,2,2981.8449999999234,35.0,1.0650000000000546,-6.195000000000164
2025-02-17 14:30:00,2025-02-17 15:20:00,Long,2898.89,2899.15,0.7800000000006548,SL Hit,2899.15,3,2982.624999999924,50.0,-1.1399999999998727,4.630000000000109
2025-02-17 15:25:00,2025-02-17 19:15:00,Short,2899.588333333333,2898.15,8.62999999999829,SL Hit,2898.15,6,2991.2549999999223,230.0,1.5816666666669335,-3.1883333333330484
2025-02-17 19:25:00,2025-02-17 23:15:00,Long,2898.1800000000003,2896.4,-3.5600000000004,SL Hit,2896.4,2,2987.694999999922,230.0,-1.8800000000001091,0.5899999999996908
2025-02-17 23:20:00,2025-02-17 23:40:00,Short,2897.45,2898.0825,-0.6325000000001637,SL Hit,2898.0825,1,2987.062499999922,20.0,0.7200000000002547,-1.449999999999818
2025-02-18 00:40:00,2025-02-18 00:55:00,Long,2899.52,2898.0,-3.0399999999999636,SL Hit,2898.0,2,2984.022499999922,15.0,-1.7199999999998,0.6199999999998909
2025-02-18 01:00:00,2025-02-18 02:10:00,Short,2895.963333333333,2897.5,-4.610000000000582,SL Hit,2897.5,3,2979.4124999999212,70.0,2.9266666666667334,-4.123333333332994
2025-02-18 08:15:00,2025-02-18 09:05:00,Long,2911.33,2911.3,-0.08999999999923602,SL Hit,2911.3,3,2979.322499999922,50.0,-1.7199999999998,1.7000000000002728
2025-02-18 09:15:00,2025-02-18 09:20:00,Short,2911.34,2911.34,0.0,SL Hit,2911.34,1,2979.322499999922,5.0,0.1299999999996544,-1.2000000000002728
2025-02-18 09:25:00,2025-02-18 09:30:00,Short,2911.81,2912.3600000000006,-0.5500000000006366,SL Hit,2912.3600000000006,1,2978.7724999999214,5.0,0.9500000000002728,-1.0
2025-02-18 10:05:00,2025-02-18 10:15:00,Long,2911.97,2910.4849999999997,-1.4850000000001273,SL Hit,2910.4849999999997,1,2977.2874999999212,10.0,-1.7699999999999818,0.2600000000002183
2025-02-18 14:15:00,2025-02-18 15:30:00,Long,2922.7333333333336,2925.34,7.819999999999709,SL Hit,2925.34,3,2985.107499999921,75.0,-4.963333333333594,6.506666666666206
2025-02-18 16:35:00,2025-02-18 17:15:00,Long,2929.986666666666,2931.13,3.4300000000016553,SL Hit,2931.13,3,2988.5374999999226,40.0,-1.356666666666115,3.3533333333339215
2025-02-18 18:45:00,2025-02-18 20:15:00,Long,2933.6666666666665,2935.61,5.830000000000837,SL Hit,2935.61,3,2994.3674999999234,90.0,-2.0266666666666424,3.113333333333685
2025-02-19 00:40:00,2025-02-19 01:10:00,Short,2932.23,2932.6425000000004,-0.4125000000003638,SL Hit,2932.6425000000004,1,2993.954999999923,30.0,0.599999999999909,-4.010000000000218
2025-02-19 02:30:00,2025-02-19 03:40:00,Short,2932.04,2930.16,3.7600000000002183,SL Hit,2930.16,2,2997.7149999999233,70.0,3.849999999999909,-7.369999999999891
2025-02-19 04:35:00,2025-02-19 04:50:00,Short,2927.13,2929.1375000000003,-2.0075000000001637,SL Hit,2929.1375000000003,1,2995.707499999923,15.0,2.150000000000091,-0.4600000000000364
2025-02-19 04:55:00,2025-02-19 06:30:00,Long,2930.335,2933.2,11.459999999999127,SL Hit,2933.2,4,3007.1674999999223,95.0,-2.6849999999999454,5.255000000000109
2025-02-19 10:00:00,2025-02-19 10:10:00,Long,2945.44,2945.0824999999995,-0.3575000000005275,SL Hit,2945.0824999999995,1,3006.8099999999217,10.0,-2.9400000000000546,1.25
2025-02-19 13:05:00,2025-02-19 13:50:00,Long,2940.2899999999995,2937.5,-8.369999999998527,SL Hit,2937.5,3,2998.439999999923,45.0,-7.009999999999309,0.8700000000003456
2025-02-19 15:25:00,2025-02-19 15:30:00,Short,2935.71,2936.6175,-0.9074999999997999,SL Hit,2936.6175,1,2997.5324999999234,5.0,2.9299999999998363,-0.8200000000001637
2025-02-19 15:50:00,2025-02-19 17:10:00,Short,2930.36,2929.07,3.869999999999891,SL Hit,2929.07,3,3001.4024999999233,80.0,4.440000000000055,-6.650000000000091
2025-02-19 18:10:00,2025-02-19 18:15:00,Short,2922.35,2922.35,0.0,SL Hit,2922.35,1,3001.4024999999233,5.0,0.680000000000291,-1.5799999999999272
2025-02-19 18:20:00,2025-02-19 18:35:00,Short,2921.41,2921.7125,-0.30250000000023647,SL Hit,2921.7125,1,3001.099999999923,15.0,0.5300000000002001,-2.6099999999996726
2025-02-19 19:10:00,2025-02-19 21:35:00,Long,2929.1625000000004,2932.44,13.109999999998763,SL Hit,2932.44,4,3014.209999999922,145.0,-4.912500000000364,8.237499999999727
2025-02-19 21:40:00,2025-02-19 21:55:00,Short,2933.05,2933.325,-0.2749999999996362,SL Hit,2933.325,1,3013.934999999922,15.0,0.6299999999996544,-1.3500000000003638
2025-02-19 23:15:00,2025-02-20 01:25:00,Long,2937.665,2938.98,5.260000000000218,SL Hit,2938.98,4,3019.1949999999224,130.0,-4.565000000000055,4.375
2025-02-20 05:40:00,2025-02-20 05:45:00,Long,2943.83,2943.83,0.0,SL Hit,2943.83,1,3019.1949999999224,5.0,0.0,0.8299999999999272
2025-02-20 06:45:00,2025-02-20 06:50:00,Short,2944.95,2944.95,0.0,SL Hit,2944.95,1,3019.1949999999224,5.0,3.0700000000001637,-0.8099999999999454
2025-02-20 10:45:00,2025-02-20 13:30:00,Short,2947.9925000000003,2947.03,3.850000000000364,SL Hit,2947.03,4,3023.0449999999228,165.0,5.117499999999836,-8.152500000000146
2025-02-20 15:30:00,2025-02-20 17:00:00,Long,2938.565,2942.4,15.340000000000146,SL Hit,2942.4,4,3038.384999999923,90.0,-4.815000000000055,6.585000000000036
2025-02-20 17:40:00,2025-02-20 17:50:00,Long,2944.2,2943.925,-0.2749999999996362,SL Hit,2943.925,1,3038.1099999999233,10.0,-0.32999999999992724,2.519999999999982
2025-02-20 19:10:00,2025-02-20 20:50:00,Short,2937.72,2937.75,-0.09000000000060027,SL Hit,2937.75,3,3038.0199999999227,100.0,2.1900000000000546,-4.2199999999998
2025-02-21 00:25:00,2025-02-21 01:00:00,Short,2938.6,2942.0650000000005,-3.4650000000006003,SL Hit,2942.0650000000005,1,3034.554999999922,35.0,5.400000000000091,-1.599999999999909
2025-02-21 01:05:00,2025-02-21 01:35:00,Long,2943.2,2943.2,0.0,SL Hit,2943.2,1,3034.554999999922,30.0,-1.8999999999996362,5.800000000000182
2025-02-21 02:35:00,2025-02-21 05:45:00,Short,2934.5342857142864,2931.77,19.35000000000491,SL Hit,2931.77,7,3053.904999999927,190.0,6.085714285713493,-9.974285714286452
2025-02-21 09:55:00,2025-02-21 10:30:00,Long,2928.87,2928.87,0.0,SL Hit,2928.87,1,3053.904999999927,35.0,-0.6700000000000728,1.800000000000182
2025-02-21 11:05:00,2025-02-21 11:50:00,Long,2931.476666666667,2930.84,-1.9100000000003092,SL Hit,2930.84,3,3051.9949999999267,45.0,-1.5666666666670608,4.3433333333332484
2025-02-21 14:25:00,2025-02-21 14:30:00,Long,2934.5,2933.455,-1.0450000000000728,SL Hit,2933.455,1,3050.9499999999266,5.0,-3.1700000000000728,0.8899999999998727
2025-02-21 17:40:00,2025-02-21 17:55:00,Long,2939.81,2939.5350000000003,-0.2749999999996362,SL Hit,2939.5350000000003,1,3050.674999999927,15.0,-0.40000000000009095,1.6599999999998545
2025-02-21 19:00:00,2025-02-21 19:05:00,Long,2941.56,2941.56,0.0,SL Hit,2941.56,1,3050.674999999927,5.0,-1.4600000000000364,0.8000000000001819
2025-02-21 20:25:00,2025-02-21 20:30:00,Short,2933.92,2935.8999999999996,-1.9799999999995634,SL Hit,2935.8999999999996,1,3048.6949999999274,5.0,2.369999999999891,-0.6399999999998727
2025-02-24 00:15:00,2025-02-24 02:20:00,Short,2933.0699999999997,2930.8,4.539999999999054,SL Hit,2930.8,2,3053.2349999999265,125.0,3.650000000000091,-11.599999999999909
2025-02-24 05:40:00,2025-02-24 06:25:00,Short,2938.875,2939.14,-0.5299999999997453,SL Hit,2939.14,2,3052.7049999999267,45.0,2.4850000000001273,-3.525000000000091
2025-02-24 10:20:00,2025-02-24 11:20:00,Short,2940.87,2940.29,1.1599999999998545,SL Hit,2940.29,2,3053.8649999999266,60.0,2.3400000000001455,-5.929999999999836
2025-02-24 16:45:00,2025-02-24 16:50:00,Short,2942.99,2943.3200000000006,-0.33000000000083674,Bullish Trade Reversal,2943.3200000000006,1,3053.5349999999257,5.0,0.12000000000034561,-2.75
2025-02-24 16:50:00,2025-02-24 20:25:00,Long,2944.7616666666668,2948.17,20.449999999999818,SL Hit,2948.17,6,3073.9849999999255,215.0,-4.161666666666861,4.898333333333085
2025-02-24 23:05:00,2025-02-24 23:10:00,Long,2951.2,2950.3750000000005,-0.8249999999993634,SL Hit,2950.3750000000005,1,3073.159999999926,5.0,-2.0,1.6100000000001273
2025-02-25 01:05:00,2025-02-25 01:35:00,Long,2949.62,2948.4925000000003,-1.1274999999995998,SL Hit,2948.4925000000003,1,3072.0324999999266,30.0,-4.0,2.5399999999999636
2025-02-25 02:50:00,2025-02-25 05:10:00,Short,2945.283333333333,2938.71,19.719999999998436,SL Hit,2938.71,3,3091.752499999925,140.0,4.076666666667279,-10.043333333333067
2025-02-25 06:00:00,2025-02-25 06:05:00,Short,2937.64,2937.64,0.0,SL Hit,2937.64,1,3091.752499999925,5.0,0.07000000000016371,-0.8299999999999272
2025-02-25 06:10:00,2025-02-25 06:20:00,Short,2937.18,2938.1975000000007,-1.0175000000008367,SL Hit,2938.1975000000007,1,3090.734999999924,10.0,1.050000000000182,-1.069999999999709
2025-02-25 06:25:00,2025-02-25 07:10:00,Short,2936.3450000000003,2938.23,-3.769999999999527,SL Hit,2938.23,2,3086.9649999999247,45.0,3.694999999999709,-2.6450000000004366
2025-02-25 10:05:00,2025-02-25 10:10:00,Short,2937.89,2938.4400000000005,-0.5500000000006366,SL Hit,2938.4400000000005,1,3086.414999999924,5.0,1.680000000000291,-0.5
2025-02-25 11:05:00,2025-02-25 11:25:00,Short,2938.875,2939.79,-1.8299999999999272,SL Hit,2939.79,2,3084.584999999924,20.0,1.1350000000002183,-0.45499999999992724
2025-02-25 15:15:00,2025-02-25 17:15:00,Short,2906.145,2897.44,34.81999999999971,SL Hit,2897.44,4,3119.404999999924,120.0,21.865000000000236,-15.934999999999945
2025-02-25 17:20:00,2025-02-25 23:20:00,Long,2908.6099999999997,2913.59,24.900000000002365,SL Hit,2913.59,5,3144.304999999926,360.0,-12.399999999999636,8.44000000000051
2025-02-25 23:25:00,2025-02-25 23:30:00,Short,2914.27,2914.27,0.0,SL Hit,2914.27,1,3144.304999999926,5.0,1.0300000000002,-1.3699999999998909
2025-02-25 23:40:00,2025-02-26 00:55:00,Long,2919.1800000000003,2923.5,8.639999999999418,SL Hit,2923.5,2,3152.9449999999256,75.0,-4.2800000000002,6.5099999999997635
2025-02-26 01:20:00,2025-02-26 01:40:00,Long,2925.14,2923.8199999999997,-1.3200000000001637,SL Hit,2923.8199999999997,1,3151.6249999999254,20.0,-2.2399999999997817,4.75
2025-02-26 04:00:00,2025-02-26 04:55:00,Short,2914.6133333333332,2915.47,-2.569999999999709,SL Hit,2915.47,3,3149.0549999999257,55.0,3.486666666666679,-2.413333333333412
2025-02-26 05:00:00,2025-02-26 06:00:00,Long,2916.206666666667,2914.92,-3.860000000000582,SL Hit,2914.92,3,3145.194999999925,60.0,-1.5566666666668425,4.673333333333176
2025-02-26 06:45:00,2025-02-26 07:10:00,Short,2908.53,2910.482499999999,-1.9524999999989632,SL Hit,2910.482499999999,1,3143.242499999926,25.0,4.079999999999927,-2.4900000000002365
2025-02-26 14:35:00,2025-02-26 14:45:00,Short,2894.63,2896.115,-1.4849999999996726,SL Hit,2896.115,1,3141.7574999999265,10.0,8.269999999999982,-2.980000000000018
2025-02-26 15:55:00,2025-02-26 16:25:00,Long,2912.45,2911.03,-2.839999999999236,SL Hit,2911.03,2,3138.9174999999273,30.0,-1.849999999999909,4.0300000000002
2025-02-26 16:30:00,2025-02-26 16:35:00,Short,2911.78,2914.3925,-2.612499999999727,SL Hit,2914.3925,1,3136.3049999999275,5.0,2.9399999999996,-0.8800000000001091
2025-02-26 19:25:00,2025-02-26 19:35:00,Long,2915.49,2915.49,0.0,SL Hit,2915.49,1,3136.3049999999275,10.0,-0.9899999999997817,0.43000000000029104
2025-02-26 20:10:00,2025-02-26 20:25:00,Short,2913.91,2914.8174999999997,-0.9074999999997999,SL Hit,2914.8174999999997,1,3135.3974999999277,15.0,2.0399999999999636,-1.8799999999996544
2025-02-27 01:15:00,2025-02-27 01:20:00,Short,2915.3,2915.3,0.0,SL Hit,2915.3,1,3135.3974999999277,5.0,0.04999999999972715,-2.600000000000364
2025-02-27 01:40:00,2025-02-27 01:55:00,Long,2915.75,2912.8,-5.899999999999636,SL Hit,2912.8,2,3129.497499999928,15.0,-5.25,1.5900000000001455
2025-02-27 03:55:00,2025-02-27 06:05:00,Short,2900.89,2894.44,19.349999999999454,SL Hit,2894.44,3,3148.8474999999275,130.0,5.950000000000273,-12.019999999999982
2025-02-27 08:20:00,2025-02-27 09:10:00,Short,2885.73,2885.01,1.4399999999995998,SL Hit,2885.01,2,3150.287499999927,50.0,2.380000000000109,-8.5
2025-02-27 20:05:00,2025-02-27 21:25:00,Short,2876.036666666667,2875.91,0.38000000000101863,SL Hit,2875.91,3,3150.667499999928,80.0,2.5233333333330847,-4.66666666666697
2025-02-27 23:25:00,2025-02-27 23:30:00,Short,2876.02,2876.02,0.0,SL Hit,2876.02,1,3150.667499999928,5.0,0.07999999999992724,-1.2199999999998
2025-02-28 00:05:00,2025-02-28 00:15:00,Short,2875.56,2875.56,0.0,SL Hit,2875.56,1,3150.667499999928,10.0,1.0399999999999636,-0.6599999999998545
2025-02-28 03:40:00,2025-02-28 05:15:00,Short,2864.8266666666664,2864.65,0.5299999999988358,SL Hit,2864.65,3,3151.197499999927,95.0,3.5733333333337214,-7.316666666666151
2025-02-28 08:10:00,2025-02-28 08:55:00,Short,2856.5,2856.67,-0.3400000000001455,SL Hit,2856.67,2,3150.857499999927,45.0,2.3600000000001273,-5.429999999999836
2025-02-28 09:00:00,2025-02-28 11:10:00,Long,2861.5280000000002,2862.15,3.109999999999218,SL Hit,2862.15,5,3153.967499999926,130.0,-5.298000000000229,3.131999999999607
2025-02-28 11:15:00,2025-02-28 12:00:00,Short,2862.68,2862.845,-0.16499999999996362,SL Hit,2862.845,1,3153.802499999926,45.0,2.050000000000182,-3.5799999999999272
2025-02-28 12:05:00,2025-02-28 12:10:00,Long,2864.09,2862.4950000000003,-1.5949999999998,SL Hit,2862.4950000000003,1,3152.2074999999263,5.0,-3.1600000000003092,0.4800000000000182
2025-02-28 13:35:00,2025-02-28 15:25:00,Short,2849.4449999999997,2841.56,31.539999999999054,SL Hit,2841.56,4,3183.7474999999254,110.0,8.605000000000473,-16.644999999999527
2025-02-28 16:50:00,2025-02-28 18:15:00,Short,2846.7966666666666,2845.73,3.199999999999818,SL Hit,2845.73,3,3186.947499999925,85.0,4.553333333333285,-4.60666666666657
2025-02-28 18:45:00,2025-02-28 19:15:00,Long,2846.31,2844.92,-2.7799999999997453,SL Hit,2844.92,2,3184.1674999999254,30.0,-1.6900000000000546,1.2800000000002
2025-03-03 01:20:00,2025-03-03 02:45:00,Long,2869.3866666666668,2869.16,-0.6800000000007458,SL Hit,2869.16,3,3183.4874999999247,85.0,-2.1366666666667697,2.3433333333332484
2025-03-03 02:55:00,2025-03-03 07:00:00,Short,2866.5299999999997,2865.75,3.1199999999989814,SL Hit,2865.75,4,3186.6074999999237,245.0,3.2800000000002,-6.139999999999873
2025-03-03 08:10:00,2025-03-03 08:20:00,Long,2863.56,2862.5699999999997,-0.9900000000002365,SL Hit,2862.5699999999997,1,3185.6174999999234,10.0,-3.1399999999998727,1.3099999999999454
2025-03-03 08:45:00,2025-03-03 13:00:00,Long,2870.911666666667,2874.54,21.769999999998618,SL Hit,2874.54,6,3207.387499999922,255.0,-6.561666666666952,6.148333333333085
2025-03-03 15:05:00,2025-03-03 15:20:00,Short,2880.03,2883.33,-3.299999999999727,SL Hit,2883.33,1,3204.0874999999223,15.0,6.669999999999618,-1.5400000000004184
2025-03-03 16:40:00,2025-03-03 17:20:00,Long,2891.255,2890.0,-2.5100000000002183,SL Hit,2890.0,2,3201.577499999922,40.0,-2.7650000000003274,1.5050000000001091
2025-03-03 21:55:00,2025-03-04 00:10:00,Short,2892.8450000000003,2892.9,-0.10999999999967258,SL Hit,2892.9,2,3201.4674999999224,135.0,0.37499999999954525,-3.0450000000000728
2025-03-04 02:35:00,2025-03-04 03:15:00,Short,2886.625,2888.61,-3.9700000000002547,SL Hit,2888.61,2,3197.497499999922,40.0,5.244999999999891,-1.7449999999998909
2025-03-04 05:20:00,2025-03-04 05:30:00,Long,2892.4,2891.272499999999,-1.127500000000964,SL Hit,2891.272499999999,1,3196.369999999921,10.0,-1.2000000000002728,1.6199999999998909
2025-03-04 06:10:00,2025-03-04 07:10:00,Short,2888.2799999999997,2889.71,-2.860000000000582,SL Hit,2889.71,2,3193.5099999999206,60.0,3.2800000000002,-3.649999999999636
2025-03-04 09:25:00,2025-03-04 09:40:00,Long,2918.17,2917.2899999999995,-0.8800000000005639,SL Hit,2917.2899999999995,1,3192.62999999992,15.0,-1.3299999999999272,2.9299999999998363
2025-03-04 10:35:00,2025-03-04 10:40:00,Short,2913.8,2914.899999999999,-1.0999999999989996,SL Hit,2914.899999999999,1,3191.529999999921,5.0,1.9600000000000364,-1.1000000000003638
2025-03-04 16:15:00,2025-03-04 16:35:00,Short,2908.7200000000003,2909.49,-1.5399999999990541,SL Hit,2909.49,2,3189.989999999922,20.0,1.449999999999818,-1.6300000000001091
2025-03-05 00:10:00,2025-03-05 00:25:00,Short,2914.08,2915.7299999999996,-1.6499999999996362,SL Hit,2915.7299999999996,1,3188.3399999999224,15.0,2.5,-0.4899999999997817
2025-03-05 03:10:00,2025-03-05 07:50:00,Long,2911.9725000000003,2914.51,20.299999999999272,SL Hit,2914.51,8,3208.6399999999217,280.0,-6.782500000000255,9.317499999999654
2025-03-05 09:10:00,2025-03-05 09:15:00,Long,2918.78,2918.2025000000003,-0.5774999999998727,SL Hit,2918.2025000000003,1,3208.062499999922,5.0,-0.9100000000003092,1.1299999999996544
2025-03-05 12:10:00,2025-03-05 12:40:00,Long,2915.78,2914.79,-0.9900000000002365,SL Hit,2914.79,1,3207.0724999999215,30.0,-1.8100000000004002,3.230000000000018
2025-03-05 13:05:00,2025-03-05 14:30:00,Short,2909.9533333333334,2905.97,11.950000000000728,SL Hit,2905.97,3,3219.0224999999223,85.0,5.576666666666824,-15.353333333333467
2025-03-05 16:45:00,2025-03-05 16:55:00,Long,2927.205,2925.94,-2.5299999999997453,SL Hit,2925.94,2,3216.4924999999225,10.0,-4.355000000000018,1.625
2025-03-05 18:30:00,2025-03-05 21:00:00,Long,2919.196,2921.26,10.320000000001528,SL Hit,2921.26,5,3226.812499999924,150.0,-5.435999999999694,3.5840000000002874
2025-03-06 00:45:00,2025-03-06 01:10:00,Short,2917.92,2917.92,0.0,SL Hit,2917.92,1,3226.812499999924,25.0,0.6700000000000728,-1.9200000000000728
2025-03-06 01:35:00,2025-03-06 03:05:00,Long,2922.2099999999996,2923.11,2.700000000001637,SL Hit,2923.11,3,3229.5124999999257,90.0,-2.8599999999996726,4.140000000000327
2025-03-06 03:25:00,2025-03-06 05:30:00,Short,2920.83,2917.78,12.199999999998909,SL Hit,2917.78,4,3241.7124999999246,125.0,3.5399999999999636,-6.319999999999709
2025-03-06 09:00:00,2025-03-06 10:50:00,Short,2902.035,2903.85,-7.260000000000218,SL Hit,2903.85,4,3234.4524999999244,110.0,2.775000000000091,-10.074999999999818
2025-03-06 12:40:00,2025-03-06 13:05:00,Short,2902.64,2904.4275000000002,-1.7875000000003638,SL Hit,2904.4275000000002,1,3232.664999999924,25.0,3.200000000000273,-3.199999999999818
2025-03-06 14:05:00,2025-03-06 17:50:00,Long,2914.818571428572,2917.3,17.369999999998072,SL Hit,2917.3,7,3250.034999999922,225.0,-9.808571428571668,6.901428571427914
2025-03-06 19:25:00,2025-03-06 19:40:00,Short,2914.23,2914.5875000000005,-0.3575000000005275,SL Hit,2914.5875000000005,1,3249.6774999999216,15.0,0.5,-1.699999999999818
2025-03-06 22:00:00,2025-03-06 23:55:00,Long,2911.2566666666667,2909.7,-4.6700000000005275,SL Hit,2909.7,3,3245.007499999921,115.0,-1.9566666666664787,2.0033333333335577
2025-03-07 00:00:00,2025-03-07 00:40:00,Short,2906.28,2905.04,2.480000000000473,SL Hit,2905.04,2,3247.4874999999215,40.0,3.7199999999998,-8.900000000000091
2025-03-07 07:10:00,2025-03-07 07:25:00,Long,2912.8599999999997,2911.72,-2.2799999999997453,SL Hit,2911.72,2,3245.2074999999218,15.0,-1.2599999999997635,1.4600000000004911
2025-03-07 11:20:00,2025-03-07 11:50:00,Long,2920.29,2918.2825,-2.0075000000001637,SL Hit,2918.2825,1,3243.1999999999216,30.0,-3.519999999999982,0.6300000000001091
2025-03-07 12:20:00,2025-03-07 13:00:00,Long,2919.87,2918.38,-2.9799999999995634,SL Hit,2918.38,2,3240.219999999922,40.0,-2.6399999999998727,2.700000000000273
2025-03-07 13:40:00,2025-03-07 13:55:00,Long,2920.41,2914.1125,-6.297499999999673,SL Hit,2914.1125,1,3233.9224999999224,15.0,-6.829999999999927,2.8700000000003456
2025-03-07 16:50:00,2025-03-07 18:50:00,Short,2910.5750000000003,2907.83,16.470000000002074,SL Hit,2907.83,6,3250.3924999999244,120.0,7.944999999999709,-8.305000000000291
2025-03-07 19:55:00,2025-03-07 20:00:00,Short,2906.23,2906.5599999999995,-0.3299999999994725,SL Hit,2906.5599999999995,1,3250.062499999925,5.0,0.6399999999998727,-1.9099999999998545
2025-03-07 21:50:00,2025-03-07 21:55:00,Long,2911.4,2909.6,-3.600000000000364,SL Hit,2909.6,2,3246.4624999999246,5.0,-4.260000000000218,0.819999999999709
2025-03-09 23:55:00,2025-03-10 00:00:00,Long,2916.14,2913.830000000001,-2.309999999999036,SL Hit,2913.830000000001,1,3244.1524999999256,5.0,-2.5399999999999636,0.5199999999999818
2025-03-10 00:05:00,2025-03-10 00:20:00,Long,2916.24,2913.6,-5.279999999999745,SL Hit,2913.6,2,3238.872499999926,15.0,-2.6399999999998727,1.580000000000382
2025-03-10 00:45:00,2025-03-10 01:00:00,Short,2914.82,2915.5075,-0.6875,SL Hit,2915.5075,1,3238.184999999926,15.0,1.5399999999999636,-2.1200000000003456
2025-03-10 01:10:00,2025-03-10 01:30:00,Long,2917.03,2913.6475,-3.3825000000001637,SL Hit,2913.6475,1,3234.8024999999257,20.0,-3.950000000000273,0.7699999999999818
2025-03-10 01:50:00,2025-03-10 02:40:00,Short,2913.025,2913.85,-1.6499999999996362,SL Hit,2913.85,2,3233.152499999926,50.0,1.2849999999998545,-3.355000000000018
2025-03-10 05:00:00,2025-03-10 05:15:00,Short,2910.18,2911.6375000000003,-1.4575000000004366,SL Hit,2911.6375000000003,1,3231.6949999999256,15.0,1.5599999999999454,-1.0
2025-03-10 06:40:00,2025-03-10 06:45:00,Long,2912.2,2910.8525000000004,-1.3474999999993997,SL Hit,2910.8525000000004,1,3230.347499999926,5.0,-1.3999999999996362,0.580000000000382
2025-03-10 08:25:00,2025-03-10 09:05:00,Short,2901.755,2904.4,-5.289999999999964,SL Hit,2904.4,2,3225.057499999926,40.0,4.005000000000109,-5.075000000000273
2025-03-10 11:25:00,2025-03-10 11:50:00,Short,2900.045,2902.29,-4.489999999999782,SL Hit,2902.29,2,3220.5674999999264,25.0,3.6549999999997453,-3.9650000000001455
2025-03-10 12:35:00,2025-03-10 12:45:00,Long,2905.37,2904.9300000000003,-0.4399999999995998,SL Hit,2904.9300000000003,1,3220.127499999927,10.0,-1.5099999999997635,1.5300000000002
2025-03-10 13:05:00,2025-03-10 13:20:00,Long,2906.52,2903.825,-2.6950000000001637,SL Hit,2903.825,1,3217.4324999999267,15.0,-2.869999999999891,1.349999999999909
2025-03-10 20:55:00,2025-03-10 22:10:00,Long,2887.595,2886.7,-1.7899999999999636,SL Hit,2886.7,2,3215.6424999999267,75.0,-1.3949999999999818,2.225000000000364
2025-03-10 22:20:00,2025-03-11 00:10:00,Short,2885.4233333333336,2885.63,-0.6199999999994361,SL Hit,2885.63,3,3215.0224999999273,110.0,2.116666666666333,-3.7233333333338123
2025-03-11 01:35:00,2025-03-11 03:20:00,Long,2893.7033333333334,2896.14,7.309999999999491,SL Hit,2896.14,3,3222.3324999999268,105.0,-5.793333333333521,6.036666666666406
2025-03-11 03:25:00,2025-03-11 03:40:00,Short,2896.72,2896.72,0.0,SL Hit,2896.72,1,3222.3324999999268,15.0,0.06000000000040018,-1.6299999999996544
2025-03-11 04:20:00,2025-03-11 05:10:00,Long,2897.29,2896.91,-0.7600000000002183,SL Hit,2896.91,2,3221.5724999999265,50.0,-1.1900000000000546,1.300000000000182
2025-03-11 09:55:00,2025-03-11 10:20:00,Long,2911.66,2910.9450000000006,-0.714999999999236,SL Hit,2910.9450000000006,1,3220.8574999999273,25.0,-0.9600000000000364,1.4700000000002547
2025-03-11 11:40:00,2025-03-11 12:15:00,Long,2913.17,2912.015,-1.1550000000002,SL Hit,2912.015,1,3219.702499999927,35.0,-2.430000000000291,1.9299999999998363
2025-03-11 12:40:00,2025-03-11 13:05:00,Long,2914.48,2909.5849999999996,-4.895000000000437,Bearish Trade Reversal,2909.5849999999996,1,3214.8074999999267,25.0,-6.7800000000002,0.9499999999998181
2025-03-11 13:05:00,2025-03-11 13:30:00,Short,2910.01,2912.3199999999993,-2.309999999999036,SL Hit,2912.3199999999993,1,3212.4974999999276,25.0,4.5099999999997635,-2.8400000000001455
2025-03-11 17:10:00,2025-03-11 17:25:00,Long,2918.99,2915.67,-6.639999999999418,SL Hit,2915.67,2,3205.857499999928,15.0,-4.949999999999818,1.0200000000004366
2025-03-11 18:55:00,2025-03-11 19:00:00,Long,2917.84,2917.84,0.0,SL Hit,2917.84,1,3205.857499999928,5.0,-0.2899999999999636,0.9899999999997817
2025-03-11 23:00:00,2025-03-11 23:50:00,Long,2917.06,2915.7,-2.7200000000002547,SL Hit,2915.7,2,3203.137499999928,50.0,-1.5799999999999272,2.3400000000001455
2025-03-12 03:50:00,2025-03-12 05:35:00,Short,2914.9499999999994,2913.97,2.9399999999986903,SL Hit,2913.97,3,3206.0774999999267,105.0,2.0200000000004366,-2.8499999999994543
2025-03-12 05:40:00,2025-03-12 06:40:00,Long,2913.7,2913.7,0.0,SL Hit,2913.7,1,3206.0774999999267,60.0,-1.1599999999998545,6.910000000000309
2025-03-12 07:25:00,2025-03-12 07:30:00,Short,2911.98,2911.98,0.0,SL Hit,2911.98,1,3206.0774999999267,5.0,1.5300000000002,-1.6399999999998727
2025-03-12 07:40:00,2025-03-12 09:35:00,Long,2916.02,2918.46,4.880000000000109,SL Hit,2918.46,2,3210.9574999999268,115.0,-4.389999999999873,8.990000000000236
2025-03-12 11:35:00,2025-03-12 11:40:00,Short,2915.2,2917.8675000000003,-2.667500000000473,Bullish Trade Reversal,2917.8675000000003,1,3208.2899999999263,5.0,0.9700000000002547,-0.5899999999996908
2025-03-12 11:40:00,2025-03-12 12:00:00,Long,2914.7100000000005,2914.55,-0.4800000000009277,SL Hit,2914.55,3,3207.8099999999254,20.0,-0.45000000000027285,1.7599999999993088
2025-03-12 14:40:00,2025-03-12 18:20:00,Long,2926.556666666667,2933.98,22.269999999999527,SL Hit,2933.98,3,3230.079999999925,220.0,-9.856666666667024,13.603333333333012
2025-03-12 19:30:00,2025-03-12 20:35:00,Short,2932.4449999999997,2933.02,-1.1500000000005457,SL Hit,2933.02,2,3228.9299999999243,65.0,2.1550000000002,-1.7349999999996726
2025-03-13 00:25:00,2025-03-13 01:50:00,Long,2938.2000000000003,2936.6,-4.800000000001091,SL Hit,2936.6,3,3224.1299999999233,85.0,-1.7100000000004911,2.8599999999996726
2025-03-13 01:55:00,2025-03-13 02:05:00,Short,2938.32,2939.585,-1.2649999999998727,SL Hit,2939.585,1,3222.8649999999234,10.0,1.6299999999996544,-0.7699999999999818
2025-03-13 06:05:00,2025-03-13 06:15:00,Short,2938.66,2938.66,0.0,SL Hit,2938.66,1,3222.8649999999234,10.0,0.1000000000003638,-3.269999999999982
2025-03-13 07:05:00,2025-03-13 08:05:00,Short,2935.605,2936.74,-2.269999999999527,SL Hit,2936.74,2,3220.594999999924,60.0,1.8150000000000546,-2.5949999999998
2025-03-13 10:40:00,2025-03-13 10:45:00,Short,2943.62,2943.62,0.0,SL Hit,2943.62,1,3220.594999999924,5.0,0.4600000000000364,-1.3099999999999454
2025-03-13 10:50:00,2025-03-13 11:00:00,Short,2944.31,2944.31,0.0,SL Hit,2944.31,1,3220.594999999924,10.0,1.4800000000000182,-0.9099999999998545
2025-03-13 12:20:00,2025-03-13 13:30:00,Short,2946.3,2945.26,2.0799999999999272,SL Hit,2945.26,2,3222.674999999924,70.0,1.5499999999997272,-5.8100000000004
2025-03-13 17:10:00,2025-03-13 17:25:00,Short,2977.23,2980.145,-2.9149999999999636,SL Hit,2980.145,1,3219.759999999924,15.0,2.9699999999998,-0.8299999999999272
2025-03-13 19:45:00,2025-03-13 20:15:00,Long,2982.6099999999997,2981.09,-3.039999999999054,SL Hit,2981.09,2,3216.7199999999248,30.0,-1.519999999999527,2.100000000000364
2025-03-14 00:40:00,2025-03-14 00:55:00,Short,2985.1,2986.8049999999994,-1.7049999999994725,SL Hit,2986.8049999999994,1,3215.0149999999253,15.0,2.8899999999998727,-1.2999999999997272
2025-03-14 01:05:00,2025-03-14 01:25:00,Long,2988.105,2984.7,-6.8100000000004,SL Hit,2984.7,2,3208.204999999925,20.0,-4.9050000000002,1.574999999999818
2025-03-14 01:40:00,2025-03-14 02:30:00,Long,2986.9399999999996,2986.09,-3.399999999997817,SL Hit,2986.09,4,3204.804999999927,50.0,-1.9399999999995998,1.330000000000382
2025-03-14 03:45:00,2025-03-14 04:50:00,Long,2987.86,2987.4749999999995,-0.385000000000673,SL Hit,2987.4749999999995,1,3204.4199999999264,65.0,-1.599999999999909,5.75
2025-03-14 06:25:00,2025-03-14 06:35:00,Short,2982.7,2983.0300000000007,-0.33000000000083674,SL Hit,2983.0300000000007,1,3204.0899999999256,10.0,0.7600000000002183,-1.5799999999999272
2025-03-14 06:55:00,2025-03-14 07:00:00,Long,2985.21,2985.21,0.0,SL Hit,2985.21,1,3204.0899999999256,5.0,-0.9600000000000364,0.7199999999997999
2025-03-14 12:15:00,2025-03-14 12:20:00,Long,2997.6,2997.6,0.0,SL Hit,2997.6,1,3204.0899999999256,5.0,-0.7599999999997635,1.2000000000002728
2025-03-14 14:15:00,2025-03-14 14:20:00,Long,2990.29,2989.4375,-0.8524999999999636,SL Hit,2989.4375,1,3203.2374999999256,5.0,-1.5799999999999272,1.8800000000001091
2025-03-14 19:30:00,2025-03-14 20:35:00,Short,2983.1333333333337,2983.37,-0.7099999999986721,SL Hit,2983.37,3,3202.527499999927,65.0,2.8266666666663696,-1.9333333333338487
2025-03-16 22:05:00,2025-03-16 22:10:00,Short,2986.91,2986.91,0.0,SL Hit,2986.91,1,3202.527499999927,5.0,2.6700000000000728,-1.2699999999999818
2025-03-16 22:50:00,2025-03-17 00:10:00,Long,2989.51,2988.4,-3.330000000000382,SL Hit,2988.4,3,3199.1974999999265,80.0,-2.5100000000002183,4.229999999999563
2025-03-17 00:45:00,2025-03-17 00:55:00,Short,2989.09,2989.9149999999995,-0.8249999999993634,SL Hit,2989.9149999999995,1,3198.372499999927,10.0,1.4299999999998363,-1.4900000000002365
2025-03-17 01:05:00,2025-03-17 02:05:00,Long,2990.6633333333334,2990.2,-1.3900000000007822,SL Hit,2990.2,3,3196.9824999999264,60.0,-1.9433333333336122,1.966666666666697
2025-03-17 03:15:00,2025-03-17 03:35:00,Short,2986.8,2988.0924999999997,-1.2924999999995634,SL Hit,2988.0924999999997,1,3195.689999999927,20.0,1.5399999999999636,-0.8400000000001455
2025-03-17 03:45:00,2025-03-17 04:00:00,Short,2986.76,2987.5025,-0.7424999999998363,SL Hit,2987.5025,1,3194.947499999927,15.0,0.7899999999999636,-0.7600000000002183
2025-03-17 07:25:00,2025-03-17 08:35:00,Short,2986.315,2986.51,-0.3900000000003274,SL Hit,2986.51,2,3194.5574999999267,70.0,2.0850000000000364,-3.1150000000002365
2025-03-17 13:00:00,2025-03-17 13:30:00,Short,2988.0299999999997,2990.4,-4.740000000000691,SL Hit,2990.4,2,3189.817499999926,30.0,2.6900000000000546,-1.7999999999997272
2025-03-17 17:15:00,2025-03-17 17:20:00,Long,2996.94,2996.94,0.0,SL Hit,2996.94,1,3189.817499999926,5.0,-0.44000000000005457,1.3600000000001273
2025-03-17 19:35:00,2025-03-17 19:45:00,Short,2998.71,2998.71,0.0,SL Hit,2998.71,1,3189.817499999926,10.0,0.4099999999998545,-1.1799999999998363
2025-03-17 20:50:00,2025-03-17 22:00:00,Long,3001.07,3000.3549999999996,-0.7150000000006003,SL Hit,3000.3549999999996,1,3189.1024999999254,70.0,-1.3700000000003456,0.1299999999996544
2025-03-18 00:10:00,2025-03-18 00:20:00,Short,3000.95,3001.96,-2.0200000000004366,SL Hit,3001.96,2,3187.082499999925,10.0,1.400000000000091,-1.6499999999996362
2025-03-18 01:40:00,2025-03-18 05:15:00,Long,3006.186666666667,3010.19,12.009999999999309,SL Hit,3010.19,3,3199.0924999999243,215.0,-3.6866666666669516,10.36333333333323
2025-03-18 08:05:00,2025-03-18 09:50:00,Long,3019.875,3019.47,-0.8100000000004002,SL Hit,3019.47,2,3198.282499999924,105.0,-1.7950000000000728,8.394999999999982
2025-03-18 11:30:00,2025-03-18 13:30:00,Long,3030.1150000000002,3033.6,13.93999999999869,SL Hit,3033.6,4,3212.2224999999225,120.0,-6.065000000000055,7.574999999999818
2025-03-18 13:35:00,2025-03-18 15:20:00,Short,3029.69,3030.21,-2.599999999999909,SL Hit,3030.21,5,3209.6224999999226,105.0,7.279999999999745,-4.9900000000002365
2025-03-18 17:20:00,2025-03-18 18:00:00,Short,3033.245,3033.16,0.17000000000007276,SL Hit,3033.16,2,3209.7924999999227,40.0,1.7049999999999272,-3.4649999999996908
2025-03-18 20:20:00,2025-03-18 20:25:00,Short,3034.29,3034.7299999999996,-0.4399999999995998,SL Hit,3034.7299999999996,1,3209.352499999923,5.0,0.4800000000000182,-0.4600000000000364
2025-03-19 01:10:00,2025-03-19 02:00:00,Short,3029.63,3029.69,-0.11999999999989086,SL Hit,3029.69,2,3209.232499999923,50.0,1.6199999999998909,-2.130000000000109
2025-03-19 02:10:00,2025-03-19 02:25:00,Long,3029.84,3029.84,0.0,SL Hit,3029.84,1,3209.232499999923,15.0,-0.03999999999996362,1.9800000000000182
2025-03-19 02:40:00,2025-03-19 06:20:00,Long,3036.4880000000003,3036.98,2.459999999998672,SL Hit,3036.98,5,3211.692499999922,220.0,-4.278000000000247,8.471999999999753
2025-03-19 06:25:00,2025-03-19 06:45:00,Short,3036.94,3040.3775,-3.4375,SL Hit,3040.3775,1,3208.254999999922,20.0,4.7599999999997635,-2.4400000000000546
2025-03-19 08:05:00,2025-03-19 10:15:00,Short,3032.89,3031.13,5.279999999999291,SL Hit,3031.13,3,3213.534999999921,130.0,3.2899999999999636,-9.11999999999989
2025-03-19 13:10:00,2025-03-19 15:05:00,Short,3032.72,3031.66,4.239999999999782,SL Hit,3031.66,4,3217.774999999921,115.0,3.4600000000000364,-6.059999999999945
2025-03-19 15:10:00,2025-03-19 17:15:00,Long,3031.6575,3031.4,-1.0299999999988358,SL Hit,3031.4,4,3216.744999999922,125.0,-2.857499999999618,6.252500000000055
2025-03-19 17:40:00,2025-03-19 18:00:00,Short,3031.31,3031.9425,-0.6325000000001637,SL Hit,3031.9425,1,3216.112499999922,20.0,5.789999999999964,-2.8099999999999454
2025-03-19 19:05:00,2025-03-19 19:15:00,Long,3046.44,3045.8075,-0.6325000000001637,SL Hit,3045.8075,1,3215.479999999922,10.0,-1.800000000000182,4.5900000000001455
2025-03-19 19:25:00,2025-03-19 19:30:00,Short,3043.0,3045.2275,-2.2274999999999636,SL Hit,3045.2275,1,3213.252499999922,5.0,2.6900000000000546,-0.9699999999997999
2025-03-19 22:55:00,2025-03-19 23:35:00,Long,3049.88,3047.8,-4.1599999999998545,SL Hit,3047.8,2,3209.092499999922,40.0,-2.0799999999999272,0.34999999999990905
2025-03-20 00:00:00,2025-03-20 01:55:00,Long,3053.186,3050.97,-11.080000000001746,SL Hit,3050.97,5,3198.0124999999202,115.0,-4.08600000000024,2.4039999999999964
2025-03-20 09:10:00,2025-03-20 09:45:00,Long,3042.63,3042.63,0.0,SL Hit,3042.63,1,3198.0124999999202,35.0,-1.3299999999999272,3.049999999999727
2025-03-20 11:40:00,2025-03-20 11:50:00,Short,3032.92,3032.92,0.0,SL Hit,3032.92,1,3198.0124999999202,10.0,2.0799999999999272,-2.180000000000291
2025-03-20 15:15:00,2025-03-20 15:20:00,Long,3039.45,3039.3675000000003,-0.08249999999952706,SL Hit,3039.3675000000003,1,3197.9299999999207,5.0,-0.1999999999998181,1.0600000000004002
2025-03-20 18:10:00,2025-03-20 20:10:00,Long,3043.7125,3043.9,0.75,SL Hit,3043.9,4,3198.6799999999207,120.0,-2.8025000000002365,2.067500000000109
2025-03-20 22:05:00,2025-03-20 22:50:00,Short,3044.0866666666666,3044.54,-1.3600000000001273,SL Hit,3044.54,3,3197.3199999999206,45.0,1.333333333333485,-1.9866666666666788
2025-03-20 23:35:00,2025-03-21 00:15:00,Long,3044.86,3043.1,-3.5200000000004366,SL Hit,3043.1,2,3193.79999999992,40.0,-2.180000000000291,2.3399999999996908
2025-03-21 00:20:00,2025-03-21 03:50:00,Short,3039.1783333333337,3032.08,42.590000000002874,SL Hit,3032.08,6,3236.389999999923,210.0,5.441666666666151,-9.248333333333903
2025-03-21 04:45:00,2025-03-21 06:10:00,Short,3030.45,3031.45,-2.0,SL Hit,3031.45,2,3234.389999999923,85.0,1.9700000000002547,-8.609999999999673
2025-03-21 06:15:00,2025-03-21 06:25:00,Long,3030.58,3030.3875000000007,-0.19249999999919964,SL Hit,3030.3875000000007,1,3234.197499999924,10.0,-0.5799999999999272,0.9700000000002547
2025-03-21 07:35:00,2025-03-21 07:40:00,Long,3031.88,3030.752499999999,-1.127500000000964,SL Hit,3030.752499999999,1,3233.069999999923,5.0,-1.6100000000001273,0.4499999999998181
2025-03-21 09:35:00,2025-03-21 09:55:00,Short,3029.39,3029.9674999999997,-0.5774999999998727,SL Hit,3029.9674999999997,1,3232.492499999923,20.0,0.5799999999999272,-0.8899999999998727
2025-03-21 12:15:00,2025-03-21 13:00:00,Long,3034.65,3033.58,-2.1400000000003274,SL Hit,3033.58,2,3230.3524999999227,45.0,-1.3600000000001273,2.949999999999818
2025-03-21 13:05:00,2025-03-21 14:40:00,Short,3026.476666666667,3009.24,51.7100000000014,SL Hit,3009.24,3,3282.062499999924,95.0,10.153333333333194,-27.056666666666843
2025-03-21 18:25:00,2025-03-21 19:00:00,Long,3017.08,3017.08,0.0,SL Hit,3017.08,1,3282.062499999924,35.0,-1.1100000000001273,3.869999999999891
2025-03-24 00:20:00,2025-03-24 01:30:00,Short,3021.52,3023.04,-3.0399999999999636,SL Hit,3023.04,2,3279.022499999924,70.0,2.4200000000000728,-4.380000000000109
2025-03-24 04:25:00,2025-03-24 04:40:00,Long,3017.28,3017.28,0.0,SL Hit,3017.28,1,3279.022499999924,15.0,-0.580000000000382,1.0
2025-03-24 05:05:00,2025-03-24 06:10:00,Long,3020.63,3020.24,-0.7800000000006548,SL Hit,3020.24,2,3278.2424999999234,65.0,-2.7899999999999636,1.9800000000000182
2025-03-24 06:35:00,2025-03-24 07:30:00,Long,3023.82,3024.2,1.1399999999989632,SL Hit,3024.2,3,3279.3824999999224,55.0,-2.25,4.809999999999945
2025-03-24 11:05:00,2025-03-24 12:15:00,Short,3027.98,3027.62,0.7200000000002547,SL Hit,3027.62,2,3280.1024999999227,70.0,0.9600000000000364,-3.8400000000001455
2025-03-24 16:40:00,2025-03-24 16:50:00,Short,3010.23,3010.23,0.0,SL Hit,3010.23,1,3280.1024999999227,10.0,0.6300000000001091,-2.199999999999818
2025-03-24 17:50:00,2025-03-24 19:10:00,Short,3006.81,3007.75,-1.8800000000001091,SL Hit,3007.75,2,3278.2224999999225,80.0,0.9500000000002728,-4.320000000000164
2025-03-24 20:00:00,2025-03-24 20:05:00,Long,3005.84,3005.5099999999993,-0.33000000000083674,SL Hit,3005.5099999999993,1,3277.8924999999217,5.0,-0.3400000000001455,1.099999999999909
2025-03-25 00:00:00,2025-03-25 00:05:00,Short,3009.7,3009.7549999999997,-0.05499999999983629,SL Hit,3009.7549999999997,1,3277.837499999922,5.0,1.0100000000002183,-0.4399999999995998
2025-03-25 11:15:00,2025-03-25 11:40:00,Long,3024.365,3023.3,-2.1299999999991996,SL Hit,3023.3,2,3275.7074999999227,25.0,-1.474999999999909,1.7650000000003274
2025-03-25 11:45:00,2025-03-25 13:10:00,Short,3022.89,3024.045,-1.1550000000002,SL Hit,3024.045,1,3274.5524999999225,85.0,1.9400000000000546,-7.9099999999998545
2025-03-25 13:35:00,2025-03-25 14:30:00,Long,3030.175,3026.8,-6.75,SL Hit,3026.8,2,3267.8024999999225,55.0,-5.345000000000255,5.3149999999996
2025-03-25 14:55:00,2025-03-25 16:40:00,Short,3024.4266666666667,3024.11,0.9499999999998181,SL Hit,3024.11,3,3268.7524999999223,105.0,4.213333333333139,-6.446666666666715
2025-03-25 16:45:00,2025-03-25 17:00:00,Long,3023.89,3023.0100000000007,-0.8799999999991996,SL Hit,3023.0100000000007,1,3267.872499999923,15.0,-2.069999999999709,1.6200000000003456
2025-03-25 17:25:00,2025-03-25 17:55:00,Short,3021.335,3022.33,-1.9899999999997817,SL Hit,3022.33,2,3265.8824999999233,30.0,1.3350000000000364,-1.5050000000001091
2025-03-25 19:40:00,2025-03-25 19:45:00,Long,3019.38,3019.2424999999994,-0.1375000000007276,SL Hit,3019.2424999999994,1,3265.7449999999226,5.0,-0.2800000000002001,1.0
2025-03-25 22:40:00,2025-03-25 23:00:00,Short,3020.635,3021.18,-1.089999999999236,SL Hit,3021.18,2,3264.6549999999233,20.0,0.5749999999998181,-1.2350000000001273
2025-03-25 23:05:00,2025-03-25 23:10:00,Long,3020.1,3020.1,0.0,SL Hit,3020.1,1,3264.6549999999233,5.0,-0.09999999999990905,1.2300000000000182
2025-03-25 23:30:00,2025-03-25 23:55:00,Long,3020.895,3019.8,-2.1899999999996,SL Hit,3019.8,2,3262.4649999999237,25.0,-1.0949999999998,0.5349999999998545
2025-03-26 03:05:00,2025-03-26 05:30:00,Short,3017.3050000000003,3016.03,5.100000000000364,SL Hit,3016.03,4,3267.564999999924,145.0,5.504999999999654,-4.005000000000109
2025-03-26 06:40:00,2025-03-26 06:50:00,Long,3024.19,3024.19,0.0,SL Hit,3024.19,1,3267.564999999924,10.0,-0.19000000000005457,1.6100000000001273
2025-03-26 08:45:00,2025-03-26 10:40:00,Short,3023.955,3023.46,0.9899999999997817,SL Hit,3023.46,2,3268.554999999924,115.0,2.675000000000182,-6.864999999999782
2025-03-26 12:35:00,2025-03-26 12:45:00,Short,3027.23,3028.5774999999994,-1.3474999999993997,SL Hit,3028.5774999999994,1,3267.2074999999245,10.0,2.769999999999982,-1.6900000000000546
2025-03-26 16:20:00,2025-03-26 16:40:00,Long,3017.67,3016.1574999999993,-1.5125000000007276,SL Hit,3016.1574999999993,1,3265.6949999999238,20.0,-1.8800000000001091,2.0799999999999272
2025-03-26 18:55:00,2025-03-26 20:00:00,Short,3018.075,3018.14,-0.13000000000010914,SL Hit,3018.14,2,3265.5649999999237,65.0,0.8450000000002547,-2.2549999999996544
2025-03-26 20:45:00,2025-03-26 20:50:00,Long,3019.95,3019.95,0.0,SL Hit,3019.95,1,3265.5649999999237,5.0,-0.8799999999996544,0.8400000000001455
2025-03-26 22:20:00,2025-03-26 22:25:00,Long,3020.54,3019.3025000000007,-1.2374999999992724,SL Hit,3019.3025000000007,1,3264.3274999999244,5.0,-1.2399999999997817,0.15999999999985448
2025-03-26 23:00:00,2025-03-26 23:10:00,Short,3019.22,3019.22,0.0,SL Hit,3019.22,1,3264.3274999999244,10.0,0.9500000000002728,-1.819999999999709
2025-03-26 23:40:00,2025-03-27 00:30:00,Long,3021.3900000000003,3022.23,1.6799999999993815,SL Hit,3022.23,2,3266.0074999999238,50.0,-2.0200000000004366,2.9999999999995453
2025-03-27 00:50:00,2025-03-27 01:40:00,Long,3025.33,3024.7,-1.2600000000002183,SL Hit,3024.7,2,3264.7474999999235,50.0,-2.3299999999999272,2.7100000000000364
2025-03-27 03:35:00,2025-03-27 05:10:00,Long,3032.9849999999997,3031.72,-5.059999999999491,SL Hit,3031.72,4,3259.687499999924,95.0,-2.2149999999996908,4.805000000000291
2025-03-27 05:50:00,2025-03-27 06:05:00,Short,3032.51,3032.51,0.0,SL Hit,3032.51,1,3259.687499999924,15.0,0.4299999999998363,-4.450000000000273
2025-03-27 12:35:00,2025-03-27 12:45:00,Short,3051.03,3051.03,0.0,SL Hit,3051.03,1,3259.687499999924,10.0,0.10999999999967258,-3.7800000000002
2025-03-27 16:45:00,2025-03-27 17:50:00,Short,3051.05,3052.08,-2.0599999999994907,SL Hit,3052.08,2,3257.6274999999246,65.0,1.8899999999998727,-3.1700000000000728
2025-03-27 18:30:00,2025-03-27 20:00:00,Long,3056.1800000000003,3056.29,0.32999999999901775,SL Hit,3056.29,3,3257.9574999999236,90.0,-1.4700000000002547,1.4399999999995998
2025-03-27 20:05:00,2025-03-27 20:50:00,Short,3056.435,3056.57,-0.27000000000043656,SL Hit,3056.57,2,3257.687499999923,45.0,0.6050000000000182,-2.3350000000000364
2025-03-27 23:00:00,2025-03-27 23:45:00,Short,3054.775,3054.9,-0.25,SL Hit,3054.9,2,3257.437499999923,45.0,1.1449999999999818,-1.0750000000002728
2025-03-28 06:35:00,2025-03-28 07:35:00,Long,3080.59,3080.425,-0.16499999999996362,SL Hit,3080.425,1,3257.272499999923,60.0,-0.18000000000029104,5.029999999999745
2025-03-28 07:55:00,2025-03-28 09:40:00,Short,3075.7033333333334,3074.06,4.930000000000291,SL Hit,3074.06,3,3262.2024999999235,105.0,4.85666666666657,-9.553333333333285
2025-03-28 11:00:00,2025-03-28 12:20:00,Long,3074.0,3073.64,-0.7200000000002547,SL Hit,3073.64,2,3261.482499999923,80.0,-2.699999999999818,5.300000000000182
2025-03-28 12:25:00,2025-03-28 12:30:00,Short,3076.08,3076.08,0.0,SL Hit,3076.08,1,3261.482499999923,5.0,1.9400000000000546,-2.049999999999727
2025-03-28 13:20:00,2025-03-28 13:25:00,Short,3074.06,3074.5275,-0.4675000000002001,SL Hit,3074.5275,1,3261.014999999923,5.0,2.7600000000002183,-1.8800000000001091
2025-03-28 17:15:00,2025-03-28 17:30:00,Long,3082.89,3080.3325000000004,-2.557499999999436,SL Hit,3080.3325000000004,1,3258.4574999999236,15.0,-2.6299999999996544,2.650000000000091
2025-03-28 19:45:00,2025-03-28 20:35:00,Long,3081.616666666667,3081.9,0.849999999999909,SL Hit,3081.9,3,3259.3074999999235,50.0,-1.1966666666667152,2.733333333333121
2025-03-28 20:55:00,2025-03-30 23:05:00,Long,3087.15,3087.5,0.6999999999998181,SL Hit,3087.5,2,3260.0074999999233,3010.0,-3.0,12.400000000000091
2025-03-31 04:25:00,2025-03-31 05:10:00,Long,3110.19,3107.495,-2.6950000000001637,SL Hit,3107.495,1,3257.312499999923,45.0,-2.7800000000002,5.2199999999998
2025-03-31 15:55:00,2025-03-31 16:00:00,Short,3115.29,3115.29,0.0,SL Hit,3115.29,1,3257.312499999923,5.0,1.5599999999999454,-1.7899999999999636
2025-03-31 16:35:00,2025-03-31 17:20:00,Long,3118.63,3117.38,-2.5,SL Hit,3117.38,2,3254.812499999923,45.0,-1.599999999999909,1.7199999999998
2025-03-31 18:15:00,2025-03-31 19:40:00,Long,3121.0,3121.18,0.7199999999993452,SL Hit,3121.18,4,3255.5324999999225,85.0,-1.7899999999999636,2.730000000000018
2025-03-31 20:10:00,2025-03-31 20:15:00,Long,3123.53,3123.2275,-0.30250000000023647,SL Hit,3123.2275,1,3255.2299999999223,5.0,-0.6600000000003092,0.5599999999999454
2025-03-31 23:10:00,2025-03-31 23:45:00,Long,3125.365,3123.7,-3.3299999999999272,SL Hit,3123.7,2,3251.8999999999223,35.0,-1.9949999999998909,0.8450000000002547
2025-03-31 23:50:00,2025-04-01 00:45:00,Short,3122.12,3126.21,-8.180000000000291,SL Hit,3126.21,2,3243.719999999922,55.0,5.130000000000109,-2.9200000000000728
2025-04-01 01:25:00,2025-04-01 01:30:00,Long,3131.96,3131.96,0.0,SL Hit,3131.96,1,3243.719999999922,5.0,-1.0199999999999818,1.8400000000001455
2025-04-01 01:40:00,2025-04-01 04:15:00,Long,3141.358571428572,3144.93,24.999999999995907,SL Hit,3144.93,7,3268.719999999918,155.0,-8.848571428571631,6.281428571428023
2025-04-01 04:20:00,2025-04-01 05:20:00,Short,3143.536666666667,3144.86,-3.9699999999998,SL Hit,3144.86,3,3264.749999999918,60.0,1.883333333333212,-2.3366666666670426
2025-04-01 07:30:00,2025-04-01 08:05:00,Short,3133.0,3133.0,0.0,SL Hit,3133.0,1,3264.749999999918,35.0,0.6199999999998909,-8.329999999999927
2025-04-01 08:55:00,2025-04-01 09:00:00,Short,3131.31,3131.31,0.0,SL Hit,3131.31,1,3264.749999999918,5.0,0.6700000000000728,-1.7999999999997272
2025-04-01 11:05:00,2025-04-01 11:15:00,Short,3132.33,3134.2825000000003,-1.9525000000003274,SL Hit,3134.2825000000003,1,3262.797499999918,10.0,2.880000000000109,-1.5
2025-04-01 11:20:00,2025-04-01 13:00:00,Short,3132.4249999999997,3133.83,-5.6200000000008,SL Hit,3133.83,4,3257.177499999917,100.0,2.355000000000473,-4.394999999999527
2025-04-01 17:20:00,2025-04-01 18:40:00,Long,3113.73,3114.22,1.4699999999993452,SL Hit,3114.22,3,3258.6474999999164,80.0,-3.8299999999999272,4.679999999999836
2025-04-01 18:50:00,2025-04-01 19:10:00,Short,3114.64,3114.64,0.0,SL Hit,3114.64,1,3258.6474999999164,20.0,0.34999999999990905,-1.0299999999997453
2025-04-01 22:10:00,2025-04-01 23:00:00,Short,3112.9599999999996,3113.18,-0.660000000000764,SL Hit,3113.18,3,3257.9874999999156,50.0,0.9400000000005093,-5.199999999999363
2025-04-02 06:25:00,2025-04-02 07:00:00,Long,3116.985,3114.7,-4.5700000000006185,SL Hit,3114.7,2,3253.417499999915,35.0,-3.125,1.7549999999996544
2025-04-02 09:35:00,2025-04-02 09:40:00,Short,3128.78,3128.9724999999994,-0.19249999999919964,SL Hit,3128.9724999999994,1,3253.224999999916,5.0,1.0199999999999818,-1.0600000000004002
2025-04-02 10:25:00,2025-04-02 12:25:00,Short,3124.53,3123.22,3.9300000000012005,SL Hit,3123.22,3,3257.154999999917,120.0,4.099999999999909,-13.700000000000273
2025-04-02 15:40:00,2025-04-02 17:20:00,Long,3127.885,3127.52,-0.7300000000004729,SL Hit,3127.52,2,3256.4249999999165,100.0,-3.2850000000003092,6.024999999999636
2025-04-02 23:45:00,2025-04-03 00:05:00,Long,3159.18,3159.18,0.0,SL Hit,3159.18,1,3256.4249999999165,20.0,-4.099999999999909,7.4900000000002365
2025-04-03 01:35:00,2025-04-03 01:50:00,Long,3155.28,3152.6124999999993,-2.6675000000009277,SL Hit,3152.6124999999993,1,3253.7574999999156,15.0,-4.440000000000055,6.7599999999997635
2025-04-03 06:05:00,2025-04-03 06:20:00,Long,3128.66,3126.872500000001,-1.7874999999989996,SL Hit,3126.872500000001,1,3251.9699999999166,15.0,-3.1799999999998363,3.2800000000002
2025-04-03 09:35:00,2025-04-03 13:35:00,Short,3102.0850000000005,3079.69,134.37000000000262,SL Hit,3079.69,6,3386.339999999919,240.0,26.41499999999951,-46.625000000000455
2025-04-03 16:10:00,2025-04-03 16:20:00,Long,3107.41,3104.67,-5.479999999999563,SL Hit,3104.67,2,3380.8599999999196,10.0,-6.4099999999998545,2.8299999999999272
2025-04-04 03:50:00,2025-04-04 06:30:00,Long,3100.282,3101.9,8.08999999999969,SL Hit,3101.9,5,3388.9499999999193,160.0,-7.632000000000062,8.867999999999938
2025-04-04 10:05:00,2025-04-04 10:10:00,Long,3093.86,3093.86,0.0,SL Hit,3093.86,1,3388.9499999999193,5.0,-0.5199999999999818,5.449999999999818
2025-04-04 10:25:00,2025-04-04 11:45:00,Long,3110.955,3105.53,-10.849999999999454,SL Hit,3105.53,2,3378.09999999992,80.0,-15.884999999999764,23.565000000000055
2025-04-04 11:50:00,2025-04-04 11:55:00,Short,3108.6,3108.6,0.0,SL Hit,3108.6,1,3378.09999999992,5.0,3.25,-3.119999999999891
2025-04-04 12:10:00,2025-04-04 16:15:00,Short,3061.8233333333333,3025.53,217.7599999999984,SL Hit,3025.53,6,3595.8599999999183,245.0,39.17666666666673,-44.39333333333343
2025-04-04 16:25:00,2025-04-04 18:40:00,Long,3024.8549999999996,3021.62,-12.93999999999869,SL Hit,3021.62,4,3582.9199999999196,135.0,-8.174999999999727,10.575000000000273
2025-04-04 18:45:00,2025-04-04 18:50:00,Short,3021.06,3021.06,0.0,SL Hit,3021.06,1,3582.9199999999196,5.0,4.4099999999998545,-2.8899999999998727
2025-04-04 19:20:00,2025-04-04 20:55:00,Long,3034.025,3035.1,4.299999999999272,SL Hit,3035.1,4,3587.219999999919,95.0,-6.845000000000255,6.3449999999998
2025-04-06 23:15:00,2025-04-07 01:05:00,Short,2993.8866666666668,2991.23,7.970000000000255,SL Hit,2991.23,3,3595.189999999919,110.0,14.523333333333085,-20.776666666666642
2025-04-07 02:35:00,2025-04-07 03:40:00,Short,3030.913333333334,3030.08,2.500000000001819,SL Hit,3030.08,3,3597.689999999921,65.0,5.976666666666006,-7.683333333333849
2025-04-07 10:25:00,2025-04-07 12:00:00,Long,3031.325,3030.42,-1.8099999999994907,SL Hit,3030.42,2,3595.8799999999214,95.0,-4.114999999999782,13.965000000000146
2025-04-07 13:05:00,2025-04-07 13:10:00,Long,3027.38,3025.0699999999997,-2.3100000000004,SL Hit,3025.0699999999997,1,3593.569999999921,5.0,-2.619999999999891,4.309999999999945
2025-04-07 14:15:00,2025-04-07 14:20:00,Long,3026.37,3026.37,0.0,SL Hit,3026.37,1,3593.569999999921,5.0,-6.069999999999709,11.2800000000002
2025-04-07 15:45:00,2025-04-07 15:55:00,Short,2985.17,2985.17,0.0,SL Hit,2985.17,1,3593.569999999921,10.0,2.4400000000000546,-4.960000000000036
2025-04-07 16:00:00,2025-04-07 16:30:00,Short,2981.596666666667,2984.39,-8.3799999999992,SL Hit,2984.39,3,3585.189999999922,30.0,4.873333333332994,-6.026666666666642
2025-04-07 17:50:00,2025-04-07 18:50:00,Long,2969.8599999999997,2968.64,-2.4399999999996,SL Hit,2968.64,2,3582.7499999999222,60.0,-4.4399999999996,6.380000000000109
2025-04-07 22:05:00,2025-04-07 23:15:00,Long,2983.615,2984.8,4.740000000001601,SL Hit,2984.8,4,3587.489999999924,70.0,-2.3649999999997817,4.475000000000364
2025-04-08 02:05:00,2025-04-08 03:00:00,Long,3001.5766666666664,2998.38,-9.589999999998781,SL Hit,2998.38,3,3577.899999999925,55.0,-4.186666666666497,2.7733333333335395
2025-04-08 04:05:00,2025-04-08 04:30:00,Long,2998.5299999999997,2994.11,-8.839999999999236,SL Hit,2994.11,2,3569.059999999926,25.0,-5.1599999999998545,0.9800000000004729
2025-04-08 05:20:00,2025-04-08 07:15:00,Long,3005.652,3008.65,14.990000000000236,SL Hit,3008.65,5,3584.049999999926,115.0,-5.9220000000000255,9.018000000000029
2025-04-08 07:20:00,2025-04-08 10:00:00,Short,3007.67,3007.63,0.15999999999985448,SL Hit,3007.63,4,3584.209999999926,160.0,3.9400000000000546,-12.300000000000182
2025-04-08 10:30:00,2025-04-08 12:20:00,Long,3010.5625,3008.94,-6.489999999999782,SL Hit,3008.94,4,3577.719999999926,110.0,-4.5625,8.547500000000127
2025-04-08 16:25:00,2025-04-08 16:30:00,Short,2995.59,2995.59,0.0,SL Hit,2995.59,1,3577.719999999926,5.0,0.17000000000007276,-4.039999999999964
2025-04-08 19:15:00,2025-04-08 19:45:00,Short,2980.14,2982.7,-5.119999999999891,SL Hit,2982.7,2,3572.5999999999262,30.0,2.800000000000182,-3.3799999999996544
2025-04-08 23:30:00,2025-04-09 00:05:00,Short,2980.94,2981.16,-0.2199999999997999,SL Hit,2981.16,1,3572.3799999999264,35.0,2.869999999999891,-11.019999999999982
2025-04-09 01:00:00,2025-04-09 01:20:00,Short,2978.67,2983.6749999999993,-5.0049999999992,SL Hit,2983.6749999999993,1,3567.3749999999272,20.0,7.210000000000036,-4.650000000000091
2025-04-09 01:25:00,2025-04-09 02:20:00,Long,2995.675,3004.22,17.089999999999236,SL Hit,3004.22,2,3584.4649999999265,55.0,-15.4350000000004,14.694999999999709
2025-04-09 06:10:00,2025-04-09 07:55:00,Long,3031.1349999999998,3041.59,41.82000000000153,SL Hit,3041.59,4,3626.284999999928,105.0,-12.624999999999545,18.485000000000127
2025-04-09 09:30:00,2025-04-09 10:10:00,Long,3045.0950000000003,3043.5,-3.1900000000005093,SL Hit,3043.5,2,3623.0949999999275,40.0,-4.045000000000073,4.124999999999545
2025-04-09 11:05:00,2025-04-09 11:15:00,Short,3044.1,3047.84,-3.7400000000002365,Bullish Trade Reversal,3047.84,1,3619.3549999999273,10.0,12.110000000000127,-1.6199999999998909
2025-04-09 11:15:00,2025-04-09 12:10:00,Long,3057.47,3058.9,4.290000000000873,SL Hit,3058.9,3,3623.644999999928,55.0,-13.679999999999836,14.450000000000273
2025-04-09 12:15:00,2025-04-09 13:35:00,Short,3061.58,3076.5675000000006,-14.987500000000637,SL Hit,3076.5675000000006,1,3608.6574999999275,80.0,15.240000000000236,-18.139999999999873
2025-04-09 15:00:00,2025-04-09 15:05:00,Short,3071.24,3071.24,0.0,SL Hit,3071.24,1,3608.6574999999275,5.0,1.9100000000003092,-5.029999999999745
2025-04-09 16:50:00,2025-04-09 17:00:00,Long,3090.01,3089.734999999999,-0.27500000000100044,SL Hit,3089.734999999999,1,3608.3824999999265,10.0,-1.5900000000001455,4.5
2025-04-09 18:10:00,2025-04-09 18:20:00,Short,3057.83,3060.7999999999997,-2.9699999999998,SL Hit,3060.7999999999997,1,3605.4124999999267,10.0,4.430000000000291,-7.210000000000036
2025-04-09 20:35:00,2025-04-09 22:30:00,Short,3082.995,3083.02,-0.0500000000001819,SL Hit,3083.02,2,3605.3624999999265,115.0,4.744999999999891,-12.295000000000073
2025-04-10 01:05:00,2025-04-10 01:45:00,Short,3089.023333333333,3088.56,1.389999999999418,SL Hit,3088.56,3,3606.752499999926,40.0,4.746666666666897,-10.323333333333267
2025-04-10 02:55:00,2025-04-10 05:35:00,Long,3122.888333333333,3121.83,-6.349999999997635,SL Hit,3121.83,6,3600.4024999999283,160.0,-7.67833333333283,8.741666666667243
2025-04-10 07:05:00,2025-04-10 07:20:00,Short,3119.205,3122.19,-5.970000000000255,SL Hit,3122.19,2,3594.432499999928,15.0,3.3650000000002365,-2.255000000000109
2025-04-10 12:05:00,2025-04-10 12:35:00,Long,3124.76,3123.71,-2.100000000000364,SL Hit,3123.71,2,3592.3324999999277,30.0,-7.760000000000218,8.329999999999927
2025-04-10 14:55:00,2025-04-10 16:10:00,Long,3154.3633333333332,3155.0,1.9100000000003092,SL Hit,3155.0,3,3594.242499999928,75.0,-6.053333333333285,19.98666666666668
2025-04-10 17:40:00,2025-04-10 18:10:00,Long,3161.603333333334,3159.53,-6.220000000001164,SL Hit,3159.53,3,3588.022499999927,30.0,-3.4333333333338487,2.9466666666662604
2025-04-10 18:25:00,2025-04-10 20:25:00,Long,3170.353333333333,3170.49,0.41000000000030923,SL Hit,3170.49,3,3588.432499999927,120.0,-7.5433333333330665,5.676666666667188
2025-04-10 20:35:00,2025-04-10 20:45:00,Short,3170.93,3171.837500000001,-0.9075000000011642,SL Hit,3171.837500000001,1,3587.524999999926,10.0,1.8800000000001091,-2.5899999999996908
2025-04-11 01:10:00,2025-04-11 01:15:00,Long,3211.68,3206.5650000000005,-5.114999999999327,SL Hit,3206.5650000000005,1,3582.4099999999266,5.0,-8.679999999999836,3.100000000000364
2025-04-11 02:15:00,2025-04-11 02:55:00,Long,3217.4900000000002,3215.28,-6.630000000000109,SL Hit,3215.28,3,3575.7799999999265,40.0,-3.6700000000000728,2.049999999999727
2025-04-11 03:00:00,2025-04-11 03:30:00,Short,3216.005,3219.11,-6.210000000000036,SL Hit,3219.11,2,3569.5699999999265,30.0,3.7950000000000728,-1.8949999999999818
2025-04-11 04:10:00,2025-04-11 05:25:00,Short,3214.2,3217.06,-5.720000000000255,SL Hit,3217.06,2,3563.8499999999262,75.0,3.900000000000091,-8.519999999999982
2025-04-11 06:35:00,2025-04-11 06:50:00,Long,3200.3,3200.3,0.0,SL Hit,3200.3,1,3563.8499999999262,15.0,-3.1900000000000546,8.699999999999818
2025-04-11 07:10:00,2025-04-11 09:15:00,Long,3212.7116666666666,3215.32,15.650000000001455,SL Hit,3215.32,6,3579.4999999999277,125.0,-8.911666666666406,13.198333333333267
2025-04-11 09:20:00,2025-04-11 09:25:00,Short,3216.91,3217.7625,-0.8524999999999636,SL Hit,3217.7625,1,3578.6474999999277,5.0,2.5700000000001637,-2.0099999999997635
2025-04-11 10:30:00,2025-04-11 12:05:00,Short,3220.1766666666663,3219.59,1.7599999999983993,SL Hit,3219.59,3,3580.407499999926,95.0,7.33333333333394,-10.096666666666351
2025-04-11 13:50:00,2025-04-11 14:05:00,Short,3230.06,3230.06,0.0,SL Hit,3230.06,1,3580.407499999926,15.0,3.2800000000002,-10.289999999999964
2025-04-11 20:00:00,2025-04-13 22:00:00,Long,3234.4966666666664,3233.76,-2.209999999998672,SL Hit,3233.76,3,3578.1974999999275,3000.0,-23.896666666666533,3.833333333333485
2025-04-13 23:55:00,2025-04-14 01:00:00,Long,3219.7,3219.2,-1.0,SL Hit,3219.2,2,3577.1974999999275,65.0,-3.0599999999999454,7.210000000000036
2025-04-14 02:00:00,2025-04-14 02:15:00,Long,3239.21,3239.21,0.0,SL Hit,3239.21,1,3577.1974999999275,15.0,-1.7899999999999636,6.019999999999982
2025-04-14 03:00:00,2025-04-14 03:05:00,Short,3231.15,3231.37,-0.2199999999997999,SL Hit,3231.37,1,3576.9774999999277,5.0,0.7399999999997817,-5.039999999999964
2025-04-14 03:10:00,2025-04-14 03:25:00,Short,3232.23,3233.23,-2.0,SL Hit,3233.23,2,3574.9774999999277,15.0,1.0399999999999636,-3.119999999999891
2025-04-14 04:30:00,2025-04-14 05:35:00,Short,3228.24,3227.33,1.819999999999709,SL Hit,3227.33,2,3576.7974999999274,65.0,3.6200000000003456,-6.75
2025-04-14 07:10:00,2025-04-14 07:20:00,Short,3229.99,3231.0075000000006,-1.0175000000008367,SL Hit,3231.0075000000006,1,3575.7799999999265,10.0,2.3400000000001455,-1.1399999999998727
2025-04-14 12:10:00,2025-04-14 12:15:00,Long,3225.19,3223.6775,-1.5125000000002728,SL Hit,3223.6775,1,3574.2674999999263,5.0,-1.5199999999999818,2.0299999999997453
2025-04-14 15:20:00,2025-04-14 16:50:00,Short,3207.5533333333333,3206.61,2.8299999999994725,SL Hit,3206.61,3,3577.0974999999257,90.0,1.996666666666897,-10.64333333333343
2025-04-14 18:15:00,2025-04-14 19:45:00,Short,3212.175,3212.08,0.19000000000050932,SL Hit,3212.08,2,3577.2874999999262,90.0,1.9049999999997453,-10.715000000000146
2025-04-14 19:50:00,2025-04-14 20:35:00,Long,3212.17,3207.88,-4.289999999999964,SL Hit,3207.88,1,3572.9974999999263,45.0,-4.389999999999873,1.400000000000091
2025-04-14 23:30:00,2025-04-14 23:45:00,Short,3212.93,3213.2600000000007,-0.33000000000083674,SL Hit,3213.2600000000007,1,3572.6674999999254,15.0,0.9600000000000364,-2.049999999999727
2025-04-15 00:20:00,2025-04-15 00:25:00,Long,3214.08,3214.08,0.0,SL Hit,3214.08,1,3572.6674999999254,5.0,-2.599999999999909,0.8099999999999454
2025-04-15 01:05:00,2025-04-15 05:15:00,Long,3224.14375,3227.14,23.969999999997526,SL Hit,3227.14,8,3596.637499999923,250.0,-12.233750000000327,8.0962499999996
2025-04-15 06:15:00,2025-04-15 06:55:00,Long,3226.225,3224.6,-3.25,SL Hit,3224.6,2,3593.387499999923,40.0,-2.2049999999999272,2.1849999999999454
2025-04-15 10:55:00,2025-04-15 11:00:00,Short,3222.21,3222.595,-0.38499999999976353,SL Hit,3222.595,1,3593.002499999923,5.0,1.1399999999998727,-2.519999999999982
2025-04-15 11:35:00,2025-04-15 11:55:00,Short,3220.07,3220.07,0.0,SL Hit,3220.07,1,3593.002499999923,20.0,0.4600000000000364,-2.9200000000000728
2025-04-15 12:15:00,2025-04-15 12:20:00,Long,3223.77,3220.3600000000006,-3.4099999999993997,SL Hit,3220.3600000000006,1,3589.592499999924,5.0,-6.5,1.6700000000000728
2025-04-15 19:00:00,2025-04-15 19:05:00,Long,3228.79,3228.79,0.0,SL Hit,3228.79,1,3589.592499999924,5.0,-0.8899999999998727,1.6599999999998545
2025-04-16 06:05:00,2025-04-16 06:10:00,Short,3288.32,3288.8425,-0.5225000000000364,SL Hit,3288.8425,1,3589.0699999999238,5.0,1.4099999999998545,-1.0399999999999636
2025-04-16 10:55:00,2025-04-16 11:00:00,Long,3303.67,3302.47,-2.4000000000005457,SL Hit,3302.47,2,3586.669999999923,5.0,-3.3899999999998727,1.0099999999997635
2025-04-16 12:45:00,2025-04-16 13:55:00,Short,3309.3133333333335,3310.86,-4.639999999999873,SL Hit,3310.86,3,3582.0299999999233,70.0,6.416666666666515,-11.983333333333576
2025-04-16 15:05:00,2025-04-16 15:30:00,Short,3311.0550000000003,3313.67,-5.229999999999563,SL Hit,3313.67,2,3576.799999999924,25.0,6.214999999999691,-5.165000000000418
2025-04-16 18:10:00,2025-04-16 19:40:00,Long,3336.97,3337.9,2.790000000000873,SL Hit,3337.9,3,3579.5899999999247,90.0,-8.5,5.120000000000346
2025-04-16 19:55:00,2025-04-16 20:05:00,Short,3337.615,3339.55,-3.8700000000008004,SL Hit,3339.55,2,3575.719999999924,10.0,1.9650000000001455,-2.7149999999996908
2025-04-16 23:05:00,2025-04-16 23:15:00,Short,3351.59,3351.59,0.0,SL Hit,3351.59,1,3575.719999999924,10.0,0.1799999999998363,-3.7899999999999636
2025-04-17 00:00:00,2025-04-17 00:30:00,Short,3349.87,3349.87,0.0,SL Hit,3349.87,1,3575.719999999924,30.0,0.6100000000001273,-6.170000000000073
2025-04-17 04:05:00,2025-04-17 09:00:00,Short,3330.687142857143,3324.07,46.320000000000164,SL Hit,3324.07,7,3622.039999999924,295.0,13.032857142856756,-17.727142857143008
2025-04-17 09:20:00,2025-04-17 09:25:00,Long,3324.19,3323.365,-0.8250000000002728,SL Hit,3323.365,1,3621.2149999999237,5.0,-2.5599999999999454,1.6799999999998363
2025-04-17 10:30:00,2025-04-17 11:30:00,Long,3327.33,3326.14,-2.380000000000109,SL Hit,3326.14,2,3618.8349999999236,60.0,-2.4200000000000728,4.9099999999998545
2025-04-17 11:35:00,2025-04-17 12:15:00,Short,3326.41,3334.6325000000006,-8.222500000000764,SL Hit,3334.6325000000006,1,3610.612499999923,40.0,11.740000000000236,-4.019999999999982
2025-04-17 15:05:00,2025-04-17 18:30:00,Long,3310.933333333333,3317.87,41.62000000000171,SL Hit,3317.87,6,3652.2324999999246,205.0,-17.573333333332812,10.94666666666717
2025-04-22 07:00:00,2025-04-22 10:00:00,Short,3463.9375,3457.18,27.030000000000655,SL Hit,3457.18,4,3679.2624999999252,180.0,15.892499999999927,-20.847499999999854
2025-04-22 10:55:00,2025-04-22 11:15:00,Short,3454.7,3457.8625,-3.162500000000364,SL Hit,3457.8625,1,3676.099999999925,20.0,3.6100000000001273,-6.539999999999964
2025-04-22 12:35:00,2025-04-22 14:30:00,Short,3440.0733333333333,3434.36,17.139999999999418,SL Hit,3434.36,3,3693.2399999999243,115.0,13.816666666666606,-28.31333333333305
2025-04-22 14:50:00,2025-04-22 14:55:00,Short,3426.98,3428.19,-1.2100000000000364,SL Hit,3428.19,1,3692.0299999999243,5.0,2.8600000000001273,-2.380000000000109
2025-04-22 20:00:00,2025-04-22 22:00:00,Long,3379.01,3376.65,-7.080000000000382,SL Hit,3376.65,3,3684.949999999924,120.0,-56.33000000000038,3.4299999999998363
2025-04-22 23:05:00,2025-04-22 23:55:00,Long,3336.73,3333.15,-7.1599999999998545,SL Hit,3333.15,2,3677.789999999924,50.0,-3.980000000000018,12.210000000000036
2025-04-23 08:15:00,2025-04-23 12:00:00,Long,3320.225,3322.51,9.140000000001237,SL Hit,3322.51,4,3686.9299999999253,225.0,-13.74499999999989,19.355000000000018
2025-04-23 12:05:00,2025-04-23 12:20:00,Short,3322.66,3322.66,0.0,SL Hit,3322.66,1,3686.9299999999253,15.0,6.510000000000218,-8.359999999999673
2025-04-23 19:50:00,2025-04-23 20:25:00,Long,3292.9,3290.0,-5.800000000000182,SL Hit,3290.0,2,3681.129999999925,35.0,-2.9100000000003092,2.2799999999997453
2025-04-23 23:55:00,2025-04-24 01:50:00,Long,3337.5466666666666,3356.14,55.779999999999745,SL Hit,3356.14,3,3736.909999999925,115.0,-25.746666666666442,27.87333333333345
2025-04-24 02:00:00,2025-04-24 04:10:00,Short,3348.08,3329.03,57.14999999999918,SL Hit,3329.03,3,3794.059999999924,130.0,14.430000000000291,-26.61999999999989
2025-04-24 05:05:00,2025-04-24 05:35:00,Short,3323.9700000000003,3327.27,-6.599999999999454,SL Hit,3327.27,2,3787.4599999999245,30.0,10.519999999999527,-2.0100000000002183
2025-04-24 06:05:00,2025-04-24 06:10:00,Short,3325.22,3325.8250000000007,-0.6050000000009277,SL Hit,3325.8250000000007,1,3786.8549999999236,5.0,1.9100000000003092,-2.949999999999818
2025-04-24 07:00:00,2025-04-24 08:20:00,Long,3329.816666666667,3330.47,1.9599999999982174,SL Hit,3330.47,3,3788.814999999922,80.0,-5.856666666667024,8.693333333333157
2025-04-24 08:40:00,2025-04-24 09:25:00,Long,3336.815,3335.47,-2.6900000000005093,SL Hit,3335.47,2,3786.1249999999213,45.0,-3.7049999999999272,4.244999999999891
2025-04-24 11:05:00,2025-04-24 11:55:00,Long,3334.463333333333,3335.95,4.460000000000036,SL Hit,3335.95,3,3790.5849999999214,50.0,-3.7233333333333576,8.326666666666824
2025-04-24 12:45:00,2025-04-24 12:55:00,Long,3336.73,3336.73,0.0,SL Hit,3336.73,1,3790.5849999999214,10.0,-0.5300000000002001,4.309999999999945
2025-04-24 17:25:00,2025-04-24 19:00:00,Long,3335.26,3333.03,-6.690000000000055,SL Hit,3333.03,3,3783.8949999999213,95.0,-2.8600000000001273,4.059999999999945
2025-04-24 22:20:00,2025-04-24 22:25:00,Short,3353.64,3358.0125000000003,-4.3725000000004,Bullish Trade Reversal,3358.0125000000003,1,3779.522499999921,5.0,9.63000000000011,-5.039999999999964
2025-04-24 22:25:00,2025-04-24 23:20:00,Long,3356.2349999999997,3357.2,1.930000000000291,SL Hit,3357.2,2,3781.452499999921,55.0,-6.7849999999998545,13.305000000000291
2025-04-25 00:10:00,2025-04-25 00:35:00,Long,3354.1,3354.1,0.0,SL Hit,3354.1,1,3781.452499999921,25.0,-2.7599999999997635,6.639999999999873
2025-04-25 01:50:00,2025-04-25 02:00:00,Short,3347.3,3347.3,0.0,SL Hit,3347.3,1,3781.452499999921,10.0,3.1599999999998545,-5.0
2025-04-25 03:15:00,2025-04-25 03:20:00,Long,3348.79,3348.7075000000004,-0.08249999999952706,SL Hit,3348.7075000000004,1,3781.3699999999217,5.0,-0.09000000000014552,4.039999999999964
2025-04-25 06:25:00,2025-04-25 07:40:00,Long,3302.7900000000004,3305.4,7.829999999999018,SL Hit,3305.4,3,3789.1999999999207,75.0,-9.490000000000236,10.749999999999545
2025-04-25 11:35:00,2025-04-25 12:00:00,Short,3297.515,3299.42,-3.8100000000004,SL Hit,3299.42,2,3785.3899999999203,25.0,2.305000000000291,-8.884999999999764
2025-04-25 17:55:00,2025-04-25 18:35:00,Long,3292.82,3291.8,-2.0399999999999636,SL Hit,3291.8,2,3783.3499999999203,40.0,-2.6200000000003456,3.75
2025-04-28 13:10:00,2025-04-28 13:15:00,Short,3295.9,3296.834999999999,-0.9349999999990359,SL Hit,3296.834999999999,1,3782.4149999999213,5.0,3.5799999999999272,-3.7899999999999636
2025-04-28 19:00:00,2025-04-28 19:15:00,Long,3348.87,3346.6975,-2.1724999999996726,SL Hit,3346.6975,1,3780.2424999999216,15.0,-3.4299999999998363,2.6700000000000728
2025-04-28 19:20:00,2025-04-28 19:30:00,Short,3350.29,3350.29,0.0,SL Hit,3350.29,1,3780.2424999999216,10.0,0.6199999999998909,-2.5599999999999454
2025-04-28 22:10:00,2025-04-28 23:00:00,Short,3338.335,3339.46,-2.25,SL Hit,3339.46,2,3777.9924999999216,50.0,3.8449999999998,-6.934999999999945
2025-04-29 00:50:00,2025-04-29 01:35:00,Short,3332.1,3334.767500000001,-2.6675000000009277,SL Hit,3334.767500000001,1,3775.3249999999207,45.0,6.119999999999891,-7.699999999999818
2025-04-29 04:45:00,2025-04-29 06:20:00,Short,3312.023333333333,3315.56,-10.610000000000582,SL Hit,3315.56,3,3764.71499999992,95.0,3.646666666666988,-6.723333333332903
2025-04-29 06:25:00,2025-04-29 07:10:00,Long,3314.815,3315.11,0.5900000000001455,SL Hit,3315.11,2,3765.3049999999203,45.0,-2.4349999999999454,8.434999999999945
2025-04-29 08:30:00,2025-04-29 10:50:00,Short,3314.8566666666666,3315.04,-0.5500000000001819,SL Hit,3315.04,3,3764.75499999992,140.0,5.553333333333285,-8.536666666666406
2025-04-29 11:15:00,2025-04-29 11:45:00,Long,3310.73,3310.73,0.0,SL Hit,3310.73,1,3764.75499999992,30.0,-0.25,5.119999999999891
2025-04-29 11:55:00,2025-04-29 12:50:00,Short,3308.8149999999996,3311.21,-4.790000000000873,SL Hit,3311.21,2,3759.964999999919,55.0,4.755000000000564,-6.2849999999994
2025-04-29 13:45:00,2025-04-29 14:25:00,Short,3311.53,3311.53,0.0,SL Hit,3311.53,1,3759.964999999919,40.0,4.899999999999636,-11.050000000000182
2025-04-29 16:00:00,2025-04-29 17:45:00,Long,3318.37,3322.17,7.600000000000364,SL Hit,3322.17,2,3767.5649999999196,105.0,-6.230000000000018,11.390000000000327
2025-04-29 17:50:00,2025-04-29 18:30:00,Short,3319.75,3319.14,1.2200000000002547,SL Hit,3319.14,2,3768.78499999992,40.0,3.4099999999998545,-6.150000000000091
2025-04-29 19:00:00,2025-04-29 19:45:00,Long,3320.56,3321.08,1.5599999999999454,SL Hit,3321.08,3,3770.3449999999198,45.0,-1.349999999999909,3.8200000000001637
2025-04-29 20:50:00,2025-04-29 22:05:00,Short,3318.97,3320.0975000000008,-1.127500000000964,SL Hit,3320.0975000000008,1,3769.217499999919,75.0,3.730000000000018,-3.869999999999891
2025-04-30 02:05:00,2025-04-30 02:10:00,Short,3309.58,3309.58,0.0,SL Hit,3309.58,1,3769.217499999919,5.0,2.8299999999999272,-2.2899999999999636
2025-04-30 04:15:00,2025-04-30 04:45:00,Short,3303.9700000000003,3305.88,-3.819999999999709,SL Hit,3305.88,2,3765.397499999919,30.0,3.4899999999997817,-2.700000000000273
2025-04-30 06:20:00,2025-04-30 07:20:00,Short,3306.95,3309.27,-4.640000000000327,SL Hit,3309.27,2,3760.7574999999188,60.0,4.220000000000255,-3.8899999999998727
2025-04-30 09:15:00,2025-04-30 09:35:00,Short,3282.94,3284.67,-3.4600000000000364,SL Hit,3284.67,2,3757.2974999999187,20.0,3.4899999999997817,-3.849999999999909
2025-04-30 11:30:00,2025-04-30 11:50:00,Long,3280.25,3274.52,-11.460000000000036,SL Hit,3274.52,2,3745.8374999999187,20.0,-6.7199999999998,1.099999999999909
2025-04-30 12:45:00,2025-04-30 14:00:00,Long,3305.9925000000003,3301.12,-19.4900000000016,SL Hit,3301.12,4,3726.347499999917,75.0,-13.482500000000073,13.087499999999636
2025-04-30 16:05:00,2025-04-30 16:15:00,Long,3308.66,3308.66,0.0,SL Hit,3308.66,1,3726.347499999917,10.0,-0.4699999999997999,2.6200000000003456
2025-04-30 16:40:00,2025-04-30 17:10:00,Long,3310.875,3308.01,-5.729999999999563,SL Hit,3308.01,2,3720.6174999999175,30.0,-5.204999999999927,2.355000000000018
2025-04-30 18:05:00,2025-04-30 18:10:00,Short,3306.61,3306.61,0.0,SL Hit,3306.61,1,3720.6174999999175,5.0,0.5199999999999818,-3.550000000000182
2025-04-30 18:25:00,2025-04-30 23:10:00,Short,3287.751428571428,3279.47,57.96999999999616,SL Hit,3279.47,7,3778.5874999999137,285.0,17.13857142857205,-17.751428571427823
2025-04-30 23:40:00,2025-04-30 23:45:00,Short,3274.78,3274.78,0.0,SL Hit,3274.78,1,3778.5874999999137,5.0,1.0199999999999818,-4.440000000000055
2025-05-01 01:00:00,2025-05-01 01:35:00,Short,3246.77,3249.0800000000004,-2.3100000000004,SL Hit,3249.0800000000004,1,3776.2774999999133,35.0,3.8299999999999272,-10.929999999999836
2025-05-01 01:55:00,2025-05-01 02:15:00,Short,3240.9,3244.9424999999997,-4.042499999999563,SL Hit,3244.9424999999997,1,3772.2349999999137,20.0,4.670000000000073,-5.369999999999891
2025-05-01 03:45:00,2025-05-01 05:20:00,Short,3231.563333333333,3231.15,1.2399999999988722,SL Hit,3231.15,3,3773.4749999999126,95.0,4.836666666667043,-12.643333333332976
2025-05-01 06:20:00,2025-05-01 06:30:00,Short,3239.49,3239.49,0.0,SL Hit,3239.49,1,3773.4749999999126,10.0,0.6000000000003638,-5.1899999999996
2025-05-01 07:40:00,2025-05-01 07:55:00,Long,3232.28,3228.7599999999998,-3.5200000000004366,SL Hit,3228.7599999999998,1,3769.954999999912,15.0,-3.680000000000291,2.3899999999998727
2025-05-01 11:10:00,2025-05-01 11:35:00,Long,3223.46,3222.47,-0.9900000000002365,SL Hit,3222.47,1,3768.964999999912,25.0,-3.099999999999909,3.369999999999891
2025-05-01 13:40:00,2025-05-01 14:35:00,Short,3223.4266666666667,3227.08,-10.959999999999582,SL Hit,3227.08,3,3758.0049999999123,55.0,8.24333333333334,-9.166666666666515
2025-05-01 15:30:00,2025-05-01 15:55:00,Short,3213.96,3215.72,-1.7599999999997635,SL Hit,3215.72,1,3756.2449999999126,25.0,3.5900000000001455,-9.240000000000236
2025-05-01 19:25:00,2025-05-01 19:30:00,Long,3224.76,3224.76,0.0,SL Hit,3224.76,1,3756.2449999999126,5.0,-0.13000000000010914,1.569999999999709
2025-05-01 20:00:00,2025-05-01 22:30:00,Long,3235.434,3234.61,-4.120000000000346,SL Hit,3234.61,5,3752.1249999999122,150.0,-7.6340000000000146,7.52599999999984
2025-05-02 00:10:00,2025-05-02 00:45:00,Long,3237.55,3237.55,0.0,SL Hit,3237.55,1,3752.1249999999122,35.0,-7.25,6.269999999999982
2025-05-02 03:10:00,2025-05-02 04:30:00,Long,3250.83,3253.15,6.960000000000491,SL Hit,3253.15,3,3759.0849999999127,80.0,-3.400000000000091,6.940000000000055
2025-05-02 04:40:00,2025-05-02 05:35:00,Short,3253.51,3253.87,-0.7199999999993452,SL Hit,3253.87,2,3758.3649999999134,55.0,2.6099999999996726,-3.8100000000004
2025-05-02 07:25:00,2025-05-02 10:35:00,Long,3259.2175,3258.35,-3.470000000001164,SL Hit,3258.35,4,3754.894999999912,190.0,-4.637500000000273,7.3125
2025-05-02 10:45:00,2025-05-02 10:50:00,Short,3258.14,3258.965,-0.8250000000002728,SL Hit,3258.965,1,3754.069999999912,5.0,1.7400000000002365,-0.7599999999997635
2025-05-02 11:20:00,2025-05-02 12:25:00,Long,3262.16,3257.85,-8.61999999999989,SL Hit,3257.85,2,3745.449999999912,65.0,-5.549999999999727,6.350000000000364
2025-05-02 12:30:00,2025-05-02 12:35:00,Short,3258.48,3258.48,0.0,SL Hit,3258.48,1,3745.449999999912,5.0,0.7199999999997999,-8.019999999999982
2025-05-02 18:15:00,2025-05-02 18:20:00,Short,3227.0,3227.0,0.0,SL Hit,3227.0,1,3745.449999999912,5.0,2.3600000000001273,-2.400000000000091
2025-05-02 18:50:00,2025-05-02 19:00:00,Short,3228.33,3228.33,0.0,SL Hit,3228.33,1,3745.449999999912,10.0,3.0300000000002,-3.130000000000109
2025-05-02 19:10:00,2025-05-04 22:55:00,Long,3236.452,3239.34,14.4399999999996,SL Hit,3239.34,5,3759.8899999999117,3105.0,-9.952000000000226,7.177999999999884
2025-05-04 23:05:00,2025-05-04 23:15:00,Short,3241.36,3242.9274999999993,-1.5674999999991996,SL Hit,3242.9274999999993,1,3758.3224999999125,10.0,1.7199999999998,-1.8600000000001273
2025-05-04 23:30:00,2025-05-05 00:35:00,Long,3243.9700000000003,3243.0,-1.9400000000005093,SL Hit,3243.0,2,3756.382499999912,65.0,-1.1700000000000728,7.549999999999727
2025-05-05 00:40:00,2025-05-05 00:45:00,Short,3243.51,3246.727499999999,-3.217499999998836,SL Hit,3246.727499999999,1,3753.164999999913,5.0,4.0,-2.150000000000091
2025-05-05 02:45:00,2025-05-05 03:05:00,Long,3267.32,3267.32,0.0,SL Hit,3267.32,1,3753.164999999913,20.0,-0.8800000000001091,4.5
2025-05-05 03:15:00,2025-05-05 05:05:00,Short,3257.435,3259.29,-3.7100000000000364,SL Hit,3259.29,2,3749.454999999913,110.0,3.605000000000018,-4.545000000000073
2025-05-05 06:40:00,2025-05-05 13:30:00,Long,3291.2830000000004,3315.86,245.7699999999977,SL Hit,3315.86,10,3995.224999999911,410.0,-32.56300000000056,30.786999999999807
2025-05-05 15:05:00,2025-05-05 15:30:00,Short,3311.29,3314.16,-5.739999999999782,SL Hit,3314.16,2,3989.484999999911,25.0,3.6700000000000728,-1.8400000000001455
2025-05-05 15:35:00,2025-05-05 16:05:00,Long,3315.005,3310.39,-9.230000000000473,SL Hit,3310.39,2,3980.2549999999105,30.0,-8.894999999999982,2.0650000000000546
2025-05-05 17:25:00,2025-05-05 17:35:00,Long,3312.87,3312.87,0.0,SL Hit,3312.87,1,3980.2549999999105,10.0,-0.5399999999999636,2.880000000000109
2025-05-05 23:55:00,2025-05-06 00:15:00,Long,3332.3,3330.31,-3.980000000000473,SL Hit,3330.31,2,3976.27499999991,20.0,-3.5300000000002,1.9099999999998545
2025-05-06 02:10:00,2025-05-06 02:30:00,Long,3380.16,3375.1550000000007,-5.0049999999992,SL Hit,3375.1550000000007,1,3971.269999999911,20.0,-5.920000000000073,6.079999999999927
2025-05-06 04:30:00,2025-05-06 04:40:00,Short,3359.25,3359.25,0.0,SL Hit,3359.25,1,3971.269999999911,10.0,1.9299999999998363,-3.0
2025-05-06 04:45:00,2025-05-06 05:10:00,Long,3361.12,3358.315,-2.8049999999998363,SL Hit,3358.315,1,3968.464999999911,25.0,-3.5099999999997635,4.300000000000182
2025-05-06 05:40:00,2025-05-06 05:45:00,Short,3355.35,3355.6525,-0.30250000000023647,SL Hit,3355.6525,1,3968.162499999911,5.0,2.019999999999982,-4.670000000000073
2025-05-06 07:05:00,2025-05-06 09:00:00,Long,3373.522,3376.13,13.040000000000873,SL Hit,3376.13,5,3981.2024999999117,115.0,-7.86200000000008,9.088000000000193
2025-05-06 09:55:00,2025-05-06 10:20:00,Long,3380.38,3380.38,0.0,SL Hit,3380.38,1,3981.2024999999117,25.0,-2.2400000000002365,3.0899999999996908
2025-05-06 12:20:00,2025-05-06 12:30:00,Short,3377.52,3378.895,-1.375,SL Hit,3378.895,1,3979.8274999999117,10.0,5.610000000000127,-2.730000000000018
2025-05-06 13:10:00,2025-05-06 13:35:00,Long,3390.03,3390.03,0.0,SL Hit,3390.03,1,3979.8274999999117,25.0,-1.4200000000000728,6.839999999999691
2025-05-06 15:40:00,2025-05-06 15:55:00,Long,3395.86,3393.7975,-2.0625,SL Hit,3393.7975,1,3977.7649999999117,15.0,-2.5100000000002183,1.069999999999709
2025-05-06 17:15:00,2025-05-06 17:50:00,Long,3412.925,3412.82,-0.21000000000003638,SL Hit,3412.82,2,3977.5549999999116,35.0,-2.7350000000001273,4.524999999999636
2025-05-06 18:00:00,2025-05-06 18:15:00,Short,3414.09,3414.09,0.0,SL Hit,3414.09,1,3977.5549999999116,15.0,0.3999999999996362,-3.980000000000018
2025-05-07 00:20:00,2025-05-07 02:15:00,Short,3377.5466666666666,3376.9,1.9399999999995998,SL Hit,3376.9,3,3979.494999999911,115.0,11.813333333333503,-17.426666666666733
2025-05-07 05:15:00,2025-05-07 07:30:00,Long,3387.8419999999996,3388.09,1.2400000000025102,SL Hit,3388.09,5,3980.7349999999137,135.0,-5.77199999999948,9.178000000000338
2025-05-07 07:40:00,2025-05-07 10:05:00,Short,3382.8849999999998,3378.31,18.299999999999272,SL Hit,3378.31,4,3999.034999999913,145.0,8.00500000000011,-13.504999999999654
2025-05-07 14:25:00,2025-05-07 14:35:00,Short,3383.49,3387.4775000000004,-3.9875000000006366,SL Hit,3387.4775000000004,1,3995.0474999999124,10.0,5.0,-1.3399999999996908
2025-05-07 16:10:00,2025-05-07 16:45:00,Short,3385.32,3386.8324999999995,-1.5124999999993634,SL Hit,3386.8324999999995,1,3993.534999999913,35.0,3.4099999999998545,-5.400000000000091
2025-05-07 18:00:00,2025-05-07 18:30:00,Long,3390.375,3383.88,-12.989999999999782,SL Hit,3383.88,2,3980.544999999913,30.0,-8.534999999999854,7.105000000000018
2025-05-07 20:55:00,2025-05-07 22:00:00,Short,3365.38,3365.9025,-0.5225000000000364,SL Hit,3365.9025,1,3980.022499999913,65.0,6.779999999999745,-1.6600000000003092
2025-05-07 22:05:00,2025-05-08 00:55:00,Long,3375.8240000000005,3380.3,22.37999999999829,SL Hit,3380.3,5,4002.4024999999115,170.0,-9.624000000000706,10.695999999999458
2025-05-08 04:10:00,2025-05-08 07:30:00,Short,3373.1200000000003,3338.92,136.8000000000011,SL Hit,3338.92,4,4139.202499999912,200.0,22.669999999999618,-52.21000000000049
2025-05-08 07:35:00,2025-05-08 08:10:00,Long,3343.96,3339.1475,-4.8125,SL Hit,3339.1475,1,4134.389999999912,35.0,-5.349999999999909,5.059999999999945
2025-05-08 11:40:00,2025-05-08 13:55:00,Long,3352.3125,3356.7,17.549999999999272,SL Hit,3356.7,4,4151.939999999911,135.0,-10.952499999999873,16.19750000000022
2025-05-08 14:30:00,2025-05-08 14:35:00,Short,3357.21,3357.21,0.0,SL Hit,3357.21,1,4151.939999999911,5.0,0.40000000000009095,-4.630000000000109
2025-05-08 15:25:00,2025-05-08 15:30:00,Short,3350.96,3350.96,0.0,SL Hit,3350.96,1,4151.939999999911,5.0,0.5099999999997635,-7.900000000000091
2025-05-08 20:50:00,2025-05-08 22:00:00,Short,3307.41,3307.685000000001,-0.27500000000100044,SL Hit,3307.685000000001,1,4151.66499999991,70.0,2.9900000000002365,-3.0099999999997635
2025-05-08 22:05:00,2025-05-08 23:55:00,Long,3314.045,3313.72,-0.6500000000005457,SL Hit,3313.72,2,4151.014999999909,110.0,-4.664999999999964,9.485000000000127
2025-05-09 00:20:00,2025-05-09 00:35:00,Short,3313.19,3313.4375000000005,-0.24750000000040018,SL Hit,3313.4375000000005,1,4150.767499999909,15.0,3.4299999999998363,-4.070000000000164
2025-05-09 00:55:00,2025-05-09 01:00:00,Long,3317.9,3317.9,0.0,SL Hit,3317.9,1,4150.767499999909,5.0,-1.3600000000001273,4.519999999999982
2025-05-09 09:35:00,2025-05-09 10:15:00,Short,3326.65,3326.87,-0.2199999999997999,SL Hit,3326.87,1,4150.54749999991,40.0,1.6599999999998545,-4.630000000000109
2025-05-09 11:10:00,2025-05-09 11:30:00,Long,3328.01,3328.01,0.0,SL Hit,3328.01,1,4150.54749999991,20.0,-3.230000000000018,9.019999999999982
2025-05-09 12:05:00,2025-05-09 12:40:00,Long,3332.15,3328.6025,-3.5475000000001273,SL Hit,3328.6025,1,4146.999999999909,35.0,-3.6399999999998727,3.0899999999996908
2025-05-09 13:05:00,2025-05-09 13:55:00,Long,3334.03,3333.1,-2.790000000000873,SL Hit,3333.1,3,4144.209999999908,50.0,-4.880000000000109,5.7599999999997635
2025-05-09 14:35:00,2025-05-09 14:40:00,Long,3336.57,3336.57,0.0,SL Hit,3336.57,1,4144.209999999908,5.0,-2.5399999999999636,2.5099999999997635
2025-05-09 15:20:00,2025-05-09 16:20:00,Long,3341.266666666667,3340.1,-3.5000000000009095,SL Hit,3340.1,3,4140.709999999907,60.0,-3.16666666666697,5.503333333333103
2025-05-09 16:35:00,2025-05-09 17:20:00,Short,3338.8000000000006,3339.73,-2.7899999999981446,SL Hit,3339.73,3,4137.919999999909,45.0,3.119999999999436,-3.1000000000008185
2025-05-09 17:30:00,2025-05-09 18:05:00,Long,3340.49,3339.6,-1.7799999999997453,SL Hit,3339.6,2,4136.139999999909,35.0,-2.5899999999996908,1.830000000000382
2025-05-11 22:50:00,2025-05-11 23:15:00,Short,3272.575,3277.08,-9.010000000000218,SL Hit,3277.08,2,4127.129999999909,25.0,6.195000000000164,-7.375
2025-05-11 23:25:00,2025-05-12 00:40:00,Long,3281.6733333333336,3279.4,-6.8200000000006185,SL Hit,3279.4,3,4120.3099999999085,75.0,-7.7733333333335395,7.456666666666479
2025-05-12 03:20:00,2025-05-12 04:20:00,Long,3278.8900000000003,3279.91,2.039999999999054,SL Hit,3279.91,2,4122.349999999908,60.0,-4.940000000000509,5.069999999999709
2025-05-12 05:15:00,2025-05-12 05:55:00,Short,3274.34,3275.87,-3.0599999999994907,SL Hit,3275.87,2,4119.289999999908,40.0,2.049999999999727,-5.670000000000073
2025-05-12 07:55:00,2025-05-12 08:00:00,Short,3225.28,3225.28,0.0,SL Hit,3225.28,1,4119.289999999908,5.0,4.079999999999927,-5.460000000000036
2025-05-12 13:55:00,2025-05-12 14:00:00,Long,3239.89,3237.6075,-2.2824999999998,SL Hit,3237.6075,1,4117.007499999909,5.0,-6.119999999999891,1.0100000000002183
2025-05-12 16:55:00,2025-05-12 18:45:00,Short,3223.62,3223.71,-0.3600000000005821,SL Hit,3223.71,4,4116.647499999908,110.0,3.800000000000182,-2.7599999999997635
2025-05-12 20:20:00,2025-05-12 20:50:00,Long,3235.93,3233.9,-4.059999999999491,SL Hit,3233.9,2,4112.587499999909,30.0,-2.6299999999996544,1.7899999999999636
2025-05-12 22:15:00,2025-05-12 23:25:00,Short,3235.3799999999997,3235.96,-1.740000000001146,SL Hit,3235.96,3,4110.847499999907,70.0,1.8900000000003274,-6.479999999999563
2025-05-12 23:30:00,2025-05-13 00:35:00,Long,3237.763333333334,3235.26,-7.510000000000673,SL Hit,3235.26,3,4103.337499999907,65.0,-4.563333333333958,5.266666666666424
2025-05-13 08:30:00,2025-05-13 08:40:00,Short,3254.24,3254.4050000000007,-0.16500000000087311,SL Hit,3254.4050000000007,1,4103.172499999906,10.0,0.5600000000004002,-2.6399999999998727
2025-05-13 09:00:00,2025-05-13 09:15:00,Short,3255.005,3255.78,-1.550000000000182,SL Hit,3255.78,2,4101.622499999906,15.0,0.8649999999997817,-1.8949999999999818
2025-05-13 13:45:00,2025-05-13 14:20:00,Short,3237.3,3238.5650000000005,-1.2650000000003274,SL Hit,3238.5650000000005,1,4100.3574999999055,35.0,3.269999999999982,-10.820000000000164
2025-05-13 15:15:00,2025-05-13 15:20:00,Short,3244.81,3245.3600000000006,-0.5500000000006366,SL Hit,3245.3600000000006,1,4099.807499999904,5.0,2.25,-1.400000000000091
2025-05-13 21:00:00,2025-05-13 21:10:00,Long,3250.1,3250.1,0.0,SL Hit,3250.1,1,4099.807499999904,10.0,-0.6999999999998181,0.09999999999990905
2025-05-13 22:45:00,2025-05-14 00:00:00,Long,3253.155,3252.56,-2.3800000000010186,SL Hit,3252.56,4,4097.427499999903,75.0,-4.995000000000346,3.544999999999618
2025-05-14 00:55:00,2025-05-14 01:20:00,Short,3241.91,3245.15,-6.480000000000473,SL Hit,3245.15,2,4090.947499999903,25.0,4.100000000000364,-2.480000000000018
2025-05-14 01:25:00,2025-05-14 01:40:00,Long,3246.5,3245.3175000000006,-1.1824999999994361,SL Hit,3245.3175000000006,1,4089.7649999999035,15.0,-3.380000000000109,3.900000000000091
2025-05-14 02:00:00,2025-05-14 02:10:00,Short,3238.8,3239.8175,-1.0174999999999272,SL Hit,3239.8175,1,4088.7474999999035,10.0,2.069999999999709,-2.7400000000002365
2025-05-14 05:00:00,2025-05-14 05:05:00,Short,3223.45,3225.265000000001,-1.815000000000964,SL Hit,3225.265000000001,1,4086.9324999999026,5.0,3.5,-1.669999999999618
2025-05-14 07:05:00,2025-05-14 07:25:00,Short,3228.9300000000003,3230.86,-3.8599999999996726,SL Hit,3230.86,2,4083.072499999903,20.0,4.239999999999782,-4.100000000000364
2025-05-14 08:00:00,2025-05-14 08:25:00,Long,3237.9750000000004,3234.39,-7.170000000000982,SL Hit,3234.39,2,4075.902499999902,25.0,-4.675000000000182,4.3449999999998
2025-05-14 09:15:00,2025-05-14 09:40:00,Short,3232.58,3233.625,-1.0450000000000728,SL Hit,3233.625,1,4074.857499999902,25.0,2.650000000000091,-3.519999999999982
2025-05-14 09:45:00,2025-05-14 09:55:00,Long,3234.78,3232.415,-2.3650000000002365,SL Hit,3232.415,1,4072.4924999999016,10.0,-2.700000000000273,1.0399999999999636
2025-05-14 11:40:00,2025-05-14 13:50:00,Short,3211.215,3193.38,35.67000000000007,SL Hit,3193.38,2,4108.162499999902,130.0,22.024999999999636,-35.225000000000364
2025-05-14 15:10:00,2025-05-14 15:20:00,Short,3180.38,3184.6974999999993,-4.3174999999992,SL Hit,3184.6974999999993,1,4103.844999999903,10.0,4.869999999999891,-1.1400000000003274
2025-05-14 18:55:00,2025-05-14 19:20:00,Short,3173.87,3173.87,0.0,SL Hit,3173.87,1,4103.844999999903,25.0,0.3400000000001455,-4.9099999999998545
2025-05-14 19:50:00,2025-05-14 20:55:00,Long,3179.4266666666663,3178.24,-3.5599999999994907,SL Hit,3178.24,3,4100.284999999903,65.0,-3.4266666666662786,3.383333333333667
2025-05-14 23:10:00,2025-05-15 00:05:00,Long,3184.2033333333334,3181.5,-8.110000000000127,SL Hit,3181.5,3,4092.1749999999033,55.0,-3.903333333333194,2.716666666666697
2025-05-15 00:45:00,2025-05-15 00:50:00,Short,3182.17,3185.5525000000002,-3.3825000000001637,SL Hit,3185.5525000000002,1,4088.792499999903,5.0,4.599999999999909,-1.300000000000182
2025-05-15 01:40:00,2025-05-15 05:20:00,Short,3157.5099999999998,3141.59,95.51999999999771,SL Hit,3141.59,6,4184.312499999901,220.0,28.190000000000055,-21.889999999999873
2025-05-15 05:40:00,2025-05-15 06:25:00,Short,3135.95,3136.885,-0.9350000000004002,SL Hit,3136.885,1,4183.3774999999005,45.0,3.580000000000382,-14.289999999999964
2025-05-15 08:20:00,2025-05-15 10:00:00,Long,3158.2200000000003,3164.6,12.759999999999309,SL Hit,3164.6,2,4196.1374999999,100.0,-10.13000000000011,13.059999999999945
2025-05-15 12:05:00,2025-05-15 12:10:00,Long,3181.34,3180.377499999999,-0.9625000000010004,SL Hit,3180.377499999999,1,4195.174999999899,5.0,-2.5100000000002183,1.0599999999999454
2025-05-15 16:30:00,2025-05-15 17:30:00,Long,3219.3,3218.57,-1.4600000000000364,SL Hit,3218.57,2,4193.714999999899,60.0,-1.1000000000003638,9.059999999999945
2025-05-15 17:35:00,2025-05-15 17:50:00,Short,3221.25,3221.2775000000006,-0.027500000000600267,SL Hit,3221.2775000000006,1,4193.687499999898,15.0,0.8699999999998909,-4.650000000000091
2025-05-15 19:20:00,2025-05-15 23:00:00,Long,3239.3575,3243.96,18.409999999999854,SL Hit,3243.96,4,4212.097499999898,220.0,-14.707499999999982,12.102499999999964
2025-05-16 01:10:00,2025-05-16 02:30:00,Short,3224.5766666666664,3224.88,-0.9100000000012187,SL Hit,3224.88,3,4211.187499999896,80.0,7.313333333333503,-10.766666666666424
2025-05-16 02:45:00,2025-05-16 04:15:00,Short,3214.13,3215.01,-1.7600000000002183,SL Hit,3215.01,2,4209.427499999896,90.0,6.769999999999982,-7.400000000000091
2025-05-16 04:20:00,2025-05-16 05:15:00,Long,3218.0,3218.02,0.03999999999996362,SL Hit,3218.02,2,4209.467499999896,55.0,-4.820000000000164,3.8099999999999454
2025-05-16 05:20:00,2025-05-16 05:35:00,Short,3218.21,3218.21,0.0,SL Hit,3218.21,1,4209.467499999896,15.0,1.4099999999998545,-5.619999999999891
2025-05-16 08:05:00,2025-05-16 09:25:00,Short,3207.745,3208.74,-1.9899999999997817,SL Hit,3208.74,2,4207.477499999896,80.0,2.4549999999999272,-11.724999999999909
2025-05-16 10:15:00,2025-05-16 12:35:00,Short,3189.9350000000004,3178.84,22.19000000000051,SL Hit,3178.84,2,4229.667499999897,140.0,17.504999999999654,-34.48500000000058
2025-05-16 12:45:00,2025-05-16 12:55:00,Long,3178.33,3175.2774999999997,-3.0525000000002365,SL Hit,3175.2774999999997,1,4226.614999999896,10.0,-3.9299999999998363,2.550000000000182
2025-05-16 14:25:00,2025-05-16 15:10:00,Short,3177.0699999999997,3176.57,0.9999999999990905,SL Hit,3176.57,2,4227.614999999895,45.0,2.7600000000002183,-10.729999999999563
2025-05-16 15:25:00,2025-05-16 18:35:00,Long,3183.912857142857,3186.07,15.100000000003092,SL Hit,3186.07,7,4242.714999999898,190.0,-8.652857142856647,7.797142857143172
2025-05-16 19:05:00,2025-05-19 00:50:00,Long,3218.1983333333333,3243.83,153.78999999999996,SL Hit,3243.83,6,4396.504999999898,3225.0,-30.098333333333358,30.691666666666606
2025-05-19 01:00:00,2025-05-19 02:50:00,Short,3236.5866666666666,3226.91,29.0300000000002,SL Hit,3226.91,3,4425.534999999898,110.0,10.033333333333303,-22.166666666666515
2025-05-19 04:10:00,2025-05-19 04:15:00,Short,3210.95,3214.3325,-3.3825000000001637,SL Hit,3214.3325,1,4422.152499999898,5.0,4.160000000000309,-1.2399999999997817
2025-05-19 08:15:00,2025-05-19 08:20:00,Long,3236.21,3235.3299999999995,-0.8800000000005639,SL Hit,3235.3299999999995,1,4421.272499999897,5.0,-1.1399999999998727,2.380000000000109
2025-05-19 11:50:00,2025-05-19 12:00:00,Long,3243.7,3242.8475,-0.8524999999999636,SL Hit,3242.8475,1,4420.419999999897,10.0,-1.8999999999996362,1.8400000000001455
2025-05-19 12:15:00,2025-05-19 14:30:00,Short,3235.74,3233.89,7.399999999999636,SL Hit,3233.89,4,4427.819999999897,135.0,7.570000000000164,-18.109999999999673
2025-05-19 15:00:00,2025-05-19 15:40:00,Long,3234.23,3232.25,-5.940000000000055,SL Hit,3232.25,3,4421.879999999897,40.0,-3.6900000000000546,1.599999999999909
2025-05-19 15:50:00,2025-05-19 16:00:00,Long,3234.735,3230.54,-8.390000000000327,SL Hit,3230.54,2,4413.489999999897,10.0,-5.065000000000055,4.875
2025-05-19 16:05:00,2025-05-19 16:15:00,Short,3230.87,3230.87,0.0,SL Hit,3230.87,1,4413.489999999897,10.0,0.16000000000030923,-2.2100000000000364
2025-05-19 17:55:00,2025-05-19 18:15:00,Short,3226.92,3229.07,-4.300000000000182,SL Hit,3229.07,2,4409.189999999897,20.0,2.8899999999998727,-1.5199999999999818
2025-05-19 19:55:00,2025-05-20 00:00:00,Short,3227.145714285714,3223.67,24.329999999996744,SL Hit,3223.67,7,4433.519999999893,245.0,6.324285714285907,-8.285714285713766
2025-05-20 04:20:00,2025-05-20 04:25:00,Long,3212.78,3212.78,0.0,SL Hit,3212.78,1,4433.519999999893,5.0,-1.180000000000291,1.7899999999999636
2025-05-20 06:15:00,2025-05-20 06:20:00,Long,3216.6,3216.2974999999997,-0.30250000000023647,SL Hit,3216.2974999999997,1,4433.217499999893,5.0,-2.0799999999999272,2.0799999999999272
2025-05-20 06:25:00,2025-05-20 06:40:00,Long,3215.0,3209.8025000000002,-5.1974999999997635,SL Hit,3209.8025000000002,1,4428.019999999893,15.0,-6.300000000000182,0.0500000000001819
2025-05-20 06:50:00,2025-05-20 07:05:00,Short,3209.85,3211.7200000000007,-1.8700000000008004,SL Hit,3211.7200000000007,1,4426.149999999892,15.0,2.0799999999999272,-1.5499999999997272
2025-05-20 08:35:00,2025-05-20 10:10:00,Long,3229.6433333333334,3233.2,10.669999999999163,SL Hit,3233.2,3,4436.8199999998915,95.0,-6.153333333333649,8.97666666666646
2025-05-20 11:10:00,2025-05-20 12:10:00,Long,3238.235,3236.9,-2.6700000000000728,SL Hit,3236.9,2,4434.149999999891,60.0,-2.0850000000000364,3.3849999999997635
2025-05-20 13:15:00,2025-05-20 13:30:00,Short,3237.9,3238.5599999999995,-0.6599999999993997,SL Hit,3238.5599999999995,1,4433.4899999998925,15.0,2.4600000000000364,-3.0
2025-05-20 13:55:00,2025-05-20 15:05:00,Long,3265.025,3274.5,18.949999999999818,SL Hit,3274.5,2,4452.439999999892,70.0,-19.97499999999991,20.19499999999971
2025-05-20 15:55:00,2025-05-20 16:00:00,Short,3277.8,3279.2024999999994,-1.402499999999236,SL Hit,3279.2024999999994,1,4451.037499999893,5.0,1.9299999999998363,-0.9900000000002365
2025-05-20 17:15:00,2025-05-20 17:25:00,Long,3280.81,3280.81,0.0,SL Hit,3280.81,1,4451.037499999893,10.0,-0.5099999999997635,4.0300000000002
2025-05-21 00:30:00,2025-05-21 01:20:00,Long,3298.77,3292.33,-12.88000000000011,SL Hit,3292.33,2,4438.157499999893,50.0,-7.630000000000109,14.960000000000036
2025-05-21 03:25:00,2025-05-21 04:00:00,Long,3306.21,3305.52,-1.3800000000001091,SL Hit,3305.52,2,4436.777499999893,35.0,-2.119999999999891,3.3099999999999454
2025-05-21 05:05:00,2025-05-21 05:25:00,Short,3301.07,3302.0874999999996,-1.0174999999994725,SL Hit,3302.0874999999996,1,4435.759999999893,20.0,1.1599999999998545,-2.9700000000002547
2025-05-21 06:35:00,2025-05-21 07:10:00,Long,3317.41,3313.065,-4.3449999999998,SL Hit,3313.065,1,4431.414999999894,35.0,-5.940000000000055,2.7200000000002547
2025-05-21 07:25:00,2025-05-21 07:30:00,Short,3312.79,3312.79,0.0,SL Hit,3312.79,1,4431.414999999894,5.0,1.300000000000182,-1.849999999999909
2025-05-21 08:05:00,2025-05-21 08:35:00,Short,3307.49,3309.39,-3.800000000000182,SL Hit,3309.39,2,4427.614999999893,30.0,2.1400000000003274,-3.7899999999999636
2025-05-21 09:50:00,2025-05-21 09:55:00,Short,3310.63,3312.335,-1.7049999999999272,SL Hit,3312.335,1,4425.909999999893,5.0,2.480000000000018,-1.2699999999999818
2025-05-21 13:40:00,2025-05-21 13:45:00,Long,3303.1,3300.7075000000004,-2.3924999999994725,SL Hit,3300.7075000000004,1,4423.517499999894,5.0,-3.4299999999998363,3.1399999999998727
2025-05-21 13:50:00,2025-05-21 14:20:00,Short,3300.86,3304.6549999999993,-3.7949999999991633,SL Hit,3304.6549999999993,1,4419.722499999895,30.0,4.039999999999964,-4.970000000000255
2025-05-21 16:15:00,2025-05-21 16:25:00,Long,3312.45,3310.8,-1.6499999999996362,SL Hit,3310.8,1,4418.072499999896,10.0,-2.75,0.41000000000030923
2025-05-21 17:35:00,2025-05-21 17:55:00,Short,3311.4,3314.5899999999997,-3.1899999999996,SL Hit,3314.5899999999997,1,4414.882499999896,20.0,4.7599999999997635,-1.2200000000002547
2025-05-21 19:45:00,2025-05-21 22:00:00,Short,3319.155,3317.72,2.8700000000008004,SL Hit,3317.72,2,4417.752499999897,135.0,4.105000000000018,-6.1550000000002
2025-05-22 03:20:00,2025-05-22 03:45:00,Long,3340.8149999999996,3337.67,-6.289999999999054,SL Hit,3337.67,2,4411.462499999898,25.0,-3.7149999999996908,2.2650000000003274
2025-05-22 03:50:00,2025-05-22 04:45:00,Short,3336.51,3337.4,-1.7799999999997453,SL Hit,3337.4,2,4409.682499999898,55.0,1.7099999999995816,-4.110000000000127
2025-05-22 04:50:00,2025-05-22 05:45:00,Long,3337.1899999999996,3335.3,-3.779999999998836,SL Hit,3335.3,2,4405.902499999899,55.0,-6.899999999999636,1.9600000000004911
2025-05-22 09:05:00,2025-05-22 09:50:00,Short,3310.065,3309.51,1.1099999999996726,SL Hit,3309.51,2,4407.012499999899,45.0,3.0949999999998,-5.045000000000073
2025-05-22 12:55:00,2025-05-22 13:00:00,Short,3304.23,3304.5325000000003,-0.30250000000023647,SL Hit,3304.5325000000003,1,4406.709999999899,5.0,7.329999999999927,-1.0399999999999636
2025-05-22 13:10:00,2025-05-22 13:25:00,Long,3311.69,3310.8925,-0.7975000000001273,SL Hit,3310.8925,1,4405.9124999998985,15.0,-1.8200000000001637,3.1799999999998363
2025-05-22 18:40:00,2025-05-22 18:45:00,Short,3295.14,3295.14,0.0,SL Hit,3295.14,1,4405.9124999998985,5.0,0.0500000000001819,-1.069999999999709
2025-05-22 20:35:00,2025-05-23 00:00:00,Long,3297.4739999999997,3296.3,-5.869999999997617,SL Hit,3296.3,5,4400.042499999901,205.0,-5.373999999999796,3.8960000000001855
2025-05-23 02:25:00,2025-05-23 03:30:00,Short,3296.8900000000003,3299.96,-6.139999999999418,SL Hit,3299.96,2,4393.902499999902,65.0,3.0999999999994543,-5.8400000000001455
2025-05-23 12:35:00,2025-05-23 12:50:00,Long,3353.99,3353.715,-0.2749999999996362,SL Hit,3353.715,1,4393.627499999902,15.0,-3.2399999999997817,5.920000000000073
2025-05-23 13:25:00,2025-05-23 14:15:00,Short,3347.59,3348.39,-1.5999999999994543,SL Hit,3348.39,2,4392.027499999903,50.0,4.699999999999818,-12.480000000000018
2025-05-23 15:55:00,2025-05-23 16:05:00,Long,3360.23,3358.3875,-1.8425000000002,SL Hit,3358.3875,1,4390.184999999903,10.0,-2.6599999999998545,2.0300000000002
2025-05-23 19:05:00,2025-05-23 20:25:00,Short,3363.39,3361.4,7.959999999999127,SL Hit,3361.4,4,4398.144999999902,80.0,2.019999999999982,-5.690000000000055
2025-05-26 01:40:00,2025-05-26 03:10:00,Long,3347.23,3345.88,-4.049999999999727,SL Hit,3345.88,3,4394.094999999903,90.0,-4.670000000000073,8.759999999999764
2025-05-26 03:15:00,2025-05-26 03:45:00,Short,3347.46,3348.4224999999997,-0.9624999999996362,SL Hit,3348.4224999999997,1,4393.132499999903,30.0,1.3299999999999272,-3.7600000000002183
2025-05-26 04:15:00,2025-05-26 04:25:00,Long,3347.4,3347.4,0.0,SL Hit,3347.4,1,4393.132499999903,10.0,-0.16000000000030923,1.4099999999998545
2025-05-26 04:55:00,2025-05-26 05:05:00,Long,3348.87,3348.87,0.0,SL Hit,3348.87,1,4393.132499999903,10.0,-0.9499999999998181,2.4200000000000728
2025-05-26 05:25:00,2025-05-26 05:45:00,Short,3348.81,3348.81,0.0,SL Hit,3348.81,1,4393.132499999903,20.0,0.900000000000091,-4.630000000000109
2025-05-26 06:55:00,2025-05-26 10:00:00,Short,3331.885,3329.22,10.660000000001673,SL Hit,3329.22,4,4403.792499999905,185.0,7.3449999999998,-8.28500000000031
2025-05-26 14:00:00,2025-05-26 14:05:00,Long,3338.13,3338.13,0.0,SL Hit,3338.13,1,4403.792499999905,5.0,-0.849999999999909,2.650000000000091
2025-05-26 14:10:00,2025-05-26 14:25:00,Long,3337.71,3337.17,-1.0799999999999272,SL Hit,3337.17,2,4402.712499999905,15.0,-1.150000000000091,2.630000000000109
2025-05-26 14:55:00,2025-05-26 15:00:00,Short,3336.49,3337.81,-1.3200000000001637,SL Hit,3337.81,1,4401.392499999905,5.0,1.5300000000002,-0.5599999999999454
2025-05-26 16:05:00,2025-05-26 17:25:00,Long,3340.735,3339.6,-4.540000000000873,SL Hit,3339.6,4,4396.8524999999045,80.0,-4.235000000000127,2.3150000000000546
2025-05-26 17:30:00,2025-05-26 17:35:00,Short,3340.71,3341.4249999999993,-0.714999999999236,SL Hit,3341.4249999999993,1,4396.137499999905,5.0,0.7899999999999636,-1.5100000000002183
2025-05-26 18:25:00,2025-05-26 23:45:00,Long,3344.49,3345.3,3.2400000000016007,SL Hit,3345.3,4,4399.377499999907,320.0,-3.419999999999618,3.9900000000002365
2025-05-27 00:45:00,2025-05-27 01:00:00,Short,3344.87,3345.1725,-0.30250000000023647,SL Hit,3345.1725,1,4399.074999999906,15.0,2.1600000000003092,-2.869999999999891
2025-05-27 01:05:00,2025-05-27 01:15:00,Long,3342.45,3338.8750000000005,-3.5749999999993634,Bearish Trade Reversal,3338.8750000000005,1,4395.499999999907,10.0,-2.649999999999636,1.0
2025-05-27 01:15:00,2025-05-27 02:15:00,Short,3338.3450000000003,3341.05,-5.4099999999998545,SL Hit,3341.05,2,4390.089999999907,60.0,3.9849999999996726,-6.345000000000255
2025-05-27 02:40:00,2025-05-27 03:45:00,Long,3342.75,3341.69,-3.1799999999998363,SL Hit,3341.69,3,4386.909999999907,65.0,-2.150000000000091,4.360000000000127
2025-05-27 03:55:00,2025-05-27 06:10:00,Short,3333.31,3328.06,10.5,SL Hit,3328.06,2,4397.409999999907,135.0,8.849999999999909,-16.079999999999927
2025-05-27 06:15:00,2025-05-27 06:30:00,Long,3324.44,3319.2149999999997,-5.225000000000364,SL Hit,3319.2149999999997,1,4392.184999999907,15.0,-6.190000000000055,1.7799999999997453
2025-05-27 09:35:00,2025-05-27 09:40:00,Short,3296.52,3296.7675000000004,-0.24750000000040018,SL Hit,3296.7675000000004,1,4391.937499999906,5.0,0.2699999999999818,-1.5199999999999818
2025-05-27 12:55:00,2025-05-27 13:00:00,Short,3293.31,3295.675,-2.3650000000002365,SL Hit,3295.675,1,4389.572499999906,5.0,4.179999999999836,-0.7999999999997272
2025-05-27 13:10:00,2025-05-27 13:20:00,Long,3296.82,3295.0599999999995,-1.760000000000673,SL Hit,3295.0599999999995,1,4387.812499999905,10.0,-1.8400000000001455,2.2599999999997635
2025-05-27 14:00:00,2025-05-27 14:10:00,Short,3293.31,3297.4075000000007,-4.097500000000764,SL Hit,3297.4075000000007,1,4383.714999999905,10.0,4.5,-6.929999999999836
2025-05-27 15:00:00,2025-05-27 15:15:00,Long,3298.715,3297.5,-2.430000000000291,SL Hit,3297.5,2,4381.284999999904,15.0,-2.8850000000002183,3.9349999999999454
2025-05-27 18:20:00,2025-05-27 18:25:00,Short,3300.32,3300.32,0.0,SL Hit,3300.32,1,4381.284999999904,5.0,0.3999999999996362,-1.180000000000291
2025-05-27 20:50:00,2025-05-27 22:25:00,Short,3302.345,3305.12,-5.550000000000182,SL Hit,3305.12,2,4375.734999999904,95.0,2.9350000000004,-4.044999999999618
2025-05-27 23:10:00,2025-05-28 00:55:00,Long,3308.75,3308.9,0.3000000000001819,SL Hit,3308.9,2,4376.034999999904,105.0,-4.849999999999909,6.829999999999927
2025-05-28 07:05:00,2025-05-28 07:35:00,Long,3309.353333333334,3309.8,1.3399999999987813,SL Hit,3309.8,3,4377.374999999904,30.0,-1.8233333333337214,4.656666666666297
2025-05-28 08:25:00,2025-05-28 08:45:00,Short,3317.89,3319.6500000000005,-1.760000000000673,SL Hit,3319.6500000000005,1,4375.614999999903,20.0,2.6200000000003456,-2.4099999999998545
2025-05-28 13:10:00,2025-05-28 16:10:00,Short,3301.525,3296.45,30.450000000001637,SL Hit,3296.45,6,4406.064999999905,180.0,8.275000000000091,-8.625
2025-05-28 16:40:00,2025-05-28 17:10:00,Short,3294.12,3294.12,0.0,SL Hit,3294.12,1,4406.064999999905,30.0,1.0799999999999272,-4.599999999999909
2025-05-28 18:05:00,2025-05-28 19:05:00,Long,3299.48,3299.36,-0.23999999999978172,SL Hit,3299.36,2,4405.824999999905,60.0,-2.380000000000109,3.150000000000091
2025-05-29 03:50:00,2025-05-29 04:00:00,Long,3275.21,3273.67,-1.5399999999999636,SL Hit,3273.67,1,4404.284999999905,10.0,-1.8800000000001091,1.4899999999997817
2025-05-29 04:30:00,2025-05-29 05:55:00,Short,3272.5899999999997,3271.75,3.359999999998763,SL Hit,3271.75,4,4407.644999999904,85.0,2.350000000000364,-6.2599999999997635
2025-05-29 09:20:00,2025-05-29 09:30:00,Short,3279.32,3279.5124999999994,-0.19249999999919964,SL Hit,3279.5124999999994,1,4407.452499999905,10.0,1.9600000000000364,-2.9900000000002365
2025-05-29 11:00:00,2025-05-29 11:05:00,Long,3296.7,3296.59,-0.10999999999967258,SL Hit,3296.59,1,4407.342499999905,5.0,-0.29999999999972715,2.5
2025-05-29 13:25:00,2025-05-29 13:35:00,Long,3318.1,3314.5525,-3.5475000000001273,SL Hit,3314.5525,1,4403.7949999999055,10.0,-3.5599999999999454,3.680000000000291
2025-05-29 14:35:00,2025-05-29 15:05:00,Short,3310.24,3315.0525,-4.8125,SL Hit,3315.0525,1,4398.9824999999055,30.0,6.5600000000004,-4.989999999999782
2025-05-29 15:40:00,2025-05-29 16:45:00,Long,3319.763333333334,3324.3,13.609999999999218,SL Hit,3324.3,3,4412.592499999904,65.0,-4.843333333333703,10.486666666666224
2025-05-29 17:35:00,2025-05-29 17:40:00,Short,3320.41,3321.2074999999995,-0.7974999999996726,SL Hit,3321.2074999999995,1,4411.794999999905,5.0,1.1700000000000728,-1.2899999999999636
2025-05-29 20:15:00,2025-05-29 20:20:00,Short,3315.86,3315.86,0.0,SL Hit,3315.86,1,4411.794999999905,5.0,0.6199999999998909,-0.5799999999999272
2025-05-29 22:05:00,2025-05-29 22:10:00,Long,3316.2,3315.925,-0.2749999999996362,SL Hit,3315.925,1,4411.519999999905,5.0,-1.199999999999818,1.4600000000000364
2025-05-29 22:15:00,2025-05-29 23:25:00,Short,3315.495,3315.52,-0.1000000000003638,SL Hit,3315.52,4,4411.419999999905,70.0,2.1950000000001637,-3.0949999999998
2025-05-30 00:30:00,2025-05-30 00:45:00,Short,3313.07,3313.62,-0.5499999999997272,SL Hit,3313.62,1,4410.869999999904,15.0,0.7300000000000182,-3.8700000000003456
2025-05-30 01:05:00,2025-05-30 01:40:00,Long,3312.62,3310.8875,-1.7325000000000728,SL Hit,3310.8875,1,4409.137499999904,35.0,-1.7999999999997272,9.590000000000146
2025-05-30 02:00:00,2025-05-30 05:00:00,Short,3301.7259999999997,3295.3,32.12999999999738,SL Hit,3295.3,5,4441.267499999902,180.0,10.154000000000451,-10.14599999999973
2025-05-30 05:10:00,2025-05-30 05:20:00,Short,3292.08,3295.4075000000003,-3.3275000000003274,SL Hit,3295.4075000000003,1,4437.939999999901,10.0,3.3400000000001455,-1.8299999999999272
2025-05-30 07:05:00,2025-05-30 08:05:00,Short,3294.9300000000003,3296.91,-5.93999999999869,SL Hit,3296.91,3,4431.999999999903,60.0,4.019999999999527,-6.160000000000309
2025-05-30 08:10:00,2025-05-30 09:30:00,Long,3296.1633333333334,3293.9,-6.789999999999964,SL Hit,3293.9,3,4425.209999999903,80.0,-3.733333333333576,2.6566666666667516
2025-05-30 10:35:00,2025-05-30 12:10:00,Short,3294.08,3294.21,-0.3900000000003274,SL Hit,3294.21,3,4424.819999999902,95.0,11.7800000000002,-6.799999999999727
2025-05-30 15:20:00,2025-05-30 16:30:00,Long,3287.37,3286.6,-1.5399999999999636,SL Hit,3286.6,2,4423.279999999902,70.0,-2.9899999999997817,5.150000000000091
2025-06-01 23:55:00,2025-06-02 00:00:00,Short,3310.86,3311.3825,-0.5225000000000364,SL Hit,3311.3825,1,4422.757499999902,5.0,0.9800000000000182,-2.3600000000001273
2025-06-02 00:10:00,2025-06-02 00:20:00,Long,3311.55,3311.55,0.0,SL Hit,3311.55,1,4422.757499999902,10.0,-1.3500000000003638,2.7100000000000364
2025-06-02 03:00:00,2025-06-02 03:20:00,Short,3306.91,3307.7350000000006,-0.8250000000007276,SL Hit,3307.7350000000006,1,4421.932499999902,20.0,1.180000000000291,-3.0099999999997635
2025-06-02 05:40:00,2025-06-02 08:25:00,Long,3339.714,3351.03,56.58000000000129,SL Hit,3351.03,5,4478.5124999999025,165.0,-20.453999999999724,18.646000000000186
2025-06-02 08:30:00,2025-06-02 08:35:00,Short,3351.92,3351.92,0.0,SL Hit,3351.92,1,4478.5124999999025,5.0,2.0099999999997635,-1.4700000000002547
2025-06-02 09:05:00,2025-06-02 10:20:00,Short,3347.885,3348.97,-2.1699999999991633,SL Hit,3348.97,2,4476.342499999903,75.0,3.5849999999995816,-3.0350000000003092
2025-06-02 12:10:00,2025-06-02 12:20:00,Short,3358.36,3360.6149999999993,-2.2549999999991996,Bullish Trade Reversal,3360.6149999999993,1,4474.087499999904,10.0,4.190000000000055,-1.25
2025-06-02 12:20:00,2025-06-02 12:50:00,Long,3359.39,3356.42,-2.9699999999998,SL Hit,3356.42,1,4471.117499999904,30.0,-3.4200000000000728,3.800000000000182
2025-06-02 13:15:00,2025-06-02 13:35:00,Short,3355.7,3357.42,-3.4400000000005093,SL Hit,3357.42,2,4467.677499999903,20.0,3.980000000000018,-3.949999999999818
2025-06-02 14:25:00,2025-06-02 16:10:00,Long,3374.2333333333336,3372.74,-4.480000000001382,SL Hit,3372.74,3,4463.197499999902,105.0,-3.5033333333335577,4.796666666666624
2025-06-02 16:15:00,2025-06-02 16:25:00,Short,3372.97,3372.97,0.0,SL Hit,3372.97,1,4463.197499999902,10.0,0.25,-2.480000000000018
2025-06-02 17:55:00,2025-06-02 18:00:00,Long,3373.65,3372.7699999999995,-0.8800000000005639,SL Hit,3372.7699999999995,1,4462.317499999901,5.0,-2.550000000000182,0.6900000000000546
2025-06-02 18:30:00,2025-06-02 18:35:00,Short,3371.8,3372.8449999999993,-1.0449999999991633,SL Hit,3372.8449999999993,1,4461.272499999902,5.0,1.419999999999618,-0.5199999999999818
2025-06-02 20:50:00,2025-06-02 23:25:00,Long,3384.4075000000003,3387.2,11.169999999998254,SL Hit,3387.2,4,4472.4424999999,155.0,-4.607500000000073,6.5324999999998
